,__trial_index__,batch_size,column_lambda,embedding_size,entropy_lambda,fc_num,fc_num2,fc_size,fc_size2,lr,score,timestamp,path
322,3,8,5737912.154,8,4326921.346,1,2,8,8,0.015057488,0.315057069,1709395889,"./train_model_95c50b6e_124_trial_index=3,batch_size=8,column_lambda=5737912.1538,embedding_size=8,entropy_lambda=4326921.3461,fc_num_2024-03-02_09-25-29"
470,3,64,1739.225528,16,59.70288162,3,3,4,16,0.008708011,0.109475374,1709488304,"./train_model_dc01e5fa_292_trial_index=3,batch_size=64,column_lambda=1739.2255,embedding_size=16,entropy_lambda=59.7029,fc_num=3,fc__2024-03-03_07-23-04"
499,0,32,26.19695322,8,4781.014217,3,3,8,64,0.00616191,0.225658894,1709381653,"./train_model_a01080aa_77_trial_index=0,batch_size=32,column_lambda=26.1970,embedding_size=8,entropy_lambda=4781.0142,fc_num=3,fc_nu_2024-03-02_03-44-31"
496,3,4,619390.7549,8,340493.5689,2,1,4,8,0.039210042,0.222864702,1709356432,"./train_model_5f51539b_32_trial_index=3,batch_size=4,column_lambda=619390.7549,embedding_size=8,entropy_lambda=340493.5689,fc_num=2,_2024-03-01_22-07-51"
428,1,4,19532.89284,4,553756.161,1,1,4,8,0.090027984,0.359649301,1709349724,"./train_model_57fe91e9_18_trial_index=1,batch_size=4,column_lambda=19532.8928,embedding_size=4,entropy_lambda=553756.1610,fc_num=1,f_2024-03-01_20-22-51"
217,1,8,70.59939848,16,6670804.436,2,3,32,4,0.036055347,0.624827206,1709354194,"./train_model_a7e682fd_26_trial_index=1,batch_size=8,column_lambda=70.5994,embedding_size=16,entropy_lambda=6670804.4364,fc_num=2,fc_2024-03-01_20-58-02"
309,1,16,7698.314528,64,5170611.593,3,1,32,8,0.024600979,0.630932093,1709443680,"./train_model_24b893eb_214_trial_index=1,batch_size=16,column_lambda=7698.3145,embedding_size=64,entropy_lambda=5170611.5933,fc_num=_2024-03-02_22-08-30"
18,1,4,580082.939,16,179.1332587,2,1,4,4,0.067483609,0.624832511,1709421026,"./train_model_3107c4b3_166_trial_index=1,batch_size=4,column_lambda=580082.9390,embedding_size=16,entropy_lambda=179.1333,fc_num=2,f_2024-03-02_17-05-39"
167,1,16,5935852.431,32,589190.5786,1,1,4,64,0.076815378,0.626395524,1709471475,"./train_model_87cb5124_294_trial_index=1,batch_size=16,column_lambda=5935852.4306,embedding_size=32,entropy_lambda=589190.5786,fc_nu_2024-03-03_07-31-29"
205,0,32,36.17975349,4,1.428347858,3,3,32,8,0.00200366,0.282125235,1709352629,"./train_model_13a6d425_1_trial_index=0,batch_size=32,column_lambda=36.1798,embedding_size=4,entropy_lambda=1.4283,fc_num=3,fc_num2=3_2024-03-01_19-15-26"
299,2,16,17247.09889,32,105.9859644,2,1,4,32,0.041054234,0.629816055,1709489262,"./train_model_facc8326_327_trial_index=2,batch_size=16,column_lambda=17247.0989,embedding_size=32,entropy_lambda=105.9860,fc_num=2,f_2024-03-03_12-19-38"
434,3,64,2255.354586,64,4.037139696,3,2,8,32,0.028473599,0.544442594,1709506985,"./train_model_f98b4cac_368_trial_index=3,batch_size=64,column_lambda=2255.3546,embedding_size=64,entropy_lambda=4.0371,fc_num=3,fc_n_2024-03-03_17-21-53"
403,1,32,234.5952717,64,471.6743881,3,2,4,32,0.041707829,0.64364171,1709533161,"./train_model_272a2df0_434_trial_index=1,batch_size=32,column_lambda=234.5953,embedding_size=64,entropy_lambda=471.6744,fc_num=3,fc__2024-03-04_00-43-06"
287,1,16,21448033.29,4,747580.2008,3,2,8,16,0.036880259,0.426610142,1709416044,"./train_model_12dc8145_158_trial_index=1,batch_size=16,column_lambda=21448033.2909,embedding_size=4,entropy_lambda=747580.2008,fc_nu_2024-03-02_15-47-55"
178,0,32,52380.36634,16,997768.1156,2,2,4,4,0.005356483,0.684594512,1709432497,"./train_model_71e35fa2_197_trial_index=0,batch_size=32,column_lambda=52380.3663,embedding_size=16,entropy_lambda=997768.1156,fc_num=_2024-03-02_20-27-54"
131,2,64,69456220.34,32,188.7486537,2,1,4,32,0.006551046,0.635006309,1709366307,"./train_model_38af3efe_67_trial_index=2,batch_size=64,column_lambda=69456220.3397,embedding_size=32,entropy_lambda=188.7487,fc_num=2_2024-03-02_02-17-54"
249,2,32,5.935913369,4,35907.72816,2,1,4,64,0.004635226,0.663174212,1709430751,"./train_model_2485fb86_191_trial_index=2,batch_size=32,column_lambda=5.9359,embedding_size=4,entropy_lambda=35907.7282,fc_num=2,fc_n_2024-03-02_19-49-23"
471,2,16,59.17399013,4,21.15233103,1,3,64,32,0.005323502,0.743668437,1709382185,"./train_model_fb07bf3e_91_trial_index=2,batch_size=16,column_lambda=59.1740,embedding_size=4,entropy_lambda=21.1523,fc_num=1,fc_num2_2024-03-02_06-27-12"
359,0,4,952610.6875,4,6.73487474,2,1,16,8,0.008662855,0.228626192,1709444001,"./train_model_76e576c3_221_trial_index=0,batch_size=4,column_lambda=952610.6875,embedding_size=4,entropy_lambda=6.7349,fc_num=2,fc_n_2024-03-02_22-32-51"
247,3,64,19464.82103,8,1554.725179,1,2,32,16,0.001318027,0.715584517,1709392867,"./train_model_abcd89d6_108_trial_index=3,batch_size=64,column_lambda=19464.8210,embedding_size=8,entropy_lambda=1554.7252,fc_num=1,f_2024-03-02_08-00-46"
482,1,8,3761821.887,32,2836268.545,3,2,16,4,0.063495654,0.629953384,1709371384,"./train_model_e825f120_74_trial_index=1,batch_size=8,column_lambda=3761821.8869,embedding_size=32,entropy_lambda=2836268.5453,fc_num_2024-03-02_03-22-21"
242,2,32,45952.47902,4,39754242.29,3,1,8,8,0.0041162,1.0163939,1709451000,"./train_model_c0cae5c7_243_trial_index=2,batch_size=32,column_lambda=45952.4790,embedding_size=4,entropy_lambda=39754242.2905,fc_num_2024-03-03_01-32-03"
185,0,64,89.80483144,4,26799.21695,2,1,16,64,0.002073611,1.730782986,1709457743,"./train_model_fcfac864_253_trial_index=0,batch_size=64,column_lambda=89.8048,embedding_size=4,entropy_lambda=26799.2170,fc_num=2,fc__2024-03-03_03-10-32"
327,0,8,1079599.264,32,93.6702465,2,3,32,4,0.008290892,0.712412894,1709525156,"./train_model_206db1b0_413_trial_index=0,batch_size=8,column_lambda=1079599.2640,embedding_size=32,entropy_lambda=93.6702,fc_num=2,f_2024-03-03_22-15-26"
415,3,16,12.34910516,16,18753.22065,2,3,8,64,0.002651227,1.497818828,1709357465,"./train_model_e6344e8f_44_trial_index=3,batch_size=16,column_lambda=12.3491,embedding_size=16,entropy_lambda=18753.2206,fc_num=2,fc__2024-03-01_23-32-10"
268,1,4,3.728156556,16,5.89847564,3,2,4,16,0.002235568,0.030825626,1709481856,"./train_model_f917bab1_258_trial_index=1,batch_size=4,column_lambda=3.7282,embedding_size=16,entropy_lambda=5.8985,fc_num=3,fc_num2=_2024-03-03_03-35-17"
54,3,32,1620.971282,16,45.01205889,2,3,32,4,0.025429053,0.62900728,1709548462,"./train_model_ad4067eb_472_trial_index=3,batch_size=32,column_lambda=1620.9713,embedding_size=16,entropy_lambda=45.0121,fc_num=2,fc__2024-03-04_04-21-40"
8,0,16,548.1395389,32,5.755805017,1,2,16,64,8.68E-05,1.664705634,1709418887,"./train_model_763ff995_137_trial_index=0,batch_size=16,column_lambda=548.1395,embedding_size=32,entropy_lambda=5.7558,fc_num=1,fc_nu_2024-03-02_10-54-26"
40,0,4,136.8679632,16,2630968.233,3,2,32,8,0.003558707,0.123081163,1709465049,"./train_model_cce28ffb_261_trial_index=0,batch_size=4,column_lambda=136.8680,embedding_size=16,entropy_lambda=2630968.2327,fc_num=3,_2024-03-03_04-22-23"
360,0,16,111.8113653,4,7402355.234,2,1,64,64,0.002778651,4.713169098,1709536110,"./train_model_91b6e5e6_445_trial_index=0,batch_size=16,column_lambda=111.8114,embedding_size=4,entropy_lambda=7402355.2340,fc_num=2,_2024-03-04_01-23-13"
210,1,32,12467419.38,8,15.35517653,3,3,32,8,0.001085042,6.581685543,1709435283,"./train_model_15167e4d_206_trial_index=1,batch_size=32,column_lambda=12467419.3827,embedding_size=8,entropy_lambda=15.3552,fc_num=3,_2024-03-02_21-33-08"
472,2,32,287.3685785,16,9.996687256,3,1,16,8,0.00162185,4.926596165,1709468285,"./train_model_68587f44_279_trial_index=2,batch_size=32,column_lambda=287.3686,embedding_size=16,entropy_lambda=9.9967,fc_num=3,fc_nu_2024-03-03_06-24-09"
112,1,8,437322.8564,8,1557.702237,1,2,4,32,0.000538576,4.907224178,1709383567,"./train_model_5502dfa0_94_trial_index=1,batch_size=8,column_lambda=437322.8564,embedding_size=8,entropy_lambda=1557.7022,fc_num=1,fc_2024-03-02_06-59-31"
261,2,4,1.485894825,16,235.0971524,1,3,8,64,0.081937132,0.629697382,1709345055,"./train_model_ad907801_11_trial_index=2,batch_size=4,column_lambda=1.4859,embedding_size=16,entropy_lambda=235.0972,fc_num=1,fc_num2_2024-03-01_19-15-54"
375,2,32,9938663.93,4,20685280.87,1,3,16,8,0.000448951,5.657459259,1709552759,"./train_model_7ccdfd76_483_trial_index=2,batch_size=32,column_lambda=9938663.9299,embedding_size=4,entropy_lambda=20685280.8662,fc_n_2024-03-04_05-34-22"
195,2,16,207.4682522,4,632.0211672,2,1,4,16,0.000292189,4.822088242,1709548263,"./train_model_acb55b33_475_trial_index=2,batch_size=16,column_lambda=207.4683,embedding_size=4,entropy_lambda=632.0212,fc_num=2,fc_n_2024-03-04_04-33-26"
365,1,16,10277026.65,8,1168347.547,2,2,16,8,0.000413342,8.688774109,1709453432,"./train_model_7661d2a5_246_trial_index=1,batch_size=16,column_lambda=10277026.6481,embedding_size=8,entropy_lambda=1168347.5468,fc_n_2024-03-03_02-16-11"
272,1,32,3.346435693,32,140522.3834,3,2,32,32,0.001298961,4.220861435,1709515402,"./train_model_7baba50a_386_trial_index=1,batch_size=32,column_lambda=3.3464,embedding_size=32,entropy_lambda=140522.3834,fc_num=3,fc_2024-03-03_18-58-00"
34,2,4,66.86082721,4,1.037667102,1,1,64,32,6.58E-06,8.683595657,1709538346,"./train_model_76c1e90a_391_trial_index=2,batch_size=4,column_lambda=66.8608,embedding_size=4,entropy_lambda=1.0377,fc_num=1,fc_num2=_2024-03-03_19-11-50"
290,2,16,47889.74483,4,6643.796435,3,3,4,8,1.57E-06,17.7681179,1709343000,"./train_model_6e82f3eb_7_trial_index=2,batch_size=16,column_lambda=47889.7448,embedding_size=4,entropy_lambda=6643.7964,fc_num=3,fc__2024-03-01_19-15-42"
238,1,32,113.350009,64,2870.640851,2,3,32,64,0.000974581,16.74108124,1709510235,"./train_model_6881927c_378_trial_index=1,batch_size=32,column_lambda=113.3500,embedding_size=64,entropy_lambda=2870.6409,fc_num=2,fc_2024-03-03_17-55-38"
425,3,8,58076.40772,8,38.24155727,2,2,8,8,0.00078178,20.85477638,1709445438,"./train_model_d0812f6a_228_trial_index=3,batch_size=8,column_lambda=58076.4077,embedding_size=8,entropy_lambda=38.2416,fc_num=2,fc_n_2024-03-03_00-03-43"
10,2,64,1092.879259,4,4667186.78,3,1,32,32,3.57E-05,22.65517044,1709434612,"./train_model_a26da667_195_trial_index=2,batch_size=64,column_lambda=1092.8793,embedding_size=4,entropy_lambda=4667186.7798,fc_num=3_2024-03-02_20-23-30"
222,3,32,82996.63,16,2039183.783,1,1,64,4,2.08E-05,17.84854889,1709495056,"./train_model_1523b050_336_trial_index=3,batch_size=32,column_lambda=82996.6300,embedding_size=16,entropy_lambda=2039183.7834,fc_num_2024-03-03_13-07-42"
278,2,8,15667164.35,4,212419.4265,3,1,64,32,0.0005476,5.861888409,1709508556,"./train_model_eb01f819_371_trial_index=2,batch_size=8,column_lambda=15667164.3462,embedding_size=4,entropy_lambda=212419.4265,fc_num_2024-03-03_17-27-45"
312,2,32,4474.967775,4,58.95630571,2,2,32,64,1.07E-05,25.59534073,1709368408,"./train_model_5d2e088d_55_trial_index=2,batch_size=32,column_lambda=4474.9678,embedding_size=4,entropy_lambda=58.9563,fc_num=2,fc_nu_2024-03-02_00-14-16"
284,1,16,11741049.32,8,1647.464307,2,3,4,8,2.44E-06,27.44908905,1709475839,"./train_model_d992be2f_302_trial_index=1,batch_size=16,column_lambda=11741049.3186,embedding_size=8,entropy_lambda=1647.4643,fc_num=_2024-03-03_08-37-58"
481,0,4,15863.31885,16,46900411.24,2,2,64,8,0.000397439,23.38119316,1709529991,"./train_model_6eac8fbf_425_trial_index=0,batch_size=4,column_lambda=15863.3189,embedding_size=16,entropy_lambda=46900411.2350,fc_num_2024-03-03_23-19-59"
24,1,4,382.4900304,64,59.64407746,3,2,16,16,0.023614931,0.353046954,1709454042,"./train_model_7d5b5885_230_trial_index=1,batch_size=4,column_lambda=382.4900,embedding_size=64,entropy_lambda=59.6441,fc_num=3,fc_nu_2024-03-03_00-28-00"
189,2,64,85439.15538,32,111.423958,3,3,8,64,3.07E-06,45.87725449,1709391742,"./train_model_342b125a_119_trial_index=2,batch_size=64,column_lambda=85439.1554,embedding_size=32,entropy_lambda=111.4240,fc_num=3,f_2024-03-02_09-17-28"
151,2,4,402.5633617,32,1.567835902,2,3,64,8,4.74E-06,30.83269501,1709445315,"./train_model_c5f6a718_151_trial_index=2,batch_size=4,column_lambda=402.5634,embedding_size=32,entropy_lambda=1.5678,fc_num=2,fc_num_2024-03-02_13-08-04"
405,0,16,61730.79739,4,720392.3485,3,1,4,4,0.000452946,5.619029522,1709498447,"./train_model_2f968be3_341_trial_index=0,batch_size=16,column_lambda=61730.7974,embedding_size=4,entropy_lambda=720392.3485,fc_num=3_2024-03-03_13-57-18"
47,2,64,72023.76066,8,2.460250832,3,3,32,4,3.03E-05,42.98160553,1709505287,"./train_model_9925c6a7_363_trial_index=2,batch_size=64,column_lambda=72023.7607,embedding_size=8,entropy_lambda=2.4603,fc_num=3,fc_n_2024-03-03_16-57-43"
45,1,4,15952351.42,16,647.2856366,2,2,8,16,0.000308326,0.289841205,1709464513,"./train_model_64baecc0_250_trial_index=1,batch_size=4,column_lambda=15952351.4192,embedding_size=16,entropy_lambda=647.2856,fc_num=2_2024-03-03_02-37-40"
110,2,32,456.5450672,8,9396.890066,2,2,16,16,0.040045395,0.452598929,1709405775,"./train_model_4d63e08f_147_trial_index=2,batch_size=32,column_lambda=456.5451,embedding_size=8,entropy_lambda=9396.8901,fc_num=2,fc__2024-03-02_12-34-14"
269,0,32,27342.48406,32,942.8267609,2,2,16,64,0.000229664,46.8203125,1709434685,"./train_model_c50d6b11_201_trial_index=0,batch_size=32,column_lambda=27342.4841,embedding_size=32,entropy_lambda=942.8268,fc_num=2,f_2024-03-02_20-52-31"
394,0,16,5215.927932,8,94374.02991,3,2,32,64,6.28E-05,33.19840622,1709522192,"./train_model_7fcf572e_401_trial_index=0,batch_size=16,column_lambda=5215.9279,embedding_size=8,entropy_lambda=94374.0299,fc_num=3,f_2024-03-03_20-49-00"
304,3,8,156115.59,4,565.2540567,2,3,8,16,7.30E-05,49.29434204,1709395092,"./train_model_4c15a187_128_trial_index=3,batch_size=8,column_lambda=156115.5900,embedding_size=4,entropy_lambda=565.2541,fc_num=2,fc_2024-03-02_10-02-22"
243,0,8,456.353623,32,1.478659077,1,3,8,4,7.45E-07,66.15000916,1709468584,"./train_model_d24635a0_281_trial_index=0,batch_size=8,column_lambda=456.3536,embedding_size=32,entropy_lambda=1.4787,fc_num=1,fc_num_2024-03-03_06-34-09"
196,0,32,2273.26392,4,6615.888386,3,3,16,8,1.89E-05,55.98811722,1709428137,"./train_model_8cb14476_185_trial_index=0,batch_size=32,column_lambda=2273.2639,embedding_size=4,entropy_lambda=6615.8884,fc_num=3,fc_2024-03-02_18-58-10"
340,3,64,1019.279554,64,16.64303248,1,2,64,8,1.15E-08,65.83000183,1709357325,"./train_model_7e9dbb36_48_trial_index=3,batch_size=64,column_lambda=1019.2796,embedding_size=64,entropy_lambda=16.6430,fc_num=1,fc_n_2024-03-01_23-54-32"
341,0,32,57557316.78,16,819.7212211,1,2,8,16,0.000324932,26.01028061,1709464955,"./train_model_acc5c7a2_273_trial_index=0,batch_size=32,column_lambda=57557316.7797,embedding_size=16,entropy_lambda=819.7212,fc_num=_2024-03-03_05-48-31"
19,2,32,3539.365465,8,3.816582497,3,1,8,32,0.000117988,114.2175064,1709541831,"./train_model_b35ebbf6_459_trial_index=2,batch_size=32,column_lambda=3539.3655,embedding_size=8,entropy_lambda=3.8166,fc_num=3,fc_nu_2024-03-04_03-02-29"
443,3,8,1960.125009,64,4557680.392,3,2,64,8,1.98E-05,27.64985847,1709480477,"./train_model_9fef17f8_288_trial_index=3,batch_size=8,column_lambda=1960.1250,embedding_size=64,entropy_lambda=4557680.3919,fc_num=3_2024-03-03_07-13-02"
68,0,32,1964.83131,8,411680.229,3,3,64,8,1.95E-08,125.3525696,1709440429,"./train_model_d786102f_217_trial_index=0,batch_size=32,column_lambda=1964.8313,embedding_size=8,entropy_lambda=411680.2290,fc_num=3,_2024-03-02_22-18-19"
107,0,32,1.829448321,64,461.3197403,1,1,4,32,0.033465611,4.47061491,1709510447,"./train_model_dc923b84_381_trial_index=0,batch_size=32,column_lambda=1.8294,embedding_size=64,entropy_lambda=461.3197,fc_num=1,fc_nu_2024-03-03_18-22-21"
392,2,4,90.20168952,4,224.8404234,1,1,32,32,5.20E-06,147.5202942,1709502135,"./train_model_0604cedf_331_trial_index=2,batch_size=4,column_lambda=90.2017,embedding_size=4,entropy_lambda=224.8404,fc_num=1,fc_num_2024-03-03_12-38-28"
371,3,64,3163.727642,16,3160.706467,3,3,8,16,7.46E-06,46.04711914,1709500850,"./train_model_62f8b9bd_340_trial_index=3,batch_size=64,column_lambda=3163.7276,embedding_size=16,entropy_lambda=3160.7065,fc_num=3,f_2024-03-03_13-56-47"
41,3,4,1.095757642,64,83064857.33,1,3,64,16,0.050392515,0.624853432,1709549667,"./train_model_b9954449_464_trial_index=3,batch_size=4,column_lambda=1.0958,embedding_size=64,entropy_lambda=83064857.3271,fc_num=1,f_2024-03-04_03-37-53"
323,0,64,12136.53259,64,4.305926853,1,1,4,16,2.01E-08,275.3172302,1709552008,"./train_model_6161e39a_485_trial_index=0,batch_size=64,column_lambda=12136.5326,embedding_size=64,entropy_lambda=4.3059,fc_num=1,fc__2024-03-04_05-54-27"
128,3,4,8208.169616,16,3385795.83,3,3,4,64,2.91E-06,157.9355164,1709374162,"./train_model_1f7f6362_72_trial_index=3,batch_size=4,column_lambda=8208.1696,embedding_size=16,entropy_lambda=3385795.8303,fc_num=3,_2024-03-02_03-06-06"
33,2,16,162974.7559,64,375.3558595,1,3,32,4,1.34E-05,297.8469238,1709524496,"./train_model_b763a724_411_trial_index=2,batch_size=16,column_lambda=162974.7559,embedding_size=64,entropy_lambda=375.3559,fc_num=1,_2024-03-03_22-13-52"
135,3,8,569609.8431,64,1.044038053,3,2,8,8,4.73E-05,304.0041809,1709519873,"./train_model_ef427763_400_trial_index=3,batch_size=8,column_lambda=569609.8431,embedding_size=64,entropy_lambda=1.0440,fc_num=3,fc__2024-03-03_20-43-36"
216,3,16,1.440682802,4,2970810.999,2,3,4,64,3.51E-07,104.1591339,1709366768,"./train_model_c43aa432_64_trial_index=3,batch_size=16,column_lambda=1.4407,embedding_size=4,entropy_lambda=2970810.9991,fc_num=2,fc__2024-03-02_01-17-55"
78,3,16,11.79082057,32,631.2925066,1,3,16,8,3.09E-06,135.8181,1709520516,"./train_model_85328614_376_trial_index=3,batch_size=16,column_lambda=11.7908,embedding_size=32,entropy_lambda=631.2925,fc_num=1,fc_n_2024-03-03_17-43-06"
61,3,32,113058.6407,8,58.65553529,2,3,64,32,5.13E-08,236.7350464,1709503752,"./train_model_7bb43820_356_trial_index=3,batch_size=32,column_lambda=113058.6407,embedding_size=8,entropy_lambda=58.6555,fc_num=2,fc_2024-03-03_16-31-28"
484,2,64,12787492.28,16,25.69837527,1,2,16,4,4.09E-05,69.59008026,1709390868,"./train_model_365a2806_115_trial_index=2,batch_size=64,column_lambda=12787492.2779,embedding_size=16,entropy_lambda=25.6984,fc_num=1_2024-03-02_09-03-55"
228,0,16,2.916329053,8,8.582792352,1,3,4,8,5.70E-06,345.2148132,1709351756,"./train_model_7ea8103f_33_trial_index=0,batch_size=16,column_lambda=2.9163,embedding_size=8,entropy_lambda=8.5828,fc_num=1,fc_num2=3_2024-03-01_22-18-02"
379,2,16,1648.990193,64,33.19089213,2,2,32,16,2.69E-07,317.09729,1709526926,"./train_model_2e0a2d97_419_trial_index=2,batch_size=16,column_lambda=1648.9902,embedding_size=64,entropy_lambda=33.1909,fc_num=2,fc__2024-03-03_22-54-56"
474,0,4,11577520.75,4,854.3615864,3,1,64,8,4.36E-06,352.2596436,1709540962,"./train_model_0cf82745_453_trial_index=0,batch_size=4,column_lambda=11577520.7523,embedding_size=4,entropy_lambda=854.3616,fc_num=3,_2024-03-04_02-12-14"
381,2,16,2.580335538,8,35.17425674,1,3,4,64,1.65E-08,221.3686066,1709420559,"./train_model_3503605c_171_trial_index=2,batch_size=16,column_lambda=2.5803,embedding_size=8,entropy_lambda=35.1743,fc_num=1,fc_num2_2024-03-02_17-21-43"
427,1,64,4207331.904,64,836.05773,1,3,64,64,4.48E-06,370.3303833,1709522098,"./train_model_febba125_406_trial_index=1,batch_size=64,column_lambda=4207331.9037,embedding_size=64,entropy_lambda=836.0577,fc_num=1_2024-03-03_21-35-19"
127,2,64,16978486.18,32,136.2643832,1,1,8,8,0.000106488,297.911438,1709354093,"./train_model_9d7d41f9_39_trial_index=2,batch_size=64,column_lambda=16978486.1837,embedding_size=32,entropy_lambda=136.2644,fc_num=1_2024-03-01_22-58-53"
353,1,32,26420642.21,4,22.05880931,1,3,8,16,6.43E-07,290.9663391,1709462483,"./train_model_37ae77c8_266_trial_index=1,batch_size=32,column_lambda=26420642.2148,embedding_size=4,entropy_lambda=22.0588,fc_num=1,_2024-03-03_05-08-24"
446,2,16,5.480028279,64,925.6685886,2,3,16,16,5.67E-06,53.26340103,1709560106,"./train_model_bc5c3763_479_trial_index=2,batch_size=16,column_lambda=5.4800,embedding_size=64,entropy_lambda=925.6686,fc_num=2,fc_nu_2024-03-04_05-13-35"
85,0,32,775.352931,4,1.243374304,3,1,4,16,6.69E-07,567.736145,1709396102,"./train_model_cbd45734_133_trial_index=0,batch_size=32,column_lambda=775.3529,embedding_size=4,entropy_lambda=1.2434,fc_num=3,fc_num_2024-03-02_10-37-01"
159,0,8,6.146119716,32,1205.226224,2,3,4,8,1.39E-05,148.9487762,1709482837,"./train_model_760ba348_313_trial_index=0,batch_size=8,column_lambda=6.1461,embedding_size=32,entropy_lambda=1205.2262,fc_num=2,fc_nu_2024-03-03_09-29-10"
490,1,64,460.4795262,16,1.549476188,2,2,64,64,1.54E-05,602.2145386,1709447169,"./train_model_622fa360_234_trial_index=1,batch_size=64,column_lambda=460.4795,embedding_size=16,entropy_lambda=1.5495,fc_num=2,fc_nu_2024-03-03_00-40-18"
439,2,32,43140912.38,64,23.0090631,3,2,8,8,1.12E-07,331.0220032,1709474719,"./train_model_69153e82_299_trial_index=2,batch_size=32,column_lambda=43140912.3769,embedding_size=64,entropy_lambda=23.0091,fc_num=3_2024-03-03_08-18-07"
313,2,32,19853935.02,32,3.379487224,1,1,16,16,1.37E-08,410.7342529,1709418103,"./train_model_938d4d13_163_trial_index=2,batch_size=32,column_lambda=19853935.0160,embedding_size=32,entropy_lambda=3.3795,fc_num=1,_2024-03-02_16-47-24"
87,1,32,46884071.34,4,4039086.894,1,1,32,32,1.72E-05,32.64057159,1709498146,"./train_model_7b8d1d8f_306_trial_index=1,batch_size=32,column_lambda=46884071.3434,embedding_size=4,entropy_lambda=4039086.8945,fc_n_2024-03-03_08-56-29"
466,1,32,103459.6929,4,8.940848633,3,1,16,64,1.39E-06,530.8641357,1709386868,"./train_model_20b293d0_110_trial_index=1,batch_size=32,column_lambda=103459.6929,embedding_size=4,entropy_lambda=8.9408,fc_num=3,fc__2024-03-02_08-03-10"
1,3,16,2.03755711,32,444686.9732,1,2,8,4,1.72E-06,490.8601685,1709393821,"./train_model_3b653fc4_104_trial_index=3,batch_size=16,column_lambda=2.0376,embedding_size=32,entropy_lambda=444686.9732,fc_num=1,fc_2024-03-02_07-50-08"
84,2,4,75191.95778,8,239.6693641,3,3,16,64,3.23E-08,798.4308472,1709536317,"./train_model_269b0c6a_439_trial_index=2,batch_size=4,column_lambda=75191.9578,embedding_size=8,entropy_lambda=239.6694,fc_num=3,fc__2024-03-04_01-04-43"
183,1,32,6213638.63,32,5.246145105,1,2,64,64,1.28E-05,353.8044434,1709504513,"./train_model_01fd390a_358_trial_index=1,batch_size=32,column_lambda=6213638.6304,embedding_size=32,entropy_lambda=5.2461,fc_num=1,f_2024-03-03_16-44-21"
450,3,8,54.589776,64,851.052133,2,3,32,8,1.40E-07,394.6493225,1709436647,"./train_model_e05908cd_180_trial_index=3,batch_size=8,column_lambda=54.5898,embedding_size=64,entropy_lambda=851.0521,fc_num=2,fc_nu_2024-03-02_18-15-35"
361,3,4,690.2881426,16,70.67003859,3,3,8,4,2.20E-08,831.8684692,1709408236,"./train_model_8c13bb8b_144_trial_index=3,batch_size=4,column_lambda=690.2881,embedding_size=16,entropy_lambda=70.6700,fc_num=3,fc_nu_2024-03-02_11-45-46"
32,1,4,3.410433008,8,47239050.88,2,3,16,32,1.52E-05,102.6864777,1709415958,"./train_model_e84d8e1c_154_trial_index=1,batch_size=4,column_lambda=3.4104,embedding_size=8,entropy_lambda=47239050.8830,fc_num=2,fc_2024-03-02_13-56-15"
461,3,16,61.82144313,4,4.479267055,2,3,16,4,1.55E-08,1274.276855,1709516970,"./train_model_1bdb9c9f_396_trial_index=3,batch_size=16,column_lambda=61.8214,embedding_size=4,entropy_lambda=4.4793,fc_num=2,fc_num2_2024-03-03_20-05-31"
333,0,4,19185.55513,32,3.398577171,1,2,8,4,1.19E-07,1404.903931,1709359437,"./train_model_7abc450c_49_trial_index=0,batch_size=4,column_lambda=19185.5551,embedding_size=32,entropy_lambda=3.3986,fc_num=1,fc_nu_2024-03-01_23-56-08"
294,1,8,3.013823268,32,639.8361052,2,1,64,64,0.008710893,1.744125009,1709381803,"./train_model_2c564e22_86_trial_index=1,batch_size=8,column_lambda=3.0138,embedding_size=32,entropy_lambda=639.8361,fc_num=2,fc_num2_2024-03-02_05-48-36"
373,1,16,9967.773076,32,176.6407883,1,3,32,32,6.61E-08,1548.877319,1709532195,"./train_model_7360361f_430_trial_index=1,batch_size=16,column_lambda=9967.7731,embedding_size=32,entropy_lambda=176.6408,fc_num=1,fc_2024-03-04_00-22-04"
36,2,4,3083.683032,16,11377.03129,1,1,16,4,4.10E-05,752.6620483,1709561408,"./train_model_83f789ce_499_trial_index=2,batch_size=4,column_lambda=3083.6830,embedding_size=16,entropy_lambda=11377.0313,fc_num=1,f_2024-03-04_07-49-11"
262,3,64,19437784.14,8,80245573.09,3,3,64,32,1.87E-06,1247.975952,1709485255,"./train_model_6c1c6276_312_trial_index=3,batch_size=64,column_lambda=19437784.1368,embedding_size=8,entropy_lambda=80245573.0851,fc__2024-03-03_09-26-17"
264,0,32,886.1300655,8,173.5869509,1,1,32,8,1.85E-07,593.6185913,1709423890,"./train_model_fff84f17_181_trial_index=0,batch_size=32,column_lambda=886.1301,embedding_size=8,entropy_lambda=173.5870,fc_num=1,fc_n_2024-03-02_18-16-05"
418,2,32,2.106276658,16,6080.648287,2,2,8,32,1.12E-08,1655.364258,1709486480,"./train_model_3e18a42d_319_trial_index=2,batch_size=32,column_lambda=2.1063,embedding_size=16,entropy_lambda=6080.6483,fc_num=2,fc_n_2024-03-03_11-04-16"
49,0,32,7468512.744,32,127.9122973,2,3,64,64,2.69E-05,1743.212158,1709346868,"./train_model_0e4a9c20_21_trial_index=0,batch_size=32,column_lambda=7468512.7437,embedding_size=32,entropy_lambda=127.9123,fc_num=2,_2024-03-01_20-49-55"
146,0,4,1453.83063,32,43.16009172,3,3,16,8,1.40E-07,1713.874512,1709465649,"./train_model_086cd1a3_269_trial_index=0,batch_size=4,column_lambda=1453.8306,embedding_size=32,entropy_lambda=43.1601,fc_num=3,fc_n_2024-03-03_05-24-49"
369,1,8,189134.8918,64,153190.8346,3,2,16,8,1.42E-06,1203.157349,1709559393,"./train_model_a1b6c8f8_490_trial_index=1,batch_size=8,column_lambda=189134.8918,embedding_size=64,entropy_lambda=153190.8346,fc_num=_2024-03-04_06-32-48"
331,3,64,1.916334931,32,2899.456725,2,1,4,64,2.01E-05,1612.529785,1709402884,"./train_model_62ef1c23_132_trial_index=3,batch_size=64,column_lambda=1.9163,embedding_size=32,entropy_lambda=2899.4567,fc_num=2,fc_n_2024-03-02_10-23-14"
130,3,16,286691.8947,64,2902.016879,3,1,16,4,2.65E-07,2104.491211,1709344682,"./train_model_05629728_16_trial_index=3,batch_size=16,column_lambda=286691.8947,embedding_size=64,entropy_lambda=2902.0169,fc_num=3,_2024-03-01_20-12-52"
267,1,64,1600207.578,4,2489.564968,1,2,64,16,1.51E-05,651.7957153,1709384590,"./train_model_a001c722_98_trial_index=1,batch_size=64,column_lambda=1600207.5784,embedding_size=4,entropy_lambda=2489.5650,fc_num=1,_2024-03-02_07-18-27"
316,3,64,92009.47467,64,97947.28024,2,3,8,32,7.33E-06,749.2875366,1709441127,"./train_model_fc7e05b1_212_trial_index=3,batch_size=64,column_lambda=92009.4747,embedding_size=64,entropy_lambda=97947.2802,fc_num=2_2024-03-02_22-00-48"
169,0,8,719733.3638,64,1776534.435,1,3,64,8,1.54E-06,2022.501099,1709559527,"./train_model_bebf7bcf_493_trial_index=0,batch_size=8,column_lambda=719733.3638,embedding_size=64,entropy_lambda=1776534.4346,fc_num_2024-03-04_06-36-26"
26,1,16,7.247354024,64,374.945101,1,1,32,32,1.34E-07,3391.76001,1709422585,"./train_model_3aa24e87_174_trial_index=1,batch_size=16,column_lambda=7.2474,embedding_size=64,entropy_lambda=374.9451,fc_num=1,fc_nu_2024-03-02_17-55-16"
377,3,8,29.14674602,32,1574814.898,3,1,16,32,0.047824832,4.07407093,1709536780,"./train_model_b7356da9_444_trial_index=3,batch_size=8,column_lambda=29.1467,embedding_size=32,entropy_lambda=1574814.8975,fc_num=3,f_2024-03-04_01-19-21"
190,1,32,7097.442127,32,620.7138791,3,1,64,16,3.81E-08,6116.487793,1709539349,"./train_model_61a03259_450_trial_index=1,batch_size=32,column_lambda=7097.4421,embedding_size=32,entropy_lambda=620.7139,fc_num=3,fc_2024-03-04_02-10-28"
409,3,32,44266937.55,4,21171371.21,2,2,16,64,4.50E-08,9715.604492,1709502647,"./train_model_18021349_348_trial_index=3,batch_size=32,column_lambda=44266937.5542,embedding_size=4,entropy_lambda=21171371.2064,fc__2024-03-03_15-27-08"
257,0,8,56915.85917,16,8918.56253,1,2,16,64,1.82E-07,9472.766602,1709378832,"./train_model_aa4aebe4_57_trial_index=0,batch_size=8,column_lambda=56915.8592,embedding_size=16,entropy_lambda=8918.5625,fc_num=1,fc_2024-03-02_00-28-45"
464,3,4,29.91524368,8,35475535,1,1,16,64,7.31E-07,10472.00195,1709459158,"./train_model_ae8577e5_240_trial_index=3,batch_size=4,column_lambda=29.9152,embedding_size=8,entropy_lambda=35475534.9958,fc_num=1,f_2024-03-03_01-13-22"
230,1,32,1.063599925,16,13465.64471,2,1,8,32,6.56E-07,9897.803711,1709384505,"./train_model_2195c19a_82_trial_index=1,batch_size=32,column_lambda=1.0636,embedding_size=16,entropy_lambda=13465.6447,fc_num=2,fc_n_2024-03-02_04-46-11"
165,2,4,151931.1589,4,47098315.98,1,2,32,32,4.58E-07,12769.47949,1709534159,"./train_model_24538c63_423_trial_index=2,batch_size=4,column_lambda=151931.1589,embedding_size=4,entropy_lambda=47098315.9759,fc_num_2024-03-03_23-13-38"
410,2,32,630.6999193,32,6561063.641,3,3,32,64,6.37E-08,31801.69727,1709492238,"./train_model_afc1f8f9_323_trial_index=2,batch_size=32,column_lambda=630.6999,embedding_size=32,entropy_lambda=6561063.6412,fc_num=3_2024-03-03_11-32-49"
497,0,4,154.393125,8,14924693.85,1,2,4,8,4.22E-07,64669.08203,1709505187,"./train_model_63eae015_349_trial_index=0,batch_size=4,column_lambda=154.3931,embedding_size=8,entropy_lambda=14924693.8495,fc_num=1,_2024-03-03_15-35-46"
27,3,64,84.35465801,64,1624370.303,3,2,32,8,0.067560936,12.15231514,1709544530,"./train_model_800cbad0_468_trial_index=3,batch_size=64,column_lambda=84.3547,embedding_size=64,entropy_lambda=1624370.3032,fc_num=3,_2024-03-04_03-52-12"
4,3,32,2.106276658,16,6080.648287,2,2,8,32,1.12E-08,1714.427246,1709486502,"./train_model_d8b99a8e_320_trial_index=3,batch_size=32,column_lambda=2.1063,embedding_size=16,entropy_lambda=6080.6483,fc_num=2,fc_n_2024-03-03_11-05-23"
115,0,32,2.106276658,16,6080.648287,2,2,8,32,1.12E-08,1737.011963,1709486862,"./train_model_43d8b45f_317_trial_index=0,batch_size=32,column_lambda=2.1063,embedding_size=16,entropy_lambda=6080.6483,fc_num=2,fc_n_2024-03-03_10-41-17"
16,1,32,2.106276658,16,6080.648287,2,2,8,32,1.12E-08,1850.549072,1709486378,"./train_model_e15d8e67_318_trial_index=1,batch_size=32,column_lambda=2.1063,embedding_size=16,entropy_lambda=6080.6483,fc_num=2,fc_n_2024-03-03_10-56-31"
56,1,64,1019.279554,64,16.64303248,1,2,64,8,1.15E-08,79.16429901,1709356288,"./train_model_cc885f44_46_trial_index=1,batch_size=64,column_lambda=1019.2796,embedding_size=64,entropy_lambda=16.6430,fc_num=1,fc_n_2024-03-01_23-36-34"
11,0,64,1019.279554,64,16.64303248,1,2,64,8,1.15E-08,104.5650406,1709356170,"./train_model_5ffbc582_45_trial_index=0,batch_size=64,column_lambda=1019.2796,embedding_size=64,entropy_lambda=16.6430,fc_num=1,fc_n_2024-03-01_23-34-53"
150,2,64,1019.279554,64,16.64303248,1,2,64,8,1.15E-08,157.6556244,1709356361,"./train_model_09563569_47_trial_index=2,batch_size=64,column_lambda=1019.2796,embedding_size=64,entropy_lambda=16.6430,fc_num=1,fc_n_2024-03-01_23-38-08"
494,1,32,19853935.02,32,3.379487224,1,1,16,16,1.37E-08,782.5285034,1709418101,"./train_model_68918de0_162_trial_index=1,batch_size=32,column_lambda=19853935.0160,embedding_size=32,entropy_lambda=3.3795,fc_num=1,_2024-03-02_16-45-58"
245,0,32,19853935.02,32,3.379487224,1,1,16,16,1.37E-08,791.2207642,1709417139,"./train_model_8fc1d4c5_161_trial_index=0,batch_size=32,column_lambda=19853935.0160,embedding_size=32,entropy_lambda=3.3795,fc_num=1,_2024-03-02_16-30-15"
260,3,32,19853935.02,32,3.379487224,1,1,16,16,1.37E-08,797.9259033,1709418743,"./train_model_2f1f703f_164_trial_index=3,batch_size=32,column_lambda=19853935.0160,embedding_size=32,entropy_lambda=3.3795,fc_num=1,_2024-03-02_16-56-49"
372,2,16,61.82144313,4,4.479267055,2,3,16,4,1.55E-08,1303.922363,1709516940,"./train_model_25f47ab7_395_trial_index=2,batch_size=16,column_lambda=61.8214,embedding_size=4,entropy_lambda=4.4793,fc_num=2,fc_num2_2024-03-03_20-05-02"
458,1,16,61.82144313,4,4.479267055,2,3,16,4,1.55E-08,1349.755981,1709516616,"./train_model_53ed80c0_394_trial_index=1,batch_size=16,column_lambda=61.8214,embedding_size=4,entropy_lambda=4.4793,fc_num=2,fc_num2_2024-03-03_19-58-48"
406,0,16,61.82144313,4,4.479267055,2,3,16,4,1.55E-08,1395.413818,1709516430,"./train_model_b26ff78c_393_trial_index=0,batch_size=16,column_lambda=61.8214,embedding_size=4,entropy_lambda=4.4793,fc_num=2,fc_num2_2024-03-03_19-55-10"
296,0,16,2.580335538,8,35.17425674,1,3,4,64,1.65E-08,353.0913696,1709420116,"./train_model_dc3434d9_169_trial_index=0,batch_size=16,column_lambda=2.5803,embedding_size=8,entropy_lambda=35.1743,fc_num=1,fc_num2_2024-03-02_17-12-58"
402,1,16,2.580335538,8,35.17425674,1,3,4,64,1.65E-08,355.5140991,1709420623,"./train_model_5415039b_170_trial_index=1,batch_size=16,column_lambda=2.5803,embedding_size=8,entropy_lambda=35.1743,fc_num=1,fc_num2_2024-03-02_17-21-41"
489,3,16,2.580335538,8,35.17425674,1,3,4,64,1.65E-08,665.5847168,1709421365,"./train_model_2cb1bcc0_172_trial_index=3,batch_size=16,column_lambda=2.5803,embedding_size=8,entropy_lambda=35.1743,fc_num=1,fc_num2_2024-03-02_17-32-23"
374,3,32,1964.83131,8,411680.229,3,3,64,8,1.95E-08,137.3900299,1709442222,"./train_model_a37838f6_220_trial_index=3,batch_size=32,column_lambda=1964.8313,embedding_size=8,entropy_lambda=411680.2290,fc_num=3,_2024-03-02_22-30-47"
265,2,32,1964.83131,8,411680.229,3,3,64,8,1.95E-08,143.1121521,1709441838,"./train_model_ff9e7d24_219_trial_index=2,batch_size=32,column_lambda=1964.8313,embedding_size=8,entropy_lambda=411680.2290,fc_num=3,_2024-03-02_22-28-57"
29,1,32,1964.83131,8,411680.229,3,3,64,8,1.95E-08,179.2972412,1709442848,"./train_model_6f8a11aa_218_trial_index=1,batch_size=32,column_lambda=1964.8313,embedding_size=8,entropy_lambda=411680.2290,fc_num=3,_2024-03-02_22-22-09"
176,2,64,12136.53259,64,4.305926853,1,1,4,16,2.01E-08,285.2420044,1709552186,"./train_model_00781342_487_trial_index=2,batch_size=64,column_lambda=12136.5326,embedding_size=64,entropy_lambda=4.3059,fc_num=1,fc__2024-03-04_05-57-29"
433,3,64,12136.53259,64,4.305926853,1,1,4,16,2.01E-08,285.6480408,1709553832,"./train_model_5c81fcd6_488_trial_index=3,batch_size=64,column_lambda=12136.5326,embedding_size=64,entropy_lambda=4.3059,fc_num=1,fc__2024-03-04_06-25-13"
236,1,64,12136.53259,64,4.305926853,1,1,4,16,2.01E-08,294.8041382,1709552125,"./train_model_7384e693_486_trial_index=1,batch_size=64,column_lambda=12136.5326,embedding_size=64,entropy_lambda=4.3059,fc_num=1,fc__2024-03-04_05-56-23"
149,2,4,690.2881426,16,70.67003859,3,3,8,4,2.20E-08,852.0444336,1709404508,"./train_model_7170036a_143_trial_index=2,batch_size=4,column_lambda=690.2881,embedding_size=16,entropy_lambda=70.6700,fc_num=3,fc_nu_2024-03-02_11-26-18"
168,0,4,690.2881426,16,70.67003859,3,3,8,4,2.20E-08,867.6066284,1709413364,"./train_model_0e5ace0d_141_trial_index=0,batch_size=4,column_lambda=690.2881,embedding_size=16,entropy_lambda=70.6700,fc_num=3,fc_nu_2024-03-02_11-19-10"
70,1,4,690.2881426,16,70.67003859,3,3,8,4,2.20E-08,875.9168091,1709402161,"./train_model_28840149_142_trial_index=1,batch_size=4,column_lambda=690.2881,embedding_size=16,entropy_lambda=70.6700,fc_num=3,fc_nu_2024-03-02_11-19-34"
98,3,4,75191.95778,8,239.6693641,3,3,16,64,3.23E-08,800.4125366,1709536334,"./train_model_53e780d1_440_trial_index=3,batch_size=4,column_lambda=75191.9578,embedding_size=8,entropy_lambda=239.6694,fc_num=3,fc__2024-03-04_01-05-04"
109,1,4,75191.95778,8,239.6693641,3,3,16,64,3.23E-08,807.3648071,1709536269,"./train_model_b253ad13_438_trial_index=1,batch_size=4,column_lambda=75191.9578,embedding_size=8,entropy_lambda=239.6694,fc_num=3,fc__2024-03-04_01-04-16"
478,0,4,75191.95778,8,239.6693641,3,3,16,64,3.23E-08,824.7077637,1709536228,"./train_model_e15542c5_437_trial_index=0,batch_size=4,column_lambda=75191.9578,embedding_size=8,entropy_lambda=239.6694,fc_num=3,fc__2024-03-04_01-03-15"
250,3,32,7097.442127,32,620.7138791,3,1,64,16,3.81E-08,9414.480469,1709565861,"./train_model_7b1fbd1f_452_trial_index=3,batch_size=32,column_lambda=7097.4421,embedding_size=32,entropy_lambda=620.7139,fc_num=3,fc_2024-03-04_02-11-57"
256,0,32,7097.442127,32,620.7138791,3,1,64,16,3.81E-08,11283.42578,1709542332,"./train_model_cac5161b_449_trial_index=0,batch_size=32,column_lambda=7097.4421,embedding_size=32,entropy_lambda=620.7139,fc_num=3,fc_2024-03-04_02-08-30"
339,2,32,7097.442127,32,620.7138791,3,1,64,16,3.81E-08,11726.95996,1709542141,"./train_model_dc05ecb0_451_trial_index=2,batch_size=32,column_lambda=7097.4421,embedding_size=32,entropy_lambda=620.7139,fc_num=3,fc_2024-03-04_02-11-09"
133,2,32,44266937.55,4,21171371.21,2,2,16,64,4.50E-08,9826.041016,1709501488,"./train_model_084384bb_347_trial_index=2,batch_size=32,column_lambda=44266937.5542,embedding_size=4,entropy_lambda=21171371.2064,fc__2024-03-03_15-18-39"
315,1,32,44266937.55,4,21171371.21,2,2,16,64,4.50E-08,9980.070313,1709500395,"./train_model_d4d301dd_346_trial_index=1,batch_size=32,column_lambda=44266937.5542,embedding_size=4,entropy_lambda=21171371.2064,fc__2024-03-03_15-06-03"
58,0,32,44266937.55,4,21171371.21,2,2,16,64,4.50E-08,10524.97949,1709502261,"./train_model_52dcfdec_345_trial_index=0,batch_size=32,column_lambda=44266937.5542,embedding_size=4,entropy_lambda=21171371.2064,fc__2024-03-03_15-01-08"
102,1,32,113058.6407,8,58.65553529,2,3,64,32,5.13E-08,239.9111786,1709502746,"./train_model_61734d14_354_trial_index=1,batch_size=32,column_lambda=113058.6407,embedding_size=8,entropy_lambda=58.6555,fc_num=2,fc_2024-03-03_16-13-15"
234,0,32,113058.6407,8,58.65553529,2,3,64,32,5.13E-08,245.4792633,1709502607,"./train_model_199396b1_353_trial_index=0,batch_size=32,column_lambda=113058.6407,embedding_size=8,entropy_lambda=58.6555,fc_num=2,fc_2024-03-03_16-10-19"
175,2,32,113058.6407,8,58.65553529,2,3,64,32,5.13E-08,588.1625366,1709503080,"./train_model_ff743f28_355_trial_index=2,batch_size=32,column_lambda=113058.6407,embedding_size=8,entropy_lambda=58.6555,fc_num=2,fc_2024-03-03_16-20-50"
180,3,32,630.6999193,32,6561063.641,3,3,32,64,6.37E-08,34971.05469,1709491181,"./train_model_0c76231f_324_trial_index=3,batch_size=32,column_lambda=630.6999,embedding_size=32,entropy_lambda=6561063.6412,fc_num=3_2024-03-03_11-41-59"
386,0,32,630.6999193,32,6561063.641,3,3,32,64,6.37E-08,36795.41797,1709487508,"./train_model_9b42baf7_321_trial_index=0,batch_size=32,column_lambda=630.6999,embedding_size=32,entropy_lambda=6561063.6412,fc_num=3_2024-03-03_11-11-13"
352,1,32,630.6999193,32,6561063.641,3,3,32,64,6.37E-08,36933.57422,1709487537,"./train_model_bacc3bee_322_trial_index=1,batch_size=32,column_lambda=630.6999,embedding_size=32,entropy_lambda=6561063.6412,fc_num=3_2024-03-03_11-20-37"
192,0,16,9967.773076,32,176.6407883,1,3,32,32,6.61E-08,1557.140015,1709531699,"./train_model_ca173105_429_trial_index=0,batch_size=16,column_lambda=9967.7731,embedding_size=32,entropy_lambda=176.6408,fc_num=1,fc_2024-03-04_00-14-39"
140,3,16,9967.773076,32,176.6407883,1,3,32,32,6.61E-08,1702.487793,1709532472,"./train_model_a9fb2714_432_trial_index=3,batch_size=16,column_lambda=9967.7731,embedding_size=32,entropy_lambda=176.6408,fc_num=1,fc_2024-03-04_00-26-31"
435,2,16,9967.773076,32,176.6407883,1,3,32,32,6.61E-08,1709.690796,1709532283,"./train_model_c4240264_431_trial_index=2,batch_size=16,column_lambda=9967.7731,embedding_size=32,entropy_lambda=176.6408,fc_num=1,fc_2024-03-04_00-23-20"
15,0,32,43140912.38,64,23.0090631,3,2,8,8,1.12E-07,403.1597595,1709474189,"./train_model_7f42813b_297_trial_index=0,batch_size=32,column_lambda=43140912.3769,embedding_size=64,entropy_lambda=23.0091,fc_num=3_2024-03-03_08-10-02"
477,3,32,43140912.38,64,23.0090631,3,2,8,8,1.12E-07,414.741333,1709474879,"./train_model_f9135a19_300_trial_index=3,batch_size=32,column_lambda=43140912.3769,embedding_size=64,entropy_lambda=23.0091,fc_num=3_2024-03-03_08-19-38"
101,1,32,43140912.38,64,23.0090631,3,2,8,8,1.12E-07,1515.800537,1709474138,"./train_model_50dbd9f0_298_trial_index=1,batch_size=32,column_lambda=43140912.3769,embedding_size=64,entropy_lambda=23.0091,fc_num=3_2024-03-03_08-11-15"
358,1,4,19185.55513,32,3.398577171,1,2,8,4,1.19E-07,1486.154175,1709359952,"./train_model_3794c015_50_trial_index=1,batch_size=4,column_lambda=19185.5551,embedding_size=32,entropy_lambda=3.3986,fc_num=1,fc_nu_2024-03-02_00-05-54"
308,2,4,19185.55513,32,3.398577171,1,2,8,4,1.19E-07,1526.869019,1709360135,"./train_model_990b0ae5_51_trial_index=2,batch_size=4,column_lambda=19185.5551,embedding_size=32,entropy_lambda=3.3986,fc_num=1,fc_nu_2024-03-02_00-09-30"
239,3,4,19185.55513,32,3.398577171,1,2,8,4,1.19E-07,1532.53479,1709360275,"./train_model_d9bb11ae_52_trial_index=3,batch_size=4,column_lambda=19185.5551,embedding_size=32,entropy_lambda=3.3986,fc_num=1,fc_nu_2024-03-02_00-11-28"
172,2,16,7.247354024,64,374.945101,1,1,32,32,1.34E-07,3447.748535,1709423022,"./train_model_3ed52e3d_175_trial_index=2,batch_size=16,column_lambda=7.2474,embedding_size=64,entropy_lambda=374.9451,fc_num=1,fc_nu_2024-03-02_18-02-39"
22,3,16,7.247354024,64,374.945101,1,1,32,32,1.34E-07,3917.942627,1709423082,"./train_model_160eded7_176_trial_index=3,batch_size=16,column_lambda=7.2474,embedding_size=64,entropy_lambda=374.9451,fc_num=1,fc_nu_2024-03-02_18-02-43"
100,0,16,7.247354024,64,374.945101,1,1,32,32,1.34E-07,5645.475586,1709421335,"./train_model_b9da8f33_173_trial_index=0,batch_size=16,column_lambda=7.2474,embedding_size=64,entropy_lambda=374.9451,fc_num=1,fc_nu_2024-03-02_17-34-47"
237,2,4,1453.83063,32,43.16009172,3,3,16,8,1.40E-07,1779.737671,1709466708,"./train_model_858b4b79_271_trial_index=2,batch_size=4,column_lambda=1453.8306,embedding_size=32,entropy_lambda=43.1601,fc_num=3,fc_n_2024-03-03_05-41-23"
475,3,4,1453.83063,32,43.16009172,3,3,16,8,1.40E-07,1958.398682,1709467006,"./train_model_da48343a_272_trial_index=3,batch_size=4,column_lambda=1453.8306,embedding_size=32,entropy_lambda=43.1601,fc_num=3,fc_n_2024-03-03_05-46-16"
80,1,4,1453.83063,32,43.16009172,3,3,16,8,1.40E-07,2060.440186,1709466075,"./train_model_96a78660_270_trial_index=1,batch_size=4,column_lambda=1453.8306,embedding_size=32,entropy_lambda=43.1601,fc_num=3,fc_n_2024-03-03_05-31-40"
199,0,8,54.589776,64,851.052133,2,3,32,8,1.40E-07,924.7348022,1709429476,"./train_model_61d1c5f2_177_trial_index=0,batch_size=8,column_lambda=54.5898,embedding_size=64,entropy_lambda=851.0521,fc_num=2,fc_nu_2024-03-02_18-03-43"
344,2,8,54.589776,64,851.052133,2,3,32,8,1.40E-07,1024.883545,1709429106,"./train_model_9af657f8_179_trial_index=2,batch_size=8,column_lambda=54.5898,embedding_size=64,entropy_lambda=851.0521,fc_num=2,fc_nu_2024-03-02_18-14-34"
362,1,8,54.589776,64,851.052133,2,3,32,8,1.40E-07,1053.062622,1709430307,"./train_model_27ccafeb_178_trial_index=1,batch_size=8,column_lambda=54.5898,embedding_size=64,entropy_lambda=851.0521,fc_num=2,fc_nu_2024-03-02_18-10-26"
416,1,8,56915.85917,16,8918.56253,1,2,16,64,1.82E-07,9701.864258,1709377699,"./train_model_6044503c_58_trial_index=1,batch_size=8,column_lambda=56915.8592,embedding_size=16,entropy_lambda=8918.5625,fc_num=1,fc_2024-03-02_00-31-05"
263,2,8,56915.85917,16,8918.56253,1,2,16,64,1.82E-07,11195.16504,1709376516,"./train_model_7e48b4d0_59_trial_index=2,batch_size=8,column_lambda=56915.8592,embedding_size=16,entropy_lambda=8918.5625,fc_num=1,fc_2024-03-02_00-38-39"
14,3,8,56915.85917,16,8918.56253,1,2,16,64,1.82E-07,18021.83203,1709362804,"./train_model_e6231552_60_trial_index=3,batch_size=8,column_lambda=56915.8592,embedding_size=16,entropy_lambda=8918.5625,fc_num=1,fc_2024-03-02_00-45-14"
246,2,32,886.1300655,8,173.5869509,1,1,32,8,1.85E-07,1535.461792,1709425674,"./train_model_57f3d894_183_trial_index=2,batch_size=32,column_lambda=886.1301,embedding_size=8,entropy_lambda=173.5870,fc_num=1,fc_n_2024-03-02_18-43-42"
138,1,32,886.1300655,8,173.5869509,1,1,32,8,1.85E-07,2196.13501,1709425351,"./train_model_05ff95bc_182_trial_index=1,batch_size=32,column_lambda=886.1301,embedding_size=8,entropy_lambda=173.5870,fc_num=1,fc_n_2024-03-02_18-36-25"
498,3,32,886.1300655,8,173.5869509,1,1,32,8,1.85E-07,2312.341797,1709425853,"./train_model_5cc8326a_184_trial_index=3,batch_size=32,column_lambda=886.1301,embedding_size=8,entropy_lambda=173.5870,fc_num=1,fc_n_2024-03-02_18-44-42"
93,2,16,286691.8947,64,2902.016879,3,1,16,4,2.65E-07,2294.837646,1709344514,"./train_model_2e855391_15_trial_index=2,batch_size=16,column_lambda=286691.8947,embedding_size=64,entropy_lambda=2902.0169,fc_num=3,_2024-03-01_20-10-05"
346,0,16,286691.8947,64,2902.016879,3,1,16,4,2.65E-07,2795.145264,1709344202,"./train_model_51fcaede_13_trial_index=0,batch_size=16,column_lambda=286691.8947,embedding_size=64,entropy_lambda=2902.0169,fc_num=3,_2024-03-01_20-05-07"
148,1,16,286691.8947,64,2902.016879,3,1,16,4,2.65E-07,2838.107422,1709344589,"./train_model_d0744a88_14_trial_index=1,batch_size=16,column_lambda=286691.8947,embedding_size=64,entropy_lambda=2902.0169,fc_num=3,_2024-03-01_20-09-51"
391,0,16,1648.990193,64,33.19089213,2,2,32,16,2.69E-07,335.8994446,1709525618,"./train_model_9f4842d4_417_trial_index=0,batch_size=16,column_lambda=1648.9902,embedding_size=64,entropy_lambda=33.1909,fc_num=2,fc__2024-03-03_22-32-23"
467,3,16,1648.990193,64,33.19089213,2,2,32,16,2.69E-07,343.9039917,1709527047,"./train_model_a0e0d0cb_420_trial_index=3,batch_size=16,column_lambda=1648.9902,embedding_size=64,entropy_lambda=33.1909,fc_num=2,fc__2024-03-03_22-56-50"
213,1,16,1648.990193,64,33.19089213,2,2,32,16,2.69E-07,487.612915,1709526773,"./train_model_295b1b4a_418_trial_index=1,batch_size=16,column_lambda=1648.9902,embedding_size=64,entropy_lambda=33.1909,fc_num=2,fc__2024-03-03_22-50-42"
171,0,16,1.440682802,4,2970810.999,2,3,4,64,3.51E-07,238.3053436,1709364312,"./train_model_c2985b7a_61_trial_index=0,batch_size=16,column_lambda=1.4407,embedding_size=4,entropy_lambda=2970810.9991,fc_num=2,fc__2024-03-02_01-03-57"
95,1,16,1.440682802,4,2970810.999,2,3,4,64,3.51E-07,431.8823547,1709363874,"./train_model_5a4d00ee_62_trial_index=1,batch_size=16,column_lambda=1.4407,embedding_size=4,entropy_lambda=2970810.9991,fc_num=2,fc__2024-03-02_01-12-32"
380,2,16,1.440682802,4,2970810.999,2,3,4,64,3.51E-07,523.9998779,1709363476,"./train_model_c30014ba_63_trial_index=2,batch_size=16,column_lambda=1.4407,embedding_size=4,entropy_lambda=2970810.9991,fc_num=2,fc__2024-03-02_01-15-35"
191,1,4,154.393125,8,14924693.85,1,2,4,8,4.22E-07,68593.48438,1709503222,"./train_model_ab37f68f_350_trial_index=1,batch_size=4,column_lambda=154.3931,embedding_size=8,entropy_lambda=14924693.8495,fc_num=1,_2024-03-03_15-39-22"
355,3,4,154.393125,8,14924693.85,1,2,4,8,4.22E-07,69698.47656,1709506538,"./train_model_858b70af_352_trial_index=3,batch_size=4,column_lambda=154.3931,embedding_size=8,entropy_lambda=14924693.8495,fc_num=1,_2024-03-03_16-10-13"
363,2,4,154.393125,8,14924693.85,1,2,4,8,4.22E-07,72522.49219,1709503063,"./train_model_c0599cdd_351_trial_index=2,batch_size=4,column_lambda=154.3931,embedding_size=8,entropy_lambda=14924693.8495,fc_num=1,_2024-03-03_15-40-47"
194,3,4,151931.1589,4,47098315.98,1,2,32,32,4.58E-07,15502.0791,1709532256,"./train_model_9509a87e_424_trial_index=3,batch_size=4,column_lambda=151931.1589,embedding_size=4,entropy_lambda=47098315.9759,fc_num_2024-03-03_23-15-53"
79,1,4,151931.1589,4,47098315.98,1,2,32,32,4.58E-07,19086.43945,1709529279,"./train_model_03b66d3b_422_trial_index=1,batch_size=4,column_lambda=151931.1589,embedding_size=4,entropy_lambda=47098315.9759,fc_num_2024-03-03_23-06-46"
460,0,4,151931.1589,4,47098315.98,1,2,32,32,4.58E-07,19591.92578,1709529724,"./train_model_c024a6d4_421_trial_index=0,batch_size=4,column_lambda=151931.1589,embedding_size=4,entropy_lambda=47098315.9759,fc_num_2024-03-03_23-05-56"
105,3,32,26420642.21,4,22.05880931,1,3,8,16,6.43E-07,494.5447998,1709462928,"./train_model_116fa18e_268_trial_index=3,batch_size=32,column_lambda=26420642.2148,embedding_size=4,entropy_lambda=22.0588,fc_num=1,_2024-03-03_05-17-13"
108,2,32,26420642.21,4,22.05880931,1,3,8,16,6.43E-07,523.74646,1709462776,"./train_model_f39f5e77_267_trial_index=2,batch_size=32,column_lambda=26420642.2148,embedding_size=4,entropy_lambda=22.0588,fc_num=1,_2024-03-03_05-14-35"
306,0,32,26420642.21,4,22.05880931,1,3,8,16,6.43E-07,537.2531738,1709461033,"./train_model_10f629ae_265_trial_index=0,batch_size=32,column_lambda=26420642.2148,embedding_size=4,entropy_lambda=22.0588,fc_num=1,_2024-03-03_04-45-58"
283,0,32,1.063599925,16,13465.64471,2,1,8,32,6.56E-07,13823.54004,1709377231,"./train_model_3a7e4759_81_trial_index=0,batch_size=32,column_lambda=1.0636,embedding_size=16,entropy_lambda=13465.6447,fc_num=2,fc_n_2024-03-02_04-25-19"
20,2,32,1.063599925,16,13465.64471,2,1,8,32,6.56E-07,14461.00586,1709380495,"./train_model_e6a25b78_83_trial_index=2,batch_size=32,column_lambda=1.0636,embedding_size=16,entropy_lambda=13465.6447,fc_num=2,fc_n_2024-03-02_05-09-22"
424,3,32,1.063599925,16,13465.64471,2,1,8,32,6.56E-07,15744.25586,1709378609,"./train_model_f53bc130_84_trial_index=3,batch_size=32,column_lambda=1.0636,embedding_size=16,entropy_lambda=13465.6447,fc_num=2,fc_n_2024-03-02_05-16-24"
60,1,32,775.352931,4,1.243374304,3,1,4,16,6.69E-07,574.9570313,1709396350,"./train_model_46a87910_134_trial_index=1,batch_size=32,column_lambda=775.3529,embedding_size=4,entropy_lambda=1.2434,fc_num=3,fc_num_2024-03-02_10-41-02"
73,3,32,775.352931,4,1.243374304,3,1,4,16,6.69E-07,579.3756104,1709396778,"./train_model_2b28854c_136_trial_index=3,batch_size=32,column_lambda=775.3529,embedding_size=4,entropy_lambda=1.2434,fc_num=3,fc_num_2024-03-02_10-48-16"
44,2,32,775.352931,4,1.243374304,3,1,4,16,6.69E-07,581.2640991,1709396374,"./train_model_50cc7010_135_trial_index=2,batch_size=32,column_lambda=775.3529,embedding_size=4,entropy_lambda=1.2434,fc_num=3,fc_num_2024-03-02_10-41-25"
39,2,4,29.91524368,8,35475535,1,1,16,64,7.31E-07,12129.2666,1709453037,"./train_model_29f5f4c6_239_trial_index=2,batch_size=4,column_lambda=29.9152,embedding_size=8,entropy_lambda=35475534.9958,fc_num=1,f_2024-03-03_00-57-18"
370,0,4,29.91524368,8,35475535,1,1,16,64,7.31E-07,13172.55078,1709449332,"./train_model_fb373810_237_trial_index=0,batch_size=4,column_lambda=29.9152,embedding_size=8,entropy_lambda=35475534.9958,fc_num=1,f_2024-03-03_00-51-28"
275,1,4,29.91524368,8,35475535,1,1,16,64,7.31E-07,13211.13184,1709451032,"./train_model_a8a979cc_238_trial_index=1,batch_size=4,column_lambda=29.9152,embedding_size=8,entropy_lambda=35475534.9958,fc_num=1,f_2024-03-03_00-55-15"
225,1,8,456.353623,32,1.478659077,1,3,8,4,7.45E-07,72.8266449,1709469022,"./train_model_a05f316a_282_trial_index=1,batch_size=8,column_lambda=456.3536,embedding_size=32,entropy_lambda=1.4787,fc_num=1,fc_num_2024-03-03_06-41-15"
420,2,8,456.353623,32,1.478659077,1,3,8,4,7.45E-07,73.7835083,1709469089,"./train_model_02aa8c1b_283_trial_index=2,batch_size=8,column_lambda=456.3536,embedding_size=32,entropy_lambda=1.4787,fc_num=1,fc_num_2024-03-03_06-42-06"
203,3,8,456.353623,32,1.478659077,1,3,8,4,7.45E-07,80.72609711,1709469492,"./train_model_e18c249e_284_trial_index=3,batch_size=8,column_lambda=456.3536,embedding_size=32,entropy_lambda=1.4787,fc_num=1,fc_num_2024-03-03_06-48-39"
5,0,32,103459.6929,4,8.940848633,3,1,16,64,1.39E-06,575.1352539,1709386734,"./train_model_433dce80_109_trial_index=0,batch_size=32,column_lambda=103459.6929,embedding_size=4,entropy_lambda=8.9408,fc_num=3,fc__2024-03-02_08-01-45"
338,3,32,103459.6929,4,8.940848633,3,1,16,64,1.39E-06,632.0742188,1709389113,"./train_model_9562da82_112_trial_index=3,batch_size=32,column_lambda=103459.6929,embedding_size=4,entropy_lambda=8.9408,fc_num=3,fc__2024-03-02_08-38-54"
432,2,32,103459.6929,4,8.940848633,3,1,16,64,1.39E-06,1116.130005,1709386832,"./train_model_f14a6023_111_trial_index=2,batch_size=32,column_lambda=103459.6929,embedding_size=4,entropy_lambda=8.9408,fc_num=3,fc__2024-03-02_08-07-05"
332,0,8,189134.8918,64,153190.8346,3,2,16,8,1.42E-06,1349.872925,1709559241,"./train_model_d2d4b6b0_489_trial_index=0,batch_size=8,column_lambda=189134.8918,embedding_size=64,entropy_lambda=153190.8346,fc_num=_2024-03-04_06-28-46"
145,3,8,189134.8918,64,153190.8346,3,2,16,8,1.42E-06,1998.446411,1709558216,"./train_model_68c78b91_492_trial_index=3,batch_size=8,column_lambda=189134.8918,embedding_size=64,entropy_lambda=153190.8346,fc_num=_2024-03-04_06-35-25"
301,2,8,189134.8918,64,153190.8346,3,2,16,8,1.42E-06,3123.998779,1709556551,"./train_model_939ebd58_491_trial_index=2,batch_size=8,column_lambda=189134.8918,embedding_size=64,entropy_lambda=153190.8346,fc_num=_2024-03-04_06-33-28"
485,1,8,719733.3638,64,1776534.435,1,3,64,8,1.54E-06,2955.235596,1709558981,"./train_model_a4bad979_494_trial_index=1,batch_size=8,column_lambda=719733.3638,embedding_size=64,entropy_lambda=1776534.4346,fc_num_2024-03-04_06-39-07"
94,3,8,719733.3638,64,1776534.435,1,3,64,8,1.54E-06,2986.164307,1709559644,"./train_model_8ae0a60b_496_trial_index=3,batch_size=8,column_lambda=719733.3638,embedding_size=64,entropy_lambda=1776534.4346,fc_num_2024-03-04_06-51-40"
51,2,8,719733.3638,64,1776534.435,1,3,64,8,1.54E-06,7983.89209,1709557071,"./train_model_f494c729_495_trial_index=2,batch_size=8,column_lambda=719733.3638,embedding_size=64,entropy_lambda=1776534.4346,fc_num_2024-03-04_06-45-59"
430,0,16,47889.74483,4,6643.796435,3,3,4,8,1.57E-06,19.54712296,1709341791,"./train_model_0c8ee6b2_5_trial_index=0,batch_size=16,column_lambda=47889.7448,embedding_size=4,entropy_lambda=6643.7964,fc_num=3,fc__2024-03-01_19-15-37"
390,1,16,47889.74483,4,6643.796435,3,3,4,8,1.57E-06,19.87572098,1709344388,"./train_model_a813e33e_6_trial_index=1,batch_size=16,column_lambda=47889.7448,embedding_size=4,entropy_lambda=6643.7964,fc_num=3,fc__2024-03-01_19-15-39"
75,3,16,47889.74483,4,6643.796435,3,3,4,8,1.57E-06,20.55147743,1709341972,"./train_model_6dee50bb_8_trial_index=3,batch_size=16,column_lambda=47889.7448,embedding_size=4,entropy_lambda=6643.7964,fc_num=3,fc__2024-03-01_19-15-45"
486,1,16,2.03755711,32,444686.9732,1,2,8,4,1.72E-06,770.1564941,1709389529,"./train_model_0ad9fe3a_102_trial_index=1,batch_size=16,column_lambda=2.0376,embedding_size=32,entropy_lambda=444686.9732,fc_num=1,fc_2024-03-02_07-42-10"
37,0,16,2.03755711,32,444686.9732,1,2,8,4,1.72E-06,786.3621216,1709389084,"./train_model_7b0d30d0_101_trial_index=0,batch_size=16,column_lambda=2.0376,embedding_size=32,entropy_lambda=444686.9732,fc_num=1,fc_2024-03-02_07-41-06"
143,2,16,2.03755711,32,444686.9732,1,2,8,4,1.72E-06,864.1148071,1709389290,"./train_model_e17254e5_103_trial_index=2,batch_size=16,column_lambda=2.0376,embedding_size=32,entropy_lambda=444686.9732,fc_num=1,fc_2024-03-02_07-46-07"
86,0,64,19437784.14,8,80245573.09,3,3,64,32,1.87E-06,1687.16394,1709481923,"./train_model_6515d4a0_309_trial_index=0,batch_size=64,column_lambda=19437784.1368,embedding_size=8,entropy_lambda=80245573.0851,fc__2024-03-03_09-19-48"
334,1,64,19437784.14,8,80245573.09,3,3,64,32,1.87E-06,1732.808472,1709482273,"./train_model_7a3f729d_310_trial_index=1,batch_size=64,column_lambda=19437784.1368,embedding_size=8,entropy_lambda=80245573.0851,fc__2024-03-03_09-23-59"
139,2,64,19437784.14,8,80245573.09,3,3,64,32,1.87E-06,1950.27771,1709481391,"./train_model_d3876d39_311_trial_index=2,batch_size=64,column_lambda=19437784.1368,embedding_size=8,entropy_lambda=80245573.0851,fc__2024-03-03_09-25-06"
221,3,16,11741049.32,8,1647.464307,2,3,4,8,2.44E-06,29.22803116,1709476150,"./train_model_09129969_304_trial_index=3,batch_size=16,column_lambda=11741049.3186,embedding_size=8,entropy_lambda=1647.4643,fc_num=_2024-03-03_08-43-03"
378,2,16,11741049.32,8,1647.464307,2,3,4,8,2.44E-06,29.90528488,1709475977,"./train_model_50f412ed_303_trial_index=2,batch_size=16,column_lambda=11741049.3186,embedding_size=8,entropy_lambda=1647.4643,fc_num=_2024-03-03_08-39-49"
476,0,16,11741049.32,8,1647.464307,2,3,4,8,2.44E-06,62.64399719,1709475588,"./train_model_a660d6f7_301_trial_index=0,batch_size=16,column_lambda=11741049.3186,embedding_size=8,entropy_lambda=1647.4643,fc_num=_2024-03-03_08-31-51"
157,1,4,8208.169616,16,3385795.83,3,3,4,64,2.91E-06,274.7135925,1709371519,"./train_model_31b1f891_70_trial_index=1,batch_size=4,column_lambda=8208.1696,embedding_size=16,entropy_lambda=3385795.8303,fc_num=3,_2024-03-02_02-49-08"
438,0,4,8208.169616,16,3385795.83,3,3,4,64,2.91E-06,319.4787598,1709370191,"./train_model_365976a2_69_trial_index=0,batch_size=4,column_lambda=8208.1696,embedding_size=16,entropy_lambda=3385795.8303,fc_num=3,_2024-03-02_02-36-01"
155,2,4,8208.169616,16,3385795.83,3,3,4,64,2.91E-06,446.1368103,1709371242,"./train_model_88c30113_71_trial_index=2,batch_size=4,column_lambda=8208.1696,embedding_size=16,entropy_lambda=3385795.8303,fc_num=3,_2024-03-02_02-58-27"
345,0,64,85439.15538,32,111.423958,3,3,8,64,3.07E-06,47.23928833,1709391245,"./train_model_d608edba_117_trial_index=0,batch_size=64,column_lambda=85439.1554,embedding_size=32,entropy_lambda=111.4240,fc_num=3,f_2024-03-02_09-08-37"
204,1,64,85439.15538,32,111.423958,3,3,8,64,3.07E-06,47.30916595,1709391752,"./train_model_cf0b7e0a_118_trial_index=1,batch_size=64,column_lambda=85439.1554,embedding_size=32,entropy_lambda=111.4240,fc_num=3,f_2024-03-02_09-16-51"
81,3,64,85439.15538,32,111.423958,3,3,8,64,3.07E-06,49.15512085,1709391819,"./train_model_d9d14922_120_trial_index=3,batch_size=64,column_lambda=85439.1554,embedding_size=32,entropy_lambda=111.4240,fc_num=3,f_2024-03-02_09-18-04"
302,2,16,11.79082057,32,631.2925066,1,3,16,8,3.09E-06,143.4627838,1709519388,"./train_model_2e8fda81_375_trial_index=2,batch_size=16,column_lambda=11.7908,embedding_size=32,entropy_lambda=631.2925,fc_num=1,fc_n_2024-03-03_17-34-47"
106,1,16,11.79082057,32,631.2925066,1,3,16,8,3.09E-06,422.9463806,1709515290,"./train_model_3b81e1bf_374_trial_index=1,batch_size=16,column_lambda=11.7908,embedding_size=32,entropy_lambda=631.2925,fc_num=1,fc_n_2024-03-03_17-33-07"
248,0,16,11.79082057,32,631.2925066,1,3,16,8,3.09E-06,607.7987671,1709513928,"./train_model_3aa27511_373_trial_index=0,batch_size=16,column_lambda=11.7908,embedding_size=32,entropy_lambda=631.2925,fc_num=1,fc_n_2024-03-03_17-31-54"
156,2,4,11577520.75,4,854.3615864,3,1,64,8,4.36E-06,360.4746094,1709541473,"./train_model_2bf68357_455_trial_index=2,batch_size=4,column_lambda=11577520.7523,embedding_size=4,entropy_lambda=854.3616,fc_num=3,_2024-03-04_02-19-40"
319,1,4,11577520.75,4,854.3615864,3,1,64,8,4.36E-06,368.1158752,1709541400,"./train_model_46634563_454_trial_index=1,batch_size=4,column_lambda=11577520.7523,embedding_size=4,entropy_lambda=854.3616,fc_num=3,_2024-03-04_02-18-57"
276,3,4,11577520.75,4,854.3615864,3,1,64,8,4.36E-06,413.90802,1709541758,"./train_model_34e526bc_456_trial_index=3,batch_size=4,column_lambda=11577520.7523,embedding_size=4,entropy_lambda=854.3616,fc_num=3,_2024-03-04_02-24-01"
55,0,64,4207331.904,64,836.05773,1,3,64,64,4.48E-06,376.0604858,1709521731,"./train_model_0ae3f5ad_405_trial_index=0,batch_size=64,column_lambda=4207331.9037,embedding_size=64,entropy_lambda=836.0577,fc_num=1_2024-03-03_21-29-48"
77,3,64,4207331.904,64,836.05773,1,3,64,64,4.48E-06,384.9054871,1709522751,"./train_model_ddd15aa3_408_trial_index=3,batch_size=64,column_lambda=4207331.9037,embedding_size=64,entropy_lambda=836.0577,fc_num=1_2024-03-03_21-47-00"
30,2,64,4207331.904,64,836.05773,1,3,64,64,4.48E-06,533.5007935,1709522126,"./train_model_367ef9ca_407_trial_index=2,batch_size=64,column_lambda=4207331.9037,embedding_size=64,entropy_lambda=836.0577,fc_num=1_2024-03-03_21-37-53"
488,0,4,402.5633617,32,1.567835902,2,3,64,8,4.74E-06,48.5114975,1709424741,"./train_model_690763eb_149_trial_index=0,batch_size=4,column_lambda=402.5634,embedding_size=32,entropy_lambda=1.5678,fc_num=2,fc_num_2024-03-02_12-48-18"
288,3,4,402.5633617,32,1.567835902,2,3,64,8,4.74E-06,56.12791443,1709417284,"./train_model_9022936a_152_trial_index=3,batch_size=4,column_lambda=402.5634,embedding_size=32,entropy_lambda=1.5678,fc_num=2,fc_num_2024-03-02_13-24-21"
163,1,4,402.5633617,32,1.567835902,2,3,64,8,4.74E-06,58.9794693,1709416609,"./train_model_0b0e9e5e_150_trial_index=1,batch_size=4,column_lambda=402.5634,embedding_size=32,entropy_lambda=1.5678,fc_num=2,fc_num_2024-03-02_12-56-01"
46,0,4,90.20168952,4,224.8404234,1,1,32,32,5.20E-06,150.3971405,1709500219,"./train_model_2017984c_329_trial_index=0,batch_size=4,column_lambda=90.2017,embedding_size=4,entropy_lambda=224.8404,fc_num=1,fc_num_2024-03-03_12-21-42"
142,1,4,90.20168952,4,224.8404234,1,1,32,32,5.20E-06,151.8144531,1709502441,"./train_model_f8306956_330_trial_index=1,batch_size=4,column_lambda=90.2017,embedding_size=4,entropy_lambda=224.8404,fc_num=1,fc_num_2024-03-03_12-27-42"
52,3,4,90.20168952,4,224.8404234,1,1,32,32,5.20E-06,235.0232239,1709500213,"./train_model_dc5fdc48_332_trial_index=3,batch_size=4,column_lambda=90.2017,embedding_size=4,entropy_lambda=224.8404,fc_num=1,fc_num_2024-03-03_12-38-57"
357,0,16,5.480028279,64,925.6685886,2,3,16,16,5.67E-06,129.4270172,1709556108,"./train_model_63f5cff1_477_trial_index=0,batch_size=16,column_lambda=5.4800,embedding_size=64,entropy_lambda=925.6686,fc_num=2,fc_nu_2024-03-04_05-01-18"
491,1,16,5.480028279,64,925.6685886,2,3,16,16,5.67E-06,656.9780273,1709551968,"./train_model_f920eea3_478_trial_index=1,batch_size=16,column_lambda=5.4800,embedding_size=64,entropy_lambda=925.6686,fc_num=2,fc_nu_2024-03-04_05-04-40"
495,3,16,5.480028279,64,925.6685886,2,3,16,16,5.67E-06,1280.769165,1709551513,"./train_model_9f38ac6d_480_trial_index=3,batch_size=16,column_lambda=5.4800,embedding_size=64,entropy_lambda=925.6686,fc_num=2,fc_nu_2024-03-04_05-19-34"
407,3,16,2.916329053,8,8.582792352,1,3,4,8,5.70E-06,346.2385864,1709352186,"./train_model_90a69136_36_trial_index=3,batch_size=16,column_lambda=2.9163,embedding_size=8,entropy_lambda=8.5828,fc_num=1,fc_num2=3_2024-03-01_22-24-46"
419,1,16,2.916329053,8,8.582792352,1,3,4,8,5.70E-06,351.4952087,1709352018,"./train_model_f16ae640_34_trial_index=1,batch_size=16,column_lambda=2.9163,embedding_size=8,entropy_lambda=8.5828,fc_num=1,fc_num2=3_2024-03-01_22-22-04"
116,2,16,2.916329053,8,8.582792352,1,3,4,8,5.70E-06,369.3412781,1709352032,"./train_model_fc54f09e_35_trial_index=2,batch_size=16,column_lambda=2.9163,embedding_size=8,entropy_lambda=8.5828,fc_num=1,fc_num2=3_2024-03-01_22-22-22"
162,0,4,66.86082721,4,1.037667102,1,1,64,32,6.58E-06,14.85068417,1709532573,"./train_model_6ed3fa32_389_trial_index=0,batch_size=4,column_lambda=66.8608,embedding_size=4,entropy_lambda=1.0377,fc_num=1,fc_num2=_2024-03-03_19-06-13"
401,1,4,66.86082721,4,1.037667102,1,1,64,32,6.58E-06,20.49015808,1709529800,"./train_model_5b1d048f_390_trial_index=1,batch_size=4,column_lambda=66.8608,embedding_size=4,entropy_lambda=1.0377,fc_num=1,fc_num2=_2024-03-03_19-08-08"
227,3,4,66.86082721,4,1.037667102,1,1,64,32,6.58E-06,23.03293991,1709531262,"./train_model_f249923e_392_trial_index=3,batch_size=4,column_lambda=66.8608,embedding_size=4,entropy_lambda=1.0377,fc_num=1,fc_num2=_2024-03-03_19-33-40"
53,2,64,92009.47467,64,97947.28024,2,3,8,32,7.33E-06,921.9317017,1709440314,"./train_model_01e10ec5_211_trial_index=2,batch_size=64,column_lambda=92009.4747,embedding_size=64,entropy_lambda=97947.2802,fc_num=2_2024-03-02_21-58-05"
412,1,64,92009.47467,64,97947.28024,2,3,8,32,7.33E-06,6404.740723,1709436771,"./train_model_61d2af91_210_trial_index=1,batch_size=64,column_lambda=92009.4747,embedding_size=64,entropy_lambda=97947.2802,fc_num=2_2024-03-02_21-56-52"
289,0,64,92009.47467,64,97947.28024,2,3,8,32,7.33E-06,6561.600586,1709436537,"./train_model_e0587fe2_209_trial_index=0,batch_size=64,column_lambda=92009.4747,embedding_size=64,entropy_lambda=97947.2802,fc_num=2_2024-03-02_21-53-14"
211,2,64,3163.727642,16,3160.706467,3,3,8,16,7.46E-06,123.9061508,1709497119,"./train_model_335c26de_339_trial_index=2,batch_size=64,column_lambda=3163.7276,embedding_size=16,entropy_lambda=3160.7065,fc_num=3,f_2024-03-03_13-47-30"
303,1,64,3163.727642,16,3160.706467,3,3,8,16,7.46E-06,137.6257629,1709496363,"./train_model_57f6b59a_338_trial_index=1,batch_size=64,column_lambda=3163.7276,embedding_size=16,entropy_lambda=3160.7065,fc_num=3,f_2024-03-03_13-39-41"
50,0,64,3163.727642,16,3160.706467,3,3,8,16,7.46E-06,432.8718567,1709491650,"./train_model_c4b87091_337_trial_index=0,batch_size=64,column_lambda=3163.7276,embedding_size=16,entropy_lambda=3160.7065,fc_num=3,f_2024-03-03_13-10-11"
181,1,32,4474.967775,4,58.95630571,2,2,32,64,1.07E-05,31.88816261,1709369071,"./train_model_f64671c7_54_trial_index=1,batch_size=32,column_lambda=4474.9678,embedding_size=4,entropy_lambda=58.9563,fc_num=2,fc_nu_2024-03-02_00-13-52"
437,3,32,4474.967775,4,58.95630571,2,2,32,64,1.07E-05,34.39830399,1709367741,"./train_model_21fc0aa6_56_trial_index=3,batch_size=32,column_lambda=4474.9678,embedding_size=4,entropy_lambda=58.9563,fc_num=2,fc_nu_2024-03-02_00-16-11"
429,0,32,4474.967775,4,58.95630571,2,2,32,64,1.07E-05,45.60681915,1709367753,"./train_model_181ab53e_53_trial_index=0,batch_size=32,column_lambda=4474.9678,embedding_size=4,entropy_lambda=58.9563,fc_num=2,fc_nu_2024-03-02_00-12-41"
207,0,32,6213638.63,32,5.246145105,1,2,64,64,1.28E-05,368.0163879,1709504356,"./train_model_10a015bd_357_trial_index=0,batch_size=32,column_lambda=6213638.6304,embedding_size=32,entropy_lambda=5.2461,fc_num=1,f_2024-03-03_16-42-15"
396,3,32,6213638.63,32,5.246145105,1,2,64,64,1.28E-05,373.5005188,1709504865,"./train_model_da75ee3b_360_trial_index=3,batch_size=32,column_lambda=6213638.6304,embedding_size=32,entropy_lambda=5.2461,fc_num=1,f_2024-03-03_16-50-07"
343,2,32,6213638.63,32,5.246145105,1,2,64,64,1.28E-05,2185.445313,1709504586,"./train_model_1f8c08be_359_trial_index=2,batch_size=32,column_lambda=6213638.6304,embedding_size=32,entropy_lambda=5.2461,fc_num=1,f_2024-03-03_16-47-21"
277,3,16,162974.7559,64,375.3558595,1,3,32,4,1.34E-05,306.2123413,1709524610,"./train_model_c51a082b_412_trial_index=3,batch_size=16,column_lambda=162974.7559,embedding_size=64,entropy_lambda=375.3559,fc_num=1,_2024-03-03_22-14-58"
318,0,16,162974.7559,64,375.3558595,1,3,32,4,1.34E-05,308.0255737,1709523008,"./train_model_4f2356c8_409_trial_index=0,batch_size=16,column_lambda=162974.7559,embedding_size=64,entropy_lambda=375.3559,fc_num=1,_2024-03-03_21-48-36"
132,1,16,162974.7559,64,375.3558595,1,3,32,4,1.34E-05,309.7418213,1709524242,"./train_model_6286acb6_410_trial_index=1,batch_size=16,column_lambda=162974.7559,embedding_size=64,entropy_lambda=375.3559,fc_num=1,_2024-03-03_22-08-51"
454,3,8,6.146119716,32,1205.226224,2,3,4,8,1.39E-05,541.855835,1709485246,"./train_model_3bb0cb0b_316_trial_index=3,batch_size=8,column_lambda=6.1461,embedding_size=32,entropy_lambda=1205.2262,fc_num=2,fc_nu_2024-03-03_10-30-14"
65,2,8,6.146119716,32,1205.226224,2,3,4,8,1.39E-05,664.0106812,1709484119,"./train_model_b1a7ca60_315_trial_index=2,batch_size=8,column_lambda=6.1461,embedding_size=32,entropy_lambda=1205.2262,fc_num=2,fc_nu_2024-03-03_10-10-47"
118,1,8,6.146119716,32,1205.226224,2,3,4,8,1.39E-05,996.1140747,1709483569,"./train_model_854d81f7_314_trial_index=1,batch_size=8,column_lambda=6.1461,embedding_size=32,entropy_lambda=1205.2262,fc_num=2,fc_nu_2024-03-03_10-06-31"
457,0,64,1600207.578,4,2489.564968,1,2,64,16,1.51E-05,1808.371704,1709383808,"./train_model_c491a369_97_trial_index=0,batch_size=64,column_lambda=1600207.5784,embedding_size=4,entropy_lambda=2489.5650,fc_num=1,_2024-03-02_07-16-43"
329,3,64,1600207.578,4,2489.564968,1,2,64,16,1.51E-05,2211.447998,1709384825,"./train_model_ea301ab6_100_trial_index=3,batch_size=64,column_lambda=1600207.5784,embedding_size=4,entropy_lambda=2489.5650,fc_num=1_2024-03-02_07-34-01"
113,2,64,1600207.578,4,2489.564968,1,2,64,16,1.51E-05,5749.45459,1709383982,"./train_model_4aa3713a_99_trial_index=2,batch_size=64,column_lambda=1600207.5784,embedding_size=4,entropy_lambda=2489.5650,fc_num=1,_2024-03-02_07-23-05"
252,2,4,3.410433008,8,47239050.88,2,3,16,32,1.52E-05,166.6739502,1709417370,"./train_model_db43cb22_155_trial_index=2,batch_size=4,column_lambda=3.4104,embedding_size=8,entropy_lambda=47239050.8830,fc_num=2,fc_2024-03-02_14-37-16"
321,3,4,3.410433008,8,47239050.88,2,3,16,32,1.52E-05,2242.158447,1709413444,"./train_model_bba88bf2_156_trial_index=3,batch_size=4,column_lambda=3.4104,embedding_size=8,entropy_lambda=47239050.8830,fc_num=2,fc_2024-03-02_14-50-11"
325,0,4,3.410433008,8,47239050.88,2,3,16,32,1.52E-05,2459.326416,1709409011,"./train_model_56880dd1_153_trial_index=0,batch_size=4,column_lambda=3.4104,embedding_size=8,entropy_lambda=47239050.8830,fc_num=2,fc_2024-03-02_13-35-08"
295,0,64,460.4795262,16,1.549476188,2,2,64,64,1.54E-05,610.4199829,1709446838,"./train_model_5a8cc1e7_233_trial_index=0,batch_size=64,column_lambda=460.4795,embedding_size=16,entropy_lambda=1.5495,fc_num=2,fc_nu_2024-03-03_00-34-08"
293,2,64,460.4795262,16,1.549476188,2,2,64,64,1.54E-05,627.5612793,1709447523,"./train_model_46c5250e_235_trial_index=2,batch_size=64,column_lambda=460.4795,embedding_size=16,entropy_lambda=1.5495,fc_num=2,fc_nu_2024-03-03_00-47-27"
274,3,64,460.4795262,16,1.549476188,2,2,64,64,1.54E-05,781.0886841,1709447675,"./train_model_b1601b15_236_trial_index=3,batch_size=64,column_lambda=460.4795,embedding_size=16,entropy_lambda=1.5495,fc_num=2,fc_nu_2024-03-03_00-50-35"
436,2,32,46884071.34,4,4039086.894,1,1,32,32,1.72E-05,623.638855,1709479814,"./train_model_b430557f_307_trial_index=2,batch_size=32,column_lambda=46884071.3434,embedding_size=4,entropy_lambda=4039086.8945,fc_n_2024-03-03_09-05-19"
317,0,32,46884071.34,4,4039086.894,1,1,32,32,1.72E-05,923.0097046,1709478390,"./train_model_ecebd13f_305_trial_index=0,batch_size=32,column_lambda=46884071.3434,embedding_size=4,entropy_lambda=4039086.8945,fc_n_2024-03-03_08-55-38"
219,3,32,46884071.34,4,4039086.894,1,1,32,32,1.72E-05,1256.923584,1709478647,"./train_model_e2f0a37e_308_trial_index=3,batch_size=32,column_lambda=46884071.3434,embedding_size=4,entropy_lambda=4039086.8945,fc_n_2024-03-03_09-07-59"
395,1,32,2273.26392,4,6615.888386,3,3,16,8,1.89E-05,69.914711,1709428002,"./train_model_2b69f801_186_trial_index=1,batch_size=32,column_lambda=2273.2639,embedding_size=4,entropy_lambda=6615.8884,fc_num=3,fc_2024-03-02_18-59-27"
408,2,32,2273.26392,4,6615.888386,3,3,16,8,1.89E-05,120.8077698,1709428421,"./train_model_cae59659_187_trial_index=2,batch_size=32,column_lambda=2273.2639,embedding_size=4,entropy_lambda=6615.8884,fc_num=3,fc_2024-03-02_19-12-21"
404,3,32,2273.26392,4,6615.888386,3,3,16,8,1.89E-05,124.6454163,1709429010,"./train_model_06d5aab2_188_trial_index=3,batch_size=32,column_lambda=2273.2639,embedding_size=4,entropy_lambda=6615.8884,fc_num=3,fc_2024-03-02_19-22-31"
215,2,8,1960.125009,64,4557680.392,3,2,64,8,1.98E-05,78.8359375,1709472711,"./train_model_aa78eed4_287_trial_index=2,batch_size=8,column_lambda=1960.1250,embedding_size=64,entropy_lambda=4557680.3919,fc_num=3_2024-03-03_06-56-46"
119,0,8,1960.125009,64,4557680.392,3,2,64,8,1.98E-05,83.87372589,1709471978,"./train_model_966cf6d5_285_trial_index=0,batch_size=8,column_lambda=1960.1250,embedding_size=64,entropy_lambda=4557680.3919,fc_num=3_2024-03-03_06-51-34"
104,1,8,1960.125009,64,4557680.392,3,2,64,8,1.98E-05,316.6357422,1709470587,"./train_model_c6360da7_286_trial_index=1,batch_size=8,column_lambda=1960.1250,embedding_size=64,entropy_lambda=4557680.3919,fc_num=3_2024-03-03_06-51-48"
324,2,64,1.916334931,32,2899.456725,2,1,4,64,2.01E-05,2710.969482,1709400854,"./train_model_567fc808_131_trial_index=2,batch_size=64,column_lambda=1.9163,embedding_size=32,entropy_lambda=2899.4567,fc_num=2,fc_n_2024-03-02_10-21-07"
451,0,64,1.916334931,32,2899.456725,2,1,4,64,2.01E-05,2792.906738,1709399302,"./train_model_29e76dc4_129_trial_index=0,batch_size=64,column_lambda=1.9163,embedding_size=32,entropy_lambda=2899.4567,fc_num=2,fc_n_2024-03-02_10-02-32"
311,1,64,1.916334931,32,2899.456725,2,1,4,64,2.01E-05,2814.590332,1709399335,"./train_model_9e3e0d2a_130_trial_index=1,batch_size=64,column_lambda=1.9163,embedding_size=32,entropy_lambda=2899.4567,fc_num=2,fc_n_2024-03-02_10-03-39"
367,2,32,82996.63,16,2039183.783,1,1,64,4,2.08E-05,20.22947693,1709494029,"./train_model_88f9a3b2_335_trial_index=2,batch_size=32,column_lambda=82996.6300,embedding_size=16,entropy_lambda=2039183.7834,fc_num_2024-03-03_12-51-44"
187,0,32,82996.63,16,2039183.783,1,1,64,4,2.08E-05,30.47110176,1709492604,"./train_model_96b625de_333_trial_index=0,batch_size=32,column_lambda=82996.6300,embedding_size=16,entropy_lambda=2039183.7834,fc_num_2024-03-03_12-44-13"
153,1,32,82996.63,16,2039183.783,1,1,64,4,2.08E-05,44.39683914,1709492207,"./train_model_99423fd9_334_trial_index=1,batch_size=32,column_lambda=82996.6300,embedding_size=16,entropy_lambda=2039183.7834,fc_num_2024-03-03_12-46-29"
220,1,32,7468512.744,32,127.9122973,2,3,64,64,2.69E-05,1897.906006,1709346880,"./train_model_23eb6daa_22_trial_index=1,batch_size=32,column_lambda=7468512.7437,embedding_size=32,entropy_lambda=127.9123,fc_num=2,_2024-03-01_20-50-02"
28,3,32,7468512.744,32,127.9122973,2,3,64,64,2.69E-05,1920.742188,1709347081,"./train_model_3bdd3054_24_trial_index=3,batch_size=32,column_lambda=7468512.7437,embedding_size=32,entropy_lambda=127.9123,fc_num=2,_2024-03-01_20-55-14"
421,2,32,7468512.744,32,127.9122973,2,3,64,64,2.69E-05,1926.119751,1709346987,"./train_model_d3420731_23_trial_index=2,batch_size=32,column_lambda=7468512.7437,embedding_size=32,entropy_lambda=127.9123,fc_num=2,_2024-03-01_20-53-08"
448,0,64,72023.76066,8,2.460250832,3,3,32,4,3.03E-05,43.54013062,1709504848,"./train_model_496e355e_361_trial_index=0,batch_size=64,column_lambda=72023.7607,embedding_size=8,entropy_lambda=2.4603,fc_num=3,fc_n_2024-03-03_16-50-47"
244,1,64,72023.76066,8,2.460250832,3,3,32,4,3.03E-05,43.72722244,1709504926,"./train_model_f6d5a729_362_trial_index=1,batch_size=64,column_lambda=72023.7607,embedding_size=8,entropy_lambda=2.4603,fc_num=3,fc_n_2024-03-03_16-52-26"
21,3,64,72023.76066,8,2.460250832,3,3,32,4,3.03E-05,105.9008789,1709505114,"./train_model_92db4ebe_364_trial_index=3,batch_size=64,column_lambda=72023.7607,embedding_size=8,entropy_lambda=2.4603,fc_num=3,fc_n_2024-03-03_16-58-00"
286,1,64,1092.879259,4,4667186.78,3,1,32,32,3.57E-05,25.00815964,1709433251,"./train_model_72a3d552_194_trial_index=1,batch_size=64,column_lambda=1092.8793,embedding_size=4,entropy_lambda=4667186.7798,fc_num=3_2024-03-02_20-13-41"
164,3,64,1092.879259,4,4667186.78,3,1,32,32,3.57E-05,27.36571121,1709434394,"./train_model_0e52a5e5_196_trial_index=3,batch_size=64,column_lambda=1092.8793,embedding_size=4,entropy_lambda=4667186.7798,fc_num=3_2024-03-02_20-25-06"
193,0,64,1092.879259,4,4667186.78,3,1,32,32,3.57E-05,33.08742523,1709432558,"./train_model_061b4ef3_193_trial_index=0,batch_size=64,column_lambda=1092.8793,embedding_size=4,entropy_lambda=4667186.7798,fc_num=3_2024-03-02_20-08-57"
74,0,64,12787492.28,16,25.69837527,1,2,16,4,4.09E-05,69.9707489,1709389238,"./train_model_b6af5b07_113_trial_index=0,batch_size=64,column_lambda=12787492.2779,embedding_size=16,entropy_lambda=25.6984,fc_num=1_2024-03-02_08-40-32"
364,1,64,12787492.28,16,25.69837527,1,2,16,4,4.09E-05,531.1574097,1709389011,"./train_model_405f0170_114_trial_index=1,batch_size=64,column_lambda=12787492.2779,embedding_size=16,entropy_lambda=25.6984,fc_num=1_2024-03-02_08-41-08"
226,3,64,12787492.28,16,25.69837527,1,2,16,4,4.09E-05,730.4940186,1709390884,"./train_model_80f2a8fe_116_trial_index=3,batch_size=64,column_lambda=12787492.2779,embedding_size=16,entropy_lambda=25.6984,fc_num=1_2024-03-02_09-08-29"
280,3,4,3083.683032,16,11377.03129,1,1,16,4,4.10E-05,1024.310303,1709561428,"./train_model_d1543146_500_trial_index=3,batch_size=4,column_lambda=3083.6830,embedding_size=16,entropy_lambda=11377.0313,fc_num=1,f_2024-03-04_07-57-51"
493,0,4,3083.683032,16,11377.03129,1,1,16,4,4.10E-05,1430.685181,1709559233,"./train_model_9b107662_497_trial_index=0,batch_size=4,column_lambda=3083.6830,embedding_size=16,entropy_lambda=11377.0313,fc_num=1,f_2024-03-04_07-03-52"
400,1,4,3083.683032,16,11377.03129,1,1,16,4,4.10E-05,3390.230713,1709560359,"./train_model_2aae9514_498_trial_index=1,batch_size=4,column_lambda=3083.6830,embedding_size=16,entropy_lambda=11377.0313,fc_num=1,f_2024-03-04_07-41-48"
25,0,8,569609.8431,64,1.044038053,3,2,8,8,4.73E-05,305.7974243,1709518689,"./train_model_557920af_397_trial_index=0,batch_size=8,column_lambda=569609.8431,embedding_size=64,entropy_lambda=1.0440,fc_num=3,fc__2024-03-03_20-21-30"
241,1,8,569609.8431,64,1.044038053,3,2,8,8,4.73E-05,309.3038635,1709518797,"./train_model_4188a9d1_398_trial_index=1,batch_size=8,column_lambda=569609.8431,embedding_size=64,entropy_lambda=1.0440,fc_num=3,fc__2024-03-03_20-23-22"
258,2,8,569609.8431,64,1.044038053,3,2,8,8,4.73E-05,335.058075,1709519719,"./train_model_c1c1b9a1_399_trial_index=2,batch_size=8,column_lambda=569609.8431,embedding_size=64,entropy_lambda=1.0440,fc_num=3,fc__2024-03-03_20-40-30"
480,2,16,5215.927932,8,94374.02991,3,2,32,64,6.28E-05,44.62190247,1709523143,"./train_model_572b2f03_403_trial_index=2,batch_size=16,column_lambda=5215.9279,embedding_size=8,entropy_lambda=94374.0299,fc_num=3,f_2024-03-03_21-18-09"
459,1,16,5215.927932,8,94374.02991,3,2,32,64,6.28E-05,90.99044037,1709520420,"./train_model_8e368420_402_trial_index=1,batch_size=16,column_lambda=5215.9279,embedding_size=8,entropy_lambda=94374.0299,fc_num=3,f_2024-03-03_20-49-30"
479,3,16,5215.927932,8,94374.02991,3,2,32,64,6.28E-05,106.1365433,1709522032,"./train_model_9a86b53b_404_trial_index=3,batch_size=16,column_lambda=5215.9279,embedding_size=8,entropy_lambda=94374.0299,fc_num=3,f_2024-03-03_21-19-57"
271,2,8,156115.59,4,565.2540567,2,3,8,16,7.30E-05,58.13525772,1709394496,"./train_model_0bd2121c_127_trial_index=2,batch_size=8,column_lambda=156115.5900,embedding_size=4,entropy_lambda=565.2541,fc_num=2,fc_2024-03-02_09-54-05"
417,0,8,156115.59,4,565.2540567,2,3,8,16,7.30E-05,85.07881165,1709394062,"./train_model_5c7114bf_125_trial_index=0,batch_size=8,column_lambda=156115.5900,embedding_size=4,entropy_lambda=565.2541,fc_num=2,fc_2024-03-02_09-47-48"
91,1,8,156115.59,4,565.2540567,2,3,8,16,7.30E-05,85.98806,1709394085,"./train_model_c9d7d719_126_trial_index=1,batch_size=8,column_lambda=156115.5900,embedding_size=4,entropy_lambda=565.2541,fc_num=2,fc_2024-03-02_09-48-04"
366,1,16,548.1395389,32,5.755805017,1,2,16,64,8.68E-05,2.443390369,1709415015,"./train_model_c455e1b5_138_trial_index=1,batch_size=16,column_lambda=548.1395,embedding_size=32,entropy_lambda=5.7558,fc_num=1,fc_nu_2024-03-02_10-58-12"
463,3,16,548.1395389,32,5.755805017,1,2,16,64,8.68E-05,3.707111835,1709412475,"./train_model_1d378d07_140_trial_index=3,batch_size=16,column_lambda=548.1395,embedding_size=32,entropy_lambda=5.7558,fc_num=1,fc_nu_2024-03-02_11-15-02"
12,2,16,548.1395389,32,5.755805017,1,2,16,64,8.68E-05,4.776394844,1709412240,"./train_model_32a596b0_139_trial_index=2,batch_size=16,column_lambda=548.1395,embedding_size=32,entropy_lambda=5.7558,fc_num=1,fc_nu_2024-03-02_11-11-30"
376,1,64,16978486.18,32,136.2643832,1,1,8,8,0.000106488,301.0614319,1709353930,"./train_model_b2056f8d_38_trial_index=1,batch_size=64,column_lambda=16978486.1837,embedding_size=32,entropy_lambda=136.2644,fc_num=1_2024-03-01_22-55-56"
126,3,64,16978486.18,32,136.2643832,1,1,8,8,0.000106488,347.2117615,1709354288,"./train_model_3ac8ce21_40_trial_index=3,batch_size=64,column_lambda=16978486.1837,embedding_size=32,entropy_lambda=136.2644,fc_num=1_2024-03-01_23-00-18"
43,0,64,16978486.18,32,136.2643832,1,1,8,8,0.000106488,807.8860474,1709351933,"./train_model_a6ffb5d1_37_trial_index=0,batch_size=64,column_lambda=16978486.1837,embedding_size=32,entropy_lambda=136.2644,fc_num=1_2024-03-01_22-25-25"
397,3,32,3539.365465,8,3.816582497,3,1,8,32,0.000117988,114.6320572,1709543307,"./train_model_d45f4a51_460_trial_index=3,batch_size=32,column_lambda=3539.3655,embedding_size=8,entropy_lambda=3.8166,fc_num=3,fc_nu_2024-03-04_03-27-33"
300,0,32,3539.365465,8,3.816582497,3,1,8,32,0.000117988,117.9769363,1709540853,"./train_model_3e01affd_457_trial_index=0,batch_size=32,column_lambda=3539.3655,embedding_size=8,entropy_lambda=3.8166,fc_num=3,fc_nu_2024-03-04_02-45-46"
422,1,32,3539.365465,8,3.816582497,3,1,8,32,0.000117988,128.6709747,1709541257,"./train_model_8f403fb6_458_trial_index=1,batch_size=32,column_lambda=3539.3655,embedding_size=8,entropy_lambda=3.8166,fc_num=3,fc_nu_2024-03-04_02-52-33"
66,2,32,27342.48406,32,942.8267609,2,2,16,64,0.000229664,64.95860291,1709436129,"./train_model_47e496d9_203_trial_index=2,batch_size=32,column_lambda=27342.4841,embedding_size=32,entropy_lambda=942.8268,fc_num=2,f_2024-03-02_21-21-37"
281,1,32,27342.48406,32,942.8267609,2,2,16,64,0.000229664,78.84503937,1709435310,"./train_model_8af3eba1_202_trial_index=1,batch_size=32,column_lambda=27342.4841,embedding_size=32,entropy_lambda=942.8268,fc_num=2,f_2024-03-02_21-07-26"
347,3,32,27342.48406,32,942.8267609,2,2,16,64,0.000229664,79.70808411,1709435899,"./train_model_2ab267b4_204_trial_index=3,batch_size=32,column_lambda=27342.4841,embedding_size=32,entropy_lambda=942.8268,fc_num=2,f_2024-03-02_21-22-38"
38,1,16,207.4682522,4,632.0211672,2,1,4,16,0.000292189,8.582239151,1709547574,"./train_model_042c80ef_474_trial_index=1,batch_size=16,column_lambda=207.4683,embedding_size=4,entropy_lambda=632.0212,fc_num=2,fc_n_2024-03-04_04-28-50"
82,3,16,207.4682522,4,632.0211672,2,1,4,16,0.000292189,9.289393425,1709549401,"./train_model_02d0ecbe_476_trial_index=3,batch_size=16,column_lambda=207.4683,embedding_size=4,entropy_lambda=632.0212,fc_num=2,fc_n_2024-03-04_04-58-52"
328,0,16,207.4682522,4,632.0211672,2,1,4,16,0.000292189,10.64129257,1709547215,"./train_model_67463542_473_trial_index=0,batch_size=16,column_lambda=207.4683,embedding_size=4,entropy_lambda=632.0212,fc_num=2,fc_n_2024-03-04_04-25-52"
426,3,4,15952351.42,16,647.2856366,2,2,8,16,0.000308326,0.698318541,1709461900,"./train_model_0d3f3ec5_252_trial_index=3,batch_size=4,column_lambda=15952351.4192,embedding_size=16,entropy_lambda=647.2856,fc_num=2_2024-03-03_03-03-57"
170,2,4,15952351.42,16,647.2856366,2,2,8,16,0.000308326,114.5277557,1709456677,"./train_model_50cb7f64_251_trial_index=2,batch_size=4,column_lambda=15952351.4192,embedding_size=16,entropy_lambda=647.2856,fc_num=2_2024-03-03_02-59-46"
447,0,4,15952351.42,16,647.2856366,2,2,8,16,0.000308326,133.8762665,1709454917,"./train_model_ef906464_249_trial_index=0,batch_size=4,column_lambda=15952351.4192,embedding_size=16,entropy_lambda=647.2856,fc_num=2_2024-03-03_02-30-32"
67,3,32,57557316.78,16,819.7212211,1,2,8,16,0.000324932,60.78135681,1709466694,"./train_model_7f82beb4_276_trial_index=3,batch_size=32,column_lambda=57557316.7797,embedding_size=16,entropy_lambda=819.7212,fc_num=_2024-03-03_06-18-11"
136,2,32,57557316.78,16,819.7212211,1,2,8,16,0.000324932,86.94335938,1709466519,"./train_model_303bdf34_275_trial_index=2,batch_size=32,column_lambda=57557316.7797,embedding_size=16,entropy_lambda=819.7212,fc_num=_2024-03-03_06-15-13"
231,1,32,57557316.78,16,819.7212211,1,2,8,16,0.000324932,245.31987,1709464852,"./train_model_229d7dc8_274_trial_index=1,batch_size=32,column_lambda=57557316.7797,embedding_size=16,entropy_lambda=819.7212,fc_num=_2024-03-03_05-48-48"
6,1,4,15863.31885,16,46900411.24,2,2,64,8,0.000397439,23.99477768,1709532304,"./train_model_31b758c6_426_trial_index=1,batch_size=4,column_lambda=15863.3189,embedding_size=16,entropy_lambda=46900411.2350,fc_num_2024-03-03_23-32-53"
117,2,4,15863.31885,16,46900411.24,2,2,64,8,0.000397439,52.48677063,1709530980,"./train_model_010b5864_427_trial_index=2,batch_size=4,column_lambda=15863.3189,embedding_size=16,entropy_lambda=46900411.2350,fc_num_2024-03-03_23-35-26"
387,3,4,15863.31885,16,46900411.24,2,2,64,8,0.000397439,52.90332794,1709530986,"./train_model_db6b41b7_428_trial_index=3,batch_size=4,column_lambda=15863.3189,embedding_size=16,entropy_lambda=46900411.2350,fc_num_2024-03-03_23-37-27"
292,2,16,10277026.65,8,1168347.547,2,2,16,8,0.000413342,9.194748878,1709453898,"./train_model_a7913937_247_trial_index=2,batch_size=16,column_lambda=10277026.6481,embedding_size=8,entropy_lambda=1168347.5468,fc_n_2024-03-03_02-18-54"
456,3,16,10277026.65,8,1168347.547,2,2,16,8,0.000413342,10.74997139,1709454450,"./train_model_288f0eed_248_trial_index=3,batch_size=16,column_lambda=10277026.6481,embedding_size=8,entropy_lambda=1168347.5468,fc_n_2024-03-03_02-30-00"
13,0,16,10277026.65,8,1168347.547,2,2,16,8,0.000413342,11.55239868,1709452786,"./train_model_5e162c7c_245_trial_index=0,batch_size=16,column_lambda=10277026.6481,embedding_size=8,entropy_lambda=1168347.5468,fc_n_2024-03-03_02-02-12"
253,1,32,9938663.93,4,20685280.87,1,3,16,8,0.000448951,7.456760406,1709552347,"./train_model_25798c10_482_trial_index=1,batch_size=32,column_lambda=9938663.9299,embedding_size=4,entropy_lambda=20685280.8662,fc_n_2024-03-04_05-31-03"
423,3,32,9938663.93,4,20685280.87,1,3,16,8,0.000448951,9.925248146,1709553100,"./train_model_c395516b_484_trial_index=3,batch_size=32,column_lambda=9938663.9299,embedding_size=4,entropy_lambda=20685280.8662,fc_n_2024-03-04_05-50-01"
320,0,32,9938663.93,4,20685280.87,1,3,16,8,0.000448951,10.09031582,1709551726,"./train_model_8a0eea1c_481_trial_index=0,batch_size=32,column_lambda=9938663.9299,embedding_size=4,entropy_lambda=20685280.8662,fc_n_2024-03-04_05-28-29"
285,2,16,61730.79739,4,720392.3485,3,1,4,4,0.000452946,30.30548668,1709497628,"./train_model_162a97e6_343_trial_index=2,batch_size=16,column_lambda=61730.7974,embedding_size=4,entropy_lambda=720392.3485,fc_num=3_2024-03-03_14-27-09"
440,3,16,61730.79739,4,720392.3485,3,1,4,4,0.000452946,73.80738068,1709498362,"./train_model_7d271af2_344_trial_index=3,batch_size=16,column_lambda=61730.7974,embedding_size=4,entropy_lambda=720392.3485,fc_num=3_2024-03-03_14-44-16"
307,1,16,61730.79739,4,720392.3485,3,1,4,4,0.000452946,98.84644318,1709496068,"./train_model_0d327543_342_trial_index=1,batch_size=16,column_lambda=61730.7974,embedding_size=4,entropy_lambda=720392.3485,fc_num=3_2024-03-03_14-03-24"
273,3,8,437322.8564,8,1557.702237,1,2,4,32,0.000538576,5.243053436,1709384400,"./train_model_39ef2c86_96_trial_index=3,batch_size=8,column_lambda=437322.8564,embedding_size=8,entropy_lambda=1557.7022,fc_num=1,fc_2024-03-02_07-14-13"
97,0,8,437322.8564,8,1557.702237,1,2,4,32,0.000538576,6.885848045,1709383266,"./train_model_d224cace_93_trial_index=0,batch_size=8,column_lambda=437322.8564,embedding_size=8,entropy_lambda=1557.7022,fc_num=1,fc_2024-03-02_06-54-55"
291,2,8,437322.8564,8,1557.702237,1,2,4,32,0.000538576,14.23369217,1709384446,"./train_model_01882619_95_trial_index=2,batch_size=8,column_lambda=437322.8564,embedding_size=8,entropy_lambda=1557.7022,fc_num=1,fc_2024-03-02_07-12-08"
314,3,8,15667164.35,4,212419.4265,3,1,64,32,0.0005476,21.2924366,1709508448,"./train_model_e7dc20e2_372_trial_index=3,batch_size=8,column_lambda=15667164.3462,embedding_size=4,entropy_lambda=212419.4265,fc_num_2024-03-03_17-28-46"
23,1,8,15667164.35,4,212419.4265,3,1,64,32,0.0005476,35.44322586,1709508404,"./train_model_219dc57e_370_trial_index=1,batch_size=8,column_lambda=15667164.3462,embedding_size=4,entropy_lambda=212419.4265,fc_num_2024-03-03_17-27-28"
3,0,8,15667164.35,4,212419.4265,3,1,64,32,0.0005476,71.46720886,1709508141,"./train_model_ca4c5677_369_trial_index=0,batch_size=8,column_lambda=15667164.3462,embedding_size=4,entropy_lambda=212419.4265,fc_num_2024-03-03_17-23-06"
48,2,8,58076.40772,8,38.24155727,2,2,8,8,0.00078178,23.36427498,1709445088,"./train_model_b41da9ea_227_trial_index=2,batch_size=8,column_lambda=58076.4077,embedding_size=8,entropy_lambda=38.2416,fc_num=2,fc_n_2024-03-02_23-57-18"
198,0,8,58076.40772,8,38.24155727,2,2,8,8,0.00078178,25.96683884,1709444418,"./train_model_18445476_225_trial_index=0,batch_size=8,column_lambda=58076.4077,embedding_size=8,entropy_lambda=38.2416,fc_num=2,fc_n_2024-03-02_23-45-27"
385,1,8,58076.40772,8,38.24155727,2,2,8,8,0.00078178,28.08370209,1709445035,"./train_model_533196ee_226_trial_index=1,batch_size=8,column_lambda=58076.4077,embedding_size=8,entropy_lambda=38.2416,fc_num=2,fc_n_2024-03-02_23-56-27"
144,2,32,113.350009,64,2870.640851,2,3,32,64,0.000974581,20.13156319,1709512420,"./train_model_2d2f7f97_379_trial_index=2,batch_size=32,column_lambda=113.3500,embedding_size=64,entropy_lambda=2870.6409,fc_num=2,fc_2024-03-03_18-00-45"
208,0,32,113.350009,64,2870.640851,2,3,32,64,0.000974581,21.40403748,1709510280,"./train_model_a195a68b_377_trial_index=0,batch_size=32,column_lambda=113.3500,embedding_size=64,entropy_lambda=2870.6409,fc_num=2,fc_2024-03-03_17-51-32"
389,3,32,113.350009,64,2870.640851,2,3,32,64,0.000974581,30.61984634,1709511110,"./train_model_cb52a3d9_380_trial_index=3,batch_size=32,column_lambda=113.3500,embedding_size=64,entropy_lambda=2870.6409,fc_num=2,fc_2024-03-03_18-03-05"
92,0,32,12467419.38,8,15.35517653,3,3,32,8,0.001085042,6.814889908,1709434848,"./train_model_32032f3d_205_trial_index=0,batch_size=32,column_lambda=12467419.3827,embedding_size=8,entropy_lambda=15.3552,fc_num=3,_2024-03-02_21-24-27"
197,3,32,12467419.38,8,15.35517653,3,3,32,8,0.001085042,6.989923477,1709435803,"./train_model_10aa445f_208_trial_index=3,batch_size=32,column_lambda=12467419.3827,embedding_size=8,entropy_lambda=15.3552,fc_num=3,_2024-03-02_21-40-30"
173,2,32,12467419.38,8,15.35517653,3,3,32,8,0.001085042,7.562736034,1709435433,"./train_model_451e7e07_207_trial_index=2,batch_size=32,column_lambda=12467419.3827,embedding_size=8,entropy_lambda=15.3552,fc_num=3,_2024-03-02_21-34-11"
201,2,32,3.346435693,32,140522.3834,3,2,32,32,0.001298961,14.60154152,1709514331,"./train_model_4552dede_387_trial_index=2,batch_size=32,column_lambda=3.3464,embedding_size=32,entropy_lambda=140522.3834,fc_num=3,fc_2024-03-03_19-00-47"
206,0,32,3.346435693,32,140522.3834,3,2,32,32,0.001298961,15.45266628,1709513710,"./train_model_a95a71ac_385_trial_index=0,batch_size=32,column_lambda=3.3464,embedding_size=32,entropy_lambda=140522.3834,fc_num=3,fc_2024-03-03_18-57-15"
232,3,32,3.346435693,32,140522.3834,3,2,32,32,0.001298961,21.95926857,1709514302,"./train_model_dea0151f_388_trial_index=3,batch_size=32,column_lambda=3.3464,embedding_size=32,entropy_lambda=140522.3834,fc_num=3,fc_2024-03-03_19-05-17"
351,0,64,19464.82103,8,1554.725179,1,2,32,16,0.001318027,1.568971276,1709388517,"./train_model_66f098d4_105_trial_index=0,batch_size=64,column_lambda=19464.8210,embedding_size=8,entropy_lambda=1554.7252,fc_num=1,f_2024-03-02_07-53-02"
184,1,64,19464.82103,8,1554.725179,1,2,32,16,0.001318027,2.132415056,1709389048,"./train_model_f30621b2_106_trial_index=1,batch_size=64,column_lambda=19464.8210,embedding_size=8,entropy_lambda=1554.7252,fc_num=1,f_2024-03-02_07-58-46"
384,2,64,19464.82103,8,1554.725179,1,2,32,16,0.001318027,2.487472296,1709388235,"./train_model_a4dc1727_107_trial_index=2,batch_size=64,column_lambda=19464.8210,embedding_size=8,entropy_lambda=1554.7252,fc_num=1,f_2024-03-02_08-00-00"
354,0,32,287.3685785,16,9.996687256,3,1,16,8,0.00162185,5.609827042,1709467982,"./train_model_70d09af2_277_trial_index=0,batch_size=32,column_lambda=287.3686,embedding_size=16,entropy_lambda=9.9967,fc_num=3,fc_nu_2024-03-03_06-20-52"
174,3,32,287.3685785,16,9.996687256,3,1,16,8,0.00162185,6.546017647,1709468513,"./train_model_3389b309_280_trial_index=3,batch_size=32,column_lambda=287.3686,embedding_size=16,entropy_lambda=9.9967,fc_num=3,fc_nu_2024-03-03_06-24-28"
356,1,32,287.3685785,16,9.996687256,3,1,16,8,0.00162185,13.09708309,1709468156,"./train_model_90ffa8ca_278_trial_index=1,batch_size=32,column_lambda=287.3686,embedding_size=16,entropy_lambda=9.9967,fc_num=3,fc_nu_2024-03-03_06-22-35"
129,1,32,36.17975349,4,1.428347858,3,3,32,8,0.00200366,0.609263301,1709342571,"./train_model_490e9c30_2_trial_index=1,batch_size=32,column_lambda=36.1798,embedding_size=4,entropy_lambda=1.4283,fc_num=3,fc_num2=3_2024-03-01_19-15-28"
330,3,32,36.17975349,4,1.428347858,3,3,32,8,0.00200366,0.689294457,1709341507,"./train_model_63e7ffd2_4_trial_index=3,batch_size=32,column_lambda=36.1798,embedding_size=4,entropy_lambda=1.4283,fc_num=3,fc_num2=3_2024-03-01_19-15-34"
233,2,32,36.17975349,4,1.428347858,3,3,32,8,0.00200366,1.050018311,1709341805,"./train_model_d50163fa_3_trial_index=2,batch_size=32,column_lambda=36.1798,embedding_size=4,entropy_lambda=1.4283,fc_num=3,fc_num2=3_2024-03-01_19-15-31"
123,2,64,89.80483144,4,26799.21695,2,1,16,64,0.002073611,1.930041432,1709458429,"./train_model_4ac2d87d_255_trial_index=2,batch_size=64,column_lambda=89.8048,embedding_size=4,entropy_lambda=26799.2170,fc_num=2,fc__2024-03-03_03-20-42"
326,1,64,89.80483144,4,26799.21695,2,1,16,64,0.002073611,2.070912123,1709457850,"./train_model_589ab48d_254_trial_index=1,batch_size=64,column_lambda=89.8048,embedding_size=4,entropy_lambda=26799.2170,fc_num=2,fc__2024-03-03_03-18-18"
465,3,64,89.80483144,4,26799.21695,2,1,16,64,0.002073611,2.366957188,1709458572,"./train_model_2ee998f6_256_trial_index=3,batch_size=64,column_lambda=89.8048,embedding_size=4,entropy_lambda=26799.2170,fc_num=2,fc__2024-03-03_03-24-40"
152,0,4,3.728156556,16,5.89847564,3,2,4,16,0.002235568,0.29081592,1709461489,"./train_model_2c3b05e4_257_trial_index=0,batch_size=4,column_lambda=3.7282,embedding_size=16,entropy_lambda=5.8985,fc_num=3,fc_num2=_2024-03-03_03-27-30"
350,3,4,3.728156556,16,5.89847564,3,2,4,16,0.002235568,4.434418678,1709460875,"./train_model_7c6ad434_260_trial_index=3,batch_size=4,column_lambda=3.7282,embedding_size=16,entropy_lambda=5.8985,fc_num=3,fc_num2=_2024-03-03_04-04-37"
388,2,4,3.728156556,16,5.89847564,3,2,4,16,0.002235568,6.137728691,1709460504,"./train_model_cd6061d2_259_trial_index=2,batch_size=4,column_lambda=3.7282,embedding_size=16,entropy_lambda=5.8985,fc_num=3,fc_num2=_2024-03-03_03-59-35"
209,1,16,12.34910516,16,18753.22065,2,3,8,64,0.002651227,2.021763563,1709355368,"./train_model_4272e822_42_trial_index=1,batch_size=16,column_lambda=12.3491,embedding_size=16,entropy_lambda=18753.2206,fc_num=2,fc__2024-03-01_23-03-06"
337,2,16,12.34910516,16,18753.22065,2,3,8,64,0.002651227,2.247260332,1709355954,"./train_model_62404a1c_43_trial_index=2,batch_size=16,column_lambda=12.3491,embedding_size=16,entropy_lambda=18753.2206,fc_num=2,fc__2024-03-01_23-10-29"
254,0,16,12.34910516,16,18753.22065,2,3,8,64,0.002651227,2.404950619,1709355272,"./train_model_8b193983_41_trial_index=0,batch_size=16,column_lambda=12.3491,embedding_size=16,entropy_lambda=18753.2206,fc_num=2,fc__2024-03-01_23-00-32"
0,1,16,111.8113653,4,7402355.234,2,1,64,64,0.002778651,5.164031506,1709536737,"./train_model_3b97bb5e_446_trial_index=1,batch_size=16,column_lambda=111.8114,embedding_size=4,entropy_lambda=7402355.2340,fc_num=2,_2024-03-04_01-30-28"
103,2,16,111.8113653,4,7402355.234,2,1,64,64,0.002778651,7.589952469,1709537041,"./train_model_f7c0b8c6_447_trial_index=2,batch_size=16,column_lambda=111.8114,embedding_size=4,entropy_lambda=7402355.2340,fc_num=2,_2024-03-04_01-35-59"
449,3,16,111.8113653,4,7402355.234,2,1,64,64,0.002778651,7.984781742,1709538753,"./train_model_32379af4_448_trial_index=3,batch_size=16,column_lambda=111.8114,embedding_size=4,entropy_lambda=7402355.2340,fc_num=2,_2024-03-04_02-02-27"
469,1,4,136.8679632,16,2630968.233,3,2,32,8,0.003558707,0.249546334,1709466126,"./train_model_1578e88a_262_trial_index=1,batch_size=4,column_lambda=136.8680,embedding_size=16,entropy_lambda=2630968.2327,fc_num=3,_2024-03-03_04-24-10"
35,2,4,136.8679632,16,2630968.233,3,2,32,8,0.003558707,1.729753971,1709464691,"./train_model_b2a8ee98_263_trial_index=2,batch_size=4,column_lambda=136.8680,embedding_size=16,entropy_lambda=2630968.2327,fc_num=3,_2024-03-03_04-33-49"
186,3,4,136.8679632,16,2630968.233,3,2,32,8,0.003558707,16.82163811,1709462911,"./train_model_9ac04c17_264_trial_index=3,batch_size=4,column_lambda=136.8680,embedding_size=16,entropy_lambda=2630968.2327,fc_num=3,_2024-03-03_04-36-12"
411,3,32,45952.47902,4,39754242.29,3,1,8,8,0.0041162,1.642352462,1709451460,"./train_model_f2466837_244_trial_index=3,batch_size=32,column_lambda=45952.4790,embedding_size=4,entropy_lambda=39754242.2905,fc_num_2024-03-03_01-34-35"
413,0,32,45952.47902,4,39754242.29,3,1,8,8,0.0041162,2.156934023,1709450171,"./train_model_73964ade_241_trial_index=0,batch_size=32,column_lambda=45952.4790,embedding_size=4,entropy_lambda=39754242.2905,fc_num_2024-03-03_01-20-38"
445,1,32,45952.47902,4,39754242.29,3,1,8,8,0.0041162,2.97899127,1709450334,"./train_model_3e44a9a6_242_trial_index=1,batch_size=32,column_lambda=45952.4790,embedding_size=4,entropy_lambda=39754242.2905,fc_num_2024-03-03_01-26-09"
141,3,32,5.935913369,4,35907.72816,2,1,4,64,0.004635226,0.711107671,1709431646,"./train_model_f562fcf2_192_trial_index=3,batch_size=32,column_lambda=5.9359,embedding_size=4,entropy_lambda=35907.7282,fc_num=2,fc_n_2024-03-02_20-06-42"
223,0,32,5.935913369,4,35907.72816,2,1,4,64,0.004635226,0.935482383,1709429713,"./train_model_a6e9e0ad_189_trial_index=0,batch_size=32,column_lambda=5.9359,embedding_size=4,entropy_lambda=35907.7282,fc_num=2,fc_n_2024-03-02_19-27-54"
214,1,32,5.935913369,4,35907.72816,2,1,4,64,0.004635226,1.235924482,1709429274,"./train_model_ec79e2e8_190_trial_index=1,batch_size=32,column_lambda=5.9359,embedding_size=4,entropy_lambda=35907.7282,fc_num=2,fc_n_2024-03-02_19-30-53"
69,0,16,59.17399013,4,21.15233103,1,3,64,32,0.005323502,0.972386301,1709380771,"./train_model_ef76d1b8_89_trial_index=0,batch_size=16,column_lambda=59.1740,embedding_size=4,entropy_lambda=21.1523,fc_num=1,fc_num2_2024-03-02_06-08-19"
259,3,16,59.17399013,4,21.15233103,1,3,64,32,0.005323502,1.260895729,1709381907,"./train_model_4b32bbf8_92_trial_index=3,batch_size=16,column_lambda=59.1740,embedding_size=4,entropy_lambda=21.1523,fc_num=1,fc_num2_2024-03-02_06-28-42"
255,1,16,59.17399013,4,21.15233103,1,3,64,32,0.005323502,2.264047146,1709381528,"./train_model_adc758db_90_trial_index=1,batch_size=16,column_lambda=59.1740,embedding_size=4,entropy_lambda=21.1523,fc_num=1,fc_num2_2024-03-02_06-23-29"
382,3,32,52380.36634,16,997768.1156,2,2,4,4,0.005356483,0.716844022,1709433630,"./train_model_edf08b10_200_trial_index=3,batch_size=32,column_lambda=52380.3663,embedding_size=16,entropy_lambda=997768.1156,fc_num=_2024-03-02_20-45-07"
441,2,32,52380.36634,16,997768.1156,2,2,4,4,0.005356483,0.869572699,1709433188,"./train_model_9c65e288_199_trial_index=2,batch_size=32,column_lambda=52380.3663,embedding_size=16,entropy_lambda=997768.1156,fc_num=_2024-03-02_20-35-13"
348,1,32,52380.36634,16,997768.1156,2,2,4,4,0.005356483,0.963639617,1709432667,"./train_model_7e281b3b_198_trial_index=1,batch_size=32,column_lambda=52380.3663,embedding_size=16,entropy_lambda=997768.1156,fc_num=_2024-03-02_20-31-16"
368,3,32,26.19695322,8,4781.014217,3,3,8,64,0.00616191,0.363280743,1709383330,"./train_model_afce7d81_80_trial_index=3,batch_size=32,column_lambda=26.1970,embedding_size=8,entropy_lambda=4781.0142,fc_num=3,fc_nu_2024-03-02_04-23-04"
57,1,32,26.19695322,8,4781.014217,3,3,8,64,0.00616191,0.726171434,1709374584,"./train_model_98e10512_78_trial_index=1,batch_size=32,column_lambda=26.1970,embedding_size=8,entropy_lambda=4781.0142,fc_num=3,fc_nu_2024-03-02_04-03-11"
182,2,32,26.19695322,8,4781.014217,3,3,8,64,0.00616191,0.82421273,1709375023,"./train_model_266674b0_79_trial_index=2,batch_size=32,column_lambda=26.1970,embedding_size=8,entropy_lambda=4781.0142,fc_num=3,fc_nu_2024-03-02_04-20-42"
161,0,64,69456220.34,32,188.7486537,2,1,4,32,0.006551046,0.636268258,1709364961,"./train_model_114ef319_65_trial_index=0,batch_size=64,column_lambda=69456220.3397,embedding_size=32,entropy_lambda=188.7487,fc_num=2_2024-03-02_02-00-04"
124,3,64,69456220.34,32,188.7486537,2,1,4,32,0.006551046,0.674830198,1709366766,"./train_model_8af58932_68_trial_index=3,batch_size=64,column_lambda=69456220.3397,embedding_size=32,entropy_lambda=188.7487,fc_num=2_2024-03-02_02-25-12"
483,1,64,69456220.34,32,188.7486537,2,1,4,32,0.006551046,1.494233131,1709365748,"./train_model_22a23d26_66_trial_index=1,batch_size=64,column_lambda=69456220.3397,embedding_size=32,entropy_lambda=188.7487,fc_num=2_2024-03-02_02-11-16"
122,2,8,1079599.264,32,93.6702465,2,3,32,4,0.008290892,2.254116297,1709525753,"./train_model_fd8e04da_415_trial_index=2,batch_size=8,column_lambda=1079599.2640,embedding_size=32,entropy_lambda=93.6702,fc_num=2,f_2024-03-03_22-25-51"
42,3,8,1079599.264,32,93.6702465,2,3,32,4,0.008290892,2.550309658,1709525999,"./train_model_46faefd4_416_trial_index=3,batch_size=8,column_lambda=1079599.2640,embedding_size=32,entropy_lambda=93.6702,fc_num=2,f_2024-03-03_22-30-08"
240,1,8,1079599.264,32,93.6702465,2,3,32,4,0.008290892,2.590189219,1709525206,"./train_model_8475037c_414_trial_index=1,batch_size=8,column_lambda=1079599.2640,embedding_size=32,entropy_lambda=93.6702,fc_num=2,f_2024-03-03_22-16-32"
89,2,4,952610.6875,4,6.73487474,2,1,16,8,0.008662855,1.227395058,1709446402,"./train_model_aaf2899c_223_trial_index=2,batch_size=4,column_lambda=952610.6875,embedding_size=4,entropy_lambda=6.7349,fc_num=2,fc_n_2024-03-02_23-31-54"
453,1,4,952610.6875,4,6.73487474,2,1,16,8,0.008662855,1.952602267,1709444047,"./train_model_49d5efbd_222_trial_index=1,batch_size=4,column_lambda=952610.6875,embedding_size=4,entropy_lambda=6.7349,fc_num=2,fc_n_2024-03-02_23-19-15"
455,3,4,952610.6875,4,6.73487474,2,1,16,8,0.008662855,3.226435661,1709444847,"./train_model_584e1c5d_224_trial_index=3,batch_size=4,column_lambda=952610.6875,embedding_size=4,entropy_lambda=6.7349,fc_num=2,fc_n_2024-03-02_23-33-49"
487,0,64,1739.225528,16,59.70288162,3,3,4,16,0.008708011,0.401936978,1709475906,"./train_model_a5f2378f_289_trial_index=0,batch_size=64,column_lambda=1739.2255,embedding_size=16,entropy_lambda=59.7029,fc_num=3,fc__2024-03-03_07-15-56"
96,1,64,1739.225528,16,59.70288162,3,3,4,16,0.008708011,0.623645306,1709473078,"./train_model_f23aadb5_290_trial_index=1,batch_size=64,column_lambda=1739.2255,embedding_size=16,entropy_lambda=59.7029,fc_num=3,fc__2024-03-03_07-18-05"
282,2,64,1739.225528,16,59.70288162,3,3,4,16,0.008708011,0.970764637,1709473383,"./train_model_042e90f7_291_trial_index=2,batch_size=64,column_lambda=1739.2255,embedding_size=16,entropy_lambda=59.7029,fc_num=3,fc__2024-03-03_07-21-53"
83,0,8,3.013823268,32,639.8361052,2,1,64,64,0.008710893,31.58330727,1709378922,"./train_model_d30a26df_85_trial_index=0,batch_size=8,column_lambda=3.0138,embedding_size=32,entropy_lambda=639.8361,fc_num=2,fc_num2_2024-03-02_05-23-43"
229,3,8,3.013823268,32,639.8361052,2,1,64,64,0.008710893,2354.46875,1709388509,"./train_model_b05b3a84_88_trial_index=3,batch_size=8,column_lambda=3.0138,embedding_size=32,entropy_lambda=639.8361,fc_num=2,fc_num2_2024-03-02_06-00-31"
462,2,8,3.013823268,32,639.8361052,2,1,64,64,0.008710893,3611.750488,1709384326,"./train_model_7e80d896_87_trial_index=2,batch_size=8,column_lambda=3.0138,embedding_size=32,entropy_lambda=639.8361,fc_num=2,fc_num2_2024-03-02_05-50-47"
200,1,8,5737912.154,8,4326921.346,1,2,8,8,0.015057488,0.420481712,1709397946,"./train_model_5c33f33d_122_trial_index=1,batch_size=8,column_lambda=5737912.1538,embedding_size=8,entropy_lambda=4326921.3461,fc_num_2024-03-02_09-20-38"
398,2,8,5737912.154,8,4326921.346,1,2,8,8,0.015057488,0.4583942,1709394866,"./train_model_85e68651_123_trial_index=2,batch_size=8,column_lambda=5737912.1538,embedding_size=8,entropy_lambda=4326921.3461,fc_num_2024-03-02_09-21-30"
99,0,8,5737912.154,8,4326921.346,1,2,8,8,0.015057488,0.506602883,1709392994,"./train_model_f3adb7a5_121_trial_index=0,batch_size=8,column_lambda=5737912.1538,embedding_size=8,entropy_lambda=4326921.3461,fc_num_2024-03-02_09-18-33"
64,2,4,382.4900304,64,59.64407746,3,2,16,16,0.023614931,0.638153076,1709465068,"./train_model_2f2f755a_231_trial_index=2,batch_size=4,column_lambda=382.4900,embedding_size=64,entropy_lambda=59.6441,fc_num=3,fc_nu_2024-03-03_00-31-18"
336,0,4,382.4900304,64,59.64407746,3,2,16,16,0.023614931,1.342903733,1709454280,"./train_model_9d3e127c_229_trial_index=0,batch_size=4,column_lambda=382.4900,embedding_size=64,entropy_lambda=59.6441,fc_num=3,fc_nu_2024-03-03_00-14-08"
188,3,4,382.4900304,64,59.64407746,3,2,16,16,0.023614931,169.5160828,1709456375,"./train_model_3590ee49_232_trial_index=3,batch_size=4,column_lambda=382.4900,embedding_size=64,entropy_lambda=59.6441,fc_num=3,fc_nu_2024-03-03_00-33-21"
7,2,16,7698.314528,64,5170611.593,3,1,32,8,0.024600979,0.631245017,1709443878,"./train_model_8f464ef0_215_trial_index=2,batch_size=16,column_lambda=7698.3145,embedding_size=64,entropy_lambda=5170611.5933,fc_num=_2024-03-02_22-10-33"
120,3,16,7698.314528,64,5170611.593,3,1,32,8,0.024600979,0.63170296,1709441787,"./train_model_77821163_216_trial_index=3,batch_size=16,column_lambda=7698.3145,embedding_size=64,entropy_lambda=5170611.5933,fc_num=_2024-03-02_22-16-43"
59,0,16,7698.314528,64,5170611.593,3,1,32,8,0.024600979,0.67272222,1709439555,"./train_model_933c0e10_213_trial_index=0,batch_size=16,column_lambda=7698.3145,embedding_size=64,entropy_lambda=5170611.5933,fc_num=_2024-03-02_22-08-03"
9,1,32,1620.971282,16,45.01205889,2,3,32,4,0.025429053,0.632248998,1709548109,"./train_model_835d7ec6_470_trial_index=1,batch_size=32,column_lambda=1620.9713,embedding_size=16,entropy_lambda=45.0121,fc_num=2,fc__2024-03-04_04-08-27"
202,2,32,1620.971282,16,45.01205889,2,3,32,4,0.025429053,0.638778389,1709549783,"./train_model_71d18df8_471_trial_index=2,batch_size=32,column_lambda=1620.9713,embedding_size=16,entropy_lambda=45.0121,fc_num=2,fc__2024-03-04_04-20-22"
134,0,32,1620.971282,16,45.01205889,2,3,32,4,0.025429053,10.40074921,1709544806,"./train_model_8b403aa5_469_trial_index=0,batch_size=32,column_lambda=1620.9713,embedding_size=16,entropy_lambda=45.0121,fc_num=2,fc__2024-03-04_03-56-49"
88,1,64,2255.354586,64,4.037139696,3,2,8,32,0.028473599,0.638235927,1709506292,"./train_model_01b48942_366_trial_index=1,batch_size=64,column_lambda=2255.3546,embedding_size=64,entropy_lambda=4.0371,fc_num=3,fc_n_2024-03-03_17-09-12"
279,0,64,2255.354586,64,4.037139696,3,2,8,32,0.028473599,0.691141665,1709505786,"./train_model_48cb2fbc_365_trial_index=0,batch_size=64,column_lambda=2255.3546,embedding_size=64,entropy_lambda=4.0371,fc_num=3,fc_n_2024-03-03_17-00-22"
468,2,64,2255.354586,64,4.037139696,3,2,8,32,0.028473599,0.8937217,1709506845,"./train_model_1e188a40_367_trial_index=2,batch_size=64,column_lambda=2255.3546,embedding_size=64,entropy_lambda=4.0371,fc_num=3,fc_n_2024-03-03_17-19-16"
310,1,32,1.829448321,64,461.3197403,1,1,4,32,0.033465611,19.48918724,1709510717,"./train_model_41b63d50_382_trial_index=1,batch_size=32,column_lambda=1.8294,embedding_size=64,entropy_lambda=461.3197,fc_num=1,fc_nu_2024-03-03_18-26-44"
177,3,32,1.829448321,64,461.3197403,1,1,4,32,0.033465611,284.0638733,1709510888,"./train_model_e071b688_384_trial_index=3,batch_size=32,column_lambda=1.8294,embedding_size=64,entropy_lambda=461.3197,fc_num=1,fc_nu_2024-03-03_18-29-16"
158,2,32,1.829448321,64,461.3197403,1,1,4,32,0.033465611,285.614624,1709510773,"./train_model_da1311b0_383_trial_index=2,batch_size=32,column_lambda=1.8294,embedding_size=64,entropy_lambda=461.3197,fc_num=1,fc_nu_2024-03-03_18-27-28"
305,0,8,70.59939848,16,6670804.436,2,3,32,4,0.036055347,0.625193536,1709349886,"./train_model_00a3be82_25_trial_index=0,batch_size=8,column_lambda=70.5994,embedding_size=16,entropy_lambda=6670804.4364,fc_num=2,fc_2024-03-01_20-56-29"
111,2,8,70.59939848,16,6670804.436,2,3,32,4,0.036055347,0.628558397,1709349482,"./train_model_23d40896_27_trial_index=2,batch_size=8,column_lambda=70.5994,embedding_size=16,entropy_lambda=6670804.4364,fc_num=2,fc_2024-03-01_21-04-15"
297,3,8,70.59939848,16,6670804.436,2,3,32,4,0.036055347,0.63152045,1709356456,"./train_model_f510d8e6_28_trial_index=3,batch_size=8,column_lambda=70.5994,embedding_size=16,entropy_lambda=6670804.4364,fc_num=2,fc_2024-03-01_21-34-28"
2,2,16,21448033.29,4,747580.2008,3,2,8,16,0.036880259,0.554612219,1709416706,"./train_model_3c3d020a_159_trial_index=2,batch_size=16,column_lambda=21448033.2909,embedding_size=4,entropy_lambda=747580.2008,fc_nu_2024-03-02_16-02-44"
452,3,16,21448033.29,4,747580.2008,3,2,8,16,0.036880259,0.800424397,1709426963,"./train_model_bed5f9ed_160_trial_index=3,batch_size=16,column_lambda=21448033.2909,embedding_size=4,entropy_lambda=747580.2008,fc_nu_2024-03-02_16-04-04"
218,0,16,21448033.29,4,747580.2008,3,2,8,16,0.036880259,1.431989074,1709417578,"./train_model_1013ea5a_157_trial_index=0,batch_size=16,column_lambda=21448033.2909,embedding_size=4,entropy_lambda=747580.2008,fc_nu_2024-03-02_15-44-00"
235,0,4,619390.7549,8,340493.5689,2,1,4,8,0.039210042,0.626160681,1709356571,"./train_model_01569b4c_29_trial_index=0,batch_size=4,column_lambda=619390.7549,embedding_size=8,entropy_lambda=340493.5689,fc_num=2,_2024-03-01_21-34-40"
63,1,4,619390.7549,8,340493.5689,2,1,4,8,0.039210042,0.62955904,1709357919,"./train_model_ed72b80e_30_trial_index=1,batch_size=4,column_lambda=619390.7549,embedding_size=8,entropy_lambda=340493.5689,fc_num=2,_2024-03-01_21-36-27"
431,2,4,619390.7549,8,340493.5689,2,1,4,8,0.039210042,0.662269056,1709358314,"./train_model_740a40f5_31_trial_index=2,batch_size=4,column_lambda=619390.7549,embedding_size=8,entropy_lambda=340493.5689,fc_num=2,_2024-03-01_21-38-01"
160,1,32,456.5450672,8,9396.890066,2,2,16,16,0.040045395,57.70963287,1709401698,"./train_model_c023fe51_146_trial_index=1,batch_size=32,column_lambda=456.5451,embedding_size=8,entropy_lambda=9396.8901,fc_num=2,fc__2024-03-02_12-08-55"
147,3,32,456.5450672,8,9396.890066,2,2,16,16,0.040045395,58.56539154,1709403861,"./train_model_a3fbfedf_148_trial_index=3,batch_size=32,column_lambda=456.5451,embedding_size=8,entropy_lambda=9396.8901,fc_num=2,fc__2024-03-02_12-47-41"
393,0,32,456.5450672,8,9396.890066,2,2,16,16,0.040045395,143.9918976,1709401661,"./train_model_440334f4_145_trial_index=0,batch_size=32,column_lambda=456.5451,embedding_size=8,entropy_lambda=9396.8901,fc_num=2,fc__2024-03-02_12-08-22"
166,3,16,17247.09889,32,105.9859644,2,1,4,32,0.041054234,0.647003233,1709489411,"./train_model_f2b6d63f_328_trial_index=3,batch_size=16,column_lambda=17247.0989,embedding_size=32,entropy_lambda=105.9860,fc_num=2,f_2024-03-03_12-21-20"
212,1,16,17247.09889,32,105.9859644,2,1,4,32,0.041054234,0.647359788,1709487853,"./train_model_7a750cf1_326_trial_index=1,batch_size=16,column_lambda=17247.0989,embedding_size=32,entropy_lambda=105.9860,fc_num=2,f_2024-03-03_12-00-55"
298,0,16,17247.09889,32,105.9859644,2,1,4,32,0.041054234,0.747500777,1709487989,"./train_model_fc6e15f7_325_trial_index=0,batch_size=16,column_lambda=17247.0989,embedding_size=32,entropy_lambda=105.9860,fc_num=2,f_2024-03-03_12-00-46"
442,3,32,234.5952717,64,471.6743881,3,2,4,32,0.041707829,0.734348178,1709533828,"./train_model_87a7e5b3_436_trial_index=3,batch_size=32,column_lambda=234.5953,embedding_size=64,entropy_lambda=471.6744,fc_num=3,fc__2024-03-04_00-54-59"
72,2,32,234.5952717,64,471.6743881,3,2,4,32,0.041707829,0.768038213,1709533393,"./train_model_a2c9d624_435_trial_index=2,batch_size=32,column_lambda=234.5953,embedding_size=64,entropy_lambda=471.6744,fc_num=3,fc__2024-03-04_00-47-42"
17,0,32,234.5952717,64,471.6743881,3,2,4,32,0.041707829,0.777102411,1709533137,"./train_model_7a8eaccf_433_trial_index=0,batch_size=32,column_lambda=234.5953,embedding_size=64,entropy_lambda=471.6744,fc_num=3,fc__2024-03-04_00-43-00"
62,0,8,29.14674602,32,1574814.898,3,1,16,32,0.047824832,10.79404163,1709535747,"./train_model_c553ddb3_441_trial_index=0,batch_size=8,column_lambda=29.1467,embedding_size=32,entropy_lambda=1574814.8975,fc_num=3,f_2024-03-04_01-07-52"
473,1,8,29.14674602,32,1574814.898,3,1,16,32,0.047824832,7063.687988,1709546332,"./train_model_efac3ffe_442_trial_index=1,batch_size=8,column_lambda=29.1467,embedding_size=32,entropy_lambda=1574814.8975,fc_num=3,f_2024-03-04_01-09-33"
90,2,8,29.14674602,32,1574814.898,3,1,16,32,0.047824832,10422.69531,1709542609,"./train_model_bc03fafa_443_trial_index=2,batch_size=8,column_lambda=29.1467,embedding_size=32,entropy_lambda=1574814.8975,fc_num=3,f_2024-03-04_01-18-57"
335,1,4,1.095757642,64,83064857.33,1,3,64,16,0.050392515,0.678005219,1709546680,"./train_model_b55b0731_462_trial_index=1,batch_size=4,column_lambda=1.0958,embedding_size=64,entropy_lambda=83064857.3271,fc_num=1,f_2024-03-04_03-34-17"
492,0,4,1.095757642,64,83064857.33,1,3,64,16,0.050392515,0.897328198,1709549849,"./train_model_807aaa9e_461_trial_index=0,batch_size=4,column_lambda=1.0958,embedding_size=64,entropy_lambda=83064857.3271,fc_num=1,f_2024-03-04_03-29-22"
179,2,4,1.095757642,64,83064857.33,1,3,64,16,0.050392515,739.5699463,1709546478,"./train_model_50ad71ea_463_trial_index=2,batch_size=4,column_lambda=1.0958,embedding_size=64,entropy_lambda=83064857.3271,fc_num=1,f_2024-03-04_03-36-40"
414,3,8,3761821.887,32,2836268.545,3,2,16,4,0.063495654,1.088986039,1709382841,"./train_model_8b07121c_76_trial_index=3,batch_size=8,column_lambda=3761821.8869,embedding_size=32,entropy_lambda=2836268.5453,fc_num_2024-03-02_03-33-28"
121,0,8,3761821.887,32,2836268.545,3,2,16,4,0.063495654,1.115412831,1709376647,"./train_model_4ff9c0cd_73_trial_index=0,batch_size=8,column_lambda=3761821.8869,embedding_size=32,entropy_lambda=2836268.5453,fc_num_2024-03-02_03-06-08"
399,2,8,3761821.887,32,2836268.545,3,2,16,4,0.063495654,4.44251585,1709372771,"./train_model_40c2e11b_75_trial_index=2,batch_size=8,column_lambda=3761821.8869,embedding_size=32,entropy_lambda=2836268.5453,fc_num_2024-03-02_03-22-33"
251,0,4,580082.939,16,179.1332587,2,1,4,4,0.067483609,0.630136788,1709420563,"./train_model_4ec457c1_165_trial_index=0,batch_size=4,column_lambda=580082.9390,embedding_size=16,entropy_lambda=179.1333,fc_num=2,f_2024-03-02_16-58-26"
224,3,4,580082.939,16,179.1332587,2,1,4,4,0.067483609,0.651931763,1709421274,"./train_model_b954d8a6_168_trial_index=3,batch_size=4,column_lambda=580082.9390,embedding_size=16,entropy_lambda=179.1333,fc_num=2,f_2024-03-02_17-09-30"
444,2,4,580082.939,16,179.1332587,2,1,4,4,0.067483609,0.678617835,1709423967,"./train_model_2386a296_167_trial_index=2,batch_size=4,column_lambda=580082.9390,embedding_size=16,entropy_lambda=179.1333,fc_num=2,f_2024-03-02_17-08-04"
349,0,64,84.35465801,64,1624370.303,3,2,32,8,0.067560936,13.58933544,1709544022,"./train_model_055a1a25_465_trial_index=0,batch_size=64,column_lambda=84.3547,embedding_size=64,entropy_lambda=1624370.3032,fc_num=3,_2024-03-04_03-42-38"
342,2,64,84.35465801,64,1624370.303,3,2,32,8,0.067560936,14.2929554,1709544352,"./train_model_6d72a332_467_trial_index=2,batch_size=64,column_lambda=84.3547,embedding_size=64,entropy_lambda=1624370.3032,fc_num=3,_2024-03-04_03-49-01"
266,1,64,84.35465801,64,1624370.303,3,2,32,8,0.067560936,434435.7188,1709544100,"./train_model_74a5178c_466_trial_index=1,batch_size=64,column_lambda=84.3547,embedding_size=64,entropy_lambda=1624370.3032,fc_num=3,_2024-03-04_03-43-51"
71,3,16,5935852.431,32,589190.5786,1,1,4,64,0.076815378,0.637076974,1709473189,"./train_model_e7501966_296_trial_index=3,batch_size=16,column_lambda=5935852.4306,embedding_size=32,entropy_lambda=589190.5786,fc_nu_2024-03-03_07-56-27"
137,0,16,5935852.431,32,589190.5786,1,1,4,64,0.076815378,0.650662065,1709471402,"./train_model_b0aed8e3_293_trial_index=0,batch_size=16,column_lambda=5935852.4306,embedding_size=32,entropy_lambda=589190.5786,fc_nu_2024-03-03_07-30-22"
31,2,16,5935852.431,32,589190.5786,1,1,4,64,0.076815378,0.688299119,1709471887,"./train_model_42507732_295_trial_index=2,batch_size=16,column_lambda=5935852.4306,embedding_size=32,entropy_lambda=589190.5786,fc_nu_2024-03-03_07-38-12"
76,3,4,1.485894825,16,235.0971524,1,3,8,64,0.081937132,0.684497476,1709342468,"./train_model_795542c9_12_trial_index=3,batch_size=4,column_lambda=1.4859,embedding_size=16,entropy_lambda=235.0972,fc_num=1,fc_num2_2024-03-01_19-15-58"
383,0,4,1.485894825,16,235.0971524,1,3,8,64,0.081937132,1.245270014,1709344194,"./train_model_13fa29a8_9_trial_index=0,batch_size=4,column_lambda=1.4859,embedding_size=16,entropy_lambda=235.0972,fc_num=1,fc_num2=_2024-03-01_19-15-48"
270,1,4,1.485894825,16,235.0971524,1,3,8,64,0.081937132,29.8429451,1709343030,"./train_model_2f755ca8_10_trial_index=1,batch_size=4,column_lambda=1.4859,embedding_size=16,entropy_lambda=235.0972,fc_num=1,fc_num2_2024-03-01_19-15-51"
114,2,4,19532.89284,4,553756.161,1,1,4,8,0.090027984,0.625721335,1709349925,"./train_model_9ccb2423_19_trial_index=2,batch_size=4,column_lambda=19532.8928,embedding_size=4,entropy_lambda=553756.1610,fc_num=1,f_2024-03-01_20-30-00"
125,0,4,19532.89284,4,553756.161,1,1,4,8,0.090027984,0.625873327,1709348871,"./train_model_60e94705_17_trial_index=0,batch_size=4,column_lambda=19532.8928,embedding_size=4,entropy_lambda=553756.1610,fc_num=1,f_2024-03-01_20-21-08"
154,3,4,19532.89284,4,553756.161,1,1,4,8,0.090027984,0.722676158,1709349742,"./train_model_1fb53bf1_20_trial_index=3,batch_size=4,column_lambda=19532.8928,embedding_size=4,entropy_lambda=553756.1610,fc_num=1,f_2024-03-01_20-30-30"