num_nodes,num_edges,node_feat,edge_feat,edge_index_src,edge_index_dst,solubility
21,46,"[1, 2, 1, 1, 1, 1, 1, 1, 1, 1, 1, 1, 1, 1, 1, 1, 1, 1, 1, 1, 1]","[1, 1, 1, 1, 1, 1, 1, 1, 1, 1, 2, 2, 1, 1, 3, 3, 3, 3, 3, 3, 3, 3, 3, 3, 1, 1, 1, 1, 1, 1, 3, 3, 3, 3, 3, 3, 3, 3, 3, 3, 1, 1, 3, 3, 3, 3]","[0, 1, 1, 2, 1, 3, 3, 4, 4, 5, 5, 6, 6, 7, 7, 8, 8, 9, 9, 10, 10, 11, 11, 12, 12, 13, 13, 14, 14, 15, 15, 16, 16, 17, 17, 18, 18, 19, 19, 20, 20, 6, 12, 7, 20, 15]","[1, 0, 2, 1, 3, 1, 4, 3, 5, 4, 6, 5, 7, 6, 8, 7, 9, 8, 10, 9, 11, 10, 12, 11, 13, 12, 14, 13, 15, 14, 16, 15, 17, 16, 18, 17, 19, 18, 20, 19, 6, 20, 7, 12, 15, 20]",-4.55
20,44,"[2, 1, 1, 1, 1, 1, 1, 1, 1, 1, 1, 1, 1, 1, 1, 1, 1, 1, 1, 1]","[1, 1, 1, 1, 1, 1, 2, 2, 1, 1, 3, 3, 1, 1, 1, 1, 1, 1, 3, 3, 3, 3, 3, 3, 3, 3, 3, 3, 3, 3, 3, 3, 3, 3, 3, 3, 1, 1, 1, 1, 3, 3, 3, 3]","[0, 1, 1, 2, 2, 3, 3, 4, 4, 5, 5, 6, 6, 7, 7, 8, 8, 9, 9, 10, 10, 11, 11, 12, 12, 13, 13, 14, 6, 15, 15, 16, 16, 17, 17, 18, 0, 19, 10, 4, 18, 5, 14, 9]","[1, 0, 2, 1, 3, 2, 4, 3, 5, 4, 6, 5, 7, 6, 8, 7, 9, 8, 10, 9, 11, 10, 12, 11, 13, 12, 14, 13, 15, 6, 16, 15, 17, 16, 18, 17, 19, 0, 4, 10, 5, 18, 9, 14]",-4.02
19,42,"[3, 1, 1, 1, 1, 2, 1, 1, 2, 1, 1, 3, 1, 1, 1, 1, 1, 1, 1]","[1, 1, 3, 3, 3, 3, 3, 3, 1, 1, 3, 3, 3, 3, 1, 1, 1, 1, 1, 1, 2, 2, 1, 1, 3, 3, 3, 3, 1, 1, 3, 3, 3, 3, 3, 3, 3, 3, 1, 1, 3, 3]","[0, 1, 1, 2, 2, 3, 3, 4, 4, 5, 4, 6, 6, 7, 7, 8, 8, 9, 8, 10, 10, 11, 10, 12, 12, 13, 13, 14, 14, 15, 14, 16, 16, 17, 17, 18, 7, 1, 18, 0, 18, 12]","[1, 0, 2, 1, 3, 2, 4, 3, 5, 4, 6, 4, 7, 6, 8, 7, 9, 8, 10, 8, 11, 10, 12, 10, 13, 12, 14, 13, 15, 14, 16, 14, 17, 16, 18, 17, 1, 7, 0, 18, 12, 18]",-3.928
18,40,"[3, 1, 1, 1, 1, 1, 1, 2, 1, 1, 1, 3, 1, 1, 1, 1, 1, 1]","[1, 1, 3, 3, 3, 3, 3, 3, 3, 3, 3, 3, 1, 1, 1, 1, 1, 1, 1, 1, 2, 2, 1, 1, 3, 3, 3, 3, 3, 3, 3, 3, 3, 3, 3, 3, 1, 1, 3, 3]","[0, 1, 1, 2, 2, 3, 3, 4, 4, 5, 5, 6, 6, 7, 7, 8, 8, 9, 7, 10, 10, 11, 10, 12, 12, 13, 13, 14, 14, 15, 15, 16, 16, 17, 6, 1, 17, 0, 17, 12]","[1, 0, 2, 1, 3, 2, 4, 3, 5, 4, 6, 5, 7, 6, 8, 7, 9, 8, 10, 7, 11, 10, 12, 10, 13, 12, 14, 13, 15, 14, 16, 15, 17, 16, 1, 6, 0, 17, 12, 17]",-3.68
17,38,"[3, 1, 1, 1, 1, 1, 1, 2, 1, 1, 3, 1, 1, 1, 1, 2, 1]","[1, 1, 3, 3, 3, 3, 3, 3, 3, 3, 3, 3, 1, 1, 1, 1, 1, 1, 2, 2, 1, 1, 3, 3, 3, 3, 3, 3, 3, 3, 3, 3, 3, 3, 1, 1, 3, 3]","[0, 1, 1, 2, 2, 3, 3, 4, 4, 5, 5, 6, 6, 7, 7, 8, 7, 9, 9, 10, 9, 11, 11, 12, 12, 13, 13, 14, 14, 15, 15, 16, 6, 1, 16, 0, 16, 11]","[1, 0, 2, 1, 3, 2, 4, 3, 5, 4, 6, 5, 7, 6, 8, 7, 9, 7, 10, 9, 11, 9, 12, 11, 13, 12, 14, 13, 15, 14, 16, 15, 1, 6, 0, 16, 11, 16]",-3.672
19,42,"[3, 1, 1, 1, 1, 1, 1, 1, 2, 1, 1, 3, 1, 1, 1, 2, 1, 2, 1]","[1, 1, 3, 3, 3, 3, 1, 1, 3, 3, 3, 3, 3, 3, 1, 1, 1, 1, 1, 1, 2, 2, 1, 1, 3, 3, 3, 3, 1, 1, 3, 3, 3, 3, 3, 3, 3, 3, 1, 1, 3, 3]","[0, 1, 1, 2, 2, 3, 3, 4, 3, 5, 5, 6, 6, 7, 7, 8, 8, 9, 8, 10, 10, 11, 10, 12, 12, 13, 13, 14, 14, 15, 14, 16, 16, 17, 17, 18, 7, 1, 18, 0, 18, 12]","[1, 0, 2, 1, 3, 2, 4, 3, 5, 3, 6, 5, 7, 6, 8, 7, 9, 8, 10, 8, 11, 10, 12, 10, 13, 12, 14, 13, 15, 14, 16, 14, 17, 16, 18, 17, 1, 7, 0, 18, 12, 18]",-3.043
24,52,"[1, 1, 3, 1, 1, 1, 1, 1, 1, 4, 1, 1, 1, 1, 3, 1, 1, 1, 1, 1, 1, 3, 1, 3]","[1, 1, 2, 2, 1, 1, 1, 1, 1, 1, 3, 3, 3, 3, 3, 3, 1, 1, 3, 3, 3, 3, 1, 1, 3, 3, 1, 1, 3, 3, 3, 3, 3, 3, 3, 3, 3, 3, 3, 3, 3, 3, 3, 3, 2, 2, 3, 3, 3, 3, 3, 3]","[0, 1, 1, 2, 1, 3, 3, 4, 4, 5, 5, 6, 6, 7, 7, 8, 8, 9, 8, 10, 10, 11, 4, 12, 12, 13, 13, 14, 13, 15, 15, 16, 16, 17, 17, 18, 18, 19, 19, 20, 20, 21, 21, 22, 22, 23, 11, 5, 22, 12, 20, 15]","[1, 0, 2, 1, 3, 1, 4, 3, 5, 4, 6, 5, 7, 6, 8, 7, 9, 8, 10, 8, 11, 10, 12, 4, 13, 12, 14, 13, 15, 13, 16, 15, 17, 16, 18, 17, 19, 18, 20, 19, 21, 20, 22, 21, 23, 22, 5, 11, 12, 22, 15, 20]",-5.839
23,50,"[1, 1, 3, 1, 1, 1, 1, 1, 1, 1, 1, 1, 1, 3, 1, 1, 1, 1, 1, 1, 3, 1, 3]","[1, 1, 2, 2, 1, 1, 1, 1, 1, 1, 3, 3, 3, 3, 3, 3, 3, 3, 3, 3, 1, 1, 3, 3, 1, 1, 3, 3, 3, 3, 3, 3, 3, 3, 3, 3, 3, 3, 3, 3, 3, 3, 2, 2, 3, 3, 3, 3, 3, 3]","[0, 1, 1, 2, 1, 3, 3, 4, 4, 5, 5, 6, 6, 7, 7, 8, 8, 9, 9, 10, 4, 11, 11, 12, 12, 13, 12, 14, 14, 15, 15, 16, 16, 17, 17, 18, 18, 19, 19, 20, 20, 21, 21, 22, 10, 5, 21, 11, 19, 14]","[1, 0, 2, 1, 3, 1, 4, 3, 5, 4, 6, 5, 7, 6, 8, 7, 9, 8, 10, 9, 11, 4, 12, 11, 13, 12, 14, 12, 15, 14, 16, 15, 17, 16, 18, 17, 19, 18, 20, 19, 21, 20, 22, 21, 5, 10, 11, 21, 14, 19]",-4.78
15,32,"[3, 1, 2, 1, 3, 1, 4, 1, 1, 2, 1, 1, 1, 1, 2]","[2, 2, 3, 3, 3, 3, 2, 2, 3, 3, 1, 1, 3, 3, 1, 1, 1, 1, 1, 1, 1, 1, 1, 1, 1, 1, 3, 3, 3, 3, 1, 1]","[0, 1, 1, 2, 2, 3, 3, 4, 3, 5, 5, 6, 5, 7, 7, 8, 8, 9, 9, 10, 10, 11, 11, 12, 12, 13, 7, 14, 14, 1, 13, 9]","[1, 0, 2, 1, 3, 2, 4, 3, 5, 3, 6, 5, 7, 5, 8, 7, 9, 8, 10, 9, 11, 10, 12, 11, 13, 12, 14, 7, 1, 14, 9, 13]",-1.54
15,32,"[3, 1, 2, 1, 3, 1, 0, 1, 1, 2, 1, 1, 1, 1, 2]","[2, 2, 3, 3, 3, 3, 2, 2, 3, 3, 1, 1, 3, 3, 1, 1, 1, 1, 1, 1, 1, 1, 1, 1, 1, 1, 3, 3, 3, 3, 1, 1]","[0, 1, 1, 2, 2, 3, 3, 4, 3, 5, 5, 6, 5, 7, 7, 8, 8, 9, 9, 10, 10, 11, 11, 12, 12, 13, 7, 14, 14, 1, 13, 9]","[1, 0, 2, 1, 3, 2, 4, 3, 5, 3, 6, 5, 7, 5, 8, 7, 9, 8, 10, 9, 11, 10, 12, 11, 13, 12, 14, 7, 1, 14, 9, 13]",-1.78
18,38,"[1, 1, 1, 1, 3, 1, 3, 1, 1, 1, 1, 1, 1, 1, 1, 2, 1, 3]","[1, 1, 1, 1, 1, 1, 1, 1, 1, 1, 1, 1, 1, 1, 1, 1, 1, 1, 3, 3, 3, 3, 3, 3, 3, 3, 3, 3, 1, 1, 1, 1, 2, 2, 1, 1, 3, 3]","[0, 1, 1, 2, 1, 3, 3, 4, 4, 5, 5, 6, 5, 7, 7, 8, 8, 9, 9, 10, 10, 11, 11, 12, 12, 13, 13, 14, 7, 15, 15, 16, 16, 17, 16, 3, 14, 9]","[1, 0, 2, 1, 3, 1, 4, 3, 5, 4, 6, 5, 7, 5, 8, 7, 9, 8, 10, 9, 11, 10, 12, 11, 13, 12, 14, 13, 15, 7, 16, 15, 17, 16, 3, 16, 9, 14]",-2.28
19,40,"[1, 1, 1, 1, 1, 3, 1, 3, 1, 1, 1, 1, 1, 1, 1, 1, 2, 1, 3]","[1, 1, 1, 1, 1, 1, 1, 1, 1, 1, 1, 1, 1, 1, 1, 1, 1, 1, 1, 1, 3, 3, 3, 3, 3, 3, 3, 3, 3, 3, 1, 1, 1, 1, 2, 2, 1, 1, 3, 3]","[0, 1, 1, 2, 1, 3, 3, 4, 4, 5, 5, 6, 6, 7, 6, 8, 8, 9, 9, 10, 10, 11, 11, 12, 12, 13, 13, 14, 14, 15, 8, 16, 16, 17, 17, 18, 17, 4, 15, 10]","[1, 0, 2, 1, 3, 1, 4, 3, 5, 4, 6, 5, 7, 6, 8, 6, 9, 8, 10, 9, 11, 10, 12, 11, 13, 12, 14, 13, 15, 14, 16, 8, 17, 16, 18, 17, 4, 17, 10, 15]",-2.12
25,56,"[1, 3, 1, 1, 1, 3, 1, 1, 1, 1, 1, 1, 2, 1, 2, 1, 2, 1, 1, 1, 0, 1, 1, 1, 3]","[1, 1, 1, 1, 1, 1, 1, 1, 1, 1, 1, 1, 3, 3, 3, 3, 3, 3, 3, 3, 3, 3, 3, 3, 3, 3, 3, 3, 3, 3, 1, 1, 1, 1, 3, 3, 3, 3, 1, 1, 3, 3, 3, 3, 3, 3, 1, 1, 1, 1, 3, 3, 3, 3, 3, 3]","[0, 1, 1, 2, 2, 3, 3, 4, 4, 5, 5, 6, 6, 7, 7, 8, 8, 9, 9, 10, 10, 11, 10, 12, 12, 13, 13, 14, 14, 15, 15, 16, 16, 17, 17, 18, 18, 19, 19, 20, 19, 21, 21, 22, 22, 23, 7, 24, 24, 3, 11, 6, 23, 17, 15, 9]","[1, 0, 2, 1, 3, 2, 4, 3, 5, 4, 6, 5, 7, 6, 8, 7, 9, 8, 10, 9, 11, 10, 12, 10, 13, 12, 14, 13, 15, 14, 16, 15, 17, 16, 18, 17, 19, 18, 20, 19, 21, 19, 22, 21, 23, 22, 24, 7, 3, 24, 6, 11, 17, 23, 9, 15]",-3.22
25,56,"[1, 3, 1, 1, 1, 3, 1, 1, 1, 1, 1, 1, 2, 1, 2, 1, 2, 1, 1, 1, 27, 1, 1, 1, 3]","[1, 1, 1, 1, 1, 1, 1, 1, 1, 1, 1, 1, 3, 3, 3, 3, 3, 3, 3, 3, 3, 3, 3, 3, 3, 3, 3, 3, 3, 3, 1, 1, 1, 1, 3, 3, 3, 3, 1, 1, 3, 3, 3, 3, 3, 3, 1, 1, 1, 1, 3, 3, 3, 3, 3, 3]","[0, 1, 1, 2, 2, 3, 3, 4, 4, 5, 5, 6, 6, 7, 7, 8, 8, 9, 9, 10, 10, 11, 10, 12, 12, 13, 13, 14, 14, 15, 15, 16, 16, 17, 17, 18, 18, 19, 19, 20, 19, 21, 21, 22, 22, 23, 7, 24, 24, 3, 11, 6, 23, 17, 15, 9]","[1, 0, 2, 1, 3, 2, 4, 3, 5, 4, 6, 5, 7, 6, 8, 7, 9, 8, 10, 9, 11, 10, 12, 10, 13, 12, 14, 13, 15, 14, 16, 15, 17, 16, 18, 17, 19, 18, 20, 19, 21, 19, 22, 21, 23, 22, 24, 7, 3, 24, 6, 11, 17, 23, 9, 15]",-3.52
25,54,"[1, 3, 1, 1, 1, 1, 1, 1, 1, 1, 1, 3, 3, 1, 1, 2, 1, 1, 2, 1, 1, 1, 1, 1, 1]","[1, 1, 1, 1, 3, 3, 3, 3, 3, 3, 3, 3, 3, 3, 1, 1, 1, 1, 1, 1, 2, 2, 1, 1, 1, 1, 1, 1, 1, 1, 1, 1, 1, 1, 1, 1, 1, 1, 1, 1, 3, 3, 3, 3, 3, 3, 3, 3, 3, 3, 3, 3, 1, 1]","[0, 1, 1, 2, 2, 3, 3, 4, 4, 5, 5, 6, 6, 7, 7, 8, 8, 9, 8, 10, 10, 11, 10, 12, 12, 13, 13, 14, 14, 15, 15, 16, 16, 17, 17, 18, 18, 19, 19, 20, 7, 21, 21, 22, 22, 23, 23, 24, 24, 2, 22, 4, 20, 15]","[1, 0, 2, 1, 3, 2, 4, 3, 5, 4, 6, 5, 7, 6, 8, 7, 9, 8, 10, 8, 11, 10, 12, 10, 13, 12, 14, 13, 15, 14, 16, 15, 17, 16, 18, 17, 19, 18, 20, 19, 21, 7, 22, 21, 23, 22, 24, 23, 2, 24, 4, 22, 15, 20]",-1.52
26,56,"[1, 3, 1, 1, 1, 1, 1, 1, 1, 1, 1, 3, 3, 1, 1, 2, 1, 1, 2, 1, 1, 1, 1, 1, 1, 1]","[1, 1, 1, 1, 3, 3, 3, 3, 3, 3, 3, 3, 3, 3, 1, 1, 1, 1, 1, 1, 2, 2, 1, 1, 1, 1, 1, 1, 1, 1, 1, 1, 1, 1, 1, 1, 1, 1, 1, 1, 1, 1, 3, 3, 3, 3, 3, 3, 3, 3, 3, 3, 3, 3, 1, 1]","[0, 1, 1, 2, 2, 3, 3, 4, 4, 5, 5, 6, 6, 7, 7, 8, 8, 9, 8, 10, 10, 11, 10, 12, 12, 13, 13, 14, 14, 15, 15, 16, 16, 17, 17, 18, 18, 19, 18, 20, 20, 21, 7, 22, 22, 23, 23, 24, 24, 25, 25, 2, 23, 4, 21, 15]","[1, 0, 2, 1, 3, 2, 4, 3, 5, 4, 6, 5, 7, 6, 8, 7, 9, 8, 10, 8, 11, 10, 12, 10, 13, 12, 14, 13, 15, 14, 16, 15, 17, 16, 18, 17, 19, 18, 20, 18, 21, 20, 22, 7, 23, 22, 24, 23, 25, 24, 2, 25, 4, 23, 15, 21]",-1.49
17,36,"[1, 2, 1, 1, 2, 1, 1, 1, 2, 1, 4, 1, 1, 1, 2, 1, 2]","[1, 1, 1, 1, 1, 1, 1, 1, 1, 1, 1, 1, 3, 3, 3, 3, 3, 3, 1, 1, 3, 3, 3, 3, 1, 1, 2, 2, 1, 1, 4, 4, 1, 1, 3, 3]","[0, 1, 1, 2, 2, 3, 3, 4, 4, 5, 5, 6, 6, 7, 7, 8, 8, 9, 9, 10, 9, 11, 11, 12, 4, 13, 13, 14, 14, 15, 15, 16, 13, 1, 12, 6]","[1, 0, 2, 1, 3, 2, 4, 3, 5, 4, 6, 5, 7, 6, 8, 7, 9, 8, 10, 9, 11, 9, 12, 11, 13, 4, 14, 13, 15, 14, 16, 15, 1, 13, 6, 12]",-2.13
16,34,"[2, 1, 2, 1, 2, 1, 1, 2, 1, 1, 1, 2, 1, 4, 1, 1]","[4, 4, 1, 1, 2, 2, 1, 1, 1, 1, 1, 1, 1, 1, 1, 1, 1, 1, 3, 3, 3, 3, 3, 3, 1, 1, 3, 3, 3, 3, 1, 1, 3, 3]","[0, 1, 1, 2, 2, 3, 3, 4, 4, 5, 5, 6, 6, 7, 7, 8, 8, 9, 9, 10, 10, 11, 11, 12, 12, 13, 12, 14, 14, 15, 7, 3, 15, 9]","[1, 0, 2, 1, 3, 2, 4, 3, 5, 4, 6, 5, 7, 6, 8, 7, 9, 8, 10, 9, 11, 10, 12, 11, 13, 12, 14, 12, 15, 14, 3, 7, 9, 15]",-2.63
21,48,"[0, 1, 1, 1, 1, 1, 2, 1, 2, 1, 2, 1, 1, 1, 1, 1, 2, 2, 1, 1, 1]","[1, 1, 3, 3, 3, 3, 3, 3, 3, 3, 1, 1, 1, 1, 3, 3, 3, 3, 3, 3, 3, 3, 3, 3, 3, 3, 3, 3, 3, 3, 3, 3, 3, 3, 3, 3, 3, 3, 3, 3, 3, 3, 3, 3, 3, 3, 3, 3]","[0, 1, 1, 2, 2, 3, 3, 4, 4, 5, 5, 6, 6, 7, 7, 8, 8, 9, 9, 10, 10, 11, 11, 12, 12, 13, 13, 14, 14, 15, 15, 16, 16, 17, 14, 18, 18, 19, 5, 20, 20, 1, 19, 7, 19, 11, 17, 13]","[1, 0, 2, 1, 3, 2, 4, 3, 5, 4, 6, 5, 7, 6, 8, 7, 9, 8, 10, 9, 11, 10, 12, 11, 13, 12, 14, 13, 15, 14, 16, 15, 17, 16, 18, 14, 19, 18, 20, 5, 1, 20, 7, 19, 11, 19, 13, 17]",-3.96
22,50,"[1, 2, 2, 1, 1, 1, 1, 1, 2, 1, 2, 1, 2, 1, 1, 1, 0, 1, 1, 1, 1, 1]","[1, 1, 3, 3, 3, 3, 3, 3, 3, 3, 3, 3, 3, 3, 3, 3, 3, 3, 3, 3, 3, 3, 1, 1, 1, 1, 3, 3, 3, 3, 1, 1, 3, 3, 3, 3, 3, 3, 3, 3, 3, 3, 3, 3, 3, 3, 3, 3, 3, 3]","[0, 1, 1, 2, 2, 3, 3, 4, 4, 5, 5, 6, 6, 7, 7, 8, 8, 9, 9, 10, 10, 11, 11, 12, 12, 13, 13, 14, 14, 15, 15, 16, 15, 17, 17, 18, 18, 19, 11, 20, 20, 21, 5, 1, 20, 7, 21, 4, 19, 13]","[1, 0, 2, 1, 3, 2, 4, 3, 5, 4, 6, 5, 7, 6, 8, 7, 9, 8, 10, 9, 11, 10, 12, 11, 13, 12, 14, 13, 15, 14, 16, 15, 17, 15, 18, 17, 19, 18, 20, 11, 21, 20, 1, 5, 7, 20, 4, 21, 13, 19]",-3.48
23,48,"[1, 3, 1, 1, 1, 1, 1, 2, 1, 1, 1, 1, 1, 3, 1, 1, 1, 1, 1, 1, 1, 1, 1]","[1, 1, 1, 1, 3, 3, 1, 1, 1, 1, 1, 1, 1, 1, 1, 1, 1, 1, 1, 1, 1, 1, 3, 3, 1, 1, 1, 1, 3, 3, 3, 3, 3, 3, 3, 3, 3, 3, 3, 3, 3, 3, 3, 3, 3, 3, 3, 3]","[0, 1, 1, 2, 2, 3, 3, 4, 4, 5, 5, 6, 5, 7, 7, 8, 8, 9, 8, 10, 10, 11, 11, 12, 12, 13, 13, 14, 12, 15, 15, 16, 16, 17, 17, 18, 3, 19, 19, 20, 20, 21, 21, 22, 22, 2, 18, 11]","[1, 0, 2, 1, 3, 2, 4, 3, 5, 4, 6, 5, 7, 5, 8, 7, 9, 8, 10, 8, 11, 10, 12, 11, 13, 12, 14, 13, 15, 12, 16, 15, 17, 16, 18, 17, 19, 3, 20, 19, 21, 20, 22, 21, 2, 22, 11, 18]",-2.0
23,48,"[1, 3, 1, 1, 1, 1, 1, 1, 1, 1, 2, 1, 1, 1, 1, 1, 3, 1, 1, 1, 1, 1, 1]","[1, 1, 1, 1, 3, 3, 3, 3, 3, 3, 3, 3, 1, 1, 1, 1, 1, 1, 1, 1, 1, 1, 1, 1, 1, 1, 1, 1, 3, 3, 1, 1, 1, 1, 3, 3, 3, 3, 3, 3, 3, 3, 3, 3, 3, 3, 3, 3]","[0, 1, 1, 2, 2, 3, 3, 4, 4, 5, 5, 6, 6, 7, 7, 8, 8, 9, 8, 10, 10, 11, 11, 12, 11, 13, 13, 14, 14, 15, 15, 16, 16, 17, 15, 18, 18, 19, 19, 20, 20, 21, 6, 22, 22, 2, 21, 14]","[1, 0, 2, 1, 3, 2, 4, 3, 5, 4, 6, 5, 7, 6, 8, 7, 9, 8, 10, 8, 11, 10, 12, 11, 13, 11, 14, 13, 15, 14, 16, 15, 17, 16, 18, 15, 19, 18, 20, 19, 21, 20, 22, 6, 2, 22, 14, 21]",-3.0
27,56,"[1, 2, 1, 3, 1, 1, 1, 1, 1, 2, 1, 1, 3, 2, 1, 1, 1, 1, 1, 3, 1, 1, 3, 1, 1, 1, 1]","[1, 1, 1, 1, 2, 2, 1, 1, 3, 3, 3, 3, 3, 3, 3, 3, 1, 1, 1, 1, 1, 1, 2, 2, 1, 1, 1, 1, 1, 1, 1, 1, 3, 3, 3, 3, 1, 1, 1, 1, 3, 3, 1, 1, 1, 1, 3, 3, 3, 3, 3, 3, 3, 3, 3, 3]","[0, 1, 1, 2, 2, 3, 2, 4, 4, 5, 5, 6, 6, 7, 7, 8, 8, 9, 9, 10, 10, 11, 11, 12, 11, 13, 13, 14, 14, 15, 15, 16, 16, 17, 17, 18, 18, 19, 19, 20, 18, 21, 21, 22, 22, 23, 21, 24, 24, 25, 8, 26, 26, 4, 25, 16]","[1, 0, 2, 1, 3, 2, 4, 2, 5, 4, 6, 5, 7, 6, 8, 7, 9, 8, 10, 9, 11, 10, 12, 11, 13, 11, 14, 13, 15, 14, 16, 15, 17, 16, 18, 17, 19, 18, 20, 19, 21, 18, 22, 21, 23, 22, 24, 21, 25, 24, 26, 8, 4, 26, 16, 25]",-1.85
26,54,"[1, 3, 1, 1, 3, 1, 1, 1, 1, 1, 2, 1, 3, 1, 2, 1, 1, 1, 1, 2, 3, 1, 1, 1, 1, 1]","[1, 1, 1, 1, 3, 3, 1, 1, 1, 1, 3, 3, 3, 3, 1, 1, 1, 1, 1, 1, 1, 1, 2, 2, 1, 1, 1, 1, 1, 1, 3, 3, 3, 3, 1, 1, 1, 1, 2, 2, 3, 3, 3, 3, 3, 3, 3, 3, 3, 3, 3, 3, 3, 3]","[0, 1, 1, 2, 2, 3, 3, 4, 4, 5, 3, 6, 6, 7, 7, 8, 8, 9, 9, 10, 10, 11, 11, 12, 11, 13, 13, 14, 14, 15, 15, 16, 16, 17, 17, 18, 18, 19, 18, 20, 17, 21, 21, 22, 22, 23, 7, 24, 24, 25, 25, 2, 23, 15]","[1, 0, 2, 1, 3, 2, 4, 3, 5, 4, 6, 3, 7, 6, 8, 7, 9, 8, 10, 9, 11, 10, 12, 11, 13, 11, 14, 13, 15, 14, 16, 15, 17, 16, 18, 17, 19, 18, 20, 18, 21, 17, 22, 21, 23, 22, 24, 7, 25, 24, 2, 25, 15, 23]",-2.69
19,40,"[1, 1, 1, 1, 1, 1, 2, 3, 1, 3, 1, 1, 1, 1, 1, 1, 1, 1, 1]","[1, 1, 3, 3, 3, 3, 3, 3, 3, 3, 1, 1, 1, 1, 1, 1, 2, 2, 1, 1, 1, 1, 1, 1, 3, 3, 3, 3, 3, 3, 3, 3, 3, 3, 3, 3, 3, 3, 3, 3]","[0, 1, 1, 2, 2, 3, 3, 4, 4, 5, 5, 6, 6, 7, 6, 8, 8, 9, 8, 10, 10, 11, 11, 12, 12, 13, 13, 14, 14, 15, 15, 16, 16, 17, 5, 18, 18, 1, 17, 12]","[1, 0, 2, 1, 3, 2, 4, 3, 5, 4, 6, 5, 7, 6, 8, 6, 9, 8, 10, 8, 11, 10, 12, 11, 13, 12, 14, 13, 15, 14, 16, 15, 17, 16, 18, 5, 1, 18, 12, 17]",-3.41
19,40,"[1, 1, 1, 2, 3, 1, 3, 1, 1, 1, 1, 1, 1, 1, 1, 1, 1, 1, 1]","[1, 1, 3, 3, 1, 1, 1, 1, 1, 1, 2, 2, 1, 1, 1, 1, 1, 1, 3, 3, 3, 3, 3, 3, 3, 3, 3, 3, 3, 3, 3, 3, 3, 3, 3, 3, 3, 3, 3, 3]","[0, 1, 1, 2, 2, 3, 3, 4, 3, 5, 5, 6, 5, 7, 7, 8, 8, 9, 9, 10, 10, 11, 11, 12, 12, 13, 13, 14, 2, 15, 15, 16, 16, 17, 17, 18, 18, 1, 14, 9]","[1, 0, 2, 1, 3, 2, 4, 3, 5, 3, 6, 5, 7, 5, 8, 7, 9, 8, 10, 9, 11, 10, 12, 11, 13, 12, 14, 13, 15, 2, 16, 15, 17, 16, 18, 17, 1, 18, 9, 14]",-2.79
25,54,"[1, 1, 1, 1, 1, 3, 1, 1, 3, 2, 1, 1, 3, 2, 1, 8, 1, 1, 1, 1, 1, 3, 3, 1, 1]","[1, 1, 3, 3, 3, 3, 3, 3, 1, 1, 1, 1, 1, 1, 2, 2, 1, 1, 1, 1, 1, 1, 2, 2, 1, 1, 1, 1, 1, 1, 1, 1, 1, 1, 1, 1, 1, 1, 1, 1, 2, 2, 1, 1, 3, 3, 3, 3, 3, 3, 1, 1, 1, 1]","[0, 1, 1, 2, 2, 3, 3, 4, 4, 5, 5, 6, 6, 7, 7, 8, 7, 9, 9, 10, 10, 11, 11, 12, 11, 13, 13, 14, 14, 15, 15, 16, 16, 17, 16, 18, 16, 19, 19, 20, 20, 21, 20, 22, 4, 23, 23, 24, 24, 1, 14, 10, 19, 13]","[1, 0, 2, 1, 3, 2, 4, 3, 5, 4, 6, 5, 7, 6, 8, 7, 9, 7, 10, 9, 11, 10, 12, 11, 13, 11, 14, 13, 15, 14, 16, 15, 17, 16, 18, 16, 19, 16, 20, 19, 21, 20, 22, 20, 23, 4, 24, 23, 1, 24, 10, 14, 13, 19]",-3.15
24,52,"[1, 1, 1, 8, 1, 1, 2, 1, 3, 1, 3, 1, 1, 1, 1, 1, 1, 1, 3, 2, 1, 1, 3, 3]","[1, 1, 1, 1, 1, 1, 1, 1, 1, 1, 1, 1, 1, 1, 2, 2, 1, 1, 1, 1, 1, 1, 3, 3, 3, 3, 3, 3, 3, 3, 3, 3, 1, 1, 2, 2, 1, 1, 1, 1, 1, 1, 2, 2, 1, 1, 1, 1, 1, 1, 3, 3]","[0, 1, 1, 2, 1, 3, 3, 4, 4, 5, 5, 6, 6, 7, 7, 8, 7, 9, 9, 10, 10, 11, 11, 12, 12, 13, 13, 14, 14, 15, 15, 16, 5, 17, 17, 18, 17, 19, 19, 20, 20, 21, 21, 22, 21, 23, 20, 1, 19, 4, 16, 11]","[1, 0, 2, 1, 3, 1, 4, 3, 5, 4, 6, 5, 7, 6, 8, 7, 9, 7, 10, 9, 11, 10, 12, 11, 13, 12, 14, 13, 15, 14, 16, 15, 17, 5, 18, 17, 19, 17, 20, 19, 21, 20, 22, 21, 23, 21, 1, 20, 4, 19, 11, 16]",-2.81
17,38,"[3, 1, 2, 1, 2, 1, 1, 1, 1, 1, 1, 2, 1, 1, 2, 1, 2]","[2, 2, 3, 3, 3, 3, 1, 1, 1, 1, 3, 3, 3, 3, 3, 3, 3, 3, 3, 3, 3, 3, 3, 3, 3, 3, 3, 3, 3, 3, 3, 3, 3, 3, 3, 3, 3, 3]","[0, 1, 1, 2, 2, 3, 3, 4, 4, 5, 5, 6, 6, 7, 7, 8, 8, 9, 9, 10, 3, 11, 11, 12, 12, 13, 13, 14, 14, 15, 15, 16, 13, 1, 10, 5, 16, 12]","[1, 0, 2, 1, 3, 2, 4, 3, 5, 4, 6, 5, 7, 6, 8, 7, 9, 8, 10, 9, 11, 3, 12, 11, 13, 12, 14, 13, 15, 14, 16, 15, 1, 13, 5, 10, 12, 16]",-4.12
20,44,"[1, 1, 1, 2, 1, 2, 1, 1, 2, 1, 2, 1, 1, 1, 1, 1, 1, 2, 1, 3]","[2, 2, 1, 1, 1, 1, 3, 3, 3, 3, 3, 3, 3, 3, 3, 3, 3, 3, 1, 1, 1, 1, 3, 3, 3, 3, 3, 3, 3, 3, 3, 3, 3, 3, 3, 3, 2, 2, 3, 3, 3, 3, 3, 3]","[0, 1, 1, 2, 2, 3, 3, 4, 4, 5, 5, 6, 6, 7, 7, 8, 8, 9, 9, 10, 10, 11, 11, 12, 12, 13, 13, 14, 14, 15, 15, 16, 9, 17, 17, 18, 18, 19, 7, 3, 16, 11, 18, 6]","[1, 0, 2, 1, 3, 2, 4, 3, 5, 4, 6, 5, 7, 6, 8, 7, 9, 8, 10, 9, 11, 10, 12, 11, 13, 12, 14, 13, 15, 14, 16, 15, 17, 9, 18, 17, 19, 18, 3, 7, 11, 16, 6, 18]",-5.09
18,38,"[1, 1, 2, 1, 3, 1, 1, 1, 1, 1, 1, 1, 1, 1, 1, 1, 1, 1]","[1, 1, 1, 1, 1, 1, 2, 2, 1, 1, 1, 1, 3, 3, 3, 3, 3, 3, 3, 3, 3, 3, 1, 1, 3, 3, 3, 3, 3, 3, 3, 3, 3, 3, 3, 3, 3, 3]","[0, 1, 1, 2, 2, 3, 3, 4, 3, 5, 5, 6, 6, 7, 7, 8, 8, 9, 9, 10, 10, 11, 1, 12, 12, 13, 13, 14, 14, 15, 15, 16, 16, 17, 11, 6, 17, 12]","[1, 0, 2, 1, 3, 2, 4, 3, 5, 3, 6, 5, 7, 6, 8, 7, 9, 8, 10, 9, 11, 10, 12, 1, 13, 12, 14, 13, 15, 14, 16, 15, 17, 16, 6, 11, 12, 17]",-3.19
19,40,"[1, 1, 2, 1, 3, 1, 2, 1, 1, 1, 1, 1, 1, 1, 1, 1, 1, 1, 1]","[1, 1, 1, 1, 1, 1, 2, 2, 1, 1, 1, 1, 1, 1, 3, 3, 3, 3, 3, 3, 3, 3, 3, 3, 1, 1, 3, 3, 3, 3, 3, 3, 3, 3, 3, 3, 3, 3, 3, 3]","[0, 1, 1, 2, 2, 3, 3, 4, 3, 5, 5, 6, 5, 7, 7, 8, 8, 9, 9, 10, 10, 11, 11, 12, 1, 13, 13, 14, 14, 15, 15, 16, 16, 17, 17, 18, 12, 7, 18, 13]","[1, 0, 2, 1, 3, 2, 4, 3, 5, 3, 6, 5, 7, 5, 8, 7, 9, 8, 10, 9, 11, 10, 12, 11, 13, 1, 14, 13, 15, 14, 16, 15, 17, 16, 18, 17, 7, 12, 13, 18]",-1.66
25,52,"[1, 1, 3, 1, 3, 1, 1, 1, 2, 1, 1, 1, 1, 3, 3, 1, 1, 1, 1, 4, 1, 4, 1, 1, 1]","[1, 1, 1, 1, 1, 1, 2, 2, 1, 1, 2, 2, 1, 1, 1, 1, 1, 1, 1, 1, 2, 2, 1, 1, 2, 2, 1, 1, 1, 1, 1, 1, 1, 1, 3, 3, 1, 1, 3, 3, 1, 1, 3, 3, 3, 3, 3, 3, 1, 1, 3, 3]","[0, 1, 1, 2, 2, 3, 3, 4, 3, 5, 5, 6, 6, 7, 6, 8, 8, 9, 9, 10, 9, 11, 11, 12, 12, 13, 12, 14, 14, 15, 11, 16, 16, 17, 17, 18, 18, 19, 18, 20, 20, 21, 20, 22, 22, 23, 23, 24, 16, 5, 24, 17]","[1, 0, 2, 1, 3, 2, 4, 3, 5, 3, 6, 5, 7, 6, 8, 6, 9, 8, 10, 9, 11, 9, 12, 11, 13, 12, 14, 12, 15, 14, 16, 11, 17, 16, 18, 17, 19, 18, 20, 18, 21, 20, 22, 20, 23, 22, 24, 23, 5, 16, 17, 24]",-5.68
25,52,"[1, 3, 1, 3, 1, 1, 1, 2, 1, 1, 1, 1, 1, 1, 1, 1, 1, 2, 3, 3, 1, 3, 3, 1, 1]","[1, 1, 1, 1, 2, 2, 1, 1, 2, 2, 1, 1, 1, 1, 1, 1, 2, 2, 1, 1, 1, 1, 3, 3, 3, 3, 3, 3, 3, 3, 3, 3, 1, 1, 1, 1, 2, 2, 1, 1, 2, 2, 1, 1, 1, 1, 1, 1, 1, 1, 3, 3]","[0, 1, 1, 2, 2, 3, 2, 4, 4, 5, 5, 6, 5, 7, 7, 8, 8, 9, 9, 10, 10, 11, 11, 12, 12, 13, 13, 14, 14, 15, 15, 16, 16, 17, 17, 18, 17, 19, 9, 20, 20, 21, 20, 22, 22, 23, 8, 24, 10, 4, 16, 11]","[1, 0, 2, 1, 3, 2, 4, 2, 5, 4, 6, 5, 7, 5, 8, 7, 9, 8, 10, 9, 11, 10, 12, 11, 13, 12, 14, 13, 15, 14, 16, 15, 17, 16, 18, 17, 19, 17, 20, 9, 21, 20, 22, 20, 23, 22, 24, 8, 4, 10, 11, 16]",-4.76
19,40,"[2, 8, 3, 3, 1, 1, 1, 8, 3, 3, 1, 1, 1, 1, 3, 1, 1, 1, 3]","[1, 1, 2, 2, 2, 2, 1, 1, 3, 3, 3, 3, 1, 1, 2, 2, 2, 2, 1, 1, 3, 3, 3, 3, 3, 3, 1, 1, 3, 3, 3, 3, 3, 3, 3, 3, 3, 3, 3, 3]","[0, 1, 1, 2, 1, 3, 1, 4, 4, 5, 5, 6, 6, 7, 7, 8, 7, 9, 7, 10, 10, 11, 11, 12, 12, 13, 13, 14, 13, 15, 15, 16, 6, 17, 17, 18, 18, 4, 16, 10]","[1, 0, 2, 1, 3, 1, 4, 1, 5, 4, 6, 5, 7, 6, 8, 7, 9, 7, 10, 7, 11, 10, 12, 11, 13, 12, 14, 13, 15, 13, 16, 15, 17, 6, 18, 17, 4, 18, 10, 16]",-2.4
20,42,"[1, 3, 1, 1, 1, 1, 8, 3, 3, 1, 1, 3, 1, 8, 2, 3, 3, 1, 1, 1]","[1, 1, 1, 1, 3, 3, 3, 3, 3, 3, 1, 1, 2, 2, 2, 2, 1, 1, 3, 3, 3, 3, 3, 3, 1, 1, 1, 1, 2, 2, 2, 2, 3, 3, 3, 3, 3, 3, 3, 3, 3, 3]","[0, 1, 1, 2, 2, 3, 3, 4, 4, 5, 5, 6, 6, 7, 6, 8, 6, 9, 9, 10, 10, 11, 11, 12, 12, 13, 13, 14, 13, 15, 13, 16, 12, 17, 5, 18, 18, 19, 19, 2, 17, 9]","[1, 0, 2, 1, 3, 2, 4, 3, 5, 4, 6, 5, 7, 6, 8, 6, 9, 6, 10, 9, 11, 10, 12, 11, 13, 12, 14, 13, 15, 13, 16, 13, 17, 12, 18, 5, 19, 18, 2, 19, 9, 17]",-3.02
21,46,"[2, 1, 1, 1, 1, 8, 3, 3, 2, 1, 2, 1, 1, 1, 2, 1, 1, 1, 1, 1, 1]","[1, 1, 3, 3, 3, 3, 3, 3, 1, 1, 2, 2, 2, 2, 1, 1, 1, 1, 3, 3, 3, 3, 3, 3, 3, 3, 3, 3, 1, 1, 1, 1, 1, 1, 1, 1, 3, 3, 3, 3, 3, 3, 3, 3, 1, 1]","[0, 1, 1, 2, 2, 3, 3, 4, 4, 5, 5, 6, 5, 7, 5, 8, 8, 9, 9, 10, 10, 11, 11, 12, 12, 13, 13, 14, 12, 15, 15, 16, 16, 17, 17, 18, 4, 19, 19, 20, 20, 1, 14, 9, 18, 11]","[1, 0, 2, 1, 3, 2, 4, 3, 5, 4, 6, 5, 7, 5, 8, 5, 9, 8, 10, 9, 11, 10, 12, 11, 13, 12, 14, 13, 15, 12, 16, 15, 17, 16, 18, 17, 19, 4, 20, 19, 1, 20, 9, 14, 11, 18]",-3.65
25,54,"[1, 1, 1, 1, 1, 1, 1, 1, 1, 1, 1, 2, 1, 2, 8, 3, 3, 1, 1, 1, 1, 2, 1, 1, 2]","[1, 1, 1, 1, 1, 1, 1, 1, 1, 1, 1, 1, 1, 1, 1, 1, 3, 3, 3, 3, 3, 3, 3, 3, 1, 1, 1, 1, 2, 2, 2, 2, 1, 1, 3, 3, 3, 3, 3, 3, 1, 1, 3, 3, 3, 3, 3, 3, 1, 1, 3, 3, 3, 3]","[0, 1, 1, 2, 2, 3, 3, 4, 4, 5, 5, 6, 5, 7, 4, 8, 8, 9, 9, 10, 10, 11, 11, 12, 12, 13, 13, 14, 14, 15, 14, 16, 14, 17, 17, 18, 18, 19, 19, 20, 20, 21, 20, 22, 22, 23, 12, 24, 9, 1, 23, 17, 24, 8]","[1, 0, 2, 1, 3, 2, 4, 3, 5, 4, 6, 5, 7, 5, 8, 4, 9, 8, 10, 9, 11, 10, 12, 11, 13, 12, 14, 13, 15, 14, 16, 14, 17, 14, 18, 17, 19, 18, 20, 19, 21, 20, 22, 20, 23, 22, 24, 12, 1, 9, 17, 23, 8, 24]",-4.18
19,40,"[1, 3, 1, 1, 1, 1, 1, 1, 1, 3, 1, 1, 3, 1, 1, 1, 1, 1, 1]","[1, 1, 1, 1, 3, 3, 3, 3, 3, 3, 1, 1, 2, 2, 1, 1, 2, 2, 1, 1, 3, 3, 1, 1, 3, 3, 3, 3, 3, 3, 3, 3, 3, 3, 3, 3, 3, 3, 3, 3]","[0, 1, 1, 2, 2, 3, 3, 4, 4, 5, 5, 6, 6, 7, 7, 8, 8, 9, 8, 10, 10, 11, 11, 12, 11, 13, 13, 14, 14, 15, 15, 16, 5, 17, 17, 18, 18, 2, 16, 10]","[1, 0, 2, 1, 3, 2, 4, 3, 5, 4, 6, 5, 7, 6, 8, 7, 9, 8, 10, 8, 11, 10, 12, 11, 13, 11, 14, 13, 15, 14, 16, 15, 17, 5, 18, 17, 2, 18, 10, 16]",-5.7
19,40,"[1, 3, 1, 1, 1, 1, 3, 1, 1, 1, 1, 1, 1, 1, 1, 1, 3, 1, 1]","[1, 1, 1, 1, 3, 3, 3, 3, 1, 1, 2, 2, 1, 1, 2, 2, 1, 1, 3, 3, 3, 3, 3, 3, 3, 3, 3, 3, 3, 3, 1, 1, 3, 3, 3, 3, 3, 3, 3, 3]","[0, 1, 1, 2, 2, 3, 3, 4, 4, 5, 5, 6, 5, 7, 7, 8, 8, 9, 9, 10, 10, 11, 11, 12, 12, 13, 13, 14, 4, 15, 15, 16, 15, 17, 17, 18, 18, 2, 14, 9]","[1, 0, 2, 1, 3, 2, 4, 3, 5, 4, 6, 5, 7, 5, 8, 7, 9, 8, 10, 9, 11, 10, 12, 11, 13, 12, 14, 13, 15, 4, 16, 15, 17, 15, 18, 17, 2, 18, 9, 14]",-6.0
12,24,"[1, 1, 2, 1, 3, 1, 1, 2, 3, 1, 3, 2]","[1, 1, 2, 2, 1, 1, 2, 2, 1, 1, 1, 1, 1, 1, 2, 2, 1, 1, 2, 2, 1, 1, 1, 1]","[0, 1, 1, 2, 2, 3, 3, 4, 3, 5, 5, 6, 6, 7, 6, 8, 5, 9, 9, 10, 9, 11, 11, 1]","[1, 0, 2, 1, 3, 2, 4, 3, 5, 3, 6, 5, 7, 6, 8, 6, 9, 5, 10, 9, 11, 9, 1, 11]",-2.41
13,26,"[1, 1, 1, 1, 3, 2, 1, 2, 1, 3, 3, 1, 1]","[1, 1, 1, 1, 1, 1, 2, 2, 1, 1, 1, 1, 2, 2, 1, 1, 2, 2, 1, 1, 1, 1, 1, 1, 1, 1]","[0, 1, 1, 2, 2, 3, 3, 4, 3, 5, 5, 6, 6, 7, 7, 8, 8, 9, 6, 10, 2, 11, 11, 12, 8, 2]","[1, 0, 2, 1, 3, 2, 4, 3, 5, 3, 6, 5, 7, 6, 8, 7, 9, 8, 10, 6, 11, 2, 12, 11, 2, 8]",-0.07
15,32,"[1, 1, 1, 3, 1, 3, 1, 1, 2, 1, 1, 1, 1, 1, 1]","[1, 1, 3, 3, 1, 1, 3, 3, 2, 2, 3, 3, 3, 3, 3, 3, 1, 1, 3, 3, 3, 3, 3, 3, 3, 3, 3, 3, 3, 3, 3, 3]","[0, 1, 1, 2, 2, 3, 2, 4, 4, 5, 4, 6, 6, 7, 7, 8, 8, 9, 9, 10, 10, 11, 11, 12, 12, 13, 13, 14, 8, 1, 14, 9]","[1, 0, 2, 1, 3, 2, 4, 2, 5, 4, 6, 4, 7, 6, 8, 7, 9, 8, 10, 9, 11, 10, 12, 11, 13, 12, 14, 13, 1, 8, 9, 14]",-2.03
16,34,"[1, 1, 1, 1, 1, 2, 1, 1, 1, 3, 1, 3, 1, 1, 1, 1]","[1, 1, 3, 3, 3, 3, 3, 3, 1, 1, 3, 3, 3, 3, 3, 3, 2, 2, 3, 3, 1, 1, 3, 3, 1, 1, 3, 3, 3, 3, 3, 3, 3, 3]","[0, 1, 1, 2, 2, 3, 3, 4, 4, 5, 5, 6, 6, 7, 7, 8, 8, 9, 8, 10, 10, 11, 10, 12, 12, 13, 4, 14, 14, 15, 15, 1, 12, 5]","[1, 0, 2, 1, 3, 2, 4, 3, 5, 4, 6, 5, 7, 6, 8, 7, 9, 8, 10, 8, 11, 10, 12, 10, 13, 12, 14, 4, 15, 14, 1, 15, 5, 12]",-3.22
12,24,"[1, 1, 1, 1, 1, 1, 1, 1, 3, 2, 1, 3]","[1, 1, 1, 1, 1, 1, 1, 1, 1, 1, 1, 1, 1, 1, 2, 2, 1, 1, 1, 1, 2, 2, 1, 1]","[0, 1, 1, 2, 2, 3, 3, 4, 2, 5, 5, 6, 6, 7, 7, 8, 7, 9, 9, 10, 10, 11, 10, 2]","[1, 0, 2, 1, 3, 2, 4, 3, 5, 2, 6, 5, 7, 6, 8, 7, 9, 7, 10, 9, 11, 10, 2, 10]",-4.53
14,28,"[1, 1, 1, 1, 1, 1, 1, 1, 3, 2, 1, 3, 1, 3]","[1, 1, 1, 1, 1, 1, 1, 1, 1, 1, 1, 1, 1, 1, 2, 2, 1, 1, 1, 1, 1, 1, 1, 1, 2, 2, 1, 1]","[0, 1, 1, 2, 2, 3, 3, 4, 2, 5, 5, 6, 6, 7, 7, 8, 7, 9, 9, 10, 10, 11, 9, 12, 12, 13, 12, 2]","[1, 0, 2, 1, 3, 2, 4, 3, 5, 2, 6, 5, 7, 6, 8, 7, 9, 7, 10, 9, 11, 10, 12, 9, 13, 12, 2, 12]",-3.96
12,26,"[1, 1, 1, 1, 1, 1, 1, 8, 3, 3, 1, 1]","[1, 1, 3, 3, 3, 3, 3, 3, 3, 3, 3, 3, 1, 1, 2, 2, 2, 2, 1, 1, 2, 2, 3, 3, 1, 1]","[0, 1, 1, 2, 2, 3, 3, 4, 4, 5, 5, 6, 4, 7, 7, 8, 7, 9, 7, 10, 10, 11, 6, 1, 11, 3]","[1, 0, 2, 1, 3, 2, 4, 3, 5, 4, 6, 5, 7, 4, 8, 7, 9, 7, 10, 7, 11, 10, 1, 6, 3, 11]",-2.65
12,26,"[1, 1, 1, 8, 3, 3, 1, 1, 1, 1, 1, 1]","[1, 1, 2, 2, 1, 1, 2, 2, 2, 2, 1, 1, 3, 3, 3, 3, 3, 3, 3, 3, 3, 3, 1, 1, 3, 3]","[0, 1, 1, 2, 2, 3, 3, 4, 3, 5, 3, 6, 6, 7, 7, 8, 8, 9, 9, 10, 10, 11, 7, 1, 11, 6]","[1, 0, 2, 1, 3, 2, 4, 3, 5, 3, 6, 3, 7, 6, 8, 7, 9, 8, 10, 9, 11, 10, 1, 7, 6, 11]",-2.67
23,52,"[1, 1, 3, 1, 1, 1, 1, 1, 1, 1, 1, 1, 1, 3, 1, 1, 1, 1, 1, 1, 1, 1, 1]","[1, 1, 1, 1, 1, 1, 1, 1, 2, 2, 1, 1, 1, 1, 1, 1, 1, 1, 1, 1, 1, 1, 1, 1, 2, 2, 1, 1, 1, 1, 1, 1, 1, 1, 1, 1, 1, 1, 1, 1, 1, 1, 1, 1, 1, 1, 1, 1, 1, 1, 1, 1]","[0, 1, 1, 2, 1, 3, 3, 4, 4, 5, 5, 6, 6, 7, 7, 8, 8, 9, 9, 10, 10, 11, 11, 12, 12, 13, 12, 14, 11, 15, 15, 16, 15, 17, 17, 18, 18, 19, 19, 20, 20, 21, 20, 22, 22, 0, 20, 4, 19, 7, 15, 8]","[1, 0, 2, 1, 3, 1, 4, 3, 5, 4, 6, 5, 7, 6, 8, 7, 9, 8, 10, 9, 11, 10, 12, 11, 13, 12, 14, 12, 15, 11, 16, 15, 17, 15, 18, 17, 19, 18, 20, 19, 21, 20, 22, 20, 0, 22, 4, 20, 7, 19, 8, 15]",-4.65
28,62,"[1, 1, 1, 1, 1, 1, 1, 1, 1, 1, 1, 1, 1, 1, 1, 1, 1, 1, 3, 1, 1, 1, 1, 1, 1, 1, 1, 1]","[1, 1, 1, 1, 1, 1, 1, 1, 1, 1, 1, 1, 1, 1, 1, 1, 1, 1, 1, 1, 1, 1, 1, 1, 1, 1, 1, 1, 2, 2, 1, 1, 1, 1, 1, 1, 1, 1, 1, 1, 1, 1, 1, 1, 1, 1, 1, 1, 1, 1, 1, 1, 1, 1, 1, 1, 1, 1, 1, 1, 1, 1]","[0, 1, 1, 2, 1, 3, 3, 4, 4, 5, 5, 6, 6, 7, 6, 8, 8, 9, 9, 10, 10, 11, 11, 12, 12, 13, 13, 14, 14, 15, 15, 16, 16, 17, 17, 18, 17, 19, 19, 20, 20, 21, 21, 22, 21, 23, 23, 24, 24, 25, 25, 26, 26, 27, 26, 8, 26, 11, 23, 12, 21, 15]","[1, 0, 2, 1, 3, 1, 4, 3, 5, 4, 6, 5, 7, 6, 8, 6, 9, 8, 10, 9, 11, 10, 12, 11, 13, 12, 14, 13, 15, 14, 16, 15, 17, 16, 18, 17, 19, 17, 20, 19, 21, 20, 22, 21, 23, 21, 24, 23, 25, 24, 26, 25, 27, 26, 8, 26, 11, 26, 12, 23, 15, 21]",-7.0
18,38,"[3, 8, 3, 2, 1, 3, 2, 1, 1, 1, 1, 1, 1, 1, 1, 2, 1, 1]","[2, 2, 2, 2, 1, 1, 1, 1, 3, 3, 3, 3, 3, 3, 1, 1, 3, 3, 1, 1, 1, 1, 3, 3, 3, 3, 3, 3, 1, 1, 3, 3, 3, 3, 3, 3, 3, 3]","[0, 1, 1, 2, 1, 3, 3, 4, 4, 5, 5, 6, 6, 7, 7, 8, 4, 9, 9, 10, 1, 11, 11, 12, 12, 13, 13, 14, 14, 15, 14, 16, 11, 17, 9, 7, 17, 16]","[1, 0, 2, 1, 3, 1, 4, 3, 5, 4, 6, 5, 7, 6, 8, 7, 9, 4, 10, 9, 11, 1, 12, 11, 13, 12, 14, 13, 15, 14, 16, 14, 17, 11, 7, 9, 16, 17]",-2.91
21,44,"[1, 1, 1, 2, 1, 1, 1, 8, 3, 3, 2, 1, 3, 1, 1, 3, 2, 1, 1, 1, 1]","[3, 3, 3, 3, 1, 1, 3, 3, 3, 3, 3, 3, 1, 1, 2, 2, 2, 2, 1, 1, 1, 1, 2, 2, 1, 1, 1, 1, 3, 3, 3, 3, 3, 3, 1, 1, 3, 3, 1, 1, 3, 3, 3, 3]","[0, 1, 1, 2, 2, 3, 2, 4, 4, 5, 5, 6, 6, 7, 7, 8, 7, 9, 7, 10, 10, 11, 11, 12, 11, 13, 10, 14, 14, 15, 15, 16, 16, 17, 17, 18, 17, 19, 19, 20, 6, 0, 19, 14]","[1, 0, 2, 1, 3, 2, 4, 2, 5, 4, 6, 5, 7, 6, 8, 7, 9, 7, 10, 7, 11, 10, 12, 11, 13, 11, 14, 10, 15, 14, 16, 15, 17, 16, 18, 17, 19, 17, 20, 19, 0, 6, 14, 19]",-3.59
21,50,"[1, 1, 1, 1, 1, 3, 1, 3, 1, 1, 3, 1, 3, 1, 1, 1, 3, 1, 1, 1, 3]","[1, 1, 2, 2, 1, 1, 1, 1, 1, 1, 1, 1, 2, 2, 1, 1, 1, 1, 1, 1, 1, 1, 1, 1, 1, 1, 1, 1, 1, 1, 1, 1, 1, 1, 1, 1, 1, 1, 1, 1, 1, 1, 1, 1, 1, 1, 1, 1, 1, 1]","[0, 1, 1, 2, 1, 3, 3, 4, 4, 5, 5, 6, 6, 7, 6, 8, 8, 9, 9, 10, 9, 11, 11, 12, 12, 13, 13, 14, 14, 15, 15, 16, 14, 17, 17, 18, 17, 19, 19, 20, 8, 3, 19, 4, 17, 9, 13, 11, 16, 14]","[1, 0, 2, 1, 3, 1, 4, 3, 5, 4, 6, 5, 7, 6, 8, 6, 9, 8, 10, 9, 11, 9, 12, 11, 13, 12, 14, 13, 15, 14, 16, 15, 17, 14, 18, 17, 19, 17, 20, 19, 3, 8, 4, 19, 9, 17, 11, 13, 14, 16]",-1.19
22,52,"[1, 1, 1, 1, 3, 1, 3, 1, 3, 1, 1, 3, 1, 3, 1, 1, 1, 3, 1, 1, 1, 3]","[1, 1, 2, 2, 1, 1, 1, 1, 1, 1, 1, 1, 1, 1, 2, 2, 1, 1, 1, 1, 1, 1, 1, 1, 1, 1, 1, 1, 1, 1, 1, 1, 1, 1, 1, 1, 1, 1, 1, 1, 1, 1, 1, 1, 1, 1, 1, 1, 1, 1, 1, 1]","[0, 1, 1, 2, 1, 3, 3, 4, 3, 5, 5, 6, 6, 7, 7, 8, 7, 9, 9, 10, 10, 11, 10, 12, 12, 13, 13, 14, 14, 15, 15, 16, 16, 17, 15, 18, 18, 19, 18, 20, 20, 21, 9, 3, 20, 5, 18, 10, 14, 12, 17, 15]","[1, 0, 2, 1, 3, 1, 4, 3, 5, 3, 6, 5, 7, 6, 8, 7, 9, 7, 10, 9, 11, 10, 12, 10, 13, 12, 14, 13, 15, 14, 16, 15, 17, 16, 18, 15, 19, 18, 20, 18, 21, 20, 3, 9, 5, 20, 10, 18, 12, 14, 15, 17]",-1.42
20,42,"[1, 1, 1, 1, 1, 1, 1, 3, 1, 1, 1, 1, 1, 1, 1, 1, 1, 3, 1, 1]","[1, 1, 2, 2, 1, 1, 3, 3, 3, 3, 3, 3, 1, 1, 3, 3, 3, 3, 1, 1, 2, 2, 1, 1, 1, 1, 3, 3, 3, 3, 3, 3, 1, 1, 3, 3, 3, 3, 3, 3, 3, 3]","[0, 1, 1, 2, 2, 3, 3, 4, 4, 5, 5, 6, 6, 7, 6, 8, 8, 9, 2, 10, 10, 11, 11, 12, 10, 13, 13, 14, 14, 15, 15, 16, 16, 17, 16, 18, 18, 19, 9, 3, 19, 13]","[1, 0, 2, 1, 3, 2, 4, 3, 5, 4, 6, 5, 7, 6, 8, 6, 9, 8, 10, 2, 11, 10, 12, 11, 13, 10, 14, 13, 15, 14, 16, 15, 17, 16, 18, 16, 19, 18, 3, 9, 13, 19]",-4.948
20,42,"[1, 1, 1, 1, 1, 1, 1, 1, 1, 1, 3, 1, 1, 1, 1, 1, 1, 3, 1, 1]","[1, 1, 2, 2, 1, 1, 2, 2, 1, 1, 1, 1, 3, 3, 3, 3, 3, 3, 1, 1, 3, 3, 3, 3, 1, 1, 3, 3, 3, 3, 3, 3, 1, 1, 3, 3, 3, 3, 3, 3, 3, 3]","[0, 1, 1, 2, 2, 3, 3, 4, 4, 5, 3, 6, 6, 7, 7, 8, 8, 9, 9, 10, 9, 11, 11, 12, 2, 13, 13, 14, 14, 15, 15, 16, 16, 17, 16, 18, 18, 19, 12, 6, 19, 13]","[1, 0, 2, 1, 3, 2, 4, 3, 5, 4, 6, 3, 7, 6, 8, 7, 9, 8, 10, 9, 11, 9, 12, 11, 13, 2, 14, 13, 15, 14, 16, 15, 17, 16, 18, 16, 19, 18, 6, 12, 13, 19]",-4.95
57,118,"[1, 1, 1, 1, 1, 2, 1, 3, 1, 1, 1, 1, 2, 1, 2, 2, 1, 3, 1, 1, 1, 1, 1, 1, 1, 1, 2, 1, 3, 3, 1, 1, 1, 1, 1, 3, 1, 1, 3, 2, 1, 1, 1, 1, 1, 1, 3, 2, 1, 1, 1, 1, 1, 1, 1, 1, 2]","[1, 1, 1, 1, 1, 1, 1, 1, 1, 1, 1, 1, 2, 2, 1, 1, 1, 1, 1, 1, 3, 3, 3, 3, 3, 3, 3, 3, 1, 1, 1, 1, 2, 2, 1, 1, 1, 1, 1, 1, 3, 3, 3, 3, 3, 3, 3, 3, 3, 3, 1, 1, 1, 1, 2, 2, 1, 1, 1, 1, 1, 1, 1, 1, 1, 1, 1, 1, 1, 1, 1, 1, 1, 1, 2, 2, 1, 1, 1, 1, 1, 1, 1, 1, 1, 1, 1, 1, 1, 1, 2, 2, 1, 1, 1, 1, 1, 1, 3, 3, 3, 3, 3, 3, 3, 3, 3, 3, 1, 1, 1, 1, 3, 3, 3, 3, 3, 3]","[0, 1, 1, 2, 1, 3, 3, 4, 4, 5, 5, 6, 6, 7, 6, 8, 8, 9, 9, 10, 10, 11, 11, 12, 12, 13, 13, 14, 8, 15, 15, 16, 16, 17, 16, 18, 18, 19, 19, 20, 20, 21, 21, 22, 22, 23, 23, 24, 24, 25, 18, 26, 26, 27, 27, 28, 27, 29, 29, 30, 30, 31, 30, 32, 30, 33, 4, 34, 34, 35, 34, 36, 36, 37, 37, 38, 37, 39, 39, 40, 40, 41, 41, 42, 42, 43, 42, 44, 40, 45, 45, 46, 45, 47, 47, 48, 48, 49, 49, 50, 50, 51, 51, 52, 52, 53, 53, 54, 53, 55, 55, 56, 14, 10, 25, 20, 54, 49]","[1, 0, 2, 1, 3, 1, 4, 3, 5, 4, 6, 5, 7, 6, 8, 6, 9, 8, 10, 9, 11, 10, 12, 11, 13, 12, 14, 13, 15, 8, 16, 15, 17, 16, 18, 16, 19, 18, 20, 19, 21, 20, 22, 21, 23, 22, 24, 23, 25, 24, 26, 18, 27, 26, 28, 27, 29, 27, 30, 29, 31, 30, 32, 30, 33, 30, 34, 4, 35, 34, 36, 34, 37, 36, 38, 37, 39, 37, 40, 39, 41, 40, 42, 41, 43, 42, 44, 42, 45, 40, 46, 45, 47, 45, 48, 47, 49, 48, 50, 49, 51, 50, 52, 51, 53, 52, 54, 53, 55, 53, 56, 55, 10, 14, 20, 25, 49, 54]",-2.85
58,120,"[1, 1, 1, 1, 1, 2, 1, 3, 1, 1, 1, 1, 2, 1, 2, 2, 1, 3, 1, 1, 1, 1, 1, 1, 1, 1, 2, 1, 3, 3, 1, 1, 1, 1, 1, 3, 1, 1, 3, 2, 1, 1, 1, 1, 1, 1, 3, 2, 1, 1, 3, 3, 1, 1, 1, 1, 1, 1]","[1, 1, 1, 1, 1, 1, 1, 1, 1, 1, 1, 1, 2, 2, 1, 1, 1, 1, 1, 1, 3, 3, 3, 3, 3, 3, 3, 3, 1, 1, 1, 1, 2, 2, 1, 1, 1, 1, 1, 1, 3, 3, 3, 3, 3, 3, 3, 3, 3, 3, 1, 1, 1, 1, 2, 2, 1, 1, 1, 1, 1, 1, 1, 1, 1, 1, 1, 1, 1, 1, 1, 1, 1, 1, 2, 2, 1, 1, 1, 1, 1, 1, 1, 1, 1, 1, 1, 1, 1, 1, 2, 2, 1, 1, 1, 1, 1, 1, 1, 1, 2, 2, 1, 1, 3, 3, 3, 3, 3, 3, 3, 3, 3, 3, 3, 3, 3, 3, 3, 3]","[0, 1, 1, 2, 1, 3, 3, 4, 4, 5, 5, 6, 6, 7, 6, 8, 8, 9, 9, 10, 10, 11, 11, 12, 12, 13, 13, 14, 8, 15, 15, 16, 16, 17, 16, 18, 18, 19, 19, 20, 20, 21, 21, 22, 22, 23, 23, 24, 24, 25, 18, 26, 26, 27, 27, 28, 27, 29, 29, 30, 30, 31, 30, 32, 30, 33, 4, 34, 34, 35, 34, 36, 36, 37, 37, 38, 37, 39, 39, 40, 40, 41, 41, 42, 42, 43, 42, 44, 40, 45, 45, 46, 45, 47, 47, 48, 48, 49, 49, 50, 49, 51, 48, 52, 52, 53, 53, 54, 54, 55, 55, 56, 56, 57, 14, 10, 25, 20, 57, 52]","[1, 0, 2, 1, 3, 1, 4, 3, 5, 4, 6, 5, 7, 6, 8, 6, 9, 8, 10, 9, 11, 10, 12, 11, 13, 12, 14, 13, 15, 8, 16, 15, 17, 16, 18, 16, 19, 18, 20, 19, 21, 20, 22, 21, 23, 22, 24, 23, 25, 24, 26, 18, 27, 26, 28, 27, 29, 27, 30, 29, 31, 30, 32, 30, 33, 30, 34, 4, 35, 34, 36, 34, 37, 36, 38, 37, 39, 37, 40, 39, 41, 40, 42, 41, 43, 42, 44, 42, 45, 40, 46, 45, 47, 45, 48, 47, 49, 48, 50, 49, 51, 49, 52, 48, 53, 52, 54, 53, 55, 54, 56, 55, 57, 56, 10, 14, 20, 25, 52, 57]",-3.13
35,76,"[1, 1, 1, 1, 1, 0, 1, 1, 1, 1, 1, 1, 3, 8, 3, 3, 1, 1, 1, 1, 1, 1, 1, 1, 1, 1, 3, 1, 1, 1, 1, 1, 0, 1, 3]","[1, 1, 1, 1, 1, 1, 3, 3, 1, 1, 3, 3, 3, 3, 1, 1, 3, 3, 3, 3, 1, 1, 1, 1, 1, 1, 2, 2, 2, 2, 1, 1, 3, 3, 3, 3, 3, 3, 3, 3, 3, 3, 1, 1, 3, 3, 3, 3, 3, 3, 1, 1, 3, 3, 3, 3, 1, 1, 1, 1, 1, 1, 1, 1, 1, 1, 1, 1, 3, 3, 1, 1, 3, 3, 3, 3]","[0, 1, 1, 2, 1, 3, 3, 4, 4, 5, 4, 6, 6, 7, 7, 8, 7, 9, 9, 10, 10, 11, 11, 12, 12, 13, 13, 14, 13, 15, 13, 16, 16, 17, 17, 18, 18, 19, 19, 20, 20, 21, 11, 22, 22, 23, 23, 24, 24, 25, 25, 26, 25, 27, 27, 28, 28, 29, 29, 30, 29, 31, 27, 32, 24, 33, 6, 34, 10, 3, 17, 11, 21, 16, 28, 22]","[1, 0, 2, 1, 3, 1, 4, 3, 5, 4, 6, 4, 7, 6, 8, 7, 9, 7, 10, 9, 11, 10, 12, 11, 13, 12, 14, 13, 15, 13, 16, 13, 17, 16, 18, 17, 19, 18, 20, 19, 21, 20, 22, 11, 23, 22, 24, 23, 25, 24, 26, 25, 27, 25, 28, 27, 29, 28, 30, 29, 31, 29, 32, 27, 33, 24, 34, 6, 3, 10, 11, 17, 16, 21, 22, 28]",-5.18
25,56,"[3, 8, 3, 3, 1, 1, 1, 1, 1, 3, 1, 1, 1, 1, 1, 1, 3, 1, 1, 1, 1, 1, 1, 1, 1]","[2, 2, 2, 2, 1, 1, 1, 1, 1, 1, 3, 3, 3, 3, 3, 3, 1, 1, 3, 3, 3, 3, 1, 1, 3, 3, 3, 3, 3, 3, 1, 1, 3, 3, 3, 3, 1, 1, 3, 3, 3, 3, 3, 3, 3, 3, 3, 3, 1, 1, 3, 3, 3, 3, 3, 3]","[0, 1, 1, 2, 1, 3, 3, 4, 4, 5, 5, 6, 6, 7, 7, 8, 8, 9, 8, 10, 10, 11, 4, 12, 12, 13, 13, 14, 14, 15, 15, 16, 15, 17, 17, 18, 4, 19, 19, 20, 20, 21, 21, 22, 22, 23, 23, 24, 20, 1, 11, 5, 18, 12, 24, 19]","[1, 0, 2, 1, 3, 1, 4, 3, 5, 4, 6, 5, 7, 6, 8, 7, 9, 8, 10, 8, 11, 10, 12, 4, 13, 12, 14, 13, 15, 14, 16, 15, 17, 15, 18, 17, 19, 4, 20, 19, 21, 20, 22, 21, 23, 22, 24, 23, 1, 20, 5, 11, 12, 18, 19, 24]",-3.07
58,118,"[1, 1, 1, 1, 1, 2, 1, 3, 1, 1, 1, 1, 2, 1, 2, 2, 1, 3, 1, 1, 1, 1, 1, 1, 1, 1, 2, 1, 3, 3, 1, 1, 1, 1, 1, 3, 1, 1, 3, 2, 1, 1, 1, 1, 1, 1, 3, 2, 1, 1, 1, 2, 1, 1, 3, 1, 1, 3]","[1, 1, 1, 1, 1, 1, 1, 1, 1, 1, 1, 1, 2, 2, 1, 1, 1, 1, 1, 1, 3, 3, 3, 3, 3, 3, 3, 3, 1, 1, 1, 1, 2, 2, 1, 1, 1, 1, 1, 1, 3, 3, 3, 3, 3, 3, 3, 3, 3, 3, 1, 1, 1, 1, 2, 2, 1, 1, 1, 1, 1, 1, 1, 1, 1, 1, 1, 1, 1, 1, 1, 1, 1, 1, 2, 2, 1, 1, 1, 1, 1, 1, 1, 1, 1, 1, 1, 1, 1, 1, 2, 2, 1, 1, 1, 1, 1, 1, 1, 1, 1, 1, 1, 1, 1, 1, 1, 1, 1, 1, 1, 1, 1, 1, 3, 3, 3, 3]","[0, 1, 1, 2, 1, 3, 3, 4, 4, 5, 5, 6, 6, 7, 6, 8, 8, 9, 9, 10, 10, 11, 11, 12, 12, 13, 13, 14, 8, 15, 15, 16, 16, 17, 16, 18, 18, 19, 19, 20, 20, 21, 21, 22, 22, 23, 23, 24, 24, 25, 18, 26, 26, 27, 27, 28, 27, 29, 29, 30, 30, 31, 30, 32, 30, 33, 4, 34, 34, 35, 34, 36, 36, 37, 37, 38, 37, 39, 39, 40, 40, 41, 41, 42, 42, 43, 42, 44, 40, 45, 45, 46, 45, 47, 47, 48, 48, 49, 49, 50, 50, 51, 51, 52, 52, 53, 53, 54, 51, 55, 55, 56, 56, 57, 14, 10, 25, 20]","[1, 0, 2, 1, 3, 1, 4, 3, 5, 4, 6, 5, 7, 6, 8, 6, 9, 8, 10, 9, 11, 10, 12, 11, 13, 12, 14, 13, 15, 8, 16, 15, 17, 16, 18, 16, 19, 18, 20, 19, 21, 20, 22, 21, 23, 22, 24, 23, 25, 24, 26, 18, 27, 26, 28, 27, 29, 27, 30, 29, 31, 30, 32, 30, 33, 30, 34, 4, 35, 34, 36, 34, 37, 36, 38, 37, 39, 37, 40, 39, 41, 40, 42, 41, 43, 42, 44, 42, 45, 40, 46, 45, 47, 45, 48, 47, 49, 48, 50, 49, 51, 50, 52, 51, 53, 52, 54, 53, 55, 51, 56, 55, 57, 56, 10, 14, 20, 25]",-2.37
55,112,"[1, 1, 1, 1, 1, 2, 1, 3, 1, 1, 1, 1, 2, 1, 2, 2, 1, 3, 1, 1, 1, 1, 1, 1, 1, 1, 2, 1, 3, 3, 1, 1, 1, 1, 1, 3, 1, 1, 3, 2, 1, 1, 1, 1, 1, 1, 3, 2, 1, 1, 1, 2, 1, 3, 3]","[1, 1, 1, 1, 1, 1, 1, 1, 1, 1, 1, 1, 2, 2, 1, 1, 1, 1, 1, 1, 3, 3, 3, 3, 3, 3, 3, 3, 1, 1, 1, 1, 2, 2, 1, 1, 1, 1, 1, 1, 3, 3, 3, 3, 3, 3, 3, 3, 3, 3, 1, 1, 1, 1, 2, 2, 1, 1, 1, 1, 1, 1, 1, 1, 1, 1, 1, 1, 1, 1, 1, 1, 1, 1, 2, 2, 1, 1, 1, 1, 1, 1, 1, 1, 1, 1, 1, 1, 1, 1, 2, 2, 1, 1, 1, 1, 1, 1, 1, 1, 1, 1, 1, 1, 1, 1, 2, 2, 3, 3, 3, 3]","[0, 1, 1, 2, 1, 3, 3, 4, 4, 5, 5, 6, 6, 7, 6, 8, 8, 9, 9, 10, 10, 11, 11, 12, 12, 13, 13, 14, 8, 15, 15, 16, 16, 17, 16, 18, 18, 19, 19, 20, 20, 21, 21, 22, 22, 23, 23, 24, 24, 25, 18, 26, 26, 27, 27, 28, 27, 29, 29, 30, 30, 31, 30, 32, 30, 33, 4, 34, 34, 35, 34, 36, 36, 37, 37, 38, 37, 39, 39, 40, 40, 41, 41, 42, 42, 43, 42, 44, 40, 45, 45, 46, 45, 47, 47, 48, 48, 49, 49, 50, 50, 51, 50, 52, 52, 53, 52, 54, 14, 10, 25, 20]","[1, 0, 2, 1, 3, 1, 4, 3, 5, 4, 6, 5, 7, 6, 8, 6, 9, 8, 10, 9, 11, 10, 12, 11, 13, 12, 14, 13, 15, 8, 16, 15, 17, 16, 18, 16, 19, 18, 20, 19, 21, 20, 22, 21, 23, 22, 24, 23, 25, 24, 26, 18, 27, 26, 28, 27, 29, 27, 30, 29, 31, 30, 32, 30, 33, 30, 34, 4, 35, 34, 36, 34, 37, 36, 38, 37, 39, 37, 40, 39, 41, 40, 42, 41, 43, 42, 44, 42, 45, 40, 46, 45, 47, 45, 48, 47, 49, 48, 50, 49, 51, 50, 52, 50, 53, 52, 54, 52, 10, 14, 20, 25]",-2.22
31,66,"[1, 1, 1, 1, 1, 1, 1, 8, 3, 3, 2, 1, 3, 2, 1, 2, 1, 1, 1, 2, 2, 1, 1, 1, 1, 1, 1, 8, 2, 3, 3]","[1, 1, 3, 3, 3, 3, 3, 3, 3, 3, 3, 3, 1, 1, 2, 2, 2, 2, 1, 1, 1, 1, 2, 2, 1, 1, 1, 1, 3, 3, 3, 3, 3, 3, 3, 3, 3, 3, 1, 1, 1, 1, 3, 3, 3, 3, 3, 3, 3, 3, 3, 3, 1, 1, 1, 1, 2, 2, 2, 2, 3, 3, 3, 3, 3, 3]","[0, 1, 1, 2, 2, 3, 3, 4, 4, 5, 5, 6, 4, 7, 7, 8, 7, 9, 7, 10, 10, 11, 11, 12, 11, 13, 13, 14, 14, 15, 15, 16, 16, 17, 17, 18, 18, 19, 16, 20, 20, 21, 21, 22, 22, 23, 23, 24, 24, 25, 25, 26, 24, 27, 27, 28, 27, 29, 27, 30, 6, 1, 19, 14, 26, 21]","[1, 0, 2, 1, 3, 2, 4, 3, 5, 4, 6, 5, 7, 4, 8, 7, 9, 7, 10, 7, 11, 10, 12, 11, 13, 11, 14, 13, 15, 14, 16, 15, 17, 16, 18, 17, 19, 18, 20, 16, 21, 20, 22, 21, 23, 22, 24, 23, 25, 24, 26, 25, 27, 24, 28, 27, 29, 27, 30, 27, 1, 6, 14, 19, 21, 26]",-4.3
31,66,"[2, 8, 3, 3, 1, 1, 1, 1, 2, 1, 1, 1, 2, 1, 2, 2, 1, 3, 2, 8, 3, 3, 1, 1, 1, 1, 4, 1, 1, 1, 1]","[1, 1, 2, 2, 2, 2, 1, 1, 3, 3, 3, 3, 3, 3, 1, 1, 1, 1, 3, 3, 3, 3, 3, 3, 3, 3, 3, 3, 1, 1, 1, 1, 2, 2, 1, 1, 1, 1, 2, 2, 2, 2, 1, 1, 3, 3, 3, 3, 3, 3, 1, 1, 3, 3, 3, 3, 3, 3, 3, 3, 3, 3, 3, 3, 3, 3]","[0, 1, 1, 2, 1, 3, 1, 4, 4, 5, 5, 6, 6, 7, 7, 8, 8, 9, 9, 10, 10, 11, 11, 12, 12, 13, 13, 14, 13, 15, 15, 16, 16, 17, 16, 18, 18, 19, 19, 20, 19, 21, 19, 22, 22, 23, 23, 24, 24, 25, 25, 26, 25, 27, 27, 28, 7, 29, 29, 30, 30, 4, 14, 9, 28, 22]","[1, 0, 2, 1, 3, 1, 4, 1, 5, 4, 6, 5, 7, 6, 8, 7, 9, 8, 10, 9, 11, 10, 12, 11, 13, 12, 14, 13, 15, 13, 16, 15, 17, 16, 18, 16, 19, 18, 20, 19, 21, 19, 22, 19, 23, 22, 24, 23, 25, 24, 26, 25, 27, 25, 28, 27, 29, 7, 30, 29, 4, 30, 9, 14, 22, 28]",-4.0
37,78,"[1, 1, 1, 1, 2, 1, 3, 1, 2, 1, 8, 1, 1, 1, 1, 3, 1, 3, 1, 1, 1, 1, 1, 1, 1, 1, 2, 1, 3, 1, 3, 1, 1, 1, 1, 1, 1]","[1, 1, 1, 1, 1, 1, 1, 1, 1, 1, 2, 2, 1, 1, 1, 1, 1, 1, 1, 1, 1, 1, 1, 1, 1, 1, 1, 1, 2, 2, 1, 1, 1, 1, 1, 1, 1, 1, 1, 1, 3, 3, 3, 3, 3, 3, 3, 3, 3, 3, 1, 1, 1, 1, 2, 2, 1, 1, 1, 1, 1, 1, 3, 3, 3, 3, 3, 3, 3, 3, 3, 3, 1, 1, 3, 3, 3, 3]","[0, 1, 1, 2, 1, 3, 1, 4, 4, 5, 5, 6, 5, 7, 7, 8, 8, 9, 9, 10, 10, 11, 11, 12, 11, 13, 8, 14, 14, 15, 14, 16, 16, 17, 16, 18, 18, 19, 19, 20, 20, 21, 21, 22, 22, 23, 23, 24, 24, 25, 18, 26, 26, 27, 27, 28, 27, 29, 29, 30, 30, 31, 31, 32, 32, 33, 33, 34, 34, 35, 35, 36, 11, 7, 25, 20, 36, 31]","[1, 0, 2, 1, 3, 1, 4, 1, 5, 4, 6, 5, 7, 5, 8, 7, 9, 8, 10, 9, 11, 10, 12, 11, 13, 11, 14, 8, 15, 14, 16, 14, 17, 16, 18, 16, 19, 18, 20, 19, 21, 20, 22, 21, 23, 22, 24, 23, 25, 24, 26, 18, 27, 26, 28, 27, 29, 27, 30, 29, 31, 30, 32, 31, 33, 32, 34, 33, 35, 34, 36, 35, 7, 11, 20, 25, 31, 36]",-3.83
39,82,"[1, 1, 1, 3, 1, 1, 3, 2, 1, 1, 1, 1, 1, 1, 1, 1, 1, 3, 1, 3, 2, 1, 8, 1, 1, 1, 1, 1, 3, 2, 1, 1, 1, 1, 1, 1, 1, 1, 1]","[1, 1, 3, 3, 1, 1, 1, 1, 1, 1, 2, 2, 1, 1, 1, 1, 1, 1, 1, 1, 3, 3, 3, 3, 3, 3, 3, 3, 3, 3, 1, 1, 1, 1, 1, 1, 2, 2, 1, 1, 1, 1, 1, 1, 1, 1, 1, 1, 1, 1, 1, 1, 1, 1, 2, 2, 1, 1, 1, 1, 1, 1, 1, 1, 1, 1, 3, 3, 3, 3, 3, 3, 3, 3, 1, 1, 3, 3, 3, 3, 1, 1]","[0, 1, 1, 2, 2, 3, 3, 4, 4, 5, 5, 6, 5, 7, 7, 8, 8, 9, 9, 10, 10, 11, 11, 12, 12, 13, 13, 14, 14, 15, 8, 16, 16, 17, 16, 18, 18, 19, 18, 20, 20, 21, 21, 22, 22, 23, 23, 24, 23, 25, 23, 26, 26, 27, 27, 28, 27, 29, 29, 30, 30, 31, 30, 32, 30, 33, 2, 34, 34, 35, 35, 36, 36, 37, 34, 38, 37, 1, 15, 10, 26, 20]","[1, 0, 2, 1, 3, 2, 4, 3, 5, 4, 6, 5, 7, 5, 8, 7, 9, 8, 10, 9, 11, 10, 12, 11, 13, 12, 14, 13, 15, 14, 16, 8, 17, 16, 18, 16, 19, 18, 20, 18, 21, 20, 22, 21, 23, 22, 24, 23, 25, 23, 26, 23, 27, 26, 28, 27, 29, 27, 30, 29, 31, 30, 32, 30, 33, 30, 34, 2, 35, 34, 36, 35, 37, 36, 38, 34, 1, 37, 10, 15, 20, 26]",-5.01
26,56,"[3, 1, 1, 3, 1, 3, 1, 3, 1, 1, 2, 1, 1, 1, 1, 1, 1, 1, 2, 1, 1, 4, 1, 1, 1, 1]","[1, 1, 1, 1, 1, 1, 1, 1, 1, 1, 1, 1, 2, 2, 1, 1, 3, 3, 1, 1, 1, 1, 3, 3, 3, 3, 3, 3, 3, 3, 3, 3, 3, 3, 3, 3, 3, 3, 3, 3, 1, 1, 3, 3, 3, 3, 3, 3, 3, 3, 3, 3, 3, 3, 3, 3]","[0, 1, 1, 2, 2, 3, 2, 4, 4, 5, 5, 6, 6, 7, 6, 8, 8, 9, 9, 10, 10, 11, 11, 12, 12, 13, 13, 14, 14, 15, 15, 16, 16, 17, 17, 18, 18, 19, 19, 20, 15, 21, 9, 22, 22, 23, 23, 24, 24, 25, 25, 8, 20, 11, 17, 12]","[1, 0, 2, 1, 3, 2, 4, 2, 5, 4, 6, 5, 7, 6, 8, 6, 9, 8, 10, 9, 11, 10, 12, 11, 13, 12, 14, 13, 15, 14, 16, 15, 17, 16, 18, 17, 19, 18, 20, 19, 21, 15, 22, 9, 23, 22, 24, 23, 25, 24, 8, 25, 11, 20, 12, 17]",-4.54
25,54,"[1, 1, 1, 2, 1, 1, 1, 1, 1, 1, 1, 1, 2, 1, 1, 1, 2, 1, 1, 1, 1, 1, 1, 4, 3]","[3, 3, 1, 1, 1, 1, 1, 1, 1, 1, 1, 1, 1, 1, 3, 3, 3, 3, 3, 3, 3, 3, 1, 1, 1, 1, 3, 3, 3, 3, 3, 3, 3, 3, 3, 3, 3, 3, 3, 3, 3, 3, 3, 3, 1, 1, 1, 1, 3, 3, 3, 3, 3, 3]","[0, 1, 1, 2, 2, 3, 3, 4, 4, 5, 3, 6, 6, 7, 1, 8, 8, 9, 9, 10, 10, 11, 9, 12, 12, 13, 13, 14, 14, 15, 15, 16, 16, 17, 17, 18, 18, 19, 19, 20, 20, 21, 21, 22, 21, 23, 0, 24, 11, 0, 18, 13, 22, 17]","[1, 0, 2, 1, 3, 2, 4, 3, 5, 4, 6, 3, 7, 6, 8, 1, 9, 8, 10, 9, 11, 10, 12, 9, 13, 12, 14, 13, 15, 14, 16, 15, 17, 16, 18, 17, 19, 18, 20, 19, 21, 20, 22, 21, 23, 21, 24, 0, 0, 11, 13, 18, 17, 22]",-5.79
25,54,"[4, 1, 1, 1, 1, 1, 3, 1, 1, 2, 1, 1, 2, 1, 1, 1, 1, 1, 4, 1, 1, 4, 1, 1, 4]","[1, 1, 3, 3, 3, 3, 3, 3, 1, 1, 1, 1, 1, 1, 1, 1, 1, 1, 3, 3, 3, 3, 3, 3, 3, 3, 1, 1, 3, 3, 3, 3, 3, 3, 1, 1, 3, 3, 3, 3, 1, 1, 3, 3, 3, 3, 1, 1, 3, 3, 3, 3, 3, 3]","[0, 1, 1, 2, 2, 3, 3, 4, 4, 5, 5, 6, 6, 7, 7, 8, 8, 9, 9, 10, 10, 11, 11, 12, 12, 13, 7, 14, 14, 15, 15, 16, 16, 17, 17, 18, 17, 19, 19, 20, 20, 21, 4, 22, 22, 23, 3, 24, 23, 1, 13, 9, 20, 14]","[1, 0, 2, 1, 3, 2, 4, 3, 5, 4, 6, 5, 7, 6, 8, 7, 9, 8, 10, 9, 11, 10, 12, 11, 13, 12, 14, 7, 15, 14, 16, 15, 17, 16, 18, 17, 19, 17, 20, 19, 21, 20, 22, 4, 23, 22, 24, 3, 1, 23, 9, 13, 14, 20]",-5.08
25,54,"[4, 1, 1, 1, 4, 1, 1, 1, 2, 1, 1, 2, 1, 3, 1, 1, 1, 4, 1, 1, 1, 4, 1, 1, 1]","[1, 1, 3, 3, 3, 3, 1, 1, 3, 3, 1, 1, 1, 1, 1, 1, 3, 3, 3, 3, 3, 3, 3, 3, 1, 1, 1, 1, 1, 1, 3, 3, 1, 1, 3, 3, 3, 3, 3, 3, 1, 1, 3, 3, 3, 3, 3, 3, 3, 3, 3, 3, 3, 3]","[0, 1, 1, 2, 2, 3, 3, 4, 3, 5, 5, 6, 6, 7, 7, 8, 8, 9, 9, 10, 10, 11, 11, 12, 6, 13, 13, 14, 14, 15, 15, 16, 16, 17, 16, 18, 18, 19, 19, 20, 20, 21, 20, 22, 5, 23, 23, 24, 24, 1, 12, 8, 22, 15]","[1, 0, 2, 1, 3, 2, 4, 3, 5, 3, 6, 5, 7, 6, 8, 7, 9, 8, 10, 9, 11, 10, 12, 11, 13, 6, 14, 13, 15, 14, 16, 15, 17, 16, 18, 16, 19, 18, 20, 19, 21, 20, 22, 20, 23, 5, 24, 23, 1, 24, 8, 12, 15, 22]",-3.54
28,60,"[1, 2, 1, 1, 1, 1, 1, 1, 1, 1, 1, 3, 3, 1, 1, 3, 1, 2, 1, 2, 1, 1, 2, 1, 2, 2, 1, 3]","[1, 1, 1, 1, 1, 1, 1, 1, 3, 3, 3, 3, 3, 3, 3, 3, 3, 3, 1, 1, 2, 2, 1, 1, 1, 1, 1, 1, 1, 1, 1, 1, 1, 1, 3, 3, 3, 3, 3, 3, 3, 3, 3, 3, 3, 3, 1, 1, 3, 3, 3, 3, 2, 2, 3, 3, 3, 3, 3, 3]","[0, 1, 1, 2, 1, 3, 3, 4, 4, 5, 5, 6, 6, 7, 7, 8, 8, 9, 7, 10, 10, 11, 10, 12, 12, 13, 13, 14, 14, 15, 15, 16, 16, 17, 17, 18, 18, 19, 19, 20, 20, 21, 21, 22, 22, 23, 23, 24, 23, 25, 25, 26, 26, 27, 9, 4, 21, 17, 26, 20]","[1, 0, 2, 1, 3, 1, 4, 3, 5, 4, 6, 5, 7, 6, 8, 7, 9, 8, 10, 7, 11, 10, 12, 10, 13, 12, 14, 13, 15, 14, 16, 15, 17, 16, 18, 17, 19, 18, 20, 19, 21, 20, 22, 21, 23, 22, 24, 23, 25, 23, 26, 25, 27, 26, 4, 9, 17, 21, 20, 26]",-2.47
32,68,"[1, 1, 1, 2, 1, 1, 1, 1, 1, 1, 1, 1, 1, 1, 1, 3, 3, 1, 1, 3, 1, 2, 1, 2, 1, 1, 2, 1, 2, 2, 1, 3]","[1, 1, 1, 1, 1, 1, 1, 1, 1, 1, 1, 1, 1, 1, 1, 1, 3, 3, 3, 3, 3, 3, 3, 3, 3, 3, 1, 1, 2, 2, 1, 1, 1, 1, 1, 1, 1, 1, 1, 1, 1, 1, 3, 3, 3, 3, 3, 3, 3, 3, 3, 3, 3, 3, 1, 1, 3, 3, 3, 3, 2, 2, 3, 3, 3, 3, 3, 3]","[0, 1, 1, 2, 2, 3, 3, 4, 4, 5, 5, 6, 3, 7, 7, 8, 8, 9, 9, 10, 10, 11, 11, 12, 12, 13, 12, 14, 14, 15, 14, 16, 16, 17, 17, 18, 18, 19, 19, 20, 20, 21, 21, 22, 22, 23, 23, 24, 24, 25, 25, 26, 26, 27, 27, 28, 27, 29, 29, 30, 30, 31, 13, 8, 25, 21, 30, 24]","[1, 0, 2, 1, 3, 2, 4, 3, 5, 4, 6, 5, 7, 3, 8, 7, 9, 8, 10, 9, 11, 10, 12, 11, 13, 12, 14, 12, 15, 14, 16, 14, 17, 16, 18, 17, 19, 18, 20, 19, 21, 20, 22, 21, 23, 22, 24, 23, 25, 24, 26, 25, 27, 26, 28, 27, 29, 27, 30, 29, 31, 30, 8, 13, 21, 25, 24, 30]",-0.35
26,60,"[1, 2, 1, 1, 1, 1, 1, 2, 1, 1, 1, 1, 1, 1, 6, 1, 3, 1, 1, 2, 1, 1, 1, 1, 3, 3]","[1, 1, 1, 1, 1, 1, 1, 1, 1, 1, 1, 1, 1, 1, 1, 1, 3, 3, 3, 3, 3, 3, 3, 3, 3, 3, 1, 1, 3, 3, 2, 2, 3, 3, 3, 3, 3, 3, 1, 1, 1, 1, 1, 1, 1, 1, 1, 1, 2, 2, 1, 1, 1, 1, 3, 3, 3, 3, 1, 1]","[0, 1, 1, 2, 2, 3, 3, 4, 4, 5, 5, 6, 6, 7, 7, 8, 8, 9, 9, 10, 10, 11, 11, 12, 12, 13, 13, 14, 11, 15, 15, 16, 15, 17, 17, 18, 18, 19, 19, 20, 20, 21, 21, 22, 17, 23, 23, 24, 23, 25, 5, 1, 7, 3, 13, 8, 19, 10, 22, 20]","[1, 0, 2, 1, 3, 2, 4, 3, 5, 4, 6, 5, 7, 6, 8, 7, 9, 8, 10, 9, 11, 10, 12, 11, 13, 12, 14, 13, 15, 11, 16, 15, 17, 15, 18, 17, 19, 18, 20, 19, 21, 20, 22, 21, 23, 17, 24, 23, 25, 23, 1, 5, 3, 7, 8, 13, 10, 19, 20, 22]",-2.9
25,58,"[3, 1, 3, 1, 1, 2, 1, 1, 1, 1, 1, 1, 1, 6, 1, 2, 1, 1, 1, 1, 1, 2, 1, 1, 3]","[2, 2, 1, 1, 1, 1, 3, 3, 3, 3, 1, 1, 1, 1, 1, 1, 3, 3, 3, 3, 3, 3, 3, 3, 1, 1, 3, 3, 1, 1, 1, 1, 1, 1, 1, 1, 1, 1, 1, 1, 1, 1, 3, 3, 3, 3, 2, 2, 3, 3, 1, 1, 3, 3, 1, 1, 1, 1]","[0, 1, 1, 2, 1, 3, 3, 4, 4, 5, 5, 6, 6, 7, 7, 8, 5, 9, 9, 10, 10, 11, 11, 12, 12, 13, 12, 14, 14, 15, 15, 16, 16, 17, 17, 18, 18, 19, 19, 20, 20, 21, 14, 22, 10, 23, 23, 24, 23, 3, 8, 6, 22, 9, 19, 15, 21, 17]","[1, 0, 2, 1, 3, 1, 4, 3, 5, 4, 6, 5, 7, 6, 8, 7, 9, 5, 10, 9, 11, 10, 12, 11, 13, 12, 14, 12, 15, 14, 16, 15, 17, 16, 18, 17, 19, 18, 20, 19, 21, 20, 22, 14, 23, 10, 24, 23, 3, 23, 6, 8, 9, 22, 15, 19, 17, 21]",-3.65
29,70,"[1, 3, 1, 1, 1, 1, 1, 1, 3, 1, 1, 1, 1, 2, 1, 1, 1, 1, 3, 1, 1, 1, 3, 2, 1, 1, 1, 1, 1]","[1, 1, 1, 1, 3, 3, 3, 3, 3, 3, 3, 3, 3, 3, 1, 1, 1, 1, 1, 1, 1, 1, 1, 1, 1, 1, 1, 1, 1, 1, 2, 2, 1, 1, 1, 1, 1, 1, 1, 1, 1, 1, 2, 2, 1, 1, 1, 1, 1, 1, 1, 1, 1, 1, 1, 1, 3, 3, 1, 1, 1, 1, 1, 1, 1, 1, 1, 1, 1, 1]","[0, 1, 1, 2, 2, 3, 3, 4, 4, 5, 5, 6, 6, 7, 7, 8, 8, 9, 5, 10, 10, 11, 11, 12, 12, 13, 13, 14, 14, 15, 15, 16, 16, 17, 17, 18, 18, 19, 19, 20, 20, 21, 21, 22, 21, 23, 23, 24, 24, 25, 25, 26, 26, 27, 27, 28, 7, 2, 23, 4, 24, 10, 28, 10, 28, 13, 26, 15, 25, 19]","[1, 0, 2, 1, 3, 2, 4, 3, 5, 4, 6, 5, 7, 6, 8, 7, 9, 8, 10, 5, 11, 10, 12, 11, 13, 12, 14, 13, 15, 14, 16, 15, 17, 16, 18, 17, 19, 18, 20, 19, 21, 20, 22, 21, 23, 21, 24, 23, 25, 24, 26, 25, 27, 26, 28, 27, 2, 7, 4, 23, 10, 24, 10, 28, 13, 28, 15, 26, 19, 25]",-2.79
25,62,"[3, 1, 2, 1, 1, 1, 1, 2, 1, 1, 1, 1, 1, 1, 3, 1, 1, 1, 1, 1, 1, 1, 1, 1, 1]","[2, 2, 1, 1, 1, 1, 3, 3, 1, 1, 1, 1, 1, 1, 1, 1, 1, 1, 1, 1, 1, 1, 1, 1, 1, 1, 1, 1, 1, 1, 2, 2, 1, 1, 1, 1, 3, 3, 3, 3, 3, 3, 3, 3, 1, 1, 1, 1, 1, 1, 1, 1, 1, 1, 1, 1, 1, 1, 1, 1, 3, 3]","[0, 1, 1, 2, 2, 3, 3, 4, 4, 5, 5, 6, 6, 7, 7, 8, 7, 9, 9, 10, 10, 11, 11, 12, 12, 13, 13, 14, 14, 15, 10, 16, 6, 17, 5, 18, 4, 19, 19, 20, 20, 21, 3, 22, 2, 23, 1, 24, 23, 5, 18, 8, 17, 11, 23, 12, 24, 13, 16, 15, 22, 21]","[1, 0, 2, 1, 3, 2, 4, 3, 5, 4, 6, 5, 7, 6, 8, 7, 9, 7, 10, 9, 11, 10, 12, 11, 13, 12, 14, 13, 15, 14, 16, 10, 17, 6, 18, 5, 19, 4, 20, 19, 21, 20, 22, 3, 23, 2, 24, 1, 5, 23, 8, 18, 11, 17, 12, 23, 13, 24, 15, 16, 21, 22]",-3.32
21,46,"[1, 2, 1, 3, 2, 1, 1, 1, 2, 1, 2, 1, 1, 1, 1, 1, 1, 1, 1, 1, 3]","[1, 1, 3, 3, 2, 2, 3, 3, 1, 1, 3, 3, 3, 3, 3, 3, 3, 3, 3, 3, 1, 1, 2, 2, 1, 1, 3, 3, 3, 3, 3, 3, 3, 3, 3, 3, 3, 3, 2, 2, 3, 3, 3, 3, 3, 3]","[0, 1, 1, 2, 2, 3, 2, 4, 4, 5, 4, 6, 6, 7, 7, 8, 8, 9, 9, 10, 9, 11, 11, 12, 12, 13, 13, 14, 14, 15, 15, 16, 16, 17, 17, 18, 7, 19, 19, 20, 19, 1, 10, 6, 18, 13]","[1, 0, 2, 1, 3, 2, 4, 2, 5, 4, 6, 4, 7, 6, 8, 7, 9, 8, 10, 9, 11, 9, 12, 11, 13, 12, 14, 13, 15, 14, 16, 15, 17, 16, 18, 17, 19, 7, 20, 19, 1, 19, 6, 10, 13, 18]",-6.66
22,48,"[1, 2, 1, 3, 2, 1, 1, 1, 2, 1, 1, 2, 1, 1, 1, 1, 1, 1, 1, 1, 1, 3]","[1, 1, 3, 3, 2, 2, 3, 3, 1, 1, 3, 3, 3, 3, 3, 3, 1, 1, 3, 3, 3, 3, 1, 1, 2, 2, 1, 1, 3, 3, 3, 3, 3, 3, 3, 3, 3, 3, 3, 3, 2, 2, 3, 3, 3, 3, 3, 3]","[0, 1, 1, 2, 2, 3, 2, 4, 4, 5, 4, 6, 6, 7, 7, 8, 8, 9, 8, 10, 10, 11, 10, 12, 12, 13, 13, 14, 14, 15, 15, 16, 16, 17, 17, 18, 18, 19, 7, 20, 20, 21, 20, 1, 11, 6, 19, 14]","[1, 0, 2, 1, 3, 2, 4, 2, 5, 4, 6, 4, 7, 6, 8, 7, 9, 8, 10, 8, 11, 10, 12, 10, 13, 12, 14, 13, 15, 14, 16, 15, 17, 16, 18, 17, 19, 18, 20, 7, 21, 20, 1, 20, 6, 11, 14, 19]",-5.55
24,50,"[1, 1, 3, 3, 1, 1, 1, 1, 1, 1, 2, 1, 3, 1, 1, 1, 1, 1, 1, 1, 2, 3, 1, 1]","[1, 1, 2, 2, 1, 1, 1, 1, 3, 3, 3, 3, 3, 3, 1, 1, 1, 1, 1, 1, 1, 1, 2, 2, 1, 1, 3, 3, 3, 3, 3, 3, 3, 3, 3, 3, 1, 1, 1, 1, 2, 2, 3, 3, 3, 3, 3, 3, 3, 3]","[0, 1, 1, 2, 1, 3, 3, 4, 4, 5, 5, 6, 6, 7, 7, 8, 8, 9, 9, 10, 10, 11, 11, 12, 11, 13, 13, 14, 14, 15, 15, 16, 16, 17, 17, 18, 9, 19, 19, 20, 19, 21, 7, 22, 22, 23, 23, 4, 18, 13]","[1, 0, 2, 1, 3, 1, 4, 3, 5, 4, 6, 5, 7, 6, 8, 7, 9, 8, 10, 9, 11, 10, 12, 11, 13, 11, 14, 13, 15, 14, 16, 15, 17, 16, 18, 17, 19, 9, 20, 19, 21, 19, 22, 7, 23, 22, 4, 23, 13, 18]",-3.89
23,48,"[1, 1, 3, 1, 3, 1, 1, 1, 1, 1, 1, 3, 1, 1, 2, 1, 3, 1, 1, 1, 1, 1, 1]","[1, 1, 1, 1, 1, 1, 2, 2, 1, 1, 1, 1, 1, 1, 3, 3, 3, 3, 3, 3, 1, 1, 3, 3, 3, 3, 1, 1, 1, 1, 2, 2, 1, 1, 3, 3, 3, 3, 3, 3, 3, 3, 3, 3, 3, 3, 3, 3]","[0, 1, 1, 2, 2, 3, 3, 4, 3, 5, 5, 6, 6, 7, 7, 8, 8, 9, 9, 10, 10, 11, 10, 12, 12, 13, 5, 14, 14, 15, 15, 16, 15, 17, 17, 18, 18, 19, 19, 20, 20, 21, 21, 22, 13, 7, 22, 17]","[1, 0, 2, 1, 3, 2, 4, 3, 5, 3, 6, 5, 7, 6, 8, 7, 9, 8, 10, 9, 11, 10, 12, 10, 13, 12, 14, 5, 15, 14, 16, 15, 17, 15, 18, 17, 19, 18, 20, 19, 21, 20, 22, 21, 7, 13, 17, 22]",-3.33
19,42,"[1, 2, 1, 3, 2, 1, 1, 1, 2, 1, 2, 1, 1, 1, 1, 1, 1, 1, 3]","[1, 1, 3, 3, 2, 2, 3, 3, 1, 1, 3, 3, 3, 3, 3, 3, 3, 3, 3, 3, 1, 1, 3, 3, 3, 3, 3, 3, 3, 3, 3, 3, 3, 3, 2, 2, 3, 3, 3, 3, 3, 3]","[0, 1, 1, 2, 2, 3, 2, 4, 4, 5, 4, 6, 6, 7, 7, 8, 8, 9, 9, 10, 9, 11, 11, 12, 12, 13, 13, 14, 14, 15, 15, 16, 7, 17, 17, 18, 17, 1, 10, 6, 16, 11]","[1, 0, 2, 1, 3, 2, 4, 2, 5, 4, 6, 4, 7, 6, 8, 7, 9, 8, 10, 9, 11, 9, 12, 11, 13, 12, 14, 13, 15, 14, 16, 15, 17, 7, 18, 17, 1, 17, 6, 10, 11, 16]",-5.0
20,44,"[1, 2, 1, 3, 2, 1, 1, 1, 2, 1, 1, 2, 1, 1, 1, 1, 1, 1, 1, 3]","[1, 1, 3, 3, 2, 2, 3, 3, 1, 1, 3, 3, 3, 3, 3, 3, 1, 1, 3, 3, 3, 3, 1, 1, 3, 3, 3, 3, 3, 3, 3, 3, 3, 3, 3, 3, 2, 2, 3, 3, 3, 3, 3, 3]","[0, 1, 1, 2, 2, 3, 2, 4, 4, 5, 4, 6, 6, 7, 7, 8, 8, 9, 8, 10, 10, 11, 10, 12, 12, 13, 13, 14, 14, 15, 15, 16, 16, 17, 7, 18, 18, 19, 18, 1, 11, 6, 17, 12]","[1, 0, 2, 1, 3, 2, 4, 2, 5, 4, 6, 4, 7, 6, 8, 7, 9, 8, 10, 8, 11, 10, 12, 10, 13, 12, 14, 13, 15, 14, 16, 15, 17, 16, 18, 7, 19, 18, 1, 18, 6, 11, 12, 17]",-3.31
24,52,"[1, 1, 1, 2, 1, 8, 1, 1, 2, 1, 3, 1, 2, 1, 1, 1, 1, 1, 1, 1, 3, 1, 3, 3]","[1, 1, 2, 2, 1, 1, 1, 1, 1, 1, 1, 1, 1, 1, 1, 1, 1, 1, 2, 2, 1, 1, 1, 1, 1, 1, 2, 2, 1, 1, 1, 1, 2, 2, 1, 1, 1, 1, 2, 2, 1, 1, 1, 1, 2, 2, 1, 1, 1, 1, 1, 1]","[0, 1, 1, 2, 2, 3, 3, 4, 4, 5, 5, 6, 4, 7, 7, 8, 8, 9, 9, 10, 9, 11, 11, 12, 11, 13, 13, 14, 14, 15, 15, 16, 16, 17, 17, 18, 7, 19, 19, 20, 2, 21, 21, 22, 21, 23, 6, 1, 19, 3, 18, 13]","[1, 0, 2, 1, 3, 2, 4, 3, 5, 4, 6, 5, 7, 4, 8, 7, 9, 8, 10, 9, 11, 9, 12, 11, 13, 11, 14, 13, 15, 14, 16, 15, 17, 16, 18, 17, 19, 7, 20, 19, 21, 2, 22, 21, 23, 21, 1, 6, 3, 19, 13, 18]",-1.22
25,54,"[1, 3, 1, 1, 2, 1, 8, 1, 1, 2, 1, 3, 1, 2, 1, 1, 1, 1, 1, 1, 1, 3, 1, 3, 3]","[1, 1, 1, 1, 2, 2, 1, 1, 1, 1, 1, 1, 1, 1, 1, 1, 1, 1, 1, 1, 2, 2, 1, 1, 1, 1, 1, 1, 2, 2, 1, 1, 1, 1, 2, 2, 1, 1, 1, 1, 2, 2, 1, 1, 1, 1, 2, 2, 1, 1, 1, 1, 1, 1]","[0, 1, 1, 2, 2, 3, 3, 4, 4, 5, 5, 6, 6, 7, 5, 8, 8, 9, 9, 10, 10, 11, 10, 12, 12, 13, 12, 14, 14, 15, 15, 16, 16, 17, 17, 18, 18, 19, 8, 20, 20, 21, 3, 22, 22, 23, 22, 24, 7, 2, 20, 4, 19, 14]","[1, 0, 2, 1, 3, 2, 4, 3, 5, 4, 6, 5, 7, 6, 8, 5, 9, 8, 10, 9, 11, 10, 12, 10, 13, 12, 14, 12, 15, 14, 16, 15, 17, 16, 18, 17, 19, 18, 20, 8, 21, 20, 22, 3, 23, 22, 24, 22, 2, 7, 4, 20, 14, 19]",-1.89
18,38,"[3, 1, 2, 2, 1, 3, 1, 1, 1, 2, 1, 1, 1, 1, 1, 1, 1, 1]","[2, 2, 1, 1, 1, 1, 1, 1, 2, 2, 1, 1, 3, 3, 3, 3, 3, 3, 3, 3, 3, 3, 1, 1, 3, 3, 3, 3, 3, 3, 3, 3, 3, 3, 3, 3, 3, 3]","[0, 1, 1, 2, 2, 3, 3, 4, 4, 5, 4, 6, 6, 7, 7, 8, 8, 9, 9, 10, 10, 11, 1, 12, 12, 13, 13, 14, 14, 15, 15, 16, 16, 17, 11, 6, 17, 12]","[1, 0, 2, 1, 3, 2, 4, 3, 5, 4, 6, 4, 7, 6, 8, 7, 9, 8, 10, 9, 11, 10, 12, 1, 13, 12, 14, 13, 15, 14, 16, 15, 17, 16, 6, 11, 12, 17]",-2.54
19,40,"[1, 1, 1, 1, 1, 1, 1, 1, 3, 2, 2, 1, 3, 1, 1, 1, 2, 1, 1]","[1, 1, 3, 3, 3, 3, 3, 3, 3, 3, 3, 3, 1, 1, 2, 2, 1, 1, 1, 1, 1, 1, 2, 2, 1, 1, 3, 3, 3, 3, 3, 3, 3, 3, 3, 3, 3, 3, 3, 3]","[0, 1, 1, 2, 2, 3, 3, 4, 4, 5, 5, 6, 2, 7, 7, 8, 7, 9, 9, 10, 10, 11, 11, 12, 11, 13, 13, 14, 14, 15, 15, 16, 16, 17, 17, 18, 6, 1, 18, 13]","[1, 0, 2, 1, 3, 2, 4, 3, 5, 4, 6, 5, 7, 2, 8, 7, 9, 7, 10, 9, 11, 10, 12, 11, 13, 11, 14, 13, 15, 14, 16, 15, 17, 16, 18, 17, 1, 6, 13, 18]",-2.73
26,58,"[1, 1, 1, 1, 3, 1, 1, 1, 1, 1, 1, 1, 3, 1, 1, 1, 1, 1, 1, 1, 1, 3, 1, 3, 1, 3]","[1, 1, 1, 1, 1, 1, 2, 2, 1, 1, 1, 1, 1, 1, 1, 1, 1, 1, 2, 2, 1, 1, 2, 2, 1, 1, 2, 2, 1, 1, 1, 1, 1, 1, 1, 1, 1, 1, 1, 1, 1, 1, 1, 1, 2, 2, 1, 1, 1, 1, 1, 1, 1, 1, 1, 1, 1, 1]","[0, 1, 1, 2, 2, 3, 3, 4, 3, 5, 5, 6, 6, 7, 7, 8, 8, 9, 9, 10, 10, 11, 11, 12, 11, 13, 13, 14, 14, 15, 15, 16, 6, 17, 17, 18, 18, 19, 19, 20, 20, 21, 20, 22, 22, 23, 22, 24, 24, 25, 17, 1, 20, 1, 15, 5, 15, 9]","[1, 0, 2, 1, 3, 2, 4, 3, 5, 3, 6, 5, 7, 6, 8, 7, 9, 8, 10, 9, 11, 10, 12, 11, 13, 11, 14, 13, 15, 14, 16, 15, 17, 6, 18, 17, 19, 18, 20, 19, 21, 20, 22, 20, 23, 22, 24, 22, 25, 24, 1, 17, 1, 20, 5, 15, 9, 15]",-3.48
29,64,"[1, 1, 3, 3, 1, 1, 3, 1, 3, 1, 1, 1, 1, 1, 1, 1, 1, 1, 3, 1, 1, 1, 1, 1, 1, 3, 1, 1, 1]","[1, 1, 2, 2, 1, 1, 1, 1, 1, 1, 2, 2, 1, 1, 1, 1, 1, 1, 1, 1, 1, 1, 1, 1, 1, 1, 1, 1, 1, 1, 2, 2, 1, 1, 2, 2, 1, 1, 2, 2, 1, 1, 1, 1, 1, 1, 1, 1, 2, 2, 1, 1, 1, 1, 1, 1, 1, 1, 1, 1, 1, 1, 1, 1]","[0, 1, 1, 2, 1, 3, 3, 4, 4, 5, 5, 6, 5, 7, 7, 8, 7, 9, 9, 10, 10, 11, 11, 12, 12, 13, 13, 14, 14, 15, 15, 16, 16, 17, 17, 18, 17, 19, 19, 20, 20, 21, 21, 22, 21, 23, 23, 24, 24, 25, 24, 26, 26, 27, 27, 28, 27, 7, 27, 11, 23, 12, 21, 15]","[1, 0, 2, 1, 3, 1, 4, 3, 5, 4, 6, 5, 7, 5, 8, 7, 9, 7, 10, 9, 11, 10, 12, 11, 13, 12, 14, 13, 15, 14, 16, 15, 17, 16, 18, 17, 19, 17, 20, 19, 21, 20, 22, 21, 23, 21, 24, 23, 25, 24, 26, 24, 27, 26, 28, 27, 7, 27, 11, 27, 12, 23, 15, 21]",-4.24
19,40,"[3, 1, 1, 3, 1, 3, 1, 1, 1, 1, 1, 1, 2, 1, 1, 1, 1, 1, 1]","[2, 2, 1, 1, 1, 1, 1, 1, 2, 2, 1, 1, 3, 3, 3, 3, 3, 3, 3, 3, 3, 3, 1, 1, 1, 1, 1, 1, 1, 1, 1, 1, 1, 1, 1, 1, 3, 3, 1, 1]","[0, 1, 1, 2, 2, 3, 3, 4, 4, 5, 4, 6, 6, 7, 7, 8, 8, 9, 9, 10, 10, 11, 1, 12, 12, 13, 13, 14, 14, 15, 15, 16, 16, 17, 17, 18, 11, 6, 18, 13]","[1, 0, 2, 1, 3, 2, 4, 3, 5, 4, 6, 4, 7, 6, 8, 7, 9, 8, 10, 9, 11, 10, 12, 1, 13, 12, 14, 13, 15, 14, 16, 15, 17, 16, 18, 17, 6, 11, 13, 18]",-3.9
20,42,"[1, 2, 1, 1, 1, 1, 1, 1, 1, 3, 1, 3, 1, 3, 1, 1, 1, 1, 1, 1]","[1, 1, 1, 1, 1, 1, 1, 1, 1, 1, 1, 1, 1, 1, 1, 1, 2, 2, 1, 1, 1, 1, 1, 1, 2, 2, 1, 1, 3, 3, 3, 3, 3, 3, 3, 3, 3, 3, 1, 1, 3, 3]","[0, 1, 1, 2, 2, 3, 3, 4, 4, 5, 5, 6, 6, 7, 1, 8, 8, 9, 8, 10, 10, 11, 11, 12, 12, 13, 12, 14, 14, 15, 15, 16, 16, 17, 17, 18, 18, 19, 7, 2, 19, 14]","[1, 0, 2, 1, 3, 2, 4, 3, 5, 4, 6, 5, 7, 6, 8, 1, 9, 8, 10, 8, 11, 10, 12, 11, 13, 12, 14, 12, 15, 14, 16, 15, 17, 16, 18, 17, 19, 18, 2, 7, 14, 19]",-3.29
15,30,"[1, 1, 1, 2, 1, 2, 1, 2, 1, 3, 2, 2, 1, 1, 1]","[1, 1, 1, 1, 1, 1, 1, 1, 3, 3, 3, 3, 3, 3, 3, 3, 2, 2, 3, 3, 1, 1, 1, 1, 1, 1, 1, 1, 3, 3]","[0, 1, 1, 2, 1, 3, 3, 4, 4, 5, 5, 6, 6, 7, 7, 8, 8, 9, 8, 10, 6, 11, 11, 12, 12, 13, 12, 14, 10, 4]","[1, 0, 2, 1, 3, 1, 4, 3, 5, 4, 6, 5, 7, 6, 8, 7, 9, 8, 10, 8, 11, 6, 12, 11, 13, 12, 14, 12, 4, 10]",-2.81
15,30,"[1, 1, 2, 1, 2, 1, 2, 1, 3, 2, 2, 1, 1, 1, 1]","[1, 1, 1, 1, 1, 1, 3, 3, 3, 3, 3, 3, 3, 3, 2, 2, 3, 3, 1, 1, 1, 1, 1, 1, 1, 1, 1, 1, 3, 3]","[0, 1, 1, 2, 2, 3, 3, 4, 4, 5, 5, 6, 6, 7, 7, 8, 7, 9, 5, 10, 10, 11, 11, 12, 10, 13, 13, 14, 9, 3]","[1, 0, 2, 1, 3, 2, 4, 3, 5, 4, 6, 5, 7, 6, 8, 7, 9, 7, 10, 5, 11, 10, 12, 11, 13, 10, 14, 13, 3, 9]",-3.64
21,46,"[3, 1, 1, 1, 1, 1, 3, 1, 1, 3, 1, 1, 1, 1, 1, 1, 3, 1, 1, 3, 3]","[1, 1, 3, 3, 3, 3, 3, 3, 1, 1, 2, 2, 1, 1, 1, 1, 1, 1, 1, 1, 3, 3, 1, 1, 3, 3, 3, 3, 3, 3, 1, 1, 3, 3, 3, 3, 1, 1, 1, 1, 3, 3, 3, 3, 3, 3]","[0, 1, 1, 2, 2, 3, 3, 4, 4, 5, 5, 6, 5, 7, 7, 8, 8, 9, 9, 10, 10, 11, 8, 12, 12, 13, 13, 14, 14, 15, 15, 16, 15, 17, 17, 18, 17, 19, 3, 20, 11, 1, 10, 4, 18, 12]","[1, 0, 2, 1, 3, 2, 4, 3, 5, 4, 6, 5, 7, 5, 8, 7, 9, 8, 10, 9, 11, 10, 12, 8, 13, 12, 14, 13, 15, 14, 16, 15, 17, 15, 18, 17, 19, 17, 20, 3, 1, 11, 4, 10, 12, 18]",-3.62
26,56,"[1, 3, 1, 1, 1, 3, 1, 1, 1, 1, 1, 1, 1, 1, 1, 3, 1, 1, 1, 1, 1, 1, 3, 1, 1, 3]","[1, 1, 1, 1, 3, 3, 3, 3, 1, 1, 3, 3, 1, 1, 1, 1, 2, 2, 1, 1, 1, 1, 3, 3, 3, 3, 1, 1, 2, 2, 1, 1, 1, 1, 1, 1, 3, 3, 3, 3, 3, 3, 1, 1, 3, 3, 3, 3, 1, 1, 3, 3, 3, 3, 1, 1]","[0, 1, 1, 2, 2, 3, 3, 4, 4, 5, 4, 6, 6, 7, 7, 8, 8, 9, 9, 10, 9, 11, 6, 12, 12, 13, 13, 14, 14, 15, 14, 16, 16, 17, 17, 18, 18, 19, 19, 20, 20, 21, 21, 22, 21, 23, 23, 24, 17, 25, 13, 2, 24, 18, 25, 12]","[1, 0, 2, 1, 3, 2, 4, 3, 5, 4, 6, 4, 7, 6, 8, 7, 9, 8, 10, 9, 11, 9, 12, 6, 13, 12, 14, 13, 15, 14, 16, 14, 17, 16, 18, 17, 19, 18, 20, 19, 21, 20, 22, 21, 23, 21, 24, 23, 25, 17, 2, 13, 18, 24, 12, 25]",-5.44
19,44,"[1, 2, 1, 1, 1, 1, 1, 1, 1, 1, 1, 1, 1, 1, 1, 1, 3, 1, 1]","[1, 1, 1, 1, 1, 1, 1, 1, 1, 1, 1, 1, 1, 1, 1, 1, 1, 1, 1, 1, 1, 1, 1, 1, 3, 3, 3, 3, 3, 3, 1, 1, 3, 3, 3, 3, 1, 1, 1, 1, 1, 1, 3, 3]","[0, 1, 1, 2, 2, 3, 3, 4, 4, 5, 5, 6, 6, 7, 7, 8, 8, 9, 9, 10, 10, 11, 11, 12, 12, 13, 13, 14, 14, 15, 15, 16, 15, 17, 17, 18, 10, 1, 9, 4, 13, 4, 18, 12]","[1, 0, 2, 1, 3, 2, 4, 3, 5, 4, 6, 5, 7, 6, 8, 7, 9, 8, 10, 9, 11, 10, 12, 11, 13, 12, 14, 13, 15, 14, 16, 15, 17, 15, 18, 17, 1, 10, 4, 9, 4, 13, 12, 18]",-2.72
20,46,"[1, 3, 1, 1, 1, 1, 1, 1, 1, 1, 1, 1, 1, 1, 1, 1, 2, 1, 1, 1]","[1, 1, 1, 1, 3, 3, 3, 3, 3, 3, 1, 1, 1, 1, 1, 1, 1, 1, 1, 1, 1, 1, 1, 1, 1, 1, 1, 1, 1, 1, 1, 1, 1, 1, 3, 3, 3, 3, 3, 3, 1, 1, 1, 1, 1, 1]","[0, 1, 1, 2, 2, 3, 3, 4, 4, 5, 5, 6, 6, 7, 7, 8, 8, 9, 9, 10, 10, 11, 11, 12, 12, 13, 13, 14, 14, 15, 15, 16, 16, 17, 5, 18, 18, 19, 19, 2, 13, 4, 16, 7, 13, 8]","[1, 0, 2, 1, 3, 2, 4, 3, 5, 4, 6, 5, 7, 6, 8, 7, 9, 8, 10, 9, 11, 10, 12, 11, 13, 12, 14, 13, 15, 14, 16, 15, 17, 16, 18, 5, 19, 18, 2, 19, 4, 13, 7, 16, 8, 13]",-3.48
10,22,"[8, 1, 2, 1, 2, 1, 1, 2, 1, 2]","[2, 2, 3, 3, 3, 3, 3, 3, 3, 3, 3, 3, 3, 3, 3, 3, 3, 3, 3, 3, 3, 3]","[0, 1, 1, 2, 2, 3, 3, 4, 4, 5, 5, 6, 6, 7, 7, 8, 8, 9, 6, 1, 9, 5]","[1, 0, 2, 1, 3, 2, 4, 3, 5, 4, 6, 5, 7, 6, 8, 7, 9, 8, 1, 6, 5, 9]",-2.95
11,24,"[2, 1, 2, 1, 1, 2, 1, 2, 1, 8, 2]","[1, 1, 3, 3, 3, 3, 3, 3, 3, 3, 3, 3, 3, 3, 3, 3, 2, 2, 3, 3, 3, 3, 3, 3]","[0, 1, 1, 2, 2, 3, 3, 4, 4, 5, 5, 6, 6, 7, 4, 8, 8, 9, 8, 10, 10, 1, 7, 3]","[1, 0, 2, 1, 3, 2, 4, 3, 5, 4, 6, 5, 7, 6, 8, 4, 9, 8, 10, 8, 1, 10, 3, 7]",-3.31
25,56,"[3, 1, 1, 1, 1, 1, 3, 1, 1, 1, 1, 1, 1, 3, 1, 3, 1, 3, 3, 1, 1, 1, 1, 1, 1]","[1, 1, 3, 3, 1, 1, 1, 1, 3, 3, 1, 1, 3, 3, 3, 3, 3, 3, 3, 3, 3, 3, 3, 3, 3, 3, 3, 3, 2, 2, 3, 3, 2, 2, 3, 3, 3, 3, 3, 3, 3, 3, 3, 3, 3, 3, 3, 3, 3, 3, 3, 3, 3, 3, 3, 3]","[0, 1, 1, 2, 2, 3, 3, 4, 4, 5, 5, 6, 5, 7, 7, 8, 8, 9, 9, 10, 10, 11, 11, 12, 12, 13, 13, 14, 14, 15, 2, 16, 16, 17, 16, 18, 18, 19, 19, 20, 20, 21, 21, 22, 22, 23, 23, 24, 20, 1, 14, 4, 12, 7, 24, 19]","[1, 0, 2, 1, 3, 2, 4, 3, 5, 4, 6, 5, 7, 5, 8, 7, 9, 8, 10, 9, 11, 10, 12, 11, 13, 12, 14, 13, 15, 14, 16, 2, 17, 16, 18, 16, 19, 18, 20, 19, 21, 20, 22, 21, 23, 22, 24, 23, 1, 20, 4, 14, 7, 12, 19, 24]",-4.27
30,66,"[1, 1, 1, 1, 3, 1, 3, 1, 1, 1, 3, 3, 1, 1, 1, 1, 3, 1, 1, 1, 1, 1, 1, 3, 1, 3, 1, 3, 1, 1]","[3, 3, 3, 3, 3, 3, 3, 3, 3, 3, 2, 2, 3, 3, 1, 1, 1, 1, 2, 2, 1, 1, 1, 1, 1, 1, 1, 1, 3, 3, 1, 1, 3, 3, 3, 3, 3, 3, 3, 3, 3, 3, 3, 3, 3, 3, 3, 3, 2, 2, 3, 3, 1, 1, 3, 3, 3, 3, 3, 3, 3, 3, 3, 3, 3, 3]","[0, 1, 1, 2, 2, 3, 3, 4, 4, 5, 5, 6, 5, 7, 7, 8, 8, 9, 9, 10, 9, 11, 11, 12, 12, 13, 8, 14, 14, 15, 15, 16, 15, 17, 17, 18, 18, 19, 19, 20, 20, 21, 21, 22, 22, 23, 23, 24, 24, 25, 7, 26, 26, 27, 26, 28, 28, 29, 29, 0, 28, 3, 24, 14, 22, 17]","[1, 0, 2, 1, 3, 2, 4, 3, 5, 4, 6, 5, 7, 5, 8, 7, 9, 8, 10, 9, 11, 9, 12, 11, 13, 12, 14, 8, 15, 14, 16, 15, 17, 15, 18, 17, 19, 18, 20, 19, 21, 20, 22, 21, 23, 22, 24, 23, 25, 24, 26, 7, 27, 26, 28, 26, 29, 28, 0, 29, 3, 28, 14, 24, 17, 22]",-3.66
25,54,"[1, 1, 3, 1, 3, 1, 1, 3, 1, 1, 1, 1, 3, 1, 2, 1, 1, 8, 1, 1, 4, 1, 1, 1, 1]","[1, 1, 1, 1, 1, 1, 2, 2, 1, 1, 1, 1, 1, 1, 1, 1, 3, 3, 3, 3, 3, 3, 1, 1, 1, 1, 3, 3, 3, 3, 3, 3, 3, 3, 3, 3, 3, 3, 1, 1, 3, 3, 3, 3, 3, 3, 3, 3, 3, 3, 3, 3, 3, 3]","[0, 1, 1, 2, 2, 3, 3, 4, 3, 5, 5, 6, 5, 7, 7, 8, 8, 9, 9, 10, 10, 11, 11, 12, 12, 13, 13, 14, 14, 15, 15, 16, 16, 17, 16, 18, 18, 19, 19, 20, 19, 21, 21, 22, 11, 23, 23, 24, 24, 8, 17, 13, 22, 15]","[1, 0, 2, 1, 3, 2, 4, 3, 5, 3, 6, 5, 7, 5, 8, 7, 9, 8, 10, 9, 11, 10, 12, 11, 13, 12, 14, 13, 15, 14, 16, 15, 17, 16, 18, 16, 19, 18, 20, 19, 21, 19, 22, 21, 23, 11, 24, 23, 8, 24, 13, 17, 15, 22]",-5.67
25,54,"[1, 1, 3, 1, 3, 1, 1, 3, 1, 1, 1, 1, 1, 3, 1, 8, 1, 1, 1, 4, 1, 1, 1, 2, 1]","[1, 1, 1, 1, 1, 1, 2, 2, 1, 1, 1, 1, 1, 1, 1, 1, 3, 3, 3, 3, 3, 3, 3, 3, 1, 1, 1, 1, 3, 3, 3, 3, 3, 3, 3, 3, 1, 1, 3, 3, 3, 3, 3, 3, 3, 3, 3, 3, 3, 3, 3, 3, 3, 3]","[0, 1, 1, 2, 2, 3, 3, 4, 3, 5, 5, 6, 5, 7, 7, 8, 8, 9, 9, 10, 10, 11, 11, 12, 12, 13, 13, 14, 14, 15, 15, 16, 16, 17, 17, 18, 18, 19, 18, 20, 20, 21, 21, 22, 22, 23, 12, 24, 24, 8, 23, 14, 22, 16]","[1, 0, 2, 1, 3, 2, 4, 3, 5, 3, 6, 5, 7, 5, 8, 7, 9, 8, 10, 9, 11, 10, 12, 11, 13, 12, 14, 13, 15, 14, 16, 15, 17, 16, 18, 17, 19, 18, 20, 18, 21, 20, 22, 21, 23, 22, 24, 12, 8, 24, 14, 23, 16, 22]",-5.674
22,50,"[1, 1, 2, 2, 1, 1, 2, 1, 1, 1, 1, 1, 1, 1, 1, 1, 1, 1, 1, 1, 4, 2]","[1, 1, 3, 3, 3, 3, 3, 3, 1, 1, 1, 1, 2, 2, 1, 1, 3, 3, 3, 3, 3, 3, 3, 3, 3, 3, 1, 1, 3, 3, 3, 3, 3, 3, 3, 3, 3, 3, 1, 1, 1, 1, 3, 3, 3, 3, 3, 3, 3, 3]","[0, 1, 1, 2, 2, 3, 3, 4, 4, 5, 5, 6, 6, 7, 7, 8, 8, 9, 9, 10, 10, 11, 11, 12, 12, 13, 7, 14, 14, 15, 15, 16, 16, 17, 17, 18, 18, 19, 18, 20, 15, 21, 21, 1, 21, 4, 13, 8, 19, 14]","[1, 0, 2, 1, 3, 2, 4, 3, 5, 4, 6, 5, 7, 6, 8, 7, 9, 8, 10, 9, 11, 10, 12, 11, 13, 12, 14, 7, 15, 14, 16, 15, 17, 16, 18, 17, 19, 18, 20, 18, 21, 15, 1, 21, 4, 21, 8, 13, 14, 19]",-3.6
23,52,"[1, 1, 2, 2, 1, 1, 2, 1, 1, 1, 1, 1, 1, 1, 4, 1, 1, 1, 1, 1, 1, 4, 2]","[1, 1, 3, 3, 3, 3, 3, 3, 1, 1, 1, 1, 2, 2, 1, 1, 3, 3, 3, 3, 3, 3, 3, 3, 3, 3, 1, 1, 1, 1, 3, 3, 3, 3, 3, 3, 3, 3, 3, 3, 1, 1, 1, 1, 3, 3, 3, 3, 3, 3, 3, 3]","[0, 1, 1, 2, 2, 3, 3, 4, 4, 5, 5, 6, 6, 7, 7, 8, 8, 9, 9, 10, 10, 11, 11, 12, 12, 13, 13, 14, 7, 15, 15, 16, 16, 17, 17, 18, 18, 19, 19, 20, 19, 21, 16, 22, 22, 1, 22, 4, 13, 8, 20, 15]","[1, 0, 2, 1, 3, 2, 4, 3, 5, 4, 6, 5, 7, 6, 8, 7, 9, 8, 10, 9, 11, 10, 12, 11, 13, 12, 14, 13, 15, 7, 16, 15, 17, 16, 18, 17, 19, 18, 20, 19, 21, 19, 22, 16, 1, 22, 4, 22, 8, 13, 15, 20]",-4.08
51,106,"[1, 1, 1, 3, 1, 3, 1, 1, 1, 3, 1, 1, 1, 1, 3, 1, 1, 3, 1, 1, 3, 1, 1, 1, 3, 1, 3, 1, 1, 1, 1, 1, 3, 2, 1, 1, 1, 1, 3, 1, 1, 1, 1, 3, 1, 1, 1, 3, 1, 1, 3]","[1, 1, 1, 1, 1, 1, 1, 1, 2, 2, 1, 1, 1, 1, 1, 1, 1, 1, 1, 1, 1, 1, 1, 1, 1, 1, 1, 1, 1, 1, 1, 1, 1, 1, 1, 1, 1, 1, 1, 1, 1, 1, 1, 1, 1, 1, 1, 1, 1, 1, 1, 1, 1, 1, 1, 1, 1, 1, 1, 1, 1, 1, 1, 1, 1, 1, 1, 1, 1, 1, 1, 1, 1, 1, 1, 1, 1, 1, 1, 1, 1, 1, 1, 1, 2, 2, 1, 1, 1, 1, 1, 1, 1, 1, 1, 1, 1, 1, 1, 1, 1, 1, 1, 1, 1, 1]","[0, 1, 1, 2, 2, 3, 3, 4, 4, 5, 4, 6, 6, 7, 6, 8, 8, 9, 9, 10, 10, 11, 11, 12, 12, 13, 12, 14, 14, 15, 12, 16, 16, 17, 16, 18, 18, 19, 18, 20, 8, 21, 21, 22, 21, 23, 23, 24, 24, 25, 25, 26, 26, 27, 27, 28, 27, 29, 29, 30, 30, 31, 31, 32, 30, 33, 33, 34, 33, 35, 23, 36, 36, 37, 36, 38, 36, 39, 39, 40, 40, 41, 40, 42, 42, 43, 42, 44, 44, 45, 44, 46, 46, 47, 46, 48, 48, 49, 48, 50, 48, 2, 20, 10, 31, 25]","[1, 0, 2, 1, 3, 2, 4, 3, 5, 4, 6, 4, 7, 6, 8, 6, 9, 8, 10, 9, 11, 10, 12, 11, 13, 12, 14, 12, 15, 14, 16, 12, 17, 16, 18, 16, 19, 18, 20, 18, 21, 8, 22, 21, 23, 21, 24, 23, 25, 24, 26, 25, 27, 26, 28, 27, 29, 27, 30, 29, 31, 30, 32, 31, 33, 30, 34, 33, 35, 33, 36, 23, 37, 36, 38, 36, 39, 36, 40, 39, 41, 40, 42, 40, 43, 42, 44, 42, 45, 44, 46, 44, 47, 46, 48, 46, 49, 48, 50, 48, 2, 48, 10, 20, 25, 31]",-1.27
52,108,"[1, 1, 1, 3, 1, 3, 1, 1, 1, 3, 1, 1, 1, 1, 3, 1, 1, 3, 1, 1, 3, 1, 1, 1, 3, 1, 3, 1, 1, 1, 1, 1, 3, 2, 1, 1, 1, 1, 1, 1, 1, 1, 3, 1, 1, 1, 3, 1, 1, 3, 3, 1]","[1, 1, 1, 1, 1, 1, 1, 1, 2, 2, 1, 1, 1, 1, 1, 1, 1, 1, 1, 1, 1, 1, 1, 1, 1, 1, 1, 1, 1, 1, 1, 1, 1, 1, 1, 1, 1, 1, 1, 1, 1, 1, 1, 1, 1, 1, 1, 1, 1, 1, 1, 1, 1, 1, 1, 1, 1, 1, 1, 1, 1, 1, 1, 1, 1, 1, 1, 1, 1, 1, 1, 1, 1, 1, 1, 1, 1, 1, 1, 1, 1, 1, 2, 2, 1, 1, 1, 1, 1, 1, 1, 1, 1, 1, 1, 1, 1, 1, 1, 1, 1, 1, 1, 1, 1, 1, 1, 1]","[0, 1, 1, 2, 2, 3, 3, 4, 4, 5, 4, 6, 6, 7, 6, 8, 8, 9, 9, 10, 10, 11, 11, 12, 12, 13, 12, 14, 14, 15, 12, 16, 16, 17, 16, 18, 18, 19, 18, 20, 8, 21, 21, 22, 21, 23, 23, 24, 24, 25, 25, 26, 26, 27, 27, 28, 27, 29, 29, 30, 30, 31, 31, 32, 30, 33, 33, 34, 33, 35, 23, 36, 36, 37, 36, 38, 38, 39, 39, 40, 39, 41, 41, 42, 41, 43, 43, 44, 43, 45, 45, 46, 45, 47, 47, 48, 47, 49, 36, 50, 50, 51, 47, 2, 20, 10, 31, 25]","[1, 0, 2, 1, 3, 2, 4, 3, 5, 4, 6, 4, 7, 6, 8, 6, 9, 8, 10, 9, 11, 10, 12, 11, 13, 12, 14, 12, 15, 14, 16, 12, 17, 16, 18, 16, 19, 18, 20, 18, 21, 8, 22, 21, 23, 21, 24, 23, 25, 24, 26, 25, 27, 26, 28, 27, 29, 27, 30, 29, 31, 30, 32, 31, 33, 30, 34, 33, 35, 33, 36, 23, 37, 36, 38, 36, 39, 38, 40, 39, 41, 39, 42, 41, 43, 41, 44, 43, 45, 43, 46, 45, 47, 45, 48, 47, 49, 47, 50, 36, 51, 50, 2, 47, 10, 20, 25, 31]",-2.2
23,52,"[1, 1, 3, 1, 1, 1, 1, 1, 1, 1, 1, 1, 1, 3, 1, 1, 3, 1, 3, 1, 1, 1, 1]","[1, 1, 1, 1, 1, 1, 1, 1, 1, 1, 3, 3, 3, 3, 3, 3, 3, 3, 3, 3, 1, 1, 3, 3, 1, 1, 3, 3, 3, 3, 3, 3, 3, 3, 2, 2, 3, 3, 3, 3, 3, 3, 3, 3, 1, 1, 3, 3, 3, 3, 3, 3]","[0, 1, 1, 2, 1, 3, 3, 4, 4, 5, 5, 6, 6, 7, 7, 8, 8, 9, 9, 10, 4, 11, 11, 12, 12, 13, 12, 14, 14, 15, 15, 16, 16, 17, 17, 18, 15, 19, 19, 20, 20, 21, 21, 22, 13, 1, 10, 5, 17, 11, 22, 14]","[1, 0, 2, 1, 3, 1, 4, 3, 5, 4, 6, 5, 7, 6, 8, 7, 9, 8, 10, 9, 11, 4, 12, 11, 13, 12, 14, 12, 15, 14, 16, 15, 17, 16, 18, 17, 19, 15, 20, 19, 21, 20, 22, 21, 1, 13, 5, 10, 11, 17, 14, 22]",-4.74
24,54,"[1, 1, 3, 1, 1, 1, 1, 1, 1, 4, 1, 1, 1, 1, 3, 1, 1, 3, 1, 3, 1, 1, 1, 1]","[1, 1, 1, 1, 1, 1, 1, 1, 1, 1, 3, 3, 3, 3, 3, 3, 1, 1, 3, 3, 3, 3, 1, 1, 3, 3, 1, 1, 3, 3, 3, 3, 3, 3, 3, 3, 2, 2, 3, 3, 3, 3, 3, 3, 3, 3, 1, 1, 3, 3, 3, 3, 3, 3]","[0, 1, 1, 2, 1, 3, 3, 4, 4, 5, 5, 6, 6, 7, 7, 8, 8, 9, 8, 10, 10, 11, 4, 12, 12, 13, 13, 14, 13, 15, 15, 16, 16, 17, 17, 18, 18, 19, 16, 20, 20, 21, 21, 22, 22, 23, 14, 1, 11, 5, 18, 12, 23, 15]","[1, 0, 2, 1, 3, 1, 4, 3, 5, 4, 6, 5, 7, 6, 8, 7, 9, 8, 10, 8, 11, 10, 12, 4, 13, 12, 14, 13, 15, 13, 16, 15, 17, 16, 18, 17, 19, 18, 20, 16, 21, 20, 22, 21, 23, 22, 1, 14, 5, 11, 12, 18, 15, 23]",-5.84
16,34,"[2, 8, 3, 3, 1, 1, 1, 1, 1, 1, 3, 1, 8, 3, 3, 8]","[1, 1, 2, 2, 2, 2, 1, 1, 3, 3, 3, 3, 3, 3, 1, 1, 1, 1, 1, 1, 1, 1, 1, 1, 2, 2, 2, 2, 3, 3, 3, 3, 1, 1]","[0, 1, 1, 2, 1, 3, 1, 4, 4, 5, 5, 6, 6, 7, 7, 8, 8, 9, 9, 10, 9, 11, 11, 12, 12, 13, 12, 14, 7, 15, 15, 4, 12, 6]","[1, 0, 2, 1, 3, 1, 4, 1, 5, 4, 6, 5, 7, 6, 8, 7, 9, 8, 10, 9, 11, 9, 12, 11, 13, 12, 14, 12, 15, 7, 4, 15, 6, 12]",-1.59
16,34,"[2, 8, 3, 3, 1, 1, 1, 1, 8, 1, 3, 1, 1, 8, 3, 3]","[1, 1, 2, 2, 2, 2, 1, 1, 3, 3, 3, 3, 3, 3, 3, 3, 1, 1, 1, 1, 1, 1, 1, 1, 1, 1, 2, 2, 2, 2, 3, 3, 1, 1]","[0, 1, 1, 2, 1, 3, 1, 4, 4, 5, 5, 6, 6, 7, 7, 8, 7, 9, 9, 10, 9, 11, 11, 12, 12, 13, 13, 14, 13, 15, 8, 4, 13, 6]","[1, 0, 2, 1, 3, 1, 4, 1, 5, 4, 6, 5, 7, 6, 8, 7, 9, 7, 10, 9, 11, 9, 12, 11, 13, 12, 14, 13, 15, 13, 4, 8, 6, 13]",-1.28
21,46,"[1, 2, 1, 2, 1, 1, 1, 1, 4, 1, 1, 1, 2, 3, 1, 1, 1, 1, 1, 1, 1]","[1, 1, 1, 1, 2, 2, 1, 1, 3, 3, 3, 3, 3, 3, 1, 1, 3, 3, 3, 3, 1, 1, 2, 2, 1, 1, 1, 1, 1, 1, 3, 3, 3, 3, 3, 3, 3, 3, 3, 3, 1, 1, 3, 3, 3, 3]","[0, 1, 1, 2, 2, 3, 3, 4, 4, 5, 5, 6, 6, 7, 7, 8, 7, 9, 9, 10, 10, 11, 11, 12, 12, 13, 12, 14, 11, 15, 15, 16, 16, 17, 17, 18, 18, 19, 19, 20, 14, 2, 10, 4, 20, 15]","[1, 0, 2, 1, 3, 2, 4, 3, 5, 4, 6, 5, 7, 6, 8, 7, 9, 7, 10, 9, 11, 10, 12, 11, 13, 12, 14, 12, 15, 11, 16, 15, 17, 16, 18, 17, 19, 18, 20, 19, 2, 14, 4, 10, 15, 20]",-4.48
21,46,"[1, 2, 1, 2, 1, 1, 1, 1, 1, 1, 4, 1, 2, 1, 3, 1, 1, 1, 1, 1, 1]","[1, 1, 1, 1, 2, 2, 1, 1, 3, 3, 3, 3, 3, 3, 3, 3, 3, 3, 1, 1, 1, 1, 2, 2, 1, 1, 1, 1, 1, 1, 3, 3, 3, 3, 3, 3, 3, 3, 3, 3, 1, 1, 3, 3, 3, 3]","[0, 1, 1, 2, 2, 3, 3, 4, 4, 5, 5, 6, 6, 7, 7, 8, 8, 9, 7, 10, 5, 11, 11, 12, 12, 13, 12, 14, 11, 15, 15, 16, 16, 17, 17, 18, 18, 19, 19, 20, 13, 2, 9, 4, 20, 15]","[1, 0, 2, 1, 3, 2, 4, 3, 5, 4, 6, 5, 7, 6, 8, 7, 9, 8, 10, 7, 11, 5, 12, 11, 13, 12, 14, 12, 15, 11, 16, 15, 17, 16, 18, 17, 19, 18, 20, 19, 2, 13, 4, 9, 15, 20]",-3.39
54,122,"[1, 1, 3, 1, 1, 1, 3, 1, 3, 3, 1, 1, 3, 1, 1, 3, 1, 1, 3, 1, 1, 3, 1, 1, 3, 1, 1, 3, 1, 1, 1, 1, 1, 1, 1, 1, 1, 1, 1, 1, 1, 1, 1, 1, 1, 1, 3, 1, 1, 1, 3, 3, 1, 1]","[1, 1, 1, 1, 1, 1, 1, 1, 1, 1, 1, 1, 1, 1, 1, 1, 1, 1, 1, 1, 1, 1, 1, 1, 1, 1, 1, 1, 1, 1, 1, 1, 1, 1, 1, 1, 1, 1, 1, 1, 1, 1, 1, 1, 1, 1, 1, 1, 1, 1, 1, 1, 1, 1, 1, 1, 1, 1, 1, 1, 1, 1, 1, 1, 1, 1, 1, 1, 1, 1, 1, 1, 1, 1, 1, 1, 1, 1, 1, 1, 1, 1, 1, 1, 1, 1, 1, 1, 1, 1, 1, 1, 1, 1, 2, 2, 1, 1, 2, 2, 1, 1, 1, 1, 1, 1, 1, 1, 1, 1, 1, 1, 1, 1, 1, 1, 1, 1, 1, 1, 1, 1]","[0, 1, 1, 2, 2, 3, 3, 4, 4, 5, 5, 6, 5, 7, 7, 8, 3, 9, 9, 10, 10, 11, 11, 12, 11, 13, 13, 14, 14, 15, 15, 16, 16, 17, 14, 18, 18, 19, 19, 20, 20, 21, 20, 22, 22, 23, 23, 24, 24, 25, 25, 26, 23, 27, 27, 28, 28, 29, 29, 30, 30, 31, 31, 32, 31, 33, 33, 34, 34, 35, 35, 36, 36, 37, 37, 38, 38, 39, 39, 40, 40, 41, 40, 42, 42, 43, 43, 44, 44, 45, 45, 46, 42, 47, 47, 48, 48, 49, 49, 50, 49, 51, 51, 52, 33, 53, 7, 1, 16, 10, 25, 19, 53, 28, 37, 31, 45, 36, 45, 40, 52, 47]","[1, 0, 2, 1, 3, 2, 4, 3, 5, 4, 6, 5, 7, 5, 8, 7, 9, 3, 10, 9, 11, 10, 12, 11, 13, 11, 14, 13, 15, 14, 16, 15, 17, 16, 18, 14, 19, 18, 20, 19, 21, 20, 22, 20, 23, 22, 24, 23, 25, 24, 26, 25, 27, 23, 28, 27, 29, 28, 30, 29, 31, 30, 32, 31, 33, 31, 34, 33, 35, 34, 36, 35, 37, 36, 38, 37, 39, 38, 40, 39, 41, 40, 42, 40, 43, 42, 44, 43, 45, 44, 46, 45, 47, 42, 48, 47, 49, 48, 50, 49, 51, 49, 52, 51, 53, 33, 1, 7, 10, 16, 19, 25, 28, 53, 31, 37, 36, 45, 40, 45, 47, 52]",-5.29
55,124,"[1, 1, 3, 1, 3, 1, 1, 3, 1, 1, 3, 1, 1, 3, 1, 1, 3, 1, 1, 1, 1, 1, 1, 1, 1, 1, 1, 1, 1, 3, 1, 1, 1, 1, 1, 1, 3, 3, 1, 1, 1, 1, 3, 1, 3, 1, 1, 3, 1, 1, 1, 1, 3, 1, 3]","[1, 1, 1, 1, 1, 1, 1, 1, 1, 1, 1, 1, 1, 1, 1, 1, 1, 1, 1, 1, 1, 1, 1, 1, 1, 1, 1, 1, 1, 1, 1, 1, 1, 1, 1, 1, 1, 1, 1, 1, 1, 1, 1, 1, 1, 1, 1, 1, 1, 1, 1, 1, 1, 1, 1, 1, 1, 1, 1, 1, 1, 1, 1, 1, 1, 1, 2, 2, 1, 1, 2, 2, 1, 1, 1, 1, 1, 1, 1, 1, 1, 1, 1, 1, 1, 1, 1, 1, 1, 1, 1, 1, 1, 1, 1, 1, 1, 1, 1, 1, 1, 1, 1, 1, 1, 1, 1, 1, 1, 1, 1, 1, 1, 1, 1, 1, 1, 1, 1, 1, 1, 1, 1, 1]","[0, 1, 1, 2, 2, 3, 3, 4, 4, 5, 5, 6, 6, 7, 6, 8, 8, 9, 9, 10, 10, 11, 11, 12, 12, 13, 12, 14, 14, 15, 15, 16, 16, 17, 17, 18, 18, 19, 19, 20, 20, 21, 20, 22, 22, 23, 23, 24, 24, 25, 25, 26, 26, 27, 27, 28, 28, 29, 28, 30, 30, 31, 30, 32, 32, 33, 33, 34, 34, 35, 35, 36, 35, 37, 37, 38, 32, 39, 39, 40, 40, 41, 41, 42, 22, 43, 15, 44, 44, 45, 45, 46, 9, 47, 47, 48, 48, 49, 3, 50, 50, 51, 51, 52, 51, 53, 53, 54, 53, 1, 48, 5, 45, 11, 43, 17, 26, 20, 41, 30, 41, 25, 38, 33]","[1, 0, 2, 1, 3, 2, 4, 3, 5, 4, 6, 5, 7, 6, 8, 6, 9, 8, 10, 9, 11, 10, 12, 11, 13, 12, 14, 12, 15, 14, 16, 15, 17, 16, 18, 17, 19, 18, 20, 19, 21, 20, 22, 20, 23, 22, 24, 23, 25, 24, 26, 25, 27, 26, 28, 27, 29, 28, 30, 28, 31, 30, 32, 30, 33, 32, 34, 33, 35, 34, 36, 35, 37, 35, 38, 37, 39, 32, 40, 39, 41, 40, 42, 41, 43, 22, 44, 15, 45, 44, 46, 45, 47, 9, 48, 47, 49, 48, 50, 3, 51, 50, 52, 51, 53, 51, 54, 53, 1, 53, 5, 48, 11, 45, 17, 43, 20, 26, 30, 41, 25, 41, 33, 38]",-4.16
19,40,"[1, 3, 1, 1, 1, 1, 2, 8, 3, 3, 1, 1, 1, 1, 2, 1, 1, 2, 2]","[1, 1, 1, 1, 3, 3, 3, 3, 3, 3, 1, 1, 1, 1, 2, 2, 2, 2, 1, 1, 3, 3, 3, 3, 3, 3, 1, 1, 3, 3, 3, 3, 3, 3, 3, 3, 3, 3, 3, 3]","[0, 1, 1, 2, 2, 3, 3, 4, 4, 5, 5, 6, 6, 7, 7, 8, 7, 9, 7, 10, 10, 11, 11, 12, 12, 13, 13, 14, 13, 15, 15, 16, 5, 17, 17, 18, 18, 2, 16, 10]","[1, 0, 2, 1, 3, 2, 4, 3, 5, 4, 6, 5, 7, 6, 8, 7, 9, 7, 10, 7, 11, 10, 12, 11, 13, 12, 14, 13, 15, 13, 16, 15, 17, 5, 18, 17, 2, 18, 10, 16]",-2.68
20,42,"[1, 1, 3, 1, 1, 1, 1, 2, 8, 3, 3, 1, 1, 1, 1, 2, 1, 1, 2, 2]","[1, 1, 1, 1, 1, 1, 3, 3, 3, 3, 3, 3, 1, 1, 1, 1, 2, 2, 2, 2, 1, 1, 3, 3, 3, 3, 3, 3, 1, 1, 3, 3, 3, 3, 3, 3, 3, 3, 3, 3, 3, 3]","[0, 1, 1, 2, 2, 3, 3, 4, 4, 5, 5, 6, 6, 7, 7, 8, 8, 9, 8, 10, 8, 11, 11, 12, 12, 13, 13, 14, 14, 15, 14, 16, 16, 17, 6, 18, 18, 19, 19, 3, 17, 11]","[1, 0, 2, 1, 3, 2, 4, 3, 5, 4, 6, 5, 7, 6, 8, 7, 9, 8, 10, 8, 11, 8, 12, 11, 13, 12, 14, 13, 15, 14, 16, 14, 17, 16, 18, 6, 19, 18, 3, 19, 11, 17]",-2.427
24,54,"[1, 3, 1, 1, 1, 3, 1, 2, 3, 1, 1, 2, 1, 1, 2, 1, 1, 3, 1, 1, 2, 1, 3, 1]","[1, 1, 1, 1, 1, 1, 1, 1, 1, 1, 1, 1, 1, 1, 2, 2, 1, 1, 2, 2, 1, 1, 1, 1, 1, 1, 1, 1, 1, 1, 1, 1, 2, 2, 1, 1, 2, 2, 1, 1, 1, 1, 2, 2, 1, 1, 1, 1, 1, 1, 1, 1, 1, 1]","[0, 1, 1, 2, 2, 3, 3, 4, 4, 5, 5, 6, 6, 7, 6, 8, 3, 9, 9, 10, 10, 11, 11, 12, 12, 13, 13, 14, 14, 15, 10, 16, 16, 17, 16, 18, 18, 19, 19, 20, 19, 21, 21, 22, 18, 23, 11, 2, 15, 2, 21, 9, 15, 13]","[1, 0, 2, 1, 3, 2, 4, 3, 5, 4, 6, 5, 7, 6, 8, 6, 9, 3, 10, 9, 11, 10, 12, 11, 13, 12, 14, 13, 15, 14, 16, 10, 17, 16, 18, 16, 19, 18, 20, 19, 21, 19, 22, 21, 23, 18, 2, 11, 2, 15, 9, 21, 13, 15]",-2.56
30,66,"[1, 1, 1, 3, 1, 3, 2, 1, 1, 2, 1, 1, 1, 1, 3, 1, 2, 3, 1, 3, 1, 1, 1, 3, 1, 1, 1, 1, 3, 2]","[1, 1, 1, 1, 1, 1, 1, 1, 2, 2, 1, 1, 1, 1, 1, 1, 1, 1, 1, 1, 2, 2, 1, 1, 1, 1, 1, 1, 1, 1, 1, 1, 2, 2, 1, 1, 1, 1, 1, 1, 1, 1, 1, 1, 2, 2, 1, 1, 2, 2, 1, 1, 1, 1, 2, 2, 1, 1, 1, 1, 1, 1, 1, 1, 1, 1]","[0, 1, 1, 2, 2, 3, 3, 4, 4, 5, 4, 6, 6, 7, 7, 8, 8, 9, 9, 10, 10, 11, 11, 12, 12, 13, 13, 14, 14, 15, 15, 16, 15, 17, 12, 18, 18, 19, 19, 20, 18, 21, 11, 22, 22, 23, 22, 24, 24, 25, 25, 26, 25, 27, 27, 28, 24, 29, 21, 6, 21, 7, 18, 9, 27, 10]","[1, 0, 2, 1, 3, 2, 4, 3, 5, 4, 6, 4, 7, 6, 8, 7, 9, 8, 10, 9, 11, 10, 12, 11, 13, 12, 14, 13, 15, 14, 16, 15, 17, 15, 18, 12, 19, 18, 20, 19, 21, 18, 22, 11, 23, 22, 24, 22, 25, 24, 26, 25, 27, 25, 28, 27, 29, 24, 6, 21, 7, 21, 9, 18, 10, 27]",-3.48
29,66,"[1, 1, 1, 1, 1, 1, 1, 1, 1, 1, 1, 3, 1, 1, 1, 1, 1, 1, 1, 1, 3, 1, 3, 1, 1, 1, 1, 1, 1]","[1, 1, 1, 1, 1, 1, 1, 1, 1, 1, 1, 1, 1, 1, 1, 1, 2, 2, 1, 1, 2, 2, 1, 1, 1, 1, 1, 1, 1, 1, 1, 1, 1, 1, 1, 1, 1, 1, 1, 1, 1, 1, 2, 2, 1, 1, 3, 3, 3, 3, 3, 3, 3, 3, 3, 3, 1, 1, 1, 1, 1, 1, 1, 1, 3, 3]","[0, 1, 1, 2, 2, 3, 3, 4, 4, 5, 5, 6, 6, 7, 7, 8, 8, 9, 9, 10, 10, 11, 10, 12, 12, 13, 13, 14, 14, 15, 5, 16, 16, 17, 17, 18, 18, 19, 19, 20, 20, 21, 21, 22, 21, 23, 23, 24, 24, 25, 25, 26, 26, 27, 27, 28, 16, 1, 19, 1, 14, 4, 14, 8, 28, 23]","[1, 0, 2, 1, 3, 2, 4, 3, 5, 4, 6, 5, 7, 6, 8, 7, 9, 8, 10, 9, 11, 10, 12, 10, 13, 12, 14, 13, 15, 14, 16, 5, 17, 16, 18, 17, 19, 18, 20, 19, 21, 20, 22, 21, 23, 21, 24, 23, 25, 24, 26, 25, 27, 26, 28, 27, 1, 16, 1, 19, 4, 14, 8, 14, 23, 28]",-4.48
30,68,"[1, 1, 1, 1, 1, 1, 1, 1, 1, 1, 1, 3, 1, 1, 1, 1, 1, 1, 1, 3, 1, 3, 1, 1, 1, 1, 1, 1, 1, 1]","[1, 1, 1, 1, 1, 1, 1, 1, 1, 1, 1, 1, 1, 1, 1, 1, 2, 2, 1, 1, 2, 2, 1, 1, 1, 1, 1, 1, 1, 1, 1, 1, 1, 1, 1, 1, 1, 1, 1, 1, 2, 2, 1, 1, 3, 3, 3, 3, 3, 3, 3, 3, 3, 3, 1, 1, 4, 4, 1, 1, 1, 1, 1, 1, 1, 1, 3, 3]","[0, 1, 1, 2, 2, 3, 3, 4, 4, 5, 5, 6, 6, 7, 7, 8, 8, 9, 9, 10, 10, 11, 10, 12, 12, 13, 13, 14, 5, 15, 15, 16, 16, 17, 17, 18, 18, 19, 19, 20, 20, 21, 20, 22, 22, 23, 23, 24, 24, 25, 25, 26, 26, 27, 18, 28, 28, 29, 15, 1, 18, 1, 14, 4, 14, 8, 27, 22]","[1, 0, 2, 1, 3, 2, 4, 3, 5, 4, 6, 5, 7, 6, 8, 7, 9, 8, 10, 9, 11, 10, 12, 10, 13, 12, 14, 13, 15, 5, 16, 15, 17, 16, 18, 17, 19, 18, 20, 19, 21, 20, 22, 20, 23, 22, 24, 23, 25, 24, 26, 25, 27, 26, 28, 18, 29, 28, 1, 15, 1, 18, 4, 14, 8, 14, 22, 27]",-7.75
14,30,"[1, 1, 2, 1, 1, 1, 1, 4, 1, 1, 8, 3, 3, 2]","[1, 1, 2, 2, 1, 1, 3, 3, 3, 3, 3, 3, 1, 1, 3, 3, 3, 3, 1, 1, 2, 2, 2, 2, 1, 1, 1, 1, 3, 3]","[0, 1, 1, 2, 2, 3, 3, 4, 4, 5, 5, 6, 6, 7, 6, 8, 8, 9, 4, 10, 10, 11, 10, 12, 10, 13, 13, 1, 9, 3]","[1, 0, 2, 1, 3, 2, 4, 3, 5, 4, 6, 5, 7, 6, 8, 6, 9, 8, 10, 4, 11, 10, 12, 10, 13, 10, 1, 13, 3, 9]",-3.36
17,36,"[2, 8, 3, 3, 1, 1, 1, 1, 1, 1, 4, 2, 1, 2, 8, 3, 3]","[1, 1, 2, 2, 2, 2, 1, 1, 3, 3, 3, 3, 3, 3, 3, 3, 3, 3, 1, 1, 1, 1, 2, 2, 1, 1, 1, 1, 2, 2, 2, 2, 3, 3, 1, 1]","[0, 1, 1, 2, 1, 3, 1, 4, 4, 5, 5, 6, 6, 7, 7, 8, 8, 9, 9, 10, 7, 11, 11, 12, 12, 13, 13, 14, 14, 15, 14, 16, 9, 4, 14, 6]","[1, 0, 2, 1, 3, 1, 4, 1, 5, 4, 6, 5, 7, 6, 8, 7, 9, 8, 10, 9, 11, 7, 12, 11, 13, 12, 14, 13, 15, 14, 16, 14, 4, 9, 6, 14]",-2.92
21,50,"[1, 2, 1, 1, 1, 1, 1, 1, 1, 3, 1, 3, 1, 1, 3, 1, 1, 1, 1, 1, 1]","[1, 1, 1, 1, 1, 1, 1, 1, 1, 1, 1, 1, 1, 1, 1, 1, 2, 2, 1, 1, 1, 1, 1, 1, 3, 3, 1, 1, 3, 3, 3, 3, 3, 3, 3, 3, 1, 1, 1, 1, 1, 1, 1, 1, 1, 1, 1, 1, 3, 3]","[0, 1, 1, 2, 2, 3, 3, 4, 4, 5, 5, 6, 6, 7, 7, 8, 8, 9, 8, 10, 10, 11, 11, 12, 12, 13, 13, 14, 13, 15, 15, 16, 16, 17, 17, 18, 17, 19, 19, 20, 20, 1, 10, 4, 18, 4, 20, 5, 18, 12]","[1, 0, 2, 1, 3, 2, 4, 3, 5, 4, 6, 5, 7, 6, 8, 7, 9, 8, 10, 8, 11, 10, 12, 11, 13, 12, 14, 13, 15, 13, 16, 15, 17, 16, 18, 17, 19, 17, 20, 19, 1, 20, 4, 10, 4, 18, 5, 20, 12, 18]",-2.1
24,56,"[3, 1, 1, 3, 1, 1, 3, 1, 1, 1, 3, 1, 1, 1, 1, 1, 1, 1, 2, 1, 1, 1, 1, 1]","[1, 1, 3, 3, 1, 1, 1, 1, 1, 1, 2, 2, 1, 1, 1, 1, 1, 1, 1, 1, 1, 1, 1, 1, 1, 1, 3, 3, 1, 1, 1, 1, 1, 1, 1, 1, 1, 1, 1, 1, 2, 2, 3, 3, 3, 3, 3, 3, 3, 3, 1, 1, 1, 1, 1, 1]","[0, 1, 1, 2, 2, 3, 3, 4, 4, 5, 5, 6, 5, 7, 7, 8, 8, 9, 9, 10, 9, 11, 11, 12, 12, 13, 13, 14, 14, 15, 15, 16, 16, 17, 17, 18, 18, 19, 19, 20, 20, 21, 13, 22, 22, 23, 23, 1, 14, 2, 15, 4, 15, 9, 18, 11]","[1, 0, 2, 1, 3, 2, 4, 3, 5, 4, 6, 5, 7, 5, 8, 7, 9, 8, 10, 9, 11, 9, 12, 11, 13, 12, 14, 13, 15, 14, 16, 15, 17, 16, 18, 17, 19, 18, 20, 19, 21, 20, 22, 13, 23, 22, 1, 23, 2, 14, 4, 15, 9, 15, 11, 18]",-3.39
31,70,"[1, 1, 1, 3, 1, 1, 1, 1, 1, 1, 1, 1, 1, 3, 1, 1, 1, 1, 1, 6, 1, 3, 1, 1, 1, 1, 3, 1, 3, 1, 3]","[1, 1, 1, 1, 1, 1, 1, 1, 1, 1, 1, 1, 1, 1, 1, 1, 1, 1, 1, 1, 2, 2, 1, 1, 2, 2, 1, 1, 2, 2, 1, 1, 1, 1, 1, 1, 1, 1, 1, 1, 1, 1, 1, 1, 1, 1, 1, 1, 1, 1, 1, 1, 1, 1, 2, 2, 1, 1, 1, 1, 1, 1, 1, 1, 1, 1, 1, 1, 1, 1]","[0, 1, 1, 2, 1, 3, 3, 4, 4, 5, 5, 6, 6, 7, 7, 8, 8, 9, 9, 10, 10, 11, 11, 12, 12, 13, 12, 14, 14, 15, 15, 16, 16, 17, 16, 18, 18, 19, 18, 20, 20, 21, 20, 22, 22, 23, 23, 24, 23, 25, 25, 26, 25, 27, 27, 28, 27, 29, 29, 30, 26, 1, 25, 4, 23, 6, 18, 7, 16, 10]","[1, 0, 2, 1, 3, 1, 4, 3, 5, 4, 6, 5, 7, 6, 8, 7, 9, 8, 10, 9, 11, 10, 12, 11, 13, 12, 14, 12, 15, 14, 16, 15, 17, 16, 18, 16, 19, 18, 20, 18, 21, 20, 22, 20, 23, 22, 24, 23, 25, 23, 26, 25, 27, 25, 28, 27, 29, 27, 30, 29, 1, 26, 4, 25, 6, 23, 7, 18, 10, 16]",-4.31
38,84,"[1, 1, 1, 1, 1, 1, 3, 3, 1, 1, 3, 1, 3, 1, 1, 1, 3, 1, 1, 1, 1, 1, 1, 1, 1, 1, 3, 1, 1, 1, 1, 1, 6, 1, 3, 1, 1, 1]","[1, 1, 1, 1, 1, 1, 1, 1, 1, 1, 2, 2, 1, 1, 1, 1, 1, 1, 2, 2, 1, 1, 1, 1, 1, 1, 1, 1, 1, 1, 1, 1, 1, 1, 1, 1, 1, 1, 1, 1, 1, 1, 1, 1, 1, 1, 2, 2, 1, 1, 2, 2, 1, 1, 2, 2, 1, 1, 1, 1, 1, 1, 1, 1, 1, 1, 1, 1, 1, 1, 1, 1, 1, 1, 1, 1, 1, 1, 1, 1, 1, 1, 1, 1]","[0, 1, 1, 2, 1, 3, 1, 4, 4, 5, 5, 6, 5, 7, 7, 8, 8, 9, 9, 10, 9, 11, 11, 12, 12, 13, 13, 14, 13, 15, 13, 16, 16, 17, 17, 18, 18, 19, 19, 20, 20, 21, 21, 22, 22, 23, 23, 24, 24, 25, 25, 26, 25, 27, 27, 28, 28, 29, 29, 30, 29, 31, 31, 32, 31, 33, 33, 34, 33, 35, 35, 36, 36, 37, 17, 11, 36, 11, 36, 19, 31, 20, 29, 23]","[1, 0, 2, 1, 3, 1, 4, 1, 5, 4, 6, 5, 7, 5, 8, 7, 9, 8, 10, 9, 11, 9, 12, 11, 13, 12, 14, 13, 15, 13, 16, 13, 17, 16, 18, 17, 19, 18, 20, 19, 21, 20, 22, 21, 23, 22, 24, 23, 25, 24, 26, 25, 27, 25, 28, 27, 29, 28, 30, 29, 31, 29, 32, 31, 33, 31, 34, 33, 35, 33, 36, 35, 37, 36, 11, 17, 11, 36, 19, 36, 20, 31, 23, 29]",-5.12
17,36,"[3, 2, 3, 1, 1, 1, 1, 3, 1, 2, 2, 1, 1, 3, 2, 1, 3]","[1, 1, 2, 2, 1, 1, 3, 3, 3, 3, 3, 3, 3, 3, 1, 1, 2, 2, 1, 1, 1, 1, 1, 1, 2, 2, 1, 1, 1, 1, 2, 2, 3, 3, 1, 1]","[0, 1, 1, 2, 1, 3, 3, 4, 4, 5, 5, 6, 6, 7, 6, 8, 8, 9, 9, 10, 10, 11, 11, 12, 12, 13, 12, 14, 14, 15, 15, 16, 7, 3, 15, 10]","[1, 0, 2, 1, 3, 1, 4, 3, 5, 4, 6, 5, 7, 6, 8, 6, 9, 8, 10, 9, 11, 10, 12, 11, 13, 12, 14, 12, 15, 14, 16, 15, 3, 7, 10, 15]",-3.38
19,40,"[3, 1, 2, 1, 3, 1, 2, 2, 1, 1, 1, 1, 1, 3, 2, 3, 3, 1, 3]","[1, 1, 1, 1, 1, 1, 2, 2, 1, 1, 1, 1, 1, 1, 2, 2, 1, 1, 3, 3, 3, 3, 3, 3, 3, 3, 1, 1, 1, 1, 2, 2, 1, 1, 2, 2, 1, 1, 3, 3]","[0, 1, 1, 2, 2, 3, 3, 4, 3, 5, 5, 6, 6, 7, 7, 8, 8, 9, 9, 10, 10, 11, 11, 12, 12, 13, 12, 14, 14, 15, 14, 16, 6, 17, 17, 18, 17, 2, 13, 9]","[1, 0, 2, 1, 3, 2, 4, 3, 5, 3, 6, 5, 7, 6, 8, 7, 9, 8, 10, 9, 11, 10, 12, 11, 13, 12, 14, 12, 15, 14, 16, 14, 17, 6, 18, 17, 2, 17, 9, 13]",-2.91
16,36,"[1, 1, 2, 1, 1, 2, 1, 3, 1, 1, 1, 1, 1, 1, 2, 1]","[1, 1, 1, 1, 1, 1, 1, 1, 1, 1, 3, 3, 2, 2, 3, 3, 3, 3, 3, 3, 3, 3, 3, 3, 3, 3, 3, 3, 3, 3, 1, 1, 3, 3, 3, 3]","[0, 1, 1, 2, 2, 3, 2, 4, 4, 5, 5, 6, 6, 7, 6, 8, 8, 9, 9, 10, 10, 11, 11, 12, 12, 13, 9, 14, 14, 15, 15, 1, 15, 5, 13, 8]","[1, 0, 2, 1, 3, 2, 4, 2, 5, 4, 6, 5, 7, 6, 8, 6, 9, 8, 10, 9, 11, 10, 12, 11, 13, 12, 14, 9, 15, 14, 1, 15, 5, 15, 8, 13]",0.03
18,40,"[1, 1, 1, 2, 1, 2, 1, 3, 1, 1, 1, 1, 1, 1, 2, 1, 1, 1]","[1, 1, 1, 1, 1, 1, 1, 1, 1, 1, 3, 3, 2, 2, 3, 3, 3, 3, 3, 3, 3, 3, 3, 3, 3, 3, 3, 3, 3, 3, 1, 1, 1, 1, 1, 1, 3, 3, 3, 3]","[0, 1, 1, 2, 2, 3, 3, 4, 4, 5, 5, 6, 6, 7, 6, 8, 8, 9, 9, 10, 10, 11, 11, 12, 12, 13, 9, 14, 14, 15, 15, 16, 16, 17, 16, 3, 15, 5, 13, 8]","[1, 0, 2, 1, 3, 2, 4, 3, 5, 4, 6, 5, 7, 6, 8, 6, 9, 8, 10, 9, 11, 10, 12, 11, 13, 12, 14, 9, 15, 14, 16, 15, 17, 16, 3, 16, 5, 15, 8, 13]",-2.67
18,38,"[1, 1, 3, 1, 3, 1, 1, 2, 1, 2, 1, 1, 1, 1, 1, 1, 1, 1]","[1, 1, 1, 1, 1, 1, 2, 2, 1, 1, 3, 3, 3, 3, 3, 3, 3, 3, 1, 1, 1, 1, 1, 1, 3, 3, 3, 3, 3, 3, 3, 3, 3, 3, 3, 3, 3, 3]","[0, 1, 1, 2, 2, 3, 3, 4, 3, 5, 5, 6, 6, 7, 7, 8, 8, 9, 9, 10, 10, 11, 10, 12, 12, 13, 13, 14, 14, 15, 15, 16, 16, 17, 9, 5, 17, 12]","[1, 0, 2, 1, 3, 2, 4, 3, 5, 3, 6, 5, 7, 6, 8, 7, 9, 8, 10, 9, 11, 10, 12, 10, 13, 12, 14, 13, 15, 14, 16, 15, 17, 16, 5, 9, 12, 17]",-4.73
12,26,"[2, 1, 1, 1, 1, 1, 1, 1, 1, 2, 1, 1]","[1, 1, 1, 1, 3, 3, 3, 3, 3, 3, 3, 3, 3, 3, 3, 3, 3, 3, 3, 3, 3, 3, 3, 3, 3, 3]","[0, 1, 1, 2, 2, 3, 3, 4, 4, 5, 5, 6, 6, 7, 0, 8, 8, 9, 9, 10, 10, 11, 11, 0, 7, 2]","[1, 0, 2, 1, 3, 2, 4, 3, 5, 4, 6, 5, 7, 6, 8, 0, 9, 8, 10, 9, 11, 10, 0, 11, 2, 7]",-2.26
17,38,"[3, 1, 1, 1, 1, 1, 3, 2, 1, 2, 1, 1, 2, 1, 2, 1, 3]","[1, 1, 1, 1, 1, 1, 1, 1, 1, 1, 1, 1, 1, 1, 3, 3, 3, 3, 3, 3, 3, 3, 3, 3, 3, 3, 3, 3, 3, 3, 2, 2, 1, 1, 3, 3, 3, 3]","[0, 1, 1, 2, 2, 3, 3, 4, 4, 5, 5, 6, 5, 7, 7, 8, 8, 9, 9, 10, 10, 11, 11, 12, 12, 13, 13, 14, 14, 15, 15, 16, 6, 2, 11, 7, 15, 10]","[1, 0, 2, 1, 3, 2, 4, 3, 5, 4, 6, 5, 7, 5, 8, 7, 9, 8, 10, 9, 11, 10, 12, 11, 13, 12, 14, 13, 15, 14, 16, 15, 2, 6, 7, 11, 10, 15]",-0.94
20,44,"[2, 1, 2, 1, 1, 2, 1, 2, 1, 3, 1, 1, 3, 1, 3, 1, 3, 1, 3, 2]","[1, 1, 3, 3, 3, 3, 3, 3, 3, 3, 3, 3, 3, 3, 1, 1, 1, 1, 1, 1, 1, 1, 1, 1, 1, 1, 1, 1, 1, 1, 1, 1, 3, 3, 2, 2, 3, 3, 3, 3, 3, 3, 1, 1]","[0, 1, 1, 2, 2, 3, 3, 4, 4, 5, 5, 6, 6, 7, 7, 8, 8, 9, 9, 10, 10, 11, 11, 12, 10, 13, 13, 14, 13, 15, 15, 16, 4, 17, 17, 18, 17, 19, 19, 1, 7, 3, 15, 8]","[1, 0, 2, 1, 3, 2, 4, 3, 5, 4, 6, 5, 7, 6, 8, 7, 9, 8, 10, 9, 11, 10, 12, 11, 13, 10, 14, 13, 15, 13, 16, 15, 17, 4, 18, 17, 19, 17, 1, 19, 3, 7, 8, 15]",-2.74
26,58,"[1, 1, 1, 1, 1, 3, 1, 1, 1, 1, 1, 1, 1, 1, 1, 3, 1, 3, 1, 3, 1, 1, 1, 1, 3, 1]","[1, 1, 1, 1, 1, 1, 1, 1, 2, 2, 1, 1, 2, 2, 1, 1, 1, 1, 1, 1, 1, 1, 1, 1, 1, 1, 1, 1, 1, 1, 1, 1, 2, 2, 1, 1, 1, 1, 1, 1, 1, 1, 1, 1, 1, 1, 2, 2, 1, 1, 1, 1, 1, 1, 1, 1, 1, 1]","[0, 1, 1, 2, 2, 3, 3, 4, 4, 5, 4, 6, 6, 7, 7, 8, 8, 9, 9, 10, 10, 11, 11, 12, 12, 13, 13, 14, 14, 15, 14, 16, 16, 17, 16, 18, 18, 19, 14, 20, 20, 21, 20, 22, 22, 23, 23, 24, 23, 25, 7, 1, 25, 1, 25, 10, 20, 11]","[1, 0, 2, 1, 3, 2, 4, 3, 5, 4, 6, 4, 7, 6, 8, 7, 9, 8, 10, 9, 11, 10, 12, 11, 13, 12, 14, 13, 15, 14, 16, 14, 17, 16, 18, 16, 19, 18, 20, 14, 21, 20, 22, 20, 23, 22, 24, 23, 25, 23, 1, 7, 1, 25, 10, 25, 11, 20]",-3.11
29,64,"[1, 1, 3, 3, 1, 1, 3, 1, 3, 1, 1, 1, 1, 1, 1, 1, 1, 1, 3, 1, 1, 1, 1, 1, 1, 3, 1, 1, 1]","[1, 1, 2, 2, 1, 1, 1, 1, 1, 1, 2, 2, 1, 1, 1, 1, 1, 1, 1, 1, 1, 1, 1, 1, 1, 1, 1, 1, 1, 1, 2, 2, 1, 1, 2, 2, 1, 1, 1, 1, 1, 1, 1, 1, 1, 1, 1, 1, 2, 2, 1, 1, 1, 1, 1, 1, 1, 1, 1, 1, 1, 1, 1, 1]","[0, 1, 1, 2, 1, 3, 3, 4, 4, 5, 5, 6, 5, 7, 7, 8, 7, 9, 9, 10, 10, 11, 11, 12, 12, 13, 13, 14, 14, 15, 15, 16, 16, 17, 17, 18, 17, 19, 19, 20, 20, 21, 21, 22, 21, 23, 23, 24, 24, 25, 24, 26, 26, 27, 27, 28, 21, 15, 23, 12, 27, 7, 27, 11]","[1, 0, 2, 1, 3, 1, 4, 3, 5, 4, 6, 5, 7, 5, 8, 7, 9, 7, 10, 9, 11, 10, 12, 11, 13, 12, 14, 13, 15, 14, 16, 15, 17, 16, 18, 17, 19, 17, 20, 19, 21, 20, 22, 21, 23, 21, 24, 23, 25, 24, 26, 24, 27, 26, 28, 27, 15, 21, 12, 23, 7, 27, 11, 27]",-4.21
21,44,"[1, 1, 1, 1, 2, 1, 1, 1, 1, 1, 1, 3, 2, 1, 1, 1, 1, 1, 1, 1, 1]","[1, 1, 1, 1, 1, 1, 1, 1, 1, 1, 1, 1, 1, 1, 1, 1, 1, 1, 1, 1, 2, 2, 1, 1, 1, 1, 3, 3, 1, 1, 3, 3, 3, 3, 3, 3, 3, 3, 1, 1, 1, 1, 3, 3]","[0, 1, 1, 2, 2, 3, 3, 4, 4, 5, 5, 6, 6, 7, 7, 8, 8, 9, 9, 10, 10, 11, 10, 12, 12, 13, 13, 14, 14, 15, 14, 16, 16, 17, 17, 18, 18, 19, 19, 20, 9, 4, 19, 13]","[1, 0, 2, 1, 3, 2, 4, 3, 5, 4, 6, 5, 7, 6, 8, 7, 9, 8, 10, 9, 11, 10, 12, 10, 13, 12, 14, 13, 15, 14, 16, 14, 17, 16, 18, 17, 19, 18, 20, 19, 4, 9, 13, 19]",-3.22
18,38,"[1, 2, 1, 1, 1, 1, 1, 1, 3, 2, 1, 1, 1, 1, 1, 1, 1, 1]","[1, 1, 1, 1, 1, 1, 1, 1, 1, 1, 1, 1, 1, 1, 2, 2, 1, 1, 1, 1, 3, 3, 1, 1, 3, 3, 3, 3, 3, 3, 3, 3, 1, 1, 1, 1, 3, 3]","[0, 1, 1, 2, 2, 3, 3, 4, 4, 5, 5, 6, 6, 7, 7, 8, 7, 9, 9, 10, 10, 11, 11, 12, 11, 13, 13, 14, 14, 15, 15, 16, 16, 17, 6, 1, 16, 10]","[1, 0, 2, 1, 3, 2, 4, 3, 5, 4, 6, 5, 7, 6, 8, 7, 9, 7, 10, 9, 11, 10, 12, 11, 13, 11, 14, 13, 15, 14, 16, 15, 17, 16, 1, 6, 10, 16]",-1.99
24,52,"[1, 1, 1, 1, 1, 1, 1, 3, 3, 1, 2, 1, 3, 1, 1, 1, 1, 1, 1, 1, 3, 1, 1, 1]","[1, 1, 1, 1, 2, 2, 1, 1, 1, 1, 1, 1, 2, 2, 1, 1, 1, 1, 1, 1, 1, 1, 2, 2, 1, 1, 2, 2, 1, 1, 1, 1, 1, 1, 1, 1, 1, 1, 2, 2, 1, 1, 1, 1, 1, 1, 1, 1, 1, 1, 1, 1]","[0, 1, 1, 2, 1, 3, 3, 4, 4, 5, 5, 6, 6, 7, 6, 8, 8, 9, 9, 10, 10, 11, 11, 12, 11, 13, 13, 14, 14, 15, 15, 16, 16, 17, 17, 18, 14, 19, 19, 20, 5, 21, 21, 22, 21, 23, 21, 4, 19, 10, 18, 13]","[1, 0, 2, 1, 3, 1, 4, 3, 5, 4, 6, 5, 7, 6, 8, 6, 9, 8, 10, 9, 11, 10, 12, 11, 13, 11, 14, 13, 15, 14, 16, 15, 17, 16, 18, 17, 19, 14, 20, 19, 21, 5, 22, 21, 23, 21, 4, 21, 10, 19, 13, 18]",-5.26
24,52,"[1, 1, 1, 1, 1, 1, 1, 3, 3, 1, 2, 1, 3, 1, 1, 1, 1, 1, 1, 1, 3, 1, 1, 1]","[1, 1, 1, 1, 2, 2, 1, 1, 1, 1, 1, 1, 2, 2, 1, 1, 1, 1, 1, 1, 1, 1, 2, 2, 1, 1, 2, 2, 1, 1, 1, 1, 1, 1, 1, 1, 1, 1, 2, 2, 1, 1, 1, 1, 1, 1, 1, 1, 1, 1, 1, 1]","[0, 1, 1, 2, 1, 3, 3, 4, 4, 5, 5, 6, 6, 7, 6, 8, 8, 9, 9, 10, 10, 11, 11, 12, 11, 13, 13, 14, 14, 15, 15, 16, 16, 17, 17, 18, 14, 19, 19, 20, 5, 21, 21, 22, 21, 23, 21, 4, 19, 10, 18, 13]","[1, 0, 2, 1, 3, 1, 4, 3, 5, 4, 6, 5, 7, 6, 8, 6, 9, 8, 10, 9, 11, 10, 12, 11, 13, 11, 14, 13, 15, 14, 16, 15, 17, 16, 18, 17, 19, 14, 20, 19, 21, 5, 22, 21, 23, 21, 4, 21, 10, 19, 13, 18]",-4.8580000000000005
21,48,"[1, 1, 1, 1, 1, 1, 1, 1, 1, 1, 1, 3, 1, 1, 1, 1, 1, 1, 1, 1, 3]","[1, 1, 1, 1, 1, 1, 1, 1, 1, 1, 1, 1, 1, 1, 1, 1, 2, 2, 1, 1, 2, 2, 1, 1, 1, 1, 1, 1, 1, 1, 1, 1, 1, 1, 1, 1, 1, 1, 2, 2, 1, 1, 1, 1, 1, 1, 1, 1]","[0, 1, 1, 2, 2, 3, 3, 4, 4, 5, 5, 6, 6, 7, 7, 8, 8, 9, 9, 10, 10, 11, 10, 12, 12, 13, 13, 14, 14, 15, 5, 16, 16, 17, 17, 18, 18, 19, 19, 20, 16, 1, 19, 1, 14, 4, 14, 8]","[1, 0, 2, 1, 3, 2, 4, 3, 5, 4, 6, 5, 7, 6, 8, 7, 9, 8, 10, 9, 11, 10, 12, 10, 13, 12, 14, 13, 15, 14, 16, 5, 17, 16, 18, 17, 19, 18, 20, 19, 1, 16, 1, 19, 4, 14, 8, 14]",-3.7
22,50,"[1, 1, 1, 1, 1, 3, 1, 1, 1, 1, 1, 1, 3, 1, 1, 1, 1, 1, 1, 1, 1, 3]","[1, 1, 1, 1, 1, 1, 1, 1, 1, 1, 1, 1, 1, 1, 1, 1, 1, 1, 2, 2, 1, 1, 2, 2, 1, 1, 1, 1, 1, 1, 1, 1, 1, 1, 1, 1, 1, 1, 1, 1, 2, 2, 1, 1, 1, 1, 1, 1, 1, 1]","[0, 1, 1, 2, 2, 3, 3, 4, 4, 5, 4, 6, 6, 7, 7, 8, 8, 9, 9, 10, 10, 11, 11, 12, 11, 13, 13, 14, 14, 15, 15, 16, 6, 17, 17, 18, 18, 19, 19, 20, 20, 21, 17, 1, 20, 1, 15, 4, 15, 9]","[1, 0, 2, 1, 3, 2, 4, 3, 5, 4, 6, 4, 7, 6, 8, 7, 9, 8, 10, 9, 11, 10, 12, 11, 13, 11, 14, 13, 15, 14, 16, 15, 17, 6, 18, 17, 19, 18, 20, 19, 21, 20, 1, 17, 1, 20, 4, 15, 9, 15]",-2.68
29,64,"[1, 1, 3, 3, 1, 1, 3, 1, 3, 1, 1, 1, 1, 1, 1, 1, 1, 1, 3, 1, 1, 1, 1, 1, 1, 3, 1, 1, 1]","[1, 1, 2, 2, 1, 1, 1, 1, 1, 1, 2, 2, 1, 1, 1, 1, 1, 1, 1, 1, 1, 1, 1, 1, 1, 1, 1, 1, 1, 1, 2, 2, 1, 1, 2, 2, 1, 1, 1, 1, 1, 1, 1, 1, 1, 1, 1, 1, 2, 2, 1, 1, 1, 1, 1, 1, 1, 1, 1, 1, 1, 1, 1, 1]","[0, 1, 1, 2, 1, 3, 3, 4, 4, 5, 5, 6, 5, 7, 7, 8, 7, 9, 9, 10, 10, 11, 11, 12, 12, 13, 13, 14, 14, 15, 15, 16, 16, 17, 17, 18, 17, 19, 19, 20, 20, 21, 21, 22, 21, 23, 23, 24, 24, 25, 24, 26, 26, 27, 27, 28, 27, 7, 27, 11, 23, 12, 21, 15]","[1, 0, 2, 1, 3, 1, 4, 3, 5, 4, 6, 5, 7, 5, 8, 7, 9, 7, 10, 9, 11, 10, 12, 11, 13, 12, 14, 13, 15, 14, 16, 15, 17, 16, 18, 17, 19, 17, 20, 19, 21, 20, 22, 21, 23, 21, 24, 23, 25, 24, 26, 24, 27, 26, 28, 27, 7, 27, 11, 27, 12, 23, 15, 21]",-4.3037
26,58,"[1, 1, 1, 1, 1, 3, 1, 1, 1, 1, 1, 1, 1, 1, 1, 3, 1, 3, 1, 3, 1, 1, 1, 1, 3, 1]","[1, 1, 1, 1, 1, 1, 1, 1, 2, 2, 1, 1, 2, 2, 1, 1, 1, 1, 1, 1, 1, 1, 1, 1, 1, 1, 1, 1, 1, 1, 1, 1, 2, 2, 1, 1, 1, 1, 1, 1, 1, 1, 1, 1, 1, 1, 2, 2, 1, 1, 1, 1, 1, 1, 1, 1, 1, 1]","[0, 1, 1, 2, 2, 3, 3, 4, 4, 5, 4, 6, 6, 7, 7, 8, 8, 9, 9, 10, 10, 11, 11, 12, 12, 13, 13, 14, 14, 15, 14, 16, 16, 17, 16, 18, 18, 19, 14, 20, 20, 21, 20, 22, 22, 23, 23, 24, 23, 25, 7, 1, 25, 1, 25, 10, 20, 11]","[1, 0, 2, 1, 3, 2, 4, 3, 5, 4, 6, 4, 7, 6, 8, 7, 9, 8, 10, 9, 11, 10, 12, 11, 13, 12, 14, 13, 15, 14, 16, 14, 17, 16, 18, 16, 19, 18, 20, 14, 21, 20, 22, 20, 23, 22, 24, 23, 25, 23, 1, 7, 1, 25, 10, 25, 11, 20]",-3.1097
17,36,"[1, 1, 3, 2, 1, 2, 8, 3, 3, 1, 1, 1, 1, 2, 1, 1, 1]","[1, 1, 3, 3, 3, 3, 3, 3, 1, 1, 1, 1, 2, 2, 2, 2, 1, 1, 3, 3, 3, 3, 3, 3, 1, 1, 3, 3, 3, 3, 3, 3, 3, 3, 3, 3]","[0, 1, 1, 2, 2, 3, 3, 4, 4, 5, 5, 6, 6, 7, 6, 8, 6, 9, 9, 10, 10, 11, 11, 12, 12, 13, 12, 14, 14, 15, 4, 16, 16, 1, 15, 9]","[1, 0, 2, 1, 3, 2, 4, 3, 5, 4, 6, 5, 7, 6, 8, 6, 9, 6, 10, 9, 11, 10, 12, 11, 13, 12, 14, 12, 15, 14, 16, 4, 1, 16, 9, 15]",-2.6183
18,38,"[1, 1, 1, 1, 1, 2, 3, 2, 8, 3, 3, 1, 1, 1, 1, 2, 1, 1]","[1, 1, 3, 3, 1, 1, 3, 3, 3, 3, 3, 3, 1, 1, 1, 1, 2, 2, 2, 2, 1, 1, 3, 3, 3, 3, 3, 3, 1, 1, 3, 3, 3, 3, 3, 3, 3, 3]","[0, 1, 1, 2, 2, 3, 2, 4, 4, 5, 5, 6, 4, 7, 7, 8, 8, 9, 8, 10, 8, 11, 11, 12, 12, 13, 13, 14, 14, 15, 14, 16, 16, 17, 6, 1, 17, 11]","[1, 0, 2, 1, 3, 2, 4, 2, 5, 4, 6, 5, 7, 4, 8, 7, 9, 8, 10, 8, 11, 8, 12, 11, 13, 12, 14, 13, 15, 14, 16, 14, 17, 16, 1, 6, 11, 17]",-2.19
20,42,"[1, 1, 1, 1, 1, 1, 1, 8, 3, 3, 2, 1, 3, 2, 1, 1, 1, 1, 1, 1]","[1, 1, 3, 3, 3, 3, 3, 3, 3, 3, 3, 3, 1, 1, 2, 2, 2, 2, 1, 1, 1, 1, 2, 2, 1, 1, 1, 1, 1, 1, 1, 1, 1, 1, 1, 1, 1, 1, 3, 3, 1, 1]","[0, 1, 1, 2, 2, 3, 3, 4, 4, 5, 5, 6, 4, 7, 7, 8, 7, 9, 7, 10, 10, 11, 11, 12, 11, 13, 13, 14, 14, 15, 15, 16, 16, 17, 17, 18, 18, 19, 6, 1, 19, 14]","[1, 0, 2, 1, 3, 2, 4, 3, 5, 4, 6, 5, 7, 4, 8, 7, 9, 7, 10, 7, 11, 10, 12, 11, 13, 11, 14, 13, 15, 14, 16, 15, 17, 16, 18, 17, 19, 18, 1, 6, 14, 19]",-4.207
22,46,"[3, 1, 2, 1, 1, 1, 1, 1, 1, 2, 8, 3, 3, 1, 1, 1, 1, 1, 1, 3, 1, 1]","[2, 2, 1, 1, 1, 1, 1, 1, 1, 1, 1, 1, 1, 1, 1, 1, 1, 1, 1, 1, 2, 2, 2, 2, 1, 1, 3, 3, 3, 3, 3, 3, 3, 3, 1, 1, 2, 2, 1, 1, 3, 3, 1, 1, 3, 3]","[0, 1, 1, 2, 2, 3, 3, 4, 4, 5, 5, 6, 6, 7, 3, 8, 1, 9, 9, 10, 10, 11, 10, 12, 10, 13, 13, 14, 14, 15, 15, 16, 16, 17, 16, 18, 18, 19, 18, 20, 13, 21, 8, 7, 21, 17]","[1, 0, 2, 1, 3, 2, 4, 3, 5, 4, 6, 5, 7, 6, 8, 3, 9, 1, 10, 9, 11, 10, 12, 10, 13, 10, 14, 13, 15, 14, 16, 15, 17, 16, 18, 16, 19, 18, 20, 18, 21, 13, 7, 8, 17, 21]",-2.06
16,34,"[1, 1, 1, 1, 1, 1, 3, 2, 1, 3, 1, 1, 1, 1, 1, 1]","[1, 1, 1, 1, 1, 1, 1, 1, 1, 1, 2, 2, 1, 1, 1, 1, 2, 2, 1, 1, 3, 3, 3, 3, 3, 3, 3, 3, 3, 3, 1, 1, 3, 3]","[0, 1, 1, 2, 2, 3, 3, 4, 4, 5, 5, 6, 5, 7, 7, 8, 8, 9, 2, 10, 10, 11, 11, 12, 12, 13, 13, 14, 14, 15, 8, 2, 15, 10]","[1, 0, 2, 1, 3, 2, 4, 3, 5, 4, 6, 5, 7, 5, 8, 7, 9, 8, 10, 2, 11, 10, 12, 11, 13, 12, 14, 13, 15, 14, 2, 8, 10, 15]",-2.3374
18,38,"[1, 1, 1, 1, 1, 1, 3, 2, 1, 3, 1, 3, 1, 1, 1, 1, 1, 1]","[1, 1, 1, 1, 1, 1, 1, 1, 1, 1, 2, 2, 1, 1, 1, 1, 1, 1, 1, 1, 2, 2, 1, 1, 3, 3, 3, 3, 3, 3, 3, 3, 3, 3, 1, 1, 3, 3]","[0, 1, 1, 2, 2, 3, 3, 4, 4, 5, 5, 6, 5, 7, 7, 8, 8, 9, 7, 10, 10, 11, 2, 12, 12, 13, 13, 14, 14, 15, 15, 16, 16, 17, 10, 2, 17, 12]","[1, 0, 2, 1, 3, 2, 4, 3, 5, 4, 6, 5, 7, 5, 8, 7, 9, 8, 10, 7, 11, 10, 12, 2, 13, 12, 14, 13, 15, 14, 16, 15, 17, 16, 2, 10, 12, 17]",-1.66
20,42,"[1, 1, 1, 1, 1, 1, 1, 3, 1, 1, 1, 1, 1, 1, 1, 1, 1, 3, 1, 1]","[1, 1, 1, 1, 1, 1, 3, 3, 3, 3, 3, 3, 1, 1, 3, 3, 3, 3, 2, 2, 1, 1, 1, 1, 1, 1, 3, 3, 3, 3, 3, 3, 1, 1, 3, 3, 3, 3, 3, 3, 3, 3]","[0, 1, 1, 2, 2, 3, 3, 4, 4, 5, 5, 6, 6, 7, 6, 8, 8, 9, 2, 10, 10, 11, 11, 12, 10, 13, 13, 14, 14, 15, 15, 16, 16, 17, 16, 18, 18, 19, 9, 3, 19, 13]","[1, 0, 2, 1, 3, 2, 4, 3, 5, 4, 6, 5, 7, 6, 8, 6, 9, 8, 10, 2, 11, 10, 12, 11, 13, 10, 14, 13, 15, 14, 16, 15, 17, 16, 18, 16, 19, 18, 3, 9, 13, 19]",-4.3495
20,42,"[3, 1, 1, 1, 1, 1, 1, 1, 1, 1, 1, 3, 1, 1, 1, 1, 1, 1, 1, 1]","[1, 1, 3, 3, 3, 3, 3, 3, 1, 1, 2, 2, 1, 1, 3, 3, 3, 3, 3, 3, 1, 1, 3, 3, 3, 3, 1, 1, 1, 1, 1, 1, 1, 1, 3, 3, 3, 3, 3, 3, 3, 3]","[0, 1, 1, 2, 2, 3, 3, 4, 4, 5, 5, 6, 6, 7, 7, 8, 8, 9, 9, 10, 10, 11, 10, 12, 7, 13, 6, 14, 14, 15, 5, 16, 16, 17, 4, 18, 1, 19, 13, 12, 19, 18]","[1, 0, 2, 1, 3, 2, 4, 3, 5, 4, 6, 5, 7, 6, 8, 7, 9, 8, 10, 9, 11, 10, 12, 10, 13, 7, 14, 6, 15, 14, 16, 5, 17, 16, 18, 4, 19, 1, 12, 13, 18, 19]",-4.35
10,22,"[1, 1, 1, 1, 1, 2, 2, 1, 1, 1]","[3, 3, 3, 3, 3, 3, 3, 3, 3, 3, 3, 3, 3, 3, 3, 3, 3, 3, 3, 3, 3, 3]","[0, 1, 1, 2, 2, 3, 3, 4, 4, 5, 5, 6, 6, 7, 7, 8, 8, 9, 9, 0, 8, 3]","[1, 0, 2, 1, 3, 2, 4, 3, 5, 4, 6, 5, 7, 6, 8, 7, 9, 8, 0, 9, 3, 8]",-0.4155
12,26,"[2, 2, 1, 2, 2, 1, 1, 1, 1, 1, 1, 1]","[1, 1, 1, 1, 3, 3, 3, 3, 3, 3, 3, 3, 3, 3, 3, 3, 3, 3, 3, 3, 3, 3, 3, 3, 3, 3]","[0, 1, 1, 2, 2, 3, 3, 4, 4, 5, 5, 6, 6, 7, 7, 8, 8, 9, 9, 10, 10, 11, 7, 2, 11, 6]","[1, 0, 2, 1, 3, 2, 4, 3, 5, 4, 6, 5, 7, 6, 8, 7, 9, 8, 10, 9, 11, 10, 2, 7, 6, 11]",-2.6
10,22,"[1, 1, 1, 1, 1, 2, 1, 1, 1, 1]","[3, 3, 3, 3, 3, 3, 3, 3, 3, 3, 3, 3, 3, 3, 3, 3, 3, 3, 3, 3, 3, 3]","[0, 1, 1, 2, 2, 3, 3, 4, 4, 5, 5, 6, 6, 7, 7, 8, 8, 9, 9, 0, 8, 3]","[1, 0, 2, 1, 3, 2, 4, 3, 5, 4, 6, 5, 7, 6, 8, 7, 9, 8, 0, 9, 3, 8]",-1.456
11,24,"[1, 1, 1, 1, 1, 1, 1, 1, 1, 1, 2]","[1, 1, 3, 3, 3, 3, 3, 3, 3, 3, 3, 3, 3, 3, 3, 3, 3, 3, 3, 3, 3, 3, 3, 3]","[0, 1, 1, 2, 2, 3, 3, 4, 4, 5, 5, 6, 6, 7, 7, 8, 4, 9, 9, 10, 10, 1, 8, 3]","[1, 0, 2, 1, 3, 2, 4, 3, 5, 4, 6, 5, 7, 6, 8, 7, 9, 4, 10, 9, 1, 10, 3, 8]",-2.19
25,52,"[1, 1, 1, 3, 1, 3, 1, 1, 1, 1, 1, 1, 1, 8, 3, 3, 1, 1, 1, 1, 1, 1, 2, 3, 3]","[1, 1, 1, 1, 1, 1, 1, 1, 2, 2, 1, 1, 1, 1, 1, 1, 1, 1, 1, 1, 1, 1, 1, 1, 1, 1, 2, 2, 2, 2, 1, 1, 3, 3, 3, 3, 3, 3, 3, 3, 3, 3, 1, 1, 1, 1, 2, 2, 1, 1, 3, 3]","[0, 1, 1, 2, 1, 3, 3, 4, 4, 5, 4, 6, 6, 7, 7, 8, 8, 9, 9, 10, 10, 11, 11, 12, 6, 13, 13, 14, 13, 15, 13, 16, 16, 17, 17, 18, 18, 19, 19, 20, 20, 21, 19, 22, 22, 23, 22, 24, 12, 6, 21, 16]","[1, 0, 2, 1, 3, 1, 4, 3, 5, 4, 6, 4, 7, 6, 8, 7, 9, 8, 10, 9, 11, 10, 12, 11, 13, 6, 14, 13, 15, 13, 16, 13, 17, 16, 18, 17, 19, 18, 20, 19, 21, 20, 22, 19, 23, 22, 24, 22, 6, 12, 16, 21]",-5.0706
23,48,"[1, 1, 1, 3, 1, 3, 1, 1, 1, 1, 1, 1, 1, 8, 3, 3, 1, 1, 1, 1, 4, 1, 1]","[1, 1, 1, 1, 1, 1, 1, 1, 2, 2, 1, 1, 1, 1, 1, 1, 1, 1, 1, 1, 1, 1, 1, 1, 1, 1, 2, 2, 2, 2, 1, 1, 3, 3, 3, 3, 3, 3, 1, 1, 3, 3, 3, 3, 1, 1, 3, 3]","[0, 1, 1, 2, 1, 3, 3, 4, 4, 5, 4, 6, 6, 7, 7, 8, 8, 9, 9, 10, 10, 11, 11, 12, 6, 13, 13, 14, 13, 15, 13, 16, 16, 17, 17, 18, 18, 19, 19, 20, 19, 21, 21, 22, 12, 6, 22, 16]","[1, 0, 2, 1, 3, 1, 4, 3, 5, 4, 6, 4, 7, 6, 8, 7, 9, 8, 10, 9, 11, 10, 12, 11, 13, 6, 14, 13, 15, 13, 16, 13, 17, 16, 18, 17, 19, 18, 20, 19, 21, 19, 22, 21, 6, 12, 16, 22]",-5.52
26,54,"[1, 3, 2, 1, 1, 1, 1, 1, 1, 1, 3, 1, 2, 1, 3, 1, 1, 1, 3, 1, 2, 1, 1, 3, 3, 1]","[1, 1, 1, 1, 2, 2, 1, 1, 1, 1, 3, 3, 3, 3, 3, 3, 3, 3, 1, 1, 1, 1, 3, 3, 3, 3, 1, 1, 1, 1, 3, 3, 3, 3, 1, 1, 1, 1, 3, 3, 3, 3, 1, 1, 2, 2, 1, 1, 1, 1, 3, 3, 3, 3]","[0, 1, 1, 2, 2, 3, 3, 4, 3, 5, 5, 6, 6, 7, 7, 8, 8, 9, 9, 10, 10, 11, 11, 12, 12, 13, 13, 14, 14, 15, 13, 16, 16, 17, 17, 18, 18, 19, 17, 20, 9, 21, 21, 22, 22, 23, 22, 24, 24, 25, 21, 5, 20, 11]","[1, 0, 2, 1, 3, 2, 4, 3, 5, 3, 6, 5, 7, 6, 8, 7, 9, 8, 10, 9, 11, 10, 12, 11, 13, 12, 14, 13, 15, 14, 16, 13, 17, 16, 18, 17, 19, 18, 20, 17, 21, 9, 22, 21, 23, 22, 24, 22, 25, 24, 5, 21, 11, 20]",-3.6037
26,54,"[1, 3, 2, 1, 1, 1, 1, 1, 1, 1, 1, 1, 3, 3, 1, 3, 1, 2, 1, 1, 1, 2, 3, 1, 3, 1]","[1, 1, 1, 1, 2, 2, 1, 1, 1, 1, 3, 3, 3, 3, 3, 3, 3, 3, 3, 3, 1, 1, 2, 2, 1, 1, 1, 1, 1, 1, 1, 1, 3, 3, 3, 3, 3, 3, 3, 3, 3, 3, 1, 1, 1, 1, 1, 1, 1, 1, 3, 3, 3, 3]","[0, 1, 1, 2, 2, 3, 3, 4, 3, 5, 5, 6, 6, 7, 7, 8, 8, 9, 9, 10, 10, 11, 11, 12, 11, 13, 13, 14, 9, 15, 15, 16, 16, 17, 17, 18, 18, 19, 19, 20, 20, 21, 20, 22, 22, 23, 18, 24, 24, 25, 10, 5, 21, 16]","[1, 0, 2, 1, 3, 2, 4, 3, 5, 3, 6, 5, 7, 6, 8, 7, 9, 8, 10, 9, 11, 10, 12, 11, 13, 11, 14, 13, 15, 9, 16, 15, 17, 16, 18, 17, 19, 18, 20, 19, 21, 20, 22, 20, 23, 22, 24, 18, 25, 24, 5, 10, 16, 21]",-3.31
26,54,"[1, 1, 8, 1, 1, 3, 2, 1, 1, 0, 1, 1, 3, 1, 6, 6, 6, 1, 1, 0, 1, 2, 1, 6, 6, 6]","[1, 1, 3, 3, 3, 3, 1, 1, 2, 2, 1, 1, 1, 1, 3, 3, 1, 1, 3, 3, 3, 3, 1, 1, 1, 1, 1, 1, 1, 1, 1, 1, 3, 3, 3, 3, 1, 1, 3, 3, 3, 3, 1, 1, 1, 1, 1, 1, 1, 1, 3, 3, 3, 3]","[0, 1, 1, 2, 2, 3, 3, 4, 4, 5, 4, 6, 6, 7, 7, 8, 8, 9, 8, 10, 10, 11, 11, 12, 12, 13, 13, 14, 13, 15, 13, 16, 11, 17, 17, 18, 18, 19, 3, 20, 20, 21, 20, 22, 22, 23, 22, 24, 22, 25, 21, 1, 18, 7]","[1, 0, 2, 1, 3, 2, 4, 3, 5, 4, 6, 4, 7, 6, 8, 7, 9, 8, 10, 8, 11, 10, 12, 11, 13, 12, 14, 13, 15, 13, 16, 13, 17, 11, 18, 17, 19, 18, 20, 3, 21, 20, 22, 20, 23, 22, 24, 22, 25, 22, 1, 21, 7, 18]",-5.5186
16,34,"[1, 1, 2, 1, 1, 8, 1, 3, 2, 1, 1, 1, 1, 1, 1, 1]","[1, 1, 3, 3, 3, 3, 3, 3, 3, 3, 1, 1, 2, 2, 1, 1, 1, 1, 3, 3, 3, 3, 3, 3, 3, 3, 3, 3, 1, 1, 3, 3, 3, 3]","[0, 1, 1, 2, 2, 3, 3, 4, 4, 5, 4, 6, 6, 7, 6, 8, 8, 9, 9, 10, 10, 11, 11, 12, 12, 13, 13, 14, 3, 15, 5, 1, 14, 9]","[1, 0, 2, 1, 3, 2, 4, 3, 5, 4, 6, 4, 7, 6, 8, 6, 9, 8, 10, 9, 11, 10, 12, 11, 13, 12, 14, 13, 15, 3, 1, 5, 9, 14]",-1.73
26,54,"[1, 1, 3, 1, 3, 1, 3, 1, 1, 1, 1, 6, 1, 1, 4, 1, 2, 2, 1, 1, 3, 1, 6, 6, 1, 4]","[1, 1, 1, 1, 1, 1, 2, 2, 1, 1, 1, 1, 1, 1, 3, 3, 3, 3, 3, 3, 1, 1, 3, 3, 3, 3, 1, 1, 1, 1, 3, 3, 3, 3, 1, 1, 3, 3, 1, 1, 1, 1, 1, 1, 1, 1, 3, 3, 1, 1, 3, 3, 3, 3]","[0, 1, 1, 2, 2, 3, 3, 4, 3, 5, 5, 6, 6, 7, 7, 8, 8, 9, 9, 10, 10, 11, 10, 12, 12, 13, 13, 14, 9, 15, 15, 16, 16, 17, 17, 18, 17, 19, 19, 20, 20, 21, 21, 22, 21, 23, 19, 24, 24, 25, 13, 7, 24, 15]","[1, 0, 2, 1, 3, 2, 4, 3, 5, 3, 6, 5, 7, 6, 8, 7, 9, 8, 10, 9, 11, 10, 12, 10, 13, 12, 14, 13, 15, 9, 16, 15, 17, 16, 18, 17, 19, 17, 20, 19, 21, 20, 22, 21, 23, 21, 24, 19, 25, 24, 7, 13, 15, 24]",-5.6161
25,52,"[1, 1, 1, 3, 1, 3, 1, 1, 1, 1, 6, 1, 1, 4, 1, 2, 2, 1, 1, 1, 0, 1, 6, 6, 6]","[1, 1, 1, 1, 1, 1, 1, 1, 2, 2, 1, 1, 3, 3, 3, 3, 3, 3, 1, 1, 3, 3, 3, 3, 1, 1, 1, 1, 3, 3, 3, 3, 1, 1, 3, 3, 3, 3, 1, 1, 1, 1, 1, 1, 1, 1, 1, 1, 3, 3, 3, 3]","[0, 1, 1, 2, 1, 3, 3, 4, 4, 5, 4, 6, 6, 7, 7, 8, 8, 9, 9, 10, 9, 11, 11, 12, 12, 13, 8, 14, 14, 15, 15, 16, 16, 17, 16, 18, 18, 19, 19, 20, 18, 21, 21, 22, 21, 23, 21, 24, 12, 6, 19, 14]","[1, 0, 2, 1, 3, 1, 4, 3, 5, 4, 6, 4, 7, 6, 8, 7, 9, 8, 10, 9, 11, 9, 12, 11, 13, 12, 14, 8, 15, 14, 16, 15, 17, 16, 18, 16, 19, 18, 20, 19, 21, 18, 22, 21, 23, 21, 24, 21, 6, 12, 14, 19]",-6.9227
22,48,"[1, 1, 1, 1, 1, 1, 1, 1, 1, 1, 1, 4, 1, 1, 1, 3, 1, 2, 1, 2, 1, 2]","[1, 1, 1, 1, 1, 1, 1, 1, 1, 1, 1, 1, 1, 1, 3, 3, 3, 3, 3, 3, 1, 1, 3, 3, 3, 3, 1, 1, 1, 1, 1, 1, 1, 1, 3, 3, 3, 3, 3, 3, 3, 3, 1, 1, 3, 3, 3, 3]","[0, 1, 1, 2, 1, 3, 3, 4, 4, 5, 5, 6, 6, 7, 7, 8, 8, 9, 9, 10, 10, 11, 10, 12, 12, 13, 5, 14, 14, 15, 14, 16, 16, 17, 17, 18, 18, 19, 19, 20, 20, 21, 14, 1, 13, 7, 21, 17]","[1, 0, 2, 1, 3, 1, 4, 3, 5, 4, 6, 5, 7, 6, 8, 7, 9, 8, 10, 9, 11, 10, 12, 10, 13, 12, 14, 5, 15, 14, 16, 14, 17, 16, 18, 17, 19, 18, 20, 19, 21, 20, 1, 14, 7, 13, 17, 21]",-4.3288
23,50,"[1, 1, 1, 1, 1, 1, 1, 1, 1, 1, 1, 1, 4, 1, 1, 1, 3, 1, 2, 1, 2, 1, 2]","[1, 1, 1, 1, 1, 1, 1, 1, 1, 1, 1, 1, 1, 1, 1, 1, 3, 3, 3, 3, 3, 3, 1, 1, 3, 3, 3, 3, 1, 1, 1, 1, 1, 1, 1, 1, 3, 3, 3, 3, 3, 3, 3, 3, 1, 1, 3, 3, 3, 3]","[0, 1, 1, 2, 1, 3, 3, 4, 4, 5, 5, 6, 6, 7, 7, 8, 8, 9, 9, 10, 10, 11, 11, 12, 11, 13, 13, 14, 6, 15, 15, 16, 15, 17, 17, 18, 18, 19, 19, 20, 20, 21, 21, 22, 15, 3, 14, 8, 22, 18]","[1, 0, 2, 1, 3, 1, 4, 3, 5, 4, 6, 5, 7, 6, 8, 7, 9, 8, 10, 9, 11, 10, 12, 11, 13, 11, 14, 13, 15, 6, 16, 15, 17, 15, 18, 17, 19, 18, 20, 19, 21, 20, 22, 21, 3, 15, 8, 14, 18, 22]",-4.6828
27,58,"[1, 3, 1, 1, 1, 3, 1, 2, 1, 2, 1, 3, 2, 8, 3, 3, 1, 2, 1, 1, 1, 1, 1, 2, 1, 4, 2]","[1, 1, 1, 1, 3, 3, 3, 3, 1, 1, 1, 1, 3, 3, 3, 3, 1, 1, 1, 1, 2, 2, 1, 1, 1, 1, 2, 2, 2, 2, 1, 1, 3, 3, 3, 3, 3, 3, 3, 3, 3, 3, 3, 3, 3, 3, 3, 3, 1, 1, 3, 3, 3, 3, 3, 3, 3, 3]","[0, 1, 1, 2, 2, 3, 3, 4, 4, 5, 5, 6, 4, 7, 7, 8, 8, 9, 9, 10, 10, 11, 10, 12, 12, 13, 13, 14, 13, 15, 13, 16, 16, 17, 17, 18, 18, 19, 19, 20, 20, 21, 21, 22, 22, 23, 23, 24, 24, 25, 8, 26, 26, 2, 24, 16, 22, 17]","[1, 0, 2, 1, 3, 2, 4, 3, 5, 4, 6, 5, 7, 4, 8, 7, 9, 8, 10, 9, 11, 10, 12, 10, 13, 12, 14, 13, 15, 13, 16, 13, 17, 16, 18, 17, 19, 18, 20, 19, 21, 20, 22, 21, 23, 22, 24, 23, 25, 24, 26, 8, 2, 26, 16, 24, 17, 22]",-4.7886
31,66,"[1, 1, 8, 3, 3, 1, 2, 1, 1, 1, 1, 1, 2, 1, 8, 3, 3, 2, 1, 3, 2, 1, 2, 1, 3, 1, 1, 1, 3, 1, 2]","[1, 1, 1, 1, 2, 2, 2, 2, 1, 1, 3, 3, 3, 3, 3, 3, 3, 3, 3, 3, 3, 3, 3, 3, 3, 3, 1, 1, 2, 2, 2, 2, 1, 1, 1, 1, 2, 2, 1, 1, 1, 1, 3, 3, 3, 3, 1, 1, 1, 1, 3, 3, 3, 3, 1, 1, 1, 1, 3, 3, 3, 3, 3, 3, 3, 3]","[0, 1, 1, 2, 2, 3, 2, 4, 2, 5, 5, 6, 6, 7, 7, 8, 8, 9, 9, 10, 10, 11, 11, 12, 12, 13, 13, 14, 14, 15, 14, 16, 14, 17, 17, 18, 18, 19, 18, 20, 20, 21, 21, 22, 22, 23, 23, 24, 24, 25, 23, 26, 26, 27, 27, 28, 28, 29, 27, 30, 13, 5, 12, 7, 30, 21]","[1, 0, 2, 1, 3, 2, 4, 2, 5, 2, 6, 5, 7, 6, 8, 7, 9, 8, 10, 9, 11, 10, 12, 11, 13, 12, 14, 13, 15, 14, 16, 14, 17, 14, 18, 17, 19, 18, 20, 18, 21, 20, 22, 21, 23, 22, 24, 23, 25, 24, 26, 23, 27, 26, 28, 27, 29, 28, 30, 27, 5, 13, 7, 12, 21, 30]",-4.4191
16,34,"[3, 1, 1, 3, 1, 3, 1, 1, 1, 1, 1, 1, 2, 1, 1, 1]","[2, 2, 1, 1, 1, 1, 1, 1, 2, 2, 1, 1, 3, 3, 3, 3, 3, 3, 3, 3, 3, 3, 1, 1, 1, 1, 1, 1, 1, 1, 3, 3, 1, 1]","[0, 1, 1, 2, 2, 3, 3, 4, 4, 5, 4, 6, 6, 7, 7, 8, 8, 9, 9, 10, 10, 11, 1, 12, 12, 13, 13, 14, 14, 15, 11, 6, 15, 12]","[1, 0, 2, 1, 3, 2, 4, 3, 5, 4, 6, 4, 7, 6, 8, 7, 9, 8, 10, 9, 11, 10, 12, 1, 13, 12, 14, 13, 15, 14, 6, 11, 12, 15]",-1.6085
19,40,"[3, 1, 3, 1, 1, 1, 2, 1, 3, 1, 3, 1, 3, 1, 1, 1, 1, 1, 1]","[1, 1, 2, 2, 1, 1, 1, 1, 1, 1, 1, 1, 1, 1, 2, 2, 1, 1, 1, 1, 1, 1, 2, 2, 1, 1, 3, 3, 3, 3, 3, 3, 3, 3, 3, 3, 1, 1, 3, 3]","[0, 1, 1, 2, 1, 3, 3, 4, 4, 5, 5, 6, 6, 7, 7, 8, 7, 9, 9, 10, 10, 11, 11, 12, 11, 13, 13, 14, 14, 15, 15, 16, 16, 17, 17, 18, 6, 3, 18, 13]","[1, 0, 2, 1, 3, 1, 4, 3, 5, 4, 6, 5, 7, 6, 8, 7, 9, 7, 10, 9, 11, 10, 12, 11, 13, 11, 14, 13, 15, 14, 16, 15, 17, 16, 18, 17, 3, 6, 13, 18]",-2.14
18,38,"[3, 1, 1, 3, 1, 3, 1, 1, 1, 1, 1, 1, 2, 1, 1, 3, 1, 1]","[2, 2, 1, 1, 1, 1, 1, 1, 2, 2, 1, 1, 3, 3, 3, 3, 3, 3, 3, 3, 3, 3, 1, 1, 1, 1, 1, 1, 1, 1, 1, 1, 1, 1, 3, 3, 1, 1]","[0, 1, 1, 2, 2, 3, 3, 4, 4, 5, 4, 6, 6, 7, 7, 8, 8, 9, 9, 10, 10, 11, 1, 12, 12, 13, 13, 14, 14, 15, 15, 16, 16, 17, 11, 6, 17, 12]","[1, 0, 2, 1, 3, 2, 4, 3, 5, 4, 6, 4, 7, 6, 8, 7, 9, 8, 10, 9, 11, 10, 12, 1, 13, 12, 14, 13, 15, 14, 16, 15, 17, 16, 6, 11, 12, 17]",-1.7734
22,46,"[1, 1, 3, 3, 1, 1, 1, 1, 1, 1, 1, 3, 3, 1, 1, 3, 2, 1, 1, 3, 1, 1]","[1, 1, 2, 2, 1, 1, 1, 1, 3, 3, 3, 3, 3, 3, 3, 3, 3, 3, 1, 1, 2, 2, 1, 1, 1, 1, 1, 1, 2, 2, 1, 1, 1, 1, 1, 1, 1, 1, 1, 1, 1, 1, 3, 3, 1, 1]","[0, 1, 1, 2, 1, 3, 3, 4, 4, 5, 5, 6, 6, 7, 7, 8, 8, 9, 9, 10, 10, 11, 10, 12, 12, 13, 13, 14, 14, 15, 14, 16, 16, 17, 17, 18, 18, 19, 19, 20, 20, 21, 9, 4, 21, 16]","[1, 0, 2, 1, 3, 1, 4, 3, 5, 4, 6, 5, 7, 6, 8, 7, 9, 8, 10, 9, 11, 10, 12, 10, 13, 12, 14, 13, 15, 14, 16, 14, 17, 16, 18, 17, 19, 18, 20, 19, 21, 20, 4, 9, 16, 21]",-1.8
22,48,"[1, 1, 1, 1, 2, 2, 1, 2, 1, 2, 8, 3, 3, 2, 1, 1, 6, 1, 1, 1, 1, 6]","[1, 1, 3, 3, 3, 3, 3, 3, 3, 3, 3, 3, 3, 3, 3, 3, 3, 3, 1, 1, 2, 2, 2, 2, 1, 1, 1, 1, 3, 3, 1, 1, 3, 3, 3, 3, 3, 3, 3, 3, 1, 1, 3, 3, 3, 3, 3, 3]","[0, 1, 1, 2, 2, 3, 3, 4, 4, 5, 5, 6, 6, 7, 7, 8, 8, 9, 6, 10, 10, 11, 10, 12, 10, 13, 13, 14, 14, 15, 15, 16, 15, 17, 17, 18, 18, 19, 19, 20, 20, 21, 9, 1, 8, 4, 20, 14]","[1, 0, 2, 1, 3, 2, 4, 3, 5, 4, 6, 5, 7, 6, 8, 7, 9, 8, 10, 6, 11, 10, 12, 10, 13, 10, 14, 13, 15, 14, 16, 15, 17, 15, 18, 17, 19, 18, 20, 19, 21, 20, 1, 9, 4, 8, 14, 20]",-3.8248
26,56,"[1, 3, 1, 1, 1, 3, 1, 2, 2, 1, 2, 1, 2, 8, 3, 3, 2, 1, 1, 4, 1, 1, 1, 1, 1, 4]","[1, 1, 1, 1, 3, 3, 3, 3, 1, 1, 1, 1, 3, 3, 3, 3, 3, 3, 3, 3, 3, 3, 3, 3, 1, 1, 2, 2, 2, 2, 1, 1, 1, 1, 3, 3, 1, 1, 3, 3, 3, 3, 3, 3, 1, 1, 3, 3, 1, 1, 3, 3, 3, 3, 3, 3]","[0, 1, 1, 2, 2, 3, 3, 4, 4, 5, 5, 6, 4, 7, 7, 8, 8, 9, 9, 10, 10, 11, 11, 12, 9, 13, 13, 14, 13, 15, 13, 16, 16, 17, 17, 18, 18, 19, 18, 20, 20, 21, 21, 22, 22, 23, 22, 24, 24, 25, 12, 2, 11, 7, 24, 17]","[1, 0, 2, 1, 3, 2, 4, 3, 5, 4, 6, 5, 7, 4, 8, 7, 9, 8, 10, 9, 11, 10, 12, 11, 13, 9, 14, 13, 15, 13, 16, 13, 17, 16, 18, 17, 19, 18, 20, 18, 21, 20, 22, 21, 23, 22, 24, 22, 25, 24, 2, 12, 7, 11, 17, 24]",-3.3204
15,32,"[3, 1, 2, 1, 2, 1, 1, 1, 2, 1, 1, 2, 1, 1, 2]","[2, 2, 1, 1, 1, 1, 3, 3, 3, 3, 3, 3, 3, 3, 3, 3, 1, 1, 3, 3, 3, 3, 3, 3, 3, 3, 3, 3, 3, 3, 3, 3]","[0, 1, 1, 2, 2, 3, 3, 4, 4, 5, 5, 6, 6, 7, 7, 8, 1, 9, 9, 10, 10, 11, 11, 12, 12, 13, 13, 14, 8, 3, 14, 9]","[1, 0, 2, 1, 3, 2, 4, 3, 5, 4, 6, 5, 7, 6, 8, 7, 9, 1, 10, 9, 11, 10, 12, 11, 13, 12, 14, 13, 3, 8, 9, 14]",-0.3036
16,34,"[1, 1, 1, 1, 2, 1, 2, 1, 3, 1, 1, 2, 1, 1, 2, 2]","[1, 1, 3, 3, 3, 3, 3, 3, 3, 3, 1, 1, 1, 1, 2, 2, 1, 1, 3, 3, 3, 3, 3, 3, 3, 3, 3, 3, 3, 3, 3, 3, 3, 3]","[0, 1, 1, 2, 2, 3, 3, 4, 4, 5, 5, 6, 6, 7, 7, 8, 7, 9, 9, 10, 10, 11, 11, 12, 12, 13, 13, 14, 5, 15, 15, 1, 14, 9]","[1, 0, 2, 1, 3, 2, 4, 3, 5, 4, 6, 5, 7, 6, 8, 7, 9, 7, 10, 9, 11, 10, 12, 11, 13, 12, 14, 13, 15, 5, 1, 15, 9, 14]",-0.7308
28,58,"[1, 1, 3, 1, 3, 1, 1, 2, 2, 1, 1, 8, 3, 3, 2, 1, 3, 2, 1, 2, 1, 3, 1, 1, 1, 3, 1, 2]","[1, 1, 1, 1, 1, 1, 2, 2, 1, 1, 3, 3, 3, 3, 3, 3, 1, 1, 3, 3, 1, 1, 2, 2, 2, 2, 1, 1, 1, 1, 2, 2, 1, 1, 1, 1, 3, 3, 3, 3, 1, 1, 1, 1, 3, 3, 3, 3, 1, 1, 1, 1, 3, 3, 3, 3, 3, 3]","[0, 1, 1, 2, 2, 3, 3, 4, 3, 5, 5, 6, 6, 7, 7, 8, 8, 9, 8, 10, 10, 11, 11, 12, 11, 13, 11, 14, 14, 15, 15, 16, 15, 17, 17, 18, 18, 19, 19, 20, 20, 21, 21, 22, 20, 23, 23, 24, 24, 25, 25, 26, 24, 27, 10, 5, 27, 18]","[1, 0, 2, 1, 3, 2, 4, 3, 5, 3, 6, 5, 7, 6, 8, 7, 9, 8, 10, 8, 11, 10, 12, 11, 13, 11, 14, 11, 15, 14, 16, 15, 17, 15, 18, 17, 19, 18, 20, 19, 21, 20, 22, 21, 23, 20, 24, 23, 25, 24, 26, 25, 27, 24, 5, 10, 18, 27]",-4.4561
28,58,"[1, 3, 1, 3, 1, 1, 4, 2, 2, 1, 1, 8, 3, 3, 2, 1, 3, 2, 1, 2, 1, 3, 1, 1, 1, 3, 1, 2]","[1, 1, 1, 1, 2, 2, 1, 1, 3, 3, 1, 1, 3, 3, 3, 3, 1, 1, 3, 3, 1, 1, 2, 2, 2, 2, 1, 1, 1, 1, 2, 2, 1, 1, 1, 1, 3, 3, 3, 3, 1, 1, 1, 1, 3, 3, 3, 3, 1, 1, 1, 1, 3, 3, 3, 3, 3, 3]","[0, 1, 1, 2, 2, 3, 2, 4, 4, 5, 5, 6, 5, 7, 7, 8, 8, 9, 8, 10, 10, 11, 11, 12, 11, 13, 11, 14, 14, 15, 15, 16, 15, 17, 17, 18, 18, 19, 19, 20, 20, 21, 21, 22, 20, 23, 23, 24, 24, 25, 25, 26, 24, 27, 10, 4, 27, 18]","[1, 0, 2, 1, 3, 2, 4, 2, 5, 4, 6, 5, 7, 5, 8, 7, 9, 8, 10, 8, 11, 10, 12, 11, 13, 11, 14, 11, 15, 14, 16, 15, 17, 15, 18, 17, 19, 18, 20, 19, 21, 20, 22, 21, 23, 20, 24, 23, 25, 24, 26, 25, 27, 24, 4, 10, 18, 27]",-4.4642
21,44,"[3, 1, 3, 1, 3, 2, 1, 1, 1, 1, 1, 1, 1, 3, 2, 1, 1, 1, 1, 1, 1]","[1, 1, 1, 1, 1, 1, 2, 2, 1, 1, 1, 1, 3, 3, 3, 3, 3, 3, 3, 3, 3, 3, 1, 1, 2, 2, 1, 1, 1, 1, 3, 3, 3, 3, 3, 3, 3, 3, 3, 3, 3, 3, 3, 3]","[0, 1, 1, 2, 1, 3, 3, 4, 3, 5, 5, 6, 6, 7, 7, 8, 8, 9, 9, 10, 10, 11, 1, 12, 12, 13, 12, 14, 14, 15, 15, 16, 16, 17, 17, 18, 18, 19, 19, 20, 11, 6, 20, 15]","[1, 0, 2, 1, 3, 1, 4, 3, 5, 3, 6, 5, 7, 6, 8, 7, 9, 8, 10, 9, 11, 10, 12, 1, 13, 12, 14, 12, 15, 14, 16, 15, 17, 16, 18, 17, 19, 18, 20, 19, 6, 11, 15, 20]",-2.4568
23,48,"[1, 1, 1, 1, 1, 2, 1, 3, 1, 3, 3, 1, 3, 2, 1, 1, 1, 1, 1, 1, 1, 1, 1]","[1, 1, 3, 3, 3, 3, 3, 3, 1, 1, 1, 1, 2, 2, 1, 1, 1, 1, 1, 1, 1, 1, 2, 2, 1, 1, 1, 1, 3, 3, 3, 3, 3, 3, 1, 1, 3, 3, 3, 3, 3, 3, 3, 3, 3, 3, 3, 3]","[0, 1, 1, 2, 2, 3, 3, 4, 4, 5, 5, 6, 6, 7, 6, 8, 8, 9, 8, 10, 8, 11, 11, 12, 11, 13, 13, 14, 14, 15, 15, 16, 16, 17, 17, 18, 17, 19, 19, 20, 4, 21, 21, 22, 22, 1, 20, 14]","[1, 0, 2, 1, 3, 2, 4, 3, 5, 4, 6, 5, 7, 6, 8, 6, 9, 8, 10, 8, 11, 8, 12, 11, 13, 11, 14, 13, 15, 14, 16, 15, 17, 16, 18, 17, 19, 17, 20, 19, 21, 4, 22, 21, 1, 22, 14, 20]",-3.1
17,36,"[3, 2, 3, 1, 1, 3, 1, 1, 1, 1, 3, 1, 1, 1, 1, 1, 1]","[1, 1, 2, 2, 1, 1, 1, 1, 2, 2, 1, 1, 1, 1, 1, 1, 1, 1, 2, 2, 1, 1, 3, 3, 3, 3, 3, 3, 3, 3, 3, 3, 1, 1, 3, 3]","[0, 1, 1, 2, 1, 3, 3, 4, 4, 5, 4, 6, 6, 7, 7, 8, 8, 9, 9, 10, 7, 11, 11, 12, 12, 13, 13, 14, 14, 15, 15, 16, 9, 3, 16, 11]","[1, 0, 2, 1, 3, 1, 4, 3, 5, 4, 6, 4, 7, 6, 8, 7, 9, 8, 10, 9, 11, 7, 12, 11, 13, 12, 14, 13, 15, 14, 16, 15, 3, 9, 11, 16]",-1.6688
14,30,"[3, 1, 1, 1, 3, 1, 1, 1, 1, 1, 1, 1, 1, 1]","[2, 2, 1, 1, 1, 1, 2, 2, 1, 1, 1, 1, 1, 1, 3, 3, 3, 3, 3, 3, 3, 3, 3, 3, 1, 1, 1, 1, 3, 3]","[0, 1, 1, 2, 2, 3, 3, 4, 3, 5, 5, 6, 6, 7, 7, 8, 8, 9, 9, 10, 10, 11, 11, 12, 6, 13, 13, 1, 12, 7]","[1, 0, 2, 1, 3, 2, 4, 3, 5, 3, 6, 5, 7, 6, 8, 7, 9, 8, 10, 9, 11, 10, 12, 11, 13, 6, 1, 13, 7, 12]",-2.51
12,26,"[1, 2, 1, 3, 2, 1, 1, 1, 2, 1, 3, 2]","[1, 1, 3, 3, 2, 2, 3, 3, 3, 3, 3, 3, 3, 3, 3, 3, 3, 3, 2, 2, 3, 3, 3, 3, 3, 3]","[0, 1, 1, 2, 2, 3, 2, 4, 4, 5, 5, 6, 6, 7, 7, 8, 8, 9, 9, 10, 9, 11, 7, 1, 11, 6]","[1, 0, 2, 1, 3, 2, 4, 2, 5, 4, 6, 5, 7, 6, 8, 7, 9, 8, 10, 9, 11, 9, 1, 7, 6, 11]",-0.794
11,24,"[3, 1, 2, 1, 1, 2, 1, 2, 1, 3, 2]","[2, 2, 3, 3, 3, 3, 3, 3, 3, 3, 3, 3, 3, 3, 3, 3, 2, 2, 3, 3, 3, 3, 3, 3]","[0, 1, 1, 2, 2, 3, 3, 4, 4, 5, 4, 6, 6, 7, 7, 8, 8, 9, 8, 10, 5, 1, 10, 3]","[1, 0, 2, 1, 3, 2, 4, 3, 5, 4, 6, 4, 7, 6, 8, 7, 9, 8, 10, 8, 1, 5, 3, 10]",-3.6
19,40,"[1, 1, 1, 1, 1, 2, 1, 2, 2, 1, 1, 1, 1, 1, 1, 1, 1, 1, 2]","[1, 1, 3, 3, 3, 3, 1, 1, 3, 3, 3, 3, 1, 1, 1, 1, 2, 2, 1, 1, 1, 1, 3, 3, 3, 3, 3, 3, 3, 3, 3, 3, 1, 1, 3, 3, 3, 3, 3, 3]","[0, 1, 1, 2, 2, 3, 3, 4, 3, 5, 5, 6, 6, 7, 7, 8, 8, 9, 9, 10, 9, 11, 11, 12, 12, 13, 13, 14, 14, 15, 15, 16, 16, 17, 6, 18, 18, 1, 16, 11]","[1, 0, 2, 1, 3, 2, 4, 3, 5, 3, 6, 5, 7, 6, 8, 7, 9, 8, 10, 9, 11, 9, 12, 11, 13, 12, 14, 13, 15, 14, 16, 15, 17, 16, 18, 6, 1, 18, 11, 16]",-3.1959
19,40,"[1, 1, 1, 1, 2, 1, 2, 2, 2, 1, 1, 1, 1, 1, 1, 1, 1, 1, 1]","[1, 1, 3, 3, 3, 3, 3, 3, 3, 3, 3, 3, 1, 1, 1, 1, 2, 2, 1, 1, 1, 1, 3, 3, 3, 3, 3, 3, 3, 3, 3, 3, 1, 1, 1, 1, 3, 3, 3, 3]","[0, 1, 1, 2, 2, 3, 3, 4, 4, 5, 5, 6, 5, 7, 7, 8, 8, 9, 9, 10, 9, 11, 11, 12, 12, 13, 13, 14, 14, 15, 15, 16, 16, 17, 3, 18, 6, 1, 16, 11]","[1, 0, 2, 1, 3, 2, 4, 3, 5, 4, 6, 5, 7, 5, 8, 7, 9, 8, 10, 9, 11, 9, 12, 11, 13, 12, 14, 13, 15, 14, 16, 15, 17, 16, 18, 3, 1, 6, 11, 16]",-3.2
28,60,"[1, 1, 3, 1, 1, 1, 1, 1, 1, 1, 1, 1, 1, 3, 1, 1, 1, 1, 1, 1, 3, 1, 1, 1, 1, 1, 1, 1]","[1, 1, 1, 1, 1, 1, 3, 3, 3, 3, 3, 3, 3, 3, 3, 3, 1, 1, 1, 1, 1, 1, 1, 1, 1, 1, 1, 1, 1, 1, 3, 3, 3, 3, 3, 3, 3, 3, 1, 1, 1, 1, 3, 3, 3, 3, 3, 3, 3, 3, 3, 3, 3, 3, 3, 3, 3, 3, 3, 3]","[0, 1, 1, 2, 2, 3, 3, 4, 4, 5, 5, 6, 6, 7, 7, 8, 6, 9, 9, 10, 9, 11, 9, 12, 12, 13, 13, 14, 14, 15, 15, 16, 16, 17, 17, 18, 18, 19, 19, 20, 20, 21, 21, 22, 22, 23, 23, 24, 24, 25, 25, 26, 19, 27, 8, 3, 27, 15, 26, 21]","[1, 0, 2, 1, 3, 2, 4, 3, 5, 4, 6, 5, 7, 6, 8, 7, 9, 6, 10, 9, 11, 9, 12, 9, 13, 12, 14, 13, 15, 14, 16, 15, 17, 16, 18, 17, 19, 18, 20, 19, 21, 20, 22, 21, 23, 22, 24, 23, 25, 24, 26, 25, 27, 19, 3, 8, 15, 27, 21, 26]",-8.5758
30,64,"[1, 1, 1, 1, 3, 1, 1, 1, 1, 1, 1, 3, 1, 1, 1, 1, 1, 1, 1, 1, 1, 1, 1, 3, 1, 6, 6, 0, 1, 1]","[1, 1, 1, 1, 1, 1, 1, 1, 1, 1, 1, 1, 3, 3, 3, 3, 3, 3, 3, 3, 1, 1, 1, 1, 3, 3, 3, 3, 3, 3, 3, 3, 3, 3, 3, 3, 1, 1, 3, 3, 3, 3, 3, 3, 1, 1, 1, 1, 1, 1, 1, 1, 1, 1, 3, 3, 3, 3, 3, 3, 3, 3, 3, 3]","[0, 1, 1, 2, 1, 3, 3, 4, 4, 5, 5, 6, 6, 7, 7, 8, 8, 9, 9, 10, 10, 11, 11, 12, 12, 13, 13, 14, 14, 15, 15, 16, 16, 17, 10, 18, 1, 19, 19, 20, 20, 21, 21, 22, 22, 23, 23, 24, 24, 25, 24, 26, 24, 27, 22, 28, 28, 29, 18, 6, 17, 12, 29, 19]","[1, 0, 2, 1, 3, 1, 4, 3, 5, 4, 6, 5, 7, 6, 8, 7, 9, 8, 10, 9, 11, 10, 12, 11, 13, 12, 14, 13, 15, 14, 16, 15, 17, 16, 18, 10, 19, 1, 20, 19, 21, 20, 22, 21, 23, 22, 24, 23, 25, 24, 26, 24, 27, 24, 28, 22, 29, 28, 6, 18, 12, 17, 19, 29]",-9.9799
25,52,"[1, 3, 1, 3, 1, 8, 1, 1, 1, 8, 3, 3, 2, 1, 3, 2, 1, 2, 1, 1, 2, 1, 3, 1, 2]","[1, 1, 1, 1, 2, 2, 1, 1, 3, 3, 3, 3, 3, 3, 3, 3, 1, 1, 2, 2, 2, 2, 1, 1, 1, 1, 2, 2, 1, 1, 1, 1, 3, 3, 3, 3, 1, 1, 3, 3, 3, 3, 1, 1, 1, 1, 3, 3, 3, 3, 3, 3]","[0, 1, 1, 2, 2, 3, 2, 4, 4, 5, 5, 6, 6, 7, 7, 8, 8, 9, 9, 10, 9, 11, 9, 12, 12, 13, 13, 14, 13, 15, 15, 16, 16, 17, 17, 18, 18, 19, 18, 20, 20, 21, 21, 22, 22, 23, 21, 24, 8, 4, 24, 16]","[1, 0, 2, 1, 3, 2, 4, 2, 5, 4, 6, 5, 7, 6, 8, 7, 9, 8, 10, 9, 11, 9, 12, 9, 13, 12, 14, 13, 15, 13, 16, 15, 17, 16, 18, 17, 19, 18, 20, 18, 21, 20, 22, 21, 23, 22, 24, 21, 4, 8, 16, 24]",-2.2379
26,54,"[1, 3, 1, 3, 1, 1, 1, 1, 8, 8, 3, 3, 2, 1, 3, 2, 1, 2, 1, 2, 1, 2, 3, 1, 3, 1]","[1, 1, 1, 1, 2, 2, 1, 1, 3, 3, 3, 3, 3, 3, 3, 3, 1, 1, 2, 2, 2, 2, 1, 1, 1, 1, 2, 2, 1, 1, 1, 1, 3, 3, 3, 3, 3, 3, 3, 3, 3, 3, 1, 1, 1, 1, 1, 1, 1, 1, 3, 3, 3, 3]","[0, 1, 1, 2, 2, 3, 2, 4, 4, 5, 5, 6, 6, 7, 7, 8, 5, 9, 9, 10, 9, 11, 9, 12, 12, 13, 13, 14, 13, 15, 15, 16, 16, 17, 17, 18, 18, 19, 19, 20, 20, 21, 20, 22, 22, 23, 18, 24, 24, 25, 8, 4, 21, 16]","[1, 0, 2, 1, 3, 2, 4, 2, 5, 4, 6, 5, 7, 6, 8, 7, 9, 5, 10, 9, 11, 9, 12, 9, 13, 12, 14, 13, 15, 13, 16, 15, 17, 16, 18, 17, 19, 18, 20, 19, 21, 20, 22, 20, 23, 22, 24, 18, 25, 24, 4, 8, 16, 21]",-3.19
23,50,"[1, 1, 1, 8, 1, 3, 2, 1, 3, 2, 1, 1, 1, 1, 1, 1, 1, 1, 1, 1, 4, 1, 1]","[1, 1, 1, 1, 1, 1, 1, 1, 2, 2, 1, 1, 1, 1, 2, 2, 1, 1, 1, 1, 1, 1, 1, 1, 1, 1, 1, 1, 1, 1, 1, 1, 3, 3, 3, 3, 3, 3, 1, 1, 3, 3, 3, 3, 1, 1, 1, 1, 3, 3]","[0, 1, 1, 2, 2, 3, 3, 4, 4, 5, 4, 6, 6, 7, 7, 8, 7, 9, 9, 10, 10, 11, 11, 12, 12, 13, 13, 14, 14, 15, 2, 16, 16, 17, 17, 18, 18, 19, 19, 20, 19, 21, 21, 22, 6, 1, 15, 10, 22, 16]","[1, 0, 2, 1, 3, 2, 4, 3, 5, 4, 6, 4, 7, 6, 8, 7, 9, 7, 10, 9, 11, 10, 12, 11, 13, 12, 14, 13, 15, 14, 16, 2, 17, 16, 18, 17, 19, 18, 20, 19, 21, 19, 22, 21, 1, 6, 10, 15, 16, 22]",-5.8487
23,50,"[1, 1, 1, 8, 1, 3, 2, 1, 3, 2, 1, 1, 1, 1, 1, 1, 1, 1, 1, 1, 4, 1, 1]","[1, 1, 1, 1, 1, 1, 1, 1, 2, 2, 1, 1, 1, 1, 2, 2, 1, 1, 1, 1, 1, 1, 1, 1, 1, 1, 1, 1, 1, 1, 1, 1, 3, 3, 3, 3, 3, 3, 1, 1, 3, 3, 3, 3, 1, 1, 1, 1, 3, 3]","[0, 1, 1, 2, 2, 3, 3, 4, 4, 5, 4, 6, 6, 7, 7, 8, 7, 9, 9, 10, 10, 11, 11, 12, 12, 13, 13, 14, 14, 15, 2, 16, 16, 17, 17, 18, 18, 19, 19, 20, 19, 21, 21, 22, 6, 1, 15, 10, 22, 16]","[1, 0, 2, 1, 3, 2, 4, 3, 5, 4, 6, 4, 7, 6, 8, 7, 9, 7, 10, 9, 11, 10, 12, 11, 13, 12, 14, 13, 15, 14, 16, 2, 17, 16, 18, 17, 19, 18, 20, 19, 21, 19, 22, 21, 1, 6, 10, 15, 16, 22]",-5.85
9,18,"[1, 1, 2, 1, 1, 3, 2, 1, 2]","[1, 1, 1, 1, 1, 1, 1, 1, 2, 2, 1, 1, 2, 2, 1, 1, 1, 1]","[0, 1, 1, 2, 2, 3, 3, 4, 4, 5, 4, 6, 6, 7, 7, 8, 7, 2]","[1, 0, 2, 1, 3, 2, 4, 3, 5, 4, 6, 4, 7, 6, 8, 7, 2, 7]",-0.165
8,16,"[1, 2, 1, 1, 3, 2, 1, 2]","[1, 1, 1, 1, 1, 1, 2, 2, 1, 1, 2, 2, 1, 1, 1, 1]","[0, 1, 1, 2, 2, 3, 3, 4, 3, 5, 5, 6, 6, 7, 6, 1]","[1, 0, 2, 1, 3, 2, 4, 3, 5, 3, 6, 5, 7, 6, 1, 6]",-0.1499
27,56,"[1, 1, 3, 1, 3, 1, 1, 1, 1, 1, 1, 1, 1, 1, 2, 1, 1, 1, 3, 2, 1, 1, 1, 1, 1, 3, 3]","[1, 1, 1, 1, 1, 1, 2, 2, 1, 1, 1, 1, 1, 1, 1, 1, 3, 3, 3, 3, 3, 3, 3, 3, 3, 3, 1, 1, 1, 1, 1, 1, 1, 1, 2, 2, 1, 1, 1, 1, 1, 1, 1, 1, 1, 1, 1, 1, 1, 1, 2, 2, 3, 3, 1, 1]","[0, 1, 1, 2, 2, 3, 3, 4, 3, 5, 5, 6, 6, 7, 7, 8, 8, 9, 9, 10, 10, 11, 11, 12, 12, 13, 5, 14, 14, 15, 15, 16, 15, 17, 17, 18, 17, 19, 19, 20, 20, 21, 21, 22, 22, 23, 23, 24, 24, 25, 24, 26, 13, 8, 23, 19]","[1, 0, 2, 1, 3, 2, 4, 3, 5, 3, 6, 5, 7, 6, 8, 7, 9, 8, 10, 9, 11, 10, 12, 11, 13, 12, 14, 5, 15, 14, 16, 15, 17, 15, 18, 17, 19, 17, 20, 19, 21, 20, 22, 21, 23, 22, 24, 23, 25, 24, 26, 24, 8, 13, 19, 23]",-1.3609
27,56,"[1, 1, 3, 1, 3, 1, 1, 1, 1, 1, 1, 1, 1, 1, 2, 1, 1, 1, 3, 2, 1, 1, 1, 1, 1, 3, 3]","[1, 1, 1, 1, 1, 1, 2, 2, 1, 1, 1, 1, 1, 1, 1, 1, 3, 3, 3, 3, 3, 3, 3, 3, 3, 3, 1, 1, 1, 1, 1, 1, 1, 1, 2, 2, 1, 1, 1, 1, 1, 1, 1, 1, 1, 1, 1, 1, 2, 2, 1, 1, 3, 3, 1, 1]","[0, 1, 1, 2, 2, 3, 3, 4, 3, 5, 5, 6, 6, 7, 7, 8, 8, 9, 9, 10, 10, 11, 11, 12, 12, 13, 5, 14, 14, 15, 15, 16, 15, 17, 17, 18, 17, 19, 19, 20, 20, 21, 21, 22, 22, 23, 23, 24, 24, 25, 24, 26, 13, 8, 23, 19]","[1, 0, 2, 1, 3, 2, 4, 3, 5, 3, 6, 5, 7, 6, 8, 7, 9, 8, 10, 9, 11, 10, 12, 11, 13, 12, 14, 5, 15, 14, 16, 15, 17, 15, 18, 17, 19, 17, 20, 19, 21, 20, 22, 21, 23, 22, 24, 23, 25, 24, 26, 24, 8, 13, 19, 23]",-1.18
20,44,"[4, 1, 1, 1, 1, 1, 1, 1, 2, 2, 1, 2, 2, 1, 1, 1, 1, 1, 1, 4]","[1, 1, 3, 3, 3, 3, 3, 3, 3, 3, 3, 3, 1, 1, 3, 3, 3, 3, 3, 3, 3, 3, 3, 3, 1, 1, 3, 3, 3, 3, 3, 3, 3, 3, 3, 3, 1, 1, 3, 3, 3, 3, 3, 3]","[0, 1, 1, 2, 2, 3, 3, 4, 4, 5, 5, 6, 6, 7, 7, 8, 8, 9, 9, 10, 10, 11, 11, 12, 10, 13, 13, 14, 14, 15, 15, 16, 16, 17, 17, 18, 18, 19, 6, 1, 12, 7, 18, 13]","[1, 0, 2, 1, 3, 2, 4, 3, 5, 4, 6, 5, 7, 6, 8, 7, 9, 8, 10, 9, 11, 10, 12, 11, 13, 10, 14, 13, 15, 14, 16, 15, 17, 16, 18, 17, 19, 18, 1, 6, 7, 12, 13, 18]",-5.4817
21,46,"[6, 1, 1, 1, 1, 1, 1, 6, 1, 2, 2, 1, 2, 2, 1, 1, 4, 1, 1, 1, 1]","[1, 1, 3, 3, 3, 3, 3, 3, 3, 3, 3, 3, 1, 1, 1, 1, 3, 3, 3, 3, 3, 3, 3, 3, 3, 3, 1, 1, 3, 3, 1, 1, 3, 3, 3, 3, 3, 3, 3, 3, 3, 3, 3, 3, 3, 3]","[0, 1, 1, 2, 2, 3, 3, 4, 4, 5, 5, 6, 3, 7, 2, 8, 8, 9, 9, 10, 10, 11, 11, 12, 12, 13, 11, 14, 14, 15, 15, 16, 15, 17, 17, 18, 18, 19, 19, 20, 6, 1, 13, 8, 20, 14]","[1, 0, 2, 1, 3, 2, 4, 3, 5, 4, 6, 5, 7, 3, 8, 2, 9, 8, 10, 9, 11, 10, 12, 11, 13, 12, 14, 11, 15, 14, 16, 15, 17, 15, 18, 17, 19, 18, 20, 19, 1, 6, 8, 13, 14, 20]",-6.12
27,58,"[1, 2, 2, 1, 1, 1, 1, 3, 1, 1, 1, 1, 4, 1, 1, 4, 1, 3, 1, 1, 3, 1, 1, 1, 1, 1, 1]","[1, 1, 3, 3, 3, 3, 1, 1, 3, 3, 1, 1, 2, 2, 1, 1, 3, 3, 3, 3, 3, 3, 1, 1, 3, 3, 3, 3, 1, 1, 3, 3, 1, 1, 1, 1, 1, 1, 2, 2, 1, 1, 3, 3, 3, 3, 3, 3, 3, 3, 3, 3, 3, 3, 3, 3, 3, 3]","[0, 1, 1, 2, 2, 3, 3, 4, 3, 5, 5, 6, 6, 7, 6, 8, 8, 9, 9, 10, 10, 11, 11, 12, 11, 13, 13, 14, 14, 15, 5, 16, 16, 17, 17, 18, 18, 19, 19, 20, 19, 21, 21, 22, 22, 23, 23, 24, 24, 25, 25, 26, 16, 1, 14, 8, 26, 21]","[1, 0, 2, 1, 3, 2, 4, 3, 5, 3, 6, 5, 7, 6, 8, 6, 9, 8, 10, 9, 11, 10, 12, 11, 13, 11, 14, 13, 15, 14, 16, 5, 17, 16, 18, 17, 19, 18, 20, 19, 21, 19, 22, 21, 23, 22, 24, 23, 25, 24, 26, 25, 1, 16, 8, 14, 21, 26]",-2.6514
29,62,"[1, 2, 2, 1, 1, 1, 1, 3, 1, 1, 1, 1, 4, 1, 1, 1, 4, 1, 3, 1, 1, 3, 1, 1, 1, 1, 1, 1, 1]","[1, 1, 3, 3, 3, 3, 1, 1, 3, 3, 1, 1, 2, 2, 1, 1, 3, 3, 3, 3, 3, 3, 1, 1, 3, 3, 1, 1, 3, 3, 1, 1, 3, 3, 1, 1, 1, 1, 1, 1, 2, 2, 1, 1, 3, 3, 3, 3, 3, 3, 1, 1, 3, 3, 3, 3, 3, 3, 3, 3, 3, 3]","[0, 1, 1, 2, 2, 3, 3, 4, 3, 5, 5, 6, 6, 7, 6, 8, 8, 9, 9, 10, 10, 11, 11, 12, 11, 13, 13, 14, 13, 15, 15, 16, 5, 17, 17, 18, 18, 19, 19, 20, 20, 21, 20, 22, 22, 23, 23, 24, 24, 25, 25, 26, 25, 27, 27, 28, 17, 1, 15, 8, 28, 22]","[1, 0, 2, 1, 3, 2, 4, 3, 5, 3, 6, 5, 7, 6, 8, 6, 9, 8, 10, 9, 11, 10, 12, 11, 13, 11, 14, 13, 15, 13, 16, 15, 17, 5, 18, 17, 19, 18, 20, 19, 21, 20, 22, 20, 23, 22, 24, 23, 25, 24, 26, 25, 27, 25, 28, 27, 1, 17, 8, 15, 22, 28]",-6.5209
22,46,"[1, 1, 1, 2, 1, 1, 1, 3, 1, 1, 1, 1, 1, 1, 1, 1, 1, 1, 1, 1, 1, 1]","[1, 1, 1, 1, 1, 1, 1, 1, 1, 1, 1, 1, 1, 1, 1, 1, 1, 1, 1, 1, 1, 1, 1, 1, 3, 3, 3, 3, 3, 3, 3, 3, 3, 3, 1, 1, 1, 1, 1, 1, 1, 1, 1, 1, 3, 3]","[0, 1, 1, 2, 2, 3, 3, 4, 4, 5, 5, 6, 5, 7, 7, 8, 8, 9, 8, 10, 1, 11, 11, 12, 12, 13, 13, 14, 14, 15, 15, 16, 16, 17, 15, 18, 18, 19, 18, 20, 18, 21, 10, 3, 17, 12]","[1, 0, 2, 1, 3, 2, 4, 3, 5, 4, 6, 5, 7, 5, 8, 7, 9, 8, 10, 8, 11, 1, 12, 11, 13, 12, 14, 13, 15, 14, 16, 15, 17, 16, 18, 15, 19, 18, 20, 18, 21, 18, 3, 10, 12, 17]",-2.4821
22,46,"[1, 1, 1, 2, 1, 1, 1, 3, 1, 1, 1, 1, 1, 1, 1, 1, 1, 1, 1, 1, 1, 1]","[1, 1, 1, 1, 1, 1, 1, 1, 1, 1, 1, 1, 1, 1, 1, 1, 1, 1, 1, 1, 1, 1, 1, 1, 3, 3, 3, 3, 3, 3, 3, 3, 3, 3, 1, 1, 1, 1, 1, 1, 1, 1, 1, 1, 3, 3]","[0, 1, 1, 2, 2, 3, 3, 4, 4, 5, 5, 6, 5, 7, 7, 8, 8, 9, 8, 10, 1, 11, 11, 12, 12, 13, 13, 14, 14, 15, 15, 16, 16, 17, 15, 18, 18, 19, 18, 20, 18, 21, 10, 3, 17, 12]","[1, 0, 2, 1, 3, 2, 4, 3, 5, 4, 6, 5, 7, 5, 8, 7, 9, 8, 10, 8, 11, 1, 12, 11, 13, 12, 14, 13, 15, 14, 16, 15, 17, 16, 18, 15, 19, 18, 20, 18, 21, 18, 3, 10, 12, 17]",-4.8487
22,48,"[3, 1, 1, 1, 1, 1, 4, 1, 1, 1, 1, 2, 1, 2, 1, 1, 1, 1, 1, 1, 1, 4]","[1, 1, 1, 1, 3, 3, 3, 3, 3, 3, 1, 1, 3, 3, 3, 3, 1, 1, 3, 3, 3, 3, 3, 3, 3, 3, 3, 3, 1, 1, 3, 3, 3, 3, 3, 3, 3, 3, 3, 3, 1, 1, 3, 3, 3, 3, 3, 3]","[0, 1, 1, 2, 2, 3, 3, 4, 4, 5, 5, 6, 5, 7, 7, 8, 1, 9, 9, 10, 10, 11, 11, 12, 12, 13, 13, 14, 1, 15, 15, 16, 16, 17, 17, 18, 18, 19, 19, 20, 20, 21, 8, 2, 14, 9, 20, 15]","[1, 0, 2, 1, 3, 2, 4, 3, 5, 4, 6, 5, 7, 5, 8, 7, 9, 1, 10, 9, 11, 10, 12, 11, 13, 12, 14, 13, 15, 1, 16, 15, 17, 16, 18, 17, 19, 18, 20, 19, 21, 20, 2, 8, 9, 14, 15, 20]",-4.374
22,48,"[3, 1, 1, 1, 1, 1, 6, 1, 1, 1, 1, 2, 1, 2, 1, 1, 1, 1, 1, 1, 1, 4]","[1, 1, 1, 1, 3, 3, 3, 3, 3, 3, 1, 1, 3, 3, 3, 3, 1, 1, 3, 3, 3, 3, 3, 3, 3, 3, 3, 3, 1, 1, 3, 3, 3, 3, 3, 3, 3, 3, 3, 3, 1, 1, 3, 3, 3, 3, 3, 3]","[0, 1, 1, 2, 2, 3, 3, 4, 4, 5, 5, 6, 5, 7, 7, 8, 1, 9, 9, 10, 10, 11, 11, 12, 12, 13, 13, 14, 1, 15, 15, 16, 16, 17, 17, 18, 18, 19, 19, 20, 20, 21, 8, 2, 14, 9, 20, 15]","[1, 0, 2, 1, 3, 2, 4, 3, 5, 4, 6, 5, 7, 5, 8, 7, 9, 1, 10, 9, 11, 10, 12, 11, 13, 12, 14, 13, 15, 1, 16, 15, 17, 16, 18, 17, 19, 18, 20, 19, 21, 20, 2, 8, 9, 14, 15, 20]",-4.083
15,32,"[1, 1, 1, 1, 1, 2, 1, 2, 1, 1, 1, 1, 1, 1, 2]","[1, 1, 3, 3, 3, 3, 1, 1, 3, 3, 3, 3, 1, 1, 1, 1, 3, 3, 3, 3, 3, 3, 3, 3, 3, 3, 3, 3, 3, 3, 3, 3]","[0, 1, 1, 2, 2, 3, 3, 4, 3, 5, 5, 6, 6, 7, 7, 8, 8, 9, 9, 10, 10, 11, 11, 12, 12, 13, 6, 14, 14, 1, 13, 8]","[1, 0, 2, 1, 3, 2, 4, 3, 5, 3, 6, 5, 7, 6, 8, 7, 9, 8, 10, 9, 11, 10, 12, 11, 13, 12, 14, 6, 1, 14, 8, 13]",-3.2166
17,36,"[1, 1, 1, 1, 2, 1, 2, 1, 1, 1, 2, 1, 1, 1, 1, 1, 1]","[1, 1, 4, 4, 1, 1, 3, 3, 3, 3, 3, 3, 3, 3, 3, 3, 1, 1, 1, 1, 1, 1, 3, 3, 3, 3, 3, 3, 3, 3, 3, 3, 3, 3, 3, 3]","[0, 1, 1, 2, 2, 3, 3, 4, 4, 5, 5, 6, 6, 7, 7, 8, 7, 9, 5, 10, 10, 11, 11, 12, 12, 13, 13, 14, 14, 15, 15, 16, 8, 3, 16, 11]","[1, 0, 2, 1, 3, 2, 4, 3, 5, 4, 6, 5, 7, 6, 8, 7, 9, 7, 10, 5, 11, 10, 12, 11, 13, 12, 14, 13, 15, 14, 16, 15, 3, 8, 11, 16]",-4.6
20,42,"[1, 1, 1, 1, 1, 2, 1, 3, 2, 1, 1, 1, 1, 1, 1, 1, 1, 1, 1, 1]","[1, 1, 3, 3, 3, 3, 3, 3, 1, 1, 1, 1, 2, 2, 1, 1, 1, 1, 1, 1, 1, 1, 1, 1, 3, 3, 3, 3, 3, 3, 3, 3, 3, 3, 3, 3, 3, 3, 3, 3, 3, 3]","[0, 1, 1, 2, 2, 3, 3, 4, 4, 5, 5, 6, 6, 7, 6, 8, 8, 9, 9, 10, 9, 11, 9, 12, 12, 13, 13, 14, 14, 15, 15, 16, 16, 17, 4, 18, 18, 19, 19, 1, 17, 12]","[1, 0, 2, 1, 3, 2, 4, 3, 5, 4, 6, 5, 7, 6, 8, 6, 9, 8, 10, 9, 11, 9, 12, 9, 13, 12, 14, 13, 15, 14, 16, 15, 17, 16, 18, 4, 19, 18, 1, 19, 12, 17]",-5.3495
20,42,"[1, 2, 1, 3, 2, 1, 1, 1, 1, 1, 1, 1, 1, 1, 1, 1, 1, 1, 1, 1]","[1, 1, 1, 1, 2, 2, 1, 1, 1, 1, 1, 1, 1, 1, 1, 1, 3, 3, 3, 3, 3, 3, 3, 3, 3, 3, 1, 1, 3, 3, 3, 3, 3, 3, 3, 3, 3, 3, 3, 3, 3, 3]","[0, 1, 1, 2, 2, 3, 2, 4, 4, 5, 5, 6, 5, 7, 5, 8, 8, 9, 9, 10, 10, 11, 11, 12, 12, 13, 1, 14, 14, 15, 15, 16, 16, 17, 17, 18, 18, 19, 13, 8, 19, 14]","[1, 0, 2, 1, 3, 2, 4, 2, 5, 4, 6, 5, 7, 5, 8, 5, 9, 8, 10, 9, 11, 10, 12, 11, 13, 12, 14, 1, 15, 14, 16, 15, 17, 16, 18, 17, 19, 18, 8, 13, 14, 19]",-3.3495
21,44,"[1, 1, 1, 1, 2, 1, 1, 3, 1, 3, 1, 1, 1, 1, 1, 1, 1, 1, 1, 1, 1]","[1, 1, 1, 1, 1, 1, 1, 1, 1, 1, 1, 1, 1, 1, 1, 1, 1, 1, 1, 1, 3, 3, 3, 3, 3, 3, 3, 3, 3, 3, 1, 1, 1, 1, 1, 1, 1, 1, 1, 1, 3, 3, 1, 1]","[0, 1, 1, 2, 1, 3, 1, 4, 4, 5, 5, 6, 6, 7, 6, 8, 8, 9, 9, 10, 10, 11, 11, 12, 12, 13, 13, 14, 14, 15, 15, 16, 16, 17, 17, 18, 18, 19, 19, 20, 15, 10, 20, 16]","[1, 0, 2, 1, 3, 1, 4, 1, 5, 4, 6, 5, 7, 6, 8, 6, 9, 8, 10, 9, 11, 10, 12, 11, 13, 12, 14, 13, 15, 14, 16, 15, 17, 16, 18, 17, 19, 18, 20, 19, 10, 15, 16, 20]",-1.6195
21,44,"[1, 1, 1, 1, 2, 1, 1, 3, 1, 3, 1, 1, 1, 1, 1, 1, 1, 1, 1, 1, 1]","[1, 1, 1, 1, 1, 1, 1, 1, 1, 1, 1, 1, 1, 1, 1, 1, 1, 1, 1, 1, 3, 3, 3, 3, 3, 3, 3, 3, 3, 3, 1, 1, 1, 1, 1, 1, 1, 1, 1, 1, 3, 3, 1, 1]","[0, 1, 1, 2, 1, 3, 1, 4, 4, 5, 5, 6, 6, 7, 6, 8, 8, 9, 9, 10, 10, 11, 11, 12, 12, 13, 13, 14, 14, 15, 11, 16, 16, 17, 17, 18, 18, 19, 19, 20, 15, 10, 20, 16]","[1, 0, 2, 1, 3, 1, 4, 1, 5, 4, 6, 5, 7, 6, 8, 6, 9, 8, 10, 9, 11, 10, 12, 11, 13, 12, 14, 13, 15, 14, 16, 11, 17, 16, 18, 17, 19, 18, 20, 19, 10, 15, 16, 20]",-1.84
19,42,"[4, 1, 1, 4, 1, 4, 1, 1, 3, 8, 3, 3, 1, 1, 1, 4, 1, 4, 4]","[1, 1, 2, 2, 1, 1, 1, 1, 1, 1, 1, 1, 1, 1, 1, 1, 1, 1, 2, 2, 1, 1, 1, 1, 1, 1, 1, 1, 1, 1, 1, 1, 1, 1, 1, 1, 1, 1, 1, 1, 1, 1]","[0, 1, 1, 2, 2, 3, 2, 4, 4, 5, 4, 6, 6, 7, 7, 8, 8, 9, 9, 10, 9, 11, 11, 12, 12, 13, 13, 14, 14, 15, 14, 16, 16, 17, 16, 18, 14, 1, 16, 4, 13, 6]","[1, 0, 2, 1, 3, 2, 4, 2, 5, 4, 6, 4, 7, 6, 8, 7, 9, 8, 10, 9, 11, 9, 12, 11, 13, 12, 14, 13, 15, 14, 16, 14, 17, 16, 18, 16, 1, 14, 4, 16, 6, 13]",-5.9563
19,42,"[4, 1, 1, 4, 1, 4, 1, 1, 3, 8, 3, 3, 1, 1, 1, 4, 1, 4, 4]","[1, 1, 2, 2, 1, 1, 1, 1, 1, 1, 1, 1, 1, 1, 1, 1, 1, 1, 2, 2, 1, 1, 1, 1, 1, 1, 1, 1, 1, 1, 1, 1, 1, 1, 1, 1, 1, 1, 1, 1, 1, 1]","[0, 1, 1, 2, 2, 3, 2, 4, 4, 5, 4, 6, 6, 7, 7, 8, 8, 9, 9, 10, 9, 11, 11, 12, 12, 13, 13, 14, 14, 15, 14, 16, 16, 17, 16, 18, 14, 1, 16, 4, 13, 6]","[1, 0, 2, 1, 3, 2, 4, 2, 5, 4, 6, 4, 7, 6, 8, 7, 9, 8, 10, 9, 11, 9, 12, 11, 13, 12, 14, 13, 15, 14, 16, 14, 17, 16, 18, 16, 1, 14, 4, 16, 6, 13]",-5.9019
14,28,"[1, 2, 1, 3, 3, 2, 1, 1, 1, 8, 1, 1, 1, 8]","[1, 1, 1, 1, 2, 2, 1, 1, 1, 1, 2, 2, 1, 1, 1, 1, 1, 1, 1, 1, 1, 1, 1, 1, 1, 1, 1, 1]","[0, 1, 1, 2, 2, 3, 2, 4, 4, 5, 5, 6, 6, 7, 7, 8, 7, 9, 9, 10, 10, 11, 11, 12, 11, 13, 13, 7]","[1, 0, 2, 1, 3, 2, 4, 2, 5, 4, 6, 5, 7, 6, 8, 7, 9, 7, 10, 9, 11, 10, 12, 11, 13, 11, 7, 13]",-2.3698
12,24,"[1, 1, 1, 8, 1, 1, 1, 3, 1, 2, 3, 8]","[1, 1, 1, 1, 1, 1, 1, 1, 1, 1, 1, 1, 1, 1, 1, 1, 1, 1, 2, 2, 1, 1, 1, 1]","[0, 1, 1, 2, 1, 3, 3, 4, 4, 5, 5, 6, 6, 7, 7, 8, 8, 9, 8, 10, 5, 11, 11, 1]","[1, 0, 2, 1, 3, 1, 4, 3, 5, 4, 6, 5, 7, 6, 8, 7, 9, 8, 10, 8, 11, 5, 1, 11]",-2.22
20,42,"[1, 1, 3, 7, 8, 3, 1, 1, 3, 1, 2, 1, 2, 2, 1, 1, 1, 1, 1, 1]","[1, 1, 1, 1, 1, 1, 2, 2, 1, 1, 1, 1, 1, 1, 1, 1, 1, 1, 3, 3, 3, 3, 3, 3, 3, 3, 1, 1, 3, 3, 3, 3, 3, 3, 3, 3, 3, 3, 3, 3, 3, 3]","[0, 1, 1, 2, 2, 3, 3, 4, 3, 5, 5, 6, 6, 7, 3, 8, 8, 9, 9, 10, 10, 11, 11, 12, 12, 13, 12, 14, 14, 15, 15, 16, 16, 17, 17, 18, 18, 19, 13, 9, 19, 14]","[1, 0, 2, 1, 3, 2, 4, 3, 5, 3, 6, 5, 7, 6, 8, 3, 9, 8, 10, 9, 11, 10, 12, 11, 13, 12, 14, 12, 15, 14, 16, 15, 17, 16, 18, 17, 19, 18, 9, 13, 14, 19]",-3.9049
22,46,"[1, 1, 3, 1, 3, 1, 2, 2, 1, 1, 1, 1, 4, 1, 1, 4, 1, 2, 1, 4, 4, 4]","[1, 1, 1, 1, 1, 1, 2, 2, 1, 1, 3, 3, 3, 3, 1, 1, 3, 3, 3, 3, 3, 3, 1, 1, 3, 3, 3, 3, 1, 1, 3, 3, 3, 3, 1, 1, 1, 1, 1, 1, 1, 1, 3, 3, 3, 3]","[0, 1, 1, 2, 2, 3, 3, 4, 3, 5, 5, 6, 6, 7, 7, 8, 8, 9, 9, 10, 10, 11, 11, 12, 11, 13, 13, 14, 14, 15, 7, 16, 16, 17, 16, 18, 18, 19, 18, 20, 18, 21, 17, 5, 14, 8]","[1, 0, 2, 1, 3, 2, 4, 3, 5, 3, 6, 5, 7, 6, 8, 7, 9, 8, 10, 9, 11, 10, 12, 11, 13, 11, 14, 13, 15, 14, 16, 7, 17, 16, 18, 16, 19, 18, 20, 18, 21, 18, 5, 17, 8, 14]",-5.6516
15,32,"[1, 3, 7, 3, 3, 1, 3, 1, 1, 4, 1, 1, 1, 1, 1]","[1, 1, 1, 1, 2, 2, 1, 1, 1, 1, 1, 1, 1, 1, 2, 2, 1, 1, 1, 1, 1, 1, 2, 2, 1, 1, 1, 1, 1, 1, 1, 1]","[0, 1, 1, 2, 2, 3, 2, 4, 4, 5, 2, 6, 6, 7, 7, 8, 8, 9, 8, 10, 10, 11, 11, 12, 12, 13, 13, 14, 14, 7, 14, 10]","[1, 0, 2, 1, 3, 2, 4, 2, 5, 4, 6, 2, 7, 6, 8, 7, 9, 8, 10, 8, 11, 10, 12, 11, 13, 12, 14, 13, 7, 14, 10, 14]",-2.0011
15,32,"[1, 3, 7, 3, 3, 1, 3, 1, 1, 4, 1, 1, 1, 1, 1]","[1, 1, 1, 1, 2, 2, 1, 1, 1, 1, 1, 1, 1, 1, 2, 2, 1, 1, 1, 1, 1, 1, 1, 1, 2, 2, 1, 1, 1, 1, 1, 1]","[0, 1, 1, 2, 2, 3, 2, 4, 4, 5, 2, 6, 6, 7, 7, 8, 8, 9, 8, 10, 10, 11, 11, 12, 12, 13, 13, 14, 14, 7, 14, 11]","[1, 0, 2, 1, 3, 2, 4, 2, 5, 4, 6, 2, 7, 6, 8, 7, 9, 8, 10, 8, 11, 10, 12, 11, 13, 12, 14, 13, 7, 14, 11, 14]",-2.0566
15,32,"[1, 1, 1, 2, 1, 2, 1, 4, 2, 1, 2, 1, 1, 1, 2]","[1, 1, 1, 1, 1, 1, 1, 1, 3, 3, 3, 3, 1, 1, 3, 3, 3, 3, 1, 1, 1, 1, 1, 1, 1, 1, 3, 3, 3, 3, 1, 1]","[0, 1, 1, 2, 1, 3, 3, 4, 4, 5, 5, 6, 6, 7, 6, 8, 8, 9, 9, 10, 10, 11, 11, 12, 12, 13, 9, 14, 14, 4, 13, 11]","[1, 0, 2, 1, 3, 1, 4, 3, 5, 4, 6, 5, 7, 6, 8, 6, 9, 8, 10, 9, 11, 10, 12, 11, 13, 12, 14, 9, 4, 14, 11, 13]",-3.5185
12,26,"[2, 1, 2, 1, 2, 2, 1, 2, 1, 1, 1, 2]","[1, 1, 3, 3, 3, 3, 1, 1, 3, 3, 3, 3, 1, 1, 1, 1, 1, 1, 1, 1, 3, 3, 3, 3, 1, 1]","[0, 1, 1, 2, 2, 3, 3, 4, 3, 5, 5, 6, 6, 7, 7, 8, 8, 9, 9, 10, 6, 11, 11, 1, 10, 8]","[1, 0, 2, 1, 3, 2, 4, 3, 5, 3, 6, 5, 7, 6, 8, 7, 9, 8, 10, 9, 11, 6, 1, 11, 8, 10]",-1.179
35,72,"[2, 1, 1, 3, 1, 3, 1, 3, 1, 2, 3, 1, 3, 2, 1, 1, 3, 1, 1, 3, 1, 3, 2, 1, 1, 1, 3, 1, 3, 2, 1, 3, 1, 3, 3]","[1, 1, 1, 1, 1, 1, 1, 1, 1, 1, 1, 1, 1, 1, 1, 1, 1, 1, 2, 2, 1, 1, 2, 2, 1, 1, 1, 1, 1, 1, 1, 1, 1, 1, 1, 1, 1, 1, 1, 1, 1, 1, 1, 1, 3, 3, 3, 3, 1, 1, 1, 1, 3, 3, 2, 2, 3, 3, 3, 3, 2, 2, 1, 1, 1, 1, 2, 2, 1, 1, 3, 3]","[0, 1, 1, 2, 2, 3, 2, 4, 4, 5, 4, 6, 6, 7, 7, 8, 8, 9, 8, 10, 1, 11, 11, 12, 11, 13, 13, 14, 14, 15, 15, 16, 16, 17, 17, 18, 18, 19, 18, 20, 20, 21, 17, 22, 22, 23, 23, 24, 24, 25, 25, 26, 24, 27, 27, 28, 27, 29, 29, 30, 30, 31, 14, 32, 32, 33, 32, 34, 20, 15, 30, 22]","[1, 0, 2, 1, 3, 2, 4, 2, 5, 4, 6, 4, 7, 6, 8, 7, 9, 8, 10, 8, 11, 1, 12, 11, 13, 11, 14, 13, 15, 14, 16, 15, 17, 16, 18, 17, 19, 18, 20, 18, 21, 20, 22, 17, 23, 22, 24, 23, 25, 24, 26, 25, 27, 24, 28, 27, 29, 27, 30, 29, 31, 30, 32, 14, 33, 32, 34, 32, 15, 20, 22, 30]",0.2946
19,40,"[1, 1, 1, 2, 1, 1, 1, 2, 2, 2, 1, 1, 3, 3, 1, 3, 2, 1, 3]","[1, 1, 3, 3, 3, 3, 1, 1, 1, 1, 1, 1, 1, 1, 2, 2, 2, 2, 1, 1, 1, 1, 1, 1, 1, 1, 3, 3, 2, 2, 3, 3, 3, 3, 2, 2, 3, 3, 1, 1]","[0, 1, 1, 2, 2, 3, 3, 4, 4, 5, 5, 6, 6, 7, 7, 8, 8, 9, 6, 10, 10, 11, 11, 12, 10, 13, 3, 14, 14, 15, 14, 16, 16, 17, 17, 18, 17, 1, 13, 4]","[1, 0, 2, 1, 3, 2, 4, 3, 5, 4, 6, 5, 7, 6, 8, 7, 9, 8, 10, 6, 11, 10, 12, 11, 13, 10, 14, 3, 15, 14, 16, 14, 17, 16, 18, 17, 1, 17, 4, 13]",-1.1221
11,24,"[3, 1, 1, 1, 1, 1, 1, 1, 2, 2, 1]","[1, 1, 3, 3, 3, 3, 3, 3, 3, 3, 3, 3, 3, 3, 3, 3, 3, 3, 3, 3, 3, 3, 3, 3]","[0, 1, 1, 2, 2, 3, 3, 4, 4, 5, 5, 6, 6, 7, 7, 8, 8, 9, 9, 10, 10, 1, 10, 5]","[1, 0, 2, 1, 3, 2, 4, 3, 5, 4, 6, 5, 7, 6, 8, 7, 9, 8, 10, 9, 1, 10, 5, 10]",-2.4089
12,26,"[1, 1, 1, 2, 2, 1, 1, 3, 1, 1, 1, 1]","[1, 1, 3, 3, 3, 3, 3, 3, 3, 3, 3, 3, 1, 1, 3, 3, 3, 3, 3, 3, 3, 3, 3, 3, 3, 3]","[0, 1, 1, 2, 2, 3, 3, 4, 4, 5, 5, 6, 6, 7, 6, 8, 8, 9, 9, 10, 10, 11, 11, 1, 11, 5]","[1, 0, 2, 1, 3, 2, 4, 3, 5, 4, 6, 5, 7, 6, 8, 6, 9, 8, 10, 9, 11, 10, 1, 11, 5, 11]",-2.6783
16,34,"[1, 2, 1, 3, 3, 2, 1, 1, 4, 1, 1, 1, 1, 2, 1, 1]","[1, 1, 1, 1, 2, 2, 1, 1, 1, 1, 2, 2, 1, 1, 1, 1, 1, 1, 1, 1, 1, 1, 1, 1, 4, 4, 1, 1, 1, 1, 1, 1, 1, 1]","[0, 1, 1, 2, 2, 3, 2, 4, 4, 5, 5, 6, 6, 7, 7, 8, 7, 9, 9, 10, 10, 11, 11, 12, 12, 13, 11, 14, 14, 15, 14, 6, 15, 9]","[1, 0, 2, 1, 3, 2, 4, 2, 5, 4, 6, 5, 7, 6, 8, 7, 9, 7, 10, 9, 11, 10, 12, 11, 13, 12, 14, 11, 15, 14, 6, 14, 9, 15]",-2.0822
16,34,"[1, 2, 1, 3, 3, 2, 1, 1, 1, 1, 1, 2, 1, 1, 1, 4]","[1, 1, 1, 1, 2, 2, 1, 1, 1, 1, 2, 2, 1, 1, 1, 1, 1, 1, 1, 1, 4, 4, 1, 1, 1, 1, 1, 1, 1, 1, 1, 1, 1, 1]","[0, 1, 1, 2, 2, 3, 2, 4, 4, 5, 5, 6, 6, 7, 7, 8, 7, 9, 9, 10, 10, 11, 9, 12, 12, 13, 13, 14, 14, 15, 14, 6, 13, 8]","[1, 0, 2, 1, 3, 2, 4, 2, 5, 4, 6, 5, 7, 6, 8, 7, 9, 7, 10, 9, 11, 10, 12, 9, 13, 12, 14, 13, 15, 14, 6, 14, 8, 13]",-2.08
15,32,"[3, 2, 1, 3, 1, 3, 1, 1, 1, 1, 1, 1, 1, 1, 1]","[1, 1, 1, 1, 2, 2, 1, 1, 3, 3, 3, 3, 3, 3, 3, 3, 1, 1, 3, 3, 3, 3, 3, 3, 3, 3, 3, 3, 3, 3, 3, 3]","[0, 1, 1, 2, 2, 3, 2, 4, 4, 5, 5, 6, 6, 7, 7, 8, 1, 9, 9, 10, 10, 11, 11, 12, 12, 13, 13, 14, 8, 4, 14, 9]","[1, 0, 2, 1, 3, 2, 4, 2, 5, 4, 6, 5, 7, 6, 8, 7, 9, 1, 10, 9, 11, 10, 12, 11, 13, 12, 14, 13, 4, 8, 9, 14]",-3.194
22,46,"[1, 3, 1, 3, 1, 1, 2, 1, 3, 1, 3, 1, 1, 1, 1, 1, 1, 1, 1, 1, 1, 1]","[1, 1, 1, 1, 2, 2, 1, 1, 1, 1, 1, 1, 1, 1, 2, 2, 1, 1, 3, 3, 3, 3, 3, 3, 3, 3, 1, 1, 3, 3, 1, 1, 3, 3, 3, 3, 3, 3, 3, 3, 1, 1, 3, 3, 3, 3]","[0, 1, 1, 2, 2, 3, 2, 4, 4, 5, 4, 6, 6, 7, 7, 8, 7, 9, 9, 10, 10, 11, 11, 12, 12, 13, 6, 14, 14, 15, 15, 16, 15, 17, 17, 18, 18, 19, 19, 20, 20, 21, 13, 9, 20, 14]","[1, 0, 2, 1, 3, 2, 4, 2, 5, 4, 6, 4, 7, 6, 8, 7, 9, 7, 10, 9, 11, 10, 12, 11, 13, 12, 14, 6, 15, 14, 16, 15, 17, 15, 18, 17, 19, 18, 20, 19, 21, 20, 9, 13, 14, 20]",-3.1173
13,28,"[1, 1, 1, 1, 1, 3, 2, 1, 1, 1, 1, 1, 1]","[1, 1, 1, 1, 1, 1, 1, 1, 2, 2, 1, 1, 1, 1, 3, 3, 3, 3, 3, 3, 3, 3, 3, 3, 1, 1, 3, 3]","[0, 1, 1, 2, 2, 3, 3, 4, 4, 5, 4, 6, 6, 7, 7, 8, 8, 9, 9, 10, 10, 11, 11, 12, 6, 1, 12, 7]","[1, 0, 2, 1, 3, 2, 4, 3, 5, 4, 6, 4, 7, 6, 8, 7, 9, 8, 10, 9, 11, 10, 12, 11, 1, 6, 7, 12]",-0.8457
19,40,"[6, 1, 6, 6, 1, 1, 1, 1, 1, 1, 2, 1, 1, 1, 4, 1, 4, 1, 3]","[1, 1, 1, 1, 1, 1, 1, 1, 3, 3, 3, 3, 3, 3, 3, 3, 3, 3, 1, 1, 1, 1, 1, 1, 1, 1, 1, 1, 1, 1, 1, 1, 1, 1, 2, 2, 3, 3, 1, 1]","[0, 1, 1, 2, 1, 3, 1, 4, 4, 5, 5, 6, 6, 7, 7, 8, 8, 9, 8, 10, 10, 11, 11, 12, 12, 13, 13, 14, 12, 15, 15, 16, 15, 17, 17, 18, 9, 4, 17, 10]","[1, 0, 2, 1, 3, 1, 4, 1, 5, 4, 6, 5, 7, 6, 8, 7, 9, 8, 10, 8, 11, 10, 12, 11, 13, 12, 14, 13, 15, 12, 16, 15, 17, 15, 18, 17, 4, 9, 10, 17]",-4.05
13,28,"[1, 1, 1, 1, 1, 2, 1, 3, 1, 3, 2, 1, 1]","[1, 1, 3, 3, 3, 3, 3, 3, 3, 3, 3, 3, 2, 2, 3, 3, 2, 2, 3, 3, 3, 3, 3, 3, 3, 3, 3, 3]","[0, 1, 1, 2, 2, 3, 3, 4, 4, 5, 5, 6, 6, 7, 6, 8, 8, 9, 8, 10, 10, 11, 11, 12, 12, 1, 11, 4]","[1, 0, 2, 1, 3, 2, 4, 3, 5, 4, 6, 5, 7, 6, 8, 6, 9, 8, 10, 8, 11, 10, 12, 11, 1, 12, 4, 11]",-3.0418
12,26,"[3, 1, 2, 1, 1, 1, 1, 1, 1, 2, 1, 3]","[2, 2, 3, 3, 3, 3, 3, 3, 3, 3, 3, 3, 3, 3, 3, 3, 3, 3, 3, 3, 2, 2, 3, 3, 3, 3]","[0, 1, 1, 2, 2, 3, 3, 4, 4, 5, 5, 6, 6, 7, 7, 8, 8, 9, 9, 10, 10, 11, 10, 1, 8, 3]","[1, 0, 2, 1, 3, 2, 4, 3, 5, 4, 6, 5, 7, 6, 8, 7, 9, 8, 10, 9, 11, 10, 1, 10, 3, 8]",-2.812
11,24,"[3, 1, 1, 3, 1, 1, 1, 1, 1, 1, 2]","[2, 2, 1, 1, 1, 1, 1, 1, 3, 3, 3, 3, 3, 3, 3, 3, 3, 3, 1, 1, 1, 1, 3, 3]","[0, 1, 1, 2, 2, 3, 3, 4, 4, 5, 5, 6, 6, 7, 7, 8, 8, 9, 9, 10, 10, 1, 9, 4]","[1, 0, 2, 1, 3, 2, 4, 3, 5, 4, 6, 5, 7, 6, 8, 7, 9, 8, 10, 9, 1, 10, 4, 9]",-2.5716
12,26,"[1, 2, 1, 3, 1, 3, 1, 1, 1, 1, 1, 1]","[1, 1, 1, 1, 2, 2, 1, 1, 1, 1, 1, 1, 3, 3, 3, 3, 3, 3, 3, 3, 3, 3, 1, 1, 3, 3]","[0, 1, 1, 2, 2, 3, 2, 4, 4, 5, 5, 6, 6, 7, 7, 8, 8, 9, 9, 10, 10, 11, 11, 1, 11, 6]","[1, 0, 2, 1, 3, 2, 4, 2, 5, 4, 6, 5, 7, 6, 8, 7, 9, 8, 10, 9, 11, 10, 1, 11, 6, 11]",-2.1445
15,32,"[3, 1, 3, 1, 2, 1, 3, 8, 1, 1, 1, 1, 1, 4, 1]","[1, 1, 2, 2, 1, 1, 1, 1, 3, 3, 2, 2, 3, 3, 3, 3, 3, 3, 3, 3, 3, 3, 3, 3, 1, 1, 3, 3, 3, 3, 3, 3]","[0, 1, 1, 2, 1, 3, 3, 4, 4, 5, 5, 6, 5, 7, 7, 8, 8, 9, 9, 10, 10, 11, 11, 12, 12, 13, 12, 14, 14, 4, 14, 8]","[1, 0, 2, 1, 3, 1, 4, 3, 5, 4, 6, 5, 7, 5, 8, 7, 9, 8, 10, 9, 11, 10, 12, 11, 13, 12, 14, 12, 4, 14, 8, 14]",-2.6087
17,36,"[1, 1, 3, 1, 3, 1, 2, 1, 3, 8, 1, 1, 1, 1, 1, 4, 1]","[1, 1, 1, 1, 1, 1, 2, 2, 1, 1, 1, 1, 3, 3, 2, 2, 3, 3, 3, 3, 3, 3, 3, 3, 3, 3, 3, 3, 1, 1, 3, 3, 3, 3, 3, 3]","[0, 1, 1, 2, 2, 3, 3, 4, 3, 5, 5, 6, 6, 7, 7, 8, 7, 9, 9, 10, 10, 11, 11, 12, 12, 13, 13, 14, 14, 15, 14, 16, 16, 6, 16, 10]","[1, 0, 2, 1, 3, 2, 4, 3, 5, 3, 6, 5, 7, 6, 8, 7, 9, 7, 10, 9, 11, 10, 12, 11, 13, 12, 14, 13, 15, 14, 16, 14, 6, 16, 10, 16]",-3.762
10,20,"[3, 1, 1, 1, 1, 0, 1, 1, 1, 3]","[1, 1, 3, 3, 3, 3, 3, 3, 1, 1, 3, 3, 3, 3, 3, 3, 2, 2, 3, 3]","[0, 1, 1, 2, 2, 3, 3, 4, 4, 5, 4, 6, 6, 7, 7, 8, 8, 9, 8, 1]","[1, 0, 2, 1, 3, 2, 4, 3, 5, 4, 6, 4, 7, 6, 8, 7, 9, 8, 1, 8]",-3.5629
10,20,"[3, 1, 1, 0, 1, 1, 1, 1, 1, 3]","[1, 1, 3, 3, 1, 1, 3, 3, 3, 3, 3, 3, 3, 3, 3, 3, 2, 2, 3, 3]","[0, 1, 1, 2, 2, 3, 2, 4, 4, 5, 5, 6, 6, 7, 7, 8, 8, 9, 8, 1]","[1, 0, 2, 1, 3, 2, 4, 2, 5, 4, 6, 5, 7, 6, 8, 7, 9, 8, 1, 8]",-2.4352
14,32,"[1, 1, 2, 1, 1, 1, 1, 1, 1, 1, 1, 1, 1, 2]","[1, 1, 1, 1, 3, 3, 3, 3, 3, 3, 3, 3, 3, 3, 1, 1, 3, 3, 3, 3, 3, 3, 3, 3, 3, 3, 1, 1, 3, 3, 3, 3]","[0, 1, 1, 2, 2, 3, 3, 4, 4, 5, 5, 6, 6, 7, 7, 8, 8, 9, 9, 10, 10, 11, 11, 12, 12, 13, 13, 0, 7, 2, 13, 8]","[1, 0, 2, 1, 3, 2, 4, 3, 5, 4, 6, 5, 7, 6, 8, 7, 9, 8, 10, 9, 11, 10, 12, 11, 13, 12, 0, 13, 2, 7, 8, 13]",-3.425
16,32,"[0, 0, 1, 1, 2, 1, 1, 1, 1, 1, 1, 1, 1, 1, 1, 2]","[1, 1, 1, 1, 3, 3, 3, 3, 3, 3, 3, 3, 3, 3, 1, 1, 3, 3, 3, 3, 3, 3, 3, 3, 3, 3, 1, 1, 3, 3, 3, 3]","[2, 3, 3, 4, 4, 5, 5, 6, 6, 7, 7, 8, 8, 9, 9, 10, 10, 11, 11, 12, 12, 13, 13, 14, 14, 15, 15, 2, 9, 4, 15, 10]","[3, 2, 4, 3, 5, 4, 6, 5, 7, 6, 8, 7, 9, 8, 10, 9, 11, 10, 12, 11, 13, 12, 14, 13, 15, 14, 2, 15, 4, 9, 10, 15]",0.3133
10,22,"[3, 1, 2, 1, 2, 1, 2, 1, 1, 2]","[2, 2, 3, 3, 3, 3, 3, 3, 3, 3, 3, 3, 3, 3, 3, 3, 3, 3, 3, 3, 3, 3]","[0, 1, 1, 2, 2, 3, 3, 4, 4, 5, 5, 6, 6, 7, 7, 8, 8, 9, 9, 1, 7, 3]","[1, 0, 2, 1, 3, 2, 4, 3, 5, 4, 6, 5, 7, 6, 8, 7, 9, 8, 1, 9, 3, 7]",-1.7136
15,32,"[1, 2, 1, 2, 1, 1, 1, 2, 1, 3, 2, 2, 1, 1, 3]","[1, 1, 3, 3, 3, 3, 3, 3, 3, 3, 3, 3, 3, 3, 3, 3, 2, 2, 3, 3, 1, 1, 1, 1, 1, 1, 1, 1, 3, 3, 3, 3]","[0, 1, 1, 2, 2, 3, 3, 4, 4, 5, 5, 6, 6, 7, 7, 8, 8, 9, 8, 10, 6, 11, 11, 12, 12, 13, 13, 14, 5, 1, 10, 4]","[1, 0, 2, 1, 3, 2, 4, 3, 5, 4, 6, 5, 7, 6, 8, 7, 9, 8, 10, 8, 11, 6, 12, 11, 13, 12, 14, 13, 1, 5, 4, 10]",0.08
8,16,"[3, 2, 1, 1, 1, 1, 1, 1]","[1, 1, 2, 2, 1, 1, 1, 1, 1, 1, 1, 1, 2, 2, 1, 1]","[0, 1, 1, 2, 2, 3, 3, 4, 4, 5, 5, 6, 6, 7, 7, 2]","[1, 0, 2, 1, 3, 2, 4, 3, 5, 4, 6, 5, 7, 6, 2, 7]",-0.9667
8,16,"[3, 2, 1, 1, 1, 1, 1, 1]","[1, 1, 2, 2, 1, 1, 1, 1, 1, 1, 1, 1, 2, 2, 1, 1]","[0, 1, 1, 2, 2, 3, 3, 4, 4, 5, 5, 6, 6, 7, 7, 2]","[1, 0, 2, 1, 3, 2, 4, 3, 5, 4, 6, 5, 7, 6, 2, 7]",-0.7034
10,22,"[2, 1, 1, 1, 1, 8, 2, 2, 1, 1]","[1, 1, 3, 3, 3, 3, 3, 3, 3, 3, 3, 3, 3, 3, 3, 3, 3, 3, 3, 3, 3, 3]","[0, 1, 1, 2, 2, 3, 3, 4, 4, 5, 5, 6, 6, 7, 7, 8, 8, 9, 9, 1, 8, 4]","[1, 0, 2, 1, 3, 2, 4, 3, 5, 4, 6, 5, 7, 6, 8, 7, 9, 8, 1, 9, 4, 8]",-1.3045
13,28,"[1, 8, 1, 3, 1, 1, 1, 1, 1, 2, 2, 8, 1]","[1, 1, 1, 1, 2, 2, 1, 1, 3, 3, 3, 3, 3, 3, 3, 3, 3, 3, 3, 3, 3, 3, 3, 3, 3, 3, 3, 3]","[0, 1, 1, 2, 2, 3, 2, 4, 4, 5, 5, 6, 6, 7, 7, 8, 8, 9, 9, 10, 10, 11, 11, 12, 12, 4, 12, 8]","[1, 0, 2, 1, 3, 2, 4, 2, 5, 4, 6, 5, 7, 6, 8, 7, 9, 8, 10, 9, 11, 10, 12, 11, 4, 12, 8, 12]",-4.4363
15,32,"[3, 1, 2, 1, 1, 1, 1, 1, 1, 1, 1, 1, 1, 2, 1]","[2, 2, 1, 1, 1, 1, 3, 3, 3, 3, 3, 3, 3, 3, 3, 3, 1, 1, 3, 3, 3, 3, 3, 3, 3, 3, 3, 3, 3, 3, 3, 3]","[0, 1, 1, 2, 2, 3, 3, 4, 4, 5, 5, 6, 6, 7, 7, 8, 1, 9, 9, 10, 10, 11, 11, 12, 12, 13, 13, 14, 8, 3, 14, 9]","[1, 0, 2, 1, 3, 2, 4, 3, 5, 4, 6, 5, 7, 6, 8, 7, 9, 1, 10, 9, 11, 10, 12, 11, 13, 12, 14, 13, 3, 8, 9, 14]",-3.093
18,38,"[3, 1, 3, 1, 1, 1, 1, 2, 1, 3, 1, 1, 1, 1, 2, 1, 1, 1]","[1, 1, 2, 2, 1, 1, 3, 3, 3, 3, 3, 3, 1, 1, 1, 1, 2, 2, 1, 1, 3, 3, 3, 3, 3, 3, 3, 3, 3, 3, 3, 3, 3, 3, 3, 3, 3, 3]","[0, 1, 1, 2, 1, 3, 3, 4, 4, 5, 5, 6, 6, 7, 7, 8, 8, 9, 8, 10, 10, 11, 11, 12, 12, 13, 13, 14, 14, 15, 6, 16, 16, 17, 17, 3, 15, 10]","[1, 0, 2, 1, 3, 1, 4, 3, 5, 4, 6, 5, 7, 6, 8, 7, 9, 8, 10, 8, 11, 10, 12, 11, 13, 12, 14, 13, 15, 14, 16, 6, 17, 16, 3, 17, 10, 15]",-3.0832
21,46,"[1, 2, 1, 1, 1, 1, 1, 1, 1, 1, 1, 1, 1, 1, 3, 1, 1, 1, 1, 1, 1]","[1, 1, 1, 1, 1, 1, 1, 1, 1, 1, 2, 2, 1, 1, 3, 3, 3, 3, 3, 3, 3, 3, 3, 3, 1, 1, 1, 1, 1, 1, 3, 3, 3, 3, 3, 3, 3, 3, 3, 3, 1, 1, 3, 3, 3, 3]","[0, 1, 1, 2, 1, 3, 3, 4, 4, 5, 5, 6, 6, 7, 7, 8, 8, 9, 9, 10, 10, 11, 11, 12, 12, 13, 13, 14, 14, 15, 15, 16, 16, 17, 17, 18, 18, 19, 19, 20, 20, 6, 12, 7, 20, 15]","[1, 0, 2, 1, 3, 1, 4, 3, 5, 4, 6, 5, 7, 6, 8, 7, 9, 8, 10, 9, 11, 10, 12, 11, 13, 12, 14, 13, 15, 14, 16, 15, 17, 16, 18, 17, 19, 18, 20, 19, 6, 20, 7, 12, 15, 20]",-3.9469
21,46,"[1, 2, 1, 1, 1, 1, 1, 1, 1, 1, 1, 1, 1, 1, 3, 1, 1, 1, 1, 1, 1]","[1, 1, 1, 1, 1, 1, 1, 1, 1, 1, 2, 2, 1, 1, 3, 3, 3, 3, 3, 3, 3, 3, 3, 3, 1, 1, 1, 1, 1, 1, 3, 3, 3, 3, 3, 3, 3, 3, 3, 3, 3, 3, 1, 1, 3, 3]","[0, 1, 1, 2, 1, 3, 3, 4, 4, 5, 5, 6, 6, 7, 7, 8, 8, 9, 9, 10, 10, 11, 11, 12, 12, 13, 13, 14, 14, 15, 15, 16, 16, 17, 17, 18, 18, 19, 19, 20, 12, 7, 20, 6, 20, 15]","[1, 0, 2, 1, 3, 1, 4, 3, 5, 4, 6, 5, 7, 6, 8, 7, 9, 8, 10, 9, 11, 10, 12, 11, 13, 12, 14, 13, 15, 14, 16, 15, 17, 16, 18, 17, 19, 18, 20, 19, 7, 12, 6, 20, 15, 20]",-3.4
8,16,"[1, 1, 1, 1, 1, 2, 3, 1]","[1, 1, 2, 2, 1, 1, 2, 2, 1, 1, 1, 1, 1, 1, 1, 1]","[0, 1, 1, 2, 2, 3, 3, 4, 4, 5, 5, 6, 5, 7, 7, 1]","[1, 0, 2, 1, 3, 2, 4, 3, 5, 4, 6, 5, 7, 5, 1, 7]",0.9621
10,20,"[3, 1, 3, 1, 1, 2, 3, 1, 1, 1]","[1, 1, 2, 2, 1, 1, 2, 2, 1, 1, 1, 1, 1, 1, 1, 1, 2, 2, 1, 1]","[0, 1, 1, 2, 1, 3, 3, 4, 4, 5, 5, 6, 5, 7, 7, 8, 8, 9, 9, 3]","[1, 0, 2, 1, 3, 1, 4, 3, 5, 4, 6, 5, 7, 5, 8, 7, 9, 8, 3, 9]",-1.2983
14,28,"[1, 1, 3, 7, 3, 3, 1, 1, 2, 1, 8, 1, 1, 8]","[1, 1, 1, 1, 1, 1, 2, 2, 1, 1, 1, 1, 1, 1, 1, 1, 2, 2, 1, 1, 1, 1, 1, 1, 1, 1, 1, 1]","[0, 1, 1, 2, 2, 3, 3, 4, 3, 5, 5, 6, 6, 7, 3, 8, 8, 9, 9, 10, 10, 11, 11, 12, 12, 13, 13, 9]","[1, 0, 2, 1, 3, 2, 4, 3, 5, 3, 6, 5, 7, 6, 8, 3, 9, 8, 10, 9, 11, 10, 12, 11, 13, 12, 9, 13]",-2.5941
15,30,"[1, 1, 3, 7, 3, 3, 1, 1, 2, 1, 8, 1, 1, 1, 8]","[1, 1, 1, 1, 1, 1, 2, 2, 1, 1, 1, 1, 1, 1, 1, 1, 2, 2, 1, 1, 1, 1, 1, 1, 1, 1, 1, 1, 1, 1]","[0, 1, 1, 2, 2, 3, 3, 4, 3, 5, 5, 6, 6, 7, 3, 8, 8, 9, 9, 10, 10, 11, 11, 12, 12, 13, 12, 14, 14, 9]","[1, 0, 2, 1, 3, 2, 4, 3, 5, 3, 6, 5, 7, 6, 8, 3, 9, 8, 10, 9, 11, 10, 12, 11, 13, 12, 14, 12, 9, 14]",-3.6744
19,44,"[3, 2, 3, 1, 1, 1, 1, 1, 1, 1, 1, 1, 1, 1, 1, 1, 1, 1, 1]","[1, 1, 2, 2, 1, 1, 3, 3, 3, 3, 3, 3, 1, 1, 3, 3, 3, 3, 3, 3, 3, 3, 3, 3, 1, 1, 3, 3, 3, 3, 3, 3, 3, 3, 3, 3, 3, 3, 3, 3, 3, 3, 3, 3]","[0, 1, 1, 2, 1, 3, 3, 4, 4, 5, 5, 6, 6, 7, 7, 8, 8, 9, 9, 10, 10, 11, 11, 12, 12, 13, 13, 14, 14, 15, 15, 16, 16, 17, 17, 18, 17, 3, 18, 6, 12, 7, 18, 13]","[1, 0, 2, 1, 3, 1, 4, 3, 5, 4, 6, 5, 7, 6, 8, 7, 9, 8, 10, 9, 11, 10, 12, 11, 13, 12, 14, 13, 15, 14, 16, 15, 17, 16, 18, 17, 3, 17, 6, 18, 7, 12, 13, 18]",-7.1031
16,38,"[1, 1, 1, 1, 1, 1, 1, 1, 1, 1, 1, 1, 1, 1, 1, 1]","[3, 3, 3, 3, 3, 3, 3, 3, 3, 3, 1, 1, 3, 3, 3, 3, 3, 3, 3, 3, 3, 3, 3, 3, 3, 3, 3, 3, 3, 3, 3, 3, 1, 1, 3, 3, 3, 3]","[0, 1, 1, 2, 2, 3, 3, 4, 4, 5, 3, 6, 6, 7, 7, 8, 8, 9, 9, 10, 10, 11, 8, 12, 12, 13, 13, 14, 14, 15, 5, 0, 15, 2, 11, 6, 15, 7]","[1, 0, 2, 1, 3, 2, 4, 3, 5, 4, 6, 3, 7, 6, 8, 7, 9, 8, 10, 9, 11, 10, 12, 8, 13, 12, 14, 13, 15, 14, 0, 5, 2, 15, 6, 11, 7, 15]",-5.93
24,54,"[1, 1, 3, 3, 1, 1, 1, 1, 1, 1, 1, 1, 1, 1, 1, 1, 1, 1, 3, 1, 1, 1, 1, 1]","[1, 1, 2, 2, 1, 1, 1, 1, 1, 1, 1, 1, 1, 1, 1, 1, 1, 1, 1, 1, 1, 1, 1, 1, 1, 1, 1, 1, 1, 1, 1, 1, 1, 1, 2, 2, 1, 1, 1, 1, 1, 1, 2, 2, 1, 1, 1, 1, 1, 1, 1, 1, 1, 1]","[0, 1, 1, 2, 1, 3, 3, 4, 4, 5, 5, 6, 6, 7, 7, 8, 7, 9, 9, 10, 10, 11, 11, 12, 12, 13, 12, 14, 14, 15, 15, 16, 16, 17, 17, 18, 14, 19, 19, 20, 20, 21, 21, 22, 22, 23, 23, 4, 22, 7, 19, 9, 17, 12]","[1, 0, 2, 1, 3, 1, 4, 3, 5, 4, 6, 5, 7, 6, 8, 7, 9, 7, 10, 9, 11, 10, 12, 11, 13, 12, 14, 12, 15, 14, 16, 15, 17, 16, 18, 17, 19, 14, 20, 19, 21, 20, 22, 21, 23, 22, 4, 23, 7, 22, 9, 19, 12, 17]",-4.4584
21,48,"[1, 1, 1, 1, 1, 1, 1, 1, 1, 1, 1, 3, 1, 1, 1, 1, 1, 1, 1, 1, 3]","[1, 1, 1, 1, 1, 1, 1, 1, 1, 1, 1, 1, 1, 1, 2, 2, 1, 1, 1, 1, 1, 1, 1, 1, 1, 1, 1, 1, 1, 1, 1, 1, 1, 1, 1, 1, 1, 1, 2, 2, 1, 1, 1, 1, 1, 1, 1, 1]","[0, 1, 1, 2, 2, 3, 3, 4, 4, 5, 5, 6, 6, 7, 7, 8, 8, 9, 9, 10, 10, 11, 10, 12, 12, 13, 13, 14, 14, 15, 5, 16, 16, 17, 17, 18, 18, 19, 19, 20, 16, 1, 19, 1, 14, 4, 14, 8]","[1, 0, 2, 1, 3, 2, 4, 3, 5, 4, 6, 5, 7, 6, 8, 7, 9, 8, 10, 9, 11, 10, 12, 10, 13, 12, 14, 13, 15, 14, 16, 5, 17, 16, 18, 17, 19, 18, 20, 19, 1, 16, 1, 19, 4, 14, 8, 14]",-4.122
9,18,"[2, 1, 2, 1, 3, 2, 1, 2, 2]","[1, 1, 3, 3, 3, 3, 2, 2, 3, 3, 3, 3, 1, 1, 3, 3, 3, 3]","[0, 1, 1, 2, 2, 3, 3, 4, 3, 5, 5, 6, 6, 7, 6, 8, 8, 1]","[1, 0, 2, 1, 3, 2, 4, 3, 5, 3, 6, 5, 7, 6, 8, 6, 1, 8]",-3.2291
14,28,"[1, 1, 2, 1, 2, 1, 3, 2, 1, 2, 1, 1, 1, 2]","[1, 1, 1, 1, 1, 1, 3, 3, 3, 3, 2, 2, 3, 3, 3, 3, 1, 1, 1, 1, 1, 1, 1, 1, 3, 3, 3, 3]","[0, 1, 1, 2, 2, 3, 3, 4, 4, 5, 5, 6, 5, 7, 7, 8, 8, 9, 9, 10, 10, 11, 10, 12, 8, 13, 13, 3]","[1, 0, 2, 1, 3, 2, 4, 3, 5, 4, 6, 5, 7, 5, 8, 7, 9, 8, 10, 9, 11, 10, 12, 10, 13, 8, 3, 13]",-4.5241
15,34,"[3, 2, 3, 1, 1, 1, 1, 1, 1, 1, 1, 1, 1, 1, 1]","[1, 1, 2, 2, 1, 1, 3, 3, 3, 3, 3, 3, 1, 1, 1, 1, 1, 1, 3, 3, 3, 3, 3, 3, 3, 3, 3, 3, 3, 3, 3, 3, 3, 3]","[0, 1, 1, 2, 1, 3, 3, 4, 4, 5, 5, 6, 6, 7, 7, 8, 8, 9, 9, 10, 10, 11, 11, 12, 12, 13, 13, 14, 13, 3, 14, 6, 14, 9]","[1, 0, 2, 1, 3, 1, 4, 3, 5, 4, 6, 5, 7, 6, 8, 7, 9, 8, 10, 9, 11, 10, 12, 11, 13, 12, 14, 13, 3, 13, 6, 14, 9, 14]",-5.3403
12,28,"[1, 1, 1, 1, 1, 1, 1, 1, 1, 1, 1, 1]","[3, 3, 3, 3, 3, 3, 3, 3, 3, 3, 3, 3, 3, 3, 3, 3, 3, 3, 1, 1, 1, 1, 3, 3, 3, 3, 1, 1]","[0, 1, 1, 2, 2, 3, 3, 4, 4, 5, 5, 6, 6, 7, 7, 8, 8, 9, 9, 10, 10, 11, 9, 0, 8, 3, 11, 7]","[1, 0, 2, 1, 3, 2, 4, 3, 5, 4, 6, 5, 7, 6, 8, 7, 9, 8, 10, 9, 11, 10, 0, 9, 3, 8, 7, 11]",-4.63
22,46,"[1, 1, 1, 1, 1, 1, 1, 3, 3, 1, 1, 1, 3, 1, 1, 1, 1, 1, 1, 1, 1, 1]","[1, 1, 1, 1, 2, 2, 1, 1, 1, 1, 1, 1, 2, 2, 1, 1, 1, 1, 1, 1, 1, 1, 2, 2, 1, 1, 2, 2, 1, 1, 1, 1, 1, 1, 2, 2, 1, 1, 1, 1, 1, 1, 1, 1, 1, 1]","[0, 1, 1, 2, 1, 3, 3, 4, 4, 5, 5, 6, 6, 7, 6, 8, 8, 9, 9, 10, 10, 11, 11, 12, 11, 13, 13, 14, 14, 15, 13, 16, 16, 17, 17, 18, 5, 19, 19, 20, 19, 21, 19, 4, 14, 9]","[1, 0, 2, 1, 3, 1, 4, 3, 5, 4, 6, 5, 7, 6, 8, 6, 9, 8, 10, 9, 11, 10, 12, 11, 13, 11, 14, 13, 15, 14, 16, 13, 17, 16, 18, 17, 19, 5, 20, 19, 21, 19, 4, 19, 9, 14]",-4.8179
22,46,"[1, 1, 1, 1, 1, 1, 1, 3, 3, 1, 1, 1, 3, 1, 1, 1, 1, 1, 1, 1, 1, 1]","[1, 1, 1, 1, 2, 2, 1, 1, 1, 1, 1, 1, 2, 2, 1, 1, 1, 1, 1, 1, 1, 1, 2, 2, 1, 1, 2, 2, 1, 1, 1, 1, 1, 1, 4, 4, 1, 1, 1, 1, 1, 1, 1, 1, 1, 1]","[0, 1, 1, 2, 1, 3, 3, 4, 4, 5, 5, 6, 6, 7, 6, 8, 8, 9, 9, 10, 10, 11, 11, 12, 11, 13, 13, 14, 14, 15, 13, 16, 16, 17, 17, 18, 5, 19, 19, 20, 19, 21, 19, 4, 14, 9]","[1, 0, 2, 1, 3, 1, 4, 3, 5, 4, 6, 5, 7, 6, 8, 6, 9, 8, 10, 9, 11, 10, 12, 11, 13, 11, 14, 13, 15, 14, 16, 13, 17, 16, 18, 17, 19, 5, 20, 19, 21, 19, 4, 19, 9, 14]",-4.5746
11,24,"[3, 1, 1, 1, 1, 1, 1, 1, 2, 1, 1]","[1, 1, 3, 3, 3, 3, 3, 3, 3, 3, 3, 3, 3, 3, 3, 3, 3, 3, 3, 3, 3, 3, 3, 3]","[0, 1, 1, 2, 2, 3, 3, 4, 4, 5, 5, 6, 6, 7, 7, 8, 8, 9, 9, 10, 10, 1, 9, 4]","[1, 0, 2, 1, 3, 2, 4, 3, 5, 4, 6, 5, 7, 6, 8, 7, 9, 8, 10, 9, 1, 10, 4, 9]",-2.5038
11,24,"[3, 1, 1, 1, 1, 1, 2, 1, 1, 1, 1]","[1, 1, 3, 3, 3, 3, 3, 3, 3, 3, 3, 3, 3, 3, 3, 3, 3, 3, 3, 3, 3, 3, 3, 3]","[0, 1, 1, 2, 2, 3, 3, 4, 4, 5, 5, 6, 6, 7, 7, 8, 8, 9, 9, 10, 10, 1, 10, 5]","[1, 0, 2, 1, 3, 2, 4, 3, 5, 4, 6, 5, 7, 6, 8, 7, 9, 8, 10, 9, 1, 10, 5, 10]",-2.5417
5,10,"[1, 1, 1, 1, 1]","[1, 1, 2, 2, 1, 1, 2, 2, 1, 1]","[0, 1, 1, 2, 2, 3, 3, 4, 4, 0]","[1, 0, 2, 1, 3, 2, 4, 3, 0, 4]",-1.565
11,22,"[4, 1, 1, 4, 1, 4, 4, 1, 1, 4, 4]","[1, 1, 2, 2, 1, 1, 1, 1, 1, 1, 1, 1, 1, 1, 2, 2, 1, 1, 1, 1, 1, 1]","[0, 1, 1, 2, 2, 3, 2, 4, 4, 5, 4, 6, 4, 7, 7, 8, 8, 9, 7, 10, 8, 1]","[1, 0, 2, 1, 3, 2, 4, 2, 5, 4, 6, 4, 7, 4, 8, 7, 9, 8, 10, 7, 1, 8]",-5.1805
9,18,"[1, 1, 1, 1, 3, 1, 1, 3, 3]","[1, 1, 2, 2, 1, 1, 2, 2, 1, 1, 1, 1, 2, 2, 1, 1, 1, 1]","[0, 1, 1, 2, 2, 3, 3, 4, 3, 5, 5, 6, 6, 7, 6, 8, 8, 1]","[1, 0, 2, 1, 3, 2, 4, 3, 5, 3, 6, 5, 7, 6, 8, 6, 1, 8]",-1.1185
12,24,"[1, 1, 3, 1, 1, 3, 3, 1, 1, 1, 3, 1]","[1, 1, 2, 2, 1, 1, 1, 1, 2, 2, 1, 1, 1, 1, 2, 2, 1, 1, 2, 2, 1, 1, 1, 1]","[0, 1, 1, 2, 1, 3, 3, 4, 4, 5, 4, 6, 6, 7, 7, 8, 8, 9, 9, 10, 7, 11, 9, 3]","[1, 0, 2, 1, 3, 1, 4, 3, 5, 4, 6, 4, 7, 6, 8, 7, 9, 8, 10, 9, 11, 7, 3, 9]",-1.226
11,22,"[3, 2, 1, 1, 1, 1, 1, 1, 1, 2, 3]","[1, 1, 1, 1, 2, 2, 1, 1, 1, 1, 1, 1, 1, 1, 1, 1, 1, 1, 2, 2, 1, 1]","[0, 1, 1, 2, 2, 3, 3, 4, 4, 5, 5, 6, 6, 7, 7, 8, 3, 9, 9, 10, 8, 2]","[1, 0, 2, 1, 3, 2, 4, 3, 5, 4, 6, 5, 7, 6, 8, 7, 9, 3, 10, 9, 2, 8]",-1.4249
7,14,"[1, 1, 1, 1, 1, 1, 1]","[1, 1, 1, 1, 1, 1, 2, 2, 1, 1, 1, 1, 1, 1]","[0, 1, 1, 2, 2, 3, 3, 4, 4, 5, 5, 6, 6, 0]","[1, 0, 2, 1, 3, 2, 4, 3, 5, 4, 6, 5, 0, 6]",-3.18
24,50,"[3, 1, 1, 1, 1, 1, 1, 1, 3, 1, 3, 1, 1, 1, 1, 1, 1, 3, 2, 3, 3, 2, 3, 3]","[1, 1, 3, 3, 3, 3, 3, 3, 3, 3, 3, 3, 1, 1, 2, 2, 1, 1, 2, 2, 1, 1, 3, 3, 3, 3, 3, 3, 3, 3, 3, 3, 1, 1, 1, 1, 1, 1, 2, 2, 1, 1, 1, 1, 2, 2, 3, 3, 3, 3]","[0, 1, 1, 2, 2, 3, 3, 4, 4, 5, 5, 6, 6, 7, 7, 8, 7, 9, 9, 10, 9, 11, 11, 12, 12, 13, 13, 14, 14, 15, 15, 16, 16, 17, 13, 18, 18, 19, 18, 20, 4, 21, 21, 22, 21, 23, 6, 1, 16, 11]","[1, 0, 2, 1, 3, 2, 4, 3, 5, 4, 6, 5, 7, 6, 8, 7, 9, 7, 10, 9, 11, 9, 12, 11, 13, 12, 14, 13, 15, 14, 16, 15, 17, 16, 18, 13, 19, 18, 20, 18, 21, 4, 22, 21, 23, 21, 1, 6, 11, 16]",-3.5214
16,34,"[3, 1, 1, 3, 1, 1, 1, 1, 1, 1, 1, 1, 1, 1, 1, 1]","[2, 2, 1, 1, 2, 2, 1, 1, 3, 3, 3, 3, 3, 3, 3, 3, 3, 3, 1, 1, 3, 3, 3, 3, 3, 3, 3, 3, 3, 3, 3, 3, 3, 3]","[0, 1, 1, 2, 2, 3, 2, 4, 4, 5, 5, 6, 6, 7, 7, 8, 8, 9, 1, 10, 10, 11, 11, 12, 12, 13, 13, 14, 14, 15, 9, 4, 15, 10]","[1, 0, 2, 1, 3, 2, 4, 2, 5, 4, 6, 5, 7, 6, 8, 7, 9, 8, 10, 1, 11, 10, 12, 11, 13, 12, 14, 13, 15, 14, 4, 9, 10, 15]",-2.8
15,32,"[2, 1, 1, 1, 2, 2, 1, 1, 1, 1, 1, 1, 1, 3, 3]","[1, 1, 1, 1, 1, 1, 3, 3, 3, 3, 3, 3, 3, 3, 3, 3, 3, 3, 3, 3, 3, 3, 1, 1, 1, 1, 2, 2, 3, 3, 3, 3]","[0, 1, 1, 2, 2, 3, 3, 4, 4, 5, 5, 6, 6, 7, 7, 8, 8, 9, 9, 10, 10, 11, 1, 12, 12, 13, 12, 14, 11, 3, 11, 6]","[1, 0, 2, 1, 3, 2, 4, 3, 5, 4, 6, 5, 7, 6, 8, 7, 9, 8, 10, 9, 11, 10, 12, 1, 13, 12, 14, 12, 3, 11, 6, 11]",-1.4091
16,34,"[1, 1, 3, 1, 3, 1, 1, 2, 2, 1, 1, 1, 1, 4, 1, 1]","[1, 1, 1, 1, 1, 1, 2, 2, 1, 1, 1, 1, 3, 3, 3, 3, 3, 3, 3, 3, 3, 3, 3, 3, 1, 1, 3, 3, 3, 3, 3, 3, 3, 3]","[0, 1, 1, 2, 2, 3, 3, 4, 3, 5, 5, 6, 6, 7, 7, 8, 8, 9, 9, 10, 10, 11, 11, 12, 12, 13, 12, 14, 14, 15, 15, 6, 15, 9]","[1, 0, 2, 1, 3, 2, 4, 3, 5, 3, 6, 5, 7, 6, 8, 7, 9, 8, 10, 9, 11, 10, 12, 11, 13, 12, 14, 12, 15, 14, 6, 15, 9, 15]",-3.0256
30,68,"[1, 3, 1, 1, 1, 1, 1, 3, 1, 1, 3, 1, 1, 1, 1, 1, 3, 1, 3, 1, 1, 1, 3, 1, 3, 1, 3, 1, 1, 1]","[1, 1, 1, 1, 3, 3, 3, 3, 3, 3, 3, 3, 1, 1, 1, 1, 3, 3, 1, 1, 1, 1, 1, 1, 1, 1, 1, 1, 1, 1, 1, 1, 1, 1, 2, 2, 1, 1, 1, 1, 3, 3, 1, 1, 3, 3, 1, 1, 1, 1, 1, 1, 1, 1, 3, 3, 3, 3, 3, 3, 1, 1, 1, 1, 3, 3, 3, 3]","[0, 1, 1, 2, 2, 3, 3, 4, 4, 5, 5, 6, 6, 7, 7, 8, 6, 9, 9, 10, 10, 11, 4, 12, 12, 13, 13, 14, 14, 15, 15, 16, 16, 17, 17, 18, 14, 19, 19, 20, 20, 21, 21, 22, 21, 23, 23, 24, 24, 25, 25, 26, 26, 27, 27, 28, 28, 29, 9, 2, 29, 12, 17, 13, 29, 20, 27, 23]","[1, 0, 2, 1, 3, 2, 4, 3, 5, 4, 6, 5, 7, 6, 8, 7, 9, 6, 10, 9, 11, 10, 12, 4, 13, 12, 14, 13, 15, 14, 16, 15, 17, 16, 18, 17, 19, 14, 20, 19, 21, 20, 22, 21, 23, 21, 24, 23, 25, 24, 26, 25, 27, 26, 28, 27, 29, 28, 2, 9, 12, 29, 13, 17, 20, 29, 23, 27]",-4.5035
29,66,"[1, 3, 1, 1, 1, 1, 1, 3, 1, 1, 3, 1, 1, 1, 1, 3, 1, 3, 1, 1, 1, 3, 1, 3, 1, 3, 1, 1, 1]","[1, 1, 1, 1, 3, 3, 3, 3, 3, 3, 3, 3, 1, 1, 1, 1, 3, 3, 1, 1, 1, 1, 1, 1, 1, 1, 1, 1, 1, 1, 1, 1, 2, 2, 1, 1, 1, 1, 3, 3, 1, 1, 3, 3, 1, 1, 1, 1, 1, 1, 1, 1, 3, 3, 3, 3, 3, 3, 1, 1, 1, 1, 3, 3, 3, 3]","[0, 1, 1, 2, 2, 3, 3, 4, 4, 5, 5, 6, 6, 7, 7, 8, 6, 9, 9, 10, 4, 11, 11, 12, 12, 13, 13, 14, 14, 15, 15, 16, 16, 17, 13, 18, 18, 19, 19, 20, 20, 21, 20, 22, 22, 23, 23, 24, 24, 25, 25, 26, 26, 27, 27, 28, 9, 2, 28, 11, 16, 12, 28, 19, 26, 22]","[1, 0, 2, 1, 3, 2, 4, 3, 5, 4, 6, 5, 7, 6, 8, 7, 9, 6, 10, 9, 11, 4, 12, 11, 13, 12, 14, 13, 15, 14, 16, 15, 17, 16, 18, 13, 19, 18, 20, 19, 21, 20, 22, 20, 23, 22, 24, 23, 25, 24, 26, 25, 27, 26, 28, 27, 2, 9, 11, 28, 12, 16, 19, 28, 22, 26]",-4.1254
15,34,"[1, 2, 1, 1, 1, 1, 1, 1, 1, 1, 1, 1, 3, 2, 1]","[1, 1, 1, 1, 1, 1, 1, 1, 1, 1, 1, 1, 1, 1, 3, 3, 3, 3, 3, 3, 3, 3, 2, 2, 3, 3, 1, 1, 1, 1, 1, 1, 3, 3]","[0, 1, 1, 2, 2, 3, 3, 4, 4, 5, 5, 6, 5, 7, 7, 8, 8, 9, 9, 10, 10, 11, 11, 12, 11, 13, 13, 14, 6, 1, 14, 3, 13, 7]","[1, 0, 2, 1, 3, 2, 4, 3, 5, 4, 6, 5, 7, 5, 8, 7, 9, 8, 10, 9, 11, 10, 12, 11, 13, 11, 14, 13, 1, 6, 3, 14, 7, 13]",0.6484
14,32,"[3, 1, 1, 1, 1, 1, 1, 1, 2, 1, 1, 1, 1, 2]","[2, 2, 3, 3, 3, 3, 3, 3, 3, 3, 1, 1, 1, 1, 1, 1, 1, 1, 1, 1, 1, 1, 1, 1, 1, 1, 3, 3, 3, 3, 1, 1]","[0, 1, 1, 2, 2, 3, 3, 4, 4, 5, 5, 6, 6, 7, 7, 8, 8, 9, 9, 10, 10, 11, 10, 12, 12, 13, 13, 1, 13, 5, 11, 6]","[1, 0, 2, 1, 3, 2, 4, 3, 5, 4, 6, 5, 7, 6, 8, 7, 9, 8, 10, 9, 11, 10, 12, 10, 13, 12, 1, 13, 5, 13, 6, 11]",0.363
15,34,"[3, 1, 1, 1, 2, 1, 3, 1, 1, 1, 1, 1, 1, 2, 1]","[1, 1, 1, 1, 1, 1, 1, 1, 3, 3, 2, 2, 3, 3, 3, 3, 3, 3, 3, 3, 3, 3, 3, 3, 3, 3, 3, 3, 1, 1, 3, 3, 3, 3]","[0, 1, 1, 2, 2, 3, 3, 4, 4, 5, 5, 6, 5, 7, 7, 8, 8, 9, 9, 10, 10, 11, 11, 12, 12, 13, 13, 14, 14, 1, 14, 4, 12, 7]","[1, 0, 2, 1, 3, 2, 4, 3, 5, 4, 6, 5, 7, 5, 8, 7, 9, 8, 10, 9, 11, 10, 12, 11, 13, 12, 14, 13, 1, 14, 4, 14, 7, 12]",-2.106
15,34,"[3, 1, 1, 1, 2, 1, 3, 1, 1, 1, 1, 1, 1, 2, 1]","[1, 1, 1, 1, 1, 1, 1, 1, 3, 3, 2, 2, 3, 3, 3, 3, 3, 3, 3, 3, 3, 3, 3, 3, 3, 3, 3, 3, 1, 1, 3, 3, 3, 3]","[0, 1, 1, 2, 2, 3, 3, 4, 4, 5, 5, 6, 5, 7, 7, 8, 8, 9, 9, 10, 10, 11, 11, 12, 8, 13, 13, 14, 14, 1, 14, 4, 12, 7]","[1, 0, 2, 1, 3, 2, 4, 3, 5, 4, 6, 5, 7, 5, 8, 7, 9, 8, 10, 9, 11, 10, 12, 11, 13, 8, 14, 13, 1, 14, 4, 14, 7, 12]",-2.1
13,28,"[1, 2, 1, 1, 1, 1, 1, 1, 3, 1, 1, 3, 3]","[1, 1, 1, 1, 1, 1, 1, 1, 1, 1, 1, 1, 1, 1, 1, 1, 1, 1, 1, 1, 1, 1, 2, 2, 1, 1, 1, 1]","[0, 1, 1, 2, 2, 3, 3, 4, 4, 5, 5, 6, 6, 7, 7, 8, 7, 9, 6, 10, 10, 11, 10, 12, 5, 1, 9, 2]","[1, 0, 2, 1, 3, 2, 4, 3, 5, 4, 6, 5, 7, 6, 8, 7, 9, 7, 10, 6, 11, 10, 12, 10, 1, 5, 2, 9]",-0.0173
13,28,"[1, 1, 2, 1, 1, 1, 3, 1, 1, 3, 3, 1, 1]","[1, 1, 1, 1, 1, 1, 1, 1, 1, 1, 1, 1, 1, 1, 1, 1, 2, 2, 1, 1, 1, 1, 1, 1, 1, 1, 1, 1]","[0, 1, 1, 2, 2, 3, 1, 4, 4, 5, 5, 6, 5, 7, 7, 8, 8, 9, 8, 10, 7, 11, 11, 12, 12, 0, 11, 2]","[1, 0, 2, 1, 3, 2, 4, 1, 5, 4, 6, 5, 7, 5, 8, 7, 9, 8, 10, 8, 11, 7, 12, 11, 0, 12, 2, 11]",-0.02
21,48,"[1, 1, 1, 1, 1, 3, 1, 1, 1, 1, 1, 1, 1, 1, 1, 1, 1, 1, 1, 1, 3]","[1, 1, 1, 1, 1, 1, 1, 1, 1, 1, 1, 1, 1, 1, 1, 1, 1, 1, 1, 1, 1, 1, 1, 1, 1, 1, 1, 1, 1, 1, 1, 1, 1, 1, 1, 1, 1, 1, 2, 2, 1, 1, 1, 1, 1, 1, 1, 1]","[0, 1, 1, 2, 2, 3, 3, 4, 4, 5, 4, 6, 6, 7, 7, 8, 8, 9, 9, 10, 10, 11, 11, 12, 12, 13, 13, 14, 14, 15, 14, 16, 16, 17, 17, 18, 18, 19, 19, 20, 7, 1, 11, 1, 16, 10, 19, 14]","[1, 0, 2, 1, 3, 2, 4, 3, 5, 4, 6, 4, 7, 6, 8, 7, 9, 8, 10, 9, 11, 10, 12, 11, 13, 12, 14, 13, 15, 14, 16, 14, 17, 16, 18, 17, 19, 18, 20, 19, 1, 7, 1, 11, 10, 16, 14, 19]",-4.1577
21,48,"[1, 1, 1, 1, 1, 3, 1, 1, 1, 1, 1, 1, 1, 1, 1, 1, 1, 1, 1, 1, 3]","[1, 1, 1, 1, 1, 1, 1, 1, 1, 1, 1, 1, 1, 1, 1, 1, 1, 1, 1, 1, 1, 1, 1, 1, 1, 1, 1, 1, 1, 1, 1, 1, 1, 1, 1, 1, 1, 1, 2, 2, 1, 1, 1, 1, 1, 1, 1, 1]","[0, 1, 1, 2, 2, 3, 3, 4, 4, 5, 4, 6, 6, 7, 7, 8, 8, 9, 9, 10, 10, 11, 11, 12, 12, 13, 13, 14, 14, 15, 14, 16, 16, 17, 17, 18, 18, 19, 19, 20, 7, 1, 11, 1, 16, 10, 19, 14]","[1, 0, 2, 1, 3, 2, 4, 3, 5, 4, 6, 4, 7, 6, 8, 7, 9, 8, 10, 9, 11, 10, 12, 11, 13, 12, 14, 13, 15, 14, 16, 14, 17, 16, 18, 17, 19, 18, 20, 19, 1, 7, 1, 11, 10, 16, 14, 19]",-4.402
11,24,"[1, 1, 1, 1, 1, 1, 1, 1, 1, 3, 1]","[1, 1, 1, 1, 1, 1, 1, 1, 1, 1, 1, 1, 1, 1, 1, 1, 2, 2, 1, 1, 1, 1, 1, 1]","[0, 1, 1, 2, 1, 3, 3, 4, 4, 5, 5, 6, 6, 7, 6, 8, 8, 9, 8, 10, 6, 1, 10, 3]","[1, 0, 2, 1, 3, 1, 4, 3, 5, 4, 6, 5, 7, 6, 8, 6, 9, 8, 10, 8, 1, 6, 3, 10]",-3.1825
11,24,"[1, 1, 1, 1, 1, 1, 1, 1, 1, 1, 3]","[1, 1, 1, 1, 1, 1, 1, 1, 1, 1, 1, 1, 1, 1, 1, 1, 1, 1, 2, 2, 1, 1, 1, 1]","[0, 1, 1, 2, 1, 3, 3, 4, 4, 5, 5, 6, 6, 7, 6, 8, 6, 9, 9, 10, 9, 1, 8, 3]","[1, 0, 2, 1, 3, 1, 4, 3, 5, 4, 6, 5, 7, 6, 8, 6, 9, 6, 10, 9, 1, 9, 3, 8]",-1.8507
6,14,"[1, 3, 1, 1, 1, 3]","[1, 1, 1, 1, 1, 1, 1, 1, 1, 1, 1, 1, 1, 1]","[0, 1, 1, 2, 2, 3, 3, 4, 4, 5, 2, 0, 5, 3]","[1, 0, 2, 1, 3, 2, 4, 3, 5, 4, 0, 2, 3, 5]",1.065
8,18,"[1, 1, 3, 1, 1, 3, 1, 1]","[1, 1, 1, 1, 1, 1, 1, 1, 1, 1, 1, 1, 1, 1, 1, 1, 1, 1]","[0, 1, 1, 2, 2, 3, 3, 4, 4, 5, 5, 6, 6, 7, 3, 1, 6, 4]","[1, 0, 2, 1, 3, 2, 4, 3, 5, 4, 6, 5, 7, 6, 1, 3, 4, 6]",-0.0575
6,12,"[1, 1, 1, 2, 2, 1]","[3, 3, 3, 3, 3, 3, 3, 3, 3, 3, 3, 3]","[0, 1, 1, 2, 2, 3, 3, 4, 4, 5, 5, 0]","[1, 0, 2, 1, 3, 2, 4, 3, 5, 4, 0, 5]",1.0964
16,32,"[1, 1, 2, 1, 1, 1, 3, 1, 8, 1, 1, 1, 1, 4, 2, 2]","[1, 1, 1, 1, 1, 1, 1, 1, 1, 1, 2, 2, 1, 1, 1, 1, 1, 1, 3, 3, 3, 3, 3, 3, 1, 1, 3, 3, 3, 3, 3, 3]","[0, 1, 1, 2, 2, 3, 3, 4, 2, 5, 5, 6, 5, 7, 7, 8, 8, 9, 9, 10, 10, 11, 11, 12, 12, 13, 12, 14, 14, 15, 15, 9]","[1, 0, 2, 1, 3, 2, 4, 3, 5, 2, 6, 5, 7, 5, 8, 7, 9, 8, 10, 9, 11, 10, 12, 11, 13, 12, 14, 12, 15, 14, 9, 15]",-1.7156
22,48,"[3, 1, 3, 1, 1, 1, 1, 1, 1, 1, 3, 2, 1, 1, 1, 1, 1, 1, 1, 1, 1, 1]","[1, 1, 2, 2, 1, 1, 3, 3, 3, 3, 3, 3, 3, 3, 3, 3, 1, 1, 2, 2, 1, 1, 1, 1, 3, 3, 3, 3, 3, 3, 3, 3, 3, 3, 3, 3, 3, 3, 3, 3, 3, 3, 3, 3, 3, 3, 3, 3]","[0, 1, 1, 2, 1, 3, 3, 4, 4, 5, 5, 6, 6, 7, 7, 8, 8, 9, 9, 10, 9, 11, 11, 12, 12, 13, 13, 14, 14, 15, 15, 16, 16, 17, 17, 18, 18, 19, 19, 20, 20, 21, 8, 3, 21, 12, 21, 16]","[1, 0, 2, 1, 3, 1, 4, 3, 5, 4, 6, 5, 7, 6, 8, 7, 9, 8, 10, 9, 11, 9, 12, 11, 13, 12, 14, 13, 15, 14, 16, 15, 17, 16, 18, 17, 19, 18, 20, 19, 21, 20, 3, 8, 12, 21, 16, 21]",-3.1633
20,44,"[3, 2, 1, 3, 1, 1, 1, 1, 1, 1, 1, 1, 1, 1, 1, 1, 1, 1, 1, 1]","[1, 1, 1, 1, 2, 2, 1, 1, 3, 3, 3, 3, 3, 3, 3, 3, 3, 3, 1, 1, 3, 3, 3, 3, 3, 3, 3, 3, 3, 3, 3, 3, 3, 3, 3, 3, 3, 3, 3, 3, 3, 3, 3, 3]","[0, 1, 1, 2, 2, 3, 2, 4, 4, 5, 5, 6, 6, 7, 7, 8, 8, 9, 1, 10, 10, 11, 11, 12, 12, 13, 13, 14, 14, 15, 15, 16, 16, 17, 17, 18, 18, 19, 9, 4, 19, 10, 19, 14]","[1, 0, 2, 1, 3, 2, 4, 2, 5, 4, 6, 5, 7, 6, 8, 7, 9, 8, 10, 1, 11, 10, 12, 11, 13, 12, 14, 13, 15, 14, 16, 15, 17, 16, 18, 17, 19, 18, 4, 9, 10, 19, 14, 19]",-3.3065
19,40,"[2, 1, 1, 1, 1, 1, 1, 8, 3, 3, 2, 1, 3, 1, 1, 1, 1, 1, 1]","[1, 1, 3, 3, 3, 3, 3, 3, 3, 3, 3, 3, 1, 1, 2, 2, 2, 2, 1, 1, 1, 1, 2, 2, 1, 1, 3, 3, 3, 3, 3, 3, 3, 3, 3, 3, 3, 3, 3, 3]","[0, 1, 1, 2, 2, 3, 3, 4, 4, 5, 5, 6, 4, 7, 7, 8, 7, 9, 7, 10, 10, 11, 11, 12, 11, 13, 13, 14, 14, 15, 15, 16, 16, 17, 17, 18, 6, 1, 18, 13]","[1, 0, 2, 1, 3, 2, 4, 3, 5, 4, 6, 5, 7, 4, 8, 7, 9, 7, 10, 7, 11, 10, 12, 11, 13, 11, 14, 13, 15, 14, 16, 15, 17, 16, 18, 17, 1, 6, 13, 18]",-2.9501
23,48,"[1, 1, 1, 3, 1, 1, 1, 1, 1, 1, 1, 3, 2, 8, 3, 3, 1, 1, 1, 1, 2, 1, 1]","[1, 1, 1, 1, 1, 1, 1, 1, 3, 3, 3, 3, 3, 3, 3, 3, 3, 3, 1, 1, 2, 2, 1, 1, 1, 1, 2, 2, 2, 2, 1, 1, 3, 3, 3, 3, 3, 3, 1, 1, 3, 3, 3, 3, 3, 3, 3, 3]","[0, 1, 1, 2, 1, 3, 3, 4, 4, 5, 5, 6, 6, 7, 7, 8, 8, 9, 7, 10, 10, 11, 10, 12, 12, 13, 13, 14, 13, 15, 13, 16, 16, 17, 17, 18, 18, 19, 19, 20, 19, 21, 21, 22, 9, 4, 22, 16]","[1, 0, 2, 1, 3, 1, 4, 3, 5, 4, 6, 5, 7, 6, 8, 7, 9, 8, 10, 7, 11, 10, 12, 10, 13, 12, 14, 13, 15, 13, 16, 13, 17, 16, 18, 17, 19, 18, 20, 19, 21, 19, 22, 21, 4, 9, 16, 22]",-4.3
10,20,"[1, 2, 1, 3, 3, 1, 1, 1, 1, 3]","[1, 1, 1, 1, 2, 2, 1, 1, 1, 1, 1, 1, 1, 1, 1, 1, 2, 2, 1, 1]","[0, 1, 1, 2, 2, 3, 2, 4, 4, 5, 5, 6, 5, 7, 5, 8, 8, 9, 8, 1]","[1, 0, 2, 1, 3, 2, 4, 2, 5, 4, 6, 5, 7, 5, 8, 5, 9, 8, 1, 8]",-0.4568
10,20,"[1, 1, 1, 1, 3, 1, 3, 2, 1, 3]","[1, 1, 1, 1, 1, 1, 1, 1, 1, 1, 2, 2, 1, 1, 1, 1, 2, 2, 1, 1]","[0, 1, 1, 2, 2, 3, 2, 4, 4, 5, 5, 6, 5, 7, 7, 8, 8, 9, 8, 2]","[1, 0, 2, 1, 3, 2, 4, 2, 5, 4, 6, 5, 7, 5, 8, 7, 9, 8, 2, 8]",0.0203
24,50,"[1, 1, 1, 1, 1, 1, 1, 3, 3, 1, 1, 1, 3, 1, 1, 1, 1, 1, 1, 1, 1, 1, 1, 1]","[1, 1, 1, 1, 2, 2, 1, 1, 1, 1, 1, 1, 2, 2, 1, 1, 1, 1, 1, 1, 1, 1, 2, 2, 1, 1, 2, 2, 1, 1, 1, 1, 1, 1, 2, 2, 1, 1, 2, 2, 1, 1, 1, 1, 1, 1, 1, 1, 1, 1]","[0, 1, 1, 2, 1, 3, 3, 4, 4, 5, 5, 6, 6, 7, 6, 8, 8, 9, 9, 10, 10, 11, 11, 12, 11, 13, 13, 14, 14, 15, 13, 16, 16, 17, 17, 18, 18, 19, 19, 20, 5, 21, 21, 22, 21, 23, 21, 4, 14, 9]","[1, 0, 2, 1, 3, 1, 4, 3, 5, 4, 6, 5, 7, 6, 8, 6, 9, 8, 10, 9, 11, 10, 12, 11, 13, 11, 14, 13, 15, 14, 16, 13, 17, 16, 18, 17, 19, 18, 20, 19, 21, 5, 22, 21, 23, 21, 4, 21, 9, 14]",-6.2155
27,56,"[1, 3, 1, 3, 1, 1, 1, 1, 1, 1, 3, 3, 1, 1, 1, 3, 1, 1, 1, 1, 1, 1, 1, 1, 1, 1, 1]","[1, 1, 1, 1, 2, 2, 1, 1, 1, 1, 2, 2, 1, 1, 1, 1, 1, 1, 2, 2, 1, 1, 1, 1, 1, 1, 1, 1, 2, 2, 1, 1, 2, 2, 1, 1, 1, 1, 1, 1, 2, 2, 1, 1, 2, 2, 1, 1, 1, 1, 1, 1, 1, 1, 1, 1]","[0, 1, 1, 2, 2, 3, 2, 4, 4, 5, 4, 6, 6, 7, 7, 8, 8, 9, 9, 10, 9, 11, 11, 12, 12, 13, 13, 14, 14, 15, 14, 16, 16, 17, 17, 18, 16, 19, 19, 20, 20, 21, 21, 22, 22, 23, 8, 24, 24, 25, 24, 26, 24, 7, 17, 12]","[1, 0, 2, 1, 3, 2, 4, 2, 5, 4, 6, 4, 7, 6, 8, 7, 9, 8, 10, 9, 11, 9, 12, 11, 13, 12, 14, 13, 15, 14, 16, 14, 17, 16, 18, 17, 19, 16, 20, 19, 21, 20, 22, 21, 23, 22, 24, 8, 25, 24, 26, 24, 7, 24, 12, 17]",-4.6168
28,64,"[1, 3, 1, 1, 1, 1, 1, 3, 1, 3, 1, 1, 3, 1, 1, 2, 1, 1, 1, 1, 1, 1, 3, 1, 3, 1, 1, 1]","[1, 1, 1, 1, 3, 3, 3, 3, 3, 3, 1, 1, 1, 1, 1, 1, 2, 2, 1, 1, 3, 3, 1, 1, 1, 1, 1, 1, 1, 1, 1, 1, 1, 1, 1, 1, 1, 1, 3, 3, 3, 3, 1, 1, 1, 1, 1, 1, 1, 1, 3, 3, 3, 3, 3, 3, 3, 3, 1, 1, 3, 3, 3, 3]","[0, 1, 1, 2, 2, 3, 3, 4, 4, 5, 5, 6, 6, 7, 7, 8, 8, 9, 8, 10, 10, 11, 11, 12, 12, 13, 6, 14, 14, 15, 15, 16, 15, 17, 17, 18, 18, 19, 19, 20, 20, 21, 21, 22, 22, 23, 23, 24, 24, 25, 25, 26, 26, 27, 11, 2, 10, 5, 27, 14, 27, 19, 25, 21]","[1, 0, 2, 1, 3, 2, 4, 3, 5, 4, 6, 5, 7, 6, 8, 7, 9, 8, 10, 8, 11, 10, 12, 11, 13, 12, 14, 6, 15, 14, 16, 15, 17, 15, 18, 17, 19, 18, 20, 19, 21, 20, 22, 21, 23, 22, 24, 23, 25, 24, 26, 25, 27, 26, 2, 11, 5, 10, 14, 27, 19, 27, 21, 25]",-4.1065
30,68,"[1, 3, 1, 1, 1, 1, 1, 3, 1, 3, 1, 1, 3, 1, 1, 2, 1, 1, 1, 1, 1, 1, 3, 1, 3, 1, 1, 3, 1, 1]","[1, 1, 1, 1, 3, 3, 3, 3, 3, 3, 1, 1, 1, 1, 1, 1, 2, 2, 1, 1, 3, 3, 1, 1, 1, 1, 1, 1, 1, 1, 1, 1, 1, 1, 1, 1, 1, 1, 3, 3, 3, 3, 1, 1, 1, 1, 1, 1, 1, 1, 3, 3, 1, 1, 1, 1, 3, 3, 3, 3, 3, 3, 3, 3, 1, 1, 3, 3]","[0, 1, 1, 2, 2, 3, 3, 4, 4, 5, 5, 6, 6, 7, 7, 8, 8, 9, 8, 10, 10, 11, 11, 12, 12, 13, 6, 14, 14, 15, 15, 16, 15, 17, 17, 18, 18, 19, 19, 20, 20, 21, 21, 22, 22, 23, 23, 24, 24, 25, 25, 26, 26, 27, 27, 28, 26, 29, 10, 5, 11, 2, 25, 21, 29, 14, 29, 19]","[1, 0, 2, 1, 3, 2, 4, 3, 5, 4, 6, 5, 7, 6, 8, 7, 9, 8, 10, 8, 11, 10, 12, 11, 13, 12, 14, 6, 15, 14, 16, 15, 17, 15, 18, 17, 19, 18, 20, 19, 21, 20, 22, 21, 23, 22, 24, 23, 25, 24, 26, 25, 27, 26, 28, 27, 29, 26, 5, 10, 2, 11, 21, 25, 14, 29, 19, 29]",-3.14
10,20,"[1, 1, 1, 1, 1, 1, 1, 1, 1, 1]","[1, 1, 1, 1, 1, 1, 2, 2, 1, 1, 1, 1, 2, 2, 1, 1, 1, 1, 1, 1]","[0, 1, 1, 2, 1, 3, 3, 4, 4, 5, 5, 6, 6, 7, 7, 8, 6, 9, 8, 3]","[1, 0, 2, 1, 3, 1, 4, 3, 5, 4, 6, 5, 7, 6, 8, 7, 9, 6, 3, 8]",-4.1958
6,12,"[1, 1, 1, 1, 1, 1]","[1, 1, 2, 2, 1, 1, 1, 1, 2, 2, 1, 1]","[0, 1, 1, 2, 2, 3, 3, 4, 4, 5, 5, 0]","[1, 0, 2, 1, 3, 2, 4, 3, 5, 4, 0, 5]",-2.0587
24,54,"[1, 3, 1, 1, 1, 1, 2, 1, 1, 1, 1, 3, 1, 1, 1, 1, 1, 2, 1, 1, 1, 1, 1, 1]","[1, 1, 1, 1, 3, 3, 3, 3, 3, 3, 3, 3, 3, 3, 3, 3, 3, 3, 1, 1, 2, 2, 1, 1, 1, 1, 1, 1, 1, 1, 1, 1, 1, 1, 1, 1, 1, 1, 1, 1, 2, 2, 3, 3, 3, 3, 3, 3, 3, 3, 1, 1, 1, 1]","[0, 1, 1, 2, 2, 3, 3, 4, 4, 5, 5, 6, 6, 7, 7, 8, 8, 9, 9, 10, 10, 11, 10, 12, 12, 13, 13, 14, 14, 15, 15, 16, 16, 17, 17, 18, 18, 19, 19, 20, 20, 21, 9, 22, 22, 23, 23, 2, 22, 5, 17, 12, 19, 14]","[1, 0, 2, 1, 3, 2, 4, 3, 5, 4, 6, 5, 7, 6, 8, 7, 9, 8, 10, 9, 11, 10, 12, 10, 13, 12, 14, 13, 15, 14, 16, 15, 17, 16, 18, 17, 19, 18, 20, 19, 21, 20, 22, 9, 23, 22, 2, 23, 5, 22, 12, 17, 14, 19]",-5.0313
22,50,"[1, 1, 1, 1, 2, 1, 1, 1, 1, 1, 1, 3, 1, 1, 1, 2, 1, 1, 1, 1, 1, 1]","[2, 2, 1, 1, 1, 1, 1, 1, 1, 1, 1, 1, 1, 1, 1, 1, 1, 1, 1, 1, 2, 2, 1, 1, 3, 3, 3, 3, 3, 3, 3, 3, 3, 3, 3, 3, 3, 3, 3, 3, 3, 3, 1, 1, 1, 1, 3, 3, 3, 3]","[0, 1, 1, 2, 2, 3, 3, 4, 4, 5, 5, 6, 6, 7, 7, 8, 8, 9, 9, 10, 10, 11, 10, 12, 12, 13, 13, 14, 14, 15, 15, 16, 16, 17, 17, 18, 18, 19, 19, 20, 20, 21, 7, 2, 9, 4, 17, 12, 21, 16]","[1, 0, 2, 1, 3, 2, 4, 3, 5, 4, 6, 5, 7, 6, 8, 7, 9, 8, 10, 9, 11, 10, 12, 10, 13, 12, 14, 13, 15, 14, 16, 15, 17, 16, 18, 17, 19, 18, 20, 19, 21, 20, 2, 7, 4, 9, 12, 17, 16, 21]",-3.19
24,54,"[3, 1, 1, 1, 1, 1, 1, 1, 3, 1, 3, 1, 1, 1, 1, 1, 1, 1, 1, 1, 1, 3, 1, 1]","[1, 1, 3, 3, 3, 3, 3, 3, 3, 3, 3, 3, 1, 1, 1, 1, 1, 1, 2, 2, 1, 1, 3, 3, 3, 3, 3, 3, 3, 3, 3, 3, 1, 1, 3, 3, 3, 3, 3, 3, 1, 1, 3, 3, 3, 3, 3, 3, 1, 1, 3, 3, 3, 3]","[0, 1, 1, 2, 2, 3, 3, 4, 4, 5, 5, 6, 4, 7, 7, 8, 8, 9, 9, 10, 9, 11, 11, 12, 12, 13, 13, 14, 14, 15, 15, 16, 7, 17, 17, 18, 18, 19, 19, 20, 20, 21, 20, 22, 22, 23, 6, 1, 16, 7, 16, 11, 23, 17]","[1, 0, 2, 1, 3, 2, 4, 3, 5, 4, 6, 5, 7, 4, 8, 7, 9, 8, 10, 9, 11, 9, 12, 11, 13, 12, 14, 13, 15, 14, 16, 15, 17, 7, 18, 17, 19, 18, 20, 19, 21, 20, 22, 20, 23, 22, 1, 6, 7, 16, 11, 16, 17, 23]",-2.9008
22,50,"[3, 1, 3, 1, 1, 1, 1, 1, 1, 1, 1, 1, 1, 1, 1, 1, 1, 1, 1, 1, 1, 1]","[2, 2, 1, 1, 1, 1, 1, 1, 3, 3, 3, 3, 3, 3, 3, 3, 3, 3, 1, 1, 3, 3, 3, 3, 3, 3, 3, 3, 3, 3, 1, 1, 3, 3, 3, 3, 3, 3, 3, 3, 3, 3, 1, 1, 3, 3, 3, 3, 3, 3]","[0, 1, 1, 2, 2, 3, 3, 4, 4, 5, 5, 6, 6, 7, 7, 8, 8, 9, 3, 10, 10, 11, 11, 12, 12, 13, 13, 14, 14, 15, 3, 16, 16, 17, 17, 18, 18, 19, 19, 20, 20, 21, 17, 1, 9, 4, 15, 10, 21, 16]","[1, 0, 2, 1, 3, 2, 4, 3, 5, 4, 6, 5, 7, 6, 8, 7, 9, 8, 10, 3, 11, 10, 12, 11, 13, 12, 14, 13, 15, 14, 16, 3, 17, 16, 18, 17, 19, 18, 20, 19, 21, 20, 1, 17, 4, 9, 10, 15, 16, 21]",-3.85
31,70,"[1, 1, 1, 3, 1, 1, 1, 1, 1, 1, 1, 1, 1, 3, 1, 1, 1, 1, 1, 6, 1, 3, 1, 1, 1, 1, 3, 1, 3, 1, 3]","[1, 1, 1, 1, 1, 1, 1, 1, 1, 1, 1, 1, 1, 1, 1, 1, 1, 1, 1, 1, 2, 2, 1, 1, 2, 2, 1, 1, 2, 2, 1, 1, 1, 1, 1, 1, 1, 1, 1, 1, 1, 1, 1, 1, 1, 1, 1, 1, 1, 1, 1, 1, 1, 1, 2, 2, 1, 1, 1, 1, 1, 1, 1, 1, 1, 1, 1, 1, 1, 1]","[0, 1, 1, 2, 1, 3, 3, 4, 4, 5, 5, 6, 6, 7, 7, 8, 8, 9, 9, 10, 10, 11, 11, 12, 12, 13, 12, 14, 14, 15, 15, 16, 16, 17, 16, 18, 18, 19, 18, 20, 20, 21, 20, 22, 22, 23, 23, 24, 23, 25, 25, 26, 25, 27, 27, 28, 27, 29, 29, 30, 26, 1, 25, 4, 23, 6, 18, 7, 16, 10]","[1, 0, 2, 1, 3, 1, 4, 3, 5, 4, 6, 5, 7, 6, 8, 7, 9, 8, 10, 9, 11, 10, 12, 11, 13, 12, 14, 12, 15, 14, 16, 15, 17, 16, 18, 16, 19, 18, 20, 18, 21, 20, 22, 20, 23, 22, 24, 23, 25, 23, 26, 25, 27, 25, 28, 27, 29, 27, 30, 29, 1, 26, 4, 25, 6, 23, 7, 18, 10, 16]",-4.3158
38,84,"[1, 1, 1, 1, 1, 1, 3, 3, 1, 1, 3, 1, 3, 1, 1, 1, 3, 1, 1, 1, 1, 1, 1, 1, 1, 1, 3, 1, 1, 1, 1, 1, 6, 1, 3, 1, 1, 1]","[1, 1, 1, 1, 1, 1, 1, 1, 1, 1, 2, 2, 1, 1, 1, 1, 1, 1, 2, 2, 1, 1, 1, 1, 1, 1, 1, 1, 1, 1, 1, 1, 1, 1, 1, 1, 1, 1, 1, 1, 1, 1, 1, 1, 1, 1, 2, 2, 1, 1, 2, 2, 1, 1, 2, 2, 1, 1, 1, 1, 1, 1, 1, 1, 1, 1, 1, 1, 1, 1, 1, 1, 1, 1, 1, 1, 1, 1, 1, 1, 1, 1, 1, 1]","[0, 1, 1, 2, 1, 3, 1, 4, 4, 5, 5, 6, 5, 7, 7, 8, 8, 9, 9, 10, 9, 11, 11, 12, 12, 13, 13, 14, 13, 15, 13, 16, 16, 17, 17, 18, 18, 19, 19, 20, 20, 21, 21, 22, 22, 23, 23, 24, 24, 25, 25, 26, 25, 27, 27, 28, 28, 29, 29, 30, 29, 31, 31, 32, 31, 33, 33, 34, 33, 35, 35, 36, 36, 37, 17, 11, 36, 11, 36, 19, 31, 20, 29, 23]","[1, 0, 2, 1, 3, 1, 4, 1, 5, 4, 6, 5, 7, 5, 8, 7, 9, 8, 10, 9, 11, 9, 12, 11, 13, 12, 14, 13, 15, 13, 16, 13, 17, 16, 18, 17, 19, 18, 20, 19, 21, 20, 22, 21, 23, 22, 24, 23, 25, 24, 26, 25, 27, 25, 28, 27, 29, 28, 30, 29, 31, 29, 32, 31, 33, 31, 34, 33, 35, 33, 36, 35, 37, 36, 11, 17, 11, 36, 19, 36, 20, 31, 23, 29]",-5.1244
54,122,"[1, 1, 3, 1, 1, 1, 3, 1, 3, 3, 1, 1, 3, 1, 1, 3, 1, 1, 3, 1, 1, 3, 1, 1, 3, 1, 1, 3, 1, 1, 1, 1, 1, 1, 1, 1, 1, 1, 1, 1, 1, 1, 1, 1, 1, 1, 3, 1, 1, 1, 3, 3, 1, 1]","[1, 1, 1, 1, 1, 1, 1, 1, 1, 1, 1, 1, 1, 1, 1, 1, 1, 1, 1, 1, 1, 1, 1, 1, 1, 1, 1, 1, 1, 1, 1, 1, 1, 1, 1, 1, 1, 1, 1, 1, 1, 1, 1, 1, 1, 1, 1, 1, 1, 1, 1, 1, 1, 1, 1, 1, 1, 1, 1, 1, 1, 1, 1, 1, 1, 1, 1, 1, 1, 1, 1, 1, 1, 1, 1, 1, 1, 1, 1, 1, 1, 1, 1, 1, 1, 1, 1, 1, 1, 1, 1, 1, 1, 1, 2, 2, 1, 1, 2, 2, 1, 1, 1, 1, 1, 1, 1, 1, 1, 1, 1, 1, 1, 1, 1, 1, 1, 1, 1, 1, 1, 1]","[0, 1, 1, 2, 2, 3, 3, 4, 4, 5, 5, 6, 5, 7, 7, 8, 3, 9, 9, 10, 10, 11, 11, 12, 11, 13, 13, 14, 14, 15, 15, 16, 16, 17, 14, 18, 18, 19, 19, 20, 20, 21, 20, 22, 22, 23, 23, 24, 24, 25, 25, 26, 23, 27, 27, 28, 28, 29, 29, 30, 30, 31, 31, 32, 31, 33, 33, 34, 34, 35, 35, 36, 36, 37, 37, 38, 38, 39, 39, 40, 40, 41, 40, 42, 42, 43, 43, 44, 44, 45, 45, 46, 42, 47, 47, 48, 48, 49, 49, 50, 49, 51, 51, 52, 33, 53, 7, 1, 16, 10, 25, 19, 53, 28, 37, 31, 45, 36, 45, 40, 52, 47]","[1, 0, 2, 1, 3, 2, 4, 3, 5, 4, 6, 5, 7, 5, 8, 7, 9, 3, 10, 9, 11, 10, 12, 11, 13, 11, 14, 13, 15, 14, 16, 15, 17, 16, 18, 14, 19, 18, 20, 19, 21, 20, 22, 20, 23, 22, 24, 23, 25, 24, 26, 25, 27, 23, 28, 27, 29, 28, 30, 29, 31, 30, 32, 31, 33, 31, 34, 33, 35, 34, 36, 35, 37, 36, 38, 37, 39, 38, 40, 39, 41, 40, 42, 40, 43, 42, 44, 43, 45, 44, 46, 45, 47, 42, 48, 47, 49, 48, 50, 49, 51, 49, 52, 51, 53, 33, 1, 7, 10, 16, 19, 25, 28, 53, 31, 37, 36, 45, 40, 45, 47, 52]",-5.2926
55,124,"[1, 1, 3, 1, 1, 1, 3, 1, 3, 3, 1, 1, 3, 1, 1, 3, 1, 1, 3, 1, 1, 3, 1, 1, 3, 1, 1, 3, 1, 1, 1, 1, 1, 1, 1, 1, 1, 1, 1, 1, 3, 1, 1, 1, 1, 1, 1, 3, 1, 1, 1, 3, 3, 1, 1]","[1, 1, 1, 1, 1, 1, 1, 1, 1, 1, 1, 1, 1, 1, 1, 1, 1, 1, 1, 1, 1, 1, 1, 1, 1, 1, 1, 1, 1, 1, 1, 1, 1, 1, 1, 1, 1, 1, 1, 1, 1, 1, 1, 1, 1, 1, 1, 1, 1, 1, 1, 1, 1, 1, 1, 1, 1, 1, 1, 1, 1, 1, 1, 1, 1, 1, 1, 1, 1, 1, 1, 1, 1, 1, 1, 1, 1, 1, 1, 1, 1, 1, 1, 1, 1, 1, 1, 1, 1, 1, 1, 1, 1, 1, 1, 1, 2, 2, 1, 1, 2, 2, 1, 1, 1, 1, 1, 1, 1, 1, 1, 1, 1, 1, 1, 1, 1, 1, 1, 1, 1, 1, 1, 1]","[0, 1, 1, 2, 2, 3, 3, 4, 4, 5, 5, 6, 5, 7, 7, 8, 3, 9, 9, 10, 10, 11, 11, 12, 11, 13, 13, 14, 14, 15, 15, 16, 16, 17, 14, 18, 18, 19, 19, 20, 20, 21, 20, 22, 22, 23, 23, 24, 24, 25, 25, 26, 23, 27, 27, 28, 28, 29, 29, 30, 30, 31, 31, 32, 31, 33, 33, 34, 34, 35, 35, 36, 36, 37, 37, 38, 38, 39, 39, 40, 39, 41, 41, 42, 41, 43, 43, 44, 44, 45, 45, 46, 46, 47, 43, 48, 48, 49, 49, 50, 50, 51, 50, 52, 52, 53, 33, 54, 7, 1, 16, 10, 25, 19, 54, 28, 37, 31, 46, 36, 46, 41, 53, 48]","[1, 0, 2, 1, 3, 2, 4, 3, 5, 4, 6, 5, 7, 5, 8, 7, 9, 3, 10, 9, 11, 10, 12, 11, 13, 11, 14, 13, 15, 14, 16, 15, 17, 16, 18, 14, 19, 18, 20, 19, 21, 20, 22, 20, 23, 22, 24, 23, 25, 24, 26, 25, 27, 23, 28, 27, 29, 28, 30, 29, 31, 30, 32, 31, 33, 31, 34, 33, 35, 34, 36, 35, 37, 36, 38, 37, 39, 38, 40, 39, 41, 39, 42, 41, 43, 41, 44, 43, 45, 44, 46, 45, 47, 46, 48, 43, 49, 48, 50, 49, 51, 50, 52, 50, 53, 52, 54, 33, 1, 7, 10, 16, 19, 25, 28, 54, 31, 37, 36, 46, 41, 46, 48, 53]",-4.0811
29,62,"[1, 3, 1, 1, 1, 1, 1, 1, 1, 3, 1, 1, 1, 1, 1, 1, 3, 1, 1, 3, 1, 1, 3, 1, 1, 2, 1, 1, 3]","[1, 1, 1, 1, 3, 3, 3, 3, 3, 3, 3, 3, 3, 3, 3, 3, 2, 2, 1, 1, 1, 1, 1, 1, 1, 1, 3, 3, 3, 3, 1, 1, 1, 1, 3, 3, 1, 1, 1, 1, 3, 3, 1, 1, 1, 1, 3, 3, 1, 1, 1, 1, 1, 1, 2, 2, 3, 3, 1, 1, 3, 3]","[0, 1, 1, 2, 2, 3, 3, 4, 4, 5, 5, 6, 6, 7, 7, 8, 8, 9, 6, 10, 10, 11, 11, 12, 12, 13, 13, 14, 14, 15, 15, 16, 16, 17, 15, 18, 18, 19, 19, 20, 18, 21, 21, 22, 22, 23, 21, 24, 10, 25, 25, 26, 26, 27, 26, 28, 8, 2, 24, 5, 24, 13]","[1, 0, 2, 1, 3, 2, 4, 3, 5, 4, 6, 5, 7, 6, 8, 7, 9, 8, 10, 6, 11, 10, 12, 11, 13, 12, 14, 13, 15, 14, 16, 15, 17, 16, 18, 15, 19, 18, 20, 19, 21, 18, 22, 21, 23, 22, 24, 21, 25, 10, 26, 25, 27, 26, 28, 26, 2, 8, 5, 24, 13, 24]",-0.9482
29,62,"[1, 3, 1, 1, 1, 1, 1, 1, 1, 3, 1, 1, 1, 1, 1, 1, 1, 3, 1, 1, 1, 3, 1, 3, 1, 2, 1, 1, 3]","[1, 1, 1, 1, 3, 3, 3, 3, 3, 3, 3, 3, 3, 3, 3, 3, 2, 2, 1, 1, 1, 1, 1, 1, 1, 1, 3, 3, 3, 3, 3, 3, 1, 1, 1, 1, 3, 3, 3, 3, 1, 1, 1, 1, 1, 1, 1, 1, 1, 1, 1, 1, 1, 1, 2, 2, 3, 3, 1, 1, 3, 3]","[0, 1, 1, 2, 2, 3, 3, 4, 4, 5, 5, 6, 6, 7, 7, 8, 8, 9, 6, 10, 10, 11, 11, 12, 12, 13, 13, 14, 14, 15, 15, 16, 16, 17, 17, 18, 16, 19, 19, 20, 19, 21, 21, 22, 15, 23, 23, 24, 10, 25, 25, 26, 26, 27, 26, 28, 8, 2, 14, 5, 20, 13]","[1, 0, 2, 1, 3, 2, 4, 3, 5, 4, 6, 5, 7, 6, 8, 7, 9, 8, 10, 6, 11, 10, 12, 11, 13, 12, 14, 13, 15, 14, 16, 15, 17, 16, 18, 17, 19, 16, 20, 19, 21, 19, 22, 21, 23, 15, 24, 23, 25, 10, 26, 25, 27, 26, 28, 26, 2, 8, 5, 14, 13, 20]",-0.94
21,44,"[4, 1, 2, 1, 1, 1, 1, 1, 2, 1, 1, 1, 1, 1, 1, 8, 1, 1, 2, 1, 1]","[1, 1, 1, 1, 1, 1, 3, 3, 3, 3, 3, 3, 3, 3, 3, 3, 3, 3, 3, 3, 3, 3, 3, 3, 3, 3, 3, 3, 3, 3, 3, 3, 1, 1, 1, 1, 1, 1, 3, 3, 3, 3, 3, 3]","[1, 2, 2, 3, 2, 4, 4, 5, 5, 6, 6, 7, 7, 8, 8, 9, 9, 10, 10, 11, 11, 12, 12, 13, 13, 14, 14, 15, 15, 16, 16, 17, 12, 18, 18, 19, 18, 20, 17, 4, 16, 7, 14, 9]","[2, 1, 3, 2, 4, 2, 5, 4, 6, 5, 7, 6, 8, 7, 9, 8, 10, 9, 11, 10, 12, 11, 13, 12, 14, 13, 15, 14, 16, 15, 17, 16, 18, 12, 19, 18, 20, 18, 4, 17, 7, 16, 9, 14]",-0.8655
20,42,"[4, 1, 2, 1, 1, 1, 1, 1, 2, 1, 1, 1, 1, 1, 2, 1, 1, 8, 1, 1]","[1, 1, 1, 1, 1, 1, 3, 3, 3, 3, 3, 3, 3, 3, 3, 3, 3, 3, 3, 3, 1, 1, 3, 3, 1, 1, 3, 3, 3, 3, 3, 3, 3, 3, 3, 3, 3, 3, 3, 3, 3, 3]","[1, 2, 2, 3, 2, 4, 4, 5, 5, 6, 6, 7, 7, 8, 8, 9, 9, 10, 10, 11, 11, 12, 11, 13, 13, 14, 13, 15, 15, 16, 16, 17, 17, 18, 18, 19, 19, 4, 18, 7, 16, 9]","[2, 1, 3, 2, 4, 2, 5, 4, 6, 5, 7, 6, 8, 7, 9, 8, 10, 9, 11, 10, 12, 11, 13, 11, 14, 13, 15, 13, 16, 15, 17, 16, 18, 17, 19, 18, 4, 19, 7, 18, 9, 16]",-0.9034
35,72,"[1, 1, 1, 1, 1, 1, 1, 1, 2, 8, 3, 3, 1, 1, 1, 1, 1, 1, 2, 2, 1, 1, 3, 2, 1, 1, 1, 1, 1, 3, 1, 1, 1, 1, 2]","[1, 1, 1, 1, 1, 1, 1, 1, 1, 1, 1, 1, 1, 1, 1, 1, 1, 1, 2, 2, 2, 2, 1, 1, 3, 3, 3, 3, 3, 3, 3, 3, 3, 3, 1, 1, 2, 2, 1, 1, 3, 3, 1, 1, 3, 3, 1, 1, 1, 1, 1, 1, 1, 1, 3, 3, 2, 2, 3, 3, 3, 3, 1, 1, 1, 1, 4, 4, 3, 3, 3, 3]","[0, 1, 1, 2, 2, 3, 3, 4, 4, 5, 5, 6, 4, 7, 7, 8, 8, 9, 9, 10, 9, 11, 9, 12, 12, 13, 13, 14, 14, 15, 15, 16, 16, 17, 15, 18, 18, 19, 19, 20, 20, 21, 21, 22, 21, 23, 23, 24, 24, 25, 25, 26, 26, 27, 23, 28, 28, 29, 28, 30, 30, 31, 31, 32, 30, 33, 33, 34, 17, 12, 31, 20]","[1, 0, 2, 1, 3, 2, 4, 3, 5, 4, 6, 5, 7, 4, 8, 7, 9, 8, 10, 9, 11, 9, 12, 9, 13, 12, 14, 13, 15, 14, 16, 15, 17, 16, 18, 15, 19, 18, 20, 19, 21, 20, 22, 21, 23, 21, 24, 23, 25, 24, 26, 25, 27, 26, 28, 23, 29, 28, 30, 28, 31, 30, 32, 31, 33, 30, 34, 33, 12, 17, 20, 31]",-8.797313426799999
25,52,"[1, 1, 2, 1, 1, 2, 2, 1, 1, 1, 1, 4, 1, 1, 2, 3, 3, 1, 1, 1, 2, 1, 3, 1, 3]","[1, 1, 1, 1, 3, 3, 3, 3, 1, 1, 2, 2, 1, 1, 3, 3, 3, 3, 3, 3, 1, 1, 3, 3, 3, 3, 1, 1, 1, 1, 2, 2, 3, 3, 3, 3, 1, 1, 4, 4, 3, 3, 2, 2, 1, 1, 1, 1, 3, 3, 3, 3]","[0, 1, 1, 2, 2, 3, 3, 4, 4, 5, 5, 6, 6, 7, 7, 8, 8, 9, 9, 10, 10, 11, 10, 12, 12, 13, 8, 14, 14, 15, 14, 16, 4, 17, 17, 18, 18, 19, 19, 20, 18, 21, 21, 22, 17, 23, 3, 24, 21, 2, 13, 7]","[1, 0, 2, 1, 3, 2, 4, 3, 5, 4, 6, 5, 7, 6, 8, 7, 9, 8, 10, 9, 11, 10, 12, 10, 13, 12, 14, 8, 15, 14, 16, 14, 17, 4, 18, 17, 19, 18, 20, 19, 21, 18, 22, 21, 23, 17, 24, 3, 2, 21, 7, 13]",-6.69
28,62,"[1, 1, 1, 1, 1, 1, 1, 1, 1, 1, 1, 1, 1, 1, 1, 1, 1, 1, 3, 1, 1, 1, 1, 1, 1, 1, 1, 1]","[1, 1, 1, 1, 1, 1, 1, 1, 1, 1, 1, 1, 1, 1, 1, 1, 1, 1, 1, 1, 1, 1, 1, 1, 1, 1, 1, 1, 2, 2, 1, 1, 1, 1, 1, 1, 1, 1, 1, 1, 1, 1, 1, 1, 1, 1, 1, 1, 1, 1, 1, 1, 1, 1, 1, 1, 1, 1, 1, 1, 1, 1]","[0, 1, 1, 2, 1, 3, 3, 4, 4, 5, 5, 6, 6, 7, 6, 8, 8, 9, 9, 10, 10, 11, 11, 12, 12, 13, 13, 14, 14, 15, 15, 16, 16, 17, 17, 18, 17, 19, 19, 20, 20, 21, 21, 22, 21, 23, 23, 24, 24, 25, 25, 26, 26, 27, 26, 8, 26, 11, 23, 12, 21, 15]","[1, 0, 2, 1, 3, 1, 4, 3, 5, 4, 6, 5, 7, 6, 8, 6, 9, 8, 10, 9, 11, 10, 12, 11, 13, 12, 14, 13, 15, 14, 16, 15, 17, 16, 18, 17, 19, 17, 20, 19, 21, 20, 22, 21, 23, 21, 24, 23, 25, 24, 26, 25, 27, 26, 8, 26, 11, 26, 12, 23, 15, 21]",-7.1001953639
23,52,"[1, 1, 3, 1, 1, 1, 1, 1, 1, 1, 1, 1, 1, 3, 1, 1, 1, 1, 1, 1, 1, 1, 1]","[1, 1, 2, 2, 1, 1, 1, 1, 1, 1, 1, 1, 1, 1, 1, 1, 1, 1, 2, 2, 1, 1, 1, 1, 1, 1, 1, 1, 1, 1, 1, 1, 1, 1, 1, 1, 1, 1, 1, 1, 1, 1, 1, 1, 1, 1, 1, 1, 1, 1, 1, 1]","[0, 1, 1, 2, 1, 3, 3, 4, 4, 5, 5, 6, 6, 7, 7, 8, 8, 9, 9, 10, 10, 11, 11, 12, 12, 13, 12, 14, 14, 15, 15, 16, 16, 17, 16, 18, 18, 19, 19, 20, 20, 21, 21, 22, 21, 3, 21, 6, 18, 7, 16, 10]","[1, 0, 2, 1, 3, 1, 4, 3, 5, 4, 6, 5, 7, 6, 8, 7, 9, 8, 10, 9, 11, 10, 12, 11, 13, 12, 14, 12, 15, 14, 16, 15, 17, 16, 18, 16, 19, 18, 20, 19, 21, 20, 22, 21, 3, 21, 6, 21, 7, 18, 10, 16]",-4.652
138,294,"[1, 3, 1, 1, 1, 1, 2, 1, 3, 1, 2, 2, 1, 1, 1, 1, 1, 1, 4, 1, 1, 1, 1, 2, 2, 1, 1, 1, 3, 1, 3, 2, 1, 1, 1, 1, 1, 1, 1, 4, 1, 1, 1, 3, 1, 1, 1, 3, 1, 1, 1, 1, 2, 1, 3, 1, 2, 2, 1, 1, 1, 1, 1, 1, 4, 1, 1, 1, 1, 2, 2, 1, 1, 1, 3, 1, 3, 2, 1, 1, 1, 1, 3, 1, 1, 1, 1, 4, 1, 1, 1, 3, 1, 1, 1, 1, 3, 1, 2, 2, 1, 1, 1, 1, 1, 1, 4, 1, 1, 1, 1, 2, 2, 1, 1, 1, 3, 1, 3, 2, 1, 1, 1, 1, 1, 1, 1, 4, 1, 1, 3, 2, 1, 1, 1, 1, 1, 1]","[1, 1, 1, 1, 3, 3, 3, 3, 3, 3, 1, 1, 1, 1, 2, 2, 1, 1, 1, 1, 2, 2, 1, 1, 3, 3, 3, 3, 3, 3, 3, 3, 3, 3, 1, 1, 1, 1, 3, 3, 3, 3, 3, 3, 1, 1, 2, 2, 1, 1, 1, 1, 1, 1, 2, 2, 1, 1, 2, 2, 1, 1, 1, 1, 3, 3, 3, 3, 3, 3, 3, 3, 3, 3, 3, 3, 1, 1, 3, 3, 1, 1, 1, 1, 2, 2, 3, 3, 3, 3, 1, 1, 1, 1, 3, 3, 3, 3, 3, 3, 1, 1, 1, 1, 2, 2, 1, 1, 1, 1, 2, 2, 1, 1, 3, 3, 3, 3, 3, 3, 3, 3, 3, 3, 1, 1, 1, 1, 3, 3, 3, 3, 3, 3, 1, 1, 2, 2, 1, 1, 1, 1, 1, 1, 2, 2, 1, 1, 2, 2, 1, 1, 1, 1, 3, 3, 3, 3, 3, 3, 1, 1, 1, 1, 3, 3, 3, 3, 3, 3, 1, 1, 3, 3, 1, 1, 1, 1, 2, 2, 3, 3, 3, 3, 1, 1, 2, 2, 1, 1, 1, 1, 2, 2, 1, 1, 3, 3, 3, 3, 3, 3, 3, 3, 3, 3, 1, 1, 1, 1, 3, 3, 3, 3, 3, 3, 1, 1, 2, 2, 1, 1, 1, 1, 1, 1, 2, 2, 1, 1, 2, 2, 1, 1, 1, 1, 3, 3, 3, 3, 3, 3, 3, 3, 3, 3, 3, 3, 1, 1, 3, 3, 1, 1, 2, 2, 1, 1, 1, 1, 3, 3, 3, 3, 3, 3, 3, 3, 3, 3, 3, 3, 3, 3, 3, 3, 3, 3, 3, 3, 3, 3, 3, 3, 3, 3, 3, 3, 3, 3, 3, 3, 3, 3]","[0, 1, 1, 2, 2, 3, 3, 4, 4, 5, 5, 6, 6, 7, 7, 8, 7, 9, 9, 10, 10, 11, 11, 12, 12, 13, 13, 14, 14, 15, 15, 16, 16, 17, 17, 18, 15, 19, 19, 20, 20, 21, 21, 22, 22, 23, 23, 24, 24, 25, 25, 26, 26, 27, 26, 28, 25, 29, 29, 30, 29, 31, 31, 32, 32, 33, 33, 34, 34, 35, 35, 36, 36, 37, 22, 38, 38, 39, 38, 40, 9, 41, 41, 42, 41, 43, 5, 44, 44, 45, 46, 47, 47, 48, 48, 49, 49, 50, 50, 51, 51, 52, 52, 53, 53, 54, 53, 55, 55, 56, 56, 57, 57, 58, 58, 59, 59, 60, 60, 61, 61, 62, 62, 63, 63, 64, 61, 65, 65, 66, 66, 67, 67, 68, 68, 69, 69, 70, 70, 71, 71, 72, 72, 73, 72, 74, 71, 75, 75, 76, 75, 77, 77, 78, 78, 79, 79, 80, 80, 81, 81, 82, 82, 83, 81, 84, 84, 85, 68, 86, 86, 87, 86, 88, 55, 89, 89, 90, 89, 91, 51, 92, 92, 93, 94, 95, 95, 96, 95, 97, 97, 98, 98, 99, 99, 100, 100, 101, 101, 102, 102, 103, 103, 104, 104, 105, 105, 106, 103, 107, 107, 108, 108, 109, 109, 110, 110, 111, 111, 112, 112, 113, 113, 114, 114, 115, 114, 116, 113, 117, 117, 118, 117, 119, 119, 120, 120, 121, 121, 122, 122, 123, 123, 124, 124, 125, 110, 126, 126, 127, 126, 128, 97, 129, 129, 130, 129, 131, 131, 132, 132, 133, 133, 134, 134, 135, 135, 136, 136, 137, 45, 2, 17, 12, 40, 19, 37, 32, 93, 48, 63, 58, 88, 65, 85, 78, 105, 100, 128, 107, 125, 120, 137, 132]","[1, 0, 2, 1, 3, 2, 4, 3, 5, 4, 6, 5, 7, 6, 8, 7, 9, 7, 10, 9, 11, 10, 12, 11, 13, 12, 14, 13, 15, 14, 16, 15, 17, 16, 18, 17, 19, 15, 20, 19, 21, 20, 22, 21, 23, 22, 24, 23, 25, 24, 26, 25, 27, 26, 28, 26, 29, 25, 30, 29, 31, 29, 32, 31, 33, 32, 34, 33, 35, 34, 36, 35, 37, 36, 38, 22, 39, 38, 40, 38, 41, 9, 42, 41, 43, 41, 44, 5, 45, 44, 47, 46, 48, 47, 49, 48, 50, 49, 51, 50, 52, 51, 53, 52, 54, 53, 55, 53, 56, 55, 57, 56, 58, 57, 59, 58, 60, 59, 61, 60, 62, 61, 63, 62, 64, 63, 65, 61, 66, 65, 67, 66, 68, 67, 69, 68, 70, 69, 71, 70, 72, 71, 73, 72, 74, 72, 75, 71, 76, 75, 77, 75, 78, 77, 79, 78, 80, 79, 81, 80, 82, 81, 83, 82, 84, 81, 85, 84, 86, 68, 87, 86, 88, 86, 89, 55, 90, 89, 91, 89, 92, 51, 93, 92, 95, 94, 96, 95, 97, 95, 98, 97, 99, 98, 100, 99, 101, 100, 102, 101, 103, 102, 104, 103, 105, 104, 106, 105, 107, 103, 108, 107, 109, 108, 110, 109, 111, 110, 112, 111, 113, 112, 114, 113, 115, 114, 116, 114, 117, 113, 118, 117, 119, 117, 120, 119, 121, 120, 122, 121, 123, 122, 124, 123, 125, 124, 126, 110, 127, 126, 128, 126, 129, 97, 130, 129, 131, 129, 132, 131, 133, 132, 134, 133, 135, 134, 136, 135, 137, 136, 2, 45, 12, 17, 19, 40, 32, 37, 48, 93, 58, 63, 65, 88, 78, 85, 100, 105, 107, 128, 120, 125, 132, 137]",-8.5404809541
153,324,"[1, 3, 1, 1, 1, 2, 1, 3, 1, 2, 2, 1, 1, 1, 1, 1, 1, 4, 1, 1, 1, 1, 2, 2, 1, 1, 1, 3, 1, 3, 2, 1, 1, 1, 1, 1, 1, 1, 1, 1, 4, 1, 1, 1, 3, 1, 3, 1, 1, 1, 4, 1, 3, 1, 1, 1, 2, 1, 3, 1, 2, 2, 1, 1, 1, 1, 1, 1, 4, 1, 1, 1, 1, 2, 2, 1, 1, 1, 3, 1, 3, 2, 1, 1, 1, 3, 1, 1, 4, 1, 1, 3, 1, 1, 4, 1, 1, 1, 3, 1, 3, 1, 1, 1, 4, 1, 1, 3, 1, 2, 2, 1, 1, 1, 1, 1, 1, 4, 1, 1, 1, 1, 2, 2, 1, 1, 1, 3, 1, 3, 2, 1, 1, 1, 1, 1, 1, 1, 1, 1, 4, 1, 1, 3, 2, 1, 1, 1, 1, 1, 1, 1, 1]","[1, 1, 1, 1, 3, 3, 3, 3, 1, 1, 1, 1, 2, 2, 1, 1, 1, 1, 2, 2, 1, 1, 3, 3, 3, 3, 3, 3, 3, 3, 3, 3, 1, 1, 1, 1, 3, 3, 3, 3, 3, 3, 1, 1, 2, 2, 1, 1, 1, 1, 1, 1, 2, 2, 1, 1, 2, 2, 1, 1, 1, 1, 3, 3, 3, 3, 3, 3, 1, 1, 3, 3, 3, 3, 1, 1, 3, 3, 1, 1, 3, 3, 1, 1, 1, 1, 2, 2, 3, 3, 1, 1, 1, 1, 3, 3, 3, 3, 1, 1, 1, 1, 1, 1, 3, 3, 3, 3, 1, 1, 1, 1, 2, 2, 1, 1, 1, 1, 2, 2, 1, 1, 3, 3, 3, 3, 3, 3, 3, 3, 3, 3, 1, 1, 1, 1, 3, 3, 3, 3, 3, 3, 1, 1, 2, 2, 1, 1, 1, 1, 1, 1, 2, 2, 1, 1, 2, 2, 1, 1, 1, 1, 3, 3, 3, 3, 1, 1, 1, 1, 3, 3, 1, 1, 3, 3, 3, 3, 1, 1, 1, 1, 3, 3, 1, 1, 3, 3, 1, 1, 1, 1, 2, 2, 3, 3, 1, 1, 1, 1, 3, 3, 3, 3, 1, 1, 1, 1, 2, 2, 1, 1, 1, 1, 2, 2, 1, 1, 3, 3, 3, 3, 3, 3, 3, 3, 3, 3, 1, 1, 1, 1, 3, 3, 3, 3, 3, 3, 1, 1, 2, 2, 1, 1, 1, 1, 1, 1, 2, 2, 1, 1, 2, 2, 1, 1, 1, 1, 3, 3, 3, 3, 3, 3, 1, 1, 3, 3, 3, 3, 1, 1, 3, 3, 1, 1, 3, 3, 1, 1, 2, 2, 1, 1, 1, 1, 3, 3, 3, 3, 3, 3, 1, 1, 3, 3, 3, 3, 1, 1, 3, 3, 3, 3, 3, 3, 3, 3, 3, 3, 3, 3, 3, 3, 3, 3, 3, 3, 3, 3, 3, 3, 3, 3]","[0, 1, 1, 2, 2, 3, 3, 4, 4, 5, 5, 6, 6, 7, 6, 8, 8, 9, 9, 10, 10, 11, 11, 12, 12, 13, 13, 14, 14, 15, 15, 16, 16, 17, 14, 18, 18, 19, 19, 20, 20, 21, 21, 22, 22, 23, 23, 24, 24, 25, 25, 26, 25, 27, 24, 28, 28, 29, 28, 30, 30, 31, 31, 32, 32, 33, 33, 34, 34, 35, 34, 36, 36, 37, 37, 38, 21, 39, 39, 40, 39, 41, 8, 42, 42, 43, 42, 44, 4, 45, 45, 46, 46, 47, 45, 48, 48, 49, 49, 50, 51, 52, 52, 53, 53, 54, 54, 55, 55, 56, 56, 57, 57, 58, 57, 59, 59, 60, 60, 61, 61, 62, 62, 63, 63, 64, 64, 65, 65, 66, 66, 67, 67, 68, 65, 69, 69, 70, 70, 71, 71, 72, 72, 73, 73, 74, 74, 75, 75, 76, 76, 77, 76, 78, 75, 79, 79, 80, 79, 81, 81, 82, 82, 83, 83, 84, 84, 85, 85, 86, 84, 87, 87, 88, 87, 89, 89, 90, 90, 91, 91, 92, 72, 93, 93, 94, 93, 95, 59, 96, 96, 97, 96, 98, 55, 99, 99, 100, 100, 101, 99, 102, 102, 103, 103, 104, 105, 106, 106, 107, 106, 108, 108, 109, 109, 110, 110, 111, 111, 112, 112, 113, 113, 114, 114, 115, 115, 116, 116, 117, 114, 118, 118, 119, 119, 120, 120, 121, 121, 122, 122, 123, 123, 124, 124, 125, 125, 126, 125, 127, 124, 128, 128, 129, 128, 130, 130, 131, 131, 132, 132, 133, 133, 134, 134, 135, 134, 136, 136, 137, 137, 138, 121, 139, 139, 140, 139, 141, 108, 142, 142, 143, 142, 144, 144, 145, 145, 146, 146, 147, 147, 148, 148, 149, 148, 150, 150, 151, 151, 152, 49, 2, 16, 11, 41, 18, 37, 31, 103, 53, 67, 62, 95, 69, 90, 82, 116, 111, 141, 118, 137, 131, 151, 145]","[1, 0, 2, 1, 3, 2, 4, 3, 5, 4, 6, 5, 7, 6, 8, 6, 9, 8, 10, 9, 11, 10, 12, 11, 13, 12, 14, 13, 15, 14, 16, 15, 17, 16, 18, 14, 19, 18, 20, 19, 21, 20, 22, 21, 23, 22, 24, 23, 25, 24, 26, 25, 27, 25, 28, 24, 29, 28, 30, 28, 31, 30, 32, 31, 33, 32, 34, 33, 35, 34, 36, 34, 37, 36, 38, 37, 39, 21, 40, 39, 41, 39, 42, 8, 43, 42, 44, 42, 45, 4, 46, 45, 47, 46, 48, 45, 49, 48, 50, 49, 52, 51, 53, 52, 54, 53, 55, 54, 56, 55, 57, 56, 58, 57, 59, 57, 60, 59, 61, 60, 62, 61, 63, 62, 64, 63, 65, 64, 66, 65, 67, 66, 68, 67, 69, 65, 70, 69, 71, 70, 72, 71, 73, 72, 74, 73, 75, 74, 76, 75, 77, 76, 78, 76, 79, 75, 80, 79, 81, 79, 82, 81, 83, 82, 84, 83, 85, 84, 86, 85, 87, 84, 88, 87, 89, 87, 90, 89, 91, 90, 92, 91, 93, 72, 94, 93, 95, 93, 96, 59, 97, 96, 98, 96, 99, 55, 100, 99, 101, 100, 102, 99, 103, 102, 104, 103, 106, 105, 107, 106, 108, 106, 109, 108, 110, 109, 111, 110, 112, 111, 113, 112, 114, 113, 115, 114, 116, 115, 117, 116, 118, 114, 119, 118, 120, 119, 121, 120, 122, 121, 123, 122, 124, 123, 125, 124, 126, 125, 127, 125, 128, 124, 129, 128, 130, 128, 131, 130, 132, 131, 133, 132, 134, 133, 135, 134, 136, 134, 137, 136, 138, 137, 139, 121, 140, 139, 141, 139, 142, 108, 143, 142, 144, 142, 145, 144, 146, 145, 147, 146, 148, 147, 149, 148, 150, 148, 151, 150, 152, 151, 2, 49, 11, 16, 18, 41, 31, 37, 53, 103, 62, 67, 69, 95, 82, 90, 111, 116, 118, 141, 131, 137, 145, 151]",-9.052340862
25,54,"[1, 1, 1, 1, 1, 1, 1, 3, 7, 3, 1, 1, 1, 1, 1, 1, 1, 3, 1, 1, 1, 1, 1, 1, 1]","[1, 1, 3, 3, 3, 3, 3, 3, 3, 3, 3, 3, 1, 1, 1, 1, 1, 1, 1, 1, 3, 3, 3, 3, 3, 3, 3, 3, 3, 3, 1, 1, 1, 1, 1, 1, 3, 3, 3, 3, 3, 3, 3, 3, 3, 3, 1, 1, 3, 3, 3, 3, 3, 3]","[0, 1, 1, 2, 2, 3, 3, 4, 4, 5, 5, 6, 6, 7, 7, 8, 8, 9, 9, 10, 10, 11, 11, 12, 12, 13, 13, 14, 14, 15, 15, 16, 8, 17, 17, 18, 18, 19, 19, 20, 20, 21, 21, 22, 22, 23, 23, 24, 6, 1, 15, 10, 23, 18]","[1, 0, 2, 1, 3, 2, 4, 3, 5, 4, 6, 5, 7, 6, 8, 7, 9, 8, 10, 9, 11, 10, 12, 11, 13, 12, 14, 13, 15, 14, 16, 15, 17, 8, 18, 17, 19, 18, 20, 19, 21, 20, 22, 21, 23, 22, 24, 23, 1, 6, 10, 15, 18, 23]",-7.779843060399999
46,96,"[1, 1, 1, 1, 1, 1, 1, 1, 3, 7, 3, 1, 1, 1, 1, 1, 1, 1, 1, 1, 1, 1, 1, 1, 1, 3, 1, 1, 1, 1, 1, 1, 1, 1, 1, 1, 1, 1, 1, 1, 1, 1, 1, 1, 1, 1]","[1, 1, 1, 1, 1, 1, 1, 1, 3, 3, 3, 3, 3, 3, 1, 1, 1, 1, 1, 1, 1, 1, 3, 3, 3, 3, 3, 3, 3, 3, 3, 3, 1, 1, 1, 1, 1, 1, 1, 1, 1, 1, 1, 1, 1, 1, 1, 1, 1, 1, 1, 1, 3, 3, 3, 3, 3, 3, 3, 3, 3, 3, 1, 1, 1, 1, 1, 1, 1, 1, 1, 1, 1, 1, 1, 1, 1, 1, 3, 3, 3, 3, 1, 1, 1, 1, 1, 1, 1, 1, 3, 3, 3, 3, 3, 3]","[0, 1, 1, 2, 1, 3, 1, 4, 4, 5, 5, 6, 6, 7, 7, 8, 8, 9, 9, 10, 10, 11, 11, 12, 12, 13, 13, 14, 14, 15, 15, 16, 16, 17, 17, 18, 17, 19, 17, 20, 14, 21, 21, 22, 21, 23, 21, 24, 9, 25, 25, 26, 26, 27, 27, 28, 28, 29, 29, 30, 30, 31, 31, 32, 32, 33, 32, 34, 32, 35, 29, 36, 36, 37, 36, 38, 36, 39, 7, 40, 40, 41, 40, 42, 42, 43, 42, 44, 42, 45, 41, 4, 16, 11, 31, 26]","[1, 0, 2, 1, 3, 1, 4, 1, 5, 4, 6, 5, 7, 6, 8, 7, 9, 8, 10, 9, 11, 10, 12, 11, 13, 12, 14, 13, 15, 14, 16, 15, 17, 16, 18, 17, 19, 17, 20, 17, 21, 14, 22, 21, 23, 21, 24, 21, 25, 9, 26, 25, 27, 26, 28, 27, 29, 28, 30, 29, 31, 30, 32, 31, 33, 32, 34, 32, 35, 32, 36, 29, 37, 36, 38, 36, 39, 36, 40, 7, 41, 40, 42, 40, 43, 42, 44, 42, 45, 42, 4, 41, 11, 16, 26, 31]",-8.1118919859
62,132,"[1, 1, 3, 1, 2, 2, 1, 1, 1, 1, 1, 1, 4, 1, 3, 2, 1, 1, 1, 4, 1, 1, 1, 1, 1, 3, 2, 1, 1, 1, 1, 1, 2, 1, 3, 1, 2, 2, 1, 1, 1, 1, 1, 1, 4, 1, 3, 2, 1, 1, 1, 4, 1, 1, 1, 1, 1, 1, 3, 1, 1, 1]","[1, 1, 2, 2, 1, 1, 1, 1, 2, 2, 1, 1, 3, 3, 3, 3, 3, 3, 3, 3, 3, 3, 1, 1, 1, 1, 2, 2, 1, 1, 1, 1, 3, 3, 3, 3, 1, 1, 3, 3, 3, 3, 3, 3, 1, 1, 1, 1, 2, 2, 1, 1, 1, 1, 3, 3, 3, 3, 1, 1, 3, 3, 1, 1, 1, 1, 2, 2, 1, 1, 1, 1, 2, 2, 1, 1, 3, 3, 3, 3, 3, 3, 3, 3, 3, 3, 1, 1, 1, 1, 2, 2, 1, 1, 1, 1, 3, 3, 3, 3, 1, 1, 3, 3, 3, 3, 3, 3, 1, 1, 1, 1, 1, 1, 2, 2, 3, 3, 3, 3, 1, 1, 3, 3, 3, 3, 3, 3, 3, 3, 3, 3]","[0, 1, 1, 2, 1, 3, 3, 4, 4, 5, 5, 6, 6, 7, 7, 8, 8, 9, 9, 10, 10, 11, 11, 12, 8, 13, 13, 14, 13, 15, 15, 16, 16, 17, 17, 18, 18, 19, 18, 20, 20, 21, 21, 22, 22, 23, 3, 24, 24, 25, 24, 26, 26, 27, 27, 28, 28, 29, 29, 30, 29, 31, 31, 32, 32, 33, 33, 34, 33, 35, 35, 36, 36, 37, 37, 38, 38, 39, 39, 40, 40, 41, 41, 42, 42, 43, 43, 44, 40, 45, 45, 46, 45, 47, 47, 48, 48, 49, 49, 50, 50, 51, 50, 52, 52, 53, 53, 54, 54, 55, 35, 56, 56, 57, 56, 58, 31, 59, 59, 60, 60, 61, 11, 6, 22, 16, 60, 27, 43, 38, 54, 48]","[1, 0, 2, 1, 3, 1, 4, 3, 5, 4, 6, 5, 7, 6, 8, 7, 9, 8, 10, 9, 11, 10, 12, 11, 13, 8, 14, 13, 15, 13, 16, 15, 17, 16, 18, 17, 19, 18, 20, 18, 21, 20, 22, 21, 23, 22, 24, 3, 25, 24, 26, 24, 27, 26, 28, 27, 29, 28, 30, 29, 31, 29, 32, 31, 33, 32, 34, 33, 35, 33, 36, 35, 37, 36, 38, 37, 39, 38, 40, 39, 41, 40, 42, 41, 43, 42, 44, 43, 45, 40, 46, 45, 47, 45, 48, 47, 49, 48, 50, 49, 51, 50, 52, 50, 53, 52, 54, 53, 55, 54, 56, 35, 57, 56, 58, 56, 59, 31, 60, 59, 61, 60, 6, 11, 16, 22, 27, 60, 38, 43, 48, 54]",-7.263233538400001
62,132,"[1, 1, 3, 1, 2, 2, 1, 1, 1, 1, 1, 1, 4, 1, 3, 2, 1, 1, 1, 1, 1, 4, 1, 1, 1, 3, 2, 1, 1, 1, 4, 1, 2, 1, 3, 1, 2, 2, 1, 1, 1, 1, 1, 1, 4, 1, 3, 2, 1, 1, 1, 1, 1, 4, 1, 1, 1, 1, 3, 1, 1, 1]","[1, 1, 2, 2, 1, 1, 1, 1, 2, 2, 1, 1, 3, 3, 3, 3, 3, 3, 3, 3, 3, 3, 1, 1, 1, 1, 2, 2, 1, 1, 1, 1, 3, 3, 3, 3, 3, 3, 3, 3, 1, 1, 3, 3, 1, 1, 1, 1, 2, 2, 1, 1, 1, 1, 3, 3, 3, 3, 1, 1, 3, 3, 1, 1, 1, 1, 2, 2, 1, 1, 1, 1, 2, 2, 1, 1, 3, 3, 3, 3, 3, 3, 3, 3, 3, 3, 1, 1, 1, 1, 2, 2, 1, 1, 1, 1, 3, 3, 3, 3, 3, 3, 3, 3, 1, 1, 3, 3, 1, 1, 1, 1, 1, 1, 2, 2, 3, 3, 3, 3, 1, 1, 3, 3, 3, 3, 3, 3, 3, 3, 3, 3]","[0, 1, 1, 2, 1, 3, 3, 4, 4, 5, 5, 6, 6, 7, 7, 8, 8, 9, 9, 10, 10, 11, 11, 12, 8, 13, 13, 14, 13, 15, 15, 16, 16, 17, 17, 18, 18, 19, 19, 20, 20, 21, 20, 22, 22, 23, 3, 24, 24, 25, 24, 26, 26, 27, 27, 28, 28, 29, 29, 30, 29, 31, 31, 32, 32, 33, 33, 34, 33, 35, 35, 36, 36, 37, 37, 38, 38, 39, 39, 40, 40, 41, 41, 42, 42, 43, 43, 44, 40, 45, 45, 46, 45, 47, 47, 48, 48, 49, 49, 50, 50, 51, 51, 52, 52, 53, 52, 54, 54, 55, 35, 56, 56, 57, 56, 58, 31, 59, 59, 60, 60, 61, 11, 6, 22, 16, 60, 27, 43, 38, 54, 48]","[1, 0, 2, 1, 3, 1, 4, 3, 5, 4, 6, 5, 7, 6, 8, 7, 9, 8, 10, 9, 11, 10, 12, 11, 13, 8, 14, 13, 15, 13, 16, 15, 17, 16, 18, 17, 19, 18, 20, 19, 21, 20, 22, 20, 23, 22, 24, 3, 25, 24, 26, 24, 27, 26, 28, 27, 29, 28, 30, 29, 31, 29, 32, 31, 33, 32, 34, 33, 35, 33, 36, 35, 37, 36, 38, 37, 39, 38, 40, 39, 41, 40, 42, 41, 43, 42, 44, 43, 45, 40, 46, 45, 47, 45, 48, 47, 49, 48, 50, 49, 51, 50, 52, 51, 53, 52, 54, 52, 55, 54, 56, 35, 57, 56, 58, 56, 59, 31, 60, 59, 61, 60, 6, 11, 16, 22, 27, 60, 38, 43, 48, 54]",-7.9717711074
57,132,"[4, 1, 1, 4, 1, 0, 1, 1, 2, 1, 2, 1, 2, 31, 2, 1, 2, 1, 1, 4, 1, 0, 1, 4, 1, 0, 1, 1, 2, 1, 2, 1, 2, 1, 1, 1, 0, 1, 4, 1, 0, 1, 4, 1, 1, 1, 4, 1, 4, 1, 0, 1, 4, 1, 1, 1, 4]","[1, 1, 3, 3, 1, 1, 3, 3, 1, 1, 3, 3, 1, 1, 2, 2, 1, 1, 2, 2, 1, 1, 3, 3, 1, 1, 1, 1, 3, 3, 2, 2, 3, 3, 3, 3, 1, 1, 3, 3, 1, 1, 3, 3, 1, 1, 3, 3, 1, 1, 3, 3, 3, 3, 2, 2, 1, 1, 2, 2, 1, 1, 2, 2, 1, 1, 3, 3, 3, 3, 1, 1, 3, 3, 1, 1, 3, 3, 1, 1, 3, 3, 1, 1, 3, 3, 1, 1, 3, 3, 1, 1, 3, 3, 1, 1, 3, 3, 1, 1, 3, 3, 1, 1, 3, 3, 1, 1, 3, 3, 1, 1, 3, 3, 3, 3, 1, 1, 3, 3, 3, 3, 3, 3, 3, 3, 1, 1, 3, 3, 3, 3]","[0, 1, 1, 2, 2, 3, 2, 4, 4, 5, 4, 6, 6, 7, 7, 8, 8, 9, 9, 10, 10, 11, 11, 12, 12, 13, 13, 14, 14, 15, 15, 16, 15, 17, 17, 18, 18, 19, 18, 20, 20, 21, 20, 22, 22, 23, 22, 24, 24, 25, 24, 26, 26, 27, 27, 28, 28, 29, 29, 30, 30, 31, 31, 32, 32, 33, 33, 34, 34, 35, 35, 36, 35, 37, 37, 38, 37, 39, 39, 40, 39, 41, 41, 42, 41, 43, 31, 44, 44, 45, 45, 46, 45, 47, 47, 48, 47, 49, 49, 50, 49, 51, 51, 52, 51, 53, 9, 54, 54, 55, 55, 56, 55, 1, 54, 6, 16, 7, 43, 11, 33, 12, 27, 14, 26, 17, 53, 29, 43, 34, 53, 44]","[1, 0, 2, 1, 3, 2, 4, 2, 5, 4, 6, 4, 7, 6, 8, 7, 9, 8, 10, 9, 11, 10, 12, 11, 13, 12, 14, 13, 15, 14, 16, 15, 17, 15, 18, 17, 19, 18, 20, 18, 21, 20, 22, 20, 23, 22, 24, 22, 25, 24, 26, 24, 27, 26, 28, 27, 29, 28, 30, 29, 31, 30, 32, 31, 33, 32, 34, 33, 35, 34, 36, 35, 37, 35, 38, 37, 39, 37, 40, 39, 41, 39, 42, 41, 43, 41, 44, 31, 45, 44, 46, 45, 47, 45, 48, 47, 49, 47, 50, 49, 51, 49, 52, 51, 53, 51, 54, 9, 55, 54, 56, 55, 1, 55, 6, 54, 7, 16, 11, 43, 12, 33, 14, 27, 17, 26, 29, 53, 34, 43, 44, 53]",-9.1442341106
41,100,"[31, 2, 1, 2, 1, 2, 1, 2, 1, 2, 1, 2, 1, 2, 1, 2, 1, 1, 1, 1, 1, 1, 1, 1, 1, 1, 1, 1, 1, 1, 1, 1, 1, 1, 1, 1, 1, 1, 1, 1, 1]","[1, 1, 3, 3, 2, 2, 1, 1, 2, 2, 1, 1, 2, 2, 1, 1, 3, 3, 3, 3, 1, 1, 2, 2, 1, 1, 2, 2, 1, 1, 2, 2, 3, 3, 3, 3, 3, 3, 3, 3, 3, 3, 3, 3, 1, 1, 3, 3, 3, 3, 3, 3, 3, 3, 3, 3, 3, 3, 3, 3, 3, 3, 3, 3, 3, 3, 3, 3, 1, 1, 3, 3, 3, 3, 3, 3, 3, 3, 3, 3, 1, 1, 3, 3, 3, 3, 1, 1, 3, 3, 1, 1, 3, 3, 3, 3, 3, 3, 3, 3]","[0, 1, 1, 2, 2, 3, 3, 4, 4, 5, 5, 6, 6, 7, 7, 8, 8, 9, 9, 10, 10, 11, 11, 12, 12, 13, 13, 14, 14, 15, 15, 16, 16, 17, 17, 18, 18, 19, 19, 20, 20, 21, 21, 22, 14, 23, 23, 24, 24, 25, 25, 26, 26, 27, 27, 28, 10, 29, 29, 30, 30, 31, 31, 32, 32, 33, 33, 34, 6, 35, 35, 36, 36, 37, 37, 38, 38, 39, 39, 40, 9, 0, 16, 1, 22, 2, 40, 4, 34, 8, 28, 12, 22, 17, 28, 23, 34, 29, 40, 35]","[1, 0, 2, 1, 3, 2, 4, 3, 5, 4, 6, 5, 7, 6, 8, 7, 9, 8, 10, 9, 11, 10, 12, 11, 13, 12, 14, 13, 15, 14, 16, 15, 17, 16, 18, 17, 19, 18, 20, 19, 21, 20, 22, 21, 23, 14, 24, 23, 25, 24, 26, 25, 27, 26, 28, 27, 29, 10, 30, 29, 31, 30, 32, 31, 33, 32, 34, 33, 35, 6, 36, 35, 37, 36, 38, 37, 39, 38, 40, 39, 0, 9, 1, 16, 2, 22, 4, 40, 8, 34, 12, 28, 17, 22, 23, 28, 29, 34, 35, 40]",-8.1584243143
25,58,"[4, 1, 1, 4, 1, 4, 1, 1, 2, 1, 1, 1, 1, 1, 1, 1, 1, 1, 2, 1, 3, 1, 1, 4, 1]","[1, 1, 3, 3, 1, 1, 3, 3, 1, 1, 3, 3, 1, 1, 2, 2, 1, 1, 3, 3, 3, 3, 3, 3, 3, 3, 3, 3, 3, 3, 3, 3, 3, 3, 1, 1, 1, 1, 2, 2, 1, 1, 3, 3, 1, 1, 3, 3, 3, 3, 3, 3, 1, 1, 3, 3, 3, 3]","[0, 1, 1, 2, 2, 3, 2, 4, 4, 5, 4, 6, 6, 7, 7, 8, 8, 9, 9, 10, 10, 11, 11, 12, 12, 13, 13, 14, 14, 15, 15, 16, 16, 17, 17, 18, 18, 19, 19, 20, 19, 21, 21, 22, 22, 23, 17, 24, 22, 1, 21, 6, 18, 7, 24, 9, 24, 13]","[1, 0, 2, 1, 3, 2, 4, 2, 5, 4, 6, 4, 7, 6, 8, 7, 9, 8, 10, 9, 11, 10, 12, 11, 13, 12, 14, 13, 15, 14, 16, 15, 17, 16, 18, 17, 19, 18, 20, 19, 21, 19, 22, 21, 23, 22, 24, 17, 1, 22, 6, 21, 7, 18, 9, 24, 13, 24]",-7.1336144776
21,50,"[3, 1, 2, 1, 1, 1, 1, 1, 1, 1, 1, 1, 2, 1, 1, 1, 1, 1, 1, 1, 1]","[2, 2, 1, 1, 1, 1, 3, 3, 3, 3, 3, 3, 3, 3, 3, 3, 3, 3, 3, 3, 3, 3, 1, 1, 2, 2, 1, 1, 3, 3, 3, 3, 3, 3, 3, 3, 3, 3, 3, 3, 1, 1, 1, 1, 3, 3, 3, 3, 3, 3]","[0, 1, 1, 2, 2, 3, 3, 4, 4, 5, 5, 6, 6, 7, 7, 8, 8, 9, 9, 10, 10, 11, 11, 12, 12, 13, 13, 14, 14, 15, 15, 16, 16, 17, 17, 18, 18, 19, 11, 20, 19, 1, 13, 2, 20, 3, 20, 7, 19, 14]","[1, 0, 2, 1, 3, 2, 4, 3, 5, 4, 6, 5, 7, 6, 8, 7, 9, 8, 10, 9, 11, 10, 12, 11, 13, 12, 14, 13, 15, 14, 16, 15, 17, 16, 18, 17, 19, 18, 20, 11, 1, 19, 2, 13, 3, 20, 7, 20, 14, 19]",-7.255740326000001
30,64,"[1, 1, 1, 3, 1, 3, 1, 1, 1, 1, 1, 1, 1, 1, 1, 1, 1, 1, 1, 1, 1, 1, 1, 1, 1, 3, 1, 1, 1, 3]","[1, 1, 1, 1, 1, 1, 1, 1, 2, 2, 1, 1, 3, 3, 3, 3, 3, 3, 3, 3, 3, 3, 1, 1, 1, 1, 1, 1, 1, 1, 1, 1, 1, 1, 1, 1, 3, 3, 3, 3, 3, 3, 3, 3, 3, 3, 1, 1, 2, 2, 1, 1, 1, 1, 1, 1, 1, 1, 3, 3, 1, 1, 3, 3]","[0, 1, 1, 2, 1, 3, 1, 4, 4, 5, 4, 6, 6, 7, 7, 8, 8, 9, 9, 10, 10, 11, 9, 12, 12, 13, 12, 14, 14, 15, 15, 16, 15, 17, 15, 18, 18, 19, 19, 20, 20, 21, 21, 22, 22, 23, 20, 24, 24, 25, 24, 26, 26, 27, 26, 28, 26, 29, 11, 6, 23, 12, 23, 18]","[1, 0, 2, 1, 3, 1, 4, 1, 5, 4, 6, 4, 7, 6, 8, 7, 9, 8, 10, 9, 11, 10, 12, 9, 13, 12, 14, 12, 15, 14, 16, 15, 17, 15, 18, 15, 19, 18, 20, 19, 21, 20, 22, 21, 23, 22, 24, 20, 25, 24, 26, 24, 27, 26, 28, 26, 29, 26, 6, 11, 12, 23, 18, 23]",-5.9372904598
30,64,"[1, 1, 1, 3, 1, 3, 1, 1, 1, 1, 1, 1, 1, 1, 1, 1, 1, 1, 1, 1, 1, 1, 1, 1, 1, 3, 1, 1, 1, 3]","[1, 1, 1, 1, 1, 1, 1, 1, 2, 2, 1, 1, 3, 3, 3, 3, 3, 3, 3, 3, 3, 3, 1, 1, 1, 1, 1, 1, 1, 1, 1, 1, 1, 1, 1, 1, 3, 3, 3, 3, 3, 3, 3, 3, 3, 3, 1, 1, 2, 2, 1, 1, 1, 1, 1, 1, 1, 1, 3, 3, 1, 1, 3, 3]","[0, 1, 1, 2, 1, 3, 1, 4, 4, 5, 4, 6, 6, 7, 7, 8, 8, 9, 9, 10, 10, 11, 9, 12, 12, 13, 12, 14, 14, 15, 15, 16, 15, 17, 15, 18, 18, 19, 19, 20, 20, 21, 21, 22, 22, 23, 21, 24, 24, 25, 24, 26, 26, 27, 26, 28, 26, 29, 11, 6, 23, 12, 23, 18]","[1, 0, 2, 1, 3, 1, 4, 1, 5, 4, 6, 4, 7, 6, 8, 7, 9, 8, 10, 9, 11, 10, 12, 9, 13, 12, 14, 12, 15, 14, 16, 15, 17, 15, 18, 15, 19, 18, 20, 19, 21, 20, 22, 21, 23, 22, 24, 21, 25, 24, 26, 24, 27, 26, 28, 26, 29, 26, 6, 11, 12, 23, 18, 23]",-5.9638494884
34,70,"[9, 44, 3, 1, 1, 1, 1, 1, 1, 1, 1, 1, 1, 2, 2, 1, 1, 1, 1, 1, 1, 1, 1, 1, 1, 3, 8, 3, 3, 3, 8, 3, 3, 3]","[1, 1, 3, 3, 3, 3, 3, 3, 3, 3, 3, 3, 3, 3, 3, 3, 3, 3, 3, 3, 1, 1, 2, 2, 1, 1, 3, 3, 3, 3, 3, 3, 3, 3, 3, 3, 3, 3, 3, 3, 3, 3, 3, 3, 1, 1, 1, 1, 1, 1, 2, 2, 2, 2, 1, 1, 1, 1, 2, 2, 2, 2, 3, 3, 3, 3, 3, 3, 3, 3]","[2, 3, 3, 4, 4, 5, 5, 6, 6, 7, 7, 8, 8, 9, 9, 10, 10, 11, 11, 12, 12, 13, 13, 14, 14, 15, 15, 16, 16, 17, 17, 18, 18, 19, 19, 20, 20, 21, 21, 22, 22, 23, 23, 24, 24, 25, 22, 26, 26, 27, 26, 28, 26, 29, 5, 30, 30, 31, 30, 32, 30, 33, 12, 3, 11, 6, 24, 15, 23, 18]","[3, 2, 4, 3, 5, 4, 6, 5, 7, 6, 8, 7, 9, 8, 10, 9, 11, 10, 12, 11, 13, 12, 14, 13, 15, 14, 16, 15, 17, 16, 18, 17, 19, 18, 20, 19, 21, 20, 22, 21, 23, 22, 24, 23, 25, 24, 26, 22, 27, 26, 28, 26, 29, 26, 30, 5, 31, 30, 32, 30, 33, 30, 3, 12, 6, 11, 15, 24, 18, 23]",-1.171951452
32,66,"[30, 40, 3, 1, 3, 1, 1, 1, 1, 1, 1, 1, 1, 1, 2, 2, 1, 1, 1, 1, 1, 1, 1, 1, 1, 1, 8, 3, 3, 3, 1, 3]","[1, 1, 2, 2, 1, 1, 3, 3, 3, 3, 3, 3, 3, 3, 3, 3, 3, 3, 3, 3, 3, 3, 1, 1, 2, 2, 1, 1, 3, 3, 3, 3, 3, 3, 3, 3, 3, 3, 3, 3, 3, 3, 3, 3, 3, 3, 1, 1, 1, 1, 2, 2, 2, 2, 3, 3, 1, 1, 3, 3, 3, 3, 3, 3, 3, 3]","[2, 3, 3, 4, 3, 5, 5, 6, 6, 7, 7, 8, 8, 9, 9, 10, 10, 11, 11, 12, 12, 13, 13, 14, 14, 15, 15, 16, 16, 17, 17, 18, 18, 19, 19, 20, 20, 21, 21, 22, 22, 23, 23, 24, 24, 25, 25, 26, 26, 27, 26, 28, 26, 29, 13, 30, 30, 31, 30, 5, 12, 7, 25, 16, 24, 19]","[3, 2, 4, 3, 5, 3, 6, 5, 7, 6, 8, 7, 9, 8, 10, 9, 11, 10, 12, 11, 13, 12, 14, 13, 15, 14, 16, 15, 17, 16, 18, 17, 19, 18, 20, 19, 21, 20, 22, 21, 23, 22, 24, 23, 25, 24, 26, 25, 27, 26, 28, 26, 29, 26, 30, 13, 31, 30, 5, 30, 7, 12, 16, 25, 19, 24]",-7.6770043618
45,88,"[9, 9, 9, 1, 1, 1, 1, 2, 2, 1, 1, 1, 1, 3, 1, 1, 1, 3, 3, 1, 3, 1, 1, 1, 8, 3, 3, 3, 1, 1, 2, 2, 1, 1, 1, 1, 1, 1, 8, 3, 3, 3, 2, 3, 3]","[1, 1, 3, 3, 3, 3, 1, 1, 1, 1, 2, 2, 1, 1, 2, 2, 1, 1, 2, 2, 1, 1, 2, 2, 1, 1, 1, 1, 2, 2, 3, 3, 1, 1, 1, 1, 1, 1, 1, 1, 1, 1, 1, 1, 2, 2, 2, 2, 3, 3, 3, 3, 1, 1, 2, 2, 1, 1, 3, 3, 3, 3, 3, 3, 3, 3, 3, 3, 1, 1, 1, 1, 2, 2, 2, 2, 1, 1, 1, 1, 2, 2, 3, 3, 1, 1, 3, 3]","[3, 4, 4, 5, 5, 6, 6, 7, 7, 8, 8, 9, 9, 10, 10, 11, 11, 12, 12, 13, 12, 14, 14, 15, 14, 16, 16, 17, 16, 18, 6, 19, 19, 20, 20, 21, 21, 22, 22, 23, 23, 24, 24, 25, 24, 26, 24, 27, 19, 28, 28, 29, 29, 30, 30, 31, 31, 32, 32, 33, 33, 34, 34, 35, 35, 36, 36, 37, 37, 38, 38, 39, 38, 40, 38, 41, 35, 42, 42, 43, 42, 44, 29, 4, 15, 9, 37, 32]","[4, 3, 5, 4, 6, 5, 7, 6, 8, 7, 9, 8, 10, 9, 11, 10, 12, 11, 13, 12, 14, 12, 15, 14, 16, 14, 17, 16, 18, 16, 19, 6, 20, 19, 21, 20, 22, 21, 23, 22, 24, 23, 25, 24, 26, 24, 27, 24, 28, 19, 29, 28, 30, 29, 31, 30, 32, 31, 33, 32, 34, 33, 35, 34, 36, 35, 37, 36, 38, 37, 39, 38, 40, 38, 41, 38, 42, 35, 43, 42, 44, 42, 4, 29, 9, 15, 32, 37]",0.1614506128999999
28,60,"[1, 3, 1, 1, 1, 1, 1, 1, 2, 2, 1, 1, 1, 1, 3, 1, 1, 2, 2, 1, 1, 1, 1, 1, 1, 2, 3, 3]","[1, 1, 1, 1, 3, 3, 3, 3, 3, 3, 3, 3, 3, 3, 1, 1, 1, 1, 2, 2, 1, 1, 2, 2, 1, 1, 2, 2, 1, 1, 2, 2, 1, 1, 2, 2, 1, 1, 3, 3, 3, 3, 3, 3, 3, 3, 3, 3, 1, 1, 1, 1, 2, 2, 3, 3, 1, 1, 3, 3]","[0, 1, 1, 2, 2, 3, 3, 4, 4, 5, 5, 6, 6, 7, 7, 8, 8, 9, 9, 10, 10, 11, 11, 12, 12, 13, 13, 14, 13, 15, 15, 16, 4, 17, 17, 18, 18, 19, 19, 20, 20, 21, 21, 22, 22, 23, 23, 24, 22, 25, 25, 26, 25, 27, 7, 2, 16, 10, 24, 19]","[1, 0, 2, 1, 3, 2, 4, 3, 5, 4, 6, 5, 7, 6, 8, 7, 9, 8, 10, 9, 11, 10, 12, 11, 13, 12, 14, 13, 15, 13, 16, 15, 17, 4, 18, 17, 19, 18, 20, 19, 21, 20, 22, 21, 23, 22, 24, 23, 25, 22, 26, 25, 27, 25, 2, 7, 10, 16, 19, 24]",-6.9639720065
10,22,"[3, 1, 1, 1, 2, 1, 1, 2, 1, 1]","[1, 1, 1, 1, 1, 1, 1, 1, 1, 1, 1, 1, 1, 1, 1, 1, 1, 1, 1, 1, 1, 1]","[0, 1, 1, 2, 2, 3, 3, 4, 4, 5, 5, 6, 6, 7, 7, 8, 8, 9, 7, 2, 9, 4]","[1, 0, 2, 1, 3, 2, 4, 3, 5, 4, 6, 5, 7, 6, 8, 7, 9, 8, 2, 7, 4, 9]",0.8470942954
8,18,"[1, 1, 2, 1, 1, 2, 1, 1]","[1, 1, 1, 1, 1, 1, 1, 1, 1, 1, 1, 1, 1, 1, 1, 1, 1, 1]","[0, 1, 1, 2, 2, 3, 3, 4, 4, 5, 5, 6, 6, 7, 5, 0, 7, 2]","[1, 0, 2, 1, 3, 2, 4, 3, 5, 4, 6, 5, 7, 6, 0, 5, 2, 7]",0.6033
12,26,"[1, 3, 1, 1, 3, 1, 1, 1, 3, 1, 3, 1]","[1, 1, 1, 1, 1, 1, 1, 1, 1, 1, 1, 1, 1, 1, 1, 1, 1, 1, 1, 1, 1, 1, 1, 1, 1, 1]","[0, 1, 1, 2, 2, 3, 3, 4, 4, 5, 5, 6, 6, 7, 7, 8, 8, 9, 6, 10, 10, 11, 9, 2, 9, 5]","[1, 0, 2, 1, 3, 2, 4, 3, 5, 4, 6, 5, 7, 6, 8, 7, 9, 8, 10, 6, 11, 10, 2, 9, 5, 9]",1.0599918174
16,34,"[3, 2, 3, 3, 1, 1, 3, 1, 1, 1, 3, 1, 3, 2, 3, 3]","[1, 1, 2, 2, 1, 1, 1, 1, 1, 1, 1, 1, 1, 1, 1, 1, 1, 1, 1, 1, 1, 1, 1, 1, 1, 1, 1, 1, 2, 2, 1, 1, 1, 1]","[0, 1, 1, 2, 1, 3, 3, 4, 4, 5, 5, 6, 6, 7, 7, 8, 8, 9, 9, 10, 10, 11, 8, 12, 12, 13, 13, 14, 13, 15, 11, 4, 11, 7]","[1, 0, 2, 1, 3, 1, 4, 3, 5, 4, 6, 5, 7, 6, 8, 7, 9, 8, 10, 9, 11, 10, 12, 8, 13, 12, 14, 13, 15, 13, 4, 11, 7, 11]",-2.63
10,22,"[3, 1, 1, 3, 1, 1, 3, 1, 3, 1]","[1, 1, 1, 1, 1, 1, 1, 1, 1, 1, 1, 1, 1, 1, 1, 1, 1, 1, 1, 1, 1, 1]","[0, 1, 1, 2, 2, 3, 3, 4, 4, 5, 5, 6, 5, 7, 7, 8, 8, 9, 9, 1, 9, 4]","[1, 0, 2, 1, 3, 2, 4, 3, 5, 4, 6, 5, 7, 5, 8, 7, 9, 8, 1, 9, 4, 9]",1.1774501829
16,34,"[3, 2, 3, 3, 1, 1, 3, 1, 1, 1, 3, 1, 3, 2, 3, 3]","[1, 1, 2, 2, 1, 1, 1, 1, 1, 1, 1, 1, 1, 1, 1, 1, 1, 1, 1, 1, 1, 1, 1, 1, 1, 1, 1, 1, 2, 2, 1, 1, 1, 1]","[0, 1, 1, 2, 1, 3, 3, 4, 4, 5, 5, 6, 6, 7, 7, 8, 8, 9, 9, 10, 10, 11, 8, 12, 12, 13, 13, 14, 13, 15, 11, 4, 11, 7]","[1, 0, 2, 1, 3, 1, 4, 3, 5, 4, 6, 5, 7, 6, 8, 7, 9, 8, 10, 9, 11, 10, 12, 8, 13, 12, 14, 13, 15, 13, 4, 11, 7, 11]",-2.6328
24,48,"[1, 2, 1, 1, 1, 1, 2, 1, 2, 1, 1, 1, 2, 1, 1, 1, 2, 1, 1, 1, 2, 1, 1, 1]","[1, 1, 1, 1, 1, 1, 1, 1, 1, 1, 1, 1, 1, 1, 1, 1, 1, 1, 1, 1, 1, 1, 1, 1, 1, 1, 1, 1, 1, 1, 1, 1, 1, 1, 1, 1, 1, 1, 1, 1, 1, 1, 1, 1, 1, 1, 1, 1]","[0, 1, 1, 2, 1, 3, 3, 4, 4, 5, 5, 6, 6, 7, 7, 8, 8, 9, 9, 10, 10, 11, 11, 12, 12, 13, 12, 14, 8, 15, 15, 16, 16, 17, 17, 18, 18, 19, 19, 20, 20, 21, 20, 22, 16, 23, 23, 6]","[1, 0, 2, 1, 3, 1, 4, 3, 5, 4, 6, 5, 7, 6, 8, 7, 9, 8, 10, 9, 11, 10, 12, 11, 13, 12, 14, 12, 15, 8, 16, 15, 17, 16, 18, 17, 19, 18, 20, 19, 21, 20, 22, 20, 23, 16, 6, 23]",0.1642130702
15,30,"[3, 2, 3, 2, 1, 2, 1, 2, 1, 2, 3, 3, 2, 3, 3]","[1, 1, 2, 2, 1, 1, 1, 1, 1, 1, 1, 1, 1, 1, 1, 1, 1, 1, 1, 1, 2, 2, 1, 1, 1, 1, 2, 2, 1, 1]","[0, 1, 1, 2, 1, 3, 3, 4, 4, 5, 5, 6, 6, 7, 7, 8, 7, 9, 9, 10, 9, 11, 5, 12, 12, 13, 12, 14, 8, 3]","[1, 0, 2, 1, 3, 1, 4, 3, 5, 4, 6, 5, 7, 6, 8, 7, 9, 7, 10, 9, 11, 9, 12, 5, 13, 12, 14, 12, 3, 8]",-3.5706
33,66,"[9, 9, 2, 1, 2, 1, 2, 1, 2, 1, 2, 1, 1, 3, 1, 1, 3, 7, 3, 3, 3, 7, 3, 3, 3, 7, 3, 3, 3, 1, 3, 1, 3]","[1, 1, 3, 3, 3, 3, 3, 3, 3, 3, 3, 3, 3, 3, 3, 3, 3, 3, 1, 1, 1, 1, 1, 1, 1, 1, 1, 1, 1, 1, 1, 1, 2, 2, 1, 1, 1, 1, 1, 1, 2, 2, 1, 1, 1, 1, 1, 1, 1, 1, 2, 2, 1, 1, 1, 1, 1, 1, 1, 1, 3, 3, 3, 3, 1, 1]","[2, 3, 3, 4, 4, 5, 5, 6, 6, 7, 7, 8, 8, 9, 9, 10, 10, 11, 8, 12, 12, 13, 13, 14, 14, 15, 15, 16, 16, 17, 17, 18, 17, 19, 17, 20, 20, 21, 21, 22, 21, 23, 21, 24, 24, 25, 25, 26, 25, 27, 25, 28, 14, 29, 29, 30, 29, 31, 31, 32, 11, 3, 11, 7, 31, 12]","[3, 2, 4, 3, 5, 4, 6, 5, 7, 6, 8, 7, 9, 8, 10, 9, 11, 10, 12, 8, 13, 12, 14, 13, 15, 14, 16, 15, 17, 16, 18, 17, 19, 17, 20, 17, 21, 20, 22, 21, 23, 21, 24, 21, 25, 24, 26, 25, 27, 25, 28, 25, 29, 14, 30, 29, 31, 29, 32, 31, 3, 11, 7, 11, 12, 31]",0.0168879621
18,40,"[3, 1, 1, 3, 1, 1, 3, 1, 3, 2, 1, 2, 1, 1, 2, 1, 2, 1]","[1, 1, 1, 1, 1, 1, 1, 1, 1, 1, 1, 1, 1, 1, 1, 1, 1, 1, 3, 3, 3, 3, 3, 3, 3, 3, 3, 3, 3, 3, 3, 3, 3, 3, 1, 1, 3, 3, 3, 3]","[0, 1, 1, 2, 2, 3, 3, 4, 4, 5, 5, 6, 5, 7, 7, 8, 4, 9, 9, 10, 10, 11, 11, 12, 12, 13, 13, 14, 14, 15, 15, 16, 16, 17, 7, 2, 17, 9, 17, 12]","[1, 0, 2, 1, 3, 2, 4, 3, 5, 4, 6, 5, 7, 5, 8, 7, 9, 4, 10, 9, 11, 10, 12, 11, 13, 12, 14, 13, 15, 14, 16, 15, 17, 16, 2, 7, 9, 17, 12, 17]",-0.4018
19,40,"[1, 1, 1, 1, 2, 2, 1, 1, 1, 1, 1, 1, 2, 3, 3, 1, 3, 1, 1]","[1, 1, 2, 2, 1, 1, 2, 2, 1, 1, 1, 1, 3, 3, 3, 3, 3, 3, 3, 3, 3, 3, 1, 1, 1, 1, 2, 2, 1, 1, 2, 2, 1, 1, 2, 2, 1, 1, 3, 3]","[0, 1, 1, 2, 2, 3, 3, 4, 4, 5, 5, 6, 6, 7, 7, 8, 8, 9, 9, 10, 10, 11, 11, 12, 12, 13, 12, 14, 3, 15, 15, 16, 15, 17, 17, 18, 18, 1, 11, 6]","[1, 0, 2, 1, 3, 2, 4, 3, 5, 4, 6, 5, 7, 6, 8, 7, 9, 8, 10, 9, 11, 10, 12, 11, 13, 12, 14, 12, 15, 3, 16, 15, 17, 15, 18, 17, 1, 18, 6, 11]",-5.7475958635
20,42,"[1, 1, 3, 2, 1, 1, 1, 1, 2, 2, 1, 1, 1, 1, 1, 1, 1, 3, 1, 1]","[1, 1, 2, 2, 1, 1, 1, 1, 3, 3, 3, 3, 3, 3, 1, 1, 1, 1, 2, 2, 1, 1, 2, 2, 1, 1, 1, 1, 2, 2, 1, 1, 2, 2, 3, 3, 3, 3, 3, 3, 1, 1]","[0, 1, 1, 2, 1, 3, 3, 4, 4, 5, 5, 6, 6, 7, 7, 8, 8, 9, 9, 10, 10, 11, 11, 12, 12, 13, 12, 14, 14, 15, 15, 16, 16, 17, 7, 18, 18, 19, 19, 4, 16, 10]","[1, 0, 2, 1, 3, 1, 4, 3, 5, 4, 6, 5, 7, 6, 8, 7, 9, 8, 10, 9, 11, 10, 12, 11, 13, 12, 14, 12, 15, 14, 16, 15, 17, 16, 18, 7, 19, 18, 4, 19, 10, 16]",-5.358
17,38,"[2, 1, 1, 1, 1, 1, 1, 1, 1, 1, 1, 1, 1, 1, 1, 1, 1]","[1, 1, 3, 3, 3, 3, 3, 3, 3, 3, 3, 3, 1, 1, 3, 3, 3, 3, 3, 3, 3, 3, 3, 3, 3, 3, 3, 3, 3, 3, 3, 3, 3, 3, 3, 3, 3, 3]","[0, 1, 1, 2, 2, 3, 3, 4, 4, 5, 5, 6, 0, 7, 7, 8, 8, 9, 9, 10, 10, 11, 11, 12, 12, 13, 13, 14, 14, 15, 15, 16, 6, 1, 16, 7, 16, 11]","[1, 0, 2, 1, 3, 2, 4, 3, 5, 4, 6, 5, 7, 0, 8, 7, 9, 8, 10, 9, 11, 10, 12, 11, 13, 12, 14, 13, 15, 14, 16, 15, 1, 6, 7, 16, 11, 16]",-4.8638916314
25,54,"[1, 1, 1, 1, 1, 1, 1, 1, 2, 1, 1, 1, 1, 1, 1, 1, 1, 1, 1, 1, 1, 1, 1, 1, 1]","[1, 1, 1, 1, 1, 1, 1, 1, 1, 1, 1, 1, 1, 1, 1, 1, 1, 1, 3, 3, 3, 3, 3, 3, 3, 3, 3, 3, 1, 1, 3, 3, 3, 3, 3, 3, 3, 3, 3, 3, 3, 3, 3, 3, 3, 3, 3, 3, 3, 3, 3, 3, 3, 3]","[0, 1, 1, 2, 1, 3, 1, 4, 4, 5, 5, 6, 5, 7, 5, 8, 8, 9, 9, 10, 10, 11, 11, 12, 12, 13, 13, 14, 8, 15, 15, 16, 16, 17, 17, 18, 18, 19, 19, 20, 20, 21, 21, 22, 22, 23, 23, 24, 14, 9, 24, 15, 24, 19]","[1, 0, 2, 1, 3, 1, 4, 1, 5, 4, 6, 5, 7, 5, 8, 5, 9, 8, 10, 9, 11, 10, 12, 11, 13, 12, 14, 13, 15, 8, 16, 15, 17, 16, 18, 17, 19, 18, 20, 19, 21, 20, 22, 21, 23, 22, 24, 23, 9, 14, 15, 24, 19, 24]",-8.2900385416
17,38,"[1, 3, 1, 1, 1, 1, 1, 1, 1, 1, 2, 1, 1, 1, 1, 1, 1]","[1, 1, 1, 1, 2, 2, 1, 1, 3, 3, 3, 3, 3, 3, 3, 3, 3, 3, 1, 1, 1, 1, 3, 3, 3, 3, 3, 3, 3, 3, 3, 3, 1, 1, 3, 3, 3, 3]","[0, 1, 1, 2, 2, 3, 3, 4, 4, 5, 5, 6, 6, 7, 7, 8, 8, 9, 9, 10, 10, 11, 11, 12, 12, 13, 13, 14, 14, 15, 15, 16, 16, 2, 9, 4, 16, 11]","[1, 0, 2, 1, 3, 2, 4, 3, 5, 4, 6, 5, 7, 6, 8, 7, 9, 8, 10, 9, 11, 10, 12, 11, 13, 12, 14, 13, 15, 14, 16, 15, 2, 16, 4, 9, 11, 16]",-4.5144193944
18,40,"[2, 1, 3, 2, 1, 1, 1, 1, 1, 1, 1, 1, 1, 1, 1, 1, 1, 1]","[1, 1, 2, 2, 1, 1, 1, 1, 3, 3, 3, 3, 3, 3, 3, 3, 3, 3, 1, 1, 2, 2, 1, 1, 3, 3, 3, 3, 3, 3, 3, 3, 3, 3, 1, 1, 3, 3, 3, 3]","[0, 1, 1, 2, 1, 3, 3, 4, 4, 5, 5, 6, 6, 7, 7, 8, 8, 9, 5, 10, 10, 11, 11, 12, 12, 13, 13, 14, 14, 15, 15, 16, 16, 17, 13, 3, 9, 4, 17, 12]","[1, 0, 2, 1, 3, 1, 4, 3, 5, 4, 6, 5, 7, 6, 8, 7, 9, 8, 10, 5, 11, 10, 12, 11, 13, 12, 14, 13, 15, 14, 16, 15, 17, 16, 3, 13, 4, 9, 12, 17]",-3.29
24,52,"[1, 1, 1, 3, 2, 1, 1, 1, 2, 1, 1, 1, 1, 1, 1, 1, 1, 1, 1, 1, 1, 1, 1, 1]","[1, 1, 1, 1, 2, 2, 1, 1, 1, 1, 1, 1, 1, 1, 1, 1, 1, 1, 1, 1, 1, 1, 1, 1, 3, 3, 3, 3, 3, 3, 3, 3, 3, 3, 1, 1, 3, 3, 3, 3, 3, 3, 3, 3, 3, 3, 1, 1, 3, 3, 3, 3]","[0, 1, 1, 2, 2, 3, 2, 4, 4, 5, 5, 6, 6, 7, 7, 8, 8, 9, 9, 10, 8, 11, 11, 12, 12, 13, 13, 14, 14, 15, 15, 16, 16, 17, 4, 18, 18, 19, 19, 20, 20, 21, 21, 22, 22, 23, 10, 5, 17, 12, 23, 18]","[1, 0, 2, 1, 3, 2, 4, 2, 5, 4, 6, 5, 7, 6, 8, 7, 9, 8, 10, 9, 11, 8, 12, 11, 13, 12, 14, 13, 15, 14, 16, 15, 17, 16, 18, 4, 19, 18, 20, 19, 21, 20, 22, 21, 23, 22, 5, 10, 12, 17, 18, 23]",-3.4150433898
20,44,"[1, 1, 2, 1, 1, 1, 2, 1, 1, 1, 1, 1, 1, 1, 1, 1, 1, 1, 1, 1]","[1, 1, 1, 1, 1, 1, 1, 1, 1, 1, 1, 1, 1, 1, 3, 3, 3, 3, 3, 3, 3, 3, 3, 3, 1, 1, 1, 1, 3, 3, 3, 3, 3, 3, 3, 3, 3, 3, 1, 1, 3, 3, 3, 3]","[0, 1, 1, 2, 2, 3, 3, 4, 4, 5, 5, 6, 6, 7, 7, 8, 8, 9, 9, 10, 10, 11, 11, 12, 2, 13, 13, 14, 14, 15, 15, 16, 16, 17, 17, 18, 18, 19, 5, 0, 12, 7, 19, 14]","[1, 0, 2, 1, 3, 2, 4, 3, 5, 4, 6, 5, 7, 6, 8, 7, 9, 8, 10, 9, 11, 10, 12, 11, 13, 2, 14, 13, 15, 14, 16, 15, 17, 16, 18, 17, 19, 18, 0, 5, 7, 12, 14, 19]",-3.9542229462
16,34,"[3, 1, 1, 2, 1, 1, 2, 1, 1, 1, 1, 1, 4, 1, 1, 4]","[1, 1, 1, 1, 1, 1, 3, 3, 3, 3, 3, 3, 3, 3, 1, 1, 3, 3, 3, 3, 3, 3, 1, 1, 3, 3, 3, 3, 1, 1, 3, 3, 3, 3]","[0, 1, 1, 2, 2, 3, 3, 4, 4, 5, 5, 6, 6, 7, 1, 8, 8, 9, 9, 10, 10, 11, 11, 12, 11, 13, 13, 14, 14, 15, 7, 3, 14, 8]","[1, 0, 2, 1, 3, 2, 4, 3, 5, 4, 6, 5, 7, 6, 8, 1, 9, 8, 10, 9, 11, 10, 12, 11, 13, 11, 14, 13, 15, 14, 3, 7, 8, 14]",-3.2640078237
19,40,"[4, 1, 1, 1, 1, 1, 1, 2, 1, 1, 2, 1, 3, 1, 1, 1, 1, 4, 1]","[1, 1, 3, 3, 3, 3, 3, 3, 1, 1, 1, 1, 1, 1, 3, 3, 3, 3, 3, 3, 3, 3, 1, 1, 1, 1, 1, 1, 2, 2, 3, 3, 1, 1, 3, 3, 3, 3, 3, 3]","[0, 1, 1, 2, 2, 3, 3, 4, 4, 5, 5, 6, 6, 7, 7, 8, 8, 9, 9, 10, 10, 11, 5, 12, 12, 13, 13, 14, 14, 15, 4, 16, 16, 17, 16, 18, 18, 1, 11, 7]","[1, 0, 2, 1, 3, 2, 4, 3, 5, 4, 6, 5, 7, 6, 8, 7, 9, 8, 10, 9, 11, 10, 12, 5, 13, 12, 14, 13, 15, 14, 16, 4, 17, 16, 18, 16, 1, 18, 7, 11]",-3.2178
24,54,"[1, 3, 1, 1, 1, 1, 2, 1, 1, 1, 1, 3, 1, 1, 1, 1, 1, 2, 1, 1, 1, 1, 1, 1]","[1, 1, 1, 1, 3, 3, 3, 3, 3, 3, 3, 3, 3, 3, 3, 3, 3, 3, 1, 1, 1, 1, 1, 1, 1, 1, 1, 1, 1, 1, 1, 1, 1, 1, 1, 1, 1, 1, 1, 1, 2, 2, 3, 3, 3, 3, 3, 3, 3, 3, 1, 1, 1, 1]","[0, 1, 1, 2, 2, 3, 3, 4, 4, 5, 5, 6, 6, 7, 7, 8, 8, 9, 9, 10, 10, 11, 10, 12, 12, 13, 13, 14, 14, 15, 15, 16, 16, 17, 17, 18, 18, 19, 19, 20, 20, 21, 9, 22, 22, 23, 23, 2, 22, 5, 17, 12, 19, 14]","[1, 0, 2, 1, 3, 2, 4, 3, 5, 4, 6, 5, 7, 6, 8, 7, 9, 8, 10, 9, 11, 10, 12, 10, 13, 12, 14, 13, 15, 14, 16, 15, 17, 16, 18, 17, 19, 18, 20, 19, 21, 20, 22, 9, 23, 22, 2, 23, 5, 22, 12, 17, 14, 19]",-2.8121429703
22,50,"[3, 1, 1, 1, 1, 1, 1, 2, 1, 1, 1, 1, 1, 1, 1, 2, 1, 1, 1, 1, 1, 1]","[1, 1, 1, 1, 1, 1, 1, 1, 1, 1, 1, 1, 1, 1, 1, 1, 1, 1, 1, 1, 2, 2, 1, 1, 3, 3, 3, 3, 3, 3, 3, 3, 3, 3, 3, 3, 3, 3, 3, 3, 3, 3, 1, 1, 1, 1, 3, 3, 3, 3]","[0, 1, 1, 2, 2, 3, 3, 4, 4, 5, 5, 6, 6, 7, 7, 8, 8, 9, 9, 10, 10, 11, 1, 12, 12, 13, 13, 14, 14, 15, 15, 16, 16, 17, 17, 18, 18, 19, 19, 20, 20, 21, 7, 2, 9, 4, 21, 12, 21, 16]","[1, 0, 2, 1, 3, 2, 4, 3, 5, 4, 6, 5, 7, 6, 8, 7, 9, 8, 10, 9, 11, 10, 12, 1, 13, 12, 14, 13, 15, 14, 16, 15, 17, 16, 18, 17, 19, 18, 20, 19, 21, 20, 2, 7, 4, 9, 12, 21, 16, 21]",-3.0887236136
24,54,"[1, 3, 1, 1, 1, 1, 2, 1, 1, 1, 1, 3, 1, 1, 1, 1, 1, 2, 1, 1, 1, 1, 1, 1]","[1, 1, 1, 1, 3, 3, 3, 3, 3, 3, 3, 3, 3, 3, 3, 3, 3, 3, 1, 1, 1, 1, 1, 1, 1, 1, 1, 1, 1, 1, 1, 1, 1, 1, 1, 1, 1, 1, 1, 1, 2, 2, 3, 3, 3, 3, 3, 3, 3, 3, 1, 1, 1, 1]","[0, 1, 1, 2, 2, 3, 3, 4, 4, 5, 5, 6, 6, 7, 7, 8, 8, 9, 9, 10, 10, 11, 10, 12, 12, 13, 13, 14, 14, 15, 15, 16, 16, 17, 17, 18, 18, 19, 19, 20, 20, 21, 9, 22, 22, 23, 23, 2, 22, 5, 17, 12, 19, 14]","[1, 0, 2, 1, 3, 2, 4, 3, 5, 4, 6, 5, 7, 6, 8, 7, 9, 8, 10, 9, 11, 10, 12, 10, 13, 12, 14, 13, 15, 14, 16, 15, 17, 16, 18, 17, 19, 18, 20, 19, 21, 20, 22, 9, 23, 22, 2, 23, 5, 22, 12, 17, 14, 19]",-2.8121429703
24,54,"[1, 1, 2, 1, 1, 1, 1, 1, 1, 3, 1, 1, 1, 2, 1, 1, 1, 1, 3, 1, 1, 1, 1, 1]","[1, 1, 1, 1, 1, 1, 1, 1, 1, 1, 1, 1, 1, 1, 1, 1, 1, 1, 1, 1, 3, 3, 3, 3, 3, 3, 3, 3, 3, 3, 3, 3, 3, 3, 1, 1, 1, 1, 3, 3, 3, 3, 1, 1, 2, 2, 1, 1, 3, 3, 1, 1, 3, 3]","[0, 1, 1, 2, 2, 3, 3, 4, 4, 5, 5, 6, 6, 7, 7, 8, 8, 9, 8, 10, 10, 11, 11, 12, 12, 13, 13, 14, 14, 15, 15, 16, 16, 17, 17, 18, 18, 19, 17, 20, 20, 21, 0, 22, 22, 23, 5, 0, 15, 10, 7, 2, 21, 14]","[1, 0, 2, 1, 3, 2, 4, 3, 5, 4, 6, 5, 7, 6, 8, 7, 9, 8, 10, 8, 11, 10, 12, 11, 13, 12, 14, 13, 15, 14, 16, 15, 17, 16, 18, 17, 19, 18, 20, 17, 21, 20, 22, 0, 23, 22, 0, 5, 10, 15, 2, 7, 14, 21]",-2.79
14,30,"[3, 1, 1, 1, 1, 1, 1, 1, 2, 1, 3, 2, 1, 3]","[1, 1, 3, 3, 3, 3, 3, 3, 3, 3, 3, 3, 1, 1, 1, 1, 1, 1, 2, 2, 1, 1, 1, 1, 2, 2, 3, 3, 1, 1]","[0, 1, 1, 2, 2, 3, 3, 4, 4, 5, 5, 6, 4, 7, 7, 8, 8, 9, 9, 10, 9, 11, 11, 12, 12, 13, 6, 1, 12, 7]","[1, 0, 2, 1, 3, 2, 4, 3, 5, 4, 6, 5, 7, 4, 8, 7, 9, 8, 10, 9, 11, 9, 12, 11, 13, 12, 1, 6, 7, 12]",-2.1731049195
15,32,"[1, 1, 1, 1, 1, 1, 1, 1, 1, 2, 1, 3, 2, 1, 3]","[1, 1, 1, 1, 1, 1, 3, 3, 3, 3, 3, 3, 3, 3, 3, 3, 1, 1, 1, 1, 2, 2, 1, 1, 1, 1, 2, 2, 1, 1, 3, 3]","[0, 1, 1, 2, 2, 3, 3, 4, 4, 5, 5, 6, 6, 7, 7, 8, 2, 9, 9, 10, 10, 11, 10, 12, 12, 13, 13, 14, 13, 2, 8, 3]","[1, 0, 2, 1, 3, 2, 4, 3, 5, 4, 6, 5, 7, 6, 8, 7, 9, 2, 10, 9, 11, 10, 12, 10, 13, 12, 14, 13, 2, 13, 3, 8]",-2.64
12,24,"[1, 1, 1, 1, 1, 1, 1, 1, 1, 1, 1, 3]","[1, 1, 1, 1, 2, 2, 1, 1, 1, 1, 2, 2, 1, 1, 1, 1, 1, 1, 1, 1, 2, 2, 1, 1]","[0, 1, 1, 2, 2, 3, 3, 4, 4, 5, 5, 6, 6, 7, 6, 8, 8, 9, 9, 10, 10, 11, 10, 5]","[1, 0, 2, 1, 3, 2, 4, 3, 5, 4, 6, 5, 7, 6, 8, 6, 9, 8, 10, 9, 11, 10, 5, 10]",-2.0452383746
14,28,"[3, 1, 3, 1, 1, 3, 1, 1, 1, 1, 1, 1, 1, 3]","[2, 2, 1, 1, 1, 1, 1, 1, 1, 1, 1, 1, 1, 1, 1, 1, 2, 2, 1, 1, 1, 1, 1, 1, 2, 2, 1, 1]","[0, 1, 1, 2, 1, 3, 3, 4, 4, 5, 4, 6, 6, 7, 7, 8, 8, 9, 9, 10, 10, 11, 11, 12, 12, 13, 12, 8]","[1, 0, 2, 1, 3, 1, 4, 3, 5, 4, 6, 4, 7, 6, 8, 7, 9, 8, 10, 9, 11, 10, 12, 11, 13, 12, 8, 12]",-0.4
3,6,"[1, 1, 2]","[1, 1, 1, 1, 1, 1]","[0, 1, 1, 2, 2, 0]","[1, 0, 2, 1, 0, 2]",1.3658352118
4,8,"[1, 1, 1, 2]","[1, 1, 1, 1, 1, 1, 1, 1]","[0, 1, 1, 2, 2, 3, 3, 1]","[1, 0, 2, 1, 3, 2, 1, 3]",1.2434
6,12,"[1, 1, 3, 1, 1, 3]","[1, 1, 1, 1, 1, 1, 1, 1, 1, 1, 1, 1]","[0, 1, 1, 2, 2, 3, 3, 4, 4, 5, 5, 0]","[1, 0, 2, 1, 3, 2, 4, 3, 5, 4, 0, 5]",1.0549945152
12,24,"[1, 3, 1, 1, 1, 3, 1, 1, 1, 3, 3, 1]","[1, 1, 1, 1, 1, 1, 1, 1, 1, 1, 1, 1, 1, 1, 1, 1, 1, 1, 1, 1, 1, 1, 1, 1]","[0, 1, 1, 2, 2, 3, 2, 4, 4, 5, 5, 6, 6, 7, 6, 8, 8, 9, 6, 10, 10, 11, 9, 2]","[1, 0, 2, 1, 3, 2, 4, 2, 5, 4, 6, 5, 7, 6, 8, 6, 9, 8, 10, 6, 11, 10, 2, 9]",-1.246
9,18,"[3, 2, 1, 1, 2, 1, 1, 1, 1]","[2, 2, 1, 1, 2, 2, 1, 1, 1, 1, 2, 2, 1, 1, 2, 2, 1, 1]","[0, 1, 1, 2, 2, 3, 3, 4, 4, 5, 5, 6, 6, 7, 7, 8, 8, 3]","[1, 0, 2, 1, 3, 2, 4, 3, 5, 4, 6, 5, 7, 6, 8, 7, 3, 8]",-1.0004518583
11,20,"[27, 1, 2, 1, 1, 1, 1, 1, 1, 2, 3]","[1, 1, 1, 1, 2, 2, 1, 1, 2, 2, 1, 1, 2, 2, 1, 1, 2, 2, 1, 1]","[1, 2, 2, 3, 3, 4, 4, 5, 5, 6, 6, 7, 7, 8, 8, 9, 9, 10, 7, 2]","[2, 1, 3, 2, 4, 3, 5, 4, 6, 5, 7, 6, 8, 7, 9, 8, 10, 9, 2, 7]",-0.7405
6,12,"[1, 3, 1, 3, 1, 3]","[1, 1, 1, 1, 1, 1, 1, 1, 1, 1, 1, 1]","[0, 1, 1, 2, 2, 3, 3, 4, 4, 5, 5, 0]","[1, 0, 2, 1, 3, 2, 4, 3, 5, 4, 0, 5]",0.3717171259
9,18,"[1, 1, 3, 1, 1, 3, 1, 1, 3]","[1, 1, 1, 1, 1, 1, 1, 1, 1, 1, 1, 1, 1, 1, 1, 1, 1, 1]","[0, 1, 1, 2, 2, 3, 3, 4, 3, 5, 5, 6, 6, 7, 6, 8, 8, 1]","[1, 0, 2, 1, 3, 2, 4, 3, 5, 3, 6, 5, 7, 6, 8, 6, 1, 8]",-0.0719
57,118,"[9, 9, 9, 1, 1, 1, 2, 1, 2, 1, 4, 2, 1, 2, 1, 1, 1, 1, 1, 1, 8, 3, 3, 3, 2, 1, 1, 1, 1, 1, 1, 2, 1, 1, 1, 1, 2, 1, 1, 3, 1, 1, 1, 1, 1, 1, 1, 3, 1, 8, 3, 3, 3, 8, 3, 3, 3]","[1, 1, 3, 3, 1, 1, 1, 1, 3, 3, 3, 3, 1, 1, 3, 3, 3, 3, 1, 1, 1, 1, 3, 3, 3, 3, 3, 3, 3, 3, 3, 3, 1, 1, 1, 1, 2, 2, 2, 2, 3, 3, 3, 3, 1, 1, 3, 3, 3, 3, 1, 1, 3, 3, 1, 1, 1, 1, 3, 3, 3, 3, 3, 3, 1, 1, 3, 3, 1, 1, 2, 2, 1, 1, 3, 3, 3, 3, 3, 3, 3, 3, 3, 3, 1, 1, 2, 2, 1, 1, 1, 1, 1, 1, 2, 2, 2, 2, 1, 1, 1, 1, 2, 2, 2, 2, 3, 3, 3, 3, 3, 3, 3, 3, 3, 3, 3, 3]","[3, 4, 4, 5, 5, 6, 6, 7, 7, 8, 8, 9, 9, 10, 9, 11, 11, 12, 12, 13, 13, 14, 14, 15, 15, 16, 16, 17, 17, 18, 18, 19, 18, 20, 20, 21, 20, 22, 20, 23, 12, 24, 5, 25, 25, 26, 25, 27, 27, 28, 28, 29, 28, 30, 30, 31, 31, 32, 32, 33, 33, 34, 34, 35, 35, 36, 35, 37, 37, 38, 38, 39, 38, 40, 40, 41, 41, 42, 42, 43, 43, 44, 44, 45, 45, 46, 46, 47, 46, 48, 34, 49, 49, 50, 49, 51, 49, 52, 27, 53, 53, 54, 53, 55, 53, 56, 30, 4, 24, 7, 19, 14, 48, 32, 48, 37, 45, 40]","[4, 3, 5, 4, 6, 5, 7, 6, 8, 7, 9, 8, 10, 9, 11, 9, 12, 11, 13, 12, 14, 13, 15, 14, 16, 15, 17, 16, 18, 17, 19, 18, 20, 18, 21, 20, 22, 20, 23, 20, 24, 12, 25, 5, 26, 25, 27, 25, 28, 27, 29, 28, 30, 28, 31, 30, 32, 31, 33, 32, 34, 33, 35, 34, 36, 35, 37, 35, 38, 37, 39, 38, 40, 38, 41, 40, 42, 41, 43, 42, 44, 43, 45, 44, 46, 45, 47, 46, 48, 46, 49, 34, 50, 49, 51, 49, 52, 49, 53, 27, 54, 53, 55, 53, 56, 53, 4, 30, 7, 24, 14, 19, 32, 48, 37, 48, 40, 45]",-0.4244279852
57,118,"[9, 9, 9, 1, 1, 1, 2, 1, 2, 1, 4, 2, 1, 2, 1, 1, 1, 1, 1, 1, 8, 3, 3, 3, 2, 1, 1, 1, 1, 1, 1, 2, 1, 1, 1, 1, 2, 1, 1, 3, 1, 1, 1, 1, 1, 1, 1, 3, 1, 8, 3, 3, 3, 8, 3, 3, 3]","[1, 1, 3, 3, 1, 1, 1, 1, 3, 3, 3, 3, 1, 1, 3, 3, 3, 3, 1, 1, 1, 1, 3, 3, 3, 3, 3, 3, 3, 3, 3, 3, 1, 1, 1, 1, 2, 2, 2, 2, 3, 3, 3, 3, 1, 1, 3, 3, 3, 3, 1, 1, 3, 3, 1, 1, 1, 1, 3, 3, 3, 3, 3, 3, 1, 1, 3, 3, 1, 1, 2, 2, 1, 1, 3, 3, 3, 3, 3, 3, 3, 3, 3, 3, 1, 1, 2, 2, 1, 1, 1, 1, 1, 1, 2, 2, 2, 2, 1, 1, 1, 1, 2, 2, 2, 2, 3, 3, 3, 3, 3, 3, 3, 3, 3, 3, 3, 3]","[3, 4, 4, 5, 5, 6, 6, 7, 7, 8, 8, 9, 9, 10, 9, 11, 11, 12, 12, 13, 13, 14, 14, 15, 15, 16, 16, 17, 17, 18, 18, 19, 19, 20, 20, 21, 20, 22, 20, 23, 12, 24, 5, 25, 25, 26, 25, 27, 27, 28, 28, 29, 28, 30, 30, 31, 31, 32, 32, 33, 33, 34, 34, 35, 35, 36, 35, 37, 37, 38, 38, 39, 38, 40, 40, 41, 41, 42, 42, 43, 43, 44, 44, 45, 45, 46, 46, 47, 46, 48, 34, 49, 49, 50, 49, 51, 49, 52, 27, 53, 53, 54, 53, 55, 53, 56, 30, 4, 24, 7, 19, 14, 48, 32, 48, 37, 45, 40]","[4, 3, 5, 4, 6, 5, 7, 6, 8, 7, 9, 8, 10, 9, 11, 9, 12, 11, 13, 12, 14, 13, 15, 14, 16, 15, 17, 16, 18, 17, 19, 18, 20, 19, 21, 20, 22, 20, 23, 20, 24, 12, 25, 5, 26, 25, 27, 25, 28, 27, 29, 28, 30, 28, 31, 30, 32, 31, 33, 32, 34, 33, 35, 34, 36, 35, 37, 35, 38, 37, 39, 38, 40, 38, 41, 40, 42, 41, 43, 42, 44, 43, 45, 44, 46, 45, 47, 46, 48, 46, 49, 34, 50, 49, 51, 49, 52, 49, 53, 27, 54, 53, 55, 53, 56, 53, 4, 30, 7, 24, 14, 19, 32, 48, 37, 48, 40, 45]",-0.4244279852
56,112,"[9, 9, 9, 2, 1, 3, 2, 1, 1, 1, 2, 1, 2, 1, 6, 2, 1, 2, 1, 1, 3, 1, 1, 8, 3, 3, 1, 1, 2, 1, 1, 1, 2, 2, 1, 1, 1, 1, 1, 1, 1, 1, 8, 3, 3, 3, 8, 3, 3, 3, 1, 1, 8, 3, 3, 3]","[1, 1, 2, 2, 1, 1, 1, 1, 3, 3, 3, 3, 1, 1, 1, 1, 3, 3, 3, 3, 1, 1, 3, 3, 3, 3, 1, 1, 1, 1, 1, 1, 1, 1, 1, 1, 1, 1, 1, 1, 2, 2, 2, 2, 1, 1, 2, 2, 3, 3, 3, 3, 3, 3, 3, 3, 1, 1, 2, 2, 1, 1, 3, 3, 3, 3, 3, 3, 3, 3, 3, 3, 3, 3, 3, 3, 1, 1, 1, 1, 2, 2, 2, 2, 1, 1, 1, 1, 2, 2, 2, 2, 3, 3, 3, 3, 1, 1, 1, 1, 2, 2, 2, 2, 3, 3, 3, 3, 3, 3, 3, 3]","[3, 4, 4, 5, 4, 6, 6, 7, 7, 8, 8, 9, 9, 10, 10, 11, 11, 12, 12, 13, 13, 14, 13, 15, 15, 16, 16, 17, 17, 18, 18, 19, 19, 20, 20, 21, 21, 22, 22, 23, 23, 24, 23, 25, 23, 26, 26, 27, 16, 28, 9, 29, 29, 30, 30, 31, 31, 32, 32, 33, 33, 34, 34, 35, 35, 36, 36, 37, 37, 38, 38, 39, 39, 40, 40, 41, 41, 42, 42, 43, 42, 44, 42, 45, 39, 46, 46, 47, 46, 48, 46, 49, 37, 50, 50, 51, 51, 52, 52, 53, 52, 54, 52, 55, 31, 7, 28, 11, 51, 34, 41, 36]","[4, 3, 5, 4, 6, 4, 7, 6, 8, 7, 9, 8, 10, 9, 11, 10, 12, 11, 13, 12, 14, 13, 15, 13, 16, 15, 17, 16, 18, 17, 19, 18, 20, 19, 21, 20, 22, 21, 23, 22, 24, 23, 25, 23, 26, 23, 27, 26, 28, 16, 29, 9, 30, 29, 31, 30, 32, 31, 33, 32, 34, 33, 35, 34, 36, 35, 37, 36, 38, 37, 39, 38, 40, 39, 41, 40, 42, 41, 43, 42, 44, 42, 45, 42, 46, 39, 47, 46, 48, 46, 49, 46, 50, 37, 51, 50, 52, 51, 53, 52, 54, 52, 55, 52, 7, 31, 11, 28, 34, 51, 36, 41]",-0.4145597239
46,92,"[9, 9, 9, 2, 1, 3, 2, 1, 1, 1, 2, 1, 2, 1, 2, 2, 1, 4, 2, 1, 1, 1, 2, 2, 1, 1, 1, 1, 1, 1, 1, 1, 8, 3, 3, 3, 8, 3, 3, 3, 1, 1, 8, 3, 3, 3]","[1, 1, 2, 2, 1, 1, 1, 1, 3, 3, 3, 3, 1, 1, 1, 1, 3, 3, 3, 3, 1, 1, 3, 3, 3, 3, 1, 1, 3, 3, 3, 3, 3, 3, 3, 3, 1, 1, 2, 2, 1, 1, 3, 3, 3, 3, 3, 3, 3, 3, 3, 3, 3, 3, 3, 3, 1, 1, 1, 1, 2, 2, 2, 2, 1, 1, 1, 1, 2, 2, 2, 2, 3, 3, 3, 3, 1, 1, 1, 1, 2, 2, 2, 2, 3, 3, 3, 3, 3, 3, 3, 3]","[3, 4, 4, 5, 4, 6, 6, 7, 7, 8, 8, 9, 9, 10, 10, 11, 11, 12, 12, 13, 13, 14, 13, 15, 15, 16, 16, 17, 16, 18, 9, 19, 19, 20, 20, 21, 21, 22, 22, 23, 23, 24, 24, 25, 25, 26, 26, 27, 27, 28, 28, 29, 29, 30, 30, 31, 31, 32, 32, 33, 32, 34, 32, 35, 29, 36, 36, 37, 36, 38, 36, 39, 27, 40, 40, 41, 41, 42, 42, 43, 42, 44, 42, 45, 21, 7, 18, 11, 41, 24, 31, 26]","[4, 3, 5, 4, 6, 4, 7, 6, 8, 7, 9, 8, 10, 9, 11, 10, 12, 11, 13, 12, 14, 13, 15, 13, 16, 15, 17, 16, 18, 16, 19, 9, 20, 19, 21, 20, 22, 21, 23, 22, 24, 23, 25, 24, 26, 25, 27, 26, 28, 27, 29, 28, 30, 29, 31, 30, 32, 31, 33, 32, 34, 32, 35, 32, 36, 29, 37, 36, 38, 36, 39, 36, 40, 27, 41, 40, 42, 41, 43, 42, 44, 42, 45, 42, 7, 21, 11, 18, 24, 41, 26, 31]",-1.0000005869
34,70,"[4, 1, 2, 1, 1, 1, 1, 1, 1, 3, 1, 1, 4, 1, 1, 1, 3, 1, 1, 1, 1, 3, 1, 3, 1, 3, 1, 1, 2, 3, 1, 3, 3, 30]","[1, 1, 1, 1, 1, 1, 1, 1, 1, 1, 1, 1, 1, 1, 1, 1, 1, 1, 3, 3, 1, 1, 3, 3, 3, 3, 3, 3, 1, 1, 3, 3, 1, 1, 2, 2, 1, 1, 2, 2, 1, 1, 1, 1, 1, 1, 2, 2, 1, 1, 2, 2, 1, 1, 1, 1, 1, 1, 2, 2, 1, 1, 1, 1, 1, 1, 1, 1, 3, 3]","[1, 2, 2, 3, 2, 4, 4, 5, 5, 6, 6, 7, 7, 8, 8, 9, 8, 10, 10, 11, 11, 12, 11, 13, 13, 14, 14, 15, 15, 16, 15, 17, 17, 18, 18, 19, 19, 20, 20, 21, 20, 22, 22, 23, 22, 24, 24, 25, 24, 26, 26, 27, 27, 28, 27, 29, 26, 30, 30, 31, 18, 32, 30, 4, 22, 5, 19, 7, 17, 10]","[2, 1, 3, 2, 4, 2, 5, 4, 6, 5, 7, 6, 8, 7, 9, 8, 10, 8, 11, 10, 12, 11, 13, 11, 14, 13, 15, 14, 16, 15, 17, 15, 18, 17, 19, 18, 20, 19, 21, 20, 22, 20, 23, 22, 24, 22, 25, 24, 26, 24, 27, 26, 28, 27, 29, 27, 30, 26, 31, 30, 32, 18, 4, 30, 5, 22, 7, 19, 10, 17]",-1.0469016509
32,70,"[1, 2, 1, 1, 1, 1, 1, 1, 1, 3, 1, 1, 3, 1, 1, 1, 1, 1, 1, 3, 1, 3, 1, 3, 1, 3, 1, 1, 2, 3, 1, 3]","[1, 1, 1, 1, 1, 1, 1, 1, 1, 1, 1, 1, 1, 1, 2, 2, 1, 1, 1, 1, 3, 3, 1, 1, 3, 3, 3, 3, 3, 3, 3, 3, 1, 1, 1, 1, 1, 1, 1, 1, 2, 2, 1, 1, 1, 1, 1, 1, 2, 2, 1, 1, 2, 2, 1, 1, 1, 1, 1, 1, 2, 2, 1, 1, 1, 1, 1, 1, 3, 3]","[0, 1, 1, 2, 1, 3, 3, 4, 4, 5, 5, 6, 6, 7, 7, 8, 8, 9, 8, 10, 10, 11, 11, 12, 11, 13, 13, 14, 14, 15, 15, 16, 16, 17, 17, 18, 17, 19, 7, 20, 20, 21, 20, 22, 22, 23, 22, 24, 24, 25, 24, 26, 26, 27, 27, 28, 27, 29, 26, 30, 30, 31, 30, 3, 22, 4, 17, 6, 16, 10]","[1, 0, 2, 1, 3, 1, 4, 3, 5, 4, 6, 5, 7, 6, 8, 7, 9, 8, 10, 8, 11, 10, 12, 11, 13, 11, 14, 13, 15, 14, 16, 15, 17, 16, 18, 17, 19, 17, 20, 7, 21, 20, 22, 20, 23, 22, 24, 22, 25, 24, 26, 24, 27, 26, 28, 27, 29, 27, 30, 26, 31, 30, 3, 30, 4, 22, 6, 17, 10, 16]",-3.284
8,16,"[3, 1, 1, 8, 1, 3, 1, 8]","[1, 1, 1, 1, 1, 1, 1, 1, 1, 1, 1, 1, 1, 1, 1, 1]","[0, 1, 1, 2, 2, 3, 3, 4, 4, 5, 4, 6, 6, 7, 7, 1]","[1, 0, 2, 1, 3, 2, 4, 3, 5, 4, 6, 4, 7, 6, 1, 7]",-1.4690382322
6,12,"[1, 1, 8, 1, 1, 8]","[1, 1, 1, 1, 1, 1, 1, 1, 1, 1, 1, 1]","[0, 1, 1, 2, 2, 3, 3, 4, 4, 5, 5, 0]","[1, 0, 2, 1, 3, 2, 4, 3, 5, 4, 0, 5]",-1.6029
44,94,"[9, 9, 2, 1, 1, 1, 3, 1, 1, 1, 1, 1, 1, 1, 3, 1, 1, 1, 1, 8, 3, 3, 3, 1, 1, 1, 1, 2, 1, 1, 3, 1, 1, 1, 1, 1, 1, 1, 3, 1, 8, 3, 3, 3]","[1, 1, 3, 3, 1, 1, 2, 2, 1, 1, 3, 3, 3, 3, 3, 3, 3, 3, 3, 3, 1, 1, 2, 2, 1, 1, 3, 3, 3, 3, 3, 3, 1, 1, 1, 1, 2, 2, 2, 2, 1, 1, 3, 3, 3, 3, 3, 3, 1, 1, 3, 3, 1, 1, 2, 2, 1, 1, 3, 3, 3, 3, 3, 3, 3, 3, 3, 3, 1, 1, 2, 2, 1, 1, 1, 1, 1, 1, 2, 2, 2, 2, 3, 3, 3, 3, 3, 3, 3, 3, 3, 3, 3, 3]","[2, 3, 3, 4, 4, 5, 5, 6, 5, 7, 7, 8, 8, 9, 9, 10, 10, 11, 11, 12, 12, 13, 13, 14, 13, 15, 15, 16, 16, 17, 17, 18, 18, 19, 19, 20, 19, 21, 19, 22, 16, 23, 23, 24, 24, 25, 25, 26, 26, 27, 26, 28, 28, 29, 29, 30, 29, 31, 31, 32, 32, 33, 33, 34, 34, 35, 35, 36, 36, 37, 37, 38, 37, 39, 25, 40, 40, 41, 40, 42, 40, 43, 18, 3, 15, 4, 12, 7, 39, 23, 39, 28, 36, 31]","[3, 2, 4, 3, 5, 4, 6, 5, 7, 5, 8, 7, 9, 8, 10, 9, 11, 10, 12, 11, 13, 12, 14, 13, 15, 13, 16, 15, 17, 16, 18, 17, 19, 18, 20, 19, 21, 19, 22, 19, 23, 16, 24, 23, 25, 24, 26, 25, 27, 26, 28, 26, 29, 28, 30, 29, 31, 29, 32, 31, 33, 32, 34, 33, 35, 34, 36, 35, 37, 36, 38, 37, 39, 37, 40, 25, 41, 40, 42, 40, 43, 40, 3, 18, 4, 15, 7, 12, 23, 39, 28, 39, 31, 36]",-2.0301800533
34,78,"[2, 1, 1, 1, 1, 1, 1, 1, 1, 2, 1, 1, 3, 1, 1, 1, 1, 1, 1, 1, 3, 1, 1, 1, 3, 1, 1, 1, 1, 1, 1, 1, 3, 1]","[1, 1, 3, 3, 3, 3, 3, 3, 1, 1, 3, 3, 3, 3, 3, 3, 1, 1, 3, 3, 1, 1, 2, 2, 1, 1, 3, 3, 3, 3, 3, 3, 3, 3, 3, 3, 1, 1, 2, 2, 1, 1, 3, 3, 1, 1, 2, 2, 1, 1, 3, 3, 3, 3, 3, 3, 3, 3, 3, 3, 1, 1, 2, 2, 1, 1, 3, 3, 3, 3, 3, 3, 3, 3, 3, 3, 3, 3]","[0, 1, 1, 2, 2, 3, 3, 4, 4, 5, 5, 6, 6, 7, 7, 8, 8, 9, 8, 10, 10, 11, 11, 12, 11, 13, 13, 14, 14, 15, 15, 16, 16, 17, 17, 18, 18, 19, 19, 20, 19, 21, 4, 22, 22, 23, 23, 24, 23, 25, 25, 26, 26, 27, 27, 28, 28, 29, 29, 30, 30, 31, 31, 32, 31, 33, 33, 1, 21, 5, 21, 10, 18, 13, 33, 22, 30, 25]","[1, 0, 2, 1, 3, 2, 4, 3, 5, 4, 6, 5, 7, 6, 8, 7, 9, 8, 10, 8, 11, 10, 12, 11, 13, 11, 14, 13, 15, 14, 16, 15, 17, 16, 18, 17, 19, 18, 20, 19, 21, 19, 22, 4, 23, 22, 24, 23, 25, 23, 26, 25, 27, 26, 28, 27, 29, 28, 30, 29, 31, 30, 32, 31, 33, 31, 1, 33, 5, 21, 10, 21, 13, 18, 22, 33, 25, 30]",-6.293710562799999
6,12,"[1, 1, 3, 1, 1, 1]","[1, 1, 1, 1, 1, 1, 2, 2, 1, 1, 1, 1]","[0, 1, 1, 2, 2, 3, 3, 4, 4, 5, 5, 0]","[1, 0, 2, 1, 3, 2, 4, 3, 5, 4, 0, 5]",-1.0383982131
8,16,"[1, 3, 1, 1, 1, 1, 1, 3]","[1, 1, 1, 1, 1, 1, 1, 1, 1, 1, 2, 2, 1, 1, 1, 1]","[0, 1, 1, 2, 2, 3, 3, 4, 4, 5, 5, 6, 6, 7, 7, 2]","[1, 0, 2, 1, 3, 2, 4, 3, 5, 4, 6, 5, 7, 6, 2, 7]",-0.853333105
14,28,"[1, 1, 3, 1, 1, 3, 1, 3, 3, 1, 1, 3, 1, 3]","[1, 1, 1, 1, 1, 1, 2, 2, 1, 1, 1, 1, 2, 2, 1, 1, 1, 1, 1, 1, 1, 1, 1, 1, 1, 1, 1, 1]","[0, 1, 1, 2, 2, 3, 3, 4, 4, 5, 4, 6, 6, 7, 6, 8, 8, 9, 9, 10, 10, 11, 10, 12, 12, 13, 9, 3]","[1, 0, 2, 1, 3, 2, 4, 3, 5, 4, 6, 4, 7, 6, 8, 6, 9, 8, 10, 9, 11, 10, 12, 10, 13, 12, 3, 9]",0.5809706515999999
12,24,"[3, 1, 1, 3, 1, 3, 1, 3, 1, 1, 3, 3]","[1, 1, 1, 1, 1, 1, 1, 1, 1, 1, 1, 1, 2, 2, 1, 1, 2, 2, 1, 1, 1, 1, 1, 1]","[0, 1, 1, 2, 2, 3, 2, 4, 4, 5, 5, 6, 6, 7, 6, 8, 8, 9, 9, 10, 8, 11, 9, 4]","[1, 0, 2, 1, 3, 2, 4, 2, 5, 4, 6, 5, 7, 6, 8, 6, 9, 8, 10, 9, 11, 8, 4, 9]",0.28
12,26,"[1, 1, 1, 1, 1, 1, 1, 1, 3, 3, 1, 3]","[1, 1, 1, 1, 1, 1, 1, 1, 1, 1, 1, 1, 1, 1, 2, 2, 1, 1, 1, 1, 2, 2, 1, 1, 1, 1]","[0, 1, 1, 2, 2, 3, 3, 4, 4, 5, 5, 6, 5, 7, 7, 8, 7, 9, 9, 10, 10, 11, 6, 1, 10, 4]","[1, 0, 2, 1, 3, 2, 4, 3, 5, 4, 6, 5, 7, 5, 8, 7, 9, 7, 10, 9, 11, 10, 1, 6, 4, 10]",-1.3015260488
11,24,"[3, 1, 3, 1, 3, 1, 1, 1, 1, 1, 1]","[2, 2, 1, 1, 1, 1, 2, 2, 1, 1, 1, 1, 1, 1, 1, 1, 1, 1, 1, 1, 1, 1, 1, 1]","[0, 1, 1, 2, 2, 3, 3, 4, 3, 5, 5, 6, 6, 7, 7, 8, 8, 9, 9, 10, 10, 1, 10, 5]","[1, 0, 2, 1, 3, 2, 4, 3, 5, 3, 6, 5, 7, 6, 8, 7, 9, 8, 10, 9, 1, 10, 5, 10]",-1.5647364969
8,16,"[3, 1, 1, 1, 1, 1, 1, 2]","[2, 2, 1, 1, 1, 1, 1, 1, 1, 1, 1, 1, 1, 1, 1, 1]","[0, 1, 1, 2, 2, 3, 3, 4, 4, 5, 5, 6, 6, 7, 7, 1]","[1, 0, 2, 1, 3, 2, 4, 3, 5, 4, 6, 5, 7, 6, 1, 7]",0.8601209136
10,20,"[1, 1, 2, 1, 1, 1, 1, 1, 1, 3]","[2, 2, 1, 1, 1, 1, 1, 1, 1, 1, 1, 1, 1, 1, 1, 1, 2, 2, 1, 1]","[0, 1, 1, 2, 2, 3, 3, 4, 4, 5, 5, 6, 6, 7, 7, 8, 8, 9, 8, 2]","[1, 0, 2, 1, 3, 2, 4, 3, 5, 4, 6, 5, 7, 6, 8, 7, 9, 8, 2, 8]",-0.4507860761
19,36,"[5, 3, 1, 3, 1, 1, 1, 1, 3, 2, 3, 1, 3, 1, 1, 1, 1, 3, 2]","[1, 1, 2, 2, 1, 1, 1, 1, 1, 1, 1, 1, 2, 2, 1, 1, 1, 1, 2, 2, 1, 1, 1, 1, 1, 1, 1, 1, 2, 2, 1, 1, 1, 1, 1, 1]","[1, 2, 2, 3, 2, 4, 4, 5, 5, 6, 6, 7, 7, 8, 7, 9, 10, 11, 11, 12, 11, 13, 13, 14, 14, 15, 15, 16, 16, 17, 16, 18, 9, 4, 18, 13]","[2, 1, 3, 2, 4, 2, 5, 4, 6, 5, 7, 6, 8, 7, 9, 7, 11, 10, 12, 11, 13, 11, 14, 13, 15, 14, 16, 15, 17, 16, 18, 16, 4, 9, 13, 18]",-0.5341935881000001
19,36,"[31, 3, 1, 3, 1, 1, 1, 1, 3, 2, 3, 1, 3, 1, 1, 1, 1, 3, 2]","[1, 1, 2, 2, 1, 1, 1, 1, 1, 1, 1, 1, 2, 2, 1, 1, 1, 1, 2, 2, 1, 1, 1, 1, 1, 1, 1, 1, 2, 2, 1, 1, 1, 1, 1, 1]","[1, 2, 2, 3, 2, 4, 4, 5, 5, 6, 6, 7, 7, 8, 7, 9, 10, 11, 11, 12, 11, 13, 13, 14, 14, 15, 15, 16, 16, 17, 16, 18, 9, 4, 18, 13]","[2, 1, 3, 2, 4, 2, 5, 4, 6, 5, 7, 6, 8, 7, 9, 7, 11, 10, 12, 11, 13, 11, 14, 13, 15, 14, 16, 15, 17, 16, 18, 16, 4, 9, 13, 18]",-0.384250204
12,24,"[3, 1, 3, 1, 1, 1, 1, 1, 1, 1, 8, 8]","[1, 1, 2, 2, 1, 1, 1, 1, 1, 1, 1, 1, 1, 1, 1, 1, 1, 1, 1, 1, 1, 1, 1, 1]","[0, 1, 1, 2, 1, 3, 3, 4, 4, 5, 5, 6, 6, 7, 7, 8, 8, 9, 9, 10, 10, 11, 11, 7]","[1, 0, 2, 1, 3, 1, 4, 3, 5, 4, 6, 5, 7, 6, 8, 7, 9, 8, 10, 9, 11, 10, 7, 11]",-2.3750473352
8,16,"[1, 2, 1, 1, 1, 8, 8, 1]","[1, 1, 1, 1, 1, 1, 1, 1, 1, 1, 1, 1, 1, 1, 1, 1]","[0, 1, 1, 2, 1, 3, 3, 4, 4, 5, 5, 6, 6, 7, 7, 3]","[1, 0, 2, 1, 3, 1, 4, 3, 5, 4, 6, 5, 7, 6, 3, 7]",-1.873
8,16,"[3, 2, 1, 1, 1, 1, 1, 1]","[1, 1, 2, 2, 1, 1, 1, 1, 1, 1, 1, 1, 1, 1, 1, 1]","[0, 1, 1, 2, 2, 3, 3, 4, 4, 5, 5, 6, 6, 7, 7, 2]","[1, 0, 2, 1, 3, 2, 4, 3, 5, 4, 6, 5, 7, 6, 2, 7]",-0.8495729560999999
11,22,"[2, 1, 3, 2, 2, 1, 1, 1, 1, 1, 1]","[1, 1, 2, 2, 1, 1, 1, 1, 2, 2, 1, 1, 1, 1, 1, 1, 1, 1, 1, 1, 1, 1]","[0, 1, 1, 2, 1, 3, 3, 4, 4, 5, 5, 6, 6, 7, 7, 8, 8, 9, 9, 10, 10, 5]","[1, 0, 2, 1, 3, 1, 4, 3, 5, 4, 6, 5, 7, 6, 8, 7, 9, 8, 10, 9, 5, 10]",-1.4127
12,24,"[1, 1, 1, 1, 1, 3, 1, 1, 1, 1, 2, 3]","[1, 1, 1, 1, 1, 1, 1, 1, 2, 2, 1, 1, 1, 1, 1, 1, 1, 1, 1, 1, 1, 1, 1, 1]","[0, 1, 1, 2, 1, 3, 3, 4, 4, 5, 4, 6, 6, 7, 7, 8, 7, 9, 7, 10, 10, 11, 10, 1]","[1, 0, 2, 1, 3, 1, 4, 3, 5, 4, 6, 4, 7, 6, 8, 7, 9, 7, 10, 7, 11, 10, 1, 10]",0.1034125496
12,24,"[1, 1, 3, 1, 3, 2, 1, 1, 1, 3, 1, 1]","[1, 1, 1, 1, 1, 1, 2, 2, 1, 1, 1, 1, 1, 1, 1, 1, 2, 2, 1, 1, 1, 1, 1, 1]","[0, 1, 1, 2, 2, 3, 3, 4, 3, 5, 5, 6, 6, 7, 7, 8, 8, 9, 8, 10, 10, 11, 11, 5]","[1, 0, 2, 1, 3, 2, 4, 3, 5, 3, 6, 5, 7, 6, 8, 7, 9, 8, 10, 8, 11, 10, 5, 11]",0.7665063868
41,84,"[9, 9, 2, 1, 1, 2, 2, 1, 1, 1, 1, 1, 1, 2, 3, 3, 1, 1, 1, 1, 1, 1, 2, 2, 1, 1, 1, 1, 1, 1, 1, 3, 1, 8, 3, 3, 3, 8, 3, 3, 3]","[1, 1, 3, 3, 1, 1, 2, 2, 1, 1, 3, 3, 3, 3, 3, 3, 3, 3, 3, 3, 1, 1, 1, 1, 2, 2, 3, 3, 3, 3, 3, 3, 1, 1, 2, 2, 1, 1, 2, 2, 1, 1, 1, 1, 3, 3, 3, 3, 3, 3, 3, 3, 3, 3, 1, 1, 2, 2, 1, 1, 1, 1, 1, 1, 2, 2, 2, 2, 1, 1, 1, 1, 2, 2, 2, 2, 3, 3, 3, 3, 3, 3, 3, 3]","[2, 3, 3, 4, 4, 5, 5, 6, 6, 7, 7, 8, 8, 9, 9, 10, 10, 11, 11, 12, 10, 13, 13, 14, 13, 15, 4, 16, 16, 17, 17, 18, 18, 19, 19, 20, 20, 21, 21, 22, 22, 23, 23, 24, 24, 25, 25, 26, 26, 27, 27, 28, 28, 29, 21, 30, 30, 31, 30, 32, 20, 33, 33, 34, 33, 35, 33, 36, 16, 37, 37, 38, 37, 39, 37, 40, 32, 3, 12, 7, 32, 18, 29, 24]","[3, 2, 4, 3, 5, 4, 6, 5, 7, 6, 8, 7, 9, 8, 10, 9, 11, 10, 12, 11, 13, 10, 14, 13, 15, 13, 16, 4, 17, 16, 18, 17, 19, 18, 20, 19, 21, 20, 22, 21, 23, 22, 24, 23, 25, 24, 26, 25, 27, 26, 28, 27, 29, 28, 30, 21, 31, 30, 32, 30, 33, 20, 34, 33, 35, 33, 36, 33, 37, 16, 38, 37, 39, 37, 40, 37, 3, 32, 7, 12, 18, 32, 24, 29]",-1.2800595004000002
62,122,"[9, 9, 9, 9, 1, 3, 1, 1, 1, 1, 1, 1, 2, 2, 1, 1, 3, 1, 1, 2, 1, 2, 2, 1, 1, 1, 1, 1, 1, 8, 3, 3, 1, 1, 3, 8, 3, 3, 3, 1, 1, 1, 1, 1, 8, 3, 3, 3, 8, 3, 3, 3, 8, 3, 3, 1, 1, 3, 8, 3, 3, 3]","[1, 1, 1, 1, 3, 3, 3, 3, 3, 3, 3, 3, 3, 3, 1, 1, 1, 1, 2, 2, 1, 1, 2, 2, 1, 1, 3, 3, 1, 1, 3, 3, 1, 1, 2, 2, 1, 1, 3, 3, 3, 3, 3, 3, 3, 3, 3, 3, 1, 1, 2, 2, 2, 2, 1, 1, 1, 1, 1, 1, 1, 1, 1, 1, 2, 2, 2, 2, 3, 3, 3, 3, 3, 3, 1, 1, 2, 2, 1, 1, 1, 1, 2, 2, 2, 2, 1, 1, 1, 1, 2, 2, 2, 2, 1, 1, 2, 2, 2, 2, 1, 1, 1, 1, 1, 1, 1, 1, 1, 1, 2, 2, 2, 2, 3, 3, 1, 1, 3, 3, 3, 3]","[4, 5, 5, 6, 6, 7, 7, 8, 8, 9, 9, 10, 10, 11, 11, 12, 12, 13, 13, 14, 14, 15, 15, 16, 15, 17, 17, 18, 18, 19, 18, 20, 20, 21, 21, 22, 22, 23, 23, 24, 24, 25, 25, 26, 26, 27, 27, 28, 26, 29, 29, 30, 29, 31, 29, 32, 32, 33, 33, 34, 34, 35, 35, 36, 35, 37, 35, 38, 20, 39, 39, 40, 40, 41, 41, 42, 42, 43, 43, 44, 44, 45, 44, 46, 44, 47, 39, 48, 48, 49, 48, 50, 48, 51, 9, 52, 52, 53, 52, 54, 52, 55, 55, 56, 56, 57, 57, 58, 58, 59, 58, 60, 58, 61, 11, 6, 43, 14, 41, 17, 28, 23]","[5, 4, 6, 5, 7, 6, 8, 7, 9, 8, 10, 9, 11, 10, 12, 11, 13, 12, 14, 13, 15, 14, 16, 15, 17, 15, 18, 17, 19, 18, 20, 18, 21, 20, 22, 21, 23, 22, 24, 23, 25, 24, 26, 25, 27, 26, 28, 27, 29, 26, 30, 29, 31, 29, 32, 29, 33, 32, 34, 33, 35, 34, 36, 35, 37, 35, 38, 35, 39, 20, 40, 39, 41, 40, 42, 41, 43, 42, 44, 43, 45, 44, 46, 44, 47, 44, 48, 39, 49, 48, 50, 48, 51, 48, 52, 9, 53, 52, 54, 52, 55, 52, 56, 55, 57, 56, 58, 57, 59, 58, 60, 58, 61, 58, 6, 11, 14, 43, 17, 41, 23, 28]",-0.4161044822999999
5,10,"[3, 1, 1, 1, 3]","[2, 2, 1, 1, 1, 1, 1, 1, 1, 1]","[0, 1, 1, 2, 2, 3, 3, 4, 4, 1]","[1, 0, 2, 1, 3, 2, 4, 3, 1, 4]",0.7104893861
8,16,"[1, 1, 1, 1, 1, 3, 1, 3]","[1, 1, 1, 1, 1, 1, 1, 1, 1, 1, 1, 1, 2, 2, 1, 1]","[0, 1, 1, 2, 2, 3, 3, 4, 3, 5, 5, 6, 6, 7, 6, 2]","[1, 0, 2, 1, 3, 2, 4, 3, 5, 3, 6, 5, 7, 6, 2, 6]",-0.6665
17,34,"[4, 2, 1, 3, 1, 1, 1, 1, 2, 1, 1, 1, 1, 1, 1, 1, 1]","[1, 1, 2, 2, 1, 1, 3, 3, 3, 3, 3, 3, 3, 3, 1, 1, 1, 1, 3, 3, 3, 3, 3, 3, 3, 3, 3, 3, 3, 3, 3, 3, 3, 3]","[1, 2, 2, 3, 2, 4, 4, 5, 5, 6, 6, 7, 7, 8, 8, 9, 9, 10, 10, 11, 11, 12, 12, 13, 13, 14, 14, 15, 8, 16, 16, 4, 15, 10]","[2, 1, 3, 2, 4, 2, 5, 4, 6, 5, 7, 6, 8, 7, 9, 8, 10, 9, 11, 10, 12, 11, 13, 12, 14, 13, 15, 14, 16, 8, 4, 16, 10, 15]",0.2936103731
18,34,"[9, 4, 3, 1, 3, 1, 1, 1, 1, 2, 1, 1, 1, 1, 1, 1, 1, 1]","[1, 1, 2, 2, 1, 1, 3, 3, 3, 3, 3, 3, 3, 3, 1, 1, 1, 1, 3, 3, 3, 3, 3, 3, 3, 3, 3, 3, 3, 3, 3, 3, 3, 3]","[2, 3, 3, 4, 3, 5, 5, 6, 6, 7, 7, 8, 8, 9, 9, 10, 10, 11, 11, 12, 12, 13, 13, 14, 14, 15, 15, 16, 9, 17, 17, 5, 16, 11]","[3, 2, 4, 3, 5, 3, 6, 5, 7, 6, 8, 7, 9, 8, 10, 9, 11, 10, 12, 11, 13, 12, 14, 13, 15, 14, 16, 15, 17, 9, 5, 17, 11, 16]",0.5192202667
9,16,"[0, 1, 1, 2, 1, 1, 1, 1, 1]","[1, 1, 1, 1, 1, 1, 1, 1, 1, 1, 1, 1, 1, 1, 1, 1]","[1, 2, 2, 3, 3, 4, 3, 5, 5, 6, 6, 7, 7, 8, 8, 3]","[2, 1, 3, 2, 4, 3, 5, 3, 6, 5, 7, 6, 8, 7, 3, 8]",1.4101871429
8,16,"[2, 1, 3, 1, 1, 1, 1, 2]","[1, 1, 2, 2, 1, 1, 1, 1, 1, 1, 1, 1, 1, 1, 1, 1]","[0, 1, 1, 2, 1, 3, 3, 4, 4, 5, 5, 6, 6, 7, 7, 3]","[1, 0, 2, 1, 3, 1, 4, 3, 5, 4, 6, 5, 7, 6, 3, 7]",0.7853597575
54,108,"[9, 18, 1, 1, 3, 1, 2, 2, 1, 1, 1, 1, 1, 1, 3, 8, 2, 3, 3, 1, 3, 2, 1, 1, 1, 1, 1, 1, 1, 1, 3, 1, 2, 2, 1, 1, 1, 1, 1, 1, 3, 8, 2, 3, 3, 1, 3, 2, 1, 1, 1, 1, 1, 1]","[1, 1, 2, 2, 1, 1, 2, 2, 1, 1, 1, 1, 3, 3, 3, 3, 3, 3, 3, 3, 3, 3, 1, 1, 1, 1, 1, 1, 2, 2, 2, 2, 1, 1, 2, 2, 1, 1, 1, 1, 3, 3, 3, 3, 3, 3, 3, 3, 3, 3, 1, 1, 2, 2, 1, 1, 2, 2, 1, 1, 1, 1, 3, 3, 3, 3, 3, 3, 3, 3, 3, 3, 1, 1, 1, 1, 1, 1, 2, 2, 2, 2, 1, 1, 2, 2, 1, 1, 1, 1, 3, 3, 3, 3, 3, 3, 3, 3, 3, 3, 3, 3, 3, 3, 3, 3, 3, 3]","[2, 3, 3, 4, 3, 5, 5, 6, 6, 7, 7, 8, 8, 9, 9, 10, 10, 11, 11, 12, 12, 13, 13, 14, 10, 15, 15, 16, 15, 17, 15, 18, 5, 19, 19, 20, 19, 21, 21, 22, 22, 23, 23, 24, 24, 25, 25, 26, 26, 27, 28, 29, 29, 30, 29, 31, 31, 32, 32, 33, 33, 34, 34, 35, 35, 36, 36, 37, 37, 38, 38, 39, 39, 40, 36, 41, 41, 42, 41, 43, 41, 44, 31, 45, 45, 46, 45, 47, 47, 48, 48, 49, 49, 50, 50, 51, 51, 52, 52, 53, 13, 8, 27, 22, 39, 34, 53, 48]","[3, 2, 4, 3, 5, 3, 6, 5, 7, 6, 8, 7, 9, 8, 10, 9, 11, 10, 12, 11, 13, 12, 14, 13, 15, 10, 16, 15, 17, 15, 18, 15, 19, 5, 20, 19, 21, 19, 22, 21, 23, 22, 24, 23, 25, 24, 26, 25, 27, 26, 29, 28, 30, 29, 31, 29, 32, 31, 33, 32, 34, 33, 35, 34, 36, 35, 37, 36, 38, 37, 39, 38, 40, 39, 41, 36, 42, 41, 43, 41, 44, 41, 45, 31, 46, 45, 47, 45, 48, 47, 49, 48, 50, 49, 51, 50, 52, 51, 53, 52, 8, 13, 22, 27, 34, 39, 48, 53]",-2.2084701124
62,120,"[9, 9, 9, 18, 1, 1, 3, 1, 2, 2, 1, 1, 1, 1, 1, 1, 3, 8, 3, 3, 3, 2, 3, 3, 1, 3, 2, 1, 1, 1, 1, 1, 1, 1, 1, 3, 1, 2, 2, 1, 1, 1, 1, 1, 1, 3, 8, 3, 3, 3, 2, 3, 3, 1, 3, 2, 1, 1, 1, 1, 1, 1]","[1, 1, 2, 2, 1, 1, 2, 2, 1, 1, 1, 1, 3, 3, 3, 3, 3, 3, 3, 3, 3, 3, 1, 1, 1, 1, 1, 1, 2, 2, 2, 2, 1, 1, 1, 1, 2, 2, 1, 1, 2, 2, 1, 1, 1, 1, 3, 3, 3, 3, 3, 3, 3, 3, 3, 3, 1, 1, 2, 2, 1, 1, 2, 2, 1, 1, 1, 1, 3, 3, 3, 3, 3, 3, 3, 3, 3, 3, 1, 1, 1, 1, 1, 1, 2, 2, 2, 2, 1, 1, 1, 1, 2, 2, 1, 1, 2, 2, 1, 1, 1, 1, 3, 3, 3, 3, 3, 3, 3, 3, 3, 3, 3, 3, 3, 3, 3, 3, 3, 3]","[4, 5, 5, 6, 5, 7, 7, 8, 8, 9, 9, 10, 10, 11, 11, 12, 12, 13, 13, 14, 14, 15, 15, 16, 14, 17, 17, 18, 17, 19, 17, 20, 12, 21, 21, 22, 21, 23, 7, 24, 24, 25, 24, 26, 26, 27, 27, 28, 28, 29, 29, 30, 30, 31, 31, 32, 33, 34, 34, 35, 34, 36, 36, 37, 37, 38, 38, 39, 39, 40, 40, 41, 41, 42, 42, 43, 43, 44, 44, 45, 43, 46, 46, 47, 46, 48, 46, 49, 41, 50, 50, 51, 50, 52, 36, 53, 53, 54, 53, 55, 55, 56, 56, 57, 57, 58, 58, 59, 59, 60, 60, 61, 15, 10, 32, 27, 44, 39, 61, 56]","[5, 4, 6, 5, 7, 5, 8, 7, 9, 8, 10, 9, 11, 10, 12, 11, 13, 12, 14, 13, 15, 14, 16, 15, 17, 14, 18, 17, 19, 17, 20, 17, 21, 12, 22, 21, 23, 21, 24, 7, 25, 24, 26, 24, 27, 26, 28, 27, 29, 28, 30, 29, 31, 30, 32, 31, 34, 33, 35, 34, 36, 34, 37, 36, 38, 37, 39, 38, 40, 39, 41, 40, 42, 41, 43, 42, 44, 43, 45, 44, 46, 43, 47, 46, 48, 46, 49, 46, 50, 41, 51, 50, 52, 50, 53, 36, 54, 53, 55, 53, 56, 55, 57, 56, 58, 57, 59, 58, 60, 59, 61, 60, 10, 15, 27, 32, 39, 44, 56, 61]",-0.4747040271
13,26,"[3, 8, 3, 3, 1, 1, 1, 2, 1, 1, 3, 1, 1]","[1, 1, 2, 2, 2, 2, 1, 1, 1, 1, 1, 1, 1, 1, 1, 1, 1, 1, 1, 1, 1, 1, 1, 1, 1, 1]","[0, 1, 1, 2, 1, 3, 1, 4, 4, 5, 5, 6, 6, 7, 7, 8, 8, 9, 9, 10, 10, 11, 11, 12, 12, 7]","[1, 0, 2, 1, 3, 1, 4, 1, 5, 4, 6, 5, 7, 6, 8, 7, 9, 8, 10, 9, 11, 10, 12, 11, 7, 12]",0.4557825074
8,16,"[1, 2, 3, 1, 1, 3, 1, 1]","[1, 1, 1, 1, 1, 1, 1, 1, 1, 1, 1, 1, 1, 1, 1, 1]","[0, 1, 1, 2, 1, 3, 3, 4, 4, 5, 5, 6, 6, 7, 7, 1]","[1, 0, 2, 1, 3, 1, 4, 3, 5, 4, 6, 5, 7, 6, 1, 7]",0.4563099285
44,90,"[9, 9, 1, 3, 1, 1, 1, 1, 1, 1, 1, 2, 1, 3, 1, 2, 2, 1, 1, 1, 1, 1, 1, 1, 8, 1, 1, 1, 1, 1, 1, 1, 8, 3, 3, 3, 2, 1, 1, 3, 8, 3, 3, 3]","[1, 1, 1, 1, 3, 3, 3, 3, 3, 3, 1, 1, 3, 3, 3, 3, 1, 1, 1, 1, 2, 2, 1, 1, 1, 1, 2, 2, 1, 1, 3, 3, 3, 3, 3, 3, 3, 3, 3, 3, 1, 1, 3, 3, 3, 3, 3, 3, 3, 3, 3, 3, 3, 3, 1, 1, 3, 3, 1, 1, 1, 1, 2, 2, 2, 2, 3, 3, 1, 1, 1, 1, 2, 2, 1, 1, 1, 1, 2, 2, 2, 2, 3, 3, 3, 3, 3, 3, 3, 3]","[2, 3, 3, 4, 4, 5, 5, 6, 6, 7, 7, 8, 7, 9, 9, 10, 10, 11, 11, 12, 12, 13, 12, 14, 14, 15, 15, 16, 16, 17, 17, 18, 18, 19, 19, 20, 20, 21, 21, 22, 20, 23, 23, 24, 24, 25, 25, 26, 26, 27, 27, 28, 28, 29, 29, 30, 29, 31, 31, 32, 32, 33, 32, 34, 32, 35, 26, 36, 14, 37, 37, 38, 37, 39, 6, 40, 40, 41, 40, 42, 40, 43, 10, 4, 22, 17, 36, 23, 31, 25]","[3, 2, 4, 3, 5, 4, 6, 5, 7, 6, 8, 7, 9, 7, 10, 9, 11, 10, 12, 11, 13, 12, 14, 12, 15, 14, 16, 15, 17, 16, 18, 17, 19, 18, 20, 19, 21, 20, 22, 21, 23, 20, 24, 23, 25, 24, 26, 25, 27, 26, 28, 27, 29, 28, 30, 29, 31, 29, 32, 31, 33, 32, 34, 32, 35, 32, 36, 26, 37, 14, 38, 37, 39, 37, 40, 6, 41, 40, 42, 40, 43, 40, 4, 10, 17, 22, 23, 36, 25, 31]",-0.9163461364
44,90,"[2, 9, 1, 3, 1, 1, 1, 1, 1, 1, 1, 2, 1, 3, 1, 2, 2, 1, 1, 1, 1, 1, 1, 1, 8, 1, 1, 1, 1, 1, 1, 1, 8, 3, 3, 3, 2, 1, 1, 3, 8, 3, 3, 3]","[1, 1, 1, 1, 3, 3, 3, 3, 3, 3, 1, 1, 3, 3, 3, 3, 1, 1, 1, 1, 2, 2, 1, 1, 1, 1, 2, 2, 1, 1, 3, 3, 3, 3, 3, 3, 3, 3, 3, 3, 1, 1, 3, 3, 3, 3, 3, 3, 3, 3, 3, 3, 3, 3, 1, 1, 3, 3, 1, 1, 1, 1, 2, 2, 2, 2, 3, 3, 1, 1, 1, 1, 2, 2, 1, 1, 1, 1, 2, 2, 2, 2, 3, 3, 3, 3, 3, 3, 3, 3]","[2, 3, 3, 4, 4, 5, 5, 6, 6, 7, 7, 8, 7, 9, 9, 10, 10, 11, 11, 12, 12, 13, 12, 14, 14, 15, 15, 16, 16, 17, 17, 18, 18, 19, 19, 20, 20, 21, 21, 22, 20, 23, 23, 24, 24, 25, 25, 26, 26, 27, 27, 28, 28, 29, 29, 30, 29, 31, 31, 32, 32, 33, 32, 34, 32, 35, 26, 36, 14, 37, 37, 38, 37, 39, 6, 40, 40, 41, 40, 42, 40, 43, 10, 4, 22, 17, 36, 23, 31, 25]","[3, 2, 4, 3, 5, 4, 6, 5, 7, 6, 8, 7, 9, 7, 10, 9, 11, 10, 12, 11, 13, 12, 14, 12, 15, 14, 16, 15, 17, 16, 18, 17, 19, 18, 20, 19, 21, 20, 22, 21, 23, 20, 24, 23, 25, 24, 26, 25, 27, 26, 28, 27, 29, 28, 30, 29, 31, 29, 32, 31, 33, 32, 34, 32, 35, 32, 36, 26, 37, 14, 38, 37, 39, 37, 40, 6, 41, 40, 42, 40, 43, 40, 4, 10, 17, 22, 23, 36, 25, 31]",-0.6230624777
29,64,"[1, 1, 2, 1, 1, 1, 1, 1, 1, 1, 1, 1, 3, 3, 1, 1, 1, 3, 1, 1, 1, 1, 1, 1, 2, 8, 2, 3, 3]","[1, 1, 1, 1, 1, 1, 1, 1, 1, 1, 3, 3, 3, 3, 3, 3, 3, 3, 3, 3, 3, 3, 2, 2, 3, 3, 3, 3, 3, 3, 1, 1, 3, 3, 3, 3, 3, 3, 3, 3, 3, 3, 3, 3, 3, 3, 3, 3, 1, 1, 1, 1, 2, 2, 2, 2, 3, 3, 3, 3, 3, 3, 3, 3]","[0, 1, 1, 2, 2, 3, 3, 4, 2, 5, 5, 6, 6, 7, 7, 8, 8, 9, 9, 10, 10, 11, 11, 12, 11, 13, 13, 14, 14, 15, 10, 16, 16, 17, 17, 18, 18, 19, 19, 20, 20, 21, 21, 22, 22, 23, 23, 24, 21, 25, 25, 26, 25, 27, 25, 28, 15, 5, 14, 8, 24, 16, 23, 18]","[1, 0, 2, 1, 3, 2, 4, 3, 5, 2, 6, 5, 7, 6, 8, 7, 9, 8, 10, 9, 11, 10, 12, 11, 13, 11, 14, 13, 15, 14, 16, 10, 17, 16, 18, 17, 19, 18, 20, 19, 21, 20, 22, 21, 23, 22, 24, 23, 25, 21, 26, 25, 27, 25, 28, 25, 5, 15, 8, 14, 16, 24, 18, 23]",-7.8310984133
26,58,"[1, 1, 2, 1, 1, 1, 1, 1, 1, 1, 1, 1, 3, 3, 1, 1, 1, 3, 1, 1, 1, 1, 4, 1, 1, 2]","[1, 1, 1, 1, 1, 1, 1, 1, 1, 1, 3, 3, 3, 3, 3, 3, 3, 3, 3, 3, 3, 3, 2, 2, 3, 3, 3, 3, 3, 3, 1, 1, 3, 3, 3, 3, 3, 3, 3, 3, 3, 3, 1, 1, 3, 3, 3, 3, 3, 3, 3, 3, 3, 3, 3, 3, 3, 3]","[0, 1, 1, 2, 2, 3, 3, 4, 2, 5, 5, 6, 6, 7, 7, 8, 8, 9, 9, 10, 10, 11, 11, 12, 11, 13, 13, 14, 14, 15, 10, 16, 16, 17, 17, 18, 18, 19, 19, 20, 20, 21, 21, 22, 21, 23, 23, 24, 24, 25, 15, 5, 14, 8, 25, 16, 24, 18]","[1, 0, 2, 1, 3, 2, 4, 3, 5, 2, 6, 5, 7, 6, 8, 7, 9, 8, 10, 9, 11, 10, 12, 11, 13, 11, 14, 13, 15, 14, 16, 10, 17, 16, 18, 17, 19, 18, 20, 19, 21, 20, 22, 21, 23, 21, 24, 23, 25, 24, 5, 15, 8, 14, 16, 25, 18, 24]",-7.4876332175
57,120,"[1, 1, 1, 1, 1, 1, 1, 1, 2, 1, 3, 2, 1, 1, 1, 1, 1, 3, 1, 1, 1, 1, 1, 1, 1, 1, 1, 1, 1, 3, 2, 1, 1, 1, 1, 1, 3, 1, 1, 1, 1, 1, 1, 1, 1, 1, 1, 1, 3, 1, 1, 1, 3, 1, 1, 1, 1]","[1, 1, 1, 1, 1, 1, 1, 1, 3, 3, 3, 3, 1, 1, 1, 1, 3, 3, 2, 2, 3, 3, 1, 1, 1, 1, 3, 3, 3, 3, 3, 3, 1, 1, 3, 3, 3, 3, 1, 1, 1, 1, 1, 1, 1, 1, 1, 1, 1, 1, 1, 1, 1, 1, 3, 3, 2, 2, 3, 3, 1, 1, 1, 1, 3, 3, 3, 3, 3, 3, 1, 1, 3, 3, 3, 3, 1, 1, 1, 1, 1, 1, 1, 1, 1, 1, 1, 1, 1, 1, 1, 1, 3, 3, 2, 2, 3, 3, 3, 3, 3, 3, 1, 1, 1, 1, 1, 1, 1, 1, 1, 1, 3, 3, 3, 3, 3, 3, 3, 3]","[0, 1, 1, 2, 1, 3, 1, 4, 4, 5, 5, 6, 6, 7, 7, 8, 8, 9, 9, 10, 9, 11, 11, 12, 12, 13, 13, 14, 14, 15, 15, 16, 16, 17, 16, 18, 18, 19, 18, 20, 20, 21, 20, 22, 20, 23, 15, 24, 24, 25, 24, 26, 24, 27, 11, 28, 28, 29, 28, 30, 30, 31, 31, 32, 32, 33, 33, 34, 34, 35, 35, 36, 35, 37, 37, 38, 37, 39, 39, 40, 39, 41, 39, 42, 34, 43, 43, 44, 43, 45, 43, 46, 30, 47, 47, 48, 6, 49, 49, 50, 50, 51, 51, 52, 50, 53, 53, 54, 53, 55, 53, 56, 51, 4, 47, 8, 19, 13, 38, 32]","[1, 0, 2, 1, 3, 1, 4, 1, 5, 4, 6, 5, 7, 6, 8, 7, 9, 8, 10, 9, 11, 9, 12, 11, 13, 12, 14, 13, 15, 14, 16, 15, 17, 16, 18, 16, 19, 18, 20, 18, 21, 20, 22, 20, 23, 20, 24, 15, 25, 24, 26, 24, 27, 24, 28, 11, 29, 28, 30, 28, 31, 30, 32, 31, 33, 32, 34, 33, 35, 34, 36, 35, 37, 35, 38, 37, 39, 37, 40, 39, 41, 39, 42, 39, 43, 34, 44, 43, 45, 43, 46, 43, 47, 30, 48, 47, 49, 6, 50, 49, 51, 50, 52, 51, 53, 50, 54, 53, 55, 53, 56, 53, 4, 51, 8, 47, 13, 19, 32, 38]",-7.2923086931
51,108,"[1, 1, 1, 1, 1, 3, 1, 1, 1, 1, 2, 1, 3, 2, 1, 1, 1, 1, 1, 1, 1, 3, 1, 1, 1, 1, 1, 1, 1, 3, 2, 1, 1, 1, 1, 1, 1, 1, 3, 1, 1, 1, 1, 1, 1, 1, 3, 1, 1, 1, 1]","[1, 1, 3, 3, 3, 3, 3, 3, 1, 1, 3, 3, 1, 1, 3, 3, 1, 1, 1, 1, 3, 3, 2, 2, 3, 3, 1, 1, 1, 1, 3, 3, 1, 1, 3, 3, 3, 3, 3, 3, 1, 1, 3, 3, 1, 1, 1, 1, 1, 1, 1, 1, 1, 1, 3, 3, 2, 2, 3, 3, 1, 1, 1, 1, 3, 3, 1, 1, 3, 3, 3, 3, 3, 3, 1, 1, 3, 3, 1, 1, 1, 1, 1, 1, 1, 1, 1, 1, 3, 3, 2, 2, 1, 1, 1, 1, 1, 1, 1, 1, 3, 3, 3, 3, 3, 3, 3, 3]","[0, 1, 1, 2, 2, 3, 3, 4, 4, 5, 4, 6, 6, 7, 6, 8, 8, 9, 9, 10, 10, 11, 11, 12, 11, 13, 13, 14, 14, 15, 15, 16, 16, 17, 16, 18, 18, 19, 19, 20, 20, 21, 20, 22, 22, 23, 19, 24, 24, 25, 24, 26, 24, 27, 13, 28, 28, 29, 28, 30, 30, 31, 31, 32, 32, 33, 33, 34, 33, 35, 35, 36, 36, 37, 37, 38, 37, 39, 39, 40, 36, 41, 41, 42, 41, 43, 41, 44, 30, 45, 45, 46, 3, 47, 47, 48, 47, 49, 47, 50, 8, 1, 45, 10, 22, 15, 39, 32]","[1, 0, 2, 1, 3, 2, 4, 3, 5, 4, 6, 4, 7, 6, 8, 6, 9, 8, 10, 9, 11, 10, 12, 11, 13, 11, 14, 13, 15, 14, 16, 15, 17, 16, 18, 16, 19, 18, 20, 19, 21, 20, 22, 20, 23, 22, 24, 19, 25, 24, 26, 24, 27, 24, 28, 13, 29, 28, 30, 28, 31, 30, 32, 31, 33, 32, 34, 33, 35, 33, 36, 35, 37, 36, 38, 37, 39, 37, 40, 39, 41, 36, 42, 41, 43, 41, 44, 41, 45, 30, 46, 45, 47, 3, 48, 47, 49, 47, 50, 47, 1, 8, 10, 45, 15, 22, 32, 39]",-7.5440264742
31,64,"[1, 1, 1, 1, 1, 1, 1, 1, 2, 1, 3, 1, 1, 1, 1, 2, 2, 1, 1, 1, 1, 2, 1, 3, 2, 1, 1, 3, 1, 1, 1]","[1, 1, 1, 1, 1, 1, 1, 1, 1, 1, 1, 1, 1, 1, 1, 1, 1, 1, 2, 2, 1, 1, 3, 3, 3, 3, 3, 3, 1, 1, 1, 1, 2, 2, 1, 1, 2, 2, 1, 1, 4, 4, 1, 1, 2, 2, 1, 1, 1, 1, 1, 1, 2, 2, 1, 1, 3, 3, 3, 3, 3, 3, 1, 1]","[0, 1, 1, 2, 2, 3, 3, 4, 4, 5, 5, 6, 4, 7, 7, 8, 8, 9, 9, 10, 9, 11, 11, 12, 12, 13, 13, 14, 14, 15, 15, 16, 16, 17, 17, 18, 18, 19, 19, 20, 20, 21, 19, 22, 22, 23, 22, 24, 24, 25, 24, 26, 26, 27, 18, 28, 14, 29, 29, 30, 30, 11, 26, 17]","[1, 0, 2, 1, 3, 2, 4, 3, 5, 4, 6, 5, 7, 4, 8, 7, 9, 8, 10, 9, 11, 9, 12, 11, 13, 12, 14, 13, 15, 14, 16, 15, 17, 16, 18, 17, 19, 18, 20, 19, 21, 20, 22, 19, 23, 22, 24, 22, 25, 24, 26, 24, 27, 26, 28, 18, 29, 14, 30, 29, 11, 30, 17, 26]",-7.0248108563
24,50,"[1, 1, 2, 1, 3, 1, 2, 2, 1, 1, 1, 1, 1, 1, 2, 3, 3, 1, 1, 1, 2, 1, 3, 1]","[1, 1, 1, 1, 1, 1, 2, 2, 1, 1, 2, 2, 1, 1, 1, 1, 3, 3, 3, 3, 3, 3, 3, 3, 3, 3, 1, 1, 1, 1, 2, 2, 1, 1, 2, 2, 1, 1, 4, 4, 1, 1, 2, 2, 1, 1, 1, 1, 3, 3]","[0, 1, 1, 2, 2, 3, 3, 4, 3, 5, 5, 6, 6, 7, 7, 8, 8, 9, 9, 10, 10, 11, 11, 12, 12, 13, 13, 14, 14, 15, 14, 16, 5, 17, 17, 18, 18, 19, 19, 20, 18, 21, 21, 22, 17, 23, 21, 2, 13, 8]","[1, 0, 2, 1, 3, 2, 4, 3, 5, 3, 6, 5, 7, 6, 8, 7, 9, 8, 10, 9, 11, 10, 12, 11, 13, 12, 14, 13, 15, 14, 16, 14, 17, 5, 18, 17, 19, 18, 20, 19, 21, 18, 22, 21, 23, 17, 2, 21, 8, 13]",-6.815976001
55,120,"[22, 3, 8, 3, 3, 1, 1, 2, 2, 1, 1, 3, 1, 1, 1, 1, 1, 1, 1, 1, 1, 1, 1, 1, 1, 1, 1, 1, 3, 8, 3, 3, 1, 1, 2, 2, 1, 1, 3, 1, 1, 1, 1, 1, 1, 1, 1, 1, 1, 1, 1, 1, 1, 1, 1]","[1, 1, 2, 2, 2, 2, 1, 1, 3, 3, 1, 1, 1, 1, 2, 2, 1, 1, 2, 2, 1, 1, 2, 2, 1, 1, 3, 3, 3, 3, 3, 3, 3, 3, 3, 3, 3, 3, 3, 3, 3, 3, 3, 3, 3, 3, 3, 3, 3, 3, 3, 3, 1, 1, 2, 2, 2, 2, 1, 1, 3, 3, 1, 1, 1, 1, 2, 2, 1, 1, 2, 2, 1, 1, 2, 2, 1, 1, 3, 3, 3, 3, 3, 3, 3, 3, 3, 3, 3, 3, 3, 3, 3, 3, 3, 3, 3, 3, 3, 3, 3, 3, 3, 3, 3, 3, 1, 1, 3, 3, 3, 3, 3, 3, 1, 1, 3, 3, 3, 3]","[1, 2, 2, 3, 2, 4, 2, 5, 5, 6, 6, 7, 7, 8, 8, 9, 9, 10, 10, 11, 10, 12, 12, 13, 13, 14, 14, 15, 15, 16, 16, 17, 17, 18, 18, 19, 6, 20, 20, 21, 21, 22, 22, 23, 23, 24, 24, 25, 25, 26, 26, 27, 28, 29, 29, 30, 29, 31, 29, 32, 32, 33, 33, 34, 34, 35, 35, 36, 36, 37, 37, 38, 37, 39, 39, 40, 40, 41, 41, 42, 42, 43, 43, 44, 44, 45, 45, 46, 33, 47, 47, 48, 48, 49, 49, 50, 50, 51, 51, 52, 52, 53, 53, 54, 27, 5, 19, 9, 19, 14, 27, 22, 54, 32, 46, 36, 46, 41, 54, 49]","[2, 1, 3, 2, 4, 2, 5, 2, 6, 5, 7, 6, 8, 7, 9, 8, 10, 9, 11, 10, 12, 10, 13, 12, 14, 13, 15, 14, 16, 15, 17, 16, 18, 17, 19, 18, 20, 6, 21, 20, 22, 21, 23, 22, 24, 23, 25, 24, 26, 25, 27, 26, 29, 28, 30, 29, 31, 29, 32, 29, 33, 32, 34, 33, 35, 34, 36, 35, 37, 36, 38, 37, 39, 37, 40, 39, 41, 40, 42, 41, 43, 42, 44, 43, 45, 44, 46, 45, 47, 33, 48, 47, 49, 48, 50, 49, 51, 50, 52, 51, 53, 52, 54, 53, 5, 27, 9, 19, 14, 19, 22, 27, 32, 54, 36, 46, 41, 46, 49, 54]",-5.9504281438
55,120,"[13, 3, 8, 3, 3, 1, 1, 2, 2, 1, 1, 3, 1, 1, 1, 1, 1, 1, 1, 1, 1, 1, 1, 1, 1, 1, 1, 1, 3, 8, 3, 3, 1, 1, 2, 2, 1, 1, 3, 1, 1, 1, 1, 1, 1, 1, 1, 1, 1, 1, 1, 1, 1, 1, 1]","[1, 1, 2, 2, 2, 2, 1, 1, 3, 3, 1, 1, 1, 1, 2, 2, 1, 1, 2, 2, 1, 1, 2, 2, 1, 1, 3, 3, 3, 3, 3, 3, 3, 3, 3, 3, 3, 3, 3, 3, 3, 3, 3, 3, 3, 3, 3, 3, 3, 3, 3, 3, 1, 1, 2, 2, 2, 2, 1, 1, 3, 3, 1, 1, 1, 1, 2, 2, 1, 1, 2, 2, 1, 1, 2, 2, 1, 1, 3, 3, 3, 3, 3, 3, 3, 3, 3, 3, 3, 3, 3, 3, 3, 3, 3, 3, 3, 3, 3, 3, 3, 3, 3, 3, 3, 3, 1, 1, 3, 3, 3, 3, 3, 3, 1, 1, 3, 3, 3, 3]","[1, 2, 2, 3, 2, 4, 2, 5, 5, 6, 6, 7, 7, 8, 8, 9, 9, 10, 10, 11, 10, 12, 12, 13, 13, 14, 14, 15, 15, 16, 16, 17, 17, 18, 18, 19, 6, 20, 20, 21, 21, 22, 22, 23, 23, 24, 24, 25, 25, 26, 26, 27, 28, 29, 29, 30, 29, 31, 29, 32, 32, 33, 33, 34, 34, 35, 35, 36, 36, 37, 37, 38, 37, 39, 39, 40, 40, 41, 41, 42, 42, 43, 43, 44, 44, 45, 45, 46, 33, 47, 47, 48, 48, 49, 49, 50, 50, 51, 51, 52, 52, 53, 53, 54, 27, 5, 19, 9, 19, 14, 27, 22, 54, 32, 46, 36, 46, 41, 54, 49]","[2, 1, 3, 2, 4, 2, 5, 2, 6, 5, 7, 6, 8, 7, 9, 8, 10, 9, 11, 10, 12, 10, 13, 12, 14, 13, 15, 14, 16, 15, 17, 16, 18, 17, 19, 18, 20, 6, 21, 20, 22, 21, 23, 22, 24, 23, 25, 24, 26, 25, 27, 26, 29, 28, 30, 29, 31, 29, 32, 29, 33, 32, 34, 33, 35, 34, 36, 35, 37, 36, 38, 37, 39, 37, 40, 39, 41, 40, 42, 41, 43, 42, 44, 43, 45, 44, 46, 45, 47, 33, 48, 47, 49, 48, 50, 49, 51, 50, 52, 51, 53, 52, 54, 53, 5, 27, 9, 19, 14, 19, 22, 27, 32, 54, 36, 46, 41, 46, 49, 54]",-5.9003015698
54,122,"[1, 1, 3, 1, 1, 1, 2, 1, 2, 1, 2, 1, 1, 1, 1, 1, 3, 1, 2, 1, 1, 3, 1, 1, 1, 1, 1, 1, 1, 3, 1, 2, 1, 2, 1, 1, 1, 1, 1, 1, 1, 1, 3, 1, 1, 1, 1, 1, 1, 1, 3, 1, 1, 2]","[1, 1, 2, 2, 1, 1, 3, 3, 3, 3, 1, 1, 1, 1, 3, 3, 3, 3, 1, 1, 1, 1, 3, 3, 3, 3, 1, 1, 1, 1, 2, 2, 3, 3, 1, 1, 3, 3, 1, 1, 2, 2, 1, 1, 3, 3, 3, 3, 3, 3, 3, 3, 3, 3, 1, 1, 2, 2, 1, 1, 3, 3, 3, 3, 3, 3, 1, 1, 3, 3, 3, 3, 3, 3, 3, 3, 3, 3, 3, 3, 1, 1, 2, 2, 1, 1, 3, 3, 3, 3, 3, 3, 3, 3, 3, 3, 1, 1, 2, 2, 1, 1, 3, 3, 1, 1, 3, 3, 3, 3, 3, 3, 3, 3, 3, 3, 3, 3, 3, 3, 3, 3]","[0, 1, 1, 2, 1, 3, 3, 4, 4, 5, 5, 6, 6, 7, 7, 8, 8, 9, 9, 10, 10, 11, 11, 12, 12, 13, 13, 14, 14, 15, 14, 16, 13, 17, 17, 18, 17, 19, 19, 20, 20, 21, 20, 22, 22, 23, 23, 24, 24, 25, 25, 26, 26, 27, 27, 28, 28, 29, 28, 30, 9, 31, 31, 32, 32, 33, 32, 34, 34, 35, 35, 36, 36, 37, 37, 38, 38, 39, 5, 40, 40, 41, 41, 42, 41, 43, 43, 44, 44, 45, 45, 46, 46, 47, 47, 48, 48, 49, 49, 50, 49, 51, 51, 52, 52, 53, 52, 3, 33, 7, 30, 11, 30, 19, 27, 22, 39, 34, 51, 40, 48, 43]","[1, 0, 2, 1, 3, 1, 4, 3, 5, 4, 6, 5, 7, 6, 8, 7, 9, 8, 10, 9, 11, 10, 12, 11, 13, 12, 14, 13, 15, 14, 16, 14, 17, 13, 18, 17, 19, 17, 20, 19, 21, 20, 22, 20, 23, 22, 24, 23, 25, 24, 26, 25, 27, 26, 28, 27, 29, 28, 30, 28, 31, 9, 32, 31, 33, 32, 34, 32, 35, 34, 36, 35, 37, 36, 38, 37, 39, 38, 40, 5, 41, 40, 42, 41, 43, 41, 44, 43, 45, 44, 46, 45, 47, 46, 48, 47, 49, 48, 50, 49, 51, 49, 52, 51, 53, 52, 3, 52, 7, 33, 11, 30, 19, 30, 22, 27, 34, 39, 40, 51, 43, 48]",-4.9504317948
46,106,"[3, 1, 1, 1, 1, 1, 1, 1, 1, 3, 1, 1, 2, 1, 2, 1, 2, 1, 1, 1, 1, 1, 1, 3, 1, 1, 1, 1, 1, 1, 1, 3, 1, 2, 1, 2, 1, 1, 1, 1, 1, 1, 1, 1, 1, 1]","[2, 2, 1, 1, 3, 3, 3, 3, 3, 3, 3, 3, 3, 3, 1, 1, 2, 2, 1, 1, 3, 3, 1, 1, 1, 1, 3, 3, 3, 3, 1, 1, 1, 1, 3, 3, 3, 3, 3, 3, 3, 3, 1, 1, 2, 2, 1, 1, 3, 3, 3, 3, 3, 3, 3, 3, 3, 3, 1, 1, 2, 2, 1, 1, 3, 3, 3, 3, 3, 3, 1, 1, 3, 3, 3, 3, 3, 3, 3, 3, 3, 3, 3, 3, 3, 3, 3, 3, 3, 3, 1, 1, 3, 3, 3, 3, 3, 3, 3, 3, 3, 3, 3, 3, 3, 3]","[0, 1, 1, 2, 2, 3, 3, 4, 4, 5, 5, 6, 6, 7, 7, 8, 8, 9, 8, 10, 10, 11, 11, 12, 12, 13, 13, 14, 14, 15, 15, 16, 16, 17, 17, 18, 18, 19, 19, 20, 20, 21, 21, 22, 22, 23, 22, 24, 24, 25, 25, 26, 26, 27, 27, 28, 28, 29, 29, 30, 30, 31, 30, 32, 15, 33, 33, 34, 34, 35, 34, 36, 36, 37, 37, 38, 38, 39, 39, 40, 40, 41, 11, 42, 42, 43, 43, 44, 44, 45, 45, 1, 7, 2, 45, 10, 35, 13, 32, 17, 32, 21, 29, 24, 41, 36]","[1, 0, 2, 1, 3, 2, 4, 3, 5, 4, 6, 5, 7, 6, 8, 7, 9, 8, 10, 8, 11, 10, 12, 11, 13, 12, 14, 13, 15, 14, 16, 15, 17, 16, 18, 17, 19, 18, 20, 19, 21, 20, 22, 21, 23, 22, 24, 22, 25, 24, 26, 25, 27, 26, 28, 27, 29, 28, 30, 29, 31, 30, 32, 30, 33, 15, 34, 33, 35, 34, 36, 34, 37, 36, 38, 37, 39, 38, 40, 39, 41, 40, 42, 11, 43, 42, 44, 43, 45, 44, 1, 45, 2, 7, 10, 45, 13, 35, 17, 32, 21, 32, 24, 29, 36, 41]",-7.77786597
19,42,"[1, 1, 1, 1, 1, 1, 7, 1, 1, 1, 1, 1, 1, 1, 1, 1, 1, 1, 1]","[3, 3, 3, 3, 3, 3, 3, 3, 3, 3, 1, 1, 1, 1, 3, 3, 3, 3, 3, 3, 3, 3, 3, 3, 1, 1, 3, 3, 3, 3, 3, 3, 3, 3, 3, 3, 3, 3, 3, 3, 3, 3]","[0, 1, 1, 2, 2, 3, 3, 4, 4, 5, 3, 6, 6, 7, 7, 8, 8, 9, 9, 10, 10, 11, 11, 12, 6, 13, 13, 14, 14, 15, 15, 16, 16, 17, 17, 18, 5, 0, 12, 7, 18, 13]","[1, 0, 2, 1, 3, 2, 4, 3, 5, 4, 6, 3, 7, 6, 8, 7, 9, 8, 10, 9, 11, 10, 12, 11, 13, 6, 14, 13, 15, 14, 16, 15, 17, 16, 18, 17, 0, 5, 7, 12, 13, 18]",-6.201301100399999
29,56,"[53, 1, 1, 3, 1, 1, 1, 3, 1, 3, 1, 1, 1, 1, 1, 1, 7, 1, 1, 1, 1, 1, 1, 1, 1, 1, 1, 1, 1]","[1, 1, 2, 2, 1, 1, 1, 1, 1, 1, 2, 2, 4, 4, 3, 3, 3, 3, 3, 3, 3, 3, 3, 3, 1, 1, 1, 1, 3, 3, 3, 3, 3, 3, 3, 3, 3, 3, 1, 1, 3, 3, 3, 3, 3, 3, 3, 3, 3, 3, 3, 3, 3, 3, 3, 3]","[1, 2, 2, 3, 2, 4, 4, 5, 5, 6, 5, 7, 8, 9, 10, 11, 11, 12, 12, 13, 13, 14, 14, 15, 13, 16, 16, 17, 17, 18, 18, 19, 19, 20, 20, 21, 21, 22, 16, 23, 23, 24, 24, 25, 25, 26, 26, 27, 27, 28, 15, 10, 22, 17, 28, 23]","[2, 1, 3, 2, 4, 2, 5, 4, 6, 5, 7, 5, 9, 8, 11, 10, 12, 11, 13, 12, 14, 13, 15, 14, 16, 13, 17, 16, 18, 17, 19, 18, 20, 19, 21, 20, 22, 21, 23, 16, 24, 23, 25, 24, 26, 25, 27, 26, 28, 27, 10, 15, 17, 22, 23, 28]",-7.3120335908
25,56,"[1, 1, 1, 1, 1, 1, 1, 3, 1, 1, 1, 3, 1, 1, 1, 1, 1, 1, 3, 1, 1, 1, 3, 1, 1]","[1, 1, 1, 1, 1, 1, 3, 3, 3, 3, 3, 3, 1, 1, 1, 1, 1, 1, 1, 1, 1, 1, 3, 3, 3, 3, 1, 1, 3, 3, 3, 3, 3, 3, 1, 1, 1, 1, 1, 1, 1, 1, 1, 1, 3, 3, 3, 3, 3, 3, 1, 1, 3, 3, 1, 1]","[0, 1, 1, 2, 1, 3, 3, 4, 4, 5, 5, 6, 6, 7, 7, 8, 8, 9, 9, 10, 10, 11, 6, 12, 12, 13, 1, 14, 14, 15, 15, 16, 16, 17, 17, 18, 18, 19, 19, 20, 20, 21, 21, 22, 17, 23, 23, 24, 13, 3, 11, 9, 24, 14, 22, 20]","[1, 0, 2, 1, 3, 1, 4, 3, 5, 4, 6, 5, 7, 6, 8, 7, 9, 8, 10, 9, 11, 10, 12, 6, 13, 12, 14, 1, 15, 14, 16, 15, 17, 16, 18, 17, 19, 18, 20, 19, 21, 20, 22, 21, 23, 17, 24, 23, 3, 13, 9, 11, 14, 24, 20, 22]",-4.7996200318
29,64,"[1, 1, 1, 1, 1, 1, 0, 1, 3, 1, 1, 1, 3, 1, 0, 1, 1, 1, 1, 0, 1, 3, 1, 1, 1, 3, 1, 0, 1]","[1, 1, 1, 1, 1, 1, 3, 3, 3, 3, 1, 1, 3, 3, 1, 1, 1, 1, 1, 1, 1, 1, 1, 1, 3, 3, 1, 1, 3, 3, 1, 1, 3, 3, 3, 3, 1, 1, 3, 3, 1, 1, 1, 1, 1, 1, 1, 1, 1, 1, 3, 3, 1, 1, 3, 3, 3, 3, 1, 1, 3, 3, 1, 1]","[0, 1, 1, 2, 1, 3, 3, 4, 4, 5, 5, 6, 5, 7, 7, 8, 8, 9, 9, 10, 10, 11, 11, 12, 7, 13, 13, 14, 13, 15, 1, 16, 16, 17, 17, 18, 18, 19, 18, 20, 20, 21, 21, 22, 22, 23, 23, 24, 24, 25, 20, 26, 26, 27, 26, 28, 15, 3, 12, 10, 28, 16, 25, 23]","[1, 0, 2, 1, 3, 1, 4, 3, 5, 4, 6, 5, 7, 5, 8, 7, 9, 8, 10, 9, 11, 10, 12, 11, 13, 7, 14, 13, 15, 13, 16, 1, 17, 16, 18, 17, 19, 18, 20, 18, 21, 20, 22, 21, 23, 22, 24, 23, 25, 24, 26, 20, 27, 26, 28, 26, 3, 15, 10, 12, 16, 28, 23, 25]",-7.3953018986
56,108,"[9, 9, 23, 23, 2, 1, 1, 1, 1, 1, 2, 1, 2, 2, 1, 1, 1, 1, 1, 1, 8, 3, 3, 1, 1, 3, 8, 3, 3, 3, 8, 3, 3, 3, 2, 2, 1, 1, 1, 1, 1, 1, 8, 3, 3, 3, 8, 3, 3, 1, 1, 3, 8, 3, 3, 3]","[1, 1, 3, 3, 3, 3, 3, 3, 3, 3, 1, 1, 3, 3, 1, 1, 2, 2, 1, 1, 3, 3, 3, 3, 3, 3, 3, 3, 3, 3, 1, 1, 2, 2, 2, 2, 1, 1, 1, 1, 1, 1, 1, 1, 1, 1, 2, 2, 2, 2, 1, 1, 1, 1, 2, 2, 2, 2, 1, 1, 2, 2, 1, 1, 3, 3, 3, 3, 3, 3, 3, 3, 3, 3, 1, 1, 1, 1, 2, 2, 2, 2, 1, 1, 2, 2, 2, 2, 1, 1, 1, 1, 1, 1, 1, 1, 1, 1, 2, 2, 2, 2, 3, 3, 3, 3, 3, 3]","[4, 5, 5, 6, 6, 7, 7, 8, 8, 9, 9, 10, 9, 11, 11, 12, 12, 13, 13, 14, 14, 15, 15, 16, 16, 17, 17, 18, 18, 19, 17, 20, 20, 21, 20, 22, 20, 23, 23, 24, 24, 25, 25, 26, 26, 27, 26, 28, 26, 29, 8, 30, 30, 31, 30, 32, 30, 33, 6, 34, 34, 35, 35, 36, 36, 37, 37, 38, 38, 39, 39, 40, 40, 41, 41, 42, 42, 43, 42, 44, 42, 45, 39, 46, 46, 47, 46, 48, 46, 49, 49, 50, 50, 51, 51, 52, 52, 53, 52, 54, 52, 55, 11, 5, 19, 14, 41, 36]","[5, 4, 6, 5, 7, 6, 8, 7, 9, 8, 10, 9, 11, 9, 12, 11, 13, 12, 14, 13, 15, 14, 16, 15, 17, 16, 18, 17, 19, 18, 20, 17, 21, 20, 22, 20, 23, 20, 24, 23, 25, 24, 26, 25, 27, 26, 28, 26, 29, 26, 30, 8, 31, 30, 32, 30, 33, 30, 34, 6, 35, 34, 36, 35, 37, 36, 38, 37, 39, 38, 40, 39, 41, 40, 42, 41, 43, 42, 44, 42, 45, 42, 46, 39, 47, 46, 48, 46, 49, 46, 50, 49, 51, 50, 52, 51, 53, 52, 54, 52, 55, 52, 5, 11, 14, 19, 36, 41]",-0.2891446213
26,56,"[2, 1, 1, 1, 1, 2, 2, 1, 1, 1, 1, 1, 1, 2, 2, 1, 1, 1, 1, 2, 1, 1, 2, 1, 2, 1]","[1, 1, 3, 3, 3, 3, 3, 3, 1, 1, 2, 2, 1, 1, 3, 3, 3, 3, 3, 3, 3, 3, 3, 3, 1, 1, 2, 2, 1, 1, 3, 3, 3, 3, 3, 3, 1, 1, 3, 3, 3, 3, 1, 1, 3, 3, 1, 1, 3, 3, 3, 3, 3, 3, 3, 3]","[0, 1, 1, 2, 2, 3, 3, 4, 4, 5, 5, 6, 6, 7, 7, 8, 8, 9, 9, 10, 10, 11, 11, 12, 11, 13, 13, 14, 14, 15, 15, 16, 16, 17, 17, 18, 18, 19, 18, 20, 20, 21, 21, 22, 4, 23, 23, 24, 23, 25, 25, 1, 12, 7, 21, 15]","[1, 0, 2, 1, 3, 2, 4, 3, 5, 4, 6, 5, 7, 6, 8, 7, 9, 8, 10, 9, 11, 10, 12, 11, 13, 11, 14, 13, 15, 14, 16, 15, 17, 16, 18, 17, 19, 18, 20, 18, 21, 20, 22, 21, 23, 4, 24, 23, 25, 23, 1, 25, 7, 12, 15, 21]",-4.197152695
30,72,"[3, 1, 2, 1, 3, 1, 1, 1, 1, 1, 1, 1, 1, 1, 3, 2, 1, 3, 1, 1, 1, 1, 1, 1, 1, 1, 1, 1, 1, 1]","[2, 2, 1, 1, 1, 1, 2, 2, 1, 1, 3, 3, 3, 3, 3, 3, 3, 3, 3, 3, 3, 3, 3, 3, 1, 1, 2, 2, 1, 1, 1, 1, 2, 2, 1, 1, 3, 3, 3, 3, 3, 3, 3, 3, 3, 3, 3, 3, 3, 3, 3, 3, 3, 3, 3, 3, 3, 3, 1, 1, 3, 3, 3, 3, 3, 3, 3, 3, 3, 3, 3, 3]","[0, 1, 1, 2, 2, 3, 3, 4, 3, 5, 5, 6, 6, 7, 7, 8, 8, 9, 9, 10, 10, 11, 11, 12, 12, 13, 13, 14, 13, 15, 15, 16, 16, 17, 16, 18, 18, 19, 19, 20, 20, 21, 21, 22, 22, 23, 23, 24, 24, 25, 25, 26, 26, 27, 21, 28, 28, 29, 25, 1, 26, 5, 27, 8, 28, 9, 29, 12, 29, 18, 27, 22]","[1, 0, 2, 1, 3, 2, 4, 3, 5, 3, 6, 5, 7, 6, 8, 7, 9, 8, 10, 9, 11, 10, 12, 11, 13, 12, 14, 13, 15, 13, 16, 15, 17, 16, 18, 16, 19, 18, 20, 19, 21, 20, 22, 21, 23, 22, 24, 23, 25, 24, 26, 25, 27, 26, 28, 21, 29, 28, 1, 25, 5, 26, 8, 27, 9, 28, 12, 29, 18, 29, 22, 27]",-7.591458633999999
32,76,"[1, 2, 1, 3, 1, 1, 1, 1, 1, 1, 1, 1, 1, 3, 2, 1, 1, 3, 1, 1, 1, 1, 1, 1, 1, 1, 1, 3, 1, 1, 1, 1]","[1, 1, 1, 1, 2, 2, 1, 1, 3, 3, 3, 3, 3, 3, 3, 3, 3, 3, 3, 3, 3, 3, 1, 1, 2, 2, 1, 1, 1, 1, 1, 1, 2, 2, 1, 1, 3, 3, 3, 3, 3, 3, 3, 3, 3, 3, 3, 3, 3, 3, 1, 1, 2, 2, 3, 3, 3, 3, 3, 3, 3, 3, 1, 1, 3, 3, 3, 3, 3, 3, 3, 3, 3, 3, 3, 3]","[0, 1, 1, 2, 2, 3, 2, 4, 4, 5, 5, 6, 6, 7, 7, 8, 8, 9, 9, 10, 10, 11, 11, 12, 12, 13, 12, 14, 14, 15, 14, 16, 16, 17, 16, 18, 18, 19, 19, 20, 20, 21, 21, 22, 22, 23, 23, 24, 24, 25, 25, 26, 26, 27, 25, 28, 28, 29, 21, 30, 30, 31, 26, 1, 28, 4, 29, 7, 30, 8, 31, 11, 31, 18, 29, 22]","[1, 0, 2, 1, 3, 2, 4, 2, 5, 4, 6, 5, 7, 6, 8, 7, 9, 8, 10, 9, 11, 10, 12, 11, 13, 12, 14, 12, 15, 14, 16, 14, 17, 16, 18, 16, 19, 18, 20, 19, 21, 20, 22, 21, 23, 22, 24, 23, 25, 24, 26, 25, 27, 26, 28, 25, 29, 28, 30, 21, 31, 30, 1, 26, 4, 28, 7, 29, 8, 30, 11, 31, 18, 31, 22, 29]",-7.7185099927
28,62,"[1, 3, 1, 1, 1, 2, 1, 3, 1, 1, 2, 1, 1, 3, 1, 1, 1, 1, 1, 1, 1, 3, 1, 1, 2, 1, 1, 3]","[1, 1, 1, 1, 1, 1, 1, 1, 1, 1, 3, 3, 2, 2, 3, 3, 3, 3, 1, 1, 3, 3, 3, 3, 2, 2, 3, 3, 3, 3, 3, 3, 3, 3, 3, 3, 3, 3, 3, 3, 2, 2, 3, 3, 3, 3, 1, 1, 3, 3, 3, 3, 2, 2, 3, 3, 3, 3, 3, 3, 3, 3]","[0, 1, 1, 2, 2, 3, 3, 4, 4, 5, 5, 6, 6, 7, 6, 8, 8, 9, 9, 10, 9, 11, 11, 12, 12, 13, 12, 14, 14, 15, 15, 16, 16, 17, 17, 18, 18, 19, 19, 20, 20, 21, 20, 22, 22, 23, 23, 24, 23, 25, 25, 26, 26, 27, 26, 5, 25, 8, 22, 11, 19, 14]","[1, 0, 2, 1, 3, 2, 4, 3, 5, 4, 6, 5, 7, 6, 8, 6, 9, 8, 10, 9, 11, 9, 12, 11, 13, 12, 14, 12, 15, 14, 16, 15, 17, 16, 18, 17, 19, 18, 20, 19, 21, 20, 22, 20, 23, 22, 24, 23, 25, 23, 26, 25, 27, 26, 5, 26, 8, 25, 11, 22, 14, 19]",-7.323792769
31,68,"[1, 3, 1, 1, 3, 1, 1, 1, 2, 1, 3, 1, 1, 2, 1, 1, 3, 1, 1, 1, 1, 1, 1, 1, 3, 1, 1, 2, 1, 1, 3]","[1, 1, 1, 1, 1, 1, 1, 1, 1, 1, 1, 1, 1, 1, 1, 1, 3, 3, 2, 2, 3, 3, 3, 3, 1, 1, 3, 3, 3, 3, 2, 2, 3, 3, 3, 3, 3, 3, 3, 3, 3, 3, 3, 3, 3, 3, 2, 2, 3, 3, 3, 3, 1, 1, 3, 3, 3, 3, 2, 2, 3, 3, 3, 3, 3, 3, 3, 3]","[0, 1, 1, 2, 2, 3, 3, 4, 4, 5, 5, 6, 6, 7, 7, 8, 8, 9, 9, 10, 9, 11, 11, 12, 12, 13, 12, 14, 14, 15, 15, 16, 15, 17, 17, 18, 18, 19, 19, 20, 20, 21, 21, 22, 22, 23, 23, 24, 23, 25, 25, 26, 26, 27, 26, 28, 28, 29, 29, 30, 29, 8, 28, 11, 25, 14, 22, 17]","[1, 0, 2, 1, 3, 2, 4, 3, 5, 4, 6, 5, 7, 6, 8, 7, 9, 8, 10, 9, 11, 9, 12, 11, 13, 12, 14, 12, 15, 14, 16, 15, 17, 15, 18, 17, 19, 18, 20, 19, 21, 20, 22, 21, 23, 22, 24, 23, 25, 23, 26, 25, 27, 26, 28, 26, 29, 28, 30, 29, 8, 29, 11, 28, 14, 25, 17, 22]",-8.2650486602
23,48,"[1, 3, 1, 1, 1, 1, 1, 1, 1, 3, 1, 1, 3, 1, 1, 1, 1, 1, 1, 1, 1, 1, 1]","[1, 1, 1, 1, 3, 3, 3, 3, 3, 3, 3, 3, 3, 3, 1, 1, 2, 2, 1, 1, 1, 1, 2, 2, 1, 1, 3, 3, 3, 3, 3, 3, 3, 3, 3, 3, 1, 1, 1, 1, 1, 1, 1, 1, 3, 3, 3, 3]","[0, 1, 1, 2, 2, 3, 3, 4, 4, 5, 5, 6, 6, 7, 5, 8, 8, 9, 8, 10, 10, 11, 11, 12, 11, 13, 13, 14, 14, 15, 15, 16, 16, 17, 17, 18, 16, 19, 19, 20, 19, 21, 19, 22, 7, 2, 18, 13]","[1, 0, 2, 1, 3, 2, 4, 3, 5, 4, 6, 5, 7, 6, 8, 5, 9, 8, 10, 8, 11, 10, 12, 11, 13, 11, 14, 13, 15, 14, 16, 15, 17, 16, 18, 17, 19, 16, 20, 19, 21, 19, 22, 19, 2, 7, 13, 18]",-7.060548154299999
17,36,"[3, 1, 1, 1, 3, 1, 1, 1, 1, 1, 1, 1, 1, 1, 1, 1, 1]","[2, 2, 1, 1, 1, 1, 2, 2, 1, 1, 3, 3, 3, 3, 3, 3, 3, 3, 3, 3, 1, 1, 3, 3, 3, 3, 3, 3, 3, 3, 3, 3, 3, 3, 3, 3]","[0, 1, 1, 2, 2, 3, 3, 4, 3, 5, 5, 6, 6, 7, 7, 8, 8, 9, 9, 10, 1, 11, 11, 12, 12, 13, 13, 14, 14, 15, 15, 16, 10, 5, 16, 11]","[1, 0, 2, 1, 3, 2, 4, 3, 5, 3, 6, 5, 7, 6, 8, 7, 9, 8, 10, 9, 11, 1, 12, 11, 13, 12, 14, 13, 15, 14, 16, 15, 5, 10, 11, 16]",-5.6579029620000005
29,64,"[1, 1, 1, 1, 1, 1, 1, 1, 1, 1, 1, 1, 1, 1, 1, 1, 1, 1, 3, 1, 3, 1, 1, 1, 1, 1, 1, 1, 1]","[1, 1, 3, 3, 3, 3, 1, 1, 1, 1, 3, 3, 3, 3, 1, 1, 3, 3, 3, 3, 1, 1, 1, 1, 1, 1, 1, 1, 1, 1, 1, 1, 3, 3, 1, 1, 3, 3, 1, 1, 3, 3, 3, 3, 1, 1, 1, 1, 1, 1, 1, 1, 1, 1, 1, 1, 3, 3, 3, 3, 1, 1, 1, 1]","[0, 1, 1, 2, 2, 3, 3, 4, 4, 5, 5, 6, 6, 7, 7, 8, 7, 9, 9, 10, 10, 11, 11, 12, 12, 13, 13, 14, 14, 15, 15, 16, 10, 17, 17, 18, 3, 19, 19, 20, 19, 21, 21, 22, 21, 23, 23, 24, 24, 25, 25, 26, 26, 27, 27, 28, 22, 1, 17, 5, 16, 11, 28, 23]","[1, 0, 2, 1, 3, 2, 4, 3, 5, 4, 6, 5, 7, 6, 8, 7, 9, 7, 10, 9, 11, 10, 12, 11, 13, 12, 14, 13, 15, 14, 16, 15, 17, 10, 18, 17, 19, 3, 20, 19, 21, 19, 22, 21, 23, 21, 24, 23, 25, 24, 26, 25, 27, 26, 28, 27, 1, 22, 5, 17, 11, 16, 23, 28]",-6.9790342734
31,68,"[1, 1, 1, 1, 1, 1, 1, 1, 1, 1, 1, 1, 3, 1, 1, 1, 1, 1, 1, 1, 1, 3, 1, 1, 1, 1, 1, 1, 1, 1, 1]","[1, 1, 3, 3, 3, 3, 1, 1, 1, 1, 3, 3, 3, 3, 1, 1, 3, 3, 3, 3, 3, 3, 1, 1, 1, 1, 1, 1, 1, 1, 1, 1, 1, 1, 1, 1, 1, 1, 3, 3, 1, 1, 3, 3, 3, 3, 1, 1, 1, 1, 1, 1, 1, 1, 1, 1, 1, 1, 1, 1, 3, 3, 3, 3, 1, 1, 1, 1]","[0, 1, 1, 2, 2, 3, 3, 4, 4, 5, 5, 6, 6, 7, 7, 8, 7, 9, 9, 10, 10, 11, 11, 12, 10, 13, 13, 14, 13, 15, 15, 16, 16, 17, 17, 18, 18, 19, 3, 20, 20, 21, 20, 22, 22, 23, 22, 24, 24, 25, 24, 26, 26, 27, 27, 28, 28, 29, 29, 30, 23, 1, 11, 5, 19, 13, 30, 24]","[1, 0, 2, 1, 3, 2, 4, 3, 5, 4, 6, 5, 7, 6, 8, 7, 9, 7, 10, 9, 11, 10, 12, 11, 13, 10, 14, 13, 15, 13, 16, 15, 17, 16, 18, 17, 19, 18, 20, 3, 21, 20, 22, 20, 23, 22, 24, 22, 25, 24, 26, 24, 27, 26, 28, 27, 29, 28, 30, 29, 1, 23, 5, 11, 13, 19, 24, 30]",-8.146786216599999
23,48,"[1, 1, 3, 1, 1, 1, 1, 1, 1, 2, 1, 3, 1, 3, 2, 1, 1, 1, 1, 1, 1, 1, 1]","[1, 1, 1, 1, 1, 1, 3, 3, 3, 3, 3, 3, 3, 3, 3, 3, 1, 1, 1, 1, 2, 2, 1, 1, 2, 2, 1, 1, 1, 1, 3, 3, 3, 3, 3, 3, 3, 3, 3, 3, 1, 1, 1, 1, 3, 3, 3, 3]","[0, 1, 1, 2, 2, 3, 3, 4, 4, 5, 5, 6, 6, 7, 7, 8, 8, 9, 9, 10, 10, 11, 10, 12, 12, 13, 12, 14, 14, 15, 15, 16, 16, 17, 17, 18, 18, 19, 19, 20, 20, 21, 21, 22, 8, 3, 20, 15]","[1, 0, 2, 1, 3, 2, 4, 3, 5, 4, 6, 5, 7, 6, 8, 7, 9, 8, 10, 9, 11, 10, 12, 10, 13, 12, 14, 12, 15, 14, 16, 15, 17, 16, 18, 17, 19, 18, 20, 19, 21, 20, 22, 21, 3, 8, 15, 20]",-6.0175466725
33,68,"[1, 1, 3, 1, 1, 1, 1, 1, 1, 2, 1, 3, 1, 3, 2, 1, 1, 1, 1, 1, 1, 1, 1, 1, 1, 1, 1, 1, 1, 1, 1, 1, 1]","[1, 1, 1, 1, 1, 1, 3, 3, 3, 3, 3, 3, 3, 3, 3, 3, 1, 1, 1, 1, 2, 2, 1, 1, 2, 2, 1, 1, 1, 1, 3, 3, 3, 3, 3, 3, 1, 1, 1, 1, 1, 1, 1, 1, 1, 1, 1, 1, 1, 1, 1, 1, 1, 1, 1, 1, 1, 1, 1, 1, 3, 3, 3, 3, 3, 3, 3, 3]","[0, 1, 1, 2, 2, 3, 3, 4, 4, 5, 5, 6, 6, 7, 7, 8, 8, 9, 9, 10, 10, 11, 10, 12, 12, 13, 12, 14, 14, 15, 15, 16, 16, 17, 17, 18, 18, 19, 19, 20, 20, 21, 21, 22, 22, 23, 23, 24, 24, 25, 25, 26, 26, 27, 27, 28, 28, 29, 28, 30, 18, 31, 31, 32, 8, 3, 32, 15]","[1, 0, 2, 1, 3, 2, 4, 3, 5, 4, 6, 5, 7, 6, 8, 7, 9, 8, 10, 9, 11, 10, 12, 10, 13, 12, 14, 12, 15, 14, 16, 15, 17, 16, 18, 17, 19, 18, 20, 19, 21, 20, 22, 21, 23, 22, 24, 23, 25, 24, 26, 25, 27, 26, 28, 27, 29, 28, 30, 28, 31, 18, 32, 31, 3, 8, 15, 32]",-6.0994494699
29,64,"[1, 1, 1, 1, 1, 1, 1, 1, 1, 1, 1, 1, 2, 1, 1, 1, 1, 1, 1, 1, 1, 1, 1, 1, 1, 1, 1, 1, 1]","[1, 1, 1, 1, 3, 3, 3, 3, 3, 3, 3, 3, 3, 3, 1, 1, 3, 3, 3, 3, 3, 3, 1, 1, 1, 1, 3, 3, 3, 3, 3, 3, 3, 3, 3, 3, 1, 1, 1, 1, 1, 1, 3, 3, 3, 3, 3, 3, 3, 3, 3, 3, 3, 3, 3, 3, 3, 3, 3, 3, 3, 3, 3, 3]","[0, 1, 1, 2, 2, 3, 3, 4, 4, 5, 5, 6, 6, 7, 1, 8, 8, 9, 9, 10, 10, 11, 11, 12, 12, 13, 13, 14, 14, 15, 15, 16, 16, 17, 17, 18, 16, 19, 19, 20, 19, 21, 21, 22, 22, 23, 23, 24, 24, 25, 25, 26, 11, 27, 27, 28, 7, 2, 28, 8, 18, 13, 26, 21]","[1, 0, 2, 1, 3, 2, 4, 3, 5, 4, 6, 5, 7, 6, 8, 1, 9, 8, 10, 9, 11, 10, 12, 11, 13, 12, 14, 13, 15, 14, 16, 15, 17, 16, 18, 17, 19, 16, 20, 19, 21, 19, 22, 21, 23, 22, 24, 23, 25, 24, 26, 25, 27, 11, 28, 27, 2, 7, 8, 28, 13, 18, 21, 26]",-5.9641687617
31,68,"[1, 1, 1, 1, 1, 1, 1, 1, 1, 1, 1, 1, 1, 2, 1, 1, 1, 1, 1, 1, 1, 1, 1, 1, 1, 1, 1, 1, 1, 1, 1]","[1, 1, 1, 1, 1, 1, 3, 3, 3, 3, 3, 3, 3, 3, 3, 3, 1, 1, 3, 3, 3, 3, 3, 3, 1, 1, 1, 1, 3, 3, 3, 3, 3, 3, 3, 3, 3, 3, 1, 1, 1, 1, 1, 1, 1, 1, 3, 3, 3, 3, 3, 3, 3, 3, 3, 3, 3, 3, 3, 3, 3, 3, 3, 3, 3, 3, 3, 3]","[0, 1, 1, 2, 1, 3, 3, 4, 4, 5, 5, 6, 6, 7, 7, 8, 1, 9, 9, 10, 10, 11, 11, 12, 12, 13, 13, 14, 14, 15, 15, 16, 16, 17, 17, 18, 18, 19, 17, 20, 20, 21, 20, 22, 20, 23, 23, 24, 24, 25, 25, 26, 26, 27, 27, 28, 12, 29, 29, 30, 8, 3, 30, 9, 19, 14, 28, 23]","[1, 0, 2, 1, 3, 1, 4, 3, 5, 4, 6, 5, 7, 6, 8, 7, 9, 1, 10, 9, 11, 10, 12, 11, 13, 12, 14, 13, 15, 14, 16, 15, 17, 16, 18, 17, 19, 18, 20, 17, 21, 20, 22, 20, 23, 20, 24, 23, 25, 24, 26, 25, 27, 26, 28, 27, 29, 12, 30, 29, 3, 8, 9, 30, 14, 19, 23, 28]",-7.782007082100001
19,42,"[3, 1, 1, 1, 1, 1, 1, 1, 1, 1, 1, 1, 1, 1, 1, 1, 1, 1, 1]","[1, 1, 3, 3, 3, 3, 3, 3, 3, 3, 3, 3, 1, 1, 3, 3, 3, 3, 3, 3, 3, 3, 3, 3, 1, 1, 3, 3, 3, 3, 3, 3, 3, 3, 3, 3, 3, 3, 3, 3, 3, 3]","[0, 1, 1, 2, 2, 3, 3, 4, 4, 5, 5, 6, 6, 7, 7, 8, 8, 9, 9, 10, 10, 11, 11, 12, 2, 13, 13, 14, 14, 15, 15, 16, 16, 17, 17, 18, 6, 1, 12, 7, 18, 13]","[1, 0, 2, 1, 3, 2, 4, 3, 5, 4, 6, 5, 7, 6, 8, 7, 9, 8, 10, 9, 11, 10, 12, 11, 13, 2, 14, 13, 15, 14, 16, 15, 17, 16, 18, 17, 1, 6, 7, 12, 13, 18]",-5.6839101049
18,40,"[1, 1, 1, 1, 1, 1, 1, 1, 1, 1, 1, 1, 1, 1, 1, 1, 1, 1]","[3, 3, 3, 3, 3, 3, 3, 3, 3, 3, 1, 1, 3, 3, 3, 3, 3, 3, 3, 3, 3, 3, 1, 1, 3, 3, 3, 3, 3, 3, 3, 3, 3, 3, 3, 3, 3, 3, 3, 3]","[0, 1, 1, 2, 2, 3, 3, 4, 4, 5, 3, 6, 6, 7, 7, 8, 8, 9, 9, 10, 10, 11, 10, 12, 12, 13, 13, 14, 14, 15, 15, 16, 16, 17, 5, 0, 11, 6, 17, 12]","[1, 0, 2, 1, 3, 2, 4, 3, 5, 4, 6, 3, 7, 6, 8, 7, 9, 8, 10, 9, 11, 10, 12, 10, 13, 12, 14, 13, 15, 14, 16, 15, 17, 16, 0, 5, 6, 11, 12, 17]",-5.183
51,108,"[22, 1, 1, 1, 1, 2, 2, 1, 1, 3, 1, 1, 1, 1, 1, 1, 1, 1, 1, 1, 1, 4, 8, 3, 3, 3, 1, 1, 1, 1, 2, 2, 1, 1, 3, 1, 1, 1, 1, 1, 1, 1, 1, 1, 1, 1, 4, 8, 3, 3, 3]","[1, 1, 3, 3, 3, 3, 1, 1, 1, 1, 2, 2, 1, 1, 2, 2, 1, 1, 2, 2, 1, 1, 3, 3, 3, 3, 3, 3, 3, 3, 3, 3, 3, 3, 3, 3, 3, 3, 1, 1, 1, 1, 1, 1, 2, 2, 2, 2, 1, 1, 3, 3, 3, 3, 1, 1, 1, 1, 2, 2, 1, 1, 2, 2, 1, 1, 2, 2, 1, 1, 3, 3, 3, 3, 3, 3, 3, 3, 3, 3, 3, 3, 3, 3, 3, 3, 1, 1, 1, 1, 1, 1, 2, 2, 2, 2, 3, 3, 1, 1, 3, 3, 3, 3, 1, 1, 3, 3]","[1, 2, 2, 3, 3, 4, 4, 5, 5, 6, 6, 7, 7, 8, 8, 9, 8, 10, 10, 11, 11, 12, 12, 13, 13, 14, 14, 15, 15, 16, 16, 17, 4, 18, 18, 19, 19, 20, 20, 21, 18, 22, 22, 23, 22, 24, 22, 25, 26, 27, 27, 28, 28, 29, 29, 30, 30, 31, 31, 32, 32, 33, 33, 34, 33, 35, 35, 36, 36, 37, 37, 38, 38, 39, 39, 40, 40, 41, 41, 42, 29, 43, 43, 44, 44, 45, 45, 46, 43, 47, 47, 48, 47, 49, 47, 50, 20, 2, 17, 7, 17, 12, 45, 27, 42, 32, 42, 37]","[2, 1, 3, 2, 4, 3, 5, 4, 6, 5, 7, 6, 8, 7, 9, 8, 10, 8, 11, 10, 12, 11, 13, 12, 14, 13, 15, 14, 16, 15, 17, 16, 18, 4, 19, 18, 20, 19, 21, 20, 22, 18, 23, 22, 24, 22, 25, 22, 27, 26, 28, 27, 29, 28, 30, 29, 31, 30, 32, 31, 33, 32, 34, 33, 35, 33, 36, 35, 37, 36, 38, 37, 39, 38, 40, 39, 41, 40, 42, 41, 43, 29, 44, 43, 45, 44, 46, 45, 47, 43, 48, 47, 49, 47, 50, 47, 2, 20, 7, 17, 12, 17, 27, 45, 32, 42, 37, 42]",-6.156487599
51,108,"[29, 1, 1, 1, 1, 2, 2, 1, 1, 3, 1, 1, 1, 1, 1, 1, 1, 1, 1, 1, 1, 4, 8, 3, 3, 3, 1, 1, 1, 1, 2, 2, 1, 1, 3, 1, 1, 1, 1, 1, 1, 1, 1, 1, 1, 1, 4, 8, 3, 3, 3]","[1, 1, 3, 3, 3, 3, 1, 1, 1, 1, 2, 2, 1, 1, 2, 2, 1, 1, 2, 2, 1, 1, 3, 3, 3, 3, 3, 3, 3, 3, 3, 3, 3, 3, 3, 3, 3, 3, 1, 1, 1, 1, 1, 1, 2, 2, 2, 2, 1, 1, 3, 3, 3, 3, 1, 1, 1, 1, 2, 2, 1, 1, 2, 2, 1, 1, 2, 2, 1, 1, 3, 3, 3, 3, 3, 3, 3, 3, 3, 3, 3, 3, 3, 3, 3, 3, 1, 1, 1, 1, 1, 1, 2, 2, 2, 2, 3, 3, 1, 1, 3, 3, 3, 3, 1, 1, 3, 3]","[1, 2, 2, 3, 3, 4, 4, 5, 5, 6, 6, 7, 7, 8, 8, 9, 8, 10, 10, 11, 11, 12, 12, 13, 13, 14, 14, 15, 15, 16, 16, 17, 4, 18, 18, 19, 19, 20, 20, 21, 18, 22, 22, 23, 22, 24, 22, 25, 26, 27, 27, 28, 28, 29, 29, 30, 30, 31, 31, 32, 32, 33, 33, 34, 33, 35, 35, 36, 36, 37, 37, 38, 38, 39, 39, 40, 40, 41, 41, 42, 29, 43, 43, 44, 44, 45, 45, 46, 43, 47, 47, 48, 47, 49, 47, 50, 20, 2, 17, 7, 17, 12, 45, 27, 42, 32, 42, 37]","[2, 1, 3, 2, 4, 3, 5, 4, 6, 5, 7, 6, 8, 7, 9, 8, 10, 8, 11, 10, 12, 11, 13, 12, 14, 13, 15, 14, 16, 15, 17, 16, 18, 4, 19, 18, 20, 19, 21, 20, 22, 18, 23, 22, 24, 22, 25, 22, 27, 26, 28, 27, 29, 28, 30, 29, 31, 30, 32, 31, 33, 32, 34, 33, 35, 33, 36, 35, 37, 36, 38, 37, 39, 38, 40, 39, 41, 40, 42, 41, 43, 29, 44, 43, 45, 44, 46, 45, 47, 43, 48, 47, 49, 47, 50, 47, 2, 20, 7, 17, 12, 17, 27, 45, 32, 42, 37, 42]",-7.6228592843
17,38,"[2, 1, 1, 1, 1, 1, 1, 1, 1, 1, 1, 1, 1, 1, 1, 1, 1]","[1, 1, 3, 3, 3, 3, 3, 3, 3, 3, 3, 3, 1, 1, 3, 3, 3, 3, 3, 3, 3, 3, 3, 3, 3, 3, 3, 3, 3, 3, 3, 3, 3, 3, 3, 3, 3, 3]","[0, 1, 1, 2, 2, 3, 3, 4, 4, 5, 5, 6, 0, 7, 7, 8, 8, 9, 9, 10, 10, 11, 11, 12, 12, 13, 13, 14, 14, 15, 15, 16, 6, 1, 16, 7, 15, 10]","[1, 0, 2, 1, 3, 2, 4, 3, 5, 4, 6, 5, 7, 0, 8, 7, 9, 8, 10, 9, 11, 10, 12, 11, 13, 12, 14, 13, 15, 14, 16, 15, 1, 6, 7, 16, 10, 15]",-5.4959148461
22,48,"[3, 1, 1, 1, 1, 1, 1, 1, 1, 2, 1, 1, 1, 1, 1, 1, 1, 1, 8, 3, 3, 3]","[1, 1, 3, 3, 3, 3, 3, 3, 3, 3, 3, 3, 3, 3, 3, 3, 1, 1, 1, 1, 3, 3, 3, 3, 3, 3, 3, 3, 3, 3, 3, 3, 3, 3, 1, 1, 1, 1, 2, 2, 2, 2, 3, 3, 3, 3, 3, 3]","[0, 1, 1, 2, 2, 3, 3, 4, 4, 5, 5, 6, 6, 7, 7, 8, 8, 9, 9, 10, 10, 11, 11, 12, 12, 13, 13, 14, 14, 15, 8, 16, 16, 17, 3, 18, 18, 19, 18, 20, 18, 21, 17, 1, 17, 5, 15, 10]","[1, 0, 2, 1, 3, 2, 4, 3, 5, 4, 6, 5, 7, 6, 8, 7, 9, 8, 10, 9, 11, 10, 12, 11, 13, 12, 14, 13, 15, 14, 16, 8, 17, 16, 18, 3, 19, 18, 20, 18, 21, 18, 1, 17, 5, 17, 10, 15]",-1.9763
101,216,"[10, 10, 3, 1, 3, 1, 1, 4, 1, 4, 1, 4, 1, 4, 1, 1, 1, 1, 1, 0, 1, 3, 1, 1, 3, 1, 1, 0, 1, 3, 1, 0, 1, 1, 0, 3, 1, 3, 1, 1, 4, 1, 4, 1, 4, 1, 4, 1, 1, 1, 1, 1, 0, 1, 3, 1, 1, 3, 1, 1, 0, 1, 3, 1, 0, 1, 1, 0, 3, 1, 3, 1, 1, 4, 1, 4, 1, 4, 1, 4, 1, 1, 1, 1, 1, 0, 1, 3, 1, 1, 3, 1, 1, 0, 1, 3, 1, 0, 1, 1, 0]","[1, 1, 2, 2, 1, 1, 3, 3, 1, 1, 3, 3, 1, 1, 3, 3, 1, 1, 3, 3, 1, 1, 3, 3, 1, 1, 3, 3, 3, 3, 3, 3, 1, 1, 3, 3, 2, 2, 3, 3, 3, 3, 3, 3, 3, 3, 3, 3, 1, 1, 3, 3, 1, 1, 3, 3, 1, 1, 3, 3, 3, 3, 1, 1, 1, 1, 2, 2, 1, 1, 3, 3, 1, 1, 3, 3, 1, 1, 3, 3, 1, 1, 3, 3, 1, 1, 3, 3, 1, 1, 3, 3, 3, 3, 3, 3, 1, 1, 3, 3, 2, 2, 3, 3, 3, 3, 3, 3, 3, 3, 3, 3, 1, 1, 3, 3, 1, 1, 3, 3, 1, 1, 3, 3, 3, 3, 1, 1, 1, 1, 2, 2, 1, 1, 3, 3, 1, 1, 3, 3, 1, 1, 3, 3, 1, 1, 3, 3, 1, 1, 3, 3, 1, 1, 3, 3, 3, 3, 3, 3, 1, 1, 3, 3, 2, 2, 3, 3, 3, 3, 3, 3, 3, 3, 3, 3, 1, 1, 3, 3, 1, 1, 3, 3, 1, 1, 3, 3, 3, 3, 1, 1, 3, 3, 3, 3, 1, 1, 3, 3, 3, 3, 3, 3, 1, 1, 3, 3, 3, 3, 3, 3, 1, 1, 3, 3]","[2, 3, 3, 4, 3, 5, 5, 6, 6, 7, 6, 8, 8, 9, 8, 10, 10, 11, 10, 12, 12, 13, 12, 14, 14, 15, 15, 16, 16, 17, 17, 18, 18, 19, 18, 20, 20, 21, 20, 22, 22, 23, 23, 24, 24, 25, 25, 26, 26, 27, 26, 28, 28, 29, 28, 30, 30, 31, 30, 32, 32, 33, 22, 34, 35, 36, 36, 37, 36, 38, 38, 39, 39, 40, 39, 41, 41, 42, 41, 43, 43, 44, 43, 45, 45, 46, 45, 47, 47, 48, 48, 49, 49, 50, 50, 51, 51, 52, 51, 53, 53, 54, 53, 55, 55, 56, 56, 57, 57, 58, 58, 59, 59, 60, 59, 61, 61, 62, 61, 63, 63, 64, 63, 65, 65, 66, 55, 67, 68, 69, 69, 70, 69, 71, 71, 72, 72, 73, 72, 74, 74, 75, 74, 76, 76, 77, 76, 78, 78, 79, 78, 80, 80, 81, 81, 82, 82, 83, 83, 84, 84, 85, 84, 86, 86, 87, 86, 88, 88, 89, 89, 90, 90, 91, 91, 92, 92, 93, 92, 94, 94, 95, 94, 96, 96, 97, 96, 98, 98, 99, 88, 100, 14, 5, 33, 15, 23, 16, 33, 25, 47, 38, 66, 48, 56, 49, 66, 58, 80, 71, 99, 81, 89, 82, 99, 91]","[3, 2, 4, 3, 5, 3, 6, 5, 7, 6, 8, 6, 9, 8, 10, 8, 11, 10, 12, 10, 13, 12, 14, 12, 15, 14, 16, 15, 17, 16, 18, 17, 19, 18, 20, 18, 21, 20, 22, 20, 23, 22, 24, 23, 25, 24, 26, 25, 27, 26, 28, 26, 29, 28, 30, 28, 31, 30, 32, 30, 33, 32, 34, 22, 36, 35, 37, 36, 38, 36, 39, 38, 40, 39, 41, 39, 42, 41, 43, 41, 44, 43, 45, 43, 46, 45, 47, 45, 48, 47, 49, 48, 50, 49, 51, 50, 52, 51, 53, 51, 54, 53, 55, 53, 56, 55, 57, 56, 58, 57, 59, 58, 60, 59, 61, 59, 62, 61, 63, 61, 64, 63, 65, 63, 66, 65, 67, 55, 69, 68, 70, 69, 71, 69, 72, 71, 73, 72, 74, 72, 75, 74, 76, 74, 77, 76, 78, 76, 79, 78, 80, 78, 81, 80, 82, 81, 83, 82, 84, 83, 85, 84, 86, 84, 87, 86, 88, 86, 89, 88, 90, 89, 91, 90, 92, 91, 93, 92, 94, 92, 95, 94, 96, 94, 97, 96, 98, 96, 99, 98, 100, 88, 5, 14, 15, 33, 16, 23, 25, 33, 38, 47, 48, 66, 49, 56, 58, 66, 71, 80, 81, 99, 82, 89, 91, 99]",-6.4900690111
89,192,"[10, 10, 3, 1, 3, 1, 1, 1, 1, 1, 1, 1, 1, 1, 1, 0, 1, 3, 1, 1, 3, 1, 1, 0, 1, 3, 1, 0, 1, 1, 0, 3, 1, 3, 1, 1, 1, 1, 1, 1, 1, 1, 1, 1, 0, 1, 3, 1, 1, 3, 1, 1, 0, 1, 3, 1, 0, 1, 1, 0, 3, 1, 3, 1, 1, 1, 1, 1, 1, 1, 1, 1, 1, 0, 1, 3, 1, 1, 3, 1, 1, 0, 1, 3, 1, 0, 1, 1, 0]","[1, 1, 2, 2, 1, 1, 3, 3, 3, 3, 3, 3, 3, 3, 3, 3, 1, 1, 3, 3, 3, 3, 3, 3, 1, 1, 3, 3, 2, 2, 3, 3, 3, 3, 3, 3, 3, 3, 3, 3, 1, 1, 3, 3, 1, 1, 3, 3, 1, 1, 3, 3, 3, 3, 1, 1, 1, 1, 2, 2, 1, 1, 3, 3, 3, 3, 3, 3, 3, 3, 3, 3, 1, 1, 3, 3, 3, 3, 3, 3, 1, 1, 3, 3, 2, 2, 3, 3, 3, 3, 3, 3, 3, 3, 3, 3, 1, 1, 3, 3, 1, 1, 3, 3, 1, 1, 3, 3, 3, 3, 1, 1, 1, 1, 2, 2, 1, 1, 3, 3, 3, 3, 3, 3, 3, 3, 3, 3, 1, 1, 3, 3, 3, 3, 3, 3, 1, 1, 3, 3, 2, 2, 3, 3, 3, 3, 3, 3, 3, 3, 3, 3, 1, 1, 3, 3, 1, 1, 3, 3, 1, 1, 3, 3, 3, 3, 1, 1, 3, 3, 3, 3, 1, 1, 3, 3, 3, 3, 3, 3, 1, 1, 3, 3, 3, 3, 3, 3, 1, 1, 3, 3]","[2, 3, 3, 4, 3, 5, 5, 6, 6, 7, 7, 8, 8, 9, 9, 10, 10, 11, 11, 12, 12, 13, 13, 14, 14, 15, 14, 16, 16, 17, 16, 18, 18, 19, 19, 20, 20, 21, 21, 22, 22, 23, 22, 24, 24, 25, 24, 26, 26, 27, 26, 28, 28, 29, 18, 30, 31, 32, 32, 33, 32, 34, 34, 35, 35, 36, 36, 37, 37, 38, 38, 39, 39, 40, 40, 41, 41, 42, 42, 43, 43, 44, 43, 45, 45, 46, 45, 47, 47, 48, 48, 49, 49, 50, 50, 51, 51, 52, 51, 53, 53, 54, 53, 55, 55, 56, 55, 57, 57, 58, 47, 59, 60, 61, 61, 62, 61, 63, 63, 64, 64, 65, 65, 66, 66, 67, 67, 68, 68, 69, 69, 70, 70, 71, 71, 72, 72, 73, 72, 74, 74, 75, 74, 76, 76, 77, 77, 78, 78, 79, 79, 80, 80, 81, 80, 82, 82, 83, 82, 84, 84, 85, 84, 86, 86, 87, 76, 88, 10, 5, 29, 11, 19, 12, 29, 21, 39, 34, 58, 40, 48, 41, 58, 50, 68, 63, 87, 69, 77, 70, 87, 79]","[3, 2, 4, 3, 5, 3, 6, 5, 7, 6, 8, 7, 9, 8, 10, 9, 11, 10, 12, 11, 13, 12, 14, 13, 15, 14, 16, 14, 17, 16, 18, 16, 19, 18, 20, 19, 21, 20, 22, 21, 23, 22, 24, 22, 25, 24, 26, 24, 27, 26, 28, 26, 29, 28, 30, 18, 32, 31, 33, 32, 34, 32, 35, 34, 36, 35, 37, 36, 38, 37, 39, 38, 40, 39, 41, 40, 42, 41, 43, 42, 44, 43, 45, 43, 46, 45, 47, 45, 48, 47, 49, 48, 50, 49, 51, 50, 52, 51, 53, 51, 54, 53, 55, 53, 56, 55, 57, 55, 58, 57, 59, 47, 61, 60, 62, 61, 63, 61, 64, 63, 65, 64, 66, 65, 67, 66, 68, 67, 69, 68, 70, 69, 71, 70, 72, 71, 73, 72, 74, 72, 75, 74, 76, 74, 77, 76, 78, 77, 79, 78, 80, 79, 81, 80, 82, 80, 83, 82, 84, 82, 85, 84, 86, 84, 87, 86, 88, 76, 5, 10, 11, 29, 12, 19, 21, 29, 34, 39, 40, 58, 41, 48, 50, 58, 63, 68, 69, 87, 70, 77, 79, 87]",-7.1435627019000005
40,88,"[3, 7, 3, 1, 1, 1, 1, 1, 1, 3, 1, 1, 1, 1, 1, 1, 3, 1, 1, 1, 1, 1, 3, 7, 3, 3, 1, 1, 1, 1, 1, 1, 3, 1, 1, 1, 1, 1, 1, 1]","[2, 2, 1, 1, 1, 1, 3, 3, 3, 3, 3, 3, 3, 3, 3, 3, 1, 1, 1, 1, 3, 3, 3, 3, 3, 3, 3, 3, 3, 3, 1, 1, 1, 1, 3, 3, 3, 3, 3, 3, 3, 3, 1, 1, 1, 1, 2, 2, 1, 1, 1, 1, 3, 3, 3, 3, 3, 3, 3, 3, 3, 3, 1, 1, 1, 1, 3, 3, 3, 3, 3, 3, 3, 3, 3, 3, 3, 3, 3, 3, 3, 3, 3, 3, 3, 3, 3, 3]","[0, 1, 1, 2, 2, 3, 3, 4, 4, 5, 5, 6, 6, 7, 7, 8, 1, 9, 9, 10, 10, 11, 11, 12, 12, 13, 13, 14, 14, 15, 1, 16, 16, 17, 17, 18, 18, 19, 19, 20, 20, 21, 21, 22, 22, 23, 23, 24, 23, 25, 25, 26, 26, 27, 27, 28, 28, 29, 29, 30, 30, 31, 23, 32, 32, 33, 33, 34, 34, 35, 35, 36, 36, 37, 37, 38, 21, 39, 8, 3, 15, 10, 39, 17, 31, 26, 38, 33]","[1, 0, 2, 1, 3, 2, 4, 3, 5, 4, 6, 5, 7, 6, 8, 7, 9, 1, 10, 9, 11, 10, 12, 11, 13, 12, 14, 13, 15, 14, 16, 1, 17, 16, 18, 17, 19, 18, 20, 19, 21, 20, 22, 21, 23, 22, 24, 23, 25, 23, 26, 25, 27, 26, 28, 27, 29, 28, 30, 29, 31, 30, 32, 23, 33, 32, 34, 33, 35, 34, 36, 35, 37, 36, 38, 37, 39, 21, 3, 8, 10, 15, 17, 39, 26, 31, 33, 38]",-5.7380720068
48,104,"[1, 1, 1, 1, 1, 1, 1, 1, 3, 7, 3, 3, 1, 1, 1, 1, 1, 3, 7, 3, 3, 1, 1, 1, 1, 1, 1, 1, 1, 3, 1, 1, 1, 1, 1, 1, 1, 1, 1, 3, 1, 1, 1, 1, 1, 1, 1, 1]","[1, 1, 3, 3, 3, 3, 3, 3, 3, 3, 1, 1, 3, 3, 1, 1, 1, 1, 2, 2, 1, 1, 1, 1, 3, 3, 3, 3, 3, 3, 3, 3, 1, 1, 1, 1, 2, 2, 1, 1, 1, 1, 3, 3, 1, 1, 3, 3, 3, 3, 3, 3, 3, 3, 1, 1, 1, 1, 1, 1, 3, 3, 1, 1, 3, 3, 3, 3, 3, 3, 3, 3, 1, 1, 3, 3, 1, 1, 1, 1, 3, 3, 1, 1, 3, 3, 3, 3, 3, 3, 3, 3, 1, 1, 3, 3, 3, 3, 3, 3, 3, 3, 3, 3]","[0, 1, 1, 2, 2, 3, 3, 4, 4, 5, 5, 6, 5, 7, 7, 8, 8, 9, 9, 10, 9, 11, 11, 12, 12, 13, 13, 14, 14, 15, 15, 16, 16, 17, 17, 18, 18, 19, 18, 20, 20, 21, 21, 22, 22, 23, 22, 24, 24, 25, 25, 26, 26, 27, 27, 28, 18, 29, 29, 30, 30, 31, 31, 32, 31, 33, 33, 34, 34, 35, 35, 36, 36, 37, 16, 38, 9, 39, 39, 40, 40, 41, 41, 42, 41, 43, 43, 44, 44, 45, 45, 46, 46, 47, 7, 1, 38, 12, 27, 21, 36, 30, 46, 40]","[1, 0, 2, 1, 3, 2, 4, 3, 5, 4, 6, 5, 7, 5, 8, 7, 9, 8, 10, 9, 11, 9, 12, 11, 13, 12, 14, 13, 15, 14, 16, 15, 17, 16, 18, 17, 19, 18, 20, 18, 21, 20, 22, 21, 23, 22, 24, 22, 25, 24, 26, 25, 27, 26, 28, 27, 29, 18, 30, 29, 31, 30, 32, 31, 33, 31, 34, 33, 35, 34, 36, 35, 37, 36, 38, 16, 39, 9, 40, 39, 41, 40, 42, 41, 43, 41, 44, 43, 45, 44, 46, 45, 47, 46, 1, 7, 12, 38, 21, 27, 30, 36, 40, 46]",-6.8367531336
16,36,"[1, 1, 1, 1, 2, 1, 1, 1, 1, 1, 1, 1, 1, 1, 2, 1]","[1, 1, 1, 1, 1, 1, 1, 1, 1, 1, 3, 3, 3, 3, 3, 3, 3, 3, 3, 3, 3, 3, 3, 3, 3, 3, 1, 1, 3, 3, 1, 1, 3, 3, 3, 3]","[0, 1, 1, 2, 2, 3, 2, 4, 4, 5, 5, 6, 6, 7, 7, 8, 8, 9, 9, 10, 10, 11, 11, 12, 12, 13, 13, 14, 13, 15, 14, 2, 15, 5, 15, 9]","[1, 0, 2, 1, 3, 2, 4, 2, 5, 4, 6, 5, 7, 6, 8, 7, 9, 8, 10, 9, 11, 10, 12, 11, 13, 12, 14, 13, 15, 13, 2, 14, 5, 15, 9, 15]",-3.2477605654
15,34,"[1, 1, 1, 2, 1, 1, 1, 1, 1, 1, 1, 1, 1, 2, 1]","[1, 1, 1, 1, 1, 1, 1, 1, 3, 3, 3, 3, 3, 3, 3, 3, 3, 3, 3, 3, 3, 3, 3, 3, 1, 1, 3, 3, 1, 1, 3, 3, 3, 3]","[0, 1, 1, 2, 1, 3, 3, 4, 4, 5, 5, 6, 6, 7, 7, 8, 8, 9, 9, 10, 10, 11, 11, 12, 12, 13, 12, 14, 13, 1, 14, 4, 14, 8]","[1, 0, 2, 1, 3, 1, 4, 3, 5, 4, 6, 5, 7, 6, 8, 7, 9, 8, 10, 9, 11, 10, 12, 11, 13, 12, 14, 12, 1, 13, 4, 14, 8, 14]",-2.9298988951
16,34,"[1, 1, 3, 1, 1, 1, 1, 2, 1, 1, 1, 1, 1, 1, 1, 1]","[1, 1, 1, 1, 1, 1, 3, 3, 3, 3, 3, 3, 1, 1, 1, 1, 1, 1, 1, 1, 1, 1, 2, 2, 1, 1, 1, 1, 3, 3, 3, 3, 3, 3]","[0, 1, 1, 2, 2, 3, 3, 4, 4, 5, 5, 6, 6, 7, 7, 8, 8, 9, 8, 10, 8, 11, 11, 12, 12, 13, 12, 14, 14, 15, 15, 3, 14, 6]","[1, 0, 2, 1, 3, 2, 4, 3, 5, 4, 6, 5, 7, 6, 8, 7, 9, 8, 10, 8, 11, 8, 12, 11, 13, 12, 14, 12, 15, 14, 3, 15, 6, 14]",-3.332762335
13,28,"[1, 1, 1, 1, 1, 1, 2, 1, 1, 1, 1, 1, 1]","[1, 1, 2, 2, 1, 1, 1, 1, 1, 1, 1, 1, 1, 1, 3, 3, 3, 3, 3, 3, 3, 3, 3, 3, 1, 1, 3, 3]","[0, 1, 1, 2, 2, 3, 3, 4, 3, 5, 3, 6, 6, 7, 7, 8, 8, 9, 9, 10, 10, 11, 11, 12, 12, 1, 12, 7]","[1, 0, 2, 1, 3, 2, 4, 3, 5, 3, 6, 3, 7, 6, 8, 7, 9, 8, 10, 9, 11, 10, 12, 11, 1, 12, 7, 12]",-5.238695803500001
32,66,"[1, 1, 1, 1, 1, 1, 1, 1, 1, 2, 2, 1, 1, 1, 1, 1, 1, 2, 1, 3, 1, 1, 1, 1, 1, 2, 1, 1, 1, 1, 1, 3]","[1, 1, 1, 1, 1, 1, 1, 1, 1, 1, 1, 1, 1, 1, 1, 1, 1, 1, 1, 1, 1, 1, 1, 1, 1, 1, 1, 1, 1, 1, 1, 1, 1, 1, 1, 1, 2, 2, 1, 1, 1, 1, 1, 1, 1, 1, 1, 1, 1, 1, 1, 1, 1, 1, 1, 1, 1, 1, 1, 1, 2, 2, 1, 1, 1, 1]","[0, 1, 1, 2, 1, 3, 3, 4, 4, 5, 5, 6, 6, 7, 6, 8, 6, 9, 4, 10, 10, 11, 11, 12, 12, 13, 13, 14, 14, 15, 15, 16, 16, 17, 17, 18, 18, 19, 17, 20, 20, 21, 21, 22, 22, 23, 22, 24, 22, 25, 25, 26, 26, 27, 26, 28, 26, 29, 10, 30, 30, 31, 9, 1, 29, 20]","[1, 0, 2, 1, 3, 1, 4, 3, 5, 4, 6, 5, 7, 6, 8, 6, 9, 6, 10, 4, 11, 10, 12, 11, 13, 12, 14, 13, 15, 14, 16, 15, 17, 16, 18, 17, 19, 18, 20, 17, 21, 20, 22, 21, 23, 22, 24, 22, 25, 22, 26, 25, 27, 26, 28, 26, 29, 26, 30, 10, 31, 30, 1, 9, 20, 29]",-1.5399557687999998
28,58,"[1, 1, 1, 1, 1, 1, 1, 1, 1, 2, 2, 1, 1, 1, 1, 1, 1, 2, 1, 1, 1, 1, 1, 2, 1, 1, 1, 1]","[1, 1, 1, 1, 1, 1, 1, 1, 1, 1, 1, 1, 1, 1, 1, 1, 1, 1, 1, 1, 1, 1, 1, 1, 1, 1, 1, 1, 1, 1, 1, 1, 1, 1, 1, 1, 1, 1, 1, 1, 1, 1, 1, 1, 1, 1, 1, 1, 1, 1, 1, 1, 1, 1, 1, 1, 1, 1]","[0, 1, 1, 2, 1, 3, 3, 4, 4, 5, 5, 6, 6, 7, 6, 8, 6, 9, 4, 10, 10, 11, 11, 12, 12, 13, 13, 14, 14, 15, 15, 16, 16, 17, 17, 18, 18, 19, 19, 20, 20, 21, 20, 22, 20, 23, 23, 24, 24, 25, 24, 26, 24, 27, 9, 1, 27, 18]","[1, 0, 2, 1, 3, 1, 4, 3, 5, 4, 6, 5, 7, 6, 8, 6, 9, 6, 10, 4, 11, 10, 12, 11, 13, 12, 14, 13, 15, 14, 16, 15, 17, 16, 18, 17, 19, 18, 20, 19, 21, 20, 22, 20, 23, 20, 24, 23, 25, 24, 26, 24, 27, 24, 1, 9, 18, 27]",-2.350745656
34,70,"[1, 1, 1, 1, 2, 1, 1, 1, 1, 1, 3, 1, 3, 1, 1, 1, 1, 1, 1, 1, 1, 1, 3, 3, 1, 1, 1, 1, 1, 2, 1, 1, 1, 1]","[1, 1, 1, 1, 1, 1, 1, 1, 1, 1, 1, 1, 1, 1, 1, 1, 1, 1, 1, 1, 1, 1, 2, 2, 1, 1, 1, 1, 1, 1, 1, 1, 1, 1, 1, 1, 1, 1, 1, 1, 1, 1, 2, 2, 1, 1, 1, 1, 1, 1, 1, 1, 1, 1, 1, 1, 1, 1, 1, 1, 1, 1, 1, 1, 1, 1, 1, 1, 1, 1]","[0, 1, 1, 2, 1, 3, 3, 4, 4, 5, 5, 6, 6, 7, 6, 8, 6, 9, 9, 10, 10, 11, 11, 12, 11, 13, 13, 14, 14, 15, 15, 16, 16, 17, 17, 18, 18, 19, 19, 20, 20, 21, 21, 22, 21, 23, 23, 24, 24, 25, 25, 26, 25, 27, 25, 28, 28, 29, 29, 30, 30, 31, 31, 32, 31, 33, 9, 1, 31, 24]","[1, 0, 2, 1, 3, 1, 4, 3, 5, 4, 6, 5, 7, 6, 8, 6, 9, 6, 10, 9, 11, 10, 12, 11, 13, 11, 14, 13, 15, 14, 16, 15, 17, 16, 18, 17, 19, 18, 20, 19, 21, 20, 22, 21, 23, 21, 24, 23, 25, 24, 26, 25, 27, 25, 28, 25, 29, 28, 30, 29, 31, 30, 32, 31, 33, 31, 1, 9, 24, 31]",-4.4077469895
48,94,"[1, 1, 1, 1, 1, 1, 1, 1, 1, 1, 1, 1, 3, 3, 1, 1, 1, 1, 1, 1, 1, 1, 1, 2, 3, 1, 3, 1, 1, 1, 1, 1, 1, 1, 1, 1, 3, 3, 1, 1, 1, 1, 1, 2, 1, 1, 1, 1]","[1, 1, 1, 1, 1, 1, 1, 1, 1, 1, 1, 1, 1, 1, 1, 1, 1, 1, 1, 1, 1, 1, 1, 1, 1, 1, 1, 1, 1, 1, 1, 1, 1, 1, 1, 1, 1, 1, 1, 1, 1, 1, 1, 1, 1, 1, 2, 2, 1, 1, 1, 1, 1, 1, 1, 1, 1, 1, 1, 1, 1, 1, 1, 1, 1, 1, 2, 2, 1, 1, 1, 1, 1, 1, 1, 1, 1, 1, 1, 1, 1, 1, 1, 1, 1, 1, 1, 1, 1, 1, 1, 1, 1, 1]","[0, 1, 1, 2, 2, 3, 3, 4, 4, 5, 5, 6, 6, 7, 8, 9, 9, 10, 9, 11, 9, 12, 12, 13, 14, 15, 15, 16, 15, 17, 17, 18, 18, 19, 19, 20, 20, 21, 20, 22, 20, 23, 18, 24, 24, 25, 25, 26, 25, 27, 27, 28, 28, 29, 29, 30, 30, 31, 31, 32, 32, 33, 33, 34, 34, 35, 35, 36, 35, 37, 37, 38, 38, 39, 39, 40, 40, 41, 40, 42, 40, 43, 43, 44, 44, 45, 44, 46, 44, 47, 23, 15, 47, 38]","[1, 0, 2, 1, 3, 2, 4, 3, 5, 4, 6, 5, 7, 6, 9, 8, 10, 9, 11, 9, 12, 9, 13, 12, 15, 14, 16, 15, 17, 15, 18, 17, 19, 18, 20, 19, 21, 20, 22, 20, 23, 20, 24, 18, 25, 24, 26, 25, 27, 25, 28, 27, 29, 28, 30, 29, 31, 30, 32, 31, 33, 32, 34, 33, 35, 34, 36, 35, 37, 35, 38, 37, 39, 38, 40, 39, 41, 40, 42, 40, 43, 40, 44, 43, 45, 44, 46, 44, 47, 44, 15, 23, 38, 47]",-5.0575951101
22,50,"[1, 1, 1, 1, 1, 3, 1, 1, 1, 1, 1, 1, 1, 1, 1, 1, 1, 1, 3, 1, 1, 3]","[1, 1, 1, 1, 1, 1, 1, 1, 2, 2, 1, 1, 2, 2, 1, 1, 1, 1, 1, 1, 1, 1, 1, 1, 1, 1, 1, 1, 1, 1, 1, 1, 1, 1, 1, 1, 1, 1, 1, 1, 2, 2, 1, 1, 1, 1, 1, 1, 1, 1]","[0, 1, 1, 2, 2, 3, 3, 4, 4, 5, 4, 6, 6, 7, 7, 8, 8, 9, 9, 10, 10, 11, 11, 12, 12, 13, 13, 14, 14, 15, 14, 16, 16, 17, 17, 18, 17, 19, 19, 20, 20, 21, 7, 1, 11, 1, 16, 10, 20, 14]","[1, 0, 2, 1, 3, 2, 4, 3, 5, 4, 6, 4, 7, 6, 8, 7, 9, 8, 10, 9, 11, 10, 12, 11, 13, 12, 14, 13, 15, 14, 16, 14, 17, 16, 18, 17, 19, 17, 20, 19, 21, 20, 1, 7, 1, 11, 10, 16, 14, 20]",-2.2130969417
21,48,"[1, 1, 1, 1, 1, 1, 1, 1, 1, 1, 1, 3, 1, 1, 1, 1, 1, 1, 1, 1, 3]","[1, 1, 1, 1, 1, 1, 1, 1, 1, 1, 1, 1, 1, 1, 1, 1, 2, 2, 1, 1, 2, 2, 1, 1, 1, 1, 1, 1, 1, 1, 1, 1, 1, 1, 1, 1, 1, 1, 2, 2, 1, 1, 1, 1, 1, 1, 1, 1]","[0, 1, 1, 2, 2, 3, 3, 4, 4, 5, 5, 6, 6, 7, 7, 8, 8, 9, 9, 10, 10, 11, 10, 12, 12, 13, 13, 14, 14, 15, 5, 16, 16, 17, 17, 18, 18, 19, 19, 20, 16, 1, 19, 1, 14, 4, 14, 8]","[1, 0, 2, 1, 3, 2, 4, 3, 5, 4, 6, 5, 7, 6, 8, 7, 9, 8, 10, 9, 11, 10, 12, 10, 13, 12, 14, 13, 15, 14, 16, 5, 17, 16, 18, 17, 19, 18, 20, 19, 1, 16, 1, 19, 4, 14, 8, 14]",-3.6949
20,46,"[1, 1, 1, 1, 1, 1, 1, 1, 1, 1, 1, 3, 1, 1, 1, 1, 1, 1, 1, 3]","[1, 1, 1, 1, 1, 1, 1, 1, 1, 1, 1, 1, 1, 1, 1, 1, 2, 2, 1, 1, 2, 2, 1, 1, 1, 1, 1, 1, 1, 1, 1, 1, 1, 1, 1, 1, 2, 2, 1, 1, 1, 1, 1, 1, 1, 1]","[0, 1, 1, 2, 2, 3, 3, 4, 4, 5, 5, 6, 6, 7, 7, 8, 8, 9, 9, 10, 10, 11, 10, 12, 12, 13, 13, 14, 5, 15, 15, 16, 16, 17, 17, 18, 18, 19, 15, 1, 18, 1, 14, 4, 14, 8]","[1, 0, 2, 1, 3, 2, 4, 3, 5, 4, 6, 5, 7, 6, 8, 7, 9, 8, 10, 9, 11, 10, 12, 10, 13, 12, 14, 13, 15, 5, 16, 15, 17, 16, 18, 17, 19, 18, 1, 15, 1, 18, 4, 14, 8, 14]",-3.1565006621
21,48,"[1, 1, 1, 1, 1, 1, 1, 1, 1, 1, 1, 1, 3, 1, 1, 1, 1, 1, 1, 1, 3]","[1, 1, 1, 1, 1, 1, 1, 1, 1, 1, 1, 1, 1, 1, 1, 1, 1, 1, 2, 2, 1, 1, 2, 2, 1, 1, 1, 1, 1, 1, 1, 1, 1, 1, 1, 1, 1, 1, 2, 2, 1, 1, 1, 1, 1, 1, 1, 1]","[0, 1, 1, 2, 2, 3, 3, 4, 4, 5, 5, 6, 6, 7, 7, 8, 8, 9, 9, 10, 10, 11, 11, 12, 11, 13, 13, 14, 14, 15, 6, 16, 16, 17, 17, 18, 18, 19, 19, 20, 16, 2, 19, 2, 15, 5, 15, 9]","[1, 0, 2, 1, 3, 2, 4, 3, 5, 4, 6, 5, 7, 6, 8, 7, 9, 8, 10, 9, 11, 10, 12, 11, 13, 11, 14, 13, 15, 14, 16, 6, 17, 16, 18, 17, 19, 18, 20, 19, 2, 16, 2, 19, 5, 15, 9, 15]",-3.7327198893
65,132,"[19, 1, 1, 1, 1, 1, 1, 1, 1, 1, 1, 1, 1, 1, 1, 1, 1, 1, 1, 1, 1, 1, 1, 1, 1, 1, 1, 1, 1, 8, 3, 3, 3, 1, 1, 1, 1, 1, 1, 1, 1, 1, 1, 1, 1, 1, 1, 1, 1, 1, 1, 1, 1, 1, 1, 1, 1, 1, 1, 1, 1, 8, 3, 3, 3]","[1, 1, 1, 1, 1, 1, 1, 1, 1, 1, 1, 1, 1, 1, 1, 1, 1, 1, 3, 3, 3, 3, 3, 3, 3, 3, 3, 3, 3, 3, 3, 3, 3, 3, 3, 3, 1, 1, 1, 1, 1, 1, 1, 1, 1, 1, 1, 1, 1, 1, 1, 1, 1, 1, 1, 1, 1, 1, 2, 2, 2, 2, 1, 1, 1, 1, 1, 1, 1, 1, 1, 1, 1, 1, 1, 1, 1, 1, 1, 1, 3, 3, 3, 3, 3, 3, 3, 3, 3, 3, 3, 3, 3, 3, 3, 3, 3, 3, 1, 1, 1, 1, 1, 1, 1, 1, 1, 1, 1, 1, 1, 1, 1, 1, 1, 1, 1, 1, 1, 1, 2, 2, 2, 2, 3, 3, 3, 3, 3, 3, 3, 3]","[1, 2, 2, 3, 3, 4, 4, 5, 5, 6, 6, 7, 7, 8, 8, 9, 9, 10, 10, 11, 11, 12, 12, 13, 13, 14, 14, 15, 15, 16, 16, 17, 17, 18, 18, 19, 19, 20, 20, 21, 21, 22, 22, 23, 23, 24, 24, 25, 25, 26, 26, 27, 27, 28, 18, 29, 29, 30, 29, 31, 29, 32, 33, 34, 34, 35, 35, 36, 36, 37, 37, 38, 38, 39, 39, 40, 40, 41, 41, 42, 42, 43, 43, 44, 44, 45, 45, 46, 46, 47, 47, 48, 48, 49, 49, 50, 50, 51, 51, 52, 52, 53, 53, 54, 54, 55, 55, 56, 56, 57, 57, 58, 58, 59, 59, 60, 50, 61, 61, 62, 61, 63, 61, 64, 19, 10, 17, 12, 51, 42, 49, 44]","[2, 1, 3, 2, 4, 3, 5, 4, 6, 5, 7, 6, 8, 7, 9, 8, 10, 9, 11, 10, 12, 11, 13, 12, 14, 13, 15, 14, 16, 15, 17, 16, 18, 17, 19, 18, 20, 19, 21, 20, 22, 21, 23, 22, 24, 23, 25, 24, 26, 25, 27, 26, 28, 27, 29, 18, 30, 29, 31, 29, 32, 29, 34, 33, 35, 34, 36, 35, 37, 36, 38, 37, 39, 38, 40, 39, 41, 40, 42, 41, 43, 42, 44, 43, 45, 44, 46, 45, 47, 46, 48, 47, 49, 48, 50, 49, 51, 50, 52, 51, 53, 52, 54, 53, 55, 54, 56, 55, 57, 56, 58, 57, 59, 58, 60, 59, 61, 50, 62, 61, 63, 61, 64, 61, 10, 19, 12, 17, 42, 51, 44, 49]",-4.6744729174
65,132,"[5, 1, 1, 1, 1, 1, 1, 1, 1, 1, 1, 1, 1, 1, 1, 1, 1, 1, 1, 1, 1, 1, 1, 1, 1, 1, 1, 1, 1, 8, 3, 3, 3, 1, 1, 1, 1, 1, 1, 1, 1, 1, 1, 1, 1, 1, 1, 1, 1, 1, 1, 1, 1, 1, 1, 1, 1, 1, 1, 1, 1, 8, 3, 3, 3]","[1, 1, 1, 1, 1, 1, 1, 1, 1, 1, 1, 1, 1, 1, 1, 1, 1, 1, 3, 3, 3, 3, 3, 3, 3, 3, 3, 3, 3, 3, 3, 3, 3, 3, 3, 3, 1, 1, 1, 1, 1, 1, 1, 1, 1, 1, 1, 1, 1, 1, 1, 1, 1, 1, 1, 1, 1, 1, 2, 2, 2, 2, 1, 1, 1, 1, 1, 1, 1, 1, 1, 1, 1, 1, 1, 1, 1, 1, 1, 1, 3, 3, 3, 3, 3, 3, 3, 3, 3, 3, 3, 3, 3, 3, 3, 3, 3, 3, 1, 1, 1, 1, 1, 1, 1, 1, 1, 1, 1, 1, 1, 1, 1, 1, 1, 1, 1, 1, 1, 1, 2, 2, 2, 2, 3, 3, 3, 3, 3, 3, 3, 3]","[1, 2, 2, 3, 3, 4, 4, 5, 5, 6, 6, 7, 7, 8, 8, 9, 9, 10, 10, 11, 11, 12, 12, 13, 13, 14, 14, 15, 15, 16, 16, 17, 17, 18, 18, 19, 19, 20, 20, 21, 21, 22, 22, 23, 23, 24, 24, 25, 25, 26, 26, 27, 27, 28, 18, 29, 29, 30, 29, 31, 29, 32, 33, 34, 34, 35, 35, 36, 36, 37, 37, 38, 38, 39, 39, 40, 40, 41, 41, 42, 42, 43, 43, 44, 44, 45, 45, 46, 46, 47, 47, 48, 48, 49, 49, 50, 50, 51, 51, 52, 52, 53, 53, 54, 54, 55, 55, 56, 56, 57, 57, 58, 58, 59, 59, 60, 50, 61, 61, 62, 61, 63, 61, 64, 19, 10, 17, 12, 51, 42, 49, 44]","[2, 1, 3, 2, 4, 3, 5, 4, 6, 5, 7, 6, 8, 7, 9, 8, 10, 9, 11, 10, 12, 11, 13, 12, 14, 13, 15, 14, 16, 15, 17, 16, 18, 17, 19, 18, 20, 19, 21, 20, 22, 21, 23, 22, 24, 23, 25, 24, 26, 25, 27, 26, 28, 27, 29, 18, 30, 29, 31, 29, 32, 29, 34, 33, 35, 34, 36, 35, 37, 36, 38, 37, 39, 38, 40, 39, 41, 40, 42, 41, 43, 42, 44, 43, 45, 44, 46, 45, 47, 46, 48, 47, 49, 48, 50, 49, 51, 50, 52, 51, 53, 52, 54, 53, 55, 54, 56, 55, 57, 56, 58, 57, 59, 58, 60, 59, 61, 50, 62, 61, 63, 61, 64, 61, 10, 19, 12, 17, 42, 51, 44, 49]",-4.7884242194
12,24,"[4, 1, 1, 4, 1, 3, 1, 1, 4, 1, 3, 4]","[1, 1, 2, 2, 1, 1, 1, 1, 2, 2, 1, 1, 2, 2, 1, 1, 1, 1, 2, 2, 1, 1, 1, 1]","[0, 1, 1, 2, 2, 3, 2, 4, 4, 5, 4, 6, 6, 7, 7, 8, 7, 9, 9, 10, 6, 11, 9, 1]","[1, 0, 2, 1, 3, 2, 4, 2, 5, 4, 6, 4, 7, 6, 8, 7, 9, 7, 10, 9, 11, 6, 1, 9]",-5.0896861436
8,16,"[3, 1, 1, 1, 1, 3, 1, 1]","[2, 2, 1, 1, 2, 2, 1, 1, 2, 2, 1, 1, 2, 2, 1, 1]","[0, 1, 1, 2, 2, 3, 3, 4, 4, 5, 4, 6, 6, 7, 7, 1]","[1, 0, 2, 1, 3, 2, 4, 3, 5, 4, 6, 4, 7, 6, 1, 7]",-0.89
25,58,"[1, 1, 1, 1, 1, 3, 1, 1, 1, 1, 1, 1, 1, 1, 1, 1, 1, 1, 1, 1, 1, 1, 1, 3, 3]","[1, 1, 1, 1, 1, 1, 1, 1, 2, 2, 1, 1, 2, 2, 1, 1, 1, 1, 1, 1, 1, 1, 1, 1, 1, 1, 1, 1, 1, 1, 1, 1, 1, 1, 1, 1, 1, 1, 1, 1, 1, 1, 1, 1, 2, 2, 1, 1, 1, 1, 1, 1, 1, 1, 1, 1, 1, 1]","[0, 1, 1, 2, 2, 3, 3, 4, 4, 5, 4, 6, 6, 7, 7, 8, 8, 9, 9, 10, 10, 11, 11, 12, 12, 13, 13, 14, 14, 15, 14, 16, 16, 17, 17, 18, 18, 19, 19, 20, 20, 21, 21, 22, 22, 23, 22, 24, 7, 1, 11, 1, 16, 10, 19, 14, 24, 19]","[1, 0, 2, 1, 3, 2, 4, 3, 5, 4, 6, 4, 7, 6, 8, 7, 9, 8, 10, 9, 11, 10, 12, 11, 13, 12, 14, 13, 15, 14, 16, 14, 17, 16, 18, 17, 19, 18, 20, 19, 21, 20, 22, 21, 23, 22, 24, 22, 1, 7, 1, 11, 10, 16, 14, 19, 19, 24]",-4.2250037793
29,66,"[1, 1, 3, 8, 1, 1, 1, 1, 1, 3, 1, 1, 1, 1, 1, 1, 1, 1, 1, 1, 1, 1, 1, 1, 1, 1, 3, 3, 1]","[1, 1, 2, 2, 1, 1, 1, 1, 1, 1, 1, 1, 2, 2, 1, 1, 2, 2, 1, 1, 1, 1, 1, 1, 1, 1, 1, 1, 1, 1, 1, 1, 1, 1, 1, 1, 1, 1, 1, 1, 1, 1, 1, 1, 1, 1, 1, 1, 1, 1, 2, 2, 1, 1, 1, 1, 1, 1, 1, 1, 1, 1, 1, 1, 1, 1]","[0, 1, 1, 2, 1, 3, 3, 4, 4, 5, 5, 6, 6, 7, 7, 8, 8, 9, 8, 10, 10, 11, 11, 12, 12, 13, 12, 14, 14, 15, 15, 16, 16, 17, 17, 18, 17, 19, 19, 20, 20, 21, 21, 22, 22, 23, 23, 24, 24, 25, 25, 26, 25, 27, 19, 28, 28, 4, 12, 6, 28, 14, 22, 17, 27, 22]","[1, 0, 2, 1, 3, 1, 4, 3, 5, 4, 6, 5, 7, 6, 8, 7, 9, 8, 10, 8, 11, 10, 12, 11, 13, 12, 14, 12, 15, 14, 16, 15, 17, 16, 18, 17, 19, 17, 20, 19, 21, 20, 22, 21, 23, 22, 24, 23, 25, 24, 26, 25, 27, 25, 28, 19, 4, 28, 6, 12, 14, 28, 17, 22, 22, 27]",-4.2773
26,54,"[9, 3, 8, 3, 3, 1, 1, 1, 1, 1, 1, 2, 2, 1, 1, 1, 1, 2, 1, 1, 1, 1, 1, 1, 1, 1]","[1, 1, 2, 2, 2, 2, 1, 1, 3, 3, 3, 3, 3, 3, 3, 3, 3, 3, 1, 1, 2, 2, 1, 1, 3, 3, 3, 3, 3, 3, 1, 1, 1, 1, 3, 3, 3, 3, 3, 3, 3, 3, 3, 3, 3, 3, 3, 3, 3, 3, 3, 3, 3, 3]","[1, 2, 2, 3, 2, 4, 2, 5, 5, 6, 6, 7, 7, 8, 8, 9, 9, 10, 9, 11, 11, 12, 12, 13, 13, 14, 14, 15, 15, 16, 16, 17, 17, 18, 18, 19, 19, 20, 20, 21, 21, 22, 22, 23, 16, 24, 24, 25, 10, 5, 25, 13, 23, 18]","[2, 1, 3, 2, 4, 2, 5, 2, 6, 5, 7, 6, 8, 7, 9, 8, 10, 9, 11, 9, 12, 11, 13, 12, 14, 13, 15, 14, 16, 15, 17, 16, 18, 17, 19, 18, 20, 19, 21, 20, 22, 21, 23, 22, 24, 16, 25, 24, 5, 10, 13, 25, 18, 23]",-1.2046860906
24,52,"[3, 2, 3, 1, 1, 1, 1, 1, 1, 2, 2, 1, 1, 1, 1, 2, 1, 1, 1, 1, 1, 1, 1, 1]","[1, 1, 2, 2, 1, 1, 3, 3, 3, 3, 3, 3, 3, 3, 3, 3, 1, 1, 2, 2, 1, 1, 3, 3, 3, 3, 3, 3, 1, 1, 1, 1, 3, 3, 3, 3, 3, 3, 3, 3, 3, 3, 3, 3, 3, 3, 3, 3, 3, 3, 3, 3]","[0, 1, 1, 2, 1, 3, 3, 4, 4, 5, 5, 6, 6, 7, 7, 8, 6, 9, 9, 10, 10, 11, 11, 12, 12, 13, 13, 14, 14, 15, 15, 16, 16, 17, 17, 18, 18, 19, 19, 20, 20, 21, 14, 22, 22, 23, 8, 3, 23, 11, 21, 16]","[1, 0, 2, 1, 3, 1, 4, 3, 5, 4, 6, 5, 7, 6, 8, 7, 9, 6, 10, 9, 11, 10, 12, 11, 13, 12, 14, 13, 15, 14, 16, 15, 17, 16, 18, 17, 19, 18, 20, 19, 21, 20, 22, 14, 23, 22, 3, 8, 11, 23, 16, 21]",-7.5229
16,34,"[8, 1, 2, 1, 1, 1, 1, 1, 1, 2, 1, 1, 1, 1, 1, 1]","[2, 2, 1, 1, 1, 1, 3, 3, 3, 3, 3, 3, 3, 3, 3, 3, 1, 1, 1, 1, 3, 3, 3, 3, 3, 3, 3, 3, 3, 3, 3, 3, 3, 3]","[0, 1, 1, 2, 2, 3, 3, 4, 4, 5, 5, 6, 6, 7, 7, 8, 1, 9, 9, 10, 10, 11, 11, 12, 12, 13, 13, 14, 14, 15, 8, 3, 15, 10]","[1, 0, 2, 1, 3, 2, 4, 3, 5, 4, 6, 5, 7, 6, 8, 7, 9, 1, 10, 9, 11, 10, 12, 11, 13, 12, 14, 13, 15, 14, 3, 8, 10, 15]",-3.9716884266
21,44,"[2, 8, 3, 3, 1, 1, 1, 1, 2, 1, 8, 2, 1, 1, 1, 1, 6, 1, 1, 1, 1]","[1, 1, 2, 2, 2, 2, 1, 1, 3, 3, 3, 3, 3, 3, 1, 1, 1, 1, 2, 2, 1, 1, 1, 1, 3, 3, 3, 3, 3, 3, 1, 1, 3, 3, 3, 3, 3, 3, 3, 3, 3, 3, 3, 3]","[0, 1, 1, 2, 1, 3, 1, 4, 4, 5, 5, 6, 6, 7, 7, 8, 8, 9, 9, 10, 9, 11, 11, 12, 12, 13, 13, 14, 14, 15, 15, 16, 15, 17, 17, 18, 7, 19, 19, 20, 20, 4, 18, 12]","[1, 0, 2, 1, 3, 1, 4, 1, 5, 4, 6, 5, 7, 6, 8, 7, 9, 8, 10, 9, 11, 9, 12, 11, 13, 12, 14, 13, 15, 14, 16, 15, 17, 15, 18, 17, 19, 7, 20, 19, 4, 20, 12, 18]",-2.9899599684
23,50,"[1, 1, 3, 1, 1, 1, 1, 1, 1, 1, 1, 1, 1, 3, 3, 1, 1, 1, 1, 1, 1, 1, 3]","[1, 1, 2, 2, 1, 1, 1, 1, 1, 1, 3, 3, 3, 3, 3, 3, 3, 3, 3, 3, 1, 1, 3, 3, 1, 1, 3, 3, 3, 3, 3, 3, 3, 3, 3, 3, 3, 3, 3, 3, 3, 3, 2, 2, 3, 3, 3, 3, 3, 3]","[0, 1, 1, 2, 1, 3, 3, 4, 4, 5, 5, 6, 6, 7, 7, 8, 8, 9, 9, 10, 4, 11, 11, 12, 12, 13, 12, 14, 14, 15, 15, 16, 16, 17, 17, 18, 18, 19, 19, 20, 20, 21, 21, 22, 10, 5, 21, 11, 20, 15]","[1, 0, 2, 1, 3, 1, 4, 3, 5, 4, 6, 5, 7, 6, 8, 7, 9, 8, 10, 9, 11, 4, 12, 11, 13, 12, 14, 12, 15, 14, 16, 15, 17, 16, 18, 17, 19, 18, 20, 19, 21, 20, 22, 21, 5, 10, 11, 21, 15, 20]",-3.0625087471
24,52,"[1, 1, 3, 1, 1, 1, 1, 1, 1, 4, 1, 1, 1, 1, 3, 3, 1, 1, 1, 1, 1, 1, 1, 3]","[1, 1, 2, 2, 1, 1, 1, 1, 1, 1, 3, 3, 3, 3, 3, 3, 1, 1, 3, 3, 3, 3, 1, 1, 3, 3, 1, 1, 3, 3, 3, 3, 3, 3, 3, 3, 3, 3, 3, 3, 3, 3, 3, 3, 2, 2, 3, 3, 3, 3, 3, 3]","[0, 1, 1, 2, 1, 3, 3, 4, 4, 5, 5, 6, 6, 7, 7, 8, 8, 9, 8, 10, 10, 11, 4, 12, 12, 13, 13, 14, 13, 15, 15, 16, 16, 17, 17, 18, 18, 19, 19, 20, 20, 21, 21, 22, 22, 23, 11, 5, 22, 12, 21, 16]","[1, 0, 2, 1, 3, 1, 4, 3, 5, 4, 6, 5, 7, 6, 8, 7, 9, 8, 10, 8, 11, 10, 12, 4, 13, 12, 14, 13, 15, 13, 16, 15, 17, 16, 18, 17, 19, 18, 20, 19, 21, 20, 22, 21, 23, 22, 5, 11, 12, 22, 16, 21]",-5.836
30,66,"[1, 3, 1, 1, 1, 2, 8, 3, 3, 1, 1, 1, 1, 1, 1, 1, 1, 1, 3, 1, 1, 1, 1, 1, 1, 1, 3, 1, 1, 2]","[1, 1, 1, 1, 3, 3, 3, 3, 1, 1, 1, 1, 2, 2, 2, 2, 1, 1, 3, 3, 3, 3, 3, 3, 1, 1, 3, 3, 3, 3, 3, 3, 1, 1, 2, 2, 1, 1, 3, 3, 3, 3, 3, 3, 3, 3, 3, 3, 1, 1, 2, 2, 1, 1, 3, 3, 1, 1, 3, 3, 3, 3, 3, 3, 3, 3]","[0, 1, 1, 2, 2, 3, 3, 4, 4, 5, 5, 6, 6, 7, 6, 8, 6, 9, 9, 10, 10, 11, 11, 12, 12, 13, 12, 14, 14, 15, 4, 16, 16, 17, 17, 18, 17, 19, 19, 20, 20, 21, 21, 22, 22, 23, 23, 24, 24, 25, 25, 26, 25, 27, 27, 28, 28, 29, 28, 2, 15, 9, 27, 16, 24, 19]","[1, 0, 2, 1, 3, 2, 4, 3, 5, 4, 6, 5, 7, 6, 8, 6, 9, 6, 10, 9, 11, 10, 12, 11, 13, 12, 14, 12, 15, 14, 16, 4, 17, 16, 18, 17, 19, 17, 20, 19, 21, 20, 22, 21, 23, 22, 24, 23, 25, 24, 26, 25, 27, 25, 28, 27, 29, 28, 2, 28, 9, 15, 16, 27, 19, 24]",-5.1125700507
29,64,"[1, 3, 1, 1, 1, 2, 8, 3, 3, 1, 1, 1, 1, 1, 1, 1, 1, 3, 1, 1, 1, 1, 1, 1, 1, 3, 1, 1, 2]","[1, 1, 1, 1, 3, 3, 3, 3, 1, 1, 1, 1, 2, 2, 2, 2, 1, 1, 3, 3, 3, 3, 3, 3, 3, 3, 3, 3, 3, 3, 1, 1, 2, 2, 1, 1, 3, 3, 3, 3, 3, 3, 3, 3, 3, 3, 1, 1, 2, 2, 1, 1, 3, 3, 1, 1, 3, 3, 3, 3, 3, 3, 3, 3]","[0, 1, 1, 2, 2, 3, 3, 4, 4, 5, 5, 6, 6, 7, 6, 8, 6, 9, 9, 10, 10, 11, 11, 12, 12, 13, 13, 14, 4, 15, 15, 16, 16, 17, 16, 18, 18, 19, 19, 20, 20, 21, 21, 22, 22, 23, 23, 24, 24, 25, 24, 26, 26, 27, 27, 28, 27, 2, 14, 9, 26, 15, 23, 18]","[1, 0, 2, 1, 3, 2, 4, 3, 5, 4, 6, 5, 7, 6, 8, 6, 9, 6, 10, 9, 11, 10, 12, 11, 13, 12, 14, 13, 15, 4, 16, 15, 17, 16, 18, 16, 19, 18, 20, 19, 21, 20, 22, 21, 23, 22, 24, 23, 25, 24, 26, 24, 27, 26, 28, 27, 2, 27, 9, 14, 15, 26, 18, 23]",-2.3558504459000003
25,52,"[1, 1, 2, 1, 3, 1, 2, 2, 1, 1, 1, 1, 4, 1, 1, 2, 3, 3, 1, 1, 1, 2, 1, 3, 1]","[1, 1, 1, 1, 1, 1, 2, 2, 1, 1, 2, 2, 1, 1, 1, 1, 3, 3, 3, 3, 3, 3, 1, 1, 3, 3, 3, 3, 1, 1, 1, 1, 2, 2, 1, 1, 2, 2, 1, 1, 4, 4, 1, 1, 2, 2, 1, 1, 1, 1, 3, 3]","[0, 1, 1, 2, 2, 3, 3, 4, 3, 5, 5, 6, 6, 7, 7, 8, 8, 9, 9, 10, 10, 11, 11, 12, 11, 13, 13, 14, 14, 15, 15, 16, 15, 17, 5, 18, 18, 19, 19, 20, 20, 21, 19, 22, 22, 23, 18, 24, 22, 2, 14, 8]","[1, 0, 2, 1, 3, 2, 4, 3, 5, 3, 6, 5, 7, 6, 8, 7, 9, 8, 10, 9, 11, 10, 12, 11, 13, 11, 14, 13, 15, 14, 16, 15, 17, 15, 18, 5, 19, 18, 20, 19, 21, 20, 22, 19, 23, 22, 24, 18, 2, 22, 8, 14]",-4.96733793
22,46,"[1, 2, 1, 3, 1, 2, 2, 1, 1, 1, 1, 4, 1, 4, 1, 1, 1, 1, 2, 1, 3, 1]","[1, 1, 1, 1, 2, 2, 1, 1, 2, 2, 1, 1, 1, 1, 3, 3, 3, 3, 3, 3, 1, 1, 3, 3, 1, 1, 3, 3, 1, 1, 2, 2, 1, 1, 4, 4, 1, 1, 2, 2, 1, 1, 1, 1, 3, 3]","[0, 1, 1, 2, 2, 3, 2, 4, 4, 5, 5, 6, 6, 7, 7, 8, 8, 9, 9, 10, 10, 11, 10, 12, 12, 13, 12, 14, 4, 15, 15, 16, 16, 17, 17, 18, 16, 19, 19, 20, 15, 21, 19, 1, 14, 7]","[1, 0, 2, 1, 3, 2, 4, 2, 5, 4, 6, 5, 7, 6, 8, 7, 9, 8, 10, 9, 11, 10, 12, 10, 13, 12, 14, 12, 15, 4, 16, 15, 17, 16, 18, 17, 19, 16, 20, 19, 21, 15, 1, 19, 7, 14]",-6.9257837823
43,94,"[1, 3, 1, 1, 1, 1, 1, 1, 3, 1, 1, 1, 3, 1, 1, 3, 1, 1, 3, 1, 3, 1, 1, 3, 1, 3, 1, 3, 1, 3, 1, 3, 1, 1, 1, 3, 1, 3, 1, 3, 1, 1, 3]","[1, 1, 1, 1, 3, 3, 3, 3, 3, 3, 3, 3, 3, 3, 1, 1, 1, 1, 1, 1, 1, 1, 2, 2, 1, 1, 3, 3, 1, 1, 3, 3, 3, 3, 1, 1, 1, 1, 1, 1, 1, 1, 1, 1, 1, 1, 1, 1, 1, 1, 1, 1, 1, 1, 1, 1, 1, 1, 1, 1, 1, 1, 1, 1, 1, 1, 1, 1, 1, 1, 1, 1, 1, 1, 1, 1, 1, 1, 3, 3, 3, 3, 1, 1, 3, 3, 1, 1, 3, 3, 1, 1, 1, 1]","[0, 1, 1, 2, 2, 3, 3, 4, 4, 5, 5, 6, 6, 7, 7, 8, 5, 9, 9, 10, 10, 11, 11, 12, 11, 13, 13, 14, 14, 15, 14, 16, 16, 17, 17, 18, 18, 19, 19, 20, 20, 21, 21, 22, 22, 23, 21, 24, 24, 25, 24, 26, 26, 27, 26, 28, 28, 29, 29, 30, 30, 31, 31, 32, 32, 33, 32, 34, 34, 35, 34, 36, 36, 37, 36, 38, 38, 39, 17, 40, 40, 41, 41, 42, 7, 2, 42, 9, 41, 13, 28, 19, 38, 30]","[1, 0, 2, 1, 3, 2, 4, 3, 5, 4, 6, 5, 7, 6, 8, 7, 9, 5, 10, 9, 11, 10, 12, 11, 13, 11, 14, 13, 15, 14, 16, 14, 17, 16, 18, 17, 19, 18, 20, 19, 21, 20, 22, 21, 23, 22, 24, 21, 25, 24, 26, 24, 27, 26, 28, 26, 29, 28, 30, 29, 31, 30, 32, 31, 33, 32, 34, 32, 35, 34, 36, 34, 37, 36, 38, 36, 39, 38, 40, 17, 41, 40, 42, 41, 2, 7, 9, 42, 13, 41, 19, 28, 30, 38]",-5.1858488331
41,90,"[1, 1, 3, 1, 3, 1, 1, 3, 1, 3, 1, 1, 3, 3, 1, 3, 1, 1, 1, 3, 1, 1, 3, 1, 1, 3, 1, 1, 1, 1, 1, 1, 3, 1, 1, 1, 3, 1, 3, 1, 3]","[1, 1, 1, 1, 1, 1, 1, 1, 1, 1, 1, 1, 1, 1, 1, 1, 1, 1, 1, 1, 1, 1, 1, 1, 1, 1, 1, 1, 1, 1, 1, 1, 3, 3, 3, 3, 1, 1, 3, 3, 1, 1, 2, 2, 1, 1, 1, 1, 1, 1, 1, 1, 3, 3, 1, 1, 3, 3, 3, 3, 3, 3, 1, 1, 3, 3, 3, 3, 1, 1, 1, 1, 1, 1, 1, 1, 1, 1, 1, 1, 1, 1, 1, 1, 3, 3, 3, 3, 3, 3]","[0, 1, 1, 2, 2, 3, 3, 4, 4, 5, 5, 6, 6, 7, 6, 8, 8, 9, 8, 10, 10, 11, 11, 12, 10, 13, 13, 14, 14, 15, 15, 16, 16, 17, 17, 18, 18, 19, 18, 20, 20, 21, 21, 22, 21, 23, 23, 24, 24, 25, 25, 26, 26, 27, 24, 28, 28, 29, 29, 30, 30, 31, 31, 32, 31, 33, 33, 34, 3, 35, 35, 36, 35, 37, 37, 38, 37, 39, 39, 40, 39, 1, 14, 5, 27, 16, 26, 20, 34, 28]","[1, 0, 2, 1, 3, 2, 4, 3, 5, 4, 6, 5, 7, 6, 8, 6, 9, 8, 10, 8, 11, 10, 12, 11, 13, 10, 14, 13, 15, 14, 16, 15, 17, 16, 18, 17, 19, 18, 20, 18, 21, 20, 22, 21, 23, 21, 24, 23, 25, 24, 26, 25, 27, 26, 28, 24, 29, 28, 30, 29, 31, 30, 32, 31, 33, 31, 34, 33, 35, 3, 36, 35, 37, 35, 38, 37, 39, 37, 40, 39, 1, 39, 5, 14, 16, 27, 20, 26, 28, 34]",-2.7224387153
17,36,"[3, 1, 1, 1, 1, 1, 1, 1, 1, 3, 1, 1, 1, 1, 1, 1, 1]","[2, 2, 1, 1, 1, 1, 3, 3, 3, 3, 3, 3, 3, 3, 3, 3, 1, 1, 1, 1, 1, 1, 3, 3, 3, 3, 3, 3, 3, 3, 3, 3, 3, 3, 3, 3]","[0, 1, 1, 2, 2, 3, 3, 4, 4, 5, 5, 6, 6, 7, 7, 8, 1, 9, 9, 10, 10, 11, 11, 12, 12, 13, 13, 14, 14, 15, 15, 16, 8, 3, 16, 11]","[1, 0, 2, 1, 3, 2, 4, 3, 5, 4, 6, 5, 7, 6, 8, 7, 9, 1, 10, 9, 11, 10, 12, 11, 13, 12, 14, 13, 15, 14, 16, 15, 3, 8, 11, 16]",-3.863274879700001
22,46,"[3, 1, 3, 1, 1, 1, 1, 1, 1, 1, 1, 3, 8, 3, 3, 3, 1, 1, 1, 1, 1, 1]","[2, 2, 1, 1, 1, 1, 1, 1, 3, 3, 3, 3, 3, 3, 3, 3, 3, 3, 1, 1, 1, 1, 1, 1, 2, 2, 2, 2, 1, 1, 1, 1, 3, 3, 3, 3, 3, 3, 3, 3, 3, 3, 3, 3, 3, 3]","[0, 1, 1, 2, 2, 3, 3, 4, 4, 5, 5, 6, 6, 7, 7, 8, 8, 9, 1, 10, 10, 11, 11, 12, 12, 13, 12, 14, 12, 15, 10, 16, 16, 17, 17, 18, 18, 19, 19, 20, 20, 21, 9, 4, 21, 16]","[1, 0, 2, 1, 3, 2, 4, 3, 5, 4, 6, 5, 7, 6, 8, 7, 9, 8, 10, 1, 11, 10, 12, 11, 13, 12, 14, 12, 15, 12, 16, 10, 17, 16, 18, 17, 19, 18, 20, 19, 21, 20, 4, 9, 16, 21]",-1.5
20,44,"[3, 7, 1, 1, 1, 1, 1, 1, 1, 1, 1, 1, 1, 1, 1, 1, 1, 1, 1, 1]","[2, 2, 1, 1, 3, 3, 3, 3, 3, 3, 3, 3, 3, 3, 1, 1, 3, 3, 3, 3, 3, 3, 3, 3, 3, 3, 1, 1, 3, 3, 3, 3, 3, 3, 3, 3, 3, 3, 3, 3, 3, 3, 3, 3]","[0, 1, 1, 2, 2, 3, 3, 4, 4, 5, 5, 6, 6, 7, 1, 8, 8, 9, 9, 10, 10, 11, 11, 12, 12, 13, 1, 14, 14, 15, 15, 16, 16, 17, 17, 18, 18, 19, 7, 2, 13, 8, 19, 14]","[1, 0, 2, 1, 3, 2, 4, 3, 5, 4, 6, 5, 7, 6, 8, 1, 9, 8, 10, 9, 11, 10, 12, 11, 13, 12, 14, 1, 15, 14, 16, 15, 17, 16, 18, 17, 19, 18, 2, 7, 8, 13, 14, 19]",-2.8774727952
26,56,"[3, 1, 3, 1, 1, 1, 1, 7, 3, 1, 1, 1, 1, 1, 1, 1, 1, 1, 1, 1, 3, 3, 1, 1, 1, 1]","[2, 2, 1, 1, 1, 1, 3, 3, 3, 3, 3, 3, 1, 1, 2, 2, 1, 1, 3, 3, 3, 3, 3, 3, 3, 3, 3, 3, 1, 1, 3, 3, 3, 3, 3, 3, 1, 1, 2, 2, 1, 1, 3, 3, 3, 3, 3, 3, 3, 3, 3, 3, 3, 3, 3, 3]","[0, 1, 1, 2, 1, 3, 3, 4, 4, 5, 5, 6, 6, 7, 7, 8, 7, 9, 9, 10, 10, 11, 11, 12, 12, 13, 13, 14, 7, 15, 15, 16, 16, 17, 17, 18, 18, 19, 19, 20, 19, 21, 18, 22, 22, 23, 6, 24, 24, 25, 25, 3, 14, 9, 23, 15]","[1, 0, 2, 1, 3, 1, 4, 3, 5, 4, 6, 5, 7, 6, 8, 7, 9, 7, 10, 9, 11, 10, 12, 11, 13, 12, 14, 13, 15, 7, 16, 15, 17, 16, 18, 17, 19, 18, 20, 19, 21, 19, 22, 18, 23, 22, 24, 6, 25, 24, 3, 25, 9, 14, 15, 23]",-6.01
10,22,"[1, 1, 1, 1, 1, 1, 2, 2, 2, 1]","[1, 1, 3, 3, 3, 3, 3, 3, 3, 3, 3, 3, 3, 3, 3, 3, 3, 3, 3, 3, 3, 3]","[0, 1, 1, 2, 2, 3, 3, 4, 4, 5, 5, 6, 6, 7, 7, 8, 8, 9, 9, 1, 9, 5]","[1, 0, 2, 1, 3, 2, 4, 3, 5, 4, 6, 5, 7, 6, 8, 7, 9, 8, 1, 9, 5, 9]",-1.5169635388
9,20,"[2, 2, 1, 1, 1, 1, 1, 1, 2]","[3, 3, 3, 3, 3, 3, 3, 3, 3, 3, 3, 3, 3, 3, 3, 3, 3, 3, 3, 3]","[0, 1, 1, 2, 2, 3, 3, 4, 4, 5, 5, 6, 6, 7, 7, 8, 8, 0, 7, 2]","[1, 0, 2, 1, 3, 2, 4, 3, 5, 4, 6, 5, 7, 6, 8, 7, 0, 8, 2, 7]",-0.7794
15,32,"[3, 1, 1, 1, 1, 1, 1, 1, 3, 1, 1, 1, 1, 1, 1]","[1, 1, 1, 1, 1, 1, 1, 1, 1, 1, 1, 1, 1, 1, 2, 2, 1, 1, 3, 3, 3, 3, 3, 3, 3, 3, 3, 3, 1, 1, 3, 3]","[0, 1, 1, 2, 2, 3, 3, 4, 4, 5, 5, 6, 1, 7, 7, 8, 7, 9, 9, 10, 10, 11, 11, 12, 12, 13, 13, 14, 6, 1, 14, 9]","[1, 0, 2, 1, 3, 2, 4, 3, 5, 4, 6, 5, 7, 1, 8, 7, 9, 7, 10, 9, 11, 10, 12, 11, 13, 12, 14, 13, 1, 6, 9, 14]",-2.6647801935
14,30,"[3, 1, 1, 1, 1, 1, 1, 1, 1, 1, 1, 1, 1, 1]","[2, 2, 1, 1, 1, 1, 1, 1, 1, 1, 1, 1, 1, 1, 1, 1, 3, 3, 3, 3, 3, 3, 3, 3, 3, 3, 1, 1, 3, 3]","[0, 1, 1, 2, 2, 3, 3, 4, 4, 5, 5, 6, 6, 7, 1, 8, 8, 9, 9, 10, 10, 11, 11, 12, 12, 13, 7, 2, 13, 8]","[1, 0, 2, 1, 3, 2, 4, 3, 5, 4, 6, 5, 7, 6, 8, 1, 9, 8, 10, 9, 11, 10, 12, 11, 13, 12, 2, 7, 8, 13]",-4.014709734599999
12,26,"[1, 1, 3, 1, 3, 1, 1, 1, 1, 1, 1, 1]","[1, 1, 2, 2, 1, 1, 3, 3, 3, 3, 3, 3, 3, 3, 3, 3, 3, 3, 3, 3, 3, 3, 3, 3, 3, 3]","[0, 1, 1, 2, 1, 3, 3, 4, 4, 5, 5, 6, 6, 7, 7, 8, 8, 9, 9, 10, 10, 11, 11, 3, 10, 5]","[1, 0, 2, 1, 3, 1, 4, 3, 5, 4, 6, 5, 7, 6, 8, 7, 9, 8, 10, 9, 11, 10, 3, 11, 5, 10]",-2.5484883965000003
14,30,"[1, 3, 1, 1, 3, 1, 1, 1, 1, 1, 1, 1, 3, 3]","[1, 1, 1, 1, 3, 3, 3, 3, 3, 3, 3, 3, 3, 3, 3, 3, 3, 3, 3, 3, 1, 1, 1, 1, 2, 2, 3, 3, 3, 3]","[0, 1, 1, 2, 2, 3, 3, 4, 4, 5, 5, 6, 6, 7, 7, 8, 8, 9, 9, 10, 3, 11, 11, 12, 11, 13, 10, 2, 10, 5]","[1, 0, 2, 1, 3, 2, 4, 3, 5, 4, 6, 5, 7, 6, 8, 7, 9, 8, 10, 9, 11, 3, 12, 11, 13, 11, 2, 10, 5, 10]",-2.8857
29,64,"[1, 1, 1, 1, 2, 2, 1, 2, 1, 3, 1, 1, 1, 1, 1, 1, 2, 1, 1, 2, 1, 1, 1, 1, 1, 1, 3, 1, 1]","[1, 1, 1, 1, 1, 1, 1, 1, 3, 3, 3, 3, 3, 3, 3, 3, 2, 2, 1, 1, 3, 3, 3, 3, 3, 3, 3, 3, 3, 3, 1, 1, 1, 1, 1, 1, 1, 1, 1, 1, 1, 1, 1, 1, 3, 3, 3, 3, 3, 3, 1, 1, 3, 3, 3, 3, 3, 3, 3, 3, 1, 1, 3, 3]","[0, 1, 1, 2, 2, 3, 2, 4, 4, 5, 5, 6, 6, 7, 7, 8, 8, 9, 7, 10, 10, 11, 11, 12, 12, 13, 13, 14, 14, 15, 13, 16, 16, 17, 17, 18, 18, 19, 19, 20, 20, 21, 19, 22, 22, 23, 23, 24, 24, 25, 25, 26, 25, 27, 27, 28, 8, 4, 15, 10, 21, 16, 28, 22]","[1, 0, 2, 1, 3, 2, 4, 2, 5, 4, 6, 5, 7, 6, 8, 7, 9, 8, 10, 7, 11, 10, 12, 11, 13, 12, 14, 13, 15, 14, 16, 13, 17, 16, 18, 17, 19, 18, 20, 19, 21, 20, 22, 19, 23, 22, 24, 23, 25, 24, 26, 25, 27, 25, 28, 27, 4, 8, 10, 15, 16, 21, 22, 28]",-4.8285219564
26,58,"[1, 3, 1, 1, 1, 1, 1, 1, 2, 1, 1, 2, 1, 1, 1, 1, 1, 1, 1, 1, 2, 1, 2, 2, 1, 3]","[1, 1, 1, 1, 3, 3, 3, 3, 3, 3, 3, 3, 3, 3, 1, 1, 1, 1, 1, 1, 1, 1, 1, 1, 1, 1, 1, 1, 3, 3, 3, 3, 3, 3, 3, 3, 3, 3, 1, 1, 3, 3, 3, 3, 3, 3, 3, 3, 2, 2, 3, 3, 1, 1, 3, 3, 3, 3]","[0, 1, 1, 2, 2, 3, 3, 4, 4, 5, 5, 6, 6, 7, 5, 8, 8, 9, 9, 10, 10, 11, 11, 12, 12, 13, 11, 14, 14, 15, 15, 16, 16, 17, 17, 18, 18, 19, 17, 20, 20, 21, 21, 22, 22, 23, 23, 24, 24, 25, 7, 2, 13, 8, 19, 14, 24, 20]","[1, 0, 2, 1, 3, 2, 4, 3, 5, 4, 6, 5, 7, 6, 8, 5, 9, 8, 10, 9, 11, 10, 12, 11, 13, 12, 14, 11, 15, 14, 16, 15, 17, 16, 18, 17, 19, 18, 20, 17, 21, 20, 22, 21, 23, 22, 24, 23, 25, 24, 2, 7, 8, 13, 14, 19, 20, 24]",-6.4889092646
38,76,"[9, 9, 9, 3, 8, 3, 3, 1, 1, 1, 1, 1, 1, 1, 1, 1, 3, 1, 2, 2, 1, 1, 1, 1, 1, 1, 1, 1, 1, 1, 8, 3, 3, 3, 8, 3, 3, 3]","[1, 1, 2, 2, 2, 2, 1, 1, 3, 3, 3, 3, 3, 3, 3, 3, 3, 3, 1, 1, 2, 2, 1, 1, 2, 2, 1, 1, 2, 2, 1, 1, 1, 1, 3, 3, 3, 3, 3, 3, 3, 3, 3, 3, 3, 3, 3, 3, 3, 3, 3, 3, 1, 1, 1, 1, 2, 2, 2, 2, 1, 1, 1, 1, 2, 2, 2, 2, 3, 3, 1, 1, 3, 3, 3, 3]","[3, 4, 4, 5, 4, 6, 4, 7, 7, 8, 8, 9, 9, 10, 10, 11, 11, 12, 11, 13, 13, 14, 14, 15, 15, 16, 15, 17, 17, 18, 18, 19, 19, 20, 20, 21, 21, 22, 22, 23, 23, 24, 24, 25, 25, 26, 26, 27, 27, 28, 28, 29, 23, 30, 30, 31, 30, 32, 30, 33, 14, 34, 34, 35, 34, 36, 34, 37, 12, 7, 17, 10, 29, 20, 29, 24]","[4, 3, 5, 4, 6, 4, 7, 4, 8, 7, 9, 8, 10, 9, 11, 10, 12, 11, 13, 11, 14, 13, 15, 14, 16, 15, 17, 15, 18, 17, 19, 18, 20, 19, 21, 20, 22, 21, 23, 22, 24, 23, 25, 24, 26, 25, 27, 26, 28, 27, 29, 28, 30, 23, 31, 30, 32, 30, 33, 30, 34, 14, 35, 34, 36, 34, 37, 34, 7, 12, 10, 17, 20, 29, 24, 29]",-1.0824140873
28,60,"[9, 3, 8, 3, 3, 1, 1, 1, 1, 2, 2, 1, 1, 3, 1, 1, 1, 1, 1, 1, 1, 1, 1, 1, 1, 1, 1, 1]","[1, 1, 2, 2, 2, 2, 1, 1, 3, 3, 3, 3, 3, 3, 1, 1, 1, 1, 2, 2, 1, 1, 2, 2, 1, 1, 2, 2, 1, 1, 3, 3, 3, 3, 3, 3, 3, 3, 3, 3, 3, 3, 3, 3, 3, 3, 3, 3, 3, 3, 3, 3, 3, 3, 1, 1, 3, 3, 3, 3]","[1, 2, 2, 3, 2, 4, 2, 5, 5, 6, 6, 7, 7, 8, 8, 9, 9, 10, 10, 11, 11, 12, 12, 13, 12, 14, 14, 15, 15, 16, 16, 17, 17, 18, 18, 19, 19, 20, 20, 21, 8, 22, 22, 23, 23, 24, 24, 25, 25, 26, 26, 27, 27, 5, 21, 11, 21, 16, 27, 22]","[2, 1, 3, 2, 4, 2, 5, 2, 6, 5, 7, 6, 8, 7, 9, 8, 10, 9, 11, 10, 12, 11, 13, 12, 14, 12, 15, 14, 16, 15, 17, 16, 18, 17, 19, 18, 20, 19, 21, 20, 22, 8, 23, 22, 24, 23, 25, 24, 26, 25, 27, 26, 5, 27, 11, 21, 16, 21, 22, 27]",-2.4263930478
24,52,"[3, 1, 3, 1, 1, 1, 7, 3, 3, 1, 1, 1, 1, 1, 1, 1, 1, 1, 1, 1, 1, 1, 3, 3]","[1, 1, 2, 2, 1, 1, 1, 1, 1, 1, 1, 1, 2, 2, 1, 1, 1, 1, 3, 3, 3, 3, 3, 3, 3, 3, 3, 3, 1, 1, 3, 3, 3, 3, 3, 3, 3, 3, 3, 3, 1, 1, 1, 1, 2, 2, 1, 1, 3, 3, 3, 3]","[0, 1, 1, 2, 1, 3, 3, 4, 4, 5, 5, 6, 6, 7, 6, 8, 8, 9, 9, 10, 10, 11, 11, 12, 12, 13, 13, 14, 14, 15, 15, 16, 16, 17, 17, 18, 18, 19, 19, 20, 4, 21, 21, 22, 21, 23, 20, 6, 14, 9, 20, 15]","[1, 0, 2, 1, 3, 1, 4, 3, 5, 4, 6, 5, 7, 6, 8, 6, 9, 8, 10, 9, 11, 10, 12, 11, 13, 12, 14, 13, 15, 14, 16, 15, 17, 16, 18, 17, 19, 18, 20, 19, 21, 4, 22, 21, 23, 21, 6, 20, 9, 14, 15, 20]",-2.8135095056
30,64,"[3, 1, 1, 3, 1, 3, 1, 1, 1, 7, 3, 3, 1, 1, 1, 1, 1, 1, 1, 1, 1, 1, 1, 1, 1, 3, 3, 1, 1, 3]","[1, 1, 1, 1, 1, 1, 1, 1, 2, 2, 1, 1, 1, 1, 1, 1, 1, 1, 2, 2, 1, 1, 1, 1, 3, 3, 3, 3, 3, 3, 3, 3, 3, 3, 1, 1, 3, 3, 3, 3, 3, 3, 3, 3, 3, 3, 1, 1, 2, 2, 1, 1, 1, 1, 1, 1, 1, 1, 1, 1, 3, 3, 3, 3]","[0, 1, 1, 2, 2, 3, 3, 4, 4, 5, 4, 6, 6, 7, 7, 8, 8, 9, 9, 10, 9, 11, 11, 12, 12, 13, 13, 14, 14, 15, 15, 16, 16, 17, 17, 18, 18, 19, 19, 20, 20, 21, 21, 22, 22, 23, 7, 24, 24, 25, 24, 26, 26, 27, 27, 28, 28, 29, 23, 9, 17, 12, 23, 18]","[1, 0, 2, 1, 3, 2, 4, 3, 5, 4, 6, 4, 7, 6, 8, 7, 9, 8, 10, 9, 11, 9, 12, 11, 13, 12, 14, 13, 15, 14, 16, 15, 17, 16, 18, 17, 19, 18, 20, 19, 21, 20, 22, 21, 23, 22, 24, 7, 25, 24, 26, 24, 27, 26, 28, 27, 29, 28, 9, 23, 12, 17, 18, 23]",-4.4617795617
22,50,"[1, 1, 1, 1, 1, 1, 1, 1, 1, 1, 1, 1, 1, 1, 1, 3, 1, 1, 1, 1, 1, 3]","[1, 1, 1, 1, 1, 1, 1, 1, 1, 1, 1, 1, 1, 1, 1, 1, 1, 1, 2, 2, 1, 1, 1, 1, 2, 2, 1, 1, 1, 1, 1, 1, 1, 1, 1, 1, 1, 1, 1, 1, 1, 1, 1, 1, 1, 1, 1, 1, 1, 1]","[0, 1, 1, 2, 2, 3, 3, 4, 4, 5, 5, 6, 6, 7, 7, 8, 8, 9, 9, 10, 10, 11, 11, 12, 12, 13, 13, 14, 13, 15, 15, 16, 6, 17, 17, 18, 18, 19, 19, 20, 20, 21, 17, 2, 20, 2, 10, 5, 14, 9]","[1, 0, 2, 1, 3, 2, 4, 3, 5, 4, 6, 5, 7, 6, 8, 7, 9, 8, 10, 9, 11, 10, 12, 11, 13, 12, 14, 13, 15, 13, 16, 15, 17, 6, 18, 17, 19, 18, 20, 19, 21, 20, 2, 17, 2, 20, 5, 10, 9, 14]",-4.7025138257
21,48,"[1, 3, 1, 1, 1, 1, 1, 1, 1, 1, 1, 1, 1, 1, 1, 1, 3, 1, 1, 1, 1]","[1, 1, 1, 1, 2, 2, 1, 1, 1, 1, 2, 2, 1, 1, 1, 1, 1, 1, 1, 1, 1, 1, 1, 1, 1, 1, 1, 1, 1, 1, 1, 1, 1, 1, 1, 1, 1, 1, 1, 1, 1, 1, 1, 1, 1, 1, 1, 1]","[0, 1, 1, 2, 2, 3, 3, 4, 4, 5, 5, 6, 6, 7, 7, 8, 8, 9, 9, 10, 10, 11, 11, 12, 12, 13, 13, 14, 13, 15, 15, 16, 15, 17, 17, 18, 18, 19, 6, 20, 20, 2, 10, 5, 19, 9, 19, 13]","[1, 0, 2, 1, 3, 2, 4, 3, 5, 4, 6, 5, 7, 6, 8, 7, 9, 8, 10, 9, 11, 10, 12, 11, 13, 12, 14, 13, 15, 13, 16, 15, 17, 15, 18, 17, 19, 18, 20, 6, 2, 20, 5, 10, 9, 19, 13, 19]",-4.7610719313
16,34,"[3, 1, 1, 1, 1, 1, 1, 1, 3, 3, 1, 1, 1, 1, 1, 1]","[1, 1, 3, 3, 3, 3, 3, 3, 3, 3, 3, 3, 1, 1, 2, 2, 1, 1, 1, 1, 1, 1, 1, 1, 1, 1, 1, 1, 1, 1, 3, 3, 1, 1]","[0, 1, 1, 2, 2, 3, 3, 4, 4, 5, 5, 6, 6, 7, 7, 8, 7, 9, 9, 10, 10, 11, 11, 12, 12, 13, 13, 14, 14, 15, 6, 1, 15, 10]","[1, 0, 2, 1, 3, 2, 4, 3, 5, 4, 6, 5, 7, 6, 8, 7, 9, 7, 10, 9, 11, 10, 12, 11, 13, 12, 14, 13, 15, 14, 1, 6, 10, 15]",-4.5540762927
19,40,"[1, 1, 1, 1, 1, 1, 1, 1, 1, 3, 1, 3, 1, 1, 1, 1, 1, 1, 3]","[1, 1, 1, 1, 1, 1, 1, 1, 1, 1, 1, 1, 1, 1, 1, 1, 1, 1, 1, 1, 2, 2, 1, 1, 3, 3, 3, 3, 3, 3, 3, 3, 3, 3, 1, 1, 1, 1, 3, 3]","[0, 1, 1, 2, 2, 3, 3, 4, 4, 5, 5, 6, 5, 7, 5, 8, 3, 9, 9, 10, 10, 11, 10, 12, 12, 13, 13, 14, 14, 15, 15, 16, 16, 17, 17, 18, 8, 1, 17, 12]","[1, 0, 2, 1, 3, 2, 4, 3, 5, 4, 6, 5, 7, 5, 8, 5, 9, 3, 10, 9, 11, 10, 12, 10, 13, 12, 14, 13, 15, 14, 16, 15, 17, 16, 18, 17, 1, 8, 12, 17]",-5.816819421799999
13,28,"[1, 1, 1, 1, 1, 1, 1, 1, 1, 1, 3, 1, 1]","[1, 1, 1, 1, 1, 1, 1, 1, 1, 1, 2, 2, 1, 1, 1, 1, 1, 1, 2, 2, 1, 1, 1, 1, 1, 1, 1, 1]","[0, 1, 1, 2, 1, 3, 3, 4, 4, 5, 5, 6, 6, 7, 7, 8, 8, 9, 9, 10, 6, 11, 11, 12, 11, 1, 12, 3]","[1, 0, 2, 1, 3, 1, 4, 3, 5, 4, 6, 5, 7, 6, 8, 7, 9, 8, 10, 9, 11, 6, 12, 11, 1, 11, 3, 12]",-3.4657606101
10,22,"[1, 1, 1, 1, 1, 1, 1, 1, 1, 1]","[1, 1, 2, 2, 1, 1, 1, 1, 1, 1, 1, 1, 1, 1, 1, 1, 1, 1, 1, 1, 1, 1]","[0, 1, 1, 2, 2, 3, 3, 4, 4, 5, 5, 6, 6, 7, 7, 8, 7, 9, 6, 1, 7, 4]","[1, 0, 2, 1, 3, 2, 4, 3, 5, 4, 6, 5, 7, 6, 8, 7, 9, 7, 1, 6, 4, 7]",-3.7725704235
59,120,"[9, 9, 9, 1, 1, 2, 1, 1, 1, 1, 1, 1, 8, 3, 3, 1, 1, 3, 8, 3, 3, 3, 1, 2, 1, 4, 2, 1, 2, 1, 1, 1, 1, 1, 3, 1, 2, 2, 1, 1, 1, 1, 3, 1, 1, 1, 8, 3, 3, 3, 1, 1, 1, 1, 8, 3, 3, 3, 2]","[1, 1, 1, 1, 1, 1, 3, 3, 3, 3, 3, 3, 3, 3, 3, 3, 1, 1, 2, 2, 2, 2, 1, 1, 1, 1, 1, 1, 1, 1, 1, 1, 2, 2, 2, 2, 1, 1, 3, 3, 3, 3, 1, 1, 3, 3, 3, 3, 1, 1, 1, 1, 3, 3, 3, 3, 3, 3, 1, 1, 2, 2, 1, 1, 2, 2, 1, 1, 1, 1, 3, 3, 3, 3, 3, 3, 1, 1, 1, 1, 3, 3, 3, 3, 1, 1, 1, 1, 2, 2, 2, 2, 1, 1, 2, 2, 1, 1, 3, 3, 1, 1, 1, 1, 2, 2, 2, 2, 3, 3, 3, 3, 3, 3, 3, 3, 3, 3, 3, 3]","[3, 4, 4, 5, 5, 6, 6, 7, 7, 8, 8, 9, 9, 10, 10, 11, 10, 12, 12, 13, 12, 14, 12, 15, 15, 16, 16, 17, 17, 18, 18, 19, 18, 20, 18, 21, 5, 22, 22, 23, 23, 24, 24, 25, 24, 26, 26, 27, 27, 28, 28, 29, 29, 30, 30, 31, 31, 32, 32, 33, 33, 34, 33, 35, 35, 36, 36, 37, 37, 38, 38, 39, 39, 40, 40, 41, 41, 42, 42, 43, 41, 44, 44, 45, 45, 46, 46, 47, 46, 48, 46, 49, 35, 50, 50, 51, 51, 52, 52, 53, 50, 54, 54, 55, 54, 56, 54, 57, 27, 58, 11, 6, 58, 22, 53, 29, 52, 32, 45, 38]","[4, 3, 5, 4, 6, 5, 7, 6, 8, 7, 9, 8, 10, 9, 11, 10, 12, 10, 13, 12, 14, 12, 15, 12, 16, 15, 17, 16, 18, 17, 19, 18, 20, 18, 21, 18, 22, 5, 23, 22, 24, 23, 25, 24, 26, 24, 27, 26, 28, 27, 29, 28, 30, 29, 31, 30, 32, 31, 33, 32, 34, 33, 35, 33, 36, 35, 37, 36, 38, 37, 39, 38, 40, 39, 41, 40, 42, 41, 43, 42, 44, 41, 45, 44, 46, 45, 47, 46, 48, 46, 49, 46, 50, 35, 51, 50, 52, 51, 53, 52, 54, 50, 55, 54, 56, 54, 57, 54, 58, 27, 6, 11, 22, 58, 29, 53, 32, 52, 38, 45]",-1.1616711076
50,102,"[9, 9, 9, 1, 2, 1, 1, 1, 1, 1, 1, 1, 1, 1, 2, 2, 1, 1, 1, 1, 1, 1, 8, 3, 3, 3, 1, 3, 8, 3, 3, 3, 1, 2, 1, 4, 2, 1, 2, 1, 1, 1, 1, 1, 1, 8, 3, 3, 3, 2]","[1, 1, 1, 1, 3, 3, 3, 3, 3, 3, 3, 3, 3, 3, 1, 1, 2, 2, 1, 1, 2, 2, 1, 1, 1, 1, 3, 3, 3, 3, 3, 3, 3, 3, 3, 3, 1, 1, 1, 1, 2, 2, 2, 2, 1, 1, 2, 2, 1, 1, 1, 1, 2, 2, 2, 2, 1, 1, 3, 3, 3, 3, 1, 1, 3, 3, 3, 3, 1, 1, 1, 1, 3, 3, 3, 3, 3, 3, 3, 3, 3, 3, 1, 1, 1, 1, 2, 2, 2, 2, 3, 3, 3, 3, 1, 1, 3, 3, 3, 3, 3, 3]","[3, 4, 4, 5, 5, 6, 6, 7, 7, 8, 8, 9, 9, 10, 9, 11, 11, 12, 12, 13, 13, 14, 14, 15, 15, 16, 16, 17, 17, 18, 18, 19, 19, 20, 20, 21, 21, 22, 22, 23, 22, 24, 22, 25, 13, 26, 26, 27, 12, 28, 28, 29, 28, 30, 28, 31, 4, 32, 32, 33, 33, 34, 34, 35, 34, 36, 36, 37, 37, 38, 38, 39, 39, 40, 40, 41, 41, 42, 42, 43, 43, 44, 43, 45, 45, 46, 45, 47, 45, 48, 37, 49, 10, 5, 26, 8, 21, 16, 49, 32, 44, 39]","[4, 3, 5, 4, 6, 5, 7, 6, 8, 7, 9, 8, 10, 9, 11, 9, 12, 11, 13, 12, 14, 13, 15, 14, 16, 15, 17, 16, 18, 17, 19, 18, 20, 19, 21, 20, 22, 21, 23, 22, 24, 22, 25, 22, 26, 13, 27, 26, 28, 12, 29, 28, 30, 28, 31, 28, 32, 4, 33, 32, 34, 33, 35, 34, 36, 34, 37, 36, 38, 37, 39, 38, 40, 39, 41, 40, 42, 41, 43, 42, 44, 43, 45, 43, 46, 45, 47, 45, 48, 45, 49, 37, 5, 10, 8, 26, 16, 21, 32, 49, 39, 44]",-0.7520299872
35,76,"[1, 1, 3, 1, 1, 1, 2, 8, 3, 3, 1, 1, 1, 1, 3, 1, 1, 1, 3, 1, 1, 3, 1, 1, 1, 1, 1, 1, 1, 3, 1, 1, 2, 1, 1]","[1, 1, 1, 1, 1, 1, 1, 1, 1, 1, 1, 1, 1, 1, 2, 2, 2, 2, 1, 1, 3, 3, 3, 3, 3, 3, 1, 1, 1, 1, 3, 3, 3, 3, 1, 1, 3, 3, 1, 1, 2, 2, 1, 1, 3, 3, 3, 3, 3, 3, 3, 3, 3, 3, 1, 1, 2, 2, 1, 1, 3, 3, 1, 1, 3, 3, 3, 3, 3, 3, 3, 3, 3, 3, 3, 3]","[0, 1, 1, 2, 2, 3, 3, 4, 4, 5, 5, 6, 6, 7, 7, 8, 7, 9, 7, 10, 10, 11, 11, 12, 12, 13, 13, 14, 14, 15, 15, 16, 16, 17, 17, 18, 17, 19, 19, 20, 20, 21, 20, 22, 22, 23, 23, 24, 24, 25, 25, 26, 26, 27, 27, 28, 28, 29, 28, 30, 30, 31, 31, 32, 13, 33, 33, 34, 34, 10, 31, 15, 30, 19, 27, 22]","[1, 0, 2, 1, 3, 2, 4, 3, 5, 4, 6, 5, 7, 6, 8, 7, 9, 7, 10, 7, 11, 10, 12, 11, 13, 12, 14, 13, 15, 14, 16, 15, 17, 16, 18, 17, 19, 17, 20, 19, 21, 20, 22, 20, 23, 22, 24, 23, 25, 24, 26, 25, 27, 26, 28, 27, 29, 28, 30, 28, 31, 30, 32, 31, 33, 13, 34, 33, 10, 34, 15, 31, 19, 30, 22, 27]",-4.7874700957
25,56,"[2, 1, 1, 3, 1, 1, 1, 1, 1, 1, 1, 1, 3, 1, 1, 3, 1, 1, 1, 1, 1, 1, 1, 3, 1]","[1, 1, 3, 3, 1, 1, 1, 1, 3, 3, 3, 3, 3, 3, 3, 3, 3, 3, 3, 3, 3, 3, 1, 1, 3, 3, 1, 1, 2, 2, 1, 1, 3, 3, 3, 3, 3, 3, 3, 3, 3, 3, 1, 1, 2, 2, 1, 1, 3, 3, 3, 3, 3, 3, 3, 3]","[0, 1, 1, 2, 2, 3, 3, 4, 4, 5, 5, 6, 6, 7, 7, 8, 8, 9, 2, 10, 10, 11, 11, 12, 11, 13, 13, 14, 14, 15, 14, 16, 16, 17, 17, 18, 18, 19, 19, 20, 20, 21, 21, 22, 22, 23, 22, 24, 24, 1, 9, 4, 24, 13, 21, 16]","[1, 0, 2, 1, 3, 2, 4, 3, 5, 4, 6, 5, 7, 6, 8, 7, 9, 8, 10, 2, 11, 10, 12, 11, 13, 11, 14, 13, 15, 14, 16, 14, 17, 16, 18, 17, 19, 18, 20, 19, 21, 20, 22, 21, 23, 22, 24, 22, 1, 24, 4, 9, 13, 24, 16, 21]",-4.2192268325
13,28,"[3, 1, 1, 1, 1, 3, 2, 1, 1, 1, 1, 1, 1]","[2, 2, 1, 1, 2, 2, 1, 1, 2, 2, 1, 1, 1, 1, 3, 3, 3, 3, 3, 3, 3, 3, 3, 3, 1, 1, 3, 3]","[0, 1, 1, 2, 2, 3, 3, 4, 4, 5, 4, 6, 6, 7, 7, 8, 8, 9, 9, 10, 10, 11, 11, 12, 6, 1, 12, 7]","[1, 0, 2, 1, 3, 2, 4, 3, 5, 4, 6, 4, 7, 6, 8, 7, 9, 8, 10, 9, 11, 10, 12, 11, 1, 6, 7, 12]",-2.3273175561
16,34,"[6, 1, 1, 1, 1, 1, 1, 2, 1, 3, 1, 1, 4, 1, 3, 4]","[1, 1, 3, 3, 3, 3, 3, 3, 3, 3, 3, 3, 1, 1, 1, 1, 2, 2, 1, 1, 2, 2, 1, 1, 1, 1, 2, 2, 1, 1, 3, 3, 1, 1]","[0, 1, 1, 2, 2, 3, 3, 4, 4, 5, 5, 6, 4, 7, 7, 8, 8, 9, 8, 10, 10, 11, 11, 12, 11, 13, 13, 14, 10, 15, 6, 1, 13, 7]","[1, 0, 2, 1, 3, 2, 4, 3, 5, 4, 6, 5, 7, 4, 8, 7, 9, 8, 10, 8, 11, 10, 12, 11, 13, 11, 14, 13, 15, 10, 1, 6, 7, 13]",-4.6442
12,26,"[1, 1, 1, 1, 1, 1, 1, 1, 3, 1, 3, 1]","[1, 1, 1, 1, 1, 1, 1, 1, 1, 1, 1, 1, 1, 1, 1, 1, 1, 1, 1, 1, 1, 1, 1, 1, 1, 1]","[0, 1, 1, 2, 1, 3, 3, 4, 4, 5, 5, 6, 6, 7, 6, 8, 6, 9, 9, 10, 9, 11, 8, 3, 11, 3]","[1, 0, 2, 1, 3, 1, 4, 3, 5, 4, 6, 5, 7, 6, 8, 6, 9, 6, 10, 9, 11, 9, 3, 8, 3, 11]",-0.288092629
13,28,"[3, 1, 3, 1, 1, 1, 1, 1, 3, 1, 1, 3, 3]","[1, 1, 2, 2, 1, 1, 1, 1, 1, 1, 1, 1, 1, 1, 1, 1, 1, 1, 1, 1, 1, 1, 2, 2, 1, 1, 1, 1]","[0, 1, 1, 2, 1, 3, 3, 4, 4, 5, 5, 6, 6, 7, 7, 8, 7, 9, 9, 10, 10, 11, 10, 12, 9, 3, 8, 4]","[1, 0, 2, 1, 3, 1, 4, 3, 5, 4, 6, 5, 7, 6, 8, 7, 9, 7, 10, 9, 11, 10, 12, 10, 3, 9, 4, 8]",-0.27
56,118,"[1, 1, 1, 1, 1, 1, 1, 1, 3, 1, 3, 1, 1, 1, 1, 2, 1, 2, 1, 2, 1, 1, 1, 1, 1, 1, 1, 3, 2, 1, 1, 1, 1, 2, 1, 2, 1, 1, 1, 1, 1, 1, 1, 3, 3, 1, 1, 1, 1, 1, 1, 1, 1, 2, 1, 1]","[1, 1, 1, 1, 1, 1, 1, 1, 1, 1, 1, 1, 1, 1, 1, 1, 1, 1, 2, 2, 1, 1, 3, 3, 3, 3, 3, 3, 1, 1, 1, 1, 3, 3, 3, 3, 1, 1, 1, 1, 3, 3, 3, 3, 3, 3, 3, 3, 3, 3, 1, 1, 2, 2, 1, 1, 1, 1, 1, 1, 1, 1, 1, 1, 3, 3, 3, 3, 1, 1, 1, 1, 3, 3, 3, 3, 3, 3, 3, 3, 3, 3, 1, 1, 2, 2, 1, 1, 1, 1, 1, 1, 1, 1, 1, 1, 1, 1, 1, 1, 1, 1, 1, 1, 3, 3, 3, 3, 3, 3, 3, 3, 3, 3, 3, 3, 3, 3]","[0, 1, 1, 2, 2, 3, 3, 4, 4, 5, 5, 6, 4, 7, 7, 8, 8, 9, 9, 10, 9, 11, 11, 12, 12, 13, 13, 14, 14, 15, 15, 16, 16, 17, 17, 18, 18, 19, 19, 20, 20, 21, 21, 22, 22, 23, 23, 24, 24, 25, 23, 26, 26, 27, 26, 28, 28, 29, 29, 30, 29, 31, 29, 32, 18, 33, 33, 34, 34, 35, 35, 36, 36, 37, 37, 38, 38, 39, 39, 40, 40, 41, 39, 42, 42, 43, 42, 44, 44, 45, 45, 46, 46, 47, 47, 48, 46, 49, 49, 50, 50, 51, 51, 52, 34, 53, 14, 54, 54, 55, 55, 11, 53, 16, 25, 20, 41, 36]","[1, 0, 2, 1, 3, 2, 4, 3, 5, 4, 6, 5, 7, 4, 8, 7, 9, 8, 10, 9, 11, 9, 12, 11, 13, 12, 14, 13, 15, 14, 16, 15, 17, 16, 18, 17, 19, 18, 20, 19, 21, 20, 22, 21, 23, 22, 24, 23, 25, 24, 26, 23, 27, 26, 28, 26, 29, 28, 30, 29, 31, 29, 32, 29, 33, 18, 34, 33, 35, 34, 36, 35, 37, 36, 38, 37, 39, 38, 40, 39, 41, 40, 42, 39, 43, 42, 44, 42, 45, 44, 46, 45, 47, 46, 48, 47, 49, 46, 50, 49, 51, 50, 52, 51, 53, 34, 54, 14, 55, 54, 11, 55, 16, 53, 20, 25, 36, 41]",-8.1852587653
60,126,"[1, 1, 1, 1, 1, 1, 1, 1, 3, 1, 3, 1, 1, 1, 1, 2, 1, 2, 1, 2, 1, 1, 1, 1, 1, 1, 1, 3, 3, 1, 1, 1, 1, 1, 1, 1, 1, 2, 1, 2, 1, 1, 1, 1, 1, 1, 1, 3, 3, 1, 1, 1, 1, 1, 1, 1, 1, 2, 1, 1]","[1, 1, 1, 1, 1, 1, 1, 1, 1, 1, 1, 1, 1, 1, 1, 1, 1, 1, 2, 2, 1, 1, 3, 3, 3, 3, 3, 3, 1, 1, 1, 1, 3, 3, 3, 3, 1, 1, 1, 1, 3, 3, 3, 3, 3, 3, 3, 3, 3, 3, 1, 1, 2, 2, 1, 1, 1, 1, 1, 1, 1, 1, 1, 1, 1, 1, 1, 1, 1, 1, 1, 1, 3, 3, 3, 3, 1, 1, 1, 1, 3, 3, 3, 3, 3, 3, 3, 3, 3, 3, 1, 1, 2, 2, 1, 1, 1, 1, 1, 1, 1, 1, 1, 1, 1, 1, 1, 1, 1, 1, 1, 1, 3, 3, 3, 3, 3, 3, 3, 3, 3, 3, 3, 3, 3, 3]","[0, 1, 1, 2, 2, 3, 3, 4, 4, 5, 5, 6, 4, 7, 7, 8, 8, 9, 9, 10, 9, 11, 11, 12, 12, 13, 13, 14, 14, 15, 15, 16, 16, 17, 17, 18, 18, 19, 19, 20, 20, 21, 21, 22, 22, 23, 23, 24, 24, 25, 23, 26, 26, 27, 26, 28, 28, 29, 29, 30, 30, 31, 31, 32, 30, 33, 33, 34, 34, 35, 35, 36, 18, 37, 37, 38, 38, 39, 39, 40, 40, 41, 41, 42, 42, 43, 43, 44, 44, 45, 43, 46, 46, 47, 46, 48, 48, 49, 49, 50, 50, 51, 51, 52, 50, 53, 53, 54, 54, 55, 55, 56, 38, 57, 14, 58, 58, 59, 59, 11, 57, 16, 25, 20, 45, 40]","[1, 0, 2, 1, 3, 2, 4, 3, 5, 4, 6, 5, 7, 4, 8, 7, 9, 8, 10, 9, 11, 9, 12, 11, 13, 12, 14, 13, 15, 14, 16, 15, 17, 16, 18, 17, 19, 18, 20, 19, 21, 20, 22, 21, 23, 22, 24, 23, 25, 24, 26, 23, 27, 26, 28, 26, 29, 28, 30, 29, 31, 30, 32, 31, 33, 30, 34, 33, 35, 34, 36, 35, 37, 18, 38, 37, 39, 38, 40, 39, 41, 40, 42, 41, 43, 42, 44, 43, 45, 44, 46, 43, 47, 46, 48, 46, 49, 48, 50, 49, 51, 50, 52, 51, 53, 50, 54, 53, 55, 54, 56, 55, 57, 38, 58, 14, 59, 58, 11, 59, 16, 57, 20, 25, 40, 45]",-8.2164783763
16,34,"[3, 1, 3, 1, 1, 1, 1, 1, 1, 3, 1, 1, 1, 1, 1, 1]","[2, 2, 1, 1, 1, 1, 3, 3, 3, 3, 3, 3, 3, 3, 3, 3, 1, 1, 1, 1, 3, 3, 3, 3, 3, 3, 3, 3, 3, 3, 3, 3, 3, 3]","[0, 1, 1, 2, 2, 3, 3, 4, 4, 5, 5, 6, 6, 7, 7, 8, 1, 9, 9, 10, 10, 11, 11, 12, 12, 13, 13, 14, 14, 15, 8, 3, 15, 10]","[1, 0, 2, 1, 3, 2, 4, 3, 5, 4, 6, 5, 7, 6, 8, 7, 9, 1, 10, 9, 11, 10, 12, 11, 13, 12, 14, 13, 15, 14, 3, 8, 10, 15]",-4.2169166627
26,54,"[3, 2, 3, 1, 1, 1, 3, 1, 3, 3, 1, 1, 1, 1, 4, 1, 1, 4, 2, 3, 3, 1, 4, 1, 1, 4]","[1, 1, 2, 2, 1, 1, 3, 3, 3, 3, 1, 1, 1, 1, 2, 2, 1, 1, 1, 1, 3, 3, 3, 3, 3, 3, 1, 1, 3, 3, 3, 3, 1, 1, 1, 1, 1, 1, 2, 2, 3, 3, 1, 1, 3, 3, 3, 3, 1, 1, 3, 3, 3, 3]","[0, 1, 1, 2, 1, 3, 3, 4, 4, 5, 5, 6, 6, 7, 7, 8, 7, 9, 9, 10, 10, 11, 11, 12, 12, 13, 13, 14, 13, 15, 15, 16, 16, 17, 12, 18, 18, 19, 18, 20, 5, 21, 21, 22, 21, 23, 23, 24, 24, 25, 24, 3, 16, 10]","[1, 0, 2, 1, 3, 1, 4, 3, 5, 4, 6, 5, 7, 6, 8, 7, 9, 7, 10, 9, 11, 10, 12, 11, 13, 12, 14, 13, 15, 13, 16, 15, 17, 16, 18, 12, 19, 18, 20, 18, 21, 5, 22, 21, 23, 21, 24, 23, 25, 24, 3, 24, 10, 16]",-6.8129074612
42,88,"[9, 9, 3, 8, 3, 3, 1, 1, 1, 1, 2, 2, 1, 1, 1, 1, 3, 1, 2, 2, 1, 1, 1, 1, 1, 1, 1, 1, 1, 1, 8, 3, 3, 3, 1, 3, 1, 1, 1, 1, 1, 1]","[1, 1, 2, 2, 2, 2, 1, 1, 3, 3, 3, 3, 3, 3, 1, 1, 1, 1, 2, 2, 3, 3, 3, 3, 3, 3, 2, 2, 3, 3, 2, 2, 1, 1, 1, 1, 3, 3, 3, 3, 3, 3, 3, 3, 3, 3, 3, 3, 3, 3, 3, 3, 3, 3, 1, 1, 1, 1, 2, 2, 2, 2, 3, 3, 2, 2, 3, 3, 3, 3, 3, 3, 3, 3, 3, 3, 3, 3, 3, 3, 3, 3, 3, 3, 3, 3, 3, 3]","[2, 3, 3, 4, 3, 5, 3, 6, 6, 7, 7, 8, 8, 9, 9, 10, 10, 11, 11, 12, 12, 13, 13, 14, 14, 15, 15, 16, 15, 17, 17, 18, 18, 19, 19, 20, 20, 21, 21, 22, 22, 23, 23, 24, 24, 25, 25, 26, 26, 27, 27, 28, 28, 29, 23, 30, 30, 31, 30, 32, 30, 33, 17, 34, 34, 35, 9, 36, 36, 37, 37, 38, 38, 39, 39, 40, 40, 41, 41, 6, 34, 12, 29, 20, 29, 24, 41, 36]","[3, 2, 4, 3, 5, 3, 6, 3, 7, 6, 8, 7, 9, 8, 10, 9, 11, 10, 12, 11, 13, 12, 14, 13, 15, 14, 16, 15, 17, 15, 18, 17, 19, 18, 20, 19, 21, 20, 22, 21, 23, 22, 24, 23, 25, 24, 26, 25, 27, 26, 28, 27, 29, 28, 30, 23, 31, 30, 32, 30, 33, 30, 34, 17, 35, 34, 36, 9, 37, 36, 38, 37, 39, 38, 40, 39, 41, 40, 6, 41, 12, 34, 20, 29, 24, 29, 36, 41]",-2.6038411441
44,92,"[9, 9, 3, 1, 1, 1, 1, 2, 2, 1, 1, 1, 1, 1, 1, 1, 1, 1, 1, 8, 3, 3, 3, 1, 3, 1, 2, 2, 1, 1, 1, 1, 1, 1, 1, 1, 1, 1, 8, 3, 3, 3, 1, 3]","[1, 1, 1, 1, 3, 3, 3, 3, 2, 2, 1, 1, 1, 1, 3, 3, 3, 3, 3, 3, 3, 3, 3, 3, 3, 3, 3, 3, 3, 3, 3, 3, 1, 1, 1, 1, 2, 2, 2, 2, 3, 3, 2, 2, 3, 3, 2, 2, 1, 1, 1, 1, 3, 3, 3, 3, 3, 3, 3, 3, 3, 3, 3, 3, 3, 3, 3, 3, 3, 3, 1, 1, 1, 1, 2, 2, 2, 2, 3, 3, 2, 2, 3, 3, 3, 3, 3, 3, 3, 3, 3, 3]","[2, 3, 3, 4, 4, 5, 5, 6, 6, 7, 7, 8, 8, 9, 9, 10, 10, 11, 11, 12, 12, 13, 13, 14, 14, 15, 15, 16, 16, 17, 17, 18, 12, 19, 19, 20, 19, 21, 19, 22, 6, 23, 23, 24, 23, 25, 25, 26, 26, 27, 27, 28, 28, 29, 29, 30, 30, 31, 31, 32, 32, 33, 33, 34, 34, 35, 35, 36, 36, 37, 31, 38, 38, 39, 38, 40, 38, 41, 25, 42, 42, 43, 42, 4, 18, 9, 18, 13, 37, 28, 37, 32]","[3, 2, 4, 3, 5, 4, 6, 5, 7, 6, 8, 7, 9, 8, 10, 9, 11, 10, 12, 11, 13, 12, 14, 13, 15, 14, 16, 15, 17, 16, 18, 17, 19, 12, 20, 19, 21, 19, 22, 19, 23, 6, 24, 23, 25, 23, 26, 25, 27, 26, 28, 27, 29, 28, 30, 29, 31, 30, 32, 31, 33, 32, 34, 33, 35, 34, 36, 35, 37, 36, 38, 31, 39, 38, 40, 38, 41, 38, 42, 25, 43, 42, 4, 42, 9, 18, 13, 18, 28, 37, 32, 37]",-0.8171647444
16,34,"[1, 1, 3, 1, 1, 1, 1, 1, 1, 3, 1, 1, 1, 1, 1, 1]","[1, 1, 1, 1, 1, 1, 3, 3, 3, 3, 3, 3, 3, 3, 3, 3, 1, 1, 1, 1, 3, 3, 3, 3, 3, 3, 3, 3, 3, 3, 3, 3, 3, 3]","[0, 1, 1, 2, 2, 3, 3, 4, 4, 5, 5, 6, 6, 7, 7, 8, 0, 9, 9, 10, 10, 11, 11, 12, 12, 13, 13, 14, 14, 15, 8, 3, 15, 10]","[1, 0, 2, 1, 3, 2, 4, 3, 5, 4, 6, 5, 7, 6, 8, 7, 9, 0, 10, 9, 11, 10, 12, 11, 13, 12, 14, 13, 15, 14, 3, 8, 10, 15]",-3.9885265275
22,46,"[0, 1, 1, 1, 0, 1, 3, 1, 1, 3, 1, 1, 0, 1, 1, 0, 1, 1, 0, 1, 0, 1]","[1, 1, 3, 3, 3, 3, 1, 1, 3, 3, 1, 1, 1, 1, 1, 1, 1, 1, 1, 1, 3, 3, 1, 1, 3, 3, 3, 3, 1, 1, 3, 3, 3, 3, 1, 1, 3, 3, 1, 1, 3, 3, 3, 3, 3, 3]","[0, 1, 1, 2, 2, 3, 3, 4, 3, 5, 5, 6, 6, 7, 7, 8, 8, 9, 9, 10, 10, 11, 11, 12, 11, 13, 13, 14, 14, 15, 14, 16, 16, 17, 17, 18, 5, 19, 19, 20, 19, 21, 21, 1, 17, 10]","[1, 0, 2, 1, 3, 2, 4, 3, 5, 3, 6, 5, 7, 6, 8, 7, 9, 8, 10, 9, 11, 10, 12, 11, 13, 11, 14, 13, 15, 14, 16, 14, 17, 16, 18, 17, 19, 5, 20, 19, 21, 19, 1, 21, 10, 17]",-6.5363
12,26,"[1, 1, 1, 1, 1, 1, 1, 1, 1, 3, 1, 1]","[1, 1, 1, 1, 1, 1, 1, 1, 1, 1, 2, 2, 1, 1, 1, 1, 1, 1, 1, 1, 1, 1, 1, 1, 1, 1]","[0, 1, 1, 2, 1, 3, 3, 4, 4, 5, 5, 6, 6, 7, 7, 8, 8, 9, 6, 10, 10, 11, 10, 1, 11, 3]","[1, 0, 2, 1, 3, 1, 4, 3, 5, 4, 6, 5, 7, 6, 8, 7, 9, 8, 10, 6, 11, 10, 1, 10, 3, 11]",-2.6959998037
10,22,"[1, 1, 1, 1, 1, 1, 1, 1, 1, 1]","[1, 1, 2, 2, 1, 1, 1, 1, 1, 1, 1, 1, 1, 1, 1, 1, 1, 1, 1, 1, 1, 1]","[0, 1, 1, 2, 2, 3, 3, 4, 4, 5, 5, 6, 6, 7, 7, 8, 7, 9, 6, 1, 7, 4]","[1, 0, 2, 1, 3, 2, 4, 3, 5, 4, 6, 5, 7, 6, 8, 7, 9, 7, 1, 6, 4, 7]",-4.7725704235
69,138,"[9, 9, 9, 9, 9, 3, 8, 3, 3, 3, 1, 1, 8, 3, 3, 1, 1, 1, 1, 1, 2, 1, 2, 1, 4, 2, 1, 2, 1, 1, 1, 1, 1, 1, 1, 1, 2, 2, 1, 1, 1, 1, 1, 1, 1, 1, 1, 8, 3, 3, 3, 1, 8, 3, 3, 3, 1, 3, 1, 8, 3, 3, 3, 8, 3, 3, 3, 2, 1]","[1, 1, 2, 2, 2, 2, 1, 1, 1, 1, 1, 1, 1, 1, 2, 2, 2, 2, 1, 1, 3, 3, 3, 3, 3, 3, 3, 3, 1, 1, 1, 1, 3, 3, 3, 3, 1, 1, 3, 3, 3, 3, 1, 1, 1, 1, 3, 3, 3, 3, 3, 3, 3, 3, 1, 1, 2, 2, 1, 1, 2, 2, 1, 1, 1, 1, 3, 3, 3, 3, 3, 3, 3, 3, 3, 3, 3, 3, 3, 3, 3, 3, 1, 1, 1, 1, 2, 2, 2, 2, 3, 3, 1, 1, 1, 1, 2, 2, 2, 2, 1, 1, 2, 2, 1, 1, 1, 1, 1, 1, 2, 2, 2, 2, 1, 1, 1, 1, 2, 2, 2, 2, 3, 3, 3, 3, 3, 3, 3, 3, 3, 3, 3, 3, 3, 3, 3, 3]","[5, 6, 6, 7, 6, 8, 6, 9, 9, 10, 10, 11, 11, 12, 12, 13, 12, 14, 12, 15, 15, 16, 16, 17, 17, 18, 18, 19, 19, 20, 20, 21, 21, 22, 22, 23, 23, 24, 23, 25, 25, 26, 26, 27, 27, 28, 28, 29, 29, 30, 30, 31, 31, 32, 32, 33, 33, 34, 34, 35, 35, 36, 36, 37, 37, 38, 38, 39, 39, 40, 40, 41, 41, 42, 42, 43, 43, 44, 44, 45, 45, 46, 46, 47, 47, 48, 47, 49, 47, 50, 42, 51, 51, 52, 52, 53, 52, 54, 52, 55, 35, 56, 56, 57, 56, 58, 34, 59, 59, 60, 59, 61, 59, 62, 30, 63, 63, 64, 63, 65, 63, 66, 26, 67, 19, 68, 68, 15, 67, 21, 58, 28, 58, 32, 51, 38, 46, 41]","[6, 5, 7, 6, 8, 6, 9, 6, 10, 9, 11, 10, 12, 11, 13, 12, 14, 12, 15, 12, 16, 15, 17, 16, 18, 17, 19, 18, 20, 19, 21, 20, 22, 21, 23, 22, 24, 23, 25, 23, 26, 25, 27, 26, 28, 27, 29, 28, 30, 29, 31, 30, 32, 31, 33, 32, 34, 33, 35, 34, 36, 35, 37, 36, 38, 37, 39, 38, 40, 39, 41, 40, 42, 41, 43, 42, 44, 43, 45, 44, 46, 45, 47, 46, 48, 47, 49, 47, 50, 47, 51, 42, 52, 51, 53, 52, 54, 52, 55, 52, 56, 35, 57, 56, 58, 56, 59, 34, 60, 59, 61, 59, 62, 59, 63, 30, 64, 63, 65, 63, 66, 63, 67, 26, 68, 19, 15, 68, 21, 67, 28, 58, 32, 58, 38, 51, 41, 46]",-0.4108977358
55,114,"[9, 9, 9, 1, 1, 2, 1, 1, 1, 1, 1, 1, 1, 2, 1, 4, 2, 1, 2, 1, 1, 1, 1, 1, 1, 1, 1, 2, 2, 1, 1, 1, 1, 1, 1, 1, 1, 1, 1, 8, 3, 3, 3, 1, 3, 1, 8, 3, 3, 3, 8, 3, 3, 3, 2]","[1, 1, 1, 1, 1, 1, 3, 3, 3, 3, 3, 3, 3, 3, 3, 3, 1, 1, 3, 3, 3, 3, 1, 1, 3, 3, 3, 3, 1, 1, 1, 1, 3, 3, 3, 3, 3, 3, 3, 3, 1, 1, 2, 2, 1, 1, 2, 2, 1, 1, 1, 1, 3, 3, 3, 3, 3, 3, 3, 3, 3, 3, 3, 3, 3, 3, 3, 3, 3, 3, 1, 1, 1, 1, 2, 2, 2, 2, 1, 1, 2, 2, 1, 1, 1, 1, 1, 1, 2, 2, 2, 2, 1, 1, 1, 1, 2, 2, 2, 2, 3, 3, 3, 3, 3, 3, 3, 3, 3, 3, 3, 3, 3, 3]","[3, 4, 4, 5, 5, 6, 6, 7, 7, 8, 8, 9, 9, 10, 10, 11, 5, 12, 12, 13, 13, 14, 14, 15, 14, 16, 16, 17, 17, 18, 18, 19, 19, 20, 20, 21, 21, 22, 22, 23, 23, 24, 24, 25, 25, 26, 26, 27, 27, 28, 28, 29, 29, 30, 30, 31, 31, 32, 32, 33, 33, 34, 34, 35, 35, 36, 36, 37, 37, 38, 38, 39, 39, 40, 39, 41, 39, 42, 26, 43, 43, 44, 43, 45, 25, 46, 46, 47, 46, 48, 46, 49, 21, 50, 50, 51, 50, 52, 50, 53, 17, 54, 11, 6, 54, 12, 45, 19, 45, 23, 38, 29, 37, 32]","[4, 3, 5, 4, 6, 5, 7, 6, 8, 7, 9, 8, 10, 9, 11, 10, 12, 5, 13, 12, 14, 13, 15, 14, 16, 14, 17, 16, 18, 17, 19, 18, 20, 19, 21, 20, 22, 21, 23, 22, 24, 23, 25, 24, 26, 25, 27, 26, 28, 27, 29, 28, 30, 29, 31, 30, 32, 31, 33, 32, 34, 33, 35, 34, 36, 35, 37, 36, 38, 37, 39, 38, 40, 39, 41, 39, 42, 39, 43, 26, 44, 43, 45, 43, 46, 25, 47, 46, 48, 46, 49, 46, 50, 21, 51, 50, 52, 50, 53, 50, 54, 17, 6, 11, 12, 54, 19, 45, 23, 45, 29, 38, 32, 37]",-0.4592355493
27,58,"[1, 1, 1, 1, 1, 1, 1, 1, 1, 1, 2, 1, 1, 1, 3, 1, 1, 1, 1, 1, 1, 2, 1, 1, 3, 1, 1]","[1, 1, 1, 1, 1, 1, 1, 1, 3, 3, 3, 3, 3, 3, 3, 3, 3, 3, 1, 1, 1, 1, 1, 1, 1, 1, 2, 2, 1, 1, 3, 3, 3, 3, 3, 3, 3, 3, 3, 3, 1, 1, 1, 1, 1, 1, 1, 1, 1, 1, 1, 1, 3, 3, 3, 3, 1, 1]","[0, 1, 1, 2, 2, 3, 3, 4, 4, 5, 5, 6, 6, 7, 7, 8, 8, 9, 2, 10, 10, 11, 10, 12, 2, 13, 13, 14, 13, 15, 15, 16, 16, 17, 17, 18, 18, 19, 19, 20, 18, 21, 21, 22, 22, 23, 23, 24, 24, 25, 25, 26, 9, 4, 20, 15, 26, 21]","[1, 0, 2, 1, 3, 2, 4, 3, 5, 4, 6, 5, 7, 6, 8, 7, 9, 8, 10, 2, 11, 10, 12, 10, 13, 2, 14, 13, 15, 13, 16, 15, 17, 16, 18, 17, 19, 18, 20, 19, 21, 18, 22, 21, 23, 22, 24, 23, 25, 24, 26, 25, 4, 9, 15, 20, 21, 26]",-4.7932278922
28,60,"[1, 1, 1, 1, 1, 1, 1, 1, 1, 1, 1, 2, 1, 1, 1, 3, 1, 1, 1, 1, 1, 1, 2, 1, 1, 3, 1, 1]","[1, 1, 1, 1, 1, 1, 1, 1, 3, 3, 3, 3, 3, 3, 1, 1, 3, 3, 3, 3, 1, 1, 1, 1, 1, 1, 1, 1, 2, 2, 1, 1, 3, 3, 3, 3, 3, 3, 3, 3, 3, 3, 1, 1, 1, 1, 1, 1, 1, 1, 1, 1, 1, 1, 3, 3, 3, 3, 1, 1]","[0, 1, 1, 2, 2, 3, 3, 4, 4, 5, 5, 6, 6, 7, 7, 8, 7, 9, 9, 10, 2, 11, 11, 12, 11, 13, 2, 14, 14, 15, 14, 16, 16, 17, 17, 18, 18, 19, 19, 20, 20, 21, 19, 22, 22, 23, 23, 24, 24, 25, 25, 26, 26, 27, 10, 4, 21, 16, 27, 22]","[1, 0, 2, 1, 3, 2, 4, 3, 5, 4, 6, 5, 7, 6, 8, 7, 9, 7, 10, 9, 11, 2, 12, 11, 13, 11, 14, 2, 15, 14, 16, 14, 17, 16, 18, 17, 19, 18, 20, 19, 21, 20, 22, 19, 23, 22, 24, 23, 25, 24, 26, 25, 27, 26, 4, 10, 16, 21, 22, 27]",-5.1332331523
10,22,"[1, 1, 1, 1, 1, 1, 1, 1, 1, 1]","[1, 1, 1, 1, 1, 1, 1, 1, 1, 1, 1, 1, 2, 2, 1, 1, 1, 1, 1, 1, 1, 1]","[0, 1, 1, 2, 1, 3, 3, 4, 4, 5, 5, 6, 6, 7, 6, 8, 8, 9, 8, 1, 9, 3]","[1, 0, 2, 1, 3, 1, 4, 3, 5, 4, 6, 5, 7, 6, 8, 6, 9, 8, 1, 8, 3, 9]",-4.2923134549
11,24,"[1, 1, 1, 1, 1, 1, 3, 1, 1, 1, 1]","[1, 1, 1, 1, 1, 1, 1, 1, 1, 1, 1, 1, 1, 1, 2, 2, 1, 1, 1, 1, 1, 1, 1, 1]","[0, 1, 1, 2, 1, 3, 3, 4, 4, 5, 5, 6, 5, 7, 7, 8, 7, 9, 9, 10, 9, 1, 10, 3]","[1, 0, 2, 1, 3, 1, 4, 3, 5, 4, 6, 5, 7, 5, 8, 7, 9, 7, 10, 9, 1, 9, 3, 10]",-2.09612479
32,70,"[3, 1, 1, 1, 1, 1, 3, 1, 1, 1, 1, 2, 3, 1, 3, 1, 2, 1, 1, 3, 3, 1, 1, 1, 1, 3, 1, 3, 1, 1, 1, 1]","[1, 1, 3, 3, 1, 1, 1, 1, 2, 2, 1, 1, 1, 1, 1, 1, 1, 1, 1, 1, 1, 1, 2, 2, 2, 2, 1, 1, 1, 1, 1, 1, 1, 1, 1, 1, 2, 2, 1, 1, 1, 1, 1, 1, 1, 1, 1, 1, 1, 1, 1, 1, 2, 2, 3, 3, 3, 3, 3, 3, 3, 3, 3, 3, 1, 1, 1, 1, 1, 1]","[0, 1, 1, 2, 2, 3, 3, 4, 4, 5, 5, 6, 5, 7, 7, 8, 8, 9, 9, 10, 10, 11, 10, 12, 9, 13, 13, 14, 13, 15, 15, 16, 16, 17, 16, 18, 8, 19, 7, 20, 7, 21, 21, 22, 22, 23, 23, 24, 24, 25, 24, 26, 3, 27, 2, 28, 28, 29, 29, 30, 30, 31, 31, 1, 23, 4, 21, 15, 28, 24]","[1, 0, 2, 1, 3, 2, 4, 3, 5, 4, 6, 5, 7, 5, 8, 7, 9, 8, 10, 9, 11, 10, 12, 10, 13, 9, 14, 13, 15, 13, 16, 15, 17, 16, 18, 16, 19, 8, 20, 7, 21, 7, 22, 21, 23, 22, 24, 23, 25, 24, 26, 24, 27, 3, 28, 2, 29, 28, 30, 29, 31, 30, 1, 31, 4, 23, 15, 21, 24, 28]",-2.93
25,54,"[1, 1, 1, 1, 1, 3, 3, 1, 1, 1, 6, 1, 1, 1, 1, 1, 1, 1, 1, 1, 1, 1, 8, 1, 3]","[1, 1, 2, 2, 1, 1, 1, 1, 1, 1, 2, 2, 1, 1, 3, 3, 3, 3, 1, 1, 3, 3, 3, 3, 3, 3, 1, 1, 2, 2, 1, 1, 3, 3, 3, 3, 3, 3, 3, 3, 3, 3, 1, 1, 1, 1, 2, 2, 1, 1, 3, 3, 3, 3]","[0, 1, 1, 2, 2, 3, 3, 4, 4, 5, 4, 6, 2, 7, 7, 8, 8, 9, 9, 10, 9, 11, 11, 12, 12, 13, 13, 14, 14, 15, 15, 16, 16, 17, 17, 18, 18, 19, 19, 20, 20, 21, 19, 22, 22, 23, 22, 24, 14, 1, 21, 16, 13, 7]","[1, 0, 2, 1, 3, 2, 4, 3, 5, 4, 6, 4, 7, 2, 8, 7, 9, 8, 10, 9, 11, 9, 12, 11, 13, 12, 14, 13, 15, 14, 16, 15, 17, 16, 18, 17, 19, 18, 20, 19, 21, 20, 22, 19, 23, 22, 24, 22, 1, 14, 16, 21, 7, 13]",-4.5
28,60,"[1, 3, 3, 1, 1, 1, 1, 1, 1, 3, 2, 2, 1, 1, 1, 1, 1, 1, 8, 3, 2, 1, 1, 1, 1, 1, 2, 3]","[2, 2, 1, 1, 1, 1, 3, 3, 3, 3, 3, 3, 3, 3, 3, 3, 1, 1, 1, 1, 2, 2, 1, 1, 3, 3, 3, 3, 3, 3, 3, 3, 3, 3, 1, 1, 2, 2, 1, 1, 1, 1, 3, 3, 3, 3, 3, 3, 3, 3, 3, 3, 2, 2, 3, 3, 3, 3, 3, 3]","[0, 1, 0, 2, 0, 3, 3, 4, 4, 5, 5, 6, 6, 7, 7, 8, 8, 9, 5, 10, 10, 11, 11, 12, 12, 13, 13, 14, 14, 15, 15, 16, 16, 17, 15, 18, 18, 19, 18, 20, 20, 21, 21, 22, 22, 23, 23, 24, 24, 25, 25, 26, 18, 27, 8, 3, 17, 12, 26, 21]","[1, 0, 2, 0, 3, 0, 4, 3, 5, 4, 6, 5, 7, 6, 8, 7, 9, 8, 10, 5, 11, 10, 12, 11, 13, 12, 14, 13, 15, 14, 16, 15, 17, 16, 18, 15, 19, 18, 20, 18, 21, 20, 22, 21, 23, 22, 24, 23, 25, 24, 26, 25, 27, 18, 3, 8, 12, 17, 21, 26]",-6.14
16,34,"[1, 1, 1, 1, 1, 1, 2, 2, 1, 1, 2, 1, 1, 1, 2, 2]","[3, 3, 3, 3, 3, 3, 3, 3, 3, 3, 1, 1, 2, 2, 1, 1, 3, 3, 3, 3, 3, 3, 3, 3, 3, 3, 1, 1, 1, 1, 3, 3, 3, 3]","[0, 1, 1, 2, 2, 3, 3, 4, 4, 5, 3, 6, 6, 7, 7, 8, 8, 9, 9, 10, 10, 11, 11, 12, 12, 13, 11, 14, 9, 15, 5, 0, 13, 8]","[1, 0, 2, 1, 3, 2, 4, 3, 5, 4, 6, 3, 7, 6, 8, 7, 9, 8, 10, 9, 11, 10, 12, 11, 13, 12, 14, 11, 15, 9, 0, 5, 8, 13]",-4.19
25,54,"[1, 2, 1, 1, 1, 1, 1, 1, 3, 1, 1, 1, 3, 1, 1, 1, 1, 1, 1, 1, 1, 3, 1, 3, 1]","[3, 3, 3, 3, 3, 3, 3, 3, 3, 3, 3, 3, 3, 3, 1, 1, 1, 1, 3, 3, 3, 3, 1, 1, 1, 1, 1, 1, 1, 1, 3, 3, 3, 3, 3, 3, 3, 3, 3, 3, 1, 1, 1, 1, 1, 1, 1, 1, 3, 3, 3, 3, 3, 3]","[0, 1, 1, 2, 2, 3, 3, 4, 4, 5, 5, 6, 6, 7, 7, 8, 8, 9, 7, 10, 10, 11, 6, 12, 12, 13, 0, 14, 14, 15, 15, 16, 16, 17, 17, 18, 18, 19, 19, 20, 18, 21, 21, 22, 17, 23, 23, 24, 11, 0, 20, 15, 11, 4]","[1, 0, 2, 1, 3, 2, 4, 3, 5, 4, 6, 5, 7, 6, 8, 7, 9, 8, 10, 7, 11, 10, 12, 6, 13, 12, 14, 0, 15, 14, 16, 15, 17, 16, 18, 17, 19, 18, 20, 19, 21, 18, 22, 21, 23, 17, 24, 23, 0, 11, 15, 20, 4, 11]",-3.87
33,72,"[3, 1, 1, 1, 3, 1, 1, 1, 1, 1, 1, 2, 3, 1, 3, 1, 2, 1, 1, 3, 3, 1, 1, 3, 3, 1, 1, 3, 1, 1, 1, 1, 1]","[1, 1, 3, 3, 1, 1, 1, 1, 2, 2, 1, 1, 1, 1, 1, 1, 1, 1, 1, 1, 1, 1, 2, 2, 2, 2, 1, 1, 1, 1, 1, 1, 1, 1, 1, 1, 2, 2, 1, 1, 1, 1, 1, 1, 1, 1, 2, 2, 1, 1, 1, 1, 1, 1, 1, 1, 3, 3, 3, 3, 3, 3, 3, 3, 3, 3, 1, 1, 1, 1, 1, 1]","[0, 1, 1, 2, 2, 3, 3, 4, 3, 5, 5, 6, 6, 7, 7, 8, 8, 9, 9, 10, 10, 11, 10, 12, 9, 13, 13, 14, 13, 15, 15, 16, 16, 17, 16, 18, 8, 19, 7, 20, 7, 21, 21, 22, 22, 23, 6, 24, 5, 25, 25, 26, 26, 27, 26, 28, 2, 29, 29, 30, 30, 31, 31, 32, 32, 1, 21, 15, 25, 22, 29, 26]","[1, 0, 2, 1, 3, 2, 4, 3, 5, 3, 6, 5, 7, 6, 8, 7, 9, 8, 10, 9, 11, 10, 12, 10, 13, 9, 14, 13, 15, 13, 16, 15, 17, 16, 18, 16, 19, 8, 20, 7, 21, 7, 22, 21, 23, 22, 24, 6, 25, 5, 26, 25, 27, 26, 28, 26, 29, 2, 30, 29, 31, 30, 32, 31, 1, 32, 15, 21, 22, 25, 26, 29]",-3.09
24,56,"[3, 1, 1, 2, 1, 1, 1, 1, 1, 1, 1, 1, 1, 1, 1, 1, 3, 1, 3, 1, 1, 1, 1, 3]","[1, 1, 1, 1, 1, 1, 1, 1, 1, 1, 2, 2, 1, 1, 1, 1, 1, 1, 1, 1, 1, 1, 3, 3, 3, 3, 3, 3, 3, 3, 1, 1, 3, 3, 1, 1, 1, 1, 1, 1, 1, 1, 1, 1, 2, 2, 1, 1, 1, 1, 1, 1, 1, 1, 3, 3]","[0, 1, 1, 2, 2, 3, 3, 4, 4, 5, 5, 6, 3, 7, 7, 8, 2, 9, 1, 10, 10, 11, 11, 12, 12, 13, 13, 14, 14, 15, 15, 16, 15, 17, 17, 18, 18, 19, 19, 20, 20, 21, 21, 22, 20, 23, 22, 1, 10, 8, 12, 9, 19, 10, 17, 11]","[1, 0, 2, 1, 3, 2, 4, 3, 5, 4, 6, 5, 7, 3, 8, 7, 9, 2, 10, 1, 11, 10, 12, 11, 13, 12, 14, 13, 15, 14, 16, 15, 17, 15, 18, 17, 19, 18, 20, 19, 21, 20, 22, 21, 23, 20, 1, 22, 8, 10, 9, 12, 10, 19, 11, 17]",-2.9
11,24,"[2, 1, 2, 1, 2, 1, 2, 2, 1, 3, 1]","[3, 3, 3, 3, 3, 3, 3, 3, 3, 3, 1, 1, 3, 3, 3, 3, 2, 2, 3, 3, 3, 3, 3, 3]","[0, 1, 1, 2, 2, 3, 3, 4, 4, 5, 5, 6, 5, 7, 7, 8, 8, 9, 8, 10, 10, 0, 10, 3]","[1, 0, 2, 1, 3, 2, 4, 3, 5, 4, 6, 5, 7, 5, 8, 7, 9, 8, 10, 8, 0, 10, 3, 10]",-4.43
31,66,"[3, 1, 2, 1, 1, 1, 1, 1, 1, 2, 8, 3, 1, 1, 1, 1, 1, 1, 2, 1, 1, 1, 2, 1, 1, 2, 1, 3, 1, 1, 3]","[2, 2, 1, 1, 1, 1, 1, 1, 1, 1, 1, 1, 1, 1, 1, 1, 1, 1, 1, 1, 2, 2, 1, 1, 3, 3, 3, 3, 3, 3, 1, 1, 1, 1, 1, 1, 1, 1, 1, 1, 3, 3, 3, 3, 3, 3, 3, 3, 3, 3, 1, 1, 2, 2, 3, 3, 3, 3, 2, 2, 1, 1, 3, 3, 3, 3]","[0, 1, 1, 2, 2, 3, 3, 4, 4, 5, 5, 6, 6, 7, 7, 8, 1, 9, 9, 10, 10, 11, 10, 12, 12, 13, 13, 14, 14, 15, 15, 16, 16, 17, 17, 18, 18, 19, 19, 20, 20, 21, 21, 22, 22, 23, 23, 24, 24, 25, 23, 26, 19, 27, 15, 28, 28, 29, 10, 30, 8, 3, 29, 12, 25, 20]","[1, 0, 2, 1, 3, 2, 4, 3, 5, 4, 6, 5, 7, 6, 8, 7, 9, 1, 10, 9, 11, 10, 12, 10, 13, 12, 14, 13, 15, 14, 16, 15, 17, 16, 18, 17, 19, 18, 20, 19, 21, 20, 22, 21, 23, 22, 24, 23, 25, 24, 26, 23, 27, 19, 28, 15, 29, 28, 30, 10, 3, 8, 12, 29, 20, 25]",-5.49
29,62,"[3, 1, 1, 3, 1, 1, 3, 1, 1, 1, 1, 1, 3, 1, 1, 1, 8, 1, 1, 1, 1, 1, 1, 2, 1, 1, 2, 1, 1]","[2, 2, 1, 1, 1, 1, 1, 1, 1, 1, 2, 2, 1, 1, 1, 1, 3, 3, 3, 3, 3, 3, 1, 1, 1, 1, 3, 3, 3, 3, 1, 1, 1, 1, 3, 3, 3, 3, 3, 3, 3, 3, 3, 3, 1, 1, 1, 1, 1, 1, 1, 1, 1, 1, 1, 1, 1, 1, 3, 3, 3, 3]","[0, 1, 1, 2, 2, 3, 3, 4, 4, 5, 4, 6, 2, 7, 7, 8, 8, 9, 9, 10, 10, 11, 11, 12, 12, 13, 11, 14, 14, 15, 7, 16, 16, 17, 17, 18, 18, 19, 19, 20, 20, 21, 21, 22, 22, 23, 23, 24, 24, 25, 25, 26, 26, 27, 26, 28, 23, 1, 15, 8, 22, 17]","[1, 0, 2, 1, 3, 2, 4, 3, 5, 4, 6, 4, 7, 2, 8, 7, 9, 8, 10, 9, 11, 10, 12, 11, 13, 12, 14, 11, 15, 14, 16, 7, 17, 16, 18, 17, 19, 18, 20, 19, 21, 20, 22, 21, 23, 22, 24, 23, 25, 24, 26, 25, 27, 26, 28, 26, 1, 23, 8, 15, 17, 22]",-3.16
26,60,"[1, 2, 1, 1, 1, 1, 1, 2, 1, 1, 1, 1, 1, 2, 1, 1, 1, 3, 3, 1, 3, 1, 1, 1, 1, 6]","[1, 1, 1, 1, 1, 1, 1, 1, 1, 1, 1, 1, 1, 1, 1, 1, 3, 3, 3, 3, 3, 3, 3, 3, 3, 3, 3, 3, 3, 3, 1, 1, 2, 2, 1, 1, 3, 3, 2, 2, 1, 1, 1, 1, 1, 1, 3, 3, 1, 1, 1, 1, 3, 3, 1, 1, 3, 3, 1, 1]","[0, 1, 1, 2, 2, 3, 3, 4, 4, 5, 5, 6, 6, 7, 7, 8, 8, 9, 9, 10, 10, 11, 11, 12, 12, 13, 13, 14, 14, 15, 15, 16, 16, 17, 16, 18, 15, 19, 19, 20, 13, 21, 21, 22, 22, 23, 12, 24, 9, 25, 5, 1, 24, 8, 7, 3, 19, 11, 23, 21]","[1, 0, 2, 1, 3, 2, 4, 3, 5, 4, 6, 5, 7, 6, 8, 7, 9, 8, 10, 9, 11, 10, 12, 11, 13, 12, 14, 13, 15, 14, 16, 15, 17, 16, 18, 16, 19, 15, 20, 19, 21, 13, 22, 21, 23, 22, 24, 12, 25, 9, 1, 5, 8, 24, 3, 7, 11, 19, 21, 23]",-2.9
26,56,"[1, 1, 1, 3, 1, 1, 3, 1, 8, 1, 1, 2, 1, 3, 1, 1, 1, 1, 1, 8, 1, 2, 3, 1, 3, 3]","[2, 2, 1, 1, 1, 1, 1, 1, 1, 1, 2, 2, 1, 1, 1, 1, 1, 1, 1, 1, 1, 1, 1, 1, 2, 2, 1, 1, 1, 1, 3, 3, 3, 3, 3, 3, 3, 3, 1, 1, 1, 1, 2, 2, 1, 1, 1, 1, 2, 2, 1, 1, 1, 1, 3, 3]","[0, 1, 1, 2, 2, 3, 3, 4, 4, 5, 4, 6, 1, 7, 7, 8, 8, 9, 9, 10, 10, 11, 11, 12, 12, 13, 12, 14, 14, 15, 15, 16, 16, 17, 17, 18, 18, 19, 10, 20, 20, 21, 20, 22, 0, 23, 23, 24, 23, 25, 21, 0, 21, 9, 19, 15]","[1, 0, 2, 1, 3, 2, 4, 3, 5, 4, 6, 4, 7, 1, 8, 7, 9, 8, 10, 9, 11, 10, 12, 11, 13, 12, 14, 12, 15, 14, 16, 15, 17, 16, 18, 17, 19, 18, 20, 10, 21, 20, 22, 20, 23, 0, 24, 23, 25, 23, 0, 21, 9, 21, 15, 19]",-2.94
30,66,"[1, 3, 1, 1, 1, 1, 1, 1, 3, 1, 1, 2, 1, 1, 3, 1, 3, 1, 1, 1, 1, 1, 2, 1, 1, 1, 1, 1, 1, 1]","[1, 1, 1, 1, 3, 3, 3, 3, 3, 3, 3, 3, 3, 3, 1, 1, 1, 1, 1, 1, 1, 1, 1, 1, 1, 1, 1, 1, 1, 1, 1, 1, 1, 1, 3, 3, 3, 3, 3, 3, 3, 3, 3, 3, 3, 3, 3, 3, 3, 3, 3, 3, 3, 3, 3, 3, 3, 3, 3, 3, 3, 3, 3, 3, 3, 3]","[0, 1, 1, 2, 2, 3, 3, 4, 4, 5, 5, 6, 6, 7, 7, 8, 8, 9, 9, 10, 10, 11, 11, 12, 12, 13, 13, 14, 13, 15, 15, 16, 16, 17, 17, 18, 18, 19, 19, 20, 20, 21, 21, 22, 22, 23, 23, 24, 24, 25, 25, 26, 26, 27, 27, 28, 28, 29, 7, 2, 29, 17, 29, 21, 28, 23]","[1, 0, 2, 1, 3, 2, 4, 3, 5, 4, 6, 5, 7, 6, 8, 7, 9, 8, 10, 9, 11, 10, 12, 11, 13, 12, 14, 13, 15, 13, 16, 15, 17, 16, 18, 17, 19, 18, 20, 19, 21, 20, 22, 21, 23, 22, 24, 23, 25, 24, 26, 25, 27, 26, 28, 27, 29, 28, 2, 7, 17, 29, 21, 29, 23, 28]",-4.26
21,46,"[1, 2, 1, 1, 1, 1, 1, 1, 1, 3, 1, 3, 1, 1, 3, 1, 1, 1, 1, 1, 1]","[1, 1, 1, 1, 1, 1, 1, 1, 1, 1, 1, 1, 1, 1, 1, 1, 1, 1, 1, 1, 2, 2, 1, 1, 1, 1, 1, 1, 1, 1, 3, 3, 3, 3, 3, 3, 3, 3, 3, 3, 1, 1, 3, 3, 1, 1]","[0, 1, 1, 2, 2, 3, 3, 4, 4, 5, 5, 6, 6, 7, 7, 8, 7, 9, 9, 10, 10, 11, 10, 12, 12, 13, 13, 14, 12, 15, 15, 16, 16, 17, 17, 18, 18, 19, 19, 20, 5, 1, 20, 15, 8, 2]","[1, 0, 2, 1, 3, 2, 4, 3, 5, 4, 6, 5, 7, 6, 8, 7, 9, 7, 10, 9, 11, 10, 12, 10, 13, 12, 14, 13, 15, 12, 16, 15, 17, 16, 18, 17, 19, 18, 20, 19, 1, 5, 15, 20, 2, 8]",-2.0
19,42,"[3, 8, 3, 1, 1, 1, 1, 3, 1, 4, 1, 4, 1, 4, 1, 4, 1, 4, 4]","[2, 2, 1, 1, 1, 1, 1, 1, 1, 1, 1, 1, 1, 1, 1, 1, 1, 1, 1, 1, 1, 1, 2, 2, 1, 1, 1, 1, 1, 1, 1, 1, 1, 1, 1, 1, 1, 1, 1, 1, 1, 1]","[0, 1, 1, 2, 2, 3, 3, 4, 4, 5, 5, 6, 6, 7, 5, 8, 8, 9, 8, 10, 10, 11, 10, 12, 12, 13, 12, 14, 14, 15, 14, 16, 16, 17, 16, 18, 7, 1, 16, 8, 14, 4]","[1, 0, 2, 1, 3, 2, 4, 3, 5, 4, 6, 5, 7, 6, 8, 5, 9, 8, 10, 8, 11, 10, 12, 10, 13, 12, 14, 12, 15, 14, 16, 14, 17, 16, 18, 16, 1, 7, 8, 16, 4, 14]",-6.08
21,48,"[1, 1, 1, 1, 1, 1, 1, 1, 1, 1, 1, 1, 3, 1, 3, 1, 1, 1, 1, 1, 1]","[1, 1, 1, 1, 1, 1, 1, 1, 1, 1, 1, 1, 1, 1, 1, 1, 1, 1, 1, 1, 1, 1, 2, 2, 1, 1, 2, 2, 1, 1, 1, 1, 1, 1, 1, 1, 1, 1, 1, 1, 1, 1, 1, 1, 1, 1, 1, 1]","[0, 1, 1, 2, 2, 3, 3, 4, 4, 5, 5, 6, 6, 7, 7, 8, 8, 9, 9, 10, 10, 11, 11, 12, 11, 13, 13, 14, 13, 15, 15, 16, 16, 17, 16, 18, 18, 19, 19, 20, 5, 1, 18, 6, 20, 1, 16, 9]","[1, 0, 2, 1, 3, 2, 4, 3, 5, 4, 6, 5, 7, 6, 8, 7, 9, 8, 10, 9, 11, 10, 12, 11, 13, 11, 14, 13, 15, 13, 16, 15, 17, 16, 18, 16, 19, 18, 20, 19, 1, 5, 6, 18, 1, 20, 9, 16]",-3.76
22,44,"[4, 1, 4, 4, 1, 2, 1, 3, 2, 1, 1, 2, 1, 1, 1, 2, 1, 3, 1, 4, 4, 4]","[1, 1, 1, 1, 1, 1, 1, 1, 1, 1, 1, 1, 2, 2, 1, 1, 1, 1, 2, 2, 1, 1, 1, 1, 2, 2, 1, 1, 1, 1, 1, 1, 2, 2, 1, 1, 1, 1, 1, 1, 1, 1, 1, 1]","[0, 1, 1, 2, 1, 3, 1, 4, 4, 5, 5, 6, 6, 7, 4, 8, 8, 9, 9, 10, 10, 11, 11, 12, 12, 13, 11, 14, 14, 15, 15, 16, 16, 17, 14, 18, 18, 19, 18, 20, 18, 21, 13, 8]","[1, 0, 2, 1, 3, 1, 4, 1, 5, 4, 6, 5, 7, 6, 8, 4, 9, 8, 10, 9, 11, 10, 12, 11, 13, 12, 14, 11, 15, 14, 16, 15, 17, 16, 18, 14, 19, 18, 20, 18, 21, 18, 8, 13]",-4.19
19,42,"[2, 1, 2, 1, 2, 1, 2, 1, 1, 1, 1, 1, 1, 1, 1, 2, 2, 1, 2]","[1, 1, 3, 3, 3, 3, 1, 1, 3, 3, 3, 3, 3, 3, 1, 1, 3, 3, 3, 3, 3, 3, 3, 3, 3, 3, 3, 3, 1, 1, 3, 3, 3, 3, 3, 3, 3, 3, 3, 3, 3, 3]","[0, 1, 1, 2, 2, 3, 3, 4, 3, 5, 5, 6, 6, 7, 7, 8, 8, 9, 9, 10, 10, 11, 11, 12, 12, 13, 7, 14, 14, 15, 14, 16, 16, 17, 17, 18, 13, 8, 17, 5, 18, 1]","[1, 0, 2, 1, 3, 2, 4, 3, 5, 3, 6, 5, 7, 6, 8, 7, 9, 8, 10, 9, 11, 10, 12, 11, 13, 12, 14, 7, 15, 14, 16, 14, 17, 16, 18, 17, 8, 13, 5, 17, 1, 18]",-2.404
23,48,"[3, 1, 1, 3, 1, 3, 1, 1, 3, 3, 1, 1, 3, 1, 3, 1, 3, 1, 3, 1, 3, 1, 3]","[1, 1, 1, 1, 1, 1, 1, 1, 1, 1, 1, 1, 1, 1, 1, 1, 1, 1, 1, 1, 1, 1, 1, 1, 1, 1, 1, 1, 1, 1, 1, 1, 1, 1, 1, 1, 1, 1, 1, 1, 1, 1, 1, 1, 1, 1, 1, 1]","[0, 1, 1, 2, 2, 3, 3, 4, 4, 5, 5, 6, 6, 7, 7, 8, 6, 9, 9, 10, 10, 11, 11, 12, 10, 13, 13, 14, 13, 15, 15, 16, 4, 17, 17, 18, 17, 19, 19, 20, 19, 21, 21, 22, 15, 6, 21, 2]","[1, 0, 2, 1, 3, 2, 4, 3, 5, 4, 6, 5, 7, 6, 8, 7, 9, 6, 10, 9, 11, 10, 12, 11, 13, 10, 14, 13, 15, 13, 16, 15, 17, 4, 18, 17, 19, 17, 20, 19, 21, 19, 22, 21, 6, 15, 2, 21]",0.79
19,42,"[1, 1, 1, 1, 1, 1, 1, 2, 1, 1, 6, 1, 3, 1, 1, 1, 1, 1, 1]","[1, 1, 3, 3, 3, 3, 3, 3, 3, 3, 3, 3, 1, 1, 1, 1, 1, 1, 1, 1, 1, 1, 2, 2, 1, 1, 3, 3, 3, 3, 3, 3, 3, 3, 3, 3, 3, 3, 1, 1, 3, 3]","[0, 1, 1, 2, 2, 3, 3, 4, 4, 5, 5, 6, 6, 7, 7, 8, 8, 9, 9, 10, 7, 11, 11, 12, 11, 13, 13, 14, 14, 15, 15, 16, 16, 17, 17, 18, 6, 1, 18, 0, 18, 13]","[1, 0, 2, 1, 3, 2, 4, 3, 5, 4, 6, 5, 7, 6, 8, 7, 9, 8, 10, 9, 11, 7, 12, 11, 13, 11, 14, 13, 15, 14, 16, 15, 17, 16, 18, 17, 1, 6, 0, 18, 13, 18]",-3.535
19,42,"[1, 1, 2, 1, 1, 1, 1, 1, 1, 2, 1, 1, 3, 1, 1, 1, 1, 1, 1]","[1, 1, 1, 1, 1, 1, 3, 3, 3, 3, 3, 3, 3, 3, 3, 3, 1, 1, 1, 1, 1, 1, 2, 2, 1, 1, 3, 3, 3, 3, 3, 3, 3, 3, 3, 3, 3, 3, 1, 1, 3, 3]","[0, 1, 1, 2, 2, 3, 3, 4, 4, 5, 5, 6, 6, 7, 7, 8, 8, 9, 9, 10, 9, 11, 11, 12, 11, 13, 13, 14, 14, 15, 15, 16, 16, 17, 17, 18, 8, 3, 18, 2, 18, 13]","[1, 0, 2, 1, 3, 2, 4, 3, 5, 4, 6, 5, 7, 6, 8, 7, 9, 8, 10, 9, 11, 9, 12, 11, 13, 11, 14, 13, 15, 14, 16, 15, 17, 16, 18, 17, 3, 8, 2, 18, 13, 18]",-4.749
19,42,"[1, 1, 2, 1, 1, 1, 1, 1, 1, 2, 1, 1, 8, 1, 1, 1, 1, 2, 1]","[1, 1, 1, 1, 1, 1, 3, 3, 3, 3, 3, 3, 3, 3, 3, 3, 1, 1, 1, 1, 1, 1, 2, 2, 1, 1, 3, 3, 3, 3, 3, 3, 3, 3, 3, 3, 3, 3, 1, 1, 3, 3]","[0, 1, 1, 2, 2, 3, 3, 4, 4, 5, 5, 6, 6, 7, 7, 8, 8, 9, 9, 10, 9, 11, 11, 12, 11, 13, 13, 14, 14, 15, 15, 16, 16, 17, 17, 18, 8, 3, 18, 2, 18, 13]","[1, 0, 2, 1, 3, 2, 4, 3, 5, 4, 6, 5, 7, 6, 8, 7, 9, 8, 10, 9, 11, 9, 12, 11, 13, 11, 14, 13, 15, 14, 16, 15, 17, 16, 18, 17, 3, 8, 2, 18, 13, 18]",-4.706
19,42,"[1, 1, 2, 1, 2, 1, 1, 1, 1, 2, 1, 1, 8, 1, 1, 1, 1, 2, 1]","[1, 1, 1, 1, 1, 1, 3, 3, 3, 3, 3, 3, 3, 3, 3, 3, 1, 1, 1, 1, 1, 1, 2, 2, 1, 1, 3, 3, 3, 3, 3, 3, 3, 3, 3, 3, 3, 3, 1, 1, 3, 3]","[0, 1, 1, 2, 2, 3, 3, 4, 4, 5, 5, 6, 6, 7, 7, 8, 8, 9, 9, 10, 9, 11, 11, 12, 11, 13, 13, 14, 14, 15, 15, 16, 16, 17, 17, 18, 8, 3, 18, 2, 18, 13]","[1, 0, 2, 1, 3, 2, 4, 3, 5, 4, 6, 5, 7, 6, 8, 7, 9, 8, 10, 9, 11, 9, 12, 11, 13, 11, 14, 13, 15, 14, 16, 15, 17, 16, 18, 17, 3, 8, 2, 18, 13, 18]",-4.634
19,42,"[1, 1, 1, 1, 3, 2, 1, 3, 2, 1, 3, 1, 1, 1, 1, 1, 1, 1, 1]","[1, 1, 1, 1, 1, 1, 2, 2, 1, 1, 1, 1, 2, 2, 1, 1, 1, 1, 2, 2, 1, 1, 2, 2, 1, 1, 1, 1, 1, 1, 1, 1, 1, 1, 1, 1, 1, 1, 1, 1, 1, 1]","[0, 1, 1, 2, 2, 3, 3, 4, 3, 5, 5, 6, 6, 7, 6, 8, 8, 9, 9, 10, 2, 11, 11, 12, 12, 13, 13, 14, 14, 15, 15, 16, 16, 17, 17, 18, 9, 2, 17, 11, 18, 14]","[1, 0, 2, 1, 3, 2, 4, 3, 5, 3, 6, 5, 7, 6, 8, 6, 9, 8, 10, 9, 11, 2, 12, 11, 13, 12, 14, 13, 15, 14, 16, 15, 17, 16, 18, 17, 2, 9, 11, 17, 14, 18]",-2.696
22,52,"[1, 1, 1, 1, 1, 1, 1, 1, 1, 1, 1, 1, 1, 1, 1, 1, 1, 1, 1, 1, 1, 1]","[3, 3, 3, 3, 3, 3, 3, 3, 3, 3, 3, 3, 3, 3, 3, 3, 3, 3, 3, 3, 3, 3, 3, 3, 3, 3, 3, 3, 3, 3, 3, 3, 3, 3, 3, 3, 3, 3, 3, 3, 3, 3, 3, 3, 3, 3, 3, 3, 3, 3, 3, 3]","[0, 1, 1, 2, 2, 3, 3, 4, 4, 5, 4, 6, 6, 7, 7, 8, 8, 9, 9, 10, 10, 11, 11, 12, 12, 13, 13, 14, 14, 15, 15, 16, 16, 17, 17, 18, 18, 19, 19, 20, 20, 21, 5, 0, 9, 3, 21, 8, 21, 12, 18, 13]","[1, 0, 2, 1, 3, 2, 4, 3, 5, 4, 6, 4, 7, 6, 8, 7, 9, 8, 10, 9, 11, 10, 12, 11, 13, 12, 14, 13, 15, 14, 16, 15, 17, 16, 18, 17, 19, 18, 20, 19, 21, 20, 0, 5, 3, 9, 8, 21, 12, 21, 13, 18]",-7.87
11,24,"[1, 1, 1, 1, 3, 2, 1, 3, 1, 1, 1]","[2, 2, 1, 1, 1, 1, 2, 2, 1, 1, 1, 1, 2, 2, 1, 1, 1, 1, 2, 2, 1, 1, 1, 1]","[0, 1, 1, 2, 2, 3, 3, 4, 3, 5, 5, 6, 6, 7, 6, 8, 8, 9, 9, 10, 10, 0, 8, 2]","[1, 0, 2, 1, 3, 2, 4, 3, 5, 3, 6, 5, 7, 6, 8, 6, 9, 8, 10, 9, 0, 10, 2, 8]",-2.932
23,50,"[4, 1, 1, 1, 1, 1, 2, 1, 1, 1, 1, 1, 1, 3, 2, 1, 1, 1, 1, 1, 1, 1, 1]","[1, 1, 3, 3, 3, 3, 3, 3, 1, 1, 1, 1, 1, 1, 1, 1, 1, 1, 1, 1, 1, 1, 1, 1, 2, 2, 1, 1, 1, 1, 3, 3, 3, 3, 3, 3, 3, 3, 3, 3, 3, 3, 3, 3, 3, 3, 1, 1, 3, 3]","[0, 1, 1, 2, 2, 3, 3, 4, 4, 5, 5, 6, 6, 7, 7, 8, 8, 9, 9, 10, 10, 11, 6, 12, 12, 13, 12, 14, 14, 15, 15, 16, 16, 17, 17, 18, 18, 19, 19, 20, 4, 21, 21, 22, 22, 1, 11, 7, 20, 15]","[1, 0, 2, 1, 3, 2, 4, 3, 5, 4, 6, 5, 7, 6, 8, 7, 9, 8, 10, 9, 11, 10, 12, 6, 13, 12, 14, 12, 15, 14, 16, 15, 17, 16, 18, 17, 19, 18, 20, 19, 21, 4, 22, 21, 1, 22, 7, 11, 15, 20]",-5.915
39,90,"[3, 1, 1, 1, 1, 1, 1, 1, 1, 1, 1, 1, 1, 1, 1, 1, 1, 1, 1, 1, 1, 2, 1, 3, 2, 1, 3, 1, 1, 1, 1, 1, 1, 1, 1, 1, 1, 1, 2]","[1, 1, 1, 1, 2, 2, 1, 1, 1, 1, 1, 1, 1, 1, 1, 1, 2, 2, 1, 1, 3, 3, 3, 3, 3, 3, 3, 3, 3, 3, 1, 1, 3, 3, 3, 3, 3, 3, 3, 3, 3, 3, 1, 1, 2, 2, 1, 1, 1, 1, 2, 2, 1, 1, 3, 3, 3, 3, 3, 3, 3, 3, 3, 3, 1, 1, 3, 3, 3, 3, 3, 3, 3, 3, 3, 3, 1, 1, 1, 1, 3, 3, 3, 3, 1, 1, 3, 3, 3, 3]","[0, 1, 1, 2, 2, 3, 3, 4, 4, 5, 5, 6, 6, 7, 7, 8, 8, 9, 9, 10, 10, 11, 11, 12, 12, 13, 13, 14, 14, 15, 9, 16, 16, 17, 17, 18, 18, 19, 19, 20, 20, 21, 6, 22, 22, 23, 22, 24, 24, 25, 25, 26, 1, 27, 27, 28, 28, 29, 29, 30, 30, 31, 31, 32, 1, 33, 33, 34, 34, 35, 35, 36, 36, 37, 37, 38, 7, 2, 8, 4, 15, 10, 21, 16, 25, 5, 32, 27, 38, 33]","[1, 0, 2, 1, 3, 2, 4, 3, 5, 4, 6, 5, 7, 6, 8, 7, 9, 8, 10, 9, 11, 10, 12, 11, 13, 12, 14, 13, 15, 14, 16, 9, 17, 16, 18, 17, 19, 18, 20, 19, 21, 20, 22, 6, 23, 22, 24, 22, 25, 24, 26, 25, 27, 1, 28, 27, 29, 28, 30, 29, 31, 30, 32, 31, 33, 1, 34, 33, 35, 34, 36, 35, 37, 36, 38, 37, 2, 7, 4, 8, 10, 15, 16, 21, 5, 25, 27, 32, 33, 38]",-3.931
17,36,"[3, 1, 1, 2, 2, 1, 1, 1, 1, 1, 3, 2, 3, 3, 1, 3, 2]","[2, 2, 1, 1, 1, 1, 1, 1, 2, 2, 1, 1, 3, 3, 3, 3, 3, 3, 3, 3, 1, 1, 1, 1, 2, 2, 1, 1, 2, 2, 1, 1, 3, 3, 1, 1]","[0, 1, 1, 2, 2, 3, 3, 4, 4, 5, 5, 6, 6, 7, 7, 8, 8, 9, 9, 10, 9, 11, 11, 12, 11, 13, 3, 14, 14, 15, 14, 16, 10, 6, 16, 1]","[1, 0, 2, 1, 3, 2, 4, 3, 5, 4, 6, 5, 7, 6, 8, 7, 9, 8, 10, 9, 11, 9, 12, 11, 13, 11, 14, 3, 15, 14, 16, 14, 6, 10, 1, 16]",-3.38
20,46,"[1, 1, 1, 1, 2, 1, 2, 1, 1, 1, 1, 2, 1, 1, 1, 1, 1, 3, 2, 1]","[1, 1, 3, 3, 3, 3, 3, 3, 3, 3, 1, 1, 1, 1, 1, 1, 1, 1, 1, 1, 3, 3, 3, 3, 3, 3, 3, 3, 3, 3, 1, 1, 2, 2, 1, 1, 1, 1, 1, 1, 3, 3, 3, 3, 3, 3]","[0, 1, 1, 2, 2, 3, 3, 4, 4, 5, 5, 6, 6, 7, 7, 8, 8, 9, 6, 10, 10, 11, 11, 12, 12, 13, 13, 14, 14, 15, 15, 16, 16, 17, 16, 18, 18, 19, 9, 7, 15, 10, 19, 1, 19, 5]","[1, 0, 2, 1, 3, 2, 4, 3, 5, 4, 6, 5, 7, 6, 8, 7, 9, 8, 10, 6, 11, 10, 12, 11, 13, 12, 14, 13, 15, 14, 16, 15, 17, 16, 18, 16, 19, 18, 7, 9, 10, 15, 1, 19, 5, 19]",-3.19
14,30,"[1, 1, 3, 1, 1, 3, 1, 1, 1, 3, 3, 1, 1, 1]","[1, 1, 1, 1, 1, 1, 2, 2, 1, 1, 1, 1, 1, 1, 1, 1, 2, 2, 1, 1, 1, 1, 1, 1, 1, 1, 2, 2, 1, 1]","[0, 1, 1, 2, 2, 3, 1, 4, 4, 5, 5, 6, 4, 7, 7, 8, 8, 9, 8, 10, 10, 11, 11, 12, 12, 13, 13, 0, 12, 7]","[1, 0, 2, 1, 3, 2, 4, 1, 5, 4, 6, 5, 7, 4, 8, 7, 9, 8, 10, 8, 11, 10, 12, 11, 13, 12, 0, 13, 7, 12]",-1.899
19,42,"[1, 3, 1, 1, 3, 1, 1, 1, 1, 3, 1, 1, 1, 3, 1, 1, 1, 3, 1]","[1, 1, 1, 1, 3, 3, 3, 3, 3, 3, 3, 3, 3, 3, 3, 3, 1, 1, 1, 1, 3, 3, 3, 3, 2, 2, 3, 3, 3, 3, 1, 1, 3, 3, 3, 3, 3, 3, 3, 3, 3, 3]","[0, 1, 1, 2, 2, 3, 3, 4, 4, 5, 5, 6, 6, 7, 7, 8, 8, 9, 9, 10, 8, 11, 11, 12, 12, 13, 12, 14, 14, 15, 15, 16, 15, 17, 17, 18, 7, 3, 18, 2, 18, 11]","[1, 0, 2, 1, 3, 2, 4, 3, 5, 4, 6, 5, 7, 6, 8, 7, 9, 8, 10, 9, 11, 8, 12, 11, 13, 12, 14, 12, 15, 14, 16, 15, 17, 15, 18, 17, 3, 7, 2, 18, 11, 18]",-3.0210000000000004
19,42,"[1, 1, 3, 1, 1, 3, 1, 1, 1, 3, 1, 1, 1, 3, 1, 1, 1, 3, 1]","[2, 2, 1, 1, 1, 1, 1, 1, 2, 2, 1, 1, 1, 1, 2, 2, 1, 1, 1, 1, 2, 2, 1, 1, 1, 1, 1, 1, 1, 1, 2, 2, 1, 1, 1, 1, 1, 1, 1, 1, 1, 1]","[0, 1, 1, 2, 1, 3, 3, 4, 4, 5, 4, 6, 6, 7, 7, 8, 8, 9, 8, 10, 10, 11, 11, 12, 12, 13, 13, 14, 14, 15, 15, 16, 16, 17, 17, 18, 16, 0, 14, 3, 12, 6]","[1, 0, 2, 1, 3, 1, 4, 3, 5, 4, 6, 4, 7, 6, 8, 7, 9, 8, 10, 8, 11, 10, 12, 11, 13, 12, 14, 13, 15, 14, 16, 15, 17, 16, 18, 17, 0, 16, 3, 14, 6, 12]",-2.943
22,48,"[3, 1, 1, 2, 1, 2, 1, 2, 1, 2, 1, 2, 1, 2, 1, 1, 1, 1, 6, 1, 1, 6]","[1, 1, 1, 1, 1, 1, 3, 3, 3, 3, 3, 3, 3, 3, 1, 1, 1, 1, 3, 3, 3, 3, 3, 3, 3, 3, 1, 1, 3, 3, 3, 3, 3, 3, 1, 1, 3, 3, 3, 3, 1, 1, 3, 3, 3, 3, 3, 3]","[0, 1, 1, 2, 2, 3, 3, 4, 4, 5, 5, 6, 6, 7, 1, 8, 8, 9, 9, 10, 10, 11, 11, 12, 12, 13, 1, 14, 14, 15, 15, 16, 16, 17, 17, 18, 17, 19, 19, 20, 20, 21, 7, 3, 13, 9, 20, 14]","[1, 0, 2, 1, 3, 2, 4, 3, 5, 4, 6, 5, 7, 6, 8, 1, 9, 8, 10, 9, 11, 10, 12, 11, 13, 12, 14, 1, 15, 14, 16, 15, 17, 16, 18, 17, 19, 17, 20, 19, 21, 20, 3, 7, 9, 13, 14, 20]",-1.8
30,70,"[1, 1, 3, 1, 1, 1, 1, 1, 1, 1, 1, 1, 1, 1, 1, 1, 1, 3, 1, 1, 1, 1, 1, 3, 1, 1, 1, 1, 1, 1]","[1, 1, 1, 1, 1, 1, 1, 1, 1, 1, 1, 1, 1, 1, 1, 1, 1, 1, 1, 1, 1, 1, 1, 1, 1, 1, 1, 1, 1, 1, 1, 1, 1, 1, 1, 1, 1, 1, 1, 1, 1, 1, 1, 1, 1, 1, 1, 1, 1, 1, 1, 1, 1, 1, 1, 1, 2, 2, 1, 1, 1, 1, 1, 1, 1, 1, 1, 1, 1, 1]","[0, 1, 1, 2, 1, 3, 3, 4, 4, 5, 5, 6, 5, 7, 7, 8, 8, 9, 9, 10, 10, 11, 11, 12, 11, 13, 13, 14, 13, 15, 15, 16, 16, 17, 17, 18, 18, 19, 19, 20, 19, 21, 21, 22, 22, 23, 23, 24, 24, 25, 25, 26, 26, 27, 27, 28, 28, 29, 29, 0, 29, 5, 27, 8, 26, 11, 24, 13, 22, 16]","[1, 0, 2, 1, 3, 1, 4, 3, 5, 4, 6, 5, 7, 5, 8, 7, 9, 8, 10, 9, 11, 10, 12, 11, 13, 11, 14, 13, 15, 13, 16, 15, 17, 16, 18, 17, 19, 18, 20, 19, 21, 19, 22, 21, 23, 22, 24, 23, 25, 24, 26, 25, 27, 26, 28, 27, 29, 28, 0, 29, 5, 29, 8, 27, 11, 26, 13, 24, 16, 22]",-7.32
13,28,"[3, 1, 2, 1, 3, 1, 1, 1, 1, 1, 1, 3, 2]","[2, 2, 1, 1, 1, 1, 2, 2, 1, 1, 1, 1, 1, 1, 1, 1, 1, 1, 1, 1, 2, 2, 1, 1, 1, 1, 1, 1]","[0, 1, 1, 2, 2, 3, 3, 4, 3, 5, 5, 6, 6, 7, 7, 8, 8, 9, 5, 10, 10, 11, 10, 12, 9, 5, 12, 1]","[1, 0, 2, 1, 3, 2, 4, 3, 5, 3, 6, 5, 7, 6, 8, 7, 9, 8, 10, 5, 11, 10, 12, 10, 5, 9, 1, 12]",-2.349
27,56,"[1, 1, 3, 1, 3, 1, 1, 1, 1, 1, 1, 8, 3, 3, 2, 2, 1, 3, 1, 2, 1, 4, 1, 1, 3, 1, 2]","[1, 1, 1, 1, 1, 1, 2, 2, 1, 1, 3, 3, 3, 3, 3, 3, 3, 3, 3, 3, 1, 1, 2, 2, 2, 2, 1, 1, 1, 1, 1, 1, 2, 2, 1, 1, 3, 3, 3, 3, 1, 1, 3, 3, 3, 3, 1, 1, 1, 1, 3, 3, 3, 3, 3, 3]","[0, 1, 1, 2, 2, 3, 3, 4, 3, 5, 5, 6, 6, 7, 7, 8, 8, 9, 9, 10, 10, 11, 11, 12, 11, 13, 11, 14, 14, 15, 15, 16, 16, 17, 15, 18, 18, 19, 19, 20, 20, 21, 20, 22, 22, 23, 23, 24, 24, 25, 23, 26, 10, 5, 26, 18]","[1, 0, 2, 1, 3, 2, 4, 3, 5, 3, 6, 5, 7, 6, 8, 7, 9, 8, 10, 9, 11, 10, 12, 11, 13, 11, 14, 11, 15, 14, 16, 15, 17, 16, 18, 15, 19, 18, 20, 19, 21, 20, 22, 20, 23, 22, 24, 23, 25, 24, 26, 23, 5, 10, 18, 26]",-4.5760000000000005
26,58,"[3, 1, 1, 1, 1, 1, 1, 1, 1, 1, 1, 1, 1, 4, 1, 1, 1, 3, 1, 1, 1, 1, 1, 1, 1, 3]","[1, 1, 2, 2, 1, 1, 1, 1, 1, 1, 1, 1, 1, 1, 1, 1, 1, 1, 3, 3, 3, 3, 3, 3, 1, 1, 3, 3, 3, 3, 1, 1, 2, 2, 1, 1, 3, 3, 3, 3, 3, 3, 3, 3, 3, 3, 1, 1, 2, 2, 1, 1, 3, 3, 3, 3, 1, 1]","[0, 1, 1, 2, 2, 3, 3, 4, 4, 5, 5, 6, 6, 7, 7, 8, 6, 9, 9, 10, 10, 11, 11, 12, 12, 13, 12, 14, 14, 15, 2, 16, 16, 17, 16, 18, 18, 19, 19, 20, 20, 21, 21, 22, 22, 23, 23, 24, 24, 25, 8, 3, 15, 9, 23, 18, 24, 1]","[1, 0, 2, 1, 3, 2, 4, 3, 5, 4, 6, 5, 7, 6, 8, 7, 9, 6, 10, 9, 11, 10, 12, 11, 13, 12, 14, 12, 15, 14, 16, 2, 17, 16, 18, 16, 19, 18, 20, 19, 21, 20, 22, 21, 23, 22, 24, 23, 25, 24, 3, 8, 9, 15, 18, 23, 1, 24]",-5.931
22,48,"[1, 1, 1, 1, 1, 3, 2, 2, 1, 3, 1, 1, 1, 1, 1, 1, 1, 2, 1, 2, 1, 1]","[1, 1, 1, 1, 1, 1, 1, 1, 2, 2, 1, 1, 1, 1, 1, 1, 2, 2, 1, 1, 3, 3, 3, 3, 1, 1, 3, 3, 3, 3, 3, 3, 1, 1, 2, 2, 1, 1, 1, 1, 1, 1, 1, 1, 3, 3, 1, 1]","[0, 1, 1, 2, 2, 3, 3, 4, 4, 5, 4, 6, 6, 7, 7, 8, 8, 9, 7, 10, 10, 11, 11, 12, 12, 13, 12, 14, 14, 15, 15, 16, 16, 17, 17, 18, 18, 19, 19, 20, 19, 21, 8, 3, 16, 10, 18, 6]","[1, 0, 2, 1, 3, 2, 4, 3, 5, 4, 6, 4, 7, 6, 8, 7, 9, 8, 10, 7, 11, 10, 12, 11, 13, 12, 14, 12, 15, 14, 16, 15, 17, 16, 18, 17, 19, 18, 20, 19, 21, 19, 3, 8, 10, 16, 6, 18]",-3.5380000000000003
32,68,"[3, 1, 1, 3, 1, 3, 1, 1, 3, 1, 3, 1, 1, 2, 1, 1, 1, 1, 1, 1, 1, 3, 1, 3, 1, 3, 1, 3, 1, 3, 1, 3]","[1, 1, 1, 1, 1, 1, 1, 1, 1, 1, 1, 1, 1, 1, 1, 1, 1, 1, 1, 1, 1, 1, 1, 1, 4, 4, 1, 1, 3, 3, 3, 3, 3, 3, 3, 3, 3, 3, 1, 1, 1, 1, 1, 1, 1, 1, 1, 1, 1, 1, 1, 1, 1, 1, 1, 1, 1, 1, 1, 1, 1, 1, 3, 3, 1, 1, 1, 1]","[0, 1, 1, 2, 2, 3, 3, 4, 4, 5, 5, 6, 6, 7, 7, 8, 8, 9, 9, 10, 10, 11, 11, 12, 12, 13, 11, 14, 14, 15, 15, 16, 16, 17, 17, 18, 18, 19, 9, 20, 20, 21, 20, 22, 22, 23, 22, 24, 24, 25, 4, 26, 26, 27, 26, 28, 28, 29, 28, 30, 30, 31, 19, 14, 24, 7, 30, 2]","[1, 0, 2, 1, 3, 2, 4, 3, 5, 4, 6, 5, 7, 6, 8, 7, 9, 8, 10, 9, 11, 10, 12, 11, 13, 12, 14, 11, 15, 14, 16, 15, 17, 16, 18, 17, 19, 18, 20, 9, 21, 20, 22, 20, 23, 22, 24, 22, 25, 24, 26, 4, 27, 26, 28, 26, 29, 28, 30, 28, 31, 30, 14, 19, 7, 24, 2, 30]",-0.77
20,42,"[1, 1, 3, 2, 8, 3, 1, 1, 1, 1, 2, 1, 1, 1, 3, 2, 1, 1, 1, 1]","[1, 1, 2, 2, 1, 1, 1, 1, 2, 2, 1, 1, 3, 3, 3, 3, 3, 3, 1, 1, 3, 3, 3, 3, 1, 1, 3, 3, 3, 3, 3, 3, 1, 1, 3, 3, 1, 1, 3, 3, 3, 3]","[0, 1, 1, 2, 1, 3, 3, 4, 4, 5, 4, 6, 6, 7, 7, 8, 8, 9, 9, 10, 9, 11, 11, 12, 3, 13, 13, 14, 14, 15, 15, 16, 16, 17, 16, 18, 18, 19, 12, 6, 18, 13]","[1, 0, 2, 1, 3, 1, 4, 3, 5, 4, 6, 4, 7, 6, 8, 7, 9, 8, 10, 9, 11, 9, 12, 11, 13, 3, 14, 13, 15, 14, 16, 15, 17, 16, 18, 16, 19, 18, 6, 12, 13, 18]",-3.59
11,24,"[1, 1, 1, 1, 1, 1, 1, 1, 1, 1, 3]","[1, 1, 1, 1, 1, 1, 1, 1, 1, 1, 1, 1, 1, 1, 1, 1, 1, 1, 1, 1, 1, 1, 1, 1]","[0, 1, 1, 2, 2, 3, 3, 4, 4, 5, 5, 6, 4, 7, 7, 8, 7, 9, 7, 10, 6, 1, 10, 1]","[1, 0, 2, 1, 3, 2, 4, 3, 5, 4, 6, 5, 7, 4, 8, 7, 9, 7, 10, 7, 1, 6, 1, 10]",-1.74
25,56,"[3, 1, 1, 3, 1, 3, 1, 2, 2, 1, 1, 1, 1, 1, 1, 1, 1, 2, 1, 1, 1, 1, 1, 1, 2]","[1, 1, 1, 1, 1, 1, 1, 1, 1, 1, 1, 1, 3, 3, 3, 3, 1, 1, 3, 3, 3, 3, 3, 3, 3, 3, 3, 3, 3, 3, 3, 3, 3, 3, 3, 3, 3, 3, 3, 3, 3, 3, 3, 3, 3, 3, 3, 3, 3, 3, 3, 3, 3, 3, 3, 3]","[0, 1, 1, 2, 2, 3, 2, 4, 4, 5, 4, 6, 6, 7, 7, 8, 8, 9, 9, 10, 10, 11, 11, 12, 12, 13, 13, 14, 8, 15, 15, 16, 16, 17, 17, 18, 18, 19, 19, 20, 20, 21, 21, 22, 22, 23, 23, 24, 16, 6, 23, 18, 14, 9, 24, 15]","[1, 0, 2, 1, 3, 2, 4, 2, 5, 4, 6, 4, 7, 6, 8, 7, 9, 8, 10, 9, 11, 10, 12, 11, 13, 12, 14, 13, 15, 8, 16, 15, 17, 16, 18, 17, 19, 18, 20, 19, 21, 20, 22, 21, 23, 22, 24, 23, 6, 16, 18, 23, 9, 14, 15, 24]",-3.13
24,58,"[3, 1, 1, 3, 1, 1, 1, 2, 1, 1, 1, 1, 1, 1, 1, 1, 1, 2, 1, 3, 1, 1, 1, 1]","[2, 2, 1, 1, 1, 1, 1, 1, 1, 1, 1, 1, 1, 1, 1, 1, 1, 1, 1, 1, 1, 1, 3, 3, 3, 3, 3, 3, 3, 3, 3, 3, 1, 1, 1, 1, 2, 2, 1, 1, 2, 2, 1, 1, 1, 1, 1, 1, 1, 1, 1, 1, 1, 1, 3, 3, 1, 1]","[0, 1, 1, 2, 2, 3, 2, 4, 4, 5, 5, 6, 6, 7, 7, 8, 8, 9, 9, 10, 10, 11, 11, 12, 12, 13, 13, 14, 14, 15, 15, 16, 12, 17, 17, 18, 18, 19, 18, 20, 20, 21, 21, 22, 22, 23, 7, 1, 23, 10, 22, 4, 10, 6, 16, 11, 23, 17]","[1, 0, 2, 1, 3, 2, 4, 2, 5, 4, 6, 5, 7, 6, 8, 7, 9, 8, 10, 9, 11, 10, 12, 11, 13, 12, 14, 13, 15, 14, 16, 15, 17, 12, 18, 17, 19, 18, 20, 18, 21, 20, 22, 21, 23, 22, 1, 7, 10, 23, 4, 22, 6, 10, 11, 16, 17, 23]",-2.11
27,62,"[1, 1, 1, 1, 1, 3, 1, 1, 1, 1, 1, 1, 1, 1, 1, 1, 1, 1, 1, 1, 3, 3, 1, 1, 1, 1, 3]","[1, 1, 1, 1, 1, 1, 1, 1, 1, 1, 1, 1, 1, 1, 1, 1, 1, 1, 1, 1, 1, 1, 1, 1, 1, 1, 1, 1, 1, 1, 1, 1, 1, 1, 2, 2, 1, 1, 2, 2, 1, 1, 1, 1, 1, 1, 1, 1, 1, 1, 1, 1, 1, 1, 1, 1, 1, 1, 1, 1, 1, 1]","[0, 1, 1, 2, 2, 3, 3, 4, 4, 5, 4, 6, 6, 7, 7, 8, 8, 9, 9, 10, 10, 11, 11, 12, 12, 13, 13, 14, 14, 15, 14, 16, 16, 17, 17, 18, 18, 19, 19, 20, 19, 21, 21, 22, 16, 23, 23, 24, 24, 25, 25, 26, 7, 1, 25, 10, 11, 1, 25, 14, 22, 17]","[1, 0, 2, 1, 3, 2, 4, 3, 5, 4, 6, 4, 7, 6, 8, 7, 9, 8, 10, 9, 11, 10, 12, 11, 13, 12, 14, 13, 15, 14, 16, 14, 17, 16, 18, 17, 19, 18, 20, 19, 21, 19, 22, 21, 23, 16, 24, 23, 25, 24, 26, 25, 1, 7, 10, 25, 1, 11, 14, 25, 17, 22]",-4.57
23,50,"[1, 3, 1, 1, 1, 3, 1, 1, 4, 1, 1, 1, 3, 1, 3, 1, 1, 1, 1, 3, 1, 1, 3]","[1, 1, 1, 1, 3, 3, 3, 3, 1, 1, 1, 1, 3, 3, 1, 1, 3, 3, 3, 3, 1, 1, 2, 2, 1, 1, 1, 1, 1, 1, 1, 1, 1, 1, 1, 1, 1, 1, 1, 1, 1, 1, 1, 1, 3, 3, 1, 1, 1, 1]","[0, 1, 1, 2, 2, 3, 3, 4, 4, 5, 5, 6, 4, 7, 7, 8, 7, 9, 9, 10, 10, 11, 11, 12, 11, 13, 13, 14, 13, 15, 15, 16, 15, 17, 17, 18, 18, 19, 18, 20, 20, 21, 21, 22, 10, 2, 21, 13, 14, 9]","[1, 0, 2, 1, 3, 2, 4, 3, 5, 4, 6, 5, 7, 4, 8, 7, 9, 7, 10, 9, 11, 10, 12, 11, 13, 11, 14, 13, 15, 13, 16, 15, 17, 15, 18, 17, 19, 18, 20, 18, 21, 20, 22, 21, 2, 10, 13, 21, 9, 14]",-2.34
24,50,"[1, 1, 1, 1, 1, 2, 1, 8, 2, 1, 1, 1, 1, 1, 1, 1, 3, 2, 1, 1, 1, 3, 1, 3]","[1, 1, 1, 1, 1, 1, 1, 1, 1, 1, 1, 1, 2, 2, 1, 1, 1, 1, 3, 3, 3, 3, 3, 3, 3, 3, 3, 3, 1, 1, 2, 2, 1, 1, 1, 1, 1, 1, 1, 1, 1, 1, 1, 1, 1, 1, 3, 3, 1, 1]","[0, 1, 1, 2, 1, 3, 3, 4, 4, 5, 5, 6, 6, 7, 6, 8, 8, 9, 9, 10, 10, 11, 11, 12, 12, 13, 13, 14, 4, 15, 15, 16, 15, 17, 17, 18, 18, 19, 19, 20, 20, 21, 21, 22, 22, 23, 14, 9, 22, 18]","[1, 0, 2, 1, 3, 1, 4, 3, 5, 4, 6, 5, 7, 6, 8, 6, 9, 8, 10, 9, 11, 10, 12, 11, 13, 12, 14, 13, 15, 4, 16, 15, 17, 15, 18, 17, 19, 18, 20, 19, 21, 20, 22, 21, 23, 22, 9, 14, 18, 22]",-2.37
24,50,"[1, 1, 1, 1, 2, 8, 3, 3, 1, 1, 1, 1, 6, 1, 1, 1, 3, 2, 1, 1, 1, 3, 1, 3]","[1, 1, 1, 1, 1, 1, 1, 1, 1, 1, 2, 2, 2, 2, 1, 1, 3, 3, 3, 3, 3, 3, 1, 1, 3, 3, 3, 3, 1, 1, 2, 2, 1, 1, 1, 1, 1, 1, 1, 1, 1, 1, 1, 1, 1, 1, 3, 3, 1, 1]","[0, 1, 1, 2, 1, 3, 3, 4, 4, 5, 5, 6, 5, 7, 5, 8, 8, 9, 9, 10, 10, 11, 11, 12, 11, 13, 13, 14, 3, 15, 15, 16, 15, 17, 17, 18, 18, 19, 19, 20, 20, 21, 21, 22, 22, 23, 14, 8, 22, 18]","[1, 0, 2, 1, 3, 1, 4, 3, 5, 4, 6, 5, 7, 5, 8, 5, 9, 8, 10, 9, 11, 10, 12, 11, 13, 11, 14, 13, 15, 3, 16, 15, 17, 15, 18, 17, 19, 18, 20, 19, 21, 20, 22, 21, 23, 22, 8, 14, 18, 22]",-2.38
19,40,"[3, 1, 3, 1, 1, 1, 1, 3, 2, 1, 2, 1, 3, 1, 1, 1, 1, 3, 3]","[2, 2, 1, 1, 1, 1, 1, 1, 1, 1, 1, 1, 2, 2, 1, 1, 1, 1, 1, 1, 1, 1, 2, 2, 1, 1, 1, 1, 1, 1, 1, 1, 2, 2, 1, 1, 1, 1, 1, 1]","[0, 1, 1, 2, 1, 3, 3, 4, 4, 5, 5, 6, 6, 7, 6, 8, 8, 9, 9, 10, 10, 11, 11, 12, 11, 13, 13, 14, 14, 15, 15, 16, 16, 17, 16, 18, 8, 3, 15, 10]","[1, 0, 2, 1, 3, 1, 4, 3, 5, 4, 6, 5, 7, 6, 8, 6, 9, 8, 10, 9, 11, 10, 12, 11, 13, 11, 14, 13, 15, 14, 16, 15, 17, 16, 18, 16, 3, 8, 10, 15]",-1.31
22,48,"[1, 1, 3, 3, 1, 1, 1, 1, 1, 1, 1, 1, 1, 1, 3, 1, 1, 3, 1, 3, 1, 1]","[1, 1, 2, 2, 1, 1, 1, 1, 1, 1, 1, 1, 1, 1, 1, 1, 1, 1, 1, 1, 1, 1, 2, 2, 1, 1, 2, 2, 1, 1, 1, 1, 1, 1, 1, 1, 2, 2, 1, 1, 1, 1, 1, 1, 1, 1, 1, 1]","[0, 1, 1, 2, 1, 3, 3, 4, 4, 5, 5, 6, 6, 7, 7, 8, 8, 9, 8, 10, 10, 11, 11, 12, 12, 13, 13, 14, 13, 15, 15, 16, 6, 17, 17, 18, 18, 19, 18, 20, 20, 21, 15, 4, 20, 5, 15, 10]","[1, 0, 2, 1, 3, 1, 4, 3, 5, 4, 6, 5, 7, 6, 8, 7, 9, 8, 10, 8, 11, 10, 12, 11, 13, 12, 14, 13, 15, 13, 16, 15, 17, 6, 18, 17, 19, 18, 20, 18, 21, 20, 4, 15, 5, 20, 10, 15]",-2.19
17,36,"[1, 2, 1, 1, 3, 1, 1, 1, 2, 2, 1, 2, 3, 1, 3, 1, 1]","[1, 1, 1, 1, 1, 1, 1, 1, 1, 1, 2, 2, 1, 1, 2, 2, 1, 1, 1, 1, 1, 1, 2, 2, 1, 1, 2, 2, 1, 1, 2, 2, 1, 1, 1, 1]","[0, 1, 1, 2, 2, 3, 3, 4, 3, 5, 5, 6, 6, 7, 7, 8, 8, 9, 9, 10, 10, 11, 10, 12, 7, 13, 13, 14, 13, 15, 15, 16, 16, 1, 16, 5]","[1, 0, 2, 1, 3, 2, 4, 3, 5, 3, 6, 5, 7, 6, 8, 7, 9, 8, 10, 9, 11, 10, 12, 10, 13, 7, 14, 13, 15, 13, 16, 15, 1, 16, 5, 16]",-2.72
24,54,"[1, 1, 1, 1, 1, 1, 2, 1, 1, 1, 1, 1, 1, 2, 1, 1, 3, 1, 1, 1, 1, 3, 1, 1]","[3, 3, 3, 3, 3, 3, 1, 1, 3, 3, 3, 3, 3, 3, 1, 1, 3, 3, 3, 3, 3, 3, 1, 1, 1, 1, 1, 1, 1, 1, 1, 1, 1, 1, 1, 1, 3, 3, 3, 3, 3, 3, 3, 3, 3, 3, 3, 3, 3, 3, 3, 3, 1, 1]","[0, 1, 1, 2, 2, 3, 3, 4, 4, 5, 5, 6, 6, 7, 7, 8, 8, 9, 9, 10, 10, 11, 11, 12, 12, 13, 13, 14, 14, 15, 15, 16, 16, 17, 17, 18, 11, 19, 19, 20, 7, 21, 3, 22, 22, 23, 23, 0, 21, 4, 20, 8, 18, 13]","[1, 0, 2, 1, 3, 2, 4, 3, 5, 4, 6, 5, 7, 6, 8, 7, 9, 8, 10, 9, 11, 10, 12, 11, 13, 12, 14, 13, 15, 14, 16, 15, 17, 16, 18, 17, 19, 11, 20, 19, 21, 7, 22, 3, 23, 22, 0, 23, 4, 21, 8, 20, 13, 18]",-4.35
26,60,"[1, 1, 3, 1, 3, 1, 1, 1, 1, 1, 1, 1, 1, 2, 1, 1, 1, 1, 1, 2, 1, 1, 1, 1, 1, 1]","[1, 1, 1, 1, 1, 1, 2, 2, 1, 1, 2, 2, 1, 1, 1, 1, 1, 1, 1, 1, 1, 1, 1, 1, 1, 1, 1, 1, 1, 1, 1, 1, 3, 3, 1, 1, 3, 3, 3, 3, 3, 3, 3, 3, 3, 3, 3, 3, 3, 3, 1, 1, 3, 3, 1, 1, 1, 1, 3, 3]","[0, 1, 1, 2, 2, 3, 3, 4, 3, 5, 5, 6, 6, 7, 7, 8, 8, 9, 7, 10, 10, 11, 11, 12, 12, 13, 13, 14, 14, 15, 15, 16, 16, 17, 17, 18, 17, 19, 19, 20, 20, 21, 21, 22, 22, 23, 23, 24, 24, 25, 19, 5, 25, 20, 18, 7, 18, 13, 21, 16]","[1, 0, 2, 1, 3, 2, 4, 3, 5, 3, 6, 5, 7, 6, 8, 7, 9, 8, 10, 7, 11, 10, 12, 11, 13, 12, 14, 13, 15, 14, 16, 15, 17, 16, 18, 17, 19, 17, 20, 19, 21, 20, 22, 21, 23, 22, 24, 23, 25, 24, 5, 19, 20, 25, 7, 18, 13, 18, 16, 21]",-4.84
19,42,"[1, 1, 1, 1, 3, 1, 1, 1, 1, 1, 1, 1, 1, 3, 3, 1, 3, 1, 1]","[1, 1, 2, 2, 1, 1, 1, 1, 1, 1, 1, 1, 1, 1, 1, 1, 1, 1, 1, 1, 1, 1, 1, 1, 2, 2, 1, 1, 1, 1, 2, 2, 1, 1, 1, 1, 1, 1, 1, 1, 1, 1]","[0, 1, 1, 2, 2, 3, 3, 4, 3, 5, 5, 6, 6, 7, 7, 8, 8, 9, 8, 10, 10, 11, 11, 12, 12, 13, 6, 14, 14, 15, 15, 16, 15, 17, 17, 18, 12, 1, 10, 2, 17, 5]","[1, 0, 2, 1, 3, 2, 4, 3, 5, 3, 6, 5, 7, 6, 8, 7, 9, 8, 10, 8, 11, 10, 12, 11, 13, 12, 14, 6, 15, 14, 16, 15, 17, 15, 18, 17, 1, 12, 2, 10, 5, 17]",-1.95
28,60,"[1, 3, 1, 1, 1, 1, 1, 1, 1, 1, 1, 3, 3, 1, 1, 1, 1, 2, 1, 1, 2, 1, 1, 1, 1, 1, 1, 1]","[1, 1, 1, 1, 3, 3, 3, 3, 3, 3, 3, 3, 3, 3, 1, 1, 1, 1, 1, 1, 2, 2, 1, 1, 1, 1, 1, 1, 1, 1, 1, 1, 1, 1, 1, 1, 1, 1, 1, 1, 1, 1, 1, 1, 1, 1, 3, 3, 3, 3, 3, 3, 3, 3, 3, 3, 3, 3, 1, 1]","[0, 1, 1, 2, 2, 3, 3, 4, 4, 5, 5, 6, 6, 7, 7, 8, 8, 9, 8, 10, 10, 11, 10, 12, 12, 13, 13, 14, 14, 15, 15, 16, 16, 17, 17, 18, 18, 19, 19, 20, 20, 21, 20, 22, 22, 23, 7, 24, 24, 25, 25, 26, 26, 27, 27, 2, 26, 5, 23, 17]","[1, 0, 2, 1, 3, 2, 4, 3, 5, 4, 6, 5, 7, 6, 8, 7, 9, 8, 10, 8, 11, 10, 12, 10, 13, 12, 14, 13, 15, 14, 16, 15, 17, 16, 18, 17, 19, 18, 20, 19, 21, 20, 22, 20, 23, 22, 24, 7, 25, 24, 26, 25, 27, 26, 2, 27, 5, 26, 17, 23]",-1.29
27,58,"[1, 3, 1, 1, 1, 1, 1, 1, 1, 1, 1, 3, 3, 1, 1, 1, 1, 2, 1, 1, 3, 1, 1, 1, 1, 1, 1]","[1, 1, 1, 1, 3, 3, 3, 3, 3, 3, 3, 3, 3, 3, 1, 1, 1, 1, 1, 1, 2, 2, 1, 1, 1, 1, 1, 1, 1, 1, 1, 1, 1, 1, 1, 1, 1, 1, 1, 1, 1, 1, 1, 1, 3, 3, 3, 3, 3, 3, 3, 3, 3, 3, 3, 3, 1, 1]","[0, 1, 1, 2, 2, 3, 3, 4, 4, 5, 5, 6, 6, 7, 7, 8, 8, 9, 8, 10, 10, 11, 10, 12, 12, 13, 13, 14, 14, 15, 15, 16, 16, 17, 17, 18, 18, 19, 19, 20, 20, 21, 21, 22, 7, 23, 23, 24, 24, 25, 25, 26, 26, 2, 24, 4, 22, 17]","[1, 0, 2, 1, 3, 2, 4, 3, 5, 4, 6, 5, 7, 6, 8, 7, 9, 8, 10, 8, 11, 10, 12, 10, 13, 12, 14, 13, 15, 14, 16, 15, 17, 16, 18, 17, 19, 18, 20, 19, 21, 20, 22, 21, 23, 7, 24, 23, 25, 24, 26, 25, 2, 26, 4, 24, 17, 22]",-3.7
16,34,"[3, 1, 3, 1, 1, 1, 1, 1, 1, 1, 1, 2, 1, 3, 2, 1]","[2, 2, 1, 1, 1, 1, 1, 1, 1, 1, 1, 1, 1, 1, 1, 1, 1, 1, 1, 1, 1, 1, 1, 1, 2, 2, 1, 1, 1, 1, 1, 1, 1, 1]","[0, 1, 1, 2, 1, 3, 3, 4, 4, 5, 5, 6, 6, 7, 7, 8, 8, 9, 9, 10, 10, 11, 11, 12, 12, 13, 12, 14, 14, 15, 15, 6, 15, 10]","[1, 0, 2, 1, 3, 1, 4, 3, 5, 4, 6, 5, 7, 6, 8, 7, 9, 8, 10, 9, 11, 10, 12, 11, 13, 12, 14, 12, 15, 14, 6, 15, 10, 15]",-0.96
20,42,"[1, 1, 1, 3, 1, 1, 1, 3, 1, 3, 1, 1, 1, 3, 3, 1, 1, 1, 1, 3]","[1, 1, 1, 1, 1, 1, 1, 1, 1, 1, 1, 1, 1, 1, 1, 1, 2, 2, 1, 1, 3, 3, 1, 1, 2, 2, 1, 1, 3, 3, 3, 3, 3, 3, 3, 3, 1, 1, 1, 1, 3, 3]","[0, 1, 1, 2, 1, 3, 3, 4, 4, 5, 5, 6, 6, 7, 7, 8, 8, 9, 8, 10, 10, 11, 11, 12, 12, 13, 12, 14, 11, 15, 15, 16, 16, 17, 17, 18, 5, 19, 19, 1, 18, 10]","[1, 0, 2, 1, 3, 1, 4, 3, 5, 4, 6, 5, 7, 6, 8, 7, 9, 8, 10, 8, 11, 10, 12, 11, 13, 12, 14, 12, 15, 11, 16, 15, 17, 16, 18, 17, 19, 5, 1, 19, 10, 18]",-1.23
24,52,"[3, 1, 1, 3, 1, 3, 1, 1, 1, 1, 1, 1, 1, 1, 1, 1, 1, 1, 1, 3, 1, 3, 1, 3]","[1, 1, 1, 1, 1, 1, 1, 1, 1, 1, 1, 1, 1, 1, 1, 1, 3, 3, 3, 3, 3, 3, 3, 3, 3, 3, 3, 3, 3, 3, 3, 3, 3, 3, 1, 1, 1, 1, 1, 1, 1, 1, 1, 1, 1, 1, 1, 1, 3, 3, 3, 3]","[0, 1, 1, 2, 2, 3, 3, 4, 4, 5, 5, 6, 6, 7, 7, 8, 8, 9, 9, 10, 10, 11, 11, 12, 12, 13, 13, 14, 14, 15, 15, 16, 16, 17, 4, 18, 18, 19, 18, 20, 20, 21, 20, 22, 22, 23, 22, 2, 17, 8, 14, 9]","[1, 0, 2, 1, 3, 2, 4, 3, 5, 4, 6, 5, 7, 6, 8, 7, 9, 8, 10, 9, 11, 10, 12, 11, 13, 12, 14, 13, 15, 14, 16, 15, 17, 16, 18, 4, 19, 18, 20, 18, 21, 20, 22, 20, 23, 22, 2, 22, 8, 17, 9, 14]",-1.11
26,54,"[1, 1, 3, 1, 3, 1, 1, 1, 1, 1, 1, 1, 1, 1, 2, 1, 1, 1, 2, 1, 1, 1, 1, 1, 3, 3]","[1, 1, 1, 1, 1, 1, 2, 2, 1, 1, 1, 1, 1, 1, 1, 1, 3, 3, 3, 3, 3, 3, 3, 3, 3, 3, 1, 1, 1, 1, 1, 1, 1, 1, 1, 1, 1, 1, 1, 1, 1, 1, 1, 1, 1, 1, 2, 2, 1, 1, 3, 3, 1, 1]","[0, 1, 1, 2, 2, 3, 3, 4, 3, 5, 5, 6, 6, 7, 7, 8, 8, 9, 9, 10, 10, 11, 11, 12, 12, 13, 5, 14, 14, 15, 15, 16, 15, 17, 17, 18, 18, 19, 19, 20, 20, 21, 21, 22, 22, 23, 23, 24, 23, 25, 13, 8, 22, 18]","[1, 0, 2, 1, 3, 2, 4, 3, 5, 3, 6, 5, 7, 6, 8, 7, 9, 8, 10, 9, 11, 10, 12, 11, 13, 12, 14, 5, 15, 14, 16, 15, 17, 15, 18, 17, 19, 18, 20, 19, 21, 20, 22, 21, 23, 22, 24, 23, 25, 23, 8, 13, 18, 22]",-1.24
21,44,"[2, 8, 3, 3, 1, 1, 4, 1, 1, 2, 1, 1, 1, 1, 1, 3, 1, 1, 3, 3, 1]","[1, 1, 2, 2, 2, 2, 1, 1, 3, 3, 1, 1, 3, 3, 3, 3, 1, 1, 1, 1, 1, 1, 3, 3, 3, 3, 3, 3, 3, 3, 3, 3, 1, 1, 2, 2, 1, 1, 3, 3, 3, 3, 3, 3]","[0, 1, 1, 2, 1, 3, 1, 4, 4, 5, 5, 6, 5, 7, 7, 8, 8, 9, 9, 10, 10, 11, 11, 12, 12, 13, 13, 14, 14, 15, 8, 16, 16, 17, 17, 18, 17, 19, 16, 20, 20, 4, 15, 11]","[1, 0, 2, 1, 3, 1, 4, 1, 5, 4, 6, 5, 7, 5, 8, 7, 9, 8, 10, 9, 11, 10, 12, 11, 13, 12, 14, 13, 15, 14, 16, 8, 17, 16, 18, 17, 19, 17, 20, 16, 4, 20, 11, 15]",-3.83
14,30,"[1, 3, 1, 2, 1, 1, 2, 1, 3, 1, 1, 1, 1, 1]","[1, 1, 1, 1, 3, 3, 3, 3, 3, 3, 1, 1, 1, 1, 2, 2, 1, 1, 1, 1, 1, 1, 3, 3, 3, 3, 3, 3, 1, 1]","[0, 1, 1, 2, 2, 3, 3, 4, 4, 5, 5, 6, 6, 7, 7, 8, 7, 9, 9, 10, 10, 11, 5, 12, 12, 13, 13, 2, 11, 9]","[1, 0, 2, 1, 3, 2, 4, 3, 5, 4, 6, 5, 7, 6, 8, 7, 9, 7, 10, 9, 11, 10, 12, 5, 13, 12, 2, 13, 9, 11]",-2.14
22,48,"[1, 8, 3, 3, 1, 1, 1, 1, 1, 1, 1, 1, 1, 1, 1, 1, 1, 3, 3, 1, 1, 1]","[1, 1, 2, 2, 2, 2, 1, 1, 3, 3, 3, 3, 3, 3, 1, 1, 2, 2, 1, 1, 3, 3, 3, 3, 3, 3, 3, 3, 3, 3, 1, 1, 2, 2, 1, 1, 1, 1, 3, 3, 3, 3, 3, 3, 1, 1, 3, 3]","[0, 1, 1, 2, 1, 3, 1, 4, 4, 5, 5, 6, 6, 7, 7, 8, 8, 9, 9, 10, 10, 11, 11, 12, 12, 13, 13, 14, 14, 15, 9, 16, 16, 17, 16, 18, 18, 19, 7, 20, 20, 21, 21, 4, 19, 8, 15, 10]","[1, 0, 2, 1, 3, 1, 4, 1, 5, 4, 6, 5, 7, 6, 8, 7, 9, 8, 10, 9, 11, 10, 12, 11, 13, 12, 14, 13, 15, 14, 16, 9, 17, 16, 18, 16, 19, 18, 20, 7, 21, 20, 4, 21, 8, 19, 10, 15]",-4.52
19,42,"[2, 1, 2, 1, 1, 1, 2, 2, 1, 2, 1, 1, 1, 1, 3, 1, 3, 3, 1]","[1, 1, 3, 3, 3, 3, 3, 3, 3, 3, 3, 3, 3, 3, 3, 3, 3, 3, 1, 1, 1, 1, 1, 1, 1, 1, 1, 1, 1, 1, 2, 2, 1, 1, 1, 1, 3, 3, 1, 1, 3, 3]","[0, 1, 1, 2, 2, 3, 3, 4, 4, 5, 5, 6, 4, 7, 7, 8, 8, 9, 9, 10, 10, 11, 11, 12, 12, 13, 13, 14, 14, 15, 15, 16, 15, 17, 17, 18, 6, 1, 18, 12, 9, 3]","[1, 0, 2, 1, 3, 2, 4, 3, 5, 4, 6, 5, 7, 4, 8, 7, 9, 8, 10, 9, 11, 10, 12, 11, 13, 12, 14, 13, 15, 14, 16, 15, 17, 15, 18, 17, 1, 6, 12, 18, 3, 9]",-1.43
21,46,"[1, 1, 2, 1, 1, 1, 1, 8, 1, 2, 1, 1, 2, 2, 2, 1, 1, 1, 1, 1, 1]","[1, 1, 1, 1, 1, 1, 1, 1, 1, 1, 1, 1, 1, 1, 1, 1, 3, 3, 3, 3, 3, 3, 3, 3, 3, 3, 3, 3, 3, 3, 3, 3, 3, 3, 3, 3, 3, 3, 3, 3, 3, 3, 3, 3, 3, 3]","[0, 1, 1, 2, 2, 3, 3, 4, 2, 5, 5, 6, 6, 7, 7, 8, 8, 9, 9, 10, 10, 11, 11, 12, 12, 13, 11, 14, 14, 15, 15, 16, 16, 17, 17, 18, 18, 19, 19, 20, 13, 8, 20, 15, 16, 10]","[1, 0, 2, 1, 3, 2, 4, 3, 5, 2, 6, 5, 7, 6, 8, 7, 9, 8, 10, 9, 11, 10, 12, 11, 13, 12, 14, 11, 15, 14, 16, 15, 17, 16, 18, 17, 19, 18, 20, 19, 8, 13, 15, 20, 10, 16]",-3.09
12,26,"[3, 1, 1, 3, 1, 3, 1, 1, 3, 1, 3, 1]","[1, 1, 1, 1, 1, 1, 1, 1, 1, 1, 1, 1, 1, 1, 1, 1, 1, 1, 1, 1, 1, 1, 1, 1, 1, 1]","[0, 1, 1, 2, 2, 3, 3, 4, 4, 5, 5, 6, 6, 7, 7, 8, 8, 9, 9, 10, 10, 11, 11, 2, 11, 6]","[1, 0, 2, 1, 3, 2, 4, 3, 5, 4, 6, 5, 7, 6, 8, 7, 9, 8, 10, 9, 11, 10, 2, 11, 6, 11]",-0.62
22,46,"[1, 1, 3, 1, 1, 3, 2, 1, 1, 3, 3, 1, 8, 1, 1, 2, 2, 1, 1, 1, 1, 1]","[1, 1, 1, 1, 1, 1, 1, 1, 2, 2, 1, 1, 1, 1, 1, 1, 2, 2, 1, 1, 2, 2, 1, 1, 1, 1, 1, 1, 2, 2, 1, 1, 1, 1, 1, 1, 1, 1, 1, 1, 1, 1, 1, 1, 1, 1]","[0, 1, 1, 2, 1, 3, 3, 4, 4, 5, 4, 6, 6, 7, 7, 8, 8, 9, 8, 10, 7, 11, 11, 12, 12, 13, 13, 14, 14, 15, 14, 16, 16, 17, 16, 18, 11, 19, 19, 20, 19, 21, 21, 3, 21, 6]","[1, 0, 2, 1, 3, 1, 4, 3, 5, 4, 6, 4, 7, 6, 8, 7, 9, 8, 10, 8, 11, 7, 12, 11, 13, 12, 14, 13, 15, 14, 16, 14, 17, 16, 18, 16, 19, 11, 20, 19, 21, 19, 3, 21, 6, 21]",-0.28
25,56,"[3, 1, 1, 3, 1, 2, 1, 1, 1, 1, 1, 3, 2, 1, 1, 1, 1, 1, 1, 1, 3, 1, 3, 1, 3]","[1, 1, 1, 1, 1, 1, 1, 1, 1, 1, 3, 3, 1, 1, 3, 3, 3, 3, 3, 3, 3, 3, 3, 3, 3, 3, 3, 3, 3, 3, 3, 3, 3, 3, 3, 3, 1, 1, 1, 1, 1, 1, 1, 1, 1, 1, 1, 1, 1, 1, 3, 3, 3, 3, 3, 3]","[0, 1, 1, 2, 2, 3, 3, 4, 4, 5, 5, 6, 6, 7, 7, 8, 8, 9, 9, 10, 10, 11, 6, 12, 12, 13, 13, 14, 14, 15, 15, 16, 16, 17, 17, 18, 4, 19, 19, 20, 19, 21, 21, 22, 21, 23, 23, 24, 23, 2, 14, 5, 11, 7, 18, 13]","[1, 0, 2, 1, 3, 2, 4, 3, 5, 4, 6, 5, 7, 6, 8, 7, 9, 8, 10, 9, 11, 10, 12, 6, 13, 12, 14, 13, 15, 14, 16, 15, 17, 16, 18, 17, 19, 4, 20, 19, 21, 19, 22, 21, 23, 21, 24, 23, 2, 23, 5, 14, 7, 11, 13, 18]",-2.33
23,52,"[3, 1, 1, 3, 1, 2, 1, 1, 1, 1, 1, 3, 2, 1, 1, 1, 1, 1, 1, 1, 3, 1, 3]","[1, 1, 1, 1, 1, 1, 1, 1, 1, 1, 3, 3, 1, 1, 3, 3, 3, 3, 3, 3, 3, 3, 3, 3, 3, 3, 3, 3, 3, 3, 3, 3, 3, 3, 3, 3, 1, 1, 1, 1, 1, 1, 1, 1, 1, 1, 3, 3, 3, 3, 3, 3]","[0, 1, 1, 2, 2, 3, 3, 4, 4, 5, 5, 6, 6, 7, 7, 8, 8, 9, 9, 10, 10, 11, 6, 12, 12, 13, 13, 14, 14, 15, 15, 16, 16, 17, 17, 18, 4, 19, 19, 20, 19, 21, 21, 22, 21, 2, 14, 5, 11, 7, 18, 13]","[1, 0, 2, 1, 3, 2, 4, 3, 5, 4, 6, 5, 7, 6, 8, 7, 9, 8, 10, 9, 11, 10, 12, 6, 13, 12, 14, 13, 15, 14, 16, 15, 17, 16, 18, 17, 19, 4, 20, 19, 21, 19, 22, 21, 2, 21, 5, 14, 7, 11, 13, 18]",-2.92
23,48,"[1, 1, 1, 3, 1, 1, 2, 1, 1, 1, 6, 6, 6, 1, 1, 4, 1, 1, 2, 1, 1, 2, 1]","[1, 1, 1, 1, 1, 1, 1, 1, 1, 1, 2, 2, 1, 1, 3, 3, 1, 1, 1, 1, 1, 1, 1, 1, 3, 3, 3, 3, 1, 1, 3, 3, 3, 3, 1, 1, 3, 3, 3, 3, 3, 3, 3, 3, 3, 3, 3, 3]","[0, 1, 1, 2, 2, 3, 3, 4, 4, 5, 5, 6, 6, 7, 7, 8, 8, 9, 9, 10, 9, 11, 9, 12, 8, 13, 13, 14, 14, 15, 14, 16, 16, 17, 5, 18, 18, 19, 19, 20, 20, 21, 21, 22, 17, 7, 22, 18]","[1, 0, 2, 1, 3, 2, 4, 3, 5, 4, 6, 5, 7, 6, 8, 7, 9, 8, 10, 9, 11, 9, 12, 9, 13, 8, 14, 13, 15, 14, 16, 14, 17, 16, 18, 5, 19, 18, 20, 19, 21, 20, 22, 21, 7, 17, 18, 22]",-4.44
26,58,"[1, 3, 1, 1, 1, 1, 1, 1, 1, 1, 1, 1, 1, 3, 3, 1, 1, 3, 1, 1, 3, 1, 3, 1, 1, 1]","[1, 1, 1, 1, 3, 3, 3, 3, 3, 3, 3, 3, 3, 3, 3, 3, 3, 3, 1, 1, 1, 1, 1, 1, 2, 2, 1, 1, 1, 1, 1, 1, 1, 1, 1, 1, 1, 1, 1, 1, 1, 1, 1, 1, 1, 1, 3, 3, 3, 3, 3, 3, 1, 1, 3, 3, 1, 1]","[0, 1, 1, 2, 2, 3, 3, 4, 4, 5, 5, 6, 6, 7, 5, 8, 8, 9, 9, 10, 10, 11, 10, 12, 12, 13, 12, 14, 14, 15, 15, 16, 16, 17, 17, 18, 18, 19, 19, 20, 19, 21, 21, 22, 22, 23, 9, 24, 24, 25, 7, 2, 23, 15, 25, 4, 23, 18]","[1, 0, 2, 1, 3, 2, 4, 3, 5, 4, 6, 5, 7, 6, 8, 5, 9, 8, 10, 9, 11, 10, 12, 10, 13, 12, 14, 12, 15, 14, 16, 15, 17, 16, 18, 17, 19, 18, 20, 19, 21, 19, 22, 21, 23, 22, 24, 9, 25, 24, 2, 7, 15, 23, 4, 25, 18, 23]",-3.98
24,52,"[1, 3, 1, 1, 1, 1, 1, 1, 1, 1, 1, 3, 3, 1, 1, 1, 1, 1, 1, 3, 1, 1, 1, 1]","[1, 1, 1, 1, 3, 3, 3, 3, 3, 3, 3, 3, 3, 3, 1, 1, 1, 1, 1, 1, 2, 2, 1, 1, 1, 1, 1, 1, 1, 1, 1, 1, 1, 1, 1, 1, 2, 2, 3, 3, 3, 3, 3, 3, 3, 3, 3, 3, 3, 3, 1, 1]","[0, 1, 1, 2, 2, 3, 3, 4, 4, 5, 5, 6, 6, 7, 7, 8, 8, 9, 8, 10, 10, 11, 10, 12, 12, 13, 13, 14, 14, 15, 15, 16, 16, 17, 17, 18, 18, 19, 7, 20, 20, 21, 21, 22, 22, 23, 23, 2, 22, 5, 18, 13]","[1, 0, 2, 1, 3, 2, 4, 3, 5, 4, 6, 5, 7, 6, 8, 7, 9, 8, 10, 8, 11, 10, 12, 10, 13, 12, 14, 13, 15, 14, 16, 15, 17, 16, 18, 17, 19, 18, 20, 7, 21, 20, 22, 21, 23, 22, 2, 23, 5, 22, 13, 18]",-5.59
24,52,"[1, 3, 1, 1, 1, 1, 1, 1, 1, 1, 1, 3, 3, 1, 1, 1, 1, 1, 1, 3, 1, 1, 1, 1]","[1, 1, 1, 1, 3, 3, 3, 3, 3, 3, 3, 3, 3, 3, 1, 1, 1, 1, 1, 1, 2, 2, 1, 1, 1, 1, 1, 1, 1, 1, 1, 1, 1, 1, 1, 1, 1, 1, 3, 3, 3, 3, 3, 3, 3, 3, 3, 3, 3, 3, 1, 1]","[0, 1, 1, 2, 2, 3, 3, 4, 4, 5, 5, 6, 6, 7, 7, 8, 8, 9, 8, 10, 10, 11, 10, 12, 12, 13, 13, 14, 14, 15, 15, 16, 16, 17, 17, 18, 18, 19, 7, 20, 20, 21, 21, 22, 22, 23, 23, 2, 22, 5, 18, 13]","[1, 0, 2, 1, 3, 2, 4, 3, 5, 4, 6, 5, 7, 6, 8, 7, 9, 8, 10, 8, 11, 10, 12, 10, 13, 12, 14, 13, 15, 14, 16, 15, 17, 16, 18, 17, 19, 18, 20, 7, 21, 20, 22, 21, 23, 22, 2, 23, 5, 22, 13, 18]",-5.07
20,44,"[3, 1, 1, 1, 1, 1, 1, 1, 1, 1, 1, 3, 1, 3, 1, 1, 1, 8, 1, 1]","[2, 2, 1, 1, 3, 3, 3, 3, 3, 3, 3, 3, 1, 1, 1, 1, 1, 1, 1, 1, 1, 1, 3, 3, 1, 1, 1, 1, 1, 1, 3, 3, 3, 3, 3, 3, 3, 3, 1, 1, 3, 3, 3, 3]","[0, 1, 1, 2, 2, 3, 3, 4, 4, 5, 5, 6, 6, 7, 7, 8, 8, 9, 9, 10, 10, 11, 6, 12, 3, 13, 13, 14, 14, 15, 15, 16, 16, 17, 17, 18, 18, 19, 16, 1, 12, 2, 19, 15]","[1, 0, 2, 1, 3, 2, 4, 3, 5, 4, 6, 5, 7, 6, 8, 7, 9, 8, 10, 9, 11, 10, 12, 6, 13, 3, 14, 13, 15, 14, 16, 15, 17, 16, 18, 17, 19, 18, 1, 16, 2, 12, 15, 19]",-3.92
26,58,"[1, 1, 1, 3, 1, 1, 1, 1, 1, 1, 2, 1, 1, 1, 1, 3, 1, 2, 1, 1, 3, 1, 1, 1, 1, 3]","[1, 1, 3, 3, 1, 1, 1, 1, 1, 1, 3, 3, 3, 3, 3, 3, 3, 3, 3, 3, 3, 3, 3, 3, 3, 3, 3, 3, 3, 3, 3, 3, 1, 1, 1, 1, 1, 1, 1, 1, 1, 1, 1, 1, 3, 3, 3, 3, 2, 2, 3, 3, 1, 1, 3, 3, 3, 3]","[0, 1, 1, 2, 2, 3, 3, 4, 4, 5, 5, 6, 6, 7, 7, 8, 8, 9, 9, 10, 2, 11, 11, 12, 12, 13, 13, 14, 14, 15, 15, 16, 16, 17, 17, 18, 18, 19, 19, 20, 20, 21, 21, 22, 16, 23, 23, 24, 24, 25, 14, 1, 22, 17, 10, 5, 24, 13]","[1, 0, 2, 1, 3, 2, 4, 3, 5, 4, 6, 5, 7, 6, 8, 7, 9, 8, 10, 9, 11, 2, 12, 11, 13, 12, 14, 13, 15, 14, 16, 15, 17, 16, 18, 17, 19, 18, 20, 19, 21, 20, 22, 21, 23, 16, 24, 23, 25, 24, 1, 14, 17, 22, 5, 10, 13, 24]",-4.45
26,58,"[1, 1, 1, 3, 1, 1, 1, 1, 1, 1, 1, 1, 1, 1, 1, 3, 1, 2, 1, 1, 3, 1, 1, 1, 1, 3]","[1, 1, 3, 3, 1, 1, 1, 1, 1, 1, 3, 3, 3, 3, 3, 3, 3, 3, 3, 3, 3, 3, 3, 3, 3, 3, 3, 3, 3, 3, 3, 3, 1, 1, 1, 1, 1, 1, 1, 1, 1, 1, 1, 1, 3, 3, 3, 3, 2, 2, 3, 3, 1, 1, 3, 3, 3, 3]","[0, 1, 1, 2, 2, 3, 3, 4, 4, 5, 5, 6, 6, 7, 7, 8, 8, 9, 9, 10, 2, 11, 11, 12, 12, 13, 13, 14, 14, 15, 15, 16, 16, 17, 17, 18, 18, 19, 19, 20, 20, 21, 21, 22, 16, 23, 23, 24, 24, 25, 14, 1, 22, 17, 10, 5, 24, 13]","[1, 0, 2, 1, 3, 2, 4, 3, 5, 4, 6, 5, 7, 6, 8, 7, 9, 8, 10, 9, 11, 2, 12, 11, 13, 12, 14, 13, 15, 14, 16, 15, 17, 16, 18, 17, 19, 18, 20, 19, 21, 20, 22, 21, 23, 16, 24, 23, 25, 24, 1, 14, 17, 22, 5, 10, 13, 24]",-5.16
24,54,"[1, 3, 1, 1, 1, 1, 1, 1, 1, 1, 1, 3, 1, 1, 1, 3, 1, 1, 2, 1, 1, 1, 2, 1]","[1, 1, 1, 1, 3, 3, 3, 3, 3, 3, 1, 1, 2, 2, 1, 1, 1, 1, 1, 1, 1, 1, 3, 3, 3, 3, 3, 3, 2, 2, 3, 3, 3, 3, 3, 3, 3, 3, 3, 3, 3, 3, 3, 3, 1, 1, 3, 3, 3, 3, 1, 1, 3, 3]","[0, 1, 1, 2, 2, 3, 3, 4, 4, 5, 5, 6, 6, 7, 7, 8, 8, 9, 8, 10, 8, 11, 5, 12, 12, 13, 13, 14, 14, 15, 14, 16, 16, 17, 17, 18, 18, 19, 19, 20, 20, 21, 17, 22, 22, 23, 13, 2, 21, 16, 11, 4, 22, 12]","[1, 0, 2, 1, 3, 2, 4, 3, 5, 4, 6, 5, 7, 6, 8, 7, 9, 8, 10, 8, 11, 8, 12, 5, 13, 12, 14, 13, 15, 14, 16, 14, 17, 16, 18, 17, 19, 18, 20, 19, 21, 20, 22, 17, 23, 22, 2, 13, 16, 21, 4, 11, 12, 22]",-3.96
19,42,"[1, 1, 2, 1, 1, 1, 3, 3, 1, 3, 1, 1, 1, 1, 3, 1, 3, 1, 1]","[1, 1, 1, 1, 3, 3, 3, 3, 1, 1, 2, 2, 1, 1, 3, 3, 2, 2, 3, 3, 3, 3, 3, 3, 3, 3, 1, 1, 1, 1, 1, 1, 1, 1, 3, 3, 3, 3, 3, 3, 3, 3]","[0, 1, 1, 2, 2, 3, 3, 4, 4, 5, 5, 6, 5, 7, 4, 8, 8, 9, 8, 10, 10, 11, 11, 12, 12, 13, 13, 14, 14, 15, 15, 16, 16, 17, 17, 18, 11, 2, 17, 13, 18, 10]","[1, 0, 2, 1, 3, 2, 4, 3, 5, 4, 6, 5, 7, 5, 8, 4, 9, 8, 10, 8, 11, 10, 12, 11, 13, 12, 14, 13, 15, 14, 16, 15, 17, 16, 18, 17, 2, 11, 13, 17, 10, 18]",-4.38
16,36,"[1, 1, 3, 1, 1, 2, 1, 2, 1, 2, 1, 1, 2, 1, 2, 1]","[3, 3, 3, 3, 3, 3, 1, 1, 1, 1, 1, 1, 3, 3, 3, 3, 3, 3, 3, 3, 3, 3, 3, 3, 3, 3, 3, 3, 3, 3, 3, 3, 3, 3, 3, 3]","[0, 1, 1, 2, 2, 3, 3, 4, 4, 5, 5, 6, 6, 7, 7, 8, 8, 9, 9, 10, 10, 11, 11, 12, 12, 13, 13, 14, 3, 15, 15, 0, 11, 6, 14, 10]","[1, 0, 2, 1, 3, 2, 4, 3, 5, 4, 6, 5, 7, 6, 8, 7, 9, 8, 10, 9, 11, 10, 12, 11, 13, 12, 14, 13, 15, 3, 0, 15, 6, 11, 10, 14]",-3.95
17,38,"[1, 1, 1, 1, 1, 2, 1, 2, 1, 2, 1, 1, 2, 1, 2, 1, 1]","[3, 3, 3, 3, 3, 3, 1, 1, 1, 1, 1, 1, 3, 3, 3, 3, 3, 3, 3, 3, 3, 3, 3, 3, 3, 3, 3, 3, 3, 3, 3, 3, 3, 3, 3, 3, 3, 3]","[0, 1, 1, 2, 2, 3, 3, 4, 4, 5, 5, 6, 6, 7, 7, 8, 8, 9, 9, 10, 10, 11, 11, 12, 12, 13, 13, 14, 3, 15, 15, 16, 16, 0, 11, 6, 14, 10]","[1, 0, 2, 1, 3, 2, 4, 3, 5, 4, 6, 5, 7, 6, 8, 7, 9, 8, 10, 9, 11, 10, 12, 11, 13, 12, 14, 13, 15, 3, 16, 15, 0, 16, 6, 11, 10, 14]",-3.6
18,38,"[3, 2, 1, 1, 1, 1, 1, 1, 1, 1, 2, 3, 1, 1, 1, 1, 1, 1]","[1, 1, 2, 2, 1, 1, 3, 3, 3, 3, 3, 3, 3, 3, 3, 3, 1, 1, 2, 2, 1, 1, 1, 1, 3, 3, 3, 3, 3, 3, 3, 3, 3, 3, 3, 3, 3, 3]","[0, 1, 1, 2, 2, 3, 3, 4, 4, 5, 5, 6, 6, 7, 7, 8, 2, 9, 9, 10, 10, 11, 9, 12, 12, 13, 13, 14, 14, 15, 15, 16, 16, 17, 8, 3, 17, 12]","[1, 0, 2, 1, 3, 2, 4, 3, 5, 4, 6, 5, 7, 6, 8, 7, 9, 2, 10, 9, 11, 10, 12, 9, 13, 12, 14, 13, 15, 14, 16, 15, 17, 16, 3, 8, 12, 17]",-5.9
21,44,"[3, 8, 3, 2, 8, 3, 3, 1, 1, 1, 1, 4, 1, 1, 1, 1, 1, 1, 4, 1, 1]","[2, 2, 2, 2, 1, 1, 1, 1, 2, 2, 2, 2, 1, 1, 3, 3, 3, 3, 3, 3, 1, 1, 3, 3, 3, 3, 1, 1, 3, 3, 3, 3, 3, 3, 1, 1, 3, 3, 3, 3, 3, 3, 3, 3]","[0, 1, 1, 2, 1, 3, 3, 4, 4, 5, 4, 6, 4, 7, 7, 8, 8, 9, 9, 10, 10, 11, 10, 12, 12, 13, 1, 14, 14, 15, 15, 16, 16, 17, 17, 18, 17, 19, 19, 20, 13, 7, 20, 14]","[1, 0, 2, 1, 3, 1, 4, 3, 5, 4, 6, 4, 7, 4, 8, 7, 9, 8, 10, 9, 11, 10, 12, 10, 13, 12, 14, 1, 15, 14, 16, 15, 17, 16, 18, 17, 19, 17, 20, 19, 7, 13, 14, 20]",-2.48
28,66,"[1, 2, 1, 1, 1, 1, 1, 1, 1, 1, 3, 1, 1, 1, 1, 1, 1, 1, 1, 3, 1, 1, 3, 1, 1, 1, 1, 1]","[1, 1, 1, 1, 1, 1, 1, 1, 1, 1, 3, 3, 3, 3, 3, 3, 3, 3, 1, 1, 1, 1, 1, 1, 3, 3, 3, 3, 3, 3, 3, 3, 3, 3, 3, 3, 1, 1, 1, 1, 1, 1, 1, 1, 1, 1, 2, 2, 1, 1, 1, 1, 1, 1, 1, 1, 1, 1, 1, 1, 3, 3, 1, 1, 3, 3]","[0, 1, 1, 2, 2, 3, 3, 4, 4, 5, 5, 6, 6, 7, 7, 8, 8, 9, 9, 10, 10, 11, 11, 12, 12, 13, 13, 14, 14, 15, 15, 16, 16, 17, 9, 18, 18, 19, 19, 20, 20, 21, 21, 22, 21, 23, 23, 24, 24, 25, 25, 26, 26, 27, 26, 1, 20, 4, 25, 4, 18, 5, 27, 6, 17, 12]","[1, 0, 2, 1, 3, 2, 4, 3, 5, 4, 6, 5, 7, 6, 8, 7, 9, 8, 10, 9, 11, 10, 12, 11, 13, 12, 14, 13, 15, 14, 16, 15, 17, 16, 18, 9, 19, 18, 20, 19, 21, 20, 22, 21, 23, 21, 24, 23, 25, 24, 26, 25, 27, 26, 1, 26, 4, 20, 4, 25, 5, 18, 6, 27, 12, 17]",-2.22
28,62,"[1, 2, 1, 1, 2, 1, 1, 1, 1, 1, 1, 1, 2, 1, 1, 1, 1, 1, 1, 1, 1, 1, 2, 8, 1, 3, 3, 1]","[1, 1, 1, 1, 3, 3, 1, 1, 1, 1, 3, 3, 3, 3, 3, 3, 3, 3, 3, 3, 3, 3, 3, 3, 3, 3, 3, 3, 3, 3, 3, 3, 3, 3, 3, 3, 3, 3, 3, 3, 3, 3, 1, 1, 1, 1, 1, 1, 2, 2, 2, 2, 3, 3, 3, 3, 3, 3, 3, 3, 3, 3]","[0, 1, 1, 2, 2, 3, 3, 4, 4, 5, 5, 6, 6, 7, 7, 8, 8, 9, 9, 10, 10, 11, 11, 12, 12, 13, 13, 14, 14, 15, 15, 16, 16, 17, 17, 18, 3, 19, 19, 20, 20, 21, 21, 22, 22, 23, 23, 24, 23, 25, 23, 26, 21, 27, 27, 2, 14, 5, 11, 6, 18, 13]","[1, 0, 2, 1, 3, 2, 4, 3, 5, 4, 6, 5, 7, 6, 8, 7, 9, 8, 10, 9, 11, 10, 12, 11, 13, 12, 14, 13, 15, 14, 16, 15, 17, 16, 18, 17, 19, 3, 20, 19, 21, 20, 22, 21, 23, 22, 24, 23, 25, 23, 26, 23, 27, 21, 2, 27, 5, 14, 6, 11, 13, 18]",-2.94
21,46,"[2, 8, 3, 3, 1, 1, 1, 1, 3, 8, 1, 1, 2, 1, 1, 1, 1, 1, 1, 2, 1]","[1, 1, 2, 2, 2, 2, 1, 1, 3, 3, 3, 3, 3, 3, 3, 3, 3, 3, 3, 3, 1, 1, 1, 1, 1, 1, 1, 1, 3, 3, 3, 3, 3, 3, 3, 3, 3, 3, 3, 3, 3, 3, 3, 3, 3, 3]","[0, 1, 1, 2, 1, 3, 1, 4, 4, 5, 5, 6, 6, 7, 7, 8, 7, 9, 9, 10, 10, 11, 11, 12, 12, 13, 13, 14, 14, 15, 15, 16, 16, 17, 17, 18, 18, 19, 10, 20, 8, 4, 19, 14, 20, 6]","[1, 0, 2, 1, 3, 1, 4, 1, 5, 4, 6, 5, 7, 6, 8, 7, 9, 7, 10, 9, 11, 10, 12, 11, 13, 12, 14, 13, 15, 14, 16, 15, 17, 16, 18, 17, 19, 18, 20, 10, 4, 8, 14, 19, 6, 20]",-1.33
24,52,"[2, 8, 3, 3, 1, 1, 1, 1, 3, 1, 1, 1, 1, 2, 1, 1, 3, 1, 1, 1, 1, 1, 1, 8]","[1, 1, 2, 2, 2, 2, 1, 1, 3, 3, 3, 3, 1, 1, 2, 2, 1, 1, 3, 3, 3, 3, 1, 1, 1, 1, 1, 1, 1, 1, 1, 1, 1, 1, 1, 1, 3, 3, 3, 3, 3, 3, 3, 3, 3, 3, 3, 3, 3, 3, 1, 1]","[0, 1, 1, 2, 1, 3, 1, 4, 4, 5, 5, 6, 6, 7, 7, 8, 7, 9, 9, 10, 10, 11, 11, 12, 12, 13, 13, 14, 14, 15, 15, 16, 16, 17, 17, 18, 11, 19, 19, 20, 20, 21, 6, 22, 22, 23, 23, 4, 21, 9, 18, 13]","[1, 0, 2, 1, 3, 1, 4, 1, 5, 4, 6, 5, 7, 6, 8, 7, 9, 7, 10, 9, 11, 10, 12, 11, 13, 12, 14, 13, 15, 14, 16, 15, 17, 16, 18, 17, 19, 11, 20, 19, 21, 20, 22, 6, 23, 22, 4, 23, 9, 21, 13, 18]",-1.92
24,52,"[2, 8, 3, 3, 1, 1, 1, 1, 3, 1, 1, 1, 1, 1, 2, 1, 1, 3, 1, 1, 1, 1, 1, 8]","[1, 1, 2, 2, 2, 2, 1, 1, 3, 3, 3, 3, 1, 1, 2, 2, 1, 1, 3, 3, 3, 3, 3, 3, 1, 1, 1, 1, 1, 1, 1, 1, 1, 1, 1, 1, 1, 1, 3, 3, 3, 3, 3, 3, 3, 3, 3, 3, 3, 3, 1, 1]","[0, 1, 1, 2, 1, 3, 1, 4, 4, 5, 5, 6, 6, 7, 7, 8, 7, 9, 9, 10, 10, 11, 11, 12, 12, 13, 13, 14, 14, 15, 15, 16, 16, 17, 17, 18, 18, 19, 12, 20, 20, 21, 6, 22, 22, 23, 23, 4, 21, 9, 19, 14]","[1, 0, 2, 1, 3, 1, 4, 1, 5, 4, 6, 5, 7, 6, 8, 7, 9, 7, 10, 9, 11, 10, 12, 11, 13, 12, 14, 13, 15, 14, 16, 15, 17, 16, 18, 17, 19, 18, 20, 12, 21, 20, 22, 6, 23, 22, 4, 23, 9, 21, 14, 19]",-1.52
15,32,"[3, 1, 1, 1, 1, 1, 1, 2, 3, 1, 1, 1, 1, 1, 1]","[2, 2, 1, 1, 1, 1, 1, 1, 1, 1, 1, 1, 1, 1, 1, 1, 1, 1, 1, 1, 1, 1, 1, 1, 1, 1, 1, 1, 1, 1, 1, 1]","[0, 1, 1, 2, 2, 3, 3, 4, 4, 5, 5, 6, 1, 7, 7, 8, 7, 9, 9, 10, 10, 11, 11, 12, 12, 13, 13, 14, 6, 2, 14, 9]","[1, 0, 2, 1, 3, 2, 4, 3, 5, 4, 6, 5, 7, 1, 8, 7, 9, 7, 10, 9, 11, 10, 12, 11, 13, 12, 14, 13, 2, 6, 9, 14]",-3.16
14,30,"[3, 1, 1, 1, 1, 1, 2, 3, 1, 1, 1, 1, 1, 1]","[2, 2, 1, 1, 1, 1, 1, 1, 1, 1, 1, 1, 1, 1, 1, 1, 1, 1, 1, 1, 1, 1, 1, 1, 1, 1, 1, 1, 1, 1]","[0, 1, 1, 2, 2, 3, 3, 4, 4, 5, 1, 6, 6, 7, 6, 8, 8, 9, 9, 10, 10, 11, 11, 12, 12, 13, 5, 2, 13, 8]","[1, 0, 2, 1, 3, 2, 4, 3, 5, 4, 6, 1, 7, 6, 8, 6, 9, 8, 10, 9, 11, 10, 12, 11, 13, 12, 2, 5, 8, 13]",-2.7
13,28,"[3, 1, 1, 1, 1, 2, 3, 1, 1, 1, 1, 1, 1]","[2, 2, 1, 1, 1, 1, 1, 1, 1, 1, 1, 1, 1, 1, 1, 1, 1, 1, 1, 1, 1, 1, 1, 1, 1, 1, 1, 1]","[0, 1, 1, 2, 2, 3, 3, 4, 1, 5, 5, 6, 5, 7, 7, 8, 8, 9, 9, 10, 10, 11, 11, 12, 4, 2, 12, 7]","[1, 0, 2, 1, 3, 2, 4, 3, 5, 1, 6, 5, 7, 5, 8, 7, 9, 8, 10, 9, 11, 10, 12, 11, 2, 4, 7, 12]",-2.04
26,60,"[3, 8, 3, 3, 1, 1, 1, 1, 1, 1, 3, 1, 3, 1, 1, 1, 1, 3, 1, 1, 1, 1, 1, 1, 1, 1]","[2, 2, 2, 2, 1, 1, 1, 1, 1, 1, 3, 3, 3, 3, 3, 3, 3, 3, 1, 1, 3, 3, 1, 1, 1, 1, 3, 3, 3, 3, 3, 3, 1, 1, 3, 3, 3, 3, 1, 1, 3, 3, 3, 3, 3, 3, 3, 3, 3, 3, 1, 1, 1, 1, 3, 3, 3, 3, 3, 3]","[0, 1, 1, 2, 1, 3, 3, 4, 4, 5, 5, 6, 6, 7, 7, 8, 8, 9, 9, 10, 9, 11, 6, 12, 12, 13, 13, 14, 14, 15, 15, 16, 16, 17, 16, 18, 18, 19, 4, 20, 20, 21, 21, 22, 22, 23, 23, 24, 24, 25, 21, 1, 14, 4, 25, 20, 11, 5, 19, 13]","[1, 0, 2, 1, 3, 1, 4, 3, 5, 4, 6, 5, 7, 6, 8, 7, 9, 8, 10, 9, 11, 9, 12, 6, 13, 12, 14, 13, 15, 14, 16, 15, 17, 16, 18, 16, 19, 18, 20, 4, 21, 20, 22, 21, 23, 22, 24, 23, 25, 24, 1, 21, 4, 14, 20, 25, 5, 11, 13, 19]",-3.5
18,38,"[3, 1, 2, 3, 1, 1, 2, 1, 1, 1, 1, 1, 1, 2, 1, 1, 1, 1]","[2, 2, 1, 1, 1, 1, 1, 1, 3, 3, 1, 1, 2, 2, 1, 1, 3, 3, 3, 3, 3, 3, 3, 3, 3, 3, 3, 3, 3, 3, 3, 3, 3, 3, 3, 3, 3, 3]","[0, 1, 1, 2, 2, 3, 1, 4, 4, 5, 5, 6, 6, 7, 7, 8, 8, 9, 9, 10, 10, 11, 11, 12, 12, 13, 5, 14, 14, 15, 15, 16, 16, 17, 17, 4, 13, 8]","[1, 0, 2, 1, 3, 2, 4, 1, 5, 4, 6, 5, 7, 6, 8, 7, 9, 8, 10, 9, 11, 10, 12, 11, 13, 12, 14, 5, 15, 14, 16, 15, 17, 16, 4, 17, 8, 13]",-3.21
19,42,"[3, 1, 2, 1, 1, 1, 1, 2, 1, 3, 1, 1, 1, 1, 1, 1, 8, 3, 3]","[2, 2, 1, 1, 1, 1, 1, 1, 1, 1, 1, 1, 1, 1, 1, 1, 2, 2, 1, 1, 3, 3, 3, 3, 3, 3, 3, 3, 3, 3, 1, 1, 2, 2, 2, 2, 1, 1, 1, 1, 3, 3]","[0, 1, 1, 2, 2, 3, 3, 4, 4, 5, 5, 6, 6, 7, 7, 8, 8, 9, 8, 10, 10, 11, 11, 12, 12, 13, 13, 14, 14, 15, 11, 16, 16, 17, 16, 18, 6, 1, 16, 7, 15, 10]","[1, 0, 2, 1, 3, 2, 4, 3, 5, 4, 6, 5, 7, 6, 8, 7, 9, 8, 10, 8, 11, 10, 12, 11, 13, 12, 14, 13, 15, 14, 16, 11, 17, 16, 18, 16, 1, 6, 7, 16, 10, 15]",-2.64
26,56,"[2, 8, 3, 3, 1, 1, 1, 1, 3, 1, 1, 1, 1, 1, 2, 1, 1, 1, 1, 1, 1, 1, 1, 1, 1, 8]","[1, 1, 2, 2, 2, 2, 1, 1, 3, 3, 3, 3, 1, 1, 2, 2, 1, 1, 3, 3, 3, 3, 3, 3, 1, 1, 1, 1, 1, 1, 1, 1, 3, 3, 3, 3, 3, 3, 3, 3, 3, 3, 3, 3, 3, 3, 3, 3, 3, 3, 3, 3, 3, 3, 3, 3]","[0, 1, 1, 2, 1, 3, 1, 4, 4, 5, 5, 6, 6, 7, 7, 8, 7, 9, 9, 10, 10, 11, 11, 12, 12, 13, 13, 14, 14, 15, 15, 16, 16, 17, 17, 18, 18, 19, 19, 20, 20, 21, 12, 22, 22, 23, 6, 24, 24, 25, 25, 4, 23, 9, 21, 16]","[1, 0, 2, 1, 3, 1, 4, 1, 5, 4, 6, 5, 7, 6, 8, 7, 9, 7, 10, 9, 11, 10, 12, 11, 13, 12, 14, 13, 15, 14, 16, 15, 17, 16, 18, 17, 19, 18, 20, 19, 21, 20, 22, 12, 23, 22, 24, 6, 25, 24, 4, 25, 9, 23, 16, 21]",-3.37
23,52,"[2, 1, 1, 1, 1, 2, 1, 2, 2, 1, 1, 1, 1, 1, 1, 1, 1, 1, 1, 1, 1, 1, 1]","[1, 1, 3, 3, 3, 3, 3, 3, 1, 1, 2, 2, 1, 1, 1, 1, 1, 1, 1, 1, 3, 3, 3, 3, 3, 3, 3, 3, 3, 3, 3, 3, 3, 3, 3, 3, 3, 3, 1, 1, 3, 3, 3, 3, 3, 3, 1, 1, 3, 3, 3, 3]","[0, 1, 1, 2, 2, 3, 3, 4, 4, 5, 5, 6, 6, 7, 6, 8, 8, 9, 9, 10, 10, 11, 11, 12, 12, 13, 13, 14, 14, 15, 15, 16, 16, 17, 17, 18, 18, 19, 18, 20, 4, 21, 21, 22, 22, 1, 20, 8, 19, 10, 19, 14]","[1, 0, 2, 1, 3, 2, 4, 3, 5, 4, 6, 5, 7, 6, 8, 6, 9, 8, 10, 9, 11, 10, 12, 11, 13, 12, 14, 13, 15, 14, 16, 15, 17, 16, 18, 17, 19, 18, 20, 18, 21, 4, 22, 21, 1, 22, 8, 20, 10, 19, 14, 19]",-1.83
12,24,"[3, 1, 3, 1, 2, 1, 1, 1, 1, 8, 3, 3]","[2, 2, 1, 1, 1, 1, 1, 1, 1, 1, 1, 1, 1, 1, 1, 1, 1, 1, 2, 2, 2, 2, 1, 1]","[0, 1, 1, 2, 1, 3, 3, 4, 4, 5, 5, 6, 6, 7, 7, 8, 8, 9, 9, 10, 9, 11, 9, 4]","[1, 0, 2, 1, 3, 1, 4, 3, 5, 4, 6, 5, 7, 6, 8, 7, 9, 8, 10, 9, 11, 9, 4, 9]",-0.59
25,56,"[1, 1, 1, 1, 1, 1, 1, 2, 1, 2, 8, 3, 3, 1, 1, 1, 1, 2, 1, 1, 2, 1, 1, 1, 1]","[1, 1, 1, 1, 1, 1, 1, 1, 1, 1, 3, 3, 3, 3, 3, 3, 1, 1, 1, 1, 2, 2, 2, 2, 1, 1, 3, 3, 3, 3, 3, 3, 1, 1, 3, 3, 3, 3, 3, 3, 3, 3, 1, 1, 1, 1, 1, 1, 1, 1, 3, 3, 1, 1, 3, 3]","[0, 1, 1, 2, 2, 3, 3, 4, 4, 5, 5, 6, 6, 7, 7, 8, 8, 9, 9, 10, 10, 11, 10, 12, 10, 13, 13, 14, 14, 15, 15, 16, 16, 17, 16, 18, 18, 19, 8, 20, 20, 21, 4, 22, 22, 23, 22, 24, 6, 1, 19, 13, 22, 1, 21, 5]","[1, 0, 2, 1, 3, 2, 4, 3, 5, 4, 6, 5, 7, 6, 8, 7, 9, 8, 10, 9, 11, 10, 12, 10, 13, 10, 14, 13, 15, 14, 16, 15, 17, 16, 18, 16, 19, 18, 20, 8, 21, 20, 22, 4, 23, 22, 24, 22, 1, 6, 13, 19, 1, 22, 5, 21]",-4.08
20,46,"[1, 1, 1, 1, 3, 3, 1, 1, 1, 1, 1, 1, 1, 1, 1, 1, 1, 1, 1, 3]","[1, 1, 3, 3, 3, 3, 2, 2, 3, 3, 3, 3, 3, 3, 3, 3, 3, 3, 1, 1, 3, 3, 3, 3, 3, 3, 3, 3, 1, 1, 1, 1, 1, 1, 1, 1, 3, 3, 3, 3, 3, 3, 3, 3, 1, 1]","[0, 1, 1, 2, 2, 3, 3, 4, 3, 5, 5, 6, 6, 7, 7, 8, 8, 9, 9, 10, 9, 11, 11, 12, 12, 13, 13, 14, 14, 15, 15, 16, 16, 17, 17, 18, 14, 19, 7, 1, 19, 11, 12, 6, 18, 13]","[1, 0, 2, 1, 3, 2, 4, 3, 5, 3, 6, 5, 7, 6, 8, 7, 9, 8, 10, 9, 11, 9, 12, 11, 13, 12, 14, 13, 15, 14, 16, 15, 17, 16, 18, 17, 19, 14, 1, 7, 11, 19, 6, 12, 13, 18]",-5.09
13,28,"[3, 8, 3, 2, 1, 1, 1, 1, 2, 1, 1, 1, 1]","[2, 2, 2, 2, 1, 1, 1, 1, 1, 1, 1, 1, 1, 1, 1, 1, 1, 1, 1, 1, 1, 1, 1, 1, 1, 1, 1, 1]","[0, 1, 1, 2, 1, 3, 3, 4, 4, 5, 5, 6, 6, 7, 1, 8, 8, 9, 9, 10, 10, 11, 11, 12, 7, 3, 12, 8]","[1, 0, 2, 1, 3, 1, 4, 3, 5, 4, 6, 5, 7, 6, 8, 1, 9, 8, 10, 9, 11, 10, 12, 11, 3, 7, 8, 12]",-0.44
25,54,"[1, 3, 1, 1, 1, 1, 1, 1, 2, 1, 3, 1, 1, 1, 1, 4, 1, 1, 1, 1, 1, 1, 1, 3, 3]","[1, 1, 1, 1, 3, 3, 3, 3, 3, 3, 3, 3, 3, 3, 3, 3, 1, 1, 2, 2, 1, 1, 3, 3, 3, 3, 3, 3, 1, 1, 3, 3, 3, 3, 3, 3, 1, 1, 3, 3, 1, 1, 1, 1, 2, 2, 1, 1, 3, 3, 3, 3, 3, 3]","[0, 1, 1, 2, 2, 3, 3, 4, 4, 5, 5, 6, 6, 7, 5, 8, 8, 9, 9, 10, 9, 11, 11, 12, 12, 13, 13, 14, 14, 15, 14, 16, 16, 17, 8, 18, 18, 19, 18, 20, 20, 21, 21, 22, 22, 23, 22, 24, 7, 2, 17, 11, 20, 4]","[1, 0, 2, 1, 3, 2, 4, 3, 5, 4, 6, 5, 7, 6, 8, 5, 9, 8, 10, 9, 11, 9, 12, 11, 13, 12, 14, 13, 15, 14, 16, 14, 17, 16, 18, 8, 19, 18, 20, 18, 21, 20, 22, 21, 23, 22, 24, 22, 2, 7, 11, 17, 4, 20]",-4.77
15,30,"[1, 1, 3, 1, 1, 1, 2, 1, 3, 1, 1, 1, 2, 3, 3]","[1, 1, 1, 1, 1, 1, 2, 2, 1, 1, 1, 1, 1, 1, 2, 2, 1, 1, 1, 1, 1, 1, 1, 1, 2, 2, 1, 1, 1, 1]","[0, 1, 1, 2, 2, 3, 3, 4, 4, 5, 5, 6, 6, 7, 7, 8, 6, 9, 9, 10, 9, 11, 4, 12, 12, 13, 12, 14, 7, 3]","[1, 0, 2, 1, 3, 2, 4, 3, 5, 4, 6, 5, 7, 6, 8, 7, 9, 6, 10, 9, 11, 9, 12, 4, 13, 12, 14, 12, 3, 7]",-4.33
23,50,"[1, 1, 1, 1, 1, 1, 1, 1, 1, 3, 2, 1, 1, 2, 1, 1, 1, 1, 1, 1, 2, 1, 1]","[1, 1, 3, 3, 3, 3, 3, 3, 1, 1, 3, 3, 1, 1, 1, 1, 2, 2, 1, 1, 1, 1, 1, 1, 3, 3, 3, 3, 3, 3, 1, 1, 3, 3, 3, 3, 3, 3, 3, 3, 3, 3, 3, 3, 3, 3, 3, 3, 3, 3]","[0, 1, 1, 2, 2, 3, 3, 4, 4, 5, 5, 6, 6, 7, 7, 8, 8, 9, 8, 10, 10, 11, 10, 12, 6, 13, 13, 14, 14, 15, 15, 16, 15, 17, 17, 18, 18, 19, 19, 20, 4, 21, 21, 22, 22, 1, 20, 5, 19, 13]","[1, 0, 2, 1, 3, 2, 4, 3, 5, 4, 6, 5, 7, 6, 8, 7, 9, 8, 10, 8, 11, 10, 12, 10, 13, 6, 14, 13, 15, 14, 16, 15, 17, 15, 18, 17, 19, 18, 20, 19, 21, 4, 22, 21, 1, 22, 5, 20, 13, 19]",-1.3
25,56,"[3, 1, 3, 1, 3, 1, 1, 1, 1, 1, 1, 1, 3, 1, 1, 1, 3, 1, 1, 1, 1, 1, 1, 1, 3]","[2, 2, 1, 1, 1, 1, 1, 1, 1, 1, 1, 1, 3, 3, 3, 3, 3, 3, 3, 3, 3, 3, 1, 1, 1, 1, 1, 1, 1, 1, 1, 1, 1, 1, 1, 1, 3, 3, 3, 3, 3, 3, 3, 3, 3, 3, 1, 1, 1, 1, 1, 1, 3, 3, 3, 3]","[0, 1, 1, 2, 1, 3, 3, 4, 4, 5, 5, 6, 6, 7, 7, 8, 8, 9, 9, 10, 10, 11, 5, 12, 12, 13, 13, 14, 14, 15, 15, 16, 16, 17, 17, 18, 18, 19, 19, 20, 20, 21, 21, 22, 22, 23, 17, 24, 13, 3, 24, 14, 11, 6, 23, 18]","[1, 0, 2, 1, 3, 1, 4, 3, 5, 4, 6, 5, 7, 6, 8, 7, 9, 8, 10, 9, 11, 10, 12, 5, 13, 12, 14, 13, 15, 14, 16, 15, 17, 16, 18, 17, 19, 18, 20, 19, 21, 20, 22, 21, 23, 22, 24, 17, 3, 13, 14, 24, 6, 11, 18, 23]",-2.45
27,60,"[1, 1, 3, 7, 3, 1, 1, 1, 1, 1, 1, 2, 1, 1, 1, 1, 1, 1, 8, 1, 1, 2, 1, 1, 1, 1, 3]","[1, 1, 1, 1, 1, 1, 2, 2, 1, 1, 1, 1, 3, 3, 3, 3, 3, 3, 1, 1, 3, 3, 3, 3, 3, 3, 3, 3, 3, 3, 3, 3, 3, 3, 3, 3, 3, 3, 3, 3, 1, 1, 1, 1, 1, 1, 1, 1, 1, 1, 2, 2, 3, 3, 1, 1, 3, 3, 3, 3]","[0, 1, 1, 2, 2, 3, 3, 4, 3, 5, 5, 6, 6, 7, 7, 8, 8, 9, 9, 10, 10, 11, 11, 12, 12, 13, 13, 14, 14, 15, 15, 16, 16, 17, 13, 18, 9, 19, 19, 20, 3, 21, 21, 22, 22, 23, 23, 24, 24, 25, 25, 26, 20, 6, 25, 21, 18, 10, 17, 12]","[1, 0, 2, 1, 3, 2, 4, 3, 5, 3, 6, 5, 7, 6, 8, 7, 9, 8, 10, 9, 11, 10, 12, 11, 13, 12, 14, 13, 15, 14, 16, 15, 17, 16, 18, 13, 19, 9, 20, 19, 21, 3, 22, 21, 23, 22, 24, 23, 25, 24, 26, 25, 6, 20, 21, 25, 10, 18, 12, 17]",-3.73
21,44,"[1, 2, 1, 1, 1, 1, 3, 1, 1, 1, 1, 1, 1, 1, 1, 1, 1, 1, 1, 1, 1]","[1, 1, 1, 1, 1, 1, 1, 1, 1, 1, 1, 1, 1, 1, 1, 1, 1, 1, 3, 3, 3, 3, 3, 3, 3, 3, 3, 3, 1, 1, 1, 1, 1, 1, 1, 1, 1, 1, 1, 1, 1, 1, 3, 3]","[0, 1, 1, 2, 1, 3, 3, 4, 4, 5, 5, 6, 6, 7, 7, 8, 8, 9, 9, 10, 10, 11, 11, 12, 12, 13, 13, 14, 7, 15, 15, 16, 16, 17, 17, 18, 18, 19, 19, 20, 20, 7, 14, 9]","[1, 0, 2, 1, 3, 1, 4, 3, 5, 4, 6, 5, 7, 6, 8, 7, 9, 8, 10, 9, 11, 10, 12, 11, 13, 12, 14, 13, 15, 7, 16, 15, 17, 16, 18, 17, 19, 18, 20, 19, 7, 20, 9, 14]",-1.62
21,44,"[1, 3, 1, 1, 1, 1, 1, 2, 1, 1, 2, 1, 1, 1, 2, 1, 1, 1, 2, 1, 1]","[1, 1, 1, 1, 3, 3, 3, 3, 3, 3, 1, 1, 1, 1, 1, 1, 1, 1, 1, 1, 1, 1, 1, 1, 1, 1, 3, 3, 3, 3, 3, 3, 3, 3, 3, 3, 3, 3, 3, 3, 3, 3, 3, 3]","[0, 1, 1, 2, 2, 3, 3, 4, 4, 5, 5, 6, 6, 7, 7, 8, 8, 9, 9, 10, 10, 11, 10, 12, 7, 13, 13, 14, 14, 15, 15, 16, 16, 17, 17, 18, 5, 19, 19, 20, 20, 2, 18, 13]","[1, 0, 2, 1, 3, 2, 4, 3, 5, 4, 6, 5, 7, 6, 8, 7, 9, 8, 10, 9, 11, 10, 12, 10, 13, 7, 14, 13, 15, 14, 16, 15, 17, 16, 18, 17, 19, 5, 20, 19, 2, 20, 13, 18]",-2.99
20,42,"[2, 1, 2, 2, 2, 1, 1, 1, 1, 2, 2, 1, 2, 2, 1, 1, 1, 1, 1, 1]","[2, 2, 1, 1, 1, 1, 1, 1, 2, 2, 1, 1, 2, 2, 1, 1, 2, 2, 1, 1, 1, 1, 2, 2, 1, 1, 1, 1, 3, 3, 3, 3, 3, 3, 3, 3, 3, 3, 1, 1, 3, 3]","[0, 1, 1, 2, 1, 3, 3, 4, 4, 5, 5, 6, 6, 7, 7, 8, 8, 9, 9, 10, 10, 11, 11, 12, 11, 13, 8, 14, 14, 15, 15, 16, 16, 17, 17, 18, 18, 19, 15, 5, 19, 14]","[1, 0, 2, 1, 3, 1, 4, 3, 5, 4, 6, 5, 7, 6, 8, 7, 9, 8, 10, 9, 11, 10, 12, 11, 13, 11, 14, 8, 15, 14, 16, 15, 17, 16, 18, 17, 19, 18, 5, 15, 14, 19]",-3.29
20,46,"[1, 2, 1, 1, 1, 1, 1, 1, 1, 1, 1, 1, 1, 1, 1, 3, 1, 3, 1, 1]","[1, 1, 1, 1, 1, 1, 1, 1, 1, 1, 2, 2, 1, 1, 2, 2, 1, 1, 1, 1, 1, 1, 1, 1, 3, 3, 3, 3, 1, 1, 3, 3, 1, 1, 3, 3, 3, 3, 1, 1, 3, 3, 1, 1, 1, 1]","[0, 1, 1, 2, 2, 3, 3, 4, 4, 5, 5, 6, 6, 7, 7, 8, 8, 9, 9, 10, 10, 11, 11, 12, 12, 13, 13, 14, 14, 15, 14, 16, 16, 17, 16, 18, 18, 19, 10, 1, 19, 12, 9, 4, 13, 4]","[1, 0, 2, 1, 3, 2, 4, 3, 5, 4, 6, 5, 7, 6, 8, 7, 9, 8, 10, 9, 11, 10, 12, 11, 13, 12, 14, 13, 15, 14, 16, 14, 17, 16, 18, 16, 19, 18, 1, 10, 12, 19, 4, 9, 4, 13]",-1.72
27,64,"[1, 2, 1, 1, 1, 1, 1, 1, 1, 1, 3, 1, 1, 1, 1, 1, 1, 1, 1, 3, 1, 1, 1, 1, 1, 1, 1]","[1, 1, 1, 1, 1, 1, 1, 1, 1, 1, 3, 3, 3, 3, 3, 3, 3, 3, 1, 1, 1, 1, 1, 1, 3, 3, 3, 3, 3, 3, 3, 3, 3, 3, 3, 3, 1, 1, 1, 1, 1, 1, 1, 1, 1, 1, 1, 1, 1, 1, 1, 1, 1, 1, 1, 1, 1, 1, 3, 3, 1, 1, 3, 3]","[0, 1, 1, 2, 2, 3, 3, 4, 4, 5, 5, 6, 6, 7, 7, 8, 8, 9, 9, 10, 10, 11, 11, 12, 12, 13, 13, 14, 14, 15, 15, 16, 16, 17, 9, 18, 18, 19, 19, 20, 20, 21, 21, 22, 22, 23, 23, 24, 24, 25, 25, 26, 25, 1, 20, 4, 24, 4, 18, 5, 26, 6, 17, 12]","[1, 0, 2, 1, 3, 2, 4, 3, 5, 4, 6, 5, 7, 6, 8, 7, 9, 8, 10, 9, 11, 10, 12, 11, 13, 12, 14, 13, 15, 14, 16, 15, 17, 16, 18, 9, 19, 18, 20, 19, 21, 20, 22, 21, 23, 22, 24, 23, 25, 24, 26, 25, 1, 25, 4, 20, 4, 24, 5, 18, 6, 26, 12, 17]",-4.22
28,62,"[1, 1, 1, 1, 1, 1, 1, 2, 1, 1, 2, 1, 1, 1, 1, 1, 1, 1, 1, 1, 1, 1, 4, 1, 1, 1, 1, 1]","[1, 1, 3, 3, 3, 3, 3, 3, 3, 3, 1, 1, 1, 1, 1, 1, 1, 1, 1, 1, 1, 1, 1, 1, 3, 3, 3, 3, 3, 3, 3, 3, 3, 3, 1, 1, 3, 3, 3, 3, 3, 3, 1, 1, 3, 3, 3, 3, 1, 1, 1, 1, 3, 3, 3, 3, 1, 1, 3, 3, 3, 3]","[0, 1, 1, 2, 2, 3, 3, 4, 4, 5, 5, 6, 6, 7, 7, 8, 8, 9, 9, 10, 10, 11, 11, 12, 12, 13, 13, 14, 14, 15, 15, 16, 16, 17, 11, 18, 18, 19, 19, 20, 20, 21, 21, 22, 21, 23, 23, 24, 10, 25, 25, 26, 5, 27, 27, 1, 26, 7, 17, 12, 24, 18]","[1, 0, 2, 1, 3, 2, 4, 3, 5, 4, 6, 5, 7, 6, 8, 7, 9, 8, 10, 9, 11, 10, 12, 11, 13, 12, 14, 13, 15, 14, 16, 15, 17, 16, 18, 11, 19, 18, 20, 19, 21, 20, 22, 21, 23, 21, 24, 23, 25, 10, 26, 25, 27, 5, 1, 27, 7, 26, 12, 17, 18, 24]",-4.63
20,44,"[3, 1, 1, 1, 1, 1, 1, 1, 1, 1, 1, 1, 1, 1, 1, 1, 1, 1, 1, 2]","[1, 1, 1, 1, 3, 3, 3, 3, 3, 3, 3, 3, 3, 3, 1, 1, 3, 3, 3, 3, 3, 3, 3, 3, 3, 3, 1, 1, 1, 1, 1, 1, 1, 1, 1, 1, 1, 1, 3, 3, 3, 3, 1, 1]","[0, 1, 1, 2, 2, 3, 3, 4, 4, 5, 5, 6, 6, 7, 1, 8, 8, 9, 9, 10, 10, 11, 11, 12, 12, 13, 1, 14, 14, 15, 15, 16, 16, 17, 17, 18, 18, 19, 7, 2, 13, 8, 19, 14]","[1, 0, 2, 1, 3, 2, 4, 3, 5, 4, 6, 5, 7, 6, 8, 1, 9, 8, 10, 9, 11, 10, 12, 11, 13, 12, 14, 1, 15, 14, 16, 15, 17, 16, 18, 17, 19, 18, 2, 7, 8, 13, 14, 19]",-1.9
15,32,"[3, 1, 1, 8, 3, 3, 3, 1, 3, 1, 1, 1, 1, 1, 1]","[1, 1, 2, 2, 1, 1, 2, 2, 2, 2, 1, 1, 1, 1, 2, 2, 1, 1, 3, 3, 3, 3, 3, 3, 3, 3, 3, 3, 1, 1, 3, 3]","[0, 1, 1, 2, 2, 3, 3, 4, 3, 5, 3, 6, 2, 7, 7, 8, 7, 9, 9, 10, 10, 11, 11, 12, 12, 13, 13, 14, 10, 1, 14, 9]","[1, 0, 2, 1, 3, 2, 4, 3, 5, 3, 6, 3, 7, 2, 8, 7, 9, 7, 10, 9, 11, 10, 12, 11, 13, 12, 14, 13, 1, 10, 9, 14]",-2.23
15,32,"[1, 1, 1, 1, 1, 1, 1, 2, 3, 1, 1, 3, 2, 3, 3]","[3, 3, 3, 3, 3, 3, 3, 3, 3, 3, 1, 1, 2, 2, 1, 1, 1, 1, 1, 1, 2, 2, 1, 1, 2, 2, 1, 1, 3, 3, 1, 1]","[0, 1, 1, 2, 2, 3, 3, 4, 4, 5, 4, 6, 6, 7, 7, 8, 6, 9, 9, 10, 10, 11, 9, 12, 12, 13, 12, 14, 5, 0, 10, 3]","[1, 0, 2, 1, 3, 2, 4, 3, 5, 4, 6, 4, 7, 6, 8, 7, 9, 6, 10, 9, 11, 10, 12, 9, 13, 12, 14, 12, 0, 5, 3, 10]",-2.68
22,46,"[1, 1, 1, 2, 1, 3, 1, 3, 1, 3, 2, 1, 1, 1, 1, 1, 1, 1, 1, 1, 1, 1]","[1, 1, 3, 3, 1, 1, 1, 1, 2, 2, 1, 1, 2, 2, 1, 1, 2, 2, 1, 1, 1, 1, 3, 3, 1, 1, 3, 3, 3, 3, 3, 3, 3, 3, 3, 3, 3, 3, 3, 3, 3, 3, 3, 3, 3, 3]","[0, 1, 1, 2, 2, 3, 3, 4, 4, 5, 4, 6, 6, 7, 6, 8, 8, 9, 8, 10, 10, 11, 11, 12, 12, 13, 12, 14, 14, 15, 15, 16, 16, 17, 2, 18, 18, 19, 19, 20, 20, 21, 21, 1, 17, 11]","[1, 0, 2, 1, 3, 2, 4, 3, 5, 4, 6, 4, 7, 6, 8, 6, 9, 8, 10, 8, 11, 10, 12, 11, 13, 12, 14, 12, 15, 14, 16, 15, 17, 16, 18, 2, 19, 18, 20, 19, 21, 20, 1, 21, 11, 17]",-2.2
23,48,"[1, 1, 3, 1, 1, 1, 1, 1, 3, 3, 1, 1, 2, 1, 1, 1, 1, 1, 1, 1, 1, 1, 1]","[1, 1, 1, 1, 1, 1, 3, 3, 3, 3, 3, 3, 1, 1, 2, 2, 1, 1, 1, 1, 1, 1, 1, 1, 1, 1, 1, 1, 1, 1, 3, 3, 3, 3, 3, 3, 3, 3, 3, 3, 3, 3, 3, 3, 3, 3, 3, 3]","[0, 1, 1, 2, 2, 3, 3, 4, 4, 5, 5, 6, 6, 7, 7, 8, 7, 9, 9, 10, 10, 11, 11, 12, 12, 13, 13, 14, 13, 15, 15, 16, 16, 17, 17, 18, 18, 19, 19, 20, 6, 21, 21, 22, 22, 3, 20, 15]","[1, 0, 2, 1, 3, 2, 4, 3, 5, 4, 6, 5, 7, 6, 8, 7, 9, 7, 10, 9, 11, 10, 12, 11, 13, 12, 14, 13, 15, 13, 16, 15, 17, 16, 18, 17, 19, 18, 20, 19, 21, 6, 22, 21, 3, 22, 15, 20]",-1.49
18,38,"[2, 1, 2, 1, 1, 1, 1, 1, 1, 1, 1, 1, 1, 1, 2, 2, 3, 3]","[2, 2, 1, 1, 1, 1, 3, 3, 3, 3, 3, 3, 1, 1, 1, 1, 1, 1, 3, 3, 3, 3, 3, 3, 1, 1, 2, 2, 1, 1, 3, 3, 3, 3, 3, 3, 3, 3]","[0, 1, 1, 2, 1, 3, 3, 4, 4, 5, 5, 6, 6, 7, 7, 8, 8, 9, 9, 10, 10, 11, 11, 12, 12, 13, 13, 14, 13, 15, 12, 16, 6, 17, 17, 3, 16, 9]","[1, 0, 2, 1, 3, 1, 4, 3, 5, 4, 6, 5, 7, 6, 8, 7, 9, 8, 10, 9, 11, 10, 12, 11, 13, 12, 14, 13, 15, 13, 16, 12, 17, 6, 3, 17, 9, 16]",-1.02
20,44,"[3, 1, 1, 2, 1, 1, 1, 1, 1, 1, 1, 1, 1, 1, 1, 1, 1, 4, 1, 1]","[1, 1, 1, 1, 1, 1, 1, 1, 1, 1, 1, 1, 1, 1, 1, 1, 1, 1, 3, 3, 3, 3, 3, 3, 3, 3, 3, 3, 3, 3, 3, 3, 1, 1, 3, 3, 3, 3, 1, 1, 3, 3, 3, 3]","[0, 1, 1, 2, 2, 3, 3, 4, 4, 5, 5, 6, 6, 7, 7, 8, 1, 9, 9, 10, 10, 11, 11, 12, 12, 13, 13, 14, 14, 15, 15, 16, 16, 17, 16, 18, 18, 19, 8, 3, 19, 9, 15, 10]","[1, 0, 2, 1, 3, 2, 4, 3, 5, 4, 6, 5, 7, 6, 8, 7, 9, 1, 10, 9, 11, 10, 12, 11, 13, 12, 14, 13, 15, 14, 16, 15, 17, 16, 18, 16, 19, 18, 3, 8, 9, 19, 10, 15]",-1.55
16,34,"[1, 1, 1, 1, 2, 1, 1, 2, 1, 1, 1, 1, 1, 1, 1, 1]","[1, 1, 1, 1, 1, 1, 1, 1, 1, 1, 1, 1, 1, 1, 1, 1, 1, 1, 1, 1, 1, 1, 1, 1, 1, 1, 1, 1, 1, 1, 1, 1, 1, 1]","[0, 1, 1, 2, 2, 3, 3, 4, 4, 5, 5, 6, 6, 7, 7, 8, 8, 9, 9, 10, 10, 11, 11, 12, 12, 13, 3, 14, 14, 15, 15, 0, 13, 8]","[1, 0, 2, 1, 3, 2, 4, 3, 5, 4, 6, 5, 7, 6, 8, 7, 9, 8, 10, 9, 11, 10, 12, 11, 13, 12, 14, 3, 15, 14, 0, 15, 8, 13]",-0.98
20,44,"[3, 1, 1, 1, 1, 1, 1, 1, 1, 1, 1, 1, 1, 1, 1, 1, 1, 2, 1, 1]","[1, 1, 1, 1, 3, 3, 3, 3, 3, 3, 3, 3, 3, 3, 1, 1, 3, 3, 3, 3, 3, 3, 3, 3, 3, 3, 1, 1, 1, 1, 1, 1, 1, 1, 1, 1, 1, 1, 3, 3, 3, 3, 1, 1]","[0, 1, 1, 2, 2, 3, 3, 4, 4, 5, 5, 6, 6, 7, 1, 8, 8, 9, 9, 10, 10, 11, 11, 12, 12, 13, 1, 14, 14, 15, 15, 16, 16, 17, 17, 18, 18, 19, 7, 2, 13, 8, 19, 14]","[1, 0, 2, 1, 3, 2, 4, 3, 5, 4, 6, 5, 7, 6, 8, 1, 9, 8, 10, 9, 11, 10, 12, 11, 13, 12, 14, 1, 15, 14, 16, 15, 17, 16, 18, 17, 19, 18, 2, 7, 8, 13, 14, 19]",-1.39
20,46,"[1, 2, 1, 1, 1, 1, 1, 1, 1, 1, 3, 1, 1, 1, 1, 4, 1, 1, 1, 1]","[1, 1, 1, 1, 1, 1, 1, 1, 3, 3, 3, 3, 3, 3, 3, 3, 3, 3, 1, 1, 1, 1, 3, 3, 3, 3, 3, 3, 1, 1, 3, 3, 3, 3, 1, 1, 1, 1, 1, 1, 1, 1, 3, 3, 3, 3]","[0, 1, 1, 2, 2, 3, 3, 4, 4, 5, 5, 6, 6, 7, 7, 8, 8, 9, 5, 10, 10, 11, 11, 12, 12, 13, 13, 14, 14, 15, 14, 16, 16, 17, 12, 18, 18, 19, 19, 1, 18, 3, 9, 4, 17, 11]","[1, 0, 2, 1, 3, 2, 4, 3, 5, 4, 6, 5, 7, 6, 8, 7, 9, 8, 10, 5, 11, 10, 12, 11, 13, 12, 14, 13, 15, 14, 16, 14, 17, 16, 18, 12, 19, 18, 1, 19, 3, 18, 4, 9, 11, 17]",-2.13
19,44,"[1, 1, 1, 1, 3, 1, 1, 1, 3, 1, 1, 1, 1, 3, 1, 1, 1, 1, 3]","[1, 1, 2, 2, 1, 1, 1, 1, 1, 1, 1, 1, 1, 1, 1, 1, 1, 1, 1, 1, 1, 1, 1, 1, 1, 1, 1, 1, 1, 1, 1, 1, 1, 1, 1, 1, 1, 1, 1, 1, 1, 1, 1, 1]","[0, 1, 1, 2, 2, 3, 3, 4, 4, 5, 5, 6, 6, 7, 7, 8, 7, 9, 9, 10, 9, 11, 11, 12, 12, 13, 11, 14, 14, 15, 9, 16, 16, 17, 17, 18, 15, 1, 18, 16, 11, 3, 16, 5]","[1, 0, 2, 1, 3, 2, 4, 3, 5, 4, 6, 5, 7, 6, 8, 7, 9, 7, 10, 9, 11, 9, 12, 11, 13, 12, 14, 11, 15, 14, 16, 9, 17, 16, 18, 17, 1, 15, 16, 18, 3, 11, 5, 16]",-2.61
22,50,"[1, 2, 1, 1, 1, 1, 1, 1, 1, 1, 1, 1, 1, 1, 1, 1, 1, 1, 1, 1, 1, 1]","[1, 1, 1, 1, 1, 1, 1, 1, 2, 2, 1, 1, 3, 3, 3, 3, 3, 3, 3, 3, 3, 3, 1, 1, 2, 2, 1, 1, 3, 3, 3, 3, 3, 3, 3, 3, 3, 3, 1, 1, 1, 1, 1, 1, 1, 1, 3, 3, 3, 3]","[0, 1, 1, 2, 2, 3, 3, 4, 4, 5, 5, 6, 6, 7, 7, 8, 8, 9, 9, 10, 10, 11, 7, 12, 12, 13, 13, 14, 14, 15, 15, 16, 16, 17, 17, 18, 18, 19, 4, 20, 20, 21, 21, 1, 15, 5, 11, 6, 19, 14]","[1, 0, 2, 1, 3, 2, 4, 3, 5, 4, 6, 5, 7, 6, 8, 7, 9, 8, 10, 9, 11, 10, 12, 7, 13, 12, 14, 13, 15, 14, 16, 15, 17, 16, 18, 17, 19, 18, 20, 4, 21, 20, 1, 21, 5, 15, 6, 11, 14, 19]",-3.09
18,40,"[2, 1, 2, 1, 1, 2, 1, 2, 1, 1, 1, 1, 1, 3, 1, 1, 3, 2]","[1, 1, 3, 3, 3, 3, 3, 3, 3, 3, 3, 3, 3, 3, 1, 1, 1, 1, 2, 2, 1, 1, 1, 1, 1, 1, 1, 1, 3, 3, 1, 1, 3, 3, 3, 3, 3, 3, 1, 1]","[0, 1, 1, 2, 2, 3, 3, 4, 4, 5, 5, 6, 6, 7, 7, 8, 8, 9, 9, 10, 10, 11, 11, 12, 12, 13, 11, 14, 4, 15, 15, 16, 15, 17, 17, 1, 7, 3, 14, 8]","[1, 0, 2, 1, 3, 2, 4, 3, 5, 4, 6, 5, 7, 6, 8, 7, 9, 8, 10, 9, 11, 10, 12, 11, 13, 12, 14, 11, 15, 4, 16, 15, 17, 15, 1, 17, 3, 7, 8, 14]",-2.3
27,56,"[3, 1, 3, 1, 2, 1, 1, 1, 1, 1, 2, 1, 1, 3, 3, 1, 1, 1, 1, 1, 1, 1, 1, 1, 1, 1, 1]","[2, 2, 1, 1, 1, 1, 1, 1, 1, 1, 1, 1, 1, 1, 1, 1, 1, 1, 1, 1, 1, 1, 1, 1, 2, 2, 1, 1, 1, 1, 3, 3, 3, 3, 3, 3, 3, 3, 3, 3, 1, 1, 3, 3, 3, 3, 3, 3, 3, 3, 3, 3, 3, 3, 3, 3]","[0, 1, 1, 2, 1, 3, 3, 4, 4, 5, 5, 6, 6, 7, 7, 8, 8, 9, 9, 10, 10, 11, 11, 12, 12, 13, 12, 14, 11, 15, 15, 16, 16, 17, 17, 18, 18, 19, 19, 20, 3, 21, 21, 22, 22, 23, 23, 24, 24, 25, 25, 26, 20, 15, 26, 21]","[1, 0, 2, 1, 3, 1, 4, 3, 5, 4, 6, 5, 7, 6, 8, 7, 9, 8, 10, 9, 11, 10, 12, 11, 13, 12, 14, 12, 15, 11, 16, 15, 17, 16, 18, 17, 19, 18, 20, 19, 21, 3, 22, 21, 23, 22, 24, 23, 25, 24, 26, 25, 15, 20, 21, 26]",-2.02
22,48,"[1, 1, 1, 2, 8, 3, 3, 1, 1, 1, 1, 2, 1, 1, 1, 1, 1, 1, 1, 1, 1, 1]","[1, 1, 3, 3, 1, 1, 1, 1, 2, 2, 2, 2, 1, 1, 3, 3, 3, 3, 3, 3, 1, 1, 3, 3, 3, 3, 3, 3, 3, 3, 3, 3, 3, 3, 3, 3, 3, 3, 3, 3, 3, 3, 3, 3, 3, 3, 3, 3]","[0, 1, 1, 2, 2, 3, 3, 4, 4, 5, 4, 6, 4, 7, 7, 8, 8, 9, 9, 10, 10, 11, 10, 12, 12, 13, 2, 14, 14, 15, 15, 16, 16, 17, 17, 18, 18, 19, 15, 20, 20, 21, 21, 1, 13, 7, 19, 14]","[1, 0, 2, 1, 3, 2, 4, 3, 5, 4, 6, 4, 7, 4, 8, 7, 9, 8, 10, 9, 11, 10, 12, 10, 13, 12, 14, 2, 15, 14, 16, 15, 17, 16, 18, 17, 19, 18, 20, 15, 21, 20, 1, 21, 7, 13, 14, 19]",-4.5
19,40,"[3, 1, 2, 1, 1, 1, 1, 1, 1, 1, 3, 1, 3, 1, 1, 1, 1, 1, 1]","[2, 2, 1, 1, 1, 1, 3, 3, 3, 3, 3, 3, 3, 3, 3, 3, 1, 1, 1, 1, 1, 1, 1, 1, 1, 1, 3, 3, 3, 3, 3, 3, 3, 3, 3, 3, 3, 3, 3, 3]","[0, 1, 1, 2, 2, 3, 3, 4, 4, 5, 5, 6, 6, 7, 7, 8, 1, 9, 9, 10, 9, 11, 11, 12, 12, 13, 13, 14, 14, 15, 15, 16, 16, 17, 17, 18, 8, 3, 18, 13]","[1, 0, 2, 1, 3, 2, 4, 3, 5, 4, 6, 5, 7, 6, 8, 7, 9, 1, 10, 9, 11, 9, 12, 11, 13, 12, 14, 13, 15, 14, 16, 15, 17, 16, 18, 17, 3, 8, 13, 18]",-2.41
21,46,"[1, 1, 3, 3, 1, 1, 1, 1, 3, 1, 1, 1, 3, 3, 1, 3, 1, 1, 1, 3, 1]","[1, 1, 2, 2, 1, 1, 1, 1, 1, 1, 1, 1, 1, 1, 1, 1, 1, 1, 1, 1, 1, 1, 1, 1, 1, 1, 1, 1, 1, 1, 1, 1, 1, 1, 1, 1, 1, 1, 1, 1, 1, 1, 1, 1, 1, 1]","[0, 1, 1, 2, 1, 3, 3, 4, 4, 5, 5, 6, 6, 7, 7, 8, 8, 9, 9, 10, 9, 11, 9, 12, 5, 13, 13, 14, 14, 15, 15, 16, 16, 17, 16, 18, 16, 19, 19, 20, 20, 4, 12, 6, 20, 14]","[1, 0, 2, 1, 3, 1, 4, 3, 5, 4, 6, 5, 7, 6, 8, 7, 9, 8, 10, 9, 11, 9, 12, 9, 13, 5, 14, 13, 15, 14, 16, 15, 17, 16, 18, 16, 19, 16, 20, 19, 4, 20, 6, 12, 14, 20]",-1.52
24,52,"[1, 1, 1, 2, 1, 3, 2, 1, 1, 1, 1, 1, 1, 1, 3, 2, 1, 1, 1, 1, 1, 1, 2, 1]","[1, 1, 3, 3, 1, 1, 1, 1, 2, 2, 1, 1, 1, 1, 3, 3, 3, 3, 3, 3, 3, 3, 3, 3, 3, 3, 2, 2, 3, 3, 1, 1, 3, 3, 3, 3, 3, 3, 3, 3, 3, 3, 3, 3, 1, 1, 3, 3, 3, 3, 3, 3]","[0, 1, 1, 2, 2, 3, 3, 4, 4, 5, 4, 6, 6, 7, 7, 8, 8, 9, 9, 10, 10, 11, 11, 12, 2, 13, 13, 14, 13, 15, 15, 16, 16, 17, 17, 18, 18, 19, 19, 20, 20, 21, 15, 22, 22, 23, 22, 1, 12, 7, 21, 16]","[1, 0, 2, 1, 3, 2, 4, 3, 5, 4, 6, 4, 7, 6, 8, 7, 9, 8, 10, 9, 11, 10, 12, 11, 13, 2, 14, 13, 15, 13, 16, 15, 17, 16, 18, 17, 19, 18, 20, 19, 21, 20, 22, 15, 23, 22, 1, 22, 7, 12, 16, 21]",-2.3
24,50,"[3, 1, 3, 1, 8, 1, 1, 8, 1, 1, 3, 3, 1, 1, 1, 1, 1, 1, 1, 1, 1, 1, 1, 1]","[2, 2, 1, 1, 1, 1, 1, 1, 1, 1, 1, 1, 1, 1, 1, 1, 1, 1, 2, 2, 1, 1, 1, 1, 3, 3, 3, 3, 3, 3, 3, 3, 3, 3, 1, 1, 3, 3, 3, 3, 3, 3, 3, 3, 3, 3, 3, 3, 3, 3]","[0, 1, 1, 2, 1, 3, 3, 4, 4, 5, 5, 6, 6, 7, 7, 8, 8, 9, 9, 10, 9, 11, 8, 12, 12, 13, 13, 14, 14, 15, 15, 16, 16, 17, 3, 18, 18, 19, 19, 20, 20, 21, 21, 22, 22, 23, 17, 12, 23, 18]","[1, 0, 2, 1, 3, 1, 4, 3, 5, 4, 6, 5, 7, 6, 8, 7, 9, 8, 10, 9, 11, 9, 12, 8, 13, 12, 14, 13, 15, 14, 16, 15, 17, 16, 18, 3, 19, 18, 20, 19, 21, 20, 22, 21, 23, 22, 12, 17, 18, 23]",-3.41
14,30,"[1, 1, 1, 1, 1, 1, 2, 3, 1, 2, 3, 1, 1, 1]","[1, 1, 1, 1, 1, 1, 1, 1, 1, 1, 2, 2, 1, 1, 1, 1, 2, 2, 1, 1, 1, 1, 1, 1, 1, 1, 1, 1, 1, 1]","[0, 1, 1, 2, 2, 3, 3, 4, 4, 5, 5, 6, 6, 7, 5, 8, 8, 9, 9, 10, 4, 11, 11, 12, 11, 13, 8, 1, 11, 1]","[1, 0, 2, 1, 3, 2, 4, 3, 5, 4, 6, 5, 7, 6, 8, 5, 9, 8, 10, 9, 11, 4, 12, 11, 13, 11, 1, 8, 1, 11]",-2.52
12,26,"[1, 1, 1, 1, 3, 1, 3, 1, 1, 1, 1, 1]","[1, 1, 1, 1, 1, 1, 2, 2, 1, 1, 2, 2, 1, 1, 1, 1, 1, 1, 1, 1, 1, 1, 1, 1, 1, 1]","[0, 1, 1, 2, 1, 3, 3, 4, 3, 5, 5, 6, 5, 7, 7, 8, 8, 9, 9, 10, 10, 11, 10, 1, 11, 7]","[1, 0, 2, 1, 3, 1, 4, 3, 5, 3, 6, 5, 7, 5, 8, 7, 9, 8, 10, 9, 11, 10, 1, 10, 7, 11]",-1.52
24,52,"[3, 1, 3, 1, 2, 1, 3, 2, 1, 1, 1, 1, 1, 1, 1, 3, 1, 1, 1, 1, 1, 1, 1, 1]","[2, 2, 1, 1, 1, 1, 1, 1, 1, 1, 2, 2, 1, 1, 1, 1, 3, 3, 3, 3, 3, 3, 3, 3, 3, 3, 1, 1, 2, 2, 1, 1, 1, 1, 1, 1, 3, 3, 3, 3, 3, 3, 3, 3, 3, 3, 1, 1, 3, 3, 3, 3]","[0, 1, 1, 2, 1, 3, 3, 4, 4, 5, 5, 6, 5, 7, 7, 8, 8, 9, 9, 10, 10, 11, 11, 12, 12, 13, 7, 14, 14, 15, 14, 16, 16, 17, 17, 18, 18, 19, 19, 20, 20, 21, 21, 22, 22, 23, 16, 4, 23, 18, 13, 8]","[1, 0, 2, 1, 3, 1, 4, 3, 5, 4, 6, 5, 7, 5, 8, 7, 9, 8, 10, 9, 11, 10, 12, 11, 13, 12, 14, 7, 15, 14, 16, 14, 17, 16, 18, 17, 19, 18, 20, 19, 21, 20, 22, 21, 23, 22, 4, 16, 18, 23, 8, 13]",-2.91
14,30,"[1, 1, 1, 3, 1, 1, 1, 1, 3, 1, 1, 1, 3, 1]","[1, 1, 1, 1, 2, 2, 1, 1, 1, 1, 1, 1, 1, 1, 1, 1, 1, 1, 1, 1, 1, 1, 1, 1, 1, 1, 1, 1, 1, 1]","[0, 1, 1, 2, 2, 3, 2, 4, 4, 5, 5, 6, 6, 7, 7, 8, 7, 9, 9, 10, 10, 11, 11, 12, 11, 13, 13, 1, 13, 6]","[1, 0, 2, 1, 3, 2, 4, 2, 5, 4, 6, 5, 7, 6, 8, 7, 9, 7, 10, 9, 11, 10, 12, 11, 13, 11, 1, 13, 6, 13]",-0.3
20,44,"[1, 1, 3, 1, 1, 1, 3, 1, 2, 3, 2, 1, 1, 3, 1, 1, 1, 1, 3, 3]","[3, 3, 3, 3, 3, 3, 3, 3, 1, 1, 2, 2, 1, 1, 3, 3, 3, 3, 3, 3, 3, 3, 1, 1, 2, 2, 1, 1, 3, 3, 3, 3, 3, 3, 3, 3, 1, 1, 3, 3, 3, 3, 3, 3]","[0, 1, 1, 2, 2, 3, 3, 4, 3, 5, 5, 6, 5, 7, 7, 8, 8, 9, 9, 10, 10, 11, 11, 12, 12, 13, 12, 14, 14, 15, 15, 16, 16, 17, 17, 18, 10, 19, 4, 0, 11, 7, 18, 14]","[1, 0, 2, 1, 3, 2, 4, 3, 5, 3, 6, 5, 7, 5, 8, 7, 9, 8, 10, 9, 11, 10, 12, 11, 13, 12, 14, 12, 15, 14, 16, 15, 17, 16, 18, 17, 19, 10, 0, 4, 7, 11, 14, 18]",-3.85
18,38,"[3, 1, 3, 1, 1, 1, 1, 7, 3, 3, 1, 1, 1, 1, 1, 1, 1, 1]","[2, 2, 1, 1, 1, 1, 3, 3, 3, 3, 3, 3, 1, 1, 2, 2, 1, 1, 1, 1, 3, 3, 3, 3, 3, 3, 3, 3, 3, 3, 3, 3, 3, 3, 3, 3, 3, 3]","[0, 1, 1, 2, 1, 3, 3, 4, 4, 5, 5, 6, 6, 7, 7, 8, 7, 9, 7, 10, 10, 11, 11, 12, 12, 13, 13, 14, 14, 15, 6, 16, 16, 17, 17, 3, 15, 10]","[1, 0, 2, 1, 3, 1, 4, 3, 5, 4, 6, 5, 7, 6, 8, 7, 9, 7, 10, 7, 11, 10, 12, 11, 13, 12, 14, 13, 15, 14, 16, 6, 17, 16, 3, 17, 10, 15]",-4.07
22,48,"[1, 1, 1, 2, 2, 1, 3, 2, 1, 1, 1, 1, 1, 1, 1, 3, 1, 1, 1, 1, 1, 1]","[1, 1, 1, 1, 2, 2, 1, 1, 1, 1, 2, 2, 1, 1, 1, 1, 1, 1, 3, 3, 3, 3, 3, 3, 3, 3, 3, 3, 1, 1, 1, 1, 3, 3, 3, 3, 3, 3, 3, 3, 3, 3, 1, 1, 3, 3, 3, 3]","[0, 1, 1, 2, 1, 3, 3, 4, 4, 5, 5, 6, 5, 7, 7, 8, 8, 9, 9, 10, 10, 11, 11, 12, 12, 13, 13, 14, 10, 15, 15, 16, 16, 17, 17, 18, 18, 19, 19, 20, 20, 21, 17, 8, 14, 9, 21, 16]","[1, 0, 2, 1, 3, 1, 4, 3, 5, 4, 6, 5, 7, 5, 8, 7, 9, 8, 10, 9, 11, 10, 12, 11, 13, 12, 14, 13, 15, 10, 16, 15, 17, 16, 18, 17, 19, 18, 20, 19, 21, 20, 8, 17, 9, 14, 16, 21]",-4.17
21,46,"[2, 8, 3, 3, 1, 1, 1, 2, 1, 1, 1, 1, 1, 1, 1, 3, 2, 1, 1, 1, 1]","[1, 1, 2, 2, 2, 2, 1, 1, 3, 3, 1, 1, 3, 3, 3, 3, 3, 3, 3, 3, 3, 3, 3, 3, 3, 3, 3, 3, 2, 2, 3, 3, 3, 3, 3, 3, 3, 3, 3, 3, 3, 3, 3, 3, 3, 3]","[0, 1, 1, 2, 1, 3, 1, 4, 4, 5, 5, 6, 6, 7, 7, 8, 8, 9, 9, 10, 10, 11, 11, 12, 12, 13, 9, 14, 14, 15, 14, 16, 5, 17, 17, 18, 18, 19, 19, 20, 20, 4, 16, 6, 13, 8]","[1, 0, 2, 1, 3, 1, 4, 1, 5, 4, 6, 5, 7, 6, 8, 7, 9, 8, 10, 9, 11, 10, 12, 11, 13, 12, 14, 9, 15, 14, 16, 14, 17, 5, 18, 17, 19, 18, 20, 19, 4, 20, 6, 16, 8, 13]",-3.08
13,28,"[2, 1, 1, 1, 3, 1, 3, 1, 1, 1, 1, 1, 1]","[1, 1, 2, 2, 1, 1, 2, 2, 1, 1, 2, 2, 1, 1, 3, 3, 3, 3, 3, 3, 3, 3, 3, 3, 1, 1, 3, 3]","[0, 1, 1, 2, 2, 3, 3, 4, 3, 5, 5, 6, 5, 7, 7, 8, 8, 9, 9, 10, 10, 11, 11, 12, 8, 1, 12, 7]","[1, 0, 2, 1, 3, 2, 4, 3, 5, 3, 6, 5, 7, 5, 8, 7, 9, 8, 10, 9, 11, 10, 12, 11, 1, 8, 7, 12]",-3.84
21,44,"[3, 1, 3, 1, 2, 1, 8, 8, 1, 1, 1, 1, 1, 1, 1, 1, 1, 1, 1, 1, 1]","[2, 2, 1, 1, 1, 1, 1, 1, 1, 1, 2, 2, 1, 1, 1, 1, 1, 1, 3, 3, 3, 3, 3, 3, 3, 3, 3, 3, 1, 1, 3, 3, 3, 3, 3, 3, 3, 3, 3, 3, 3, 3, 3, 3]","[0, 1, 1, 2, 1, 3, 3, 4, 4, 5, 5, 6, 5, 7, 7, 8, 8, 9, 9, 10, 10, 11, 11, 12, 12, 13, 13, 14, 4, 15, 15, 16, 16, 17, 17, 18, 18, 19, 19, 20, 14, 9, 20, 15]","[1, 0, 2, 1, 3, 1, 4, 3, 5, 4, 6, 5, 7, 5, 8, 7, 9, 8, 10, 9, 11, 10, 12, 11, 13, 12, 14, 13, 15, 4, 16, 15, 17, 16, 18, 17, 19, 18, 20, 19, 9, 14, 15, 20]",-3.92
19,40,"[2, 1, 1, 1, 3, 3, 1, 1, 1, 1, 1, 1, 1, 1, 1, 1, 1, 1, 1]","[1, 1, 3, 3, 1, 1, 2, 2, 1, 1, 1, 1, 1, 1, 2, 2, 1, 1, 3, 3, 3, 3, 3, 3, 3, 3, 3, 3, 3, 3, 3, 3, 3, 3, 3, 3, 3, 3, 3, 3]","[0, 1, 1, 2, 2, 3, 3, 4, 3, 5, 5, 6, 6, 7, 7, 8, 8, 9, 9, 10, 10, 11, 11, 12, 12, 13, 13, 14, 2, 15, 15, 16, 16, 17, 17, 18, 18, 1, 14, 9]","[1, 0, 2, 1, 3, 2, 4, 3, 5, 3, 6, 5, 7, 6, 8, 7, 9, 8, 10, 9, 11, 10, 12, 11, 13, 12, 14, 13, 15, 2, 16, 15, 17, 16, 18, 17, 1, 18, 9, 14]",-6.04
16,34,"[2, 1, 1, 1, 2, 1, 1, 3, 1, 1, 1, 1, 1, 1, 1, 1]","[1, 1, 3, 3, 1, 1, 2, 2, 1, 1, 3, 3, 1, 1, 3, 3, 3, 3, 3, 3, 3, 3, 3, 3, 3, 3, 3, 3, 3, 3, 3, 3, 3, 3]","[0, 1, 1, 2, 2, 3, 3, 4, 4, 5, 5, 6, 6, 7, 6, 8, 8, 9, 9, 10, 10, 11, 2, 12, 12, 13, 13, 14, 14, 15, 15, 1, 11, 5]","[1, 0, 2, 1, 3, 2, 4, 3, 5, 4, 6, 5, 7, 6, 8, 6, 9, 8, 10, 9, 11, 10, 12, 2, 13, 12, 14, 13, 15, 14, 1, 15, 5, 11]",-3.64
13,28,"[3, 1, 1, 1, 1, 1, 1, 1, 1, 1, 1, 2, 3]","[2, 2, 1, 1, 2, 2, 1, 1, 3, 3, 3, 3, 3, 3, 3, 3, 3, 3, 1, 1, 2, 2, 1, 1, 1, 1, 3, 3]","[0, 1, 1, 2, 2, 3, 3, 4, 4, 5, 5, 6, 6, 7, 7, 8, 8, 9, 5, 10, 10, 11, 11, 12, 10, 1, 9, 4]","[1, 0, 2, 1, 3, 2, 4, 3, 5, 4, 6, 5, 7, 6, 8, 7, 9, 8, 10, 5, 11, 10, 12, 11, 1, 10, 4, 9]",-2.94
18,38,"[1, 1, 1, 1, 1, 1, 3, 2, 1, 2, 1, 1, 1, 1, 1, 1, 1, 3]","[1, 1, 1, 1, 1, 1, 1, 1, 1, 1, 2, 2, 1, 1, 1, 1, 1, 1, 1, 1, 3, 3, 3, 3, 3, 3, 3, 3, 3, 3, 1, 1, 2, 2, 1, 1, 3, 3]","[0, 1, 1, 2, 2, 3, 3, 4, 2, 5, 5, 6, 5, 7, 7, 8, 7, 9, 9, 10, 10, 11, 11, 12, 12, 13, 13, 14, 14, 15, 9, 16, 16, 17, 16, 2, 15, 10]","[1, 0, 2, 1, 3, 2, 4, 3, 5, 2, 6, 5, 7, 5, 8, 7, 9, 7, 10, 9, 11, 10, 12, 11, 13, 12, 14, 13, 15, 14, 16, 9, 17, 16, 2, 16, 10, 15]",-2.69
18,38,"[3, 1, 3, 1, 1, 3, 1, 1, 3, 2, 1, 1, 1, 1, 1, 1, 1, 3]","[2, 2, 1, 1, 1, 1, 1, 1, 1, 1, 1, 1, 1, 1, 2, 2, 1, 1, 1, 1, 3, 3, 3, 3, 3, 3, 3, 3, 3, 3, 1, 1, 2, 2, 1, 1, 3, 3]","[0, 1, 1, 2, 1, 3, 3, 4, 4, 5, 4, 6, 6, 7, 7, 8, 7, 9, 9, 10, 10, 11, 11, 12, 12, 13, 13, 14, 14, 15, 9, 16, 16, 17, 16, 4, 15, 10]","[1, 0, 2, 1, 3, 1, 4, 3, 5, 4, 6, 4, 7, 6, 8, 7, 9, 7, 10, 9, 11, 10, 12, 11, 13, 12, 14, 13, 15, 14, 16, 9, 17, 16, 4, 16, 10, 15]",-0.68
20,42,"[3, 1, 3, 1, 3, 1, 1, 4, 1, 1, 1, 1, 3, 1, 1, 4, 1, 1, 1, 1]","[2, 2, 1, 1, 1, 1, 1, 1, 1, 1, 3, 3, 1, 1, 3, 3, 3, 3, 3, 3, 3, 3, 1, 1, 1, 1, 3, 3, 1, 1, 3, 3, 3, 3, 3, 3, 3, 3, 3, 3, 3, 3]","[0, 1, 1, 2, 1, 3, 3, 4, 4, 5, 5, 6, 6, 7, 6, 8, 8, 9, 9, 10, 10, 11, 3, 12, 12, 13, 13, 14, 14, 15, 14, 16, 16, 17, 17, 18, 18, 19, 11, 5, 19, 13]","[1, 0, 2, 1, 3, 1, 4, 3, 5, 4, 6, 5, 7, 6, 8, 6, 9, 8, 10, 9, 11, 10, 12, 3, 13, 12, 14, 13, 15, 14, 16, 14, 17, 16, 18, 17, 19, 18, 5, 11, 13, 19]",-2.83
16,34,"[1, 1, 1, 3, 3, 2, 1, 1, 1, 1, 1, 1, 3, 1, 3, 1]","[1, 1, 1, 1, 2, 2, 1, 1, 1, 1, 1, 1, 1, 1, 1, 1, 3, 3, 3, 3, 3, 3, 1, 1, 3, 3, 1, 1, 3, 3, 1, 1, 3, 3]","[0, 1, 1, 2, 2, 3, 2, 4, 1, 5, 5, 6, 6, 7, 7, 8, 8, 9, 9, 10, 10, 11, 11, 12, 11, 13, 13, 14, 13, 15, 9, 1, 15, 8]","[1, 0, 2, 1, 3, 2, 4, 2, 5, 1, 6, 5, 7, 6, 8, 7, 9, 8, 10, 9, 11, 10, 12, 11, 13, 11, 14, 13, 15, 13, 1, 9, 8, 15]",-0.75
15,32,"[3, 8, 3, 1, 1, 1, 1, 1, 1, 1, 1, 1, 1, 1, 1]","[2, 2, 2, 2, 1, 1, 1, 1, 1, 1, 1, 1, 1, 1, 1, 1, 1, 1, 1, 1, 1, 1, 1, 1, 1, 1, 1, 1, 1, 1, 1, 1]","[0, 1, 1, 2, 1, 3, 3, 4, 4, 5, 5, 6, 6, 7, 7, 8, 1, 9, 9, 10, 10, 11, 11, 12, 12, 13, 13, 14, 8, 3, 14, 9]","[1, 0, 2, 1, 3, 1, 4, 3, 5, 4, 6, 5, 7, 6, 8, 7, 9, 1, 10, 9, 11, 10, 12, 11, 13, 12, 14, 13, 3, 8, 9, 14]",-2.06
16,34,"[1, 1, 1, 1, 1, 2, 1, 3, 1, 2, 2, 1, 1, 1, 1, 2]","[1, 1, 3, 3, 3, 3, 1, 1, 3, 3, 3, 3, 1, 1, 1, 1, 3, 3, 3, 3, 1, 1, 3, 3, 1, 1, 3, 3, 3, 3, 3, 3, 3, 3]","[0, 1, 1, 2, 2, 3, 3, 4, 3, 5, 5, 6, 6, 7, 7, 8, 8, 9, 9, 10, 10, 11, 10, 12, 12, 13, 12, 14, 6, 15, 15, 1, 14, 8]","[1, 0, 2, 1, 3, 2, 4, 3, 5, 3, 6, 5, 7, 6, 8, 7, 9, 8, 10, 9, 11, 10, 12, 10, 13, 12, 14, 12, 15, 6, 1, 15, 8, 14]",-1.52
15,32,"[1, 1, 2, 1, 3, 1, 1, 2, 1, 1, 1, 1, 2, 3, 3]","[1, 1, 3, 3, 3, 3, 2, 2, 3, 3, 3, 3, 3, 3, 3, 3, 3, 3, 3, 3, 3, 3, 1, 1, 2, 2, 1, 1, 3, 3, 3, 3]","[0, 1, 1, 2, 2, 3, 3, 4, 3, 5, 5, 6, 6, 7, 6, 8, 8, 9, 9, 10, 10, 11, 10, 12, 12, 13, 12, 14, 7, 1, 11, 5]","[1, 0, 2, 1, 3, 2, 4, 3, 5, 3, 6, 5, 7, 6, 8, 6, 9, 8, 10, 9, 11, 10, 12, 10, 13, 12, 14, 12, 1, 7, 5, 11]",-2.22
17,38,"[1, 1, 1, 1, 3, 2, 3, 1, 1, 1, 1, 1, 1, 1, 1, 1, 1]","[1, 1, 3, 3, 3, 3, 2, 2, 3, 3, 1, 1, 3, 3, 3, 3, 3, 3, 3, 3, 3, 3, 3, 3, 3, 3, 3, 3, 3, 3, 3, 3, 3, 3, 3, 3, 3, 3]","[0, 1, 1, 2, 2, 3, 3, 4, 3, 5, 5, 6, 5, 7, 7, 8, 8, 9, 9, 10, 10, 11, 11, 12, 12, 13, 13, 14, 10, 15, 15, 16, 8, 1, 14, 9, 16, 7]","[1, 0, 2, 1, 3, 2, 4, 3, 5, 3, 6, 5, 7, 5, 8, 7, 9, 8, 10, 9, 11, 10, 12, 11, 13, 12, 14, 13, 15, 10, 16, 15, 1, 8, 9, 14, 7, 16]",-4.0
16,34,"[2, 1, 1, 1, 1, 8, 3, 3, 2, 1, 1, 1, 1, 2, 1, 1]","[1, 1, 3, 3, 3, 3, 3, 3, 1, 1, 2, 2, 2, 2, 1, 1, 2, 2, 1, 1, 1, 1, 2, 2, 1, 1, 3, 3, 3, 3, 3, 3, 1, 1]","[0, 1, 1, 2, 2, 3, 3, 4, 4, 5, 5, 6, 5, 7, 5, 8, 8, 9, 9, 10, 10, 11, 11, 12, 12, 13, 4, 14, 14, 15, 15, 1, 13, 9]","[1, 0, 2, 1, 3, 2, 4, 3, 5, 4, 6, 5, 7, 5, 8, 5, 9, 8, 10, 9, 11, 10, 12, 11, 13, 12, 14, 4, 15, 14, 1, 15, 9, 13]",-1.69
20,46,"[1, 1, 1, 1, 1, 1, 1, 1, 1, 3, 1, 1, 1, 1, 1, 1, 1, 1, 1, 3]","[1, 1, 1, 1, 1, 1, 1, 1, 1, 1, 3, 3, 3, 3, 3, 3, 1, 1, 3, 3, 3, 3, 1, 1, 1, 1, 1, 1, 1, 1, 1, 1, 1, 1, 1, 1, 2, 2, 1, 1, 1, 1, 1, 1, 3, 3]","[0, 1, 1, 2, 2, 3, 3, 4, 4, 5, 5, 6, 6, 7, 7, 8, 8, 9, 8, 10, 10, 11, 6, 12, 12, 13, 13, 14, 14, 15, 15, 16, 16, 17, 17, 18, 18, 19, 15, 1, 18, 1, 14, 4, 11, 5]","[1, 0, 2, 1, 3, 2, 4, 3, 5, 4, 6, 5, 7, 6, 8, 7, 9, 8, 10, 8, 11, 10, 12, 6, 13, 12, 14, 13, 15, 14, 16, 15, 17, 16, 18, 17, 19, 18, 1, 15, 1, 18, 4, 14, 5, 11]",-5.11
16,34,"[3, 1, 2, 1, 8, 8, 1, 1, 1, 1, 1, 3, 1, 3, 1, 1]","[2, 2, 1, 1, 1, 1, 2, 2, 1, 1, 1, 1, 2, 2, 1, 1, 3, 3, 3, 3, 1, 1, 3, 3, 1, 1, 3, 3, 3, 3, 1, 1, 3, 3]","[0, 1, 1, 2, 2, 3, 3, 4, 3, 5, 5, 6, 6, 7, 7, 8, 8, 9, 9, 10, 10, 11, 10, 12, 12, 13, 12, 14, 14, 15, 6, 1, 15, 8]","[1, 0, 2, 1, 3, 2, 4, 3, 5, 3, 6, 5, 7, 6, 8, 7, 9, 8, 10, 9, 11, 10, 12, 10, 13, 12, 14, 12, 15, 14, 1, 6, 8, 15]",-3.34
15,32,"[3, 1, 3, 1, 1, 1, 1, 1, 0, 1, 1, 1, 0, 1, 3]","[2, 2, 1, 1, 1, 1, 1, 1, 3, 3, 3, 3, 3, 3, 1, 1, 3, 3, 3, 3, 1, 1, 1, 1, 1, 1, 2, 2, 1, 1, 3, 3]","[0, 1, 1, 2, 2, 3, 3, 4, 4, 5, 5, 6, 6, 7, 7, 8, 7, 9, 9, 10, 3, 11, 11, 12, 11, 13, 13, 14, 13, 1, 10, 4]","[1, 0, 2, 1, 3, 2, 4, 3, 5, 4, 6, 5, 7, 6, 8, 7, 9, 7, 10, 9, 11, 3, 12, 11, 13, 11, 14, 13, 1, 13, 4, 10]",-3.05
13,28,"[3, 1, 1, 2, 1, 1, 2, 1, 3, 2, 1, 3, 2]","[2, 2, 3, 3, 3, 3, 3, 3, 3, 3, 3, 3, 3, 3, 2, 2, 3, 3, 3, 3, 2, 2, 3, 3, 3, 3, 3, 3]","[0, 1, 1, 2, 2, 3, 3, 4, 4, 5, 5, 6, 5, 7, 7, 8, 7, 9, 9, 10, 10, 11, 10, 12, 6, 1, 12, 4]","[1, 0, 2, 1, 3, 2, 4, 3, 5, 4, 6, 5, 7, 5, 8, 7, 9, 7, 10, 9, 11, 10, 12, 10, 1, 6, 4, 12]",-3.13
12,26,"[1, 1, 1, 3, 7, 3, 3, 3, 1, 2, 3, 3]","[1, 1, 1, 1, 1, 1, 1, 1, 2, 2, 1, 1, 1, 1, 1, 1, 1, 1, 2, 2, 1, 1, 1, 1, 1, 1]","[0, 1, 1, 2, 2, 3, 3, 4, 4, 5, 4, 6, 4, 7, 7, 8, 1, 9, 9, 10, 9, 11, 6, 0, 8, 1]","[1, 0, 2, 1, 3, 2, 4, 3, 5, 4, 6, 4, 7, 4, 8, 7, 9, 1, 10, 9, 11, 9, 0, 6, 1, 8]",-0.81
16,34,"[1, 1, 1, 2, 1, 3, 2, 1, 1, 1, 1, 1, 1, 1, 1, 3]","[1, 1, 1, 1, 1, 1, 1, 1, 2, 2, 1, 1, 1, 1, 1, 1, 3, 3, 3, 3, 3, 3, 3, 3, 3, 3, 1, 1, 2, 2, 1, 1, 3, 3]","[0, 1, 1, 2, 1, 3, 3, 4, 4, 5, 4, 6, 6, 7, 7, 8, 8, 9, 9, 10, 10, 11, 11, 12, 12, 13, 6, 14, 14, 15, 14, 1, 13, 8]","[1, 0, 2, 1, 3, 1, 4, 3, 5, 4, 6, 4, 7, 6, 8, 7, 9, 8, 10, 9, 11, 10, 12, 11, 13, 12, 14, 6, 15, 14, 1, 14, 8, 13]",-1.8
12,26,"[2, 1, 1, 2, 1, 3, 2, 1, 2, 1, 3, 2]","[1, 1, 3, 3, 3, 3, 3, 3, 2, 2, 3, 3, 3, 3, 3, 3, 3, 3, 2, 2, 3, 3, 3, 3, 1, 1]","[0, 1, 1, 2, 2, 3, 3, 4, 4, 5, 4, 6, 6, 7, 7, 8, 8, 9, 9, 10, 9, 11, 11, 1, 7, 2]","[1, 0, 2, 1, 3, 2, 4, 3, 5, 4, 6, 4, 7, 6, 8, 7, 9, 8, 10, 9, 11, 9, 1, 11, 2, 7]",-3.46
13,28,"[1, 1, 1, 1, 1, 2, 1, 3, 2, 2, 1, 3, 2]","[1, 1, 1, 1, 1, 1, 1, 1, 1, 1, 1, 1, 2, 2, 1, 1, 1, 1, 1, 1, 2, 2, 1, 1, 1, 1, 1, 1]","[0, 1, 1, 2, 2, 3, 3, 4, 3, 5, 5, 6, 6, 7, 6, 8, 3, 9, 9, 10, 10, 11, 10, 12, 8, 1, 12, 1]","[1, 0, 2, 1, 3, 2, 4, 3, 5, 3, 6, 5, 7, 6, 8, 6, 9, 3, 10, 9, 11, 10, 12, 10, 1, 8, 1, 12]",-2.09
13,28,"[2, 1, 2, 2, 1, 1, 1, 1, 1, 3, 1, 1, 3]","[1, 1, 3, 3, 3, 3, 3, 3, 1, 1, 3, 3, 3, 3, 3, 3, 1, 1, 3, 3, 3, 3, 3, 3, 3, 3, 3, 3]","[0, 1, 1, 2, 2, 3, 3, 4, 4, 5, 5, 6, 6, 7, 7, 8, 8, 9, 8, 10, 10, 11, 4, 12, 12, 1, 11, 5]","[1, 0, 2, 1, 3, 2, 4, 3, 5, 4, 6, 5, 7, 6, 8, 7, 9, 8, 10, 8, 11, 10, 12, 4, 1, 12, 5, 11]",-0.77
14,30,"[1, 1, 1, 1, 3, 1, 1, 1, 1, 1, 2, 2, 2, 1]","[1, 1, 3, 3, 3, 3, 1, 1, 1, 1, 3, 3, 3, 3, 3, 3, 3, 3, 3, 3, 3, 3, 3, 3, 1, 1, 3, 3, 3, 3]","[0, 1, 1, 2, 2, 3, 3, 4, 4, 5, 5, 6, 6, 7, 7, 8, 8, 9, 9, 10, 3, 11, 11, 12, 12, 13, 12, 1, 10, 5]","[1, 0, 2, 1, 3, 2, 4, 3, 5, 4, 6, 5, 7, 6, 8, 7, 9, 8, 10, 9, 11, 3, 12, 11, 13, 12, 1, 12, 5, 10]",-0.98
13,28,"[2, 1, 2, 1, 3, 2, 1, 1, 1, 1, 1, 1, 2]","[1, 1, 3, 3, 3, 3, 2, 2, 3, 3, 1, 1, 3, 3, 3, 3, 3, 3, 3, 3, 3, 3, 3, 3, 3, 3, 3, 3]","[0, 1, 1, 2, 2, 3, 3, 4, 3, 5, 5, 6, 6, 7, 7, 8, 8, 9, 9, 10, 10, 11, 5, 12, 12, 1, 11, 6]","[1, 0, 2, 1, 3, 2, 4, 3, 5, 3, 6, 5, 7, 6, 8, 7, 9, 8, 10, 9, 11, 10, 12, 5, 1, 12, 6, 11]",-2.47
13,28,"[2, 1, 2, 1, 3, 2, 2, 1, 1, 1, 1, 1, 1]","[1, 1, 3, 3, 3, 3, 2, 2, 3, 3, 3, 3, 1, 1, 3, 3, 3, 3, 3, 3, 3, 3, 3, 3, 3, 3, 3, 3]","[0, 1, 1, 2, 2, 3, 3, 4, 3, 5, 5, 6, 6, 7, 7, 8, 8, 9, 9, 10, 10, 11, 11, 12, 6, 1, 12, 7]","[1, 0, 2, 1, 3, 2, 4, 3, 5, 3, 6, 5, 7, 6, 8, 7, 9, 8, 10, 9, 11, 10, 12, 11, 1, 6, 7, 12]",-1.7
16,36,"[1, 2, 1, 1, 1, 1, 1, 1, 1, 3, 1, 1, 1, 1, 1, 1]","[1, 1, 3, 3, 3, 3, 3, 3, 3, 3, 3, 3, 3, 3, 3, 3, 2, 2, 3, 3, 3, 3, 3, 3, 3, 3, 3, 3, 3, 3, 3, 3, 3, 3, 3, 3]","[0, 1, 1, 2, 2, 3, 3, 4, 4, 5, 5, 6, 6, 7, 3, 8, 8, 9, 8, 10, 10, 11, 11, 12, 12, 13, 13, 14, 14, 15, 11, 1, 7, 2, 15, 10]","[1, 0, 2, 1, 3, 2, 4, 3, 5, 4, 6, 5, 7, 6, 8, 3, 9, 8, 10, 8, 11, 10, 12, 11, 13, 12, 14, 13, 15, 14, 1, 11, 2, 7, 10, 15]",-4.46
12,26,"[3, 1, 2, 1, 8, 1, 1, 2, 2, 1, 3, 2]","[2, 2, 3, 3, 3, 3, 2, 2, 3, 3, 3, 3, 3, 3, 3, 3, 3, 3, 2, 2, 3, 3, 3, 3, 3, 3]","[0, 1, 1, 2, 2, 3, 3, 4, 3, 5, 5, 6, 6, 7, 6, 8, 8, 9, 9, 10, 9, 11, 7, 1, 11, 5]","[1, 0, 2, 1, 3, 2, 4, 3, 5, 3, 6, 5, 7, 6, 8, 6, 9, 8, 10, 9, 11, 9, 1, 7, 5, 11]",-4.04
15,34,"[3, 1, 1, 1, 1, 2, 1, 1, 1, 1, 1, 1, 8, 1, 1]","[2, 2, 3, 3, 3, 3, 3, 3, 3, 3, 3, 3, 3, 3, 3, 3, 3, 3, 3, 3, 3, 3, 3, 3, 3, 3, 3, 3, 3, 3, 1, 1, 3, 3]","[0, 1, 1, 2, 2, 3, 3, 4, 4, 5, 5, 6, 6, 7, 7, 8, 8, 9, 9, 10, 10, 11, 7, 12, 12, 13, 13, 14, 14, 1, 13, 4, 11, 6]","[1, 0, 2, 1, 3, 2, 4, 3, 5, 4, 6, 5, 7, 6, 8, 7, 9, 8, 10, 9, 11, 10, 12, 7, 13, 12, 14, 13, 1, 14, 4, 13, 6, 11]",-3.72
15,34,"[3, 8, 3, 1, 1, 1, 1, 1, 1, 1, 1, 1, 1, 1, 1]","[2, 2, 2, 2, 1, 1, 3, 3, 3, 3, 3, 3, 3, 3, 3, 3, 1, 1, 3, 3, 3, 3, 3, 3, 3, 3, 3, 3, 1, 1, 3, 3, 3, 3]","[0, 1, 1, 2, 1, 3, 3, 4, 4, 5, 5, 6, 6, 7, 7, 8, 4, 9, 9, 10, 10, 11, 11, 12, 12, 13, 13, 14, 10, 1, 8, 3, 14, 9]","[1, 0, 2, 1, 3, 1, 4, 3, 5, 4, 6, 5, 7, 6, 8, 7, 9, 4, 10, 9, 11, 10, 12, 11, 13, 12, 14, 13, 1, 10, 3, 8, 9, 14]",-4.57
12,24,"[1, 1, 3, 1, 3, 1, 1, 2, 1, 8, 2, 1]","[1, 1, 1, 1, 1, 1, 2, 2, 1, 1, 3, 3, 3, 3, 3, 3, 2, 2, 3, 3, 3, 3, 3, 3]","[0, 1, 1, 2, 2, 3, 3, 4, 3, 5, 5, 6, 6, 7, 7, 8, 8, 9, 8, 10, 10, 11, 11, 5]","[1, 0, 2, 1, 3, 2, 4, 3, 5, 3, 6, 5, 7, 6, 8, 7, 9, 8, 10, 8, 11, 10, 5, 11]",-1.74
20,52,"[1, 1, 1, 1, 1, 2, 1, 3, 1, 1, 1, 1, 1, 1, 1, 1, 1, 1, 1, 1]","[3, 3, 3, 3, 3, 3, 1, 1, 1, 1, 1, 1, 1, 1, 1, 1, 1, 1, 1, 1, 1, 1, 1, 1, 1, 1, 1, 1, 1, 1, 1, 1, 1, 1, 3, 3, 3, 3, 3, 3, 1, 1, 1, 1, 1, 1, 1, 1, 1, 1, 1, 1]","[0, 1, 1, 2, 2, 3, 3, 4, 4, 5, 5, 6, 6, 7, 7, 8, 8, 9, 9, 10, 10, 11, 11, 12, 12, 13, 13, 14, 14, 15, 15, 16, 12, 17, 3, 18, 18, 19, 19, 0, 16, 6, 17, 6, 15, 8, 17, 9, 14, 10, 16, 13]","[1, 0, 2, 1, 3, 2, 4, 3, 5, 4, 6, 5, 7, 6, 8, 7, 9, 8, 10, 9, 11, 10, 12, 11, 13, 12, 14, 13, 15, 14, 16, 15, 17, 12, 18, 3, 19, 18, 0, 19, 6, 16, 6, 17, 8, 15, 9, 17, 10, 14, 13, 16]",-3.4
17,36,"[1, 1, 1, 1, 3, 1, 1, 1, 3, 1, 3, 1, 1, 1, 1, 3, 1]","[1, 1, 1, 1, 1, 1, 1, 1, 1, 1, 1, 1, 1, 1, 1, 1, 1, 1, 1, 1, 1, 1, 1, 1, 1, 1, 1, 1, 1, 1, 1, 1, 1, 1, 1, 1]","[0, 1, 1, 2, 1, 3, 3, 4, 4, 5, 5, 6, 6, 7, 7, 8, 6, 9, 9, 10, 10, 11, 11, 12, 12, 13, 12, 14, 11, 15, 15, 16, 8, 3, 16, 6]","[1, 0, 2, 1, 3, 1, 4, 3, 5, 4, 6, 5, 7, 6, 8, 7, 9, 6, 10, 9, 11, 10, 12, 11, 13, 12, 14, 12, 15, 11, 16, 15, 3, 8, 6, 16]",-3.11
15,32,"[2, 1, 3, 3, 1, 1, 1, 8, 1, 1, 1, 1, 1, 1, 3]","[1, 1, 2, 2, 1, 1, 1, 1, 1, 1, 1, 1, 1, 1, 1, 1, 1, 1, 1, 1, 1, 1, 1, 1, 1, 1, 1, 1, 1, 1, 1, 1]","[0, 1, 1, 2, 1, 3, 3, 4, 4, 5, 5, 6, 6, 7, 7, 8, 8, 9, 9, 10, 10, 11, 11, 12, 12, 13, 8, 14, 14, 5, 13, 8]","[1, 0, 2, 1, 3, 1, 4, 3, 5, 4, 6, 5, 7, 6, 8, 7, 9, 8, 10, 9, 11, 10, 12, 11, 13, 12, 14, 8, 5, 14, 8, 13]",-2.82
15,32,"[2, 1, 3, 3, 1, 1, 1, 8, 1, 1, 1, 1, 1, 1, 8]","[1, 1, 2, 2, 1, 1, 1, 1, 1, 1, 1, 1, 1, 1, 1, 1, 1, 1, 1, 1, 1, 1, 1, 1, 1, 1, 1, 1, 1, 1, 1, 1]","[0, 1, 1, 2, 1, 3, 3, 4, 4, 5, 5, 6, 6, 7, 7, 8, 8, 9, 9, 10, 10, 11, 11, 12, 12, 13, 8, 14, 14, 5, 13, 8]","[1, 0, 2, 1, 3, 1, 4, 3, 5, 4, 6, 5, 7, 6, 8, 7, 9, 8, 10, 9, 11, 10, 12, 11, 13, 12, 14, 8, 5, 14, 8, 13]",-3.52
19,44,"[1, 1, 1, 1, 3, 3, 1, 1, 1, 1, 1, 2, 1, 1, 1, 1, 1, 1, 1]","[1, 1, 3, 3, 3, 3, 2, 2, 3, 3, 3, 3, 3, 3, 1, 1, 1, 1, 1, 1, 1, 1, 1, 1, 1, 1, 1, 1, 1, 1, 3, 3, 3, 3, 3, 3, 3, 3, 3, 3, 3, 3, 1, 1]","[0, 1, 1, 2, 2, 3, 3, 4, 3, 5, 5, 6, 6, 7, 7, 8, 8, 9, 9, 10, 10, 11, 11, 12, 12, 13, 13, 14, 14, 15, 15, 16, 15, 17, 17, 18, 18, 1, 18, 6, 16, 7, 16, 11]","[1, 0, 2, 1, 3, 2, 4, 3, 5, 3, 6, 5, 7, 6, 8, 7, 9, 8, 10, 9, 11, 10, 12, 11, 13, 12, 14, 13, 15, 14, 16, 15, 17, 15, 18, 17, 1, 18, 6, 18, 7, 16, 11, 16]",-3.89
13,28,"[1, 1, 2, 1, 1, 1, 1, 1, 1, 2, 1, 1, 1]","[1, 1, 2, 2, 1, 1, 3, 3, 3, 3, 3, 3, 3, 3, 3, 3, 1, 1, 2, 2, 1, 1, 1, 1, 1, 1, 3, 3]","[0, 1, 1, 2, 2, 3, 3, 4, 4, 5, 5, 6, 6, 7, 7, 8, 4, 9, 9, 10, 10, 11, 10, 12, 12, 1, 8, 3]","[1, 0, 2, 1, 3, 2, 4, 3, 5, 4, 6, 5, 7, 6, 8, 7, 9, 4, 10, 9, 11, 10, 12, 10, 1, 12, 3, 8]",-1.37
18,38,"[1, 1, 3, 1, 2, 3, 2, 1, 8, 3, 3, 1, 1, 1, 1, 1, 1, 3]","[1, 1, 1, 1, 1, 1, 3, 3, 3, 3, 3, 3, 3, 3, 1, 1, 2, 2, 2, 2, 1, 1, 3, 3, 3, 3, 3, 3, 3, 3, 3, 3, 1, 1, 3, 3, 3, 3]","[0, 1, 1, 2, 2, 3, 3, 4, 4, 5, 5, 6, 6, 7, 7, 8, 8, 9, 8, 10, 8, 11, 11, 12, 12, 13, 13, 14, 14, 15, 15, 16, 6, 17, 7, 3, 16, 11]","[1, 0, 2, 1, 3, 2, 4, 3, 5, 4, 6, 5, 7, 6, 8, 7, 9, 8, 10, 8, 11, 8, 12, 11, 13, 12, 14, 13, 15, 14, 16, 15, 17, 6, 3, 7, 11, 16]",-4.24
15,34,"[1, 1, 1, 1, 1, 2, 1, 2, 1, 2, 1, 1, 2, 1, 1]","[3, 3, 3, 3, 3, 3, 1, 1, 2, 2, 1, 1, 1, 1, 2, 2, 1, 1, 2, 2, 1, 1, 2, 2, 3, 3, 3, 3, 3, 3, 1, 1, 1, 1]","[0, 1, 1, 2, 2, 3, 3, 4, 4, 5, 5, 6, 6, 7, 7, 8, 8, 9, 9, 10, 10, 11, 11, 12, 3, 13, 13, 14, 14, 0, 12, 4, 11, 6]","[1, 0, 2, 1, 3, 2, 4, 3, 5, 4, 6, 5, 7, 6, 8, 7, 9, 8, 10, 9, 11, 10, 12, 11, 13, 3, 14, 13, 0, 14, 4, 12, 6, 11]",-3.07
26,64,"[1, 1, 2, 1, 1, 1, 1, 3, 1, 1, 1, 3, 2, 1, 1, 1, 1, 1, 1, 1, 1, 1, 1, 1, 1, 3]","[1, 1, 1, 1, 1, 1, 1, 1, 2, 2, 1, 1, 1, 1, 1, 1, 1, 1, 1, 1, 2, 2, 1, 1, 1, 1, 1, 1, 1, 1, 1, 1, 1, 1, 1, 1, 1, 1, 3, 3, 3, 3, 3, 3, 3, 3, 3, 3, 1, 1, 1, 1, 1, 1, 1, 1, 1, 1, 1, 1, 1, 1, 3, 3]","[0, 1, 1, 2, 2, 3, 3, 4, 4, 5, 5, 6, 6, 7, 7, 8, 8, 9, 9, 10, 10, 11, 10, 12, 12, 13, 13, 14, 14, 15, 15, 16, 16, 17, 17, 18, 18, 19, 19, 20, 20, 21, 21, 22, 22, 23, 23, 24, 2, 25, 18, 0, 17, 2, 15, 4, 14, 8, 24, 12, 18, 13, 24, 19]","[1, 0, 2, 1, 3, 2, 4, 3, 5, 4, 6, 5, 7, 6, 8, 7, 9, 8, 10, 9, 11, 10, 12, 10, 13, 12, 14, 13, 15, 14, 16, 15, 17, 16, 18, 17, 19, 18, 20, 19, 21, 20, 22, 21, 23, 22, 24, 23, 25, 2, 0, 18, 2, 17, 4, 15, 8, 14, 12, 24, 13, 18, 19, 24]",-1.28
22,50,"[1, 1, 1, 1, 1, 1, 1, 1, 1, 1, 2, 1, 1, 3, 1, 1, 1, 1, 1, 1, 1, 1]","[1, 1, 3, 3, 3, 3, 3, 3, 3, 3, 3, 3, 3, 3, 3, 3, 1, 1, 1, 1, 1, 1, 1, 1, 1, 1, 1, 1, 1, 1, 3, 3, 3, 3, 3, 3, 3, 3, 3, 3, 3, 3, 3, 3, 3, 3, 1, 1, 3, 3]","[0, 1, 1, 2, 2, 3, 3, 4, 4, 5, 5, 6, 6, 7, 7, 8, 8, 9, 9, 10, 10, 11, 11, 12, 12, 13, 13, 14, 14, 15, 8, 16, 16, 17, 17, 18, 18, 19, 19, 20, 20, 21, 17, 1, 7, 2, 15, 10, 21, 16]","[1, 0, 2, 1, 3, 2, 4, 3, 5, 4, 6, 5, 7, 6, 8, 7, 9, 8, 10, 9, 11, 10, 12, 11, 13, 12, 14, 13, 15, 14, 16, 8, 17, 16, 18, 17, 19, 18, 20, 19, 21, 20, 1, 17, 2, 7, 10, 15, 16, 21]",-4.4
22,50,"[2, 1, 3, 1, 1, 2, 1, 2, 1, 1, 1, 1, 1, 1, 1, 1, 1, 1, 1, 2, 1, 1]","[1, 1, 2, 2, 1, 1, 3, 3, 3, 3, 3, 3, 3, 3, 1, 1, 1, 1, 1, 1, 3, 3, 3, 3, 3, 3, 3, 3, 3, 3, 1, 1, 1, 1, 1, 1, 1, 1, 1, 1, 1, 1, 3, 3, 3, 3, 1, 1, 1, 1]","[0, 1, 1, 2, 1, 3, 3, 4, 4, 5, 5, 6, 6, 7, 7, 8, 8, 9, 9, 10, 10, 11, 11, 12, 12, 13, 13, 14, 14, 15, 11, 16, 16, 17, 17, 18, 18, 19, 19, 20, 20, 21, 7, 3, 15, 10, 21, 16, 16, 6]","[1, 0, 2, 1, 3, 1, 4, 3, 5, 4, 6, 5, 7, 6, 8, 7, 9, 8, 10, 9, 11, 10, 12, 11, 13, 12, 14, 13, 15, 14, 16, 11, 17, 16, 18, 17, 19, 18, 20, 19, 21, 20, 3, 7, 10, 15, 16, 21, 6, 16]",-2.43
40,84,"[2, 1, 1, 1, 3, 1, 3, 2, 1, 1, 1, 2, 1, 3, 1, 3, 1, 1, 2, 1, 3, 1, 3, 1, 3, 1, 3, 1, 3, 1, 3, 1, 1, 3, 1, 3, 1, 2, 1, 3]","[1, 1, 1, 1, 1, 1, 1, 1, 1, 1, 2, 2, 1, 1, 1, 1, 1, 1, 1, 1, 1, 1, 1, 1, 1, 1, 1, 1, 1, 1, 1, 1, 1, 1, 1, 1, 1, 1, 1, 1, 1, 1, 1, 1, 1, 1, 1, 1, 1, 1, 1, 1, 1, 1, 1, 1, 1, 1, 1, 1, 1, 1, 1, 1, 1, 1, 1, 1, 1, 1, 1, 1, 1, 1, 1, 1, 1, 1, 1, 1, 1, 1, 1, 1]","[0, 1, 1, 2, 2, 3, 3, 4, 3, 5, 5, 6, 5, 7, 7, 8, 8, 9, 9, 10, 10, 11, 10, 12, 12, 13, 13, 14, 14, 15, 15, 16, 16, 17, 17, 18, 16, 19, 19, 20, 19, 21, 21, 22, 21, 23, 23, 24, 12, 25, 25, 26, 25, 27, 27, 28, 28, 29, 29, 30, 30, 31, 31, 32, 32, 33, 31, 34, 34, 35, 34, 36, 36, 37, 36, 38, 38, 39, 23, 14, 27, 8, 38, 29]","[1, 0, 2, 1, 3, 2, 4, 3, 5, 3, 6, 5, 7, 5, 8, 7, 9, 8, 10, 9, 11, 10, 12, 10, 13, 12, 14, 13, 15, 14, 16, 15, 17, 16, 18, 17, 19, 16, 20, 19, 21, 19, 22, 21, 23, 21, 24, 23, 25, 12, 26, 25, 27, 25, 28, 27, 29, 28, 30, 29, 31, 30, 32, 31, 33, 32, 34, 31, 35, 34, 36, 34, 37, 36, 38, 36, 39, 38, 14, 23, 8, 27, 29, 38]",-0.5
16,34,"[3, 1, 1, 1, 1, 1, 1, 1, 1, 1, 1, 3, 3, 1, 1, 3]","[2, 2, 1, 1, 2, 2, 1, 1, 1, 1, 3, 3, 3, 3, 3, 3, 3, 3, 3, 3, 1, 1, 1, 1, 1, 1, 2, 2, 1, 1, 1, 1, 3, 3]","[0, 1, 1, 2, 2, 3, 3, 4, 4, 5, 5, 6, 6, 7, 7, 8, 8, 9, 9, 10, 10, 11, 7, 12, 4, 13, 13, 14, 4, 15, 14, 1, 10, 5]","[1, 0, 2, 1, 3, 2, 4, 3, 5, 4, 6, 5, 7, 6, 8, 7, 9, 8, 10, 9, 11, 10, 12, 7, 13, 4, 14, 13, 15, 4, 1, 14, 5, 10]",-1.73
20,42,"[1, 1, 1, 1, 1, 1, 3, 1, 1, 1, 3, 1, 1, 1, 1, 3, 2, 1, 3, 1]","[1, 1, 1, 1, 1, 1, 1, 1, 1, 1, 2, 2, 1, 1, 1, 1, 1, 1, 1, 1, 1, 1, 1, 1, 1, 1, 1, 1, 2, 2, 1, 1, 1, 1, 2, 2, 1, 1, 1, 1, 1, 1]","[0, 1, 1, 2, 2, 3, 3, 4, 3, 5, 5, 6, 5, 7, 7, 8, 7, 9, 9, 10, 9, 11, 11, 12, 12, 13, 13, 14, 14, 15, 14, 16, 16, 17, 17, 18, 17, 19, 8, 1, 19, 12]","[1, 0, 2, 1, 3, 2, 4, 3, 5, 3, 6, 5, 7, 5, 8, 7, 9, 7, 10, 9, 11, 9, 12, 11, 13, 12, 14, 13, 15, 14, 16, 14, 17, 16, 18, 17, 19, 17, 1, 8, 12, 19]",-1.13
14,32,"[1, 1, 1, 1, 1, 1, 1, 2, 1, 1, 2, 1, 1, 1]","[3, 3, 3, 3, 3, 3, 3, 3, 3, 3, 3, 3, 3, 3, 3, 3, 3, 3, 3, 3, 3, 3, 3, 3, 3, 3, 3, 3, 3, 3, 3, 3]","[0, 1, 1, 2, 2, 3, 3, 4, 4, 5, 5, 6, 6, 7, 7, 8, 8, 9, 9, 10, 10, 11, 11, 12, 12, 13, 13, 0, 12, 3, 11, 6]","[1, 0, 2, 1, 3, 2, 4, 3, 5, 4, 6, 5, 7, 6, 8, 7, 9, 8, 10, 9, 11, 10, 12, 11, 13, 12, 0, 13, 3, 12, 6, 11]",-2.68
18,42,"[1, 1, 1, 1, 1, 1, 1, 1, 1, 1, 1, 1, 1, 1, 1, 1, 1, 1]","[3, 3, 3, 3, 3, 3, 3, 3, 3, 3, 3, 3, 3, 3, 3, 3, 3, 3, 3, 3, 3, 3, 3, 3, 3, 3, 3, 3, 3, 3, 3, 3, 3, 3, 3, 3, 3, 3, 3, 3, 3, 3]","[0, 1, 1, 2, 2, 3, 3, 4, 4, 5, 5, 6, 6, 7, 3, 8, 1, 9, 9, 10, 10, 11, 11, 12, 12, 13, 13, 14, 10, 15, 0, 16, 0, 17, 16, 4, 8, 7, 17, 11, 15, 14]","[1, 0, 2, 1, 3, 2, 4, 3, 5, 4, 6, 5, 7, 6, 8, 3, 9, 1, 10, 9, 11, 10, 12, 11, 13, 12, 14, 13, 15, 10, 16, 0, 17, 0, 4, 16, 7, 8, 11, 17, 14, 15]",-8.6
47,100,"[3, 1, 1, 1, 3, 1, 2, 1, 3, 1, 3, 1, 1, 1, 1, 1, 1, 1, 1, 1, 1, 1, 1, 3, 1, 3, 1, 1, 1, 3, 1, 1, 1, 3, 1, 1, 3, 3, 1, 1, 1, 3, 3, 1, 3, 1, 1]","[1, 1, 1, 1, 1, 1, 1, 1, 1, 1, 1, 1, 1, 1, 1, 1, 1, 1, 1, 1, 1, 1, 1, 1, 2, 2, 1, 1, 2, 2, 1, 1, 2, 2, 1, 1, 2, 2, 1, 1, 1, 1, 1, 1, 1, 1, 1, 1, 2, 2, 1, 1, 2, 2, 1, 1, 1, 1, 1, 1, 1, 1, 1, 1, 1, 1, 1, 1, 1, 1, 1, 1, 1, 1, 1, 1, 1, 1, 1, 1, 2, 2, 1, 1, 1, 1, 1, 1, 1, 1, 1, 1, 1, 1, 1, 1, 1, 1, 1, 1]","[0, 1, 1, 2, 1, 3, 3, 4, 3, 5, 5, 6, 5, 7, 7, 8, 7, 9, 9, 10, 10, 11, 11, 12, 12, 13, 13, 14, 14, 15, 15, 16, 16, 17, 17, 18, 18, 19, 19, 20, 20, 21, 21, 22, 21, 23, 23, 24, 24, 25, 24, 26, 26, 27, 27, 28, 28, 29, 28, 30, 30, 31, 31, 32, 32, 33, 32, 34, 34, 35, 35, 36, 35, 37, 37, 38, 38, 39, 39, 40, 40, 41, 40, 42, 39, 43, 43, 44, 43, 45, 38, 46, 9, 0, 46, 11, 30, 29, 45, 35]","[1, 0, 2, 1, 3, 1, 4, 3, 5, 3, 6, 5, 7, 5, 8, 7, 9, 7, 10, 9, 11, 10, 12, 11, 13, 12, 14, 13, 15, 14, 16, 15, 17, 16, 18, 17, 19, 18, 20, 19, 21, 20, 22, 21, 23, 21, 24, 23, 25, 24, 26, 24, 27, 26, 28, 27, 29, 28, 30, 28, 31, 30, 32, 31, 33, 32, 34, 32, 35, 34, 36, 35, 37, 35, 38, 37, 39, 38, 40, 39, 41, 40, 42, 40, 43, 39, 44, 43, 45, 43, 46, 38, 0, 9, 11, 46, 29, 30, 35, 45]",-3.21
26,60,"[1, 1, 3, 1, 1, 1, 1, 1, 1, 1, 1, 1, 1, 3, 1, 3, 1, 1, 3, 1, 1, 3, 1, 1, 1, 1]","[1, 1, 2, 2, 1, 1, 2, 2, 1, 1, 1, 1, 1, 1, 1, 1, 1, 1, 1, 1, 1, 1, 1, 1, 2, 2, 1, 1, 1, 1, 1, 1, 1, 1, 1, 1, 1, 1, 1, 1, 1, 1, 1, 1, 1, 1, 1, 1, 1, 1, 1, 1, 1, 1, 1, 1, 1, 1, 1, 1]","[0, 1, 1, 2, 1, 3, 3, 4, 4, 5, 5, 6, 6, 7, 7, 8, 8, 9, 9, 10, 10, 11, 11, 12, 12, 13, 12, 14, 14, 15, 11, 16, 16, 17, 17, 18, 16, 19, 19, 20, 20, 21, 20, 22, 22, 23, 23, 24, 23, 25, 25, 0, 23, 4, 22, 7, 16, 8, 21, 17]","[1, 0, 2, 1, 3, 1, 4, 3, 5, 4, 6, 5, 7, 6, 8, 7, 9, 8, 10, 9, 11, 10, 12, 11, 13, 12, 14, 12, 15, 14, 16, 11, 17, 16, 18, 17, 19, 16, 20, 19, 21, 20, 22, 20, 23, 22, 24, 23, 25, 23, 0, 25, 4, 23, 7, 22, 8, 16, 17, 21]",-3.85
26,58,"[1, 1, 1, 1, 8, 1, 1, 1, 1, 1, 2, 1, 1, 2, 1, 1, 1, 2, 1, 1, 1, 3, 1, 1, 1, 1]","[3, 3, 3, 3, 3, 3, 1, 1, 1, 1, 3, 3, 3, 3, 3, 3, 1, 1, 4, 4, 3, 3, 3, 3, 1, 1, 1, 1, 1, 1, 1, 1, 1, 1, 1, 1, 1, 1, 1, 1, 1, 1, 1, 1, 1, 1, 1, 1, 3, 3, 3, 3, 3, 3, 3, 3, 1, 1]","[0, 1, 1, 2, 2, 3, 3, 4, 4, 5, 5, 6, 6, 7, 7, 8, 8, 9, 9, 10, 8, 11, 11, 12, 12, 13, 13, 14, 14, 15, 15, 16, 16, 17, 17, 18, 18, 19, 19, 20, 20, 21, 20, 22, 22, 23, 13, 24, 24, 25, 25, 0, 24, 3, 12, 5, 23, 17]","[1, 0, 2, 1, 3, 2, 4, 3, 5, 4, 6, 5, 7, 6, 8, 7, 9, 8, 10, 9, 11, 8, 12, 11, 13, 12, 14, 13, 15, 14, 16, 15, 17, 16, 18, 17, 19, 18, 20, 19, 21, 20, 22, 20, 23, 22, 24, 13, 25, 24, 0, 25, 3, 24, 5, 12, 17, 23]",-3.98
26,56,"[1, 1, 3, 1, 1, 1, 1, 1, 1, 3, 3, 1, 1, 2, 1, 3, 1, 1, 1, 1, 1, 1, 1, 1, 1, 1]","[3, 3, 1, 1, 1, 1, 3, 3, 3, 3, 3, 3, 1, 1, 1, 1, 2, 2, 1, 1, 3, 3, 1, 1, 3, 3, 1, 1, 2, 2, 1, 1, 2, 2, 1, 1, 3, 3, 3, 3, 3, 3, 3, 3, 3, 3, 3, 3, 3, 3, 3, 3, 3, 3, 3, 3]","[0, 1, 1, 2, 2, 3, 1, 4, 4, 5, 5, 6, 6, 7, 7, 8, 8, 9, 8, 10, 6, 11, 11, 12, 11, 13, 13, 14, 14, 15, 14, 16, 16, 17, 17, 18, 18, 19, 19, 20, 20, 21, 21, 22, 22, 23, 13, 24, 24, 25, 25, 0, 24, 5, 23, 18]","[1, 0, 2, 1, 3, 2, 4, 1, 5, 4, 6, 5, 7, 6, 8, 7, 9, 8, 10, 8, 11, 6, 12, 11, 13, 11, 14, 13, 15, 14, 16, 14, 17, 16, 18, 17, 19, 18, 20, 19, 21, 20, 22, 21, 23, 22, 24, 13, 25, 24, 0, 25, 5, 24, 18, 23]",-5.54
24,58,"[1, 1, 1, 1, 2, 1, 1, 1, 1, 1, 1, 1, 1, 1, 3, 2, 1, 1, 1, 1, 1, 3, 1, 1]","[3, 3, 3, 3, 3, 3, 1, 1, 1, 1, 1, 1, 1, 1, 1, 1, 1, 1, 1, 1, 1, 1, 1, 1, 1, 1, 1, 1, 1, 1, 1, 1, 1, 1, 1, 1, 1, 1, 1, 1, 1, 1, 1, 1, 3, 3, 3, 3, 3, 3, 1, 1, 1, 1, 1, 1, 1, 1]","[0, 1, 1, 2, 2, 3, 3, 4, 4, 5, 4, 6, 6, 7, 7, 8, 8, 9, 9, 10, 10, 11, 11, 12, 10, 13, 13, 14, 13, 15, 15, 16, 16, 17, 16, 18, 18, 19, 19, 20, 20, 21, 19, 22, 22, 23, 23, 0, 22, 3, 19, 6, 15, 7, 17, 9, 20, 17]","[1, 0, 2, 1, 3, 2, 4, 3, 5, 4, 6, 4, 7, 6, 8, 7, 9, 8, 10, 9, 11, 10, 12, 11, 13, 10, 14, 13, 15, 13, 16, 15, 17, 16, 18, 16, 19, 18, 20, 19, 21, 20, 22, 19, 23, 22, 0, 23, 3, 22, 6, 19, 7, 15, 9, 17, 17, 20]",-2.82
22,50,"[1, 1, 1, 1, 8, 1, 1, 1, 1, 1, 1, 2, 1, 1, 1, 2, 1, 1, 1, 1, 1, 1]","[3, 3, 3, 3, 3, 3, 1, 1, 1, 1, 3, 3, 3, 3, 3, 3, 3, 3, 3, 3, 1, 1, 1, 1, 1, 1, 1, 1, 1, 1, 1, 1, 1, 1, 1, 1, 1, 1, 1, 1, 3, 3, 3, 3, 3, 3, 3, 3, 1, 1]","[0, 1, 1, 2, 2, 3, 3, 4, 4, 5, 5, 6, 6, 7, 7, 8, 8, 9, 9, 10, 10, 11, 11, 12, 12, 13, 13, 14, 14, 15, 15, 16, 15, 17, 17, 18, 18, 19, 11, 20, 20, 21, 21, 0, 20, 3, 10, 5, 19, 13]","[1, 0, 2, 1, 3, 2, 4, 3, 5, 4, 6, 5, 7, 6, 8, 7, 9, 8, 10, 9, 11, 10, 12, 11, 13, 12, 14, 13, 15, 14, 16, 15, 17, 15, 18, 17, 19, 18, 20, 11, 21, 20, 0, 21, 3, 20, 5, 10, 13, 19]",-4.74
20,42,"[1, 1, 1, 1, 1, 1, 25, 1, 1, 1, 1, 1, 1, 1, 1, 1, 1, 1, 1, 3]","[1, 1, 1, 1, 1, 1, 1, 1, 1, 1, 1, 1, 1, 1, 1, 1, 1, 1, 1, 1, 1, 1, 1, 1, 1, 1, 1, 1, 1, 1, 1, 1, 1, 1, 1, 1, 1, 1, 1, 1, 1, 1]","[0, 1, 1, 2, 2, 3, 3, 4, 4, 5, 3, 6, 6, 7, 7, 8, 8, 9, 9, 10, 10, 11, 11, 12, 6, 13, 13, 14, 14, 15, 15, 16, 16, 17, 17, 18, 5, 0, 12, 7, 18, 13]","[1, 0, 2, 1, 3, 2, 4, 3, 5, 4, 6, 3, 7, 6, 8, 7, 9, 8, 10, 9, 11, 10, 12, 11, 13, 6, 14, 13, 15, 14, 16, 15, 17, 16, 18, 17, 0, 5, 7, 12, 13, 18]",-5.59
21,46,"[3, 1, 2, 1, 1, 1, 1, 1, 1, 1, 1, 1, 1, 1, 1, 1, 3, 1, 3, 1, 1]","[2, 2, 1, 1, 1, 1, 1, 1, 1, 1, 1, 1, 1, 1, 1, 1, 2, 2, 1, 1, 2, 2, 1, 1, 3, 3, 3, 3, 3, 3, 1, 1, 1, 1, 1, 1, 3, 3, 3, 3, 1, 1, 1, 1, 3, 3]","[0, 1, 1, 2, 2, 3, 3, 4, 4, 5, 5, 6, 2, 7, 1, 8, 8, 9, 9, 10, 10, 11, 11, 12, 12, 13, 13, 14, 14, 15, 15, 16, 16, 17, 17, 18, 15, 19, 12, 20, 7, 6, 19, 18, 20, 19]","[1, 0, 2, 1, 3, 2, 4, 3, 5, 4, 6, 5, 7, 2, 8, 1, 9, 8, 10, 9, 11, 10, 12, 11, 13, 12, 14, 13, 15, 14, 16, 15, 17, 16, 18, 17, 19, 15, 20, 12, 6, 7, 18, 19, 19, 20]",-3.46
17,40,"[1, 1, 1, 2, 1, 1, 1, 1, 1, 1, 1, 1, 2, 1, 1, 1, 1]","[1, 1, 1, 1, 1, 1, 1, 1, 1, 1, 1, 1, 1, 1, 1, 1, 1, 1, 1, 1, 1, 1, 1, 1, 1, 1, 1, 1, 1, 1, 1, 1, 1, 1, 1, 1, 1, 1, 1, 1]","[0, 1, 1, 2, 2, 3, 3, 4, 4, 5, 5, 6, 5, 7, 7, 8, 8, 9, 9, 10, 10, 11, 11, 12, 12, 13, 13, 14, 14, 15, 15, 16, 16, 0, 15, 3, 14, 6, 12, 7]","[1, 0, 2, 1, 3, 2, 4, 3, 5, 4, 6, 5, 7, 5, 8, 7, 9, 8, 10, 9, 11, 10, 12, 11, 13, 12, 14, 13, 15, 14, 16, 15, 0, 16, 3, 15, 6, 14, 7, 12]",-1.89
18,40,"[3, 1, 3, 1, 1, 1, 1, 1, 1, 3, 1, 1, 1, 1, 1, 1, 1, 1]","[2, 2, 1, 1, 1, 1, 1, 1, 1, 1, 1, 1, 2, 2, 1, 1, 2, 2, 1, 1, 1, 1, 1, 1, 2, 2, 1, 1, 1, 1, 1, 1, 1, 1, 1, 1, 1, 1, 1, 1]","[0, 1, 1, 2, 2, 3, 3, 4, 4, 5, 5, 6, 6, 7, 7, 8, 8, 9, 5, 10, 10, 11, 5, 12, 4, 13, 13, 14, 3, 15, 1, 16, 16, 17, 13, 8, 15, 11, 16, 15]","[1, 0, 2, 1, 3, 2, 4, 3, 5, 4, 6, 5, 7, 6, 8, 7, 9, 8, 10, 5, 11, 10, 12, 5, 13, 4, 14, 13, 15, 3, 16, 1, 17, 16, 8, 13, 11, 15, 15, 16]",-3.09
19,40,"[1, 3, 1, 1, 1, 1, 1, 1, 2, 1, 1, 3, 1, 3, 1, 1, 3, 1, 1]","[1, 1, 1, 1, 3, 3, 3, 3, 3, 3, 1, 1, 1, 1, 1, 1, 1, 1, 1, 1, 1, 1, 1, 1, 1, 1, 1, 1, 1, 1, 2, 2, 3, 3, 3, 3, 1, 1, 3, 3]","[0, 1, 1, 2, 2, 3, 3, 4, 4, 5, 5, 6, 6, 7, 7, 8, 8, 9, 9, 10, 10, 11, 10, 12, 12, 13, 13, 14, 14, 15, 14, 16, 5, 17, 17, 18, 12, 7, 18, 2]","[1, 0, 2, 1, 3, 2, 4, 3, 5, 4, 6, 5, 7, 6, 8, 7, 9, 8, 10, 9, 11, 10, 12, 10, 13, 12, 14, 13, 15, 14, 16, 14, 17, 5, 18, 17, 7, 12, 2, 18]",-1.61
17,38,"[1, 1, 1, 1, 1, 3, 2, 1, 1, 1, 1, 1, 1, 1, 3, 1, 1]","[3, 3, 3, 3, 3, 3, 3, 3, 2, 2, 3, 3, 3, 3, 1, 1, 3, 3, 3, 3, 3, 3, 3, 3, 3, 3, 3, 3, 3, 3, 3, 3, 3, 3, 3, 3, 3, 3]","[0, 1, 1, 2, 2, 3, 3, 4, 4, 5, 4, 6, 6, 7, 7, 8, 8, 9, 9, 10, 10, 11, 11, 12, 12, 13, 7, 14, 14, 15, 15, 16, 16, 0, 15, 3, 13, 8]","[1, 0, 2, 1, 3, 2, 4, 3, 5, 4, 6, 4, 7, 6, 8, 7, 9, 8, 10, 9, 11, 10, 12, 11, 13, 12, 14, 7, 15, 14, 16, 15, 0, 16, 3, 15, 8, 13]",-4.61
14,32,"[1, 1, 1, 3, 2, 1, 1, 1, 1, 2, 1, 1, 1, 1]","[3, 3, 3, 3, 2, 2, 3, 3, 1, 1, 1, 1, 1, 1, 1, 1, 1, 1, 1, 1, 1, 1, 1, 1, 3, 3, 3, 3, 3, 3, 1, 1]","[0, 1, 1, 2, 2, 3, 2, 4, 4, 5, 5, 6, 6, 7, 6, 8, 8, 9, 9, 10, 10, 11, 11, 12, 12, 13, 13, 0, 12, 4, 11, 7]","[1, 0, 2, 1, 3, 2, 4, 2, 5, 4, 6, 5, 7, 6, 8, 6, 9, 8, 10, 9, 11, 10, 12, 11, 13, 12, 0, 13, 4, 12, 7, 11]",0.36
15,34,"[1, 1, 1, 1, 1, 3, 2, 1, 1, 1, 3, 1, 2, 1, 1]","[3, 3, 3, 3, 3, 3, 1, 1, 1, 1, 1, 1, 1, 1, 1, 1, 1, 1, 1, 1, 1, 1, 2, 2, 1, 1, 3, 3, 3, 3, 3, 3, 1, 1]","[0, 1, 1, 2, 2, 3, 3, 4, 4, 5, 4, 6, 6, 7, 7, 8, 8, 9, 9, 10, 9, 11, 11, 12, 12, 13, 13, 14, 14, 0, 13, 3, 11, 6]","[1, 0, 2, 1, 3, 2, 4, 3, 5, 4, 6, 4, 7, 6, 8, 7, 9, 8, 10, 9, 11, 9, 12, 11, 13, 12, 14, 13, 0, 14, 3, 13, 6, 11]",-2.07
17,36,"[1, 1, 1, 2, 1, 1, 1, 8, 3, 3, 2, 1, 1, 2, 1, 1, 2]","[3, 3, 3, 3, 1, 1, 3, 3, 3, 3, 3, 3, 1, 1, 2, 2, 2, 2, 1, 1, 1, 1, 3, 3, 3, 3, 3, 3, 3, 3, 3, 3, 3, 3, 3, 3]","[0, 1, 1, 2, 2, 3, 2, 4, 4, 5, 5, 6, 6, 7, 7, 8, 7, 9, 7, 10, 10, 11, 11, 12, 12, 13, 13, 14, 14, 15, 15, 16, 6, 0, 16, 11]","[1, 0, 2, 1, 3, 2, 4, 2, 5, 4, 6, 5, 7, 6, 8, 7, 9, 7, 10, 7, 11, 10, 12, 11, 13, 12, 14, 13, 15, 14, 16, 15, 0, 6, 11, 16]",-3.7
16,34,"[1, 2, 1, 3, 3, 2, 1, 1, 1, 1, 4, 1, 4, 1, 1, 3]","[1, 1, 3, 3, 2, 2, 3, 3, 3, 3, 1, 1, 3, 3, 3, 3, 3, 3, 1, 1, 3, 3, 1, 1, 3, 3, 3, 3, 2, 2, 3, 3, 3, 3]","[0, 1, 1, 2, 2, 3, 2, 4, 4, 5, 5, 6, 6, 7, 7, 8, 8, 9, 9, 10, 9, 11, 11, 12, 11, 13, 5, 14, 14, 15, 13, 6, 14, 1]","[1, 0, 2, 1, 3, 2, 4, 2, 5, 4, 6, 5, 7, 6, 8, 7, 9, 8, 10, 9, 11, 9, 12, 11, 13, 11, 14, 5, 15, 14, 6, 13, 1, 14]",-2.82
12,26,"[1, 1, 4, 1, 4, 1, 2, 8, 2, 1, 1, 4]","[3, 3, 1, 1, 3, 3, 1, 1, 3, 3, 3, 3, 3, 3, 3, 3, 3, 3, 3, 3, 1, 1, 3, 3, 3, 3]","[0, 1, 1, 2, 1, 3, 3, 4, 3, 5, 5, 6, 6, 7, 7, 8, 8, 9, 9, 10, 10, 11, 10, 0, 9, 5]","[1, 0, 2, 1, 3, 1, 4, 3, 5, 3, 6, 5, 7, 6, 8, 7, 9, 8, 10, 9, 11, 10, 0, 10, 5, 9]",-4.98
10,20,"[3, 1, 2, 1, 3, 1, 3, 1, 3, 2]","[2, 2, 1, 1, 1, 1, 2, 2, 1, 1, 2, 2, 1, 1, 2, 2, 1, 1, 1, 1]","[0, 1, 1, 2, 2, 3, 3, 4, 3, 5, 5, 6, 5, 7, 7, 8, 1, 9, 9, 7]","[1, 0, 2, 1, 3, 2, 4, 3, 5, 3, 6, 5, 7, 5, 8, 7, 9, 1, 7, 9]",-1.25
8,16,"[3, 1, 2, 1, 3, 1, 3, 2]","[2, 2, 1, 1, 1, 1, 2, 2, 1, 1, 2, 2, 1, 1, 1, 1]","[0, 1, 1, 2, 2, 3, 3, 4, 3, 5, 5, 6, 1, 7, 7, 5]","[1, 0, 2, 1, 3, 2, 4, 3, 5, 3, 6, 5, 7, 1, 5, 7]",-0.4
19,40,"[2, 1, 2, 1, 1, 1, 1, 1, 1, 1, 1, 1, 2, 1, 1, 1, 1, 1, 1]","[3, 3, 1, 1, 1, 1, 1, 1, 3, 3, 3, 3, 3, 3, 3, 3, 3, 3, 1, 1, 1, 1, 1, 1, 1, 1, 1, 1, 3, 3, 3, 3, 3, 3, 3, 3, 3, 3, 3, 3]","[0, 1, 1, 2, 2, 3, 3, 4, 4, 5, 5, 6, 6, 7, 7, 8, 4, 9, 2, 10, 10, 11, 11, 12, 12, 13, 12, 14, 1, 15, 15, 16, 16, 17, 0, 18, 9, 8, 18, 17]","[1, 0, 2, 1, 3, 2, 4, 3, 5, 4, 6, 5, 7, 6, 8, 7, 9, 4, 10, 2, 11, 10, 12, 11, 13, 12, 14, 12, 15, 1, 16, 15, 17, 16, 18, 0, 8, 9, 17, 18]",-2.64
12,26,"[2, 1, 1, 1, 1, 1, 2, 1, 1, 1, 1, 1]","[3, 3, 3, 3, 3, 3, 3, 3, 1, 1, 1, 1, 1, 1, 1, 1, 1, 1, 1, 1, 3, 3, 3, 3, 1, 1]","[0, 1, 1, 2, 2, 3, 3, 4, 4, 5, 5, 6, 6, 7, 7, 8, 6, 9, 5, 10, 0, 11, 11, 4, 10, 8]","[1, 0, 2, 1, 3, 2, 4, 3, 5, 4, 6, 5, 7, 6, 8, 7, 9, 6, 10, 5, 11, 0, 4, 11, 8, 10]",0.79
29,66,"[3, 1, 3, 1, 1, 1, 1, 1, 1, 1, 1, 1, 3, 1, 1, 1, 1, 1, 1, 8, 1, 3, 1, 1, 1, 1, 1, 1, 1]","[2, 2, 1, 1, 1, 1, 1, 1, 1, 1, 1, 1, 1, 1, 1, 1, 1, 1, 2, 2, 1, 1, 2, 2, 1, 1, 1, 1, 1, 1, 1, 1, 1, 1, 1, 1, 1, 1, 1, 1, 2, 2, 1, 1, 1, 1, 1, 1, 1, 1, 1, 1, 1, 1, 1, 1, 1, 1, 1, 1, 1, 1, 1, 1, 1, 1]","[0, 1, 1, 2, 2, 3, 3, 4, 4, 5, 5, 6, 6, 7, 7, 8, 8, 9, 9, 10, 10, 11, 11, 12, 11, 13, 9, 14, 8, 15, 8, 16, 7, 17, 6, 18, 18, 19, 19, 20, 20, 21, 20, 22, 5, 23, 4, 24, 4, 25, 3, 26, 3, 27, 1, 28, 15, 13, 18, 14, 24, 17, 26, 23, 28, 27]","[1, 0, 2, 1, 3, 2, 4, 3, 5, 4, 6, 5, 7, 6, 8, 7, 9, 8, 10, 9, 11, 10, 12, 11, 13, 11, 14, 9, 15, 8, 16, 8, 17, 7, 18, 6, 19, 18, 20, 19, 21, 20, 22, 20, 23, 5, 24, 4, 25, 4, 26, 3, 27, 3, 28, 1, 13, 15, 14, 18, 17, 24, 23, 26, 27, 28]",-4.28
25,58,"[3, 1, 3, 1, 1, 1, 1, 1, 1, 3, 1, 1, 1, 1, 1, 1, 3, 3, 1, 1, 1, 1, 3, 1, 1]","[2, 2, 1, 1, 1, 1, 1, 1, 1, 1, 1, 1, 1, 1, 1, 1, 1, 1, 1, 1, 2, 2, 1, 1, 1, 1, 1, 1, 1, 1, 2, 2, 1, 1, 1, 1, 1, 1, 2, 2, 1, 1, 1, 1, 1, 1, 1, 1, 1, 1, 1, 1, 1, 1, 1, 1, 1, 1]","[0, 1, 1, 2, 2, 3, 3, 4, 4, 5, 5, 6, 6, 7, 7, 8, 8, 9, 8, 10, 10, 11, 8, 12, 12, 13, 6, 14, 5, 15, 15, 16, 15, 17, 3, 18, 3, 19, 19, 20, 20, 21, 21, 22, 1, 23, 23, 24, 23, 4, 18, 6, 14, 10, 18, 13, 23, 21]","[1, 0, 2, 1, 3, 2, 4, 3, 5, 4, 6, 5, 7, 6, 8, 7, 9, 8, 10, 8, 11, 10, 12, 8, 13, 12, 14, 6, 15, 5, 16, 15, 17, 15, 18, 3, 19, 3, 20, 19, 21, 20, 22, 21, 23, 1, 24, 23, 4, 23, 6, 18, 10, 14, 13, 18, 21, 23]",-1.84
28,58,"[1, 1, 2, 1, 1, 1, 6, 1, 1, 1, 1, 4, 1, 1, 1, 1, 1, 1, 2, 3, 3, 1, 6, 6, 6, 2, 3, 3]","[1, 1, 1, 1, 1, 1, 1, 1, 3, 3, 1, 1, 3, 3, 3, 3, 3, 3, 3, 3, 1, 1, 1, 1, 3, 3, 3, 3, 3, 3, 3, 3, 3, 3, 1, 1, 1, 1, 2, 2, 1, 1, 1, 1, 1, 1, 1, 1, 1, 1, 1, 1, 2, 2, 3, 3, 3, 3]","[0, 1, 1, 2, 2, 3, 3, 4, 4, 5, 5, 6, 5, 7, 7, 8, 8, 9, 9, 10, 10, 11, 2, 12, 12, 13, 13, 14, 14, 15, 15, 16, 16, 17, 17, 18, 18, 19, 18, 20, 15, 21, 21, 22, 21, 23, 21, 24, 13, 25, 25, 26, 25, 27, 10, 4, 17, 12]","[1, 0, 2, 1, 3, 2, 4, 3, 5, 4, 6, 5, 7, 5, 8, 7, 9, 8, 10, 9, 11, 10, 12, 2, 13, 12, 14, 13, 15, 14, 16, 15, 17, 16, 18, 17, 19, 18, 20, 18, 21, 15, 22, 21, 23, 21, 24, 21, 25, 13, 26, 25, 27, 25, 4, 10, 12, 17]",-6.625
25,54,"[1, 1, 1, 1, 1, 3, 3, 1, 1, 1, 6, 1, 1, 1, 1, 1, 1, 1, 1, 1, 1, 1, 8, 1, 3]","[1, 1, 2, 2, 1, 1, 1, 1, 1, 1, 2, 2, 1, 1, 3, 3, 3, 3, 1, 1, 3, 3, 3, 3, 3, 3, 1, 1, 2, 2, 1, 1, 3, 3, 3, 3, 3, 3, 3, 3, 3, 3, 1, 1, 1, 1, 2, 2, 1, 1, 3, 3, 3, 3]","[0, 1, 1, 2, 2, 3, 3, 4, 4, 5, 4, 6, 2, 7, 7, 8, 8, 9, 9, 10, 9, 11, 11, 12, 12, 13, 13, 14, 14, 15, 15, 16, 16, 17, 17, 18, 18, 19, 19, 20, 20, 21, 19, 22, 22, 23, 22, 24, 14, 1, 13, 7, 21, 16]","[1, 0, 2, 1, 3, 2, 4, 3, 5, 4, 6, 4, 7, 2, 8, 7, 9, 8, 10, 9, 11, 9, 12, 11, 13, 12, 14, 13, 15, 14, 16, 15, 17, 16, 18, 17, 19, 18, 20, 19, 21, 20, 22, 19, 23, 22, 24, 22, 1, 14, 7, 13, 16, 21]",-4.552
17,36,"[3, 1, 1, 3, 1, 3, 1, 3, 1, 3, 1, 1, 3, 1, 4, 4, 4]","[1, 1, 1, 1, 1, 1, 1, 1, 1, 1, 1, 1, 1, 1, 1, 1, 1, 1, 1, 1, 1, 1, 1, 1, 1, 1, 1, 1, 1, 1, 1, 1, 1, 1, 1, 1]","[0, 1, 1, 2, 2, 3, 2, 4, 4, 5, 5, 6, 6, 7, 7, 8, 8, 9, 9, 10, 10, 11, 11, 12, 8, 13, 13, 14, 13, 15, 13, 16, 11, 4, 10, 6]","[1, 0, 2, 1, 3, 2, 4, 2, 5, 4, 6, 5, 7, 6, 8, 7, 9, 8, 10, 9, 11, 10, 12, 11, 13, 8, 14, 13, 15, 13, 16, 13, 4, 11, 6, 10]",-1.843
28,66,"[1, 2, 1, 1, 1, 1, 3, 1, 1, 3, 1, 1, 1, 1, 1, 1, 1, 1, 1, 1, 1, 1, 1, 1, 1, 1, 3, 1]","[1, 1, 1, 1, 1, 1, 1, 1, 1, 1, 1, 1, 1, 1, 3, 3, 1, 1, 1, 1, 1, 1, 3, 3, 3, 3, 3, 3, 3, 3, 3, 3, 3, 3, 3, 3, 3, 3, 1, 1, 1, 1, 1, 1, 1, 1, 2, 2, 1, 1, 1, 1, 3, 3, 1, 1, 1, 1, 1, 1, 1, 1, 3, 3, 3, 3]","[0, 1, 1, 2, 2, 3, 3, 4, 4, 5, 5, 6, 6, 7, 7, 8, 8, 9, 9, 10, 10, 11, 11, 12, 12, 13, 13, 14, 14, 15, 15, 16, 8, 17, 17, 18, 18, 19, 19, 20, 20, 21, 21, 22, 22, 23, 23, 24, 24, 25, 25, 26, 19, 27, 21, 1, 22, 4, 27, 4, 25, 5, 27, 7, 16, 11]","[1, 0, 2, 1, 3, 2, 4, 3, 5, 4, 6, 5, 7, 6, 8, 7, 9, 8, 10, 9, 11, 10, 12, 11, 13, 12, 14, 13, 15, 14, 16, 15, 17, 8, 18, 17, 19, 18, 20, 19, 21, 20, 22, 21, 23, 22, 24, 23, 25, 24, 26, 25, 27, 19, 1, 21, 4, 22, 4, 27, 5, 25, 7, 27, 11, 16]",-2.9730000000000003
21,50,"[1, 1, 1, 1, 1, 1, 1, 1, 1, 1, 1, 8, 1, 1, 1, 1, 1, 1, 1, 1, 3]","[1, 1, 1, 1, 1, 1, 1, 1, 1, 1, 1, 1, 1, 1, 1, 1, 1, 1, 1, 1, 1, 1, 1, 1, 1, 1, 1, 1, 1, 1, 1, 1, 1, 1, 1, 1, 1, 1, 1, 1, 1, 1, 1, 1, 1, 1, 1, 1, 1, 1]","[0, 1, 1, 2, 2, 3, 3, 4, 4, 5, 5, 6, 6, 7, 7, 8, 8, 9, 9, 10, 10, 11, 11, 12, 12, 13, 13, 14, 14, 15, 5, 16, 16, 17, 17, 18, 18, 19, 19, 20, 16, 1, 19, 1, 14, 4, 14, 8, 12, 10]","[1, 0, 2, 1, 3, 2, 4, 3, 5, 4, 6, 5, 7, 6, 8, 7, 9, 8, 10, 9, 11, 10, 12, 11, 13, 12, 14, 13, 15, 14, 16, 5, 17, 16, 18, 17, 19, 18, 20, 19, 1, 16, 1, 19, 4, 14, 8, 14, 10, 12]",-5.407
17,36,"[3, 1, 2, 1, 3, 1, 1, 1, 1, 1, 1, 1, 1, 1, 1, 1, 1]","[2, 2, 1, 1, 1, 1, 2, 2, 1, 1, 3, 3, 3, 3, 3, 3, 3, 3, 3, 3, 1, 1, 3, 3, 3, 3, 3, 3, 3, 3, 3, 3, 3, 3, 3, 3]","[0, 1, 1, 2, 2, 3, 3, 4, 3, 5, 5, 6, 6, 7, 7, 8, 8, 9, 9, 10, 1, 11, 11, 12, 12, 13, 13, 14, 14, 15, 15, 16, 10, 5, 16, 11]","[1, 0, 2, 1, 3, 2, 4, 3, 5, 3, 6, 5, 7, 6, 8, 7, 9, 8, 10, 9, 11, 1, 12, 11, 13, 12, 14, 13, 15, 14, 16, 15, 5, 10, 11, 16]",-2.273
28,62,"[1, 1, 3, 3, 1, 1, 1, 1, 1, 1, 1, 1, 1, 1, 1, 3, 1, 1, 1, 1, 1, 1, 1, 1, 1, 1, 1, 3]","[1, 1, 2, 2, 1, 1, 1, 1, 1, 1, 1, 1, 1, 1, 1, 1, 1, 1, 2, 2, 1, 1, 1, 1, 2, 2, 1, 1, 2, 2, 1, 1, 1, 1, 1, 1, 1, 1, 1, 1, 1, 1, 1, 1, 1, 1, 1, 1, 1, 1, 1, 1, 2, 2, 1, 1, 1, 1, 1, 1, 1, 1]","[0, 1, 1, 2, 1, 3, 3, 4, 4, 5, 5, 6, 6, 7, 7, 8, 8, 9, 9, 10, 10, 11, 10, 12, 12, 13, 13, 14, 14, 15, 14, 16, 16, 17, 17, 18, 18, 19, 18, 20, 20, 21, 21, 22, 22, 23, 23, 24, 4, 25, 25, 26, 25, 27, 23, 4, 23, 7, 20, 8, 18, 12]","[1, 0, 2, 1, 3, 1, 4, 3, 5, 4, 6, 5, 7, 6, 8, 7, 9, 8, 10, 9, 11, 10, 12, 10, 13, 12, 14, 13, 15, 14, 16, 14, 17, 16, 18, 17, 19, 18, 20, 18, 21, 20, 22, 21, 23, 22, 24, 23, 25, 4, 26, 25, 27, 25, 4, 23, 7, 23, 8, 20, 12, 18]",-5.284
7,14,"[1, 1, 1, 1, 1, 3, 3]","[1, 1, 2, 2, 1, 1, 1, 1, 2, 2, 1, 1, 1, 1]","[0, 1, 1, 2, 2, 3, 3, 4, 4, 5, 4, 6, 6, 1]","[1, 0, 2, 1, 3, 2, 4, 3, 5, 4, 6, 4, 1, 6]",-0.293
27,58,"[1, 3, 1, 3, 1, 1, 3, 1, 3, 1, 3, 1, 1, 3, 1, 3, 1, 3, 1, 3, 1, 1, 1, 1, 1, 3, 1]","[1, 1, 1, 1, 2, 2, 1, 1, 2, 2, 1, 1, 1, 1, 1, 1, 1, 1, 1, 1, 1, 1, 1, 1, 1, 1, 1, 1, 1, 1, 1, 1, 1, 1, 1, 1, 1, 1, 1, 1, 1, 1, 1, 1, 1, 1, 1, 1, 2, 2, 1, 1, 1, 1, 1, 1, 1, 1]","[0, 1, 1, 2, 2, 3, 2, 4, 4, 5, 5, 6, 6, 7, 7, 8, 8, 9, 9, 10, 10, 11, 11, 12, 12, 13, 11, 14, 14, 15, 14, 16, 16, 17, 16, 18, 18, 19, 7, 20, 20, 21, 21, 22, 21, 23, 23, 24, 24, 25, 24, 26, 26, 4, 18, 9, 26, 20]","[1, 0, 2, 1, 3, 2, 4, 2, 5, 4, 6, 5, 7, 6, 8, 7, 9, 8, 10, 9, 11, 10, 12, 11, 13, 12, 14, 11, 15, 14, 16, 14, 17, 16, 18, 16, 19, 18, 20, 7, 21, 20, 22, 21, 23, 21, 24, 23, 25, 24, 26, 24, 4, 26, 9, 18, 20, 26]",-0.265
38,86,"[1, 1, 3, 1, 3, 1, 1, 1, 1, 1, 1, 1, 1, 1, 1, 1, 1, 1, 1, 3, 1, 1, 1, 1, 1, 1, 1, 3, 1, 3, 1, 1, 1, 3, 1, 3, 1, 3]","[1, 1, 1, 1, 1, 1, 1, 1, 1, 1, 1, 1, 1, 1, 1, 1, 1, 1, 1, 1, 1, 1, 1, 1, 1, 1, 1, 1, 1, 1, 1, 1, 1, 1, 1, 1, 1, 1, 1, 1, 1, 1, 1, 1, 1, 1, 2, 2, 1, 1, 3, 3, 3, 3, 3, 3, 2, 2, 3, 3, 3, 3, 1, 1, 1, 1, 1, 1, 1, 1, 1, 1, 1, 1, 1, 1, 1, 1, 1, 1, 1, 1, 1, 1, 3, 3]","[0, 1, 1, 2, 2, 3, 3, 4, 4, 5, 5, 6, 6, 7, 7, 8, 8, 9, 8, 10, 10, 11, 11, 12, 12, 13, 13, 14, 13, 15, 15, 16, 16, 17, 17, 18, 18, 19, 18, 20, 20, 21, 21, 22, 22, 23, 23, 24, 15, 25, 25, 26, 26, 27, 27, 28, 28, 29, 28, 30, 30, 31, 3, 32, 32, 33, 32, 34, 34, 35, 34, 36, 36, 37, 36, 1, 24, 5, 23, 8, 20, 10, 18, 13, 31, 25]","[1, 0, 2, 1, 3, 2, 4, 3, 5, 4, 6, 5, 7, 6, 8, 7, 9, 8, 10, 8, 11, 10, 12, 11, 13, 12, 14, 13, 15, 13, 16, 15, 17, 16, 18, 17, 19, 18, 20, 18, 21, 20, 22, 21, 23, 22, 24, 23, 25, 15, 26, 25, 27, 26, 28, 27, 29, 28, 30, 28, 31, 30, 32, 3, 33, 32, 34, 32, 35, 34, 36, 34, 37, 36, 1, 36, 5, 24, 8, 23, 10, 20, 13, 18, 25, 31]",-3.955
32,68,"[1, 3, 1, 1, 1, 1, 1, 3, 1, 1, 1, 1, 1, 2, 1, 1, 1, 1, 3, 1, 3, 1, 1, 3, 1, 1, 1, 3, 3, 1, 3, 1]","[1, 1, 1, 1, 3, 3, 3, 3, 3, 3, 1, 1, 2, 2, 1, 1, 1, 1, 3, 3, 1, 1, 1, 1, 1, 1, 1, 1, 1, 1, 3, 3, 3, 3, 1, 1, 1, 1, 1, 1, 1, 1, 3, 3, 1, 1, 1, 1, 3, 3, 1, 1, 1, 1, 2, 2, 3, 3, 1, 1, 1, 1, 3, 3, 3, 3, 3, 3]","[0, 1, 1, 2, 2, 3, 3, 4, 4, 5, 5, 6, 6, 7, 6, 8, 8, 9, 9, 10, 10, 11, 11, 12, 12, 13, 13, 14, 13, 15, 10, 16, 16, 17, 17, 18, 18, 19, 19, 20, 20, 21, 21, 22, 22, 23, 23, 24, 5, 25, 25, 26, 26, 27, 26, 28, 25, 29, 29, 30, 30, 31, 29, 2, 22, 9, 21, 17]","[1, 0, 2, 1, 3, 2, 4, 3, 5, 4, 6, 5, 7, 6, 8, 6, 9, 8, 10, 9, 11, 10, 12, 11, 13, 12, 14, 13, 15, 13, 16, 10, 17, 16, 18, 17, 19, 18, 20, 19, 21, 20, 22, 21, 23, 22, 24, 23, 25, 5, 26, 25, 27, 26, 28, 26, 29, 25, 30, 29, 31, 30, 2, 29, 9, 22, 17, 21]",-2.535
25,54,"[1, 1, 3, 1, 1, 3, 1, 1, 3, 1, 1, 1, 1, 3, 1, 3, 1, 1, 1, 3, 1, 1, 1, 1, 3]","[1, 1, 2, 2, 1, 1, 1, 1, 2, 2, 1, 1, 2, 2, 1, 1, 1, 1, 3, 3, 1, 1, 1, 1, 2, 2, 3, 3, 1, 1, 3, 3, 1, 1, 3, 3, 1, 1, 3, 3, 1, 1, 1, 1, 1, 1, 2, 2, 1, 1, 1, 1, 3, 3]","[0, 1, 1, 2, 1, 3, 3, 4, 4, 5, 4, 6, 6, 7, 7, 8, 8, 9, 9, 10, 10, 11, 11, 12, 11, 13, 10, 14, 14, 15, 14, 16, 16, 17, 16, 18, 18, 19, 18, 20, 20, 21, 21, 22, 21, 23, 23, 24, 23, 3, 21, 7, 20, 9]","[1, 0, 2, 1, 3, 1, 4, 3, 5, 4, 6, 4, 7, 6, 8, 7, 9, 8, 10, 9, 11, 10, 12, 11, 13, 11, 14, 10, 15, 14, 16, 14, 17, 16, 18, 16, 19, 18, 20, 18, 21, 20, 22, 21, 23, 21, 24, 23, 3, 23, 7, 21, 9, 20]",-3.537
23,54,"[1, 3, 1, 1, 1, 1, 1, 1, 1, 1, 1, 1, 3, 1, 1, 3, 1, 1, 1, 1, 2, 1, 1]","[1, 1, 1, 1, 2, 2, 1, 1, 2, 2, 1, 1, 1, 1, 1, 1, 3, 3, 3, 3, 3, 3, 1, 1, 1, 1, 3, 3, 1, 1, 1, 1, 1, 1, 1, 1, 1, 1, 1, 1, 1, 1, 1, 1, 1, 1, 1, 1, 1, 1, 3, 3, 3, 3]","[0, 1, 1, 2, 2, 3, 3, 4, 4, 5, 5, 6, 6, 7, 7, 8, 8, 9, 9, 10, 10, 11, 11, 12, 12, 13, 11, 14, 14, 15, 15, 16, 16, 17, 17, 18, 18, 19, 19, 20, 20, 21, 17, 22, 16, 2, 17, 5, 20, 6, 22, 8, 22, 14]","[1, 0, 2, 1, 3, 2, 4, 3, 5, 4, 6, 5, 7, 6, 8, 7, 9, 8, 10, 9, 11, 10, 12, 11, 13, 12, 14, 11, 15, 14, 16, 15, 17, 16, 18, 17, 19, 18, 20, 19, 21, 20, 22, 17, 2, 16, 5, 17, 6, 20, 8, 22, 14, 22]",-2.661
15,32,"[1, 3, 1, 1, 1, 1, 1, 1, 1, 1, 1, 1, 1, 1, 1]","[1, 1, 1, 1, 1, 1, 3, 3, 3, 3, 3, 3, 3, 3, 3, 3, 1, 1, 3, 3, 3, 3, 3, 3, 3, 3, 3, 3, 3, 3, 3, 3]","[0, 1, 1, 2, 2, 3, 3, 4, 4, 5, 5, 6, 6, 7, 7, 8, 0, 9, 9, 10, 10, 11, 11, 12, 12, 13, 13, 14, 8, 3, 14, 9]","[1, 0, 2, 1, 3, 2, 4, 3, 5, 4, 6, 5, 7, 6, 8, 7, 9, 0, 10, 9, 11, 10, 12, 11, 13, 12, 14, 13, 3, 8, 9, 14]",-3.695
21,46,"[3, 1, 1, 1, 1, 1, 1, 1, 1, 1, 3, 1, 3, 1, 1, 2, 1, 1, 1, 1, 1]","[2, 2, 1, 1, 2, 2, 1, 1, 2, 2, 1, 1, 3, 3, 3, 3, 3, 3, 1, 1, 1, 1, 1, 1, 1, 1, 3, 3, 1, 1, 1, 1, 1, 1, 1, 1, 1, 1, 1, 1, 3, 3, 3, 3, 1, 1]","[0, 1, 1, 2, 2, 3, 3, 4, 4, 5, 5, 6, 6, 7, 7, 8, 8, 9, 9, 10, 10, 11, 11, 12, 12, 13, 13, 14, 1, 15, 15, 16, 16, 17, 17, 18, 18, 19, 19, 20, 14, 6, 13, 9, 20, 15]","[1, 0, 2, 1, 3, 2, 4, 3, 5, 4, 6, 5, 7, 6, 8, 7, 9, 8, 10, 9, 11, 10, 12, 11, 13, 12, 14, 13, 15, 1, 16, 15, 17, 16, 18, 17, 19, 18, 20, 19, 6, 14, 9, 13, 15, 20]",-3.853
16,34,"[3, 1, 3, 1, 1, 1, 1, 1, 8, 1, 1, 2, 1, 3, 2, 1]","[1, 1, 2, 2, 1, 1, 1, 1, 1, 1, 1, 1, 1, 1, 1, 1, 1, 1, 1, 1, 1, 1, 1, 1, 2, 2, 1, 1, 1, 1, 1, 1, 1, 1]","[0, 1, 1, 2, 1, 3, 3, 4, 4, 5, 5, 6, 6, 7, 7, 8, 8, 9, 9, 10, 10, 11, 11, 12, 12, 13, 12, 14, 14, 15, 15, 7, 15, 10]","[1, 0, 2, 1, 3, 1, 4, 3, 5, 4, 6, 5, 7, 6, 8, 7, 9, 8, 10, 9, 11, 10, 12, 11, 13, 12, 14, 12, 15, 14, 7, 15, 10, 15]",-3.0460000000000003
22,50,"[1, 2, 1, 1, 1, 1, 1, 1, 3, 1, 3, 1, 3, 1, 1, 3, 1, 1, 1, 1, 1, 1]","[1, 1, 1, 1, 1, 1, 1, 1, 1, 1, 1, 1, 1, 1, 1, 1, 1, 1, 1, 1, 1, 1, 2, 2, 1, 1, 1, 1, 1, 1, 1, 1, 3, 3, 3, 3, 3, 3, 3, 3, 3, 3, 1, 1, 1, 1, 1, 1, 3, 3]","[0, 1, 1, 2, 2, 3, 3, 4, 4, 5, 5, 6, 6, 7, 7, 8, 8, 9, 4, 10, 10, 11, 11, 12, 11, 13, 13, 14, 14, 15, 13, 16, 16, 17, 17, 18, 18, 19, 19, 20, 20, 21, 6, 1, 9, 2, 9, 7, 21, 16]","[1, 0, 2, 1, 3, 2, 4, 3, 5, 4, 6, 5, 7, 6, 8, 7, 9, 8, 10, 4, 11, 10, 12, 11, 13, 11, 14, 13, 15, 14, 16, 13, 17, 16, 18, 17, 19, 18, 20, 19, 21, 20, 1, 6, 2, 9, 7, 9, 16, 21]",-0.504
26,56,"[3, 2, 3, 1, 1, 1, 1, 1, 1, 2, 1, 1, 1, 1, 1, 1, 8, 3, 3, 2, 1, 1, 1, 1, 1, 1]","[1, 1, 2, 2, 1, 1, 3, 3, 3, 3, 3, 3, 3, 3, 3, 3, 1, 1, 1, 1, 3, 3, 3, 3, 3, 3, 3, 3, 3, 3, 1, 1, 2, 2, 2, 2, 1, 1, 1, 1, 3, 3, 3, 3, 3, 3, 3, 3, 3, 3, 3, 3, 3, 3, 3, 3]","[0, 1, 1, 2, 1, 3, 3, 4, 4, 5, 5, 6, 6, 7, 7, 8, 8, 9, 9, 10, 10, 11, 11, 12, 12, 13, 13, 14, 14, 15, 5, 16, 16, 17, 16, 18, 16, 19, 19, 20, 20, 21, 21, 22, 22, 23, 23, 24, 24, 25, 8, 3, 15, 10, 25, 20]","[1, 0, 2, 1, 3, 1, 4, 3, 5, 4, 6, 5, 7, 6, 8, 7, 9, 8, 10, 9, 11, 10, 12, 11, 13, 12, 14, 13, 15, 14, 16, 5, 17, 16, 18, 16, 19, 16, 20, 19, 21, 20, 22, 21, 23, 22, 24, 23, 25, 24, 3, 8, 10, 15, 20, 25]",-6.269
19,40,"[3, 2, 3, 1, 2, 1, 1, 2, 1, 1, 3, 2, 1, 1, 1, 1, 1, 1, 1]","[1, 1, 2, 2, 1, 1, 3, 3, 3, 3, 3, 3, 3, 3, 1, 1, 1, 1, 2, 2, 1, 1, 1, 1, 1, 1, 3, 3, 3, 3, 3, 3, 3, 3, 3, 3, 3, 3, 3, 3]","[0, 1, 1, 2, 1, 3, 3, 4, 4, 5, 5, 6, 6, 7, 7, 8, 8, 9, 9, 10, 9, 11, 11, 12, 12, 13, 13, 14, 14, 15, 15, 16, 16, 17, 17, 18, 7, 3, 18, 13]","[1, 0, 2, 1, 3, 1, 4, 3, 5, 4, 6, 5, 7, 6, 8, 7, 9, 8, 10, 9, 11, 9, 12, 11, 13, 12, 14, 13, 15, 14, 16, 15, 17, 16, 18, 17, 3, 7, 13, 18]",-2.813
54,118,"[1, 1, 1, 1, 1, 2, 1, 3, 1, 1, 1, 1, 1, 1, 1, 1, 2, 1, 3, 1, 1, 1, 1, 2, 1, 3, 1, 1, 1, 1, 1, 1, 1, 1, 2, 1, 1, 3, 1, 1, 1, 1, 2, 2, 1, 3, 1, 1, 1, 1, 2, 2, 1, 3]","[1, 1, 1, 1, 1, 1, 1, 1, 1, 1, 1, 1, 2, 2, 1, 1, 1, 1, 1, 1, 3, 3, 3, 3, 3, 3, 3, 3, 3, 3, 1, 1, 1, 1, 2, 2, 1, 1, 1, 1, 1, 1, 1, 1, 1, 1, 1, 1, 2, 2, 1, 1, 1, 1, 1, 1, 3, 3, 3, 3, 3, 3, 3, 3, 3, 3, 1, 1, 1, 1, 1, 1, 2, 2, 1, 1, 1, 1, 1, 1, 1, 1, 2, 2, 1, 1, 1, 1, 2, 2, 1, 1, 1, 1, 1, 1, 1, 1, 2, 2, 1, 1, 1, 1, 2, 2, 1, 1, 3, 3, 1, 1, 3, 3, 1, 1, 1, 1]","[0, 1, 1, 2, 2, 3, 2, 4, 4, 5, 5, 6, 6, 7, 6, 8, 8, 9, 9, 10, 10, 11, 11, 12, 12, 13, 13, 14, 14, 15, 8, 16, 16, 17, 17, 18, 17, 19, 19, 20, 20, 21, 21, 22, 22, 23, 23, 24, 24, 25, 24, 26, 26, 27, 27, 28, 28, 29, 29, 30, 30, 31, 31, 32, 32, 33, 26, 34, 34, 35, 34, 36, 36, 37, 36, 38, 38, 39, 39, 40, 40, 41, 41, 42, 42, 43, 43, 44, 44, 45, 44, 46, 46, 47, 47, 48, 48, 49, 49, 50, 50, 51, 51, 52, 52, 53, 52, 4, 15, 10, 23, 19, 33, 28, 43, 38, 51, 46]","[1, 0, 2, 1, 3, 2, 4, 2, 5, 4, 6, 5, 7, 6, 8, 6, 9, 8, 10, 9, 11, 10, 12, 11, 13, 12, 14, 13, 15, 14, 16, 8, 17, 16, 18, 17, 19, 17, 20, 19, 21, 20, 22, 21, 23, 22, 24, 23, 25, 24, 26, 24, 27, 26, 28, 27, 29, 28, 30, 29, 31, 30, 32, 31, 33, 32, 34, 26, 35, 34, 36, 34, 37, 36, 38, 36, 39, 38, 40, 39, 41, 40, 42, 41, 43, 42, 44, 43, 45, 44, 46, 44, 47, 46, 48, 47, 49, 48, 50, 49, 51, 50, 52, 51, 53, 52, 4, 52, 10, 15, 19, 23, 28, 33, 38, 43, 46, 51]",-4.04
55,122,"[1, 1, 1, 1, 1, 2, 1, 3, 1, 1, 1, 1, 2, 1, 1, 1, 1, 1, 1, 2, 1, 3, 1, 1, 1, 1, 2, 1, 3, 1, 1, 1, 1, 2, 1, 2, 2, 1, 3, 1, 1, 1, 1, 1, 2, 1, 3, 1, 1, 1, 1, 2, 2, 1, 3]","[1, 1, 1, 1, 1, 1, 1, 1, 1, 1, 1, 1, 2, 2, 1, 1, 1, 1, 1, 1, 3, 3, 3, 3, 3, 3, 3, 3, 3, 3, 3, 3, 3, 3, 3, 3, 1, 1, 1, 1, 2, 2, 1, 1, 1, 1, 1, 1, 1, 1, 1, 1, 1, 1, 2, 2, 1, 1, 1, 1, 1, 1, 3, 3, 3, 3, 3, 3, 3, 3, 1, 1, 1, 1, 2, 2, 1, 1, 1, 1, 1, 1, 1, 1, 1, 1, 1, 1, 1, 1, 2, 2, 1, 1, 1, 1, 1, 1, 1, 1, 2, 2, 1, 1, 1, 1, 2, 2, 1, 1, 3, 3, 3, 3, 1, 1, 3, 3, 1, 1, 1, 1]","[0, 1, 1, 2, 2, 3, 2, 4, 4, 5, 5, 6, 6, 7, 6, 8, 8, 9, 9, 10, 10, 11, 11, 12, 12, 13, 13, 14, 14, 15, 15, 16, 16, 17, 17, 18, 8, 19, 19, 20, 20, 21, 20, 22, 22, 23, 23, 24, 24, 25, 25, 26, 26, 27, 27, 28, 27, 29, 29, 30, 30, 31, 31, 32, 32, 33, 33, 34, 34, 35, 29, 36, 36, 37, 37, 38, 37, 39, 39, 40, 40, 41, 41, 42, 42, 43, 43, 44, 44, 45, 45, 46, 45, 47, 47, 48, 48, 49, 49, 50, 50, 51, 51, 52, 52, 53, 53, 54, 53, 4, 14, 10, 18, 13, 26, 22, 35, 31, 44, 39, 52, 47]","[1, 0, 2, 1, 3, 2, 4, 2, 5, 4, 6, 5, 7, 6, 8, 6, 9, 8, 10, 9, 11, 10, 12, 11, 13, 12, 14, 13, 15, 14, 16, 15, 17, 16, 18, 17, 19, 8, 20, 19, 21, 20, 22, 20, 23, 22, 24, 23, 25, 24, 26, 25, 27, 26, 28, 27, 29, 27, 30, 29, 31, 30, 32, 31, 33, 32, 34, 33, 35, 34, 36, 29, 37, 36, 38, 37, 39, 37, 40, 39, 41, 40, 42, 41, 43, 42, 44, 43, 45, 44, 46, 45, 47, 45, 48, 47, 49, 48, 50, 49, 51, 50, 52, 51, 53, 52, 54, 53, 4, 53, 10, 14, 13, 18, 22, 26, 31, 35, 39, 44, 47, 52]",-2.6
57,126,"[1, 1, 1, 1, 1, 2, 1, 3, 1, 1, 1, 1, 2, 1, 1, 1, 1, 1, 1, 2, 1, 3, 1, 1, 1, 1, 2, 1, 3, 1, 1, 1, 1, 1, 1, 1, 1, 2, 1, 1, 3, 1, 1, 2, 1, 1, 2, 1, 3, 1, 1, 1, 1, 1, 2, 1, 3]","[1, 1, 1, 1, 1, 1, 1, 1, 1, 1, 1, 1, 2, 2, 1, 1, 1, 1, 1, 1, 3, 3, 3, 3, 3, 3, 3, 3, 3, 3, 3, 3, 3, 3, 3, 3, 1, 1, 1, 1, 2, 2, 1, 1, 1, 1, 1, 1, 1, 1, 1, 1, 1, 1, 2, 2, 1, 1, 1, 1, 1, 1, 3, 3, 3, 3, 3, 3, 3, 3, 3, 3, 1, 1, 1, 1, 1, 1, 2, 2, 1, 1, 1, 1, 1, 1, 1, 1, 1, 1, 1, 1, 1, 1, 2, 2, 1, 1, 1, 1, 1, 1, 1, 1, 1, 1, 1, 1, 1, 1, 2, 2, 1, 1, 3, 3, 3, 3, 1, 1, 3, 3, 1, 1, 1, 1]","[0, 1, 1, 2, 2, 3, 2, 4, 4, 5, 5, 6, 6, 7, 6, 8, 8, 9, 9, 10, 10, 11, 11, 12, 12, 13, 13, 14, 14, 15, 15, 16, 16, 17, 17, 18, 8, 19, 19, 20, 20, 21, 20, 22, 22, 23, 23, 24, 24, 25, 25, 26, 26, 27, 27, 28, 27, 29, 29, 30, 30, 31, 31, 32, 32, 33, 33, 34, 34, 35, 35, 36, 29, 37, 37, 38, 37, 39, 39, 40, 39, 41, 41, 42, 42, 43, 43, 44, 44, 45, 45, 46, 46, 47, 47, 48, 47, 49, 49, 50, 50, 51, 51, 52, 52, 53, 53, 54, 54, 55, 55, 56, 55, 4, 14, 10, 18, 13, 26, 22, 36, 31, 46, 41, 54, 49]","[1, 0, 2, 1, 3, 2, 4, 2, 5, 4, 6, 5, 7, 6, 8, 6, 9, 8, 10, 9, 11, 10, 12, 11, 13, 12, 14, 13, 15, 14, 16, 15, 17, 16, 18, 17, 19, 8, 20, 19, 21, 20, 22, 20, 23, 22, 24, 23, 25, 24, 26, 25, 27, 26, 28, 27, 29, 27, 30, 29, 31, 30, 32, 31, 33, 32, 34, 33, 35, 34, 36, 35, 37, 29, 38, 37, 39, 37, 40, 39, 41, 39, 42, 41, 43, 42, 44, 43, 45, 44, 46, 45, 47, 46, 48, 47, 49, 47, 50, 49, 51, 50, 52, 51, 53, 52, 54, 53, 55, 54, 56, 55, 4, 55, 10, 14, 13, 18, 22, 26, 31, 36, 41, 46, 49, 54]",-2.75
56,124,"[1, 1, 1, 1, 1, 2, 1, 3, 1, 1, 1, 1, 1, 1, 1, 1, 1, 1, 1, 1, 2, 1, 3, 1, 1, 1, 1, 2, 1, 3, 1, 1, 1, 1, 2, 1, 2, 2, 1, 3, 1, 1, 1, 1, 1, 2, 1, 3, 1, 1, 1, 1, 1, 2, 1, 3]","[1, 1, 1, 1, 1, 1, 1, 1, 1, 1, 1, 1, 2, 2, 1, 1, 1, 1, 1, 1, 3, 3, 3, 3, 3, 3, 3, 3, 3, 3, 3, 3, 3, 3, 3, 3, 3, 3, 1, 1, 1, 1, 2, 2, 1, 1, 1, 1, 1, 1, 1, 1, 1, 1, 1, 1, 2, 2, 1, 1, 1, 1, 1, 1, 3, 3, 3, 3, 3, 3, 3, 3, 1, 1, 1, 1, 2, 2, 1, 1, 1, 1, 1, 1, 1, 1, 1, 1, 1, 1, 1, 1, 2, 2, 1, 1, 1, 1, 1, 1, 1, 1, 1, 1, 1, 1, 1, 1, 2, 2, 1, 1, 3, 3, 3, 3, 1, 1, 3, 3, 1, 1, 1, 1]","[0, 1, 1, 2, 2, 3, 2, 4, 4, 5, 5, 6, 6, 7, 6, 8, 8, 9, 9, 10, 10, 11, 11, 12, 12, 13, 13, 14, 14, 15, 15, 16, 16, 17, 13, 18, 18, 19, 8, 20, 20, 21, 21, 22, 21, 23, 23, 24, 24, 25, 25, 26, 26, 27, 27, 28, 28, 29, 28, 30, 30, 31, 31, 32, 32, 33, 33, 34, 34, 35, 35, 36, 30, 37, 37, 38, 38, 39, 38, 40, 40, 41, 41, 42, 42, 43, 43, 44, 44, 45, 45, 46, 46, 47, 46, 48, 48, 49, 49, 50, 50, 51, 51, 52, 52, 53, 53, 54, 54, 55, 54, 4, 19, 10, 17, 12, 27, 23, 36, 32, 45, 40, 53, 48]","[1, 0, 2, 1, 3, 2, 4, 2, 5, 4, 6, 5, 7, 6, 8, 6, 9, 8, 10, 9, 11, 10, 12, 11, 13, 12, 14, 13, 15, 14, 16, 15, 17, 16, 18, 13, 19, 18, 20, 8, 21, 20, 22, 21, 23, 21, 24, 23, 25, 24, 26, 25, 27, 26, 28, 27, 29, 28, 30, 28, 31, 30, 32, 31, 33, 32, 34, 33, 35, 34, 36, 35, 37, 30, 38, 37, 39, 38, 40, 38, 41, 40, 42, 41, 43, 42, 44, 43, 45, 44, 46, 45, 47, 46, 48, 46, 49, 48, 50, 49, 51, 50, 52, 51, 53, 52, 54, 53, 55, 54, 4, 54, 10, 19, 12, 17, 23, 27, 32, 36, 40, 45, 48, 53]",-3.98
54,116,"[1, 1, 1, 1, 1, 2, 1, 3, 1, 1, 1, 1, 1, 1, 1, 1, 2, 1, 3, 1, 1, 1, 1, 2, 1, 3, 1, 1, 1, 1, 1, 1, 1, 1, 2, 1, 1, 3, 1, 1, 1, 1, 2, 2, 1, 3, 1, 1, 1, 1, 2, 2, 1, 3]","[1, 1, 1, 1, 1, 1, 1, 1, 1, 1, 1, 1, 2, 2, 1, 1, 1, 1, 1, 1, 3, 3, 3, 3, 3, 3, 3, 3, 3, 3, 1, 1, 1, 1, 2, 2, 1, 1, 1, 1, 1, 1, 1, 1, 1, 1, 1, 1, 2, 2, 1, 1, 1, 1, 1, 1, 3, 3, 3, 3, 3, 3, 3, 3, 3, 3, 1, 1, 1, 1, 1, 1, 2, 2, 1, 1, 1, 1, 1, 1, 1, 1, 1, 1, 1, 1, 1, 1, 2, 2, 1, 1, 1, 1, 1, 1, 1, 1, 2, 2, 1, 1, 1, 1, 2, 2, 1, 1, 3, 3, 1, 1, 3, 3, 1, 1]","[0, 1, 1, 2, 2, 3, 2, 4, 4, 5, 5, 6, 6, 7, 6, 8, 8, 9, 9, 10, 10, 11, 11, 12, 12, 13, 13, 14, 14, 15, 8, 16, 16, 17, 17, 18, 17, 19, 19, 20, 20, 21, 21, 22, 22, 23, 23, 24, 24, 25, 24, 26, 26, 27, 27, 28, 28, 29, 29, 30, 30, 31, 31, 32, 32, 33, 26, 34, 34, 35, 34, 36, 36, 37, 36, 38, 38, 39, 39, 40, 40, 41, 41, 42, 38, 43, 43, 44, 44, 45, 44, 46, 46, 47, 47, 48, 48, 49, 49, 50, 50, 51, 51, 52, 52, 53, 52, 4, 15, 10, 23, 19, 33, 28, 51, 46]","[1, 0, 2, 1, 3, 2, 4, 2, 5, 4, 6, 5, 7, 6, 8, 6, 9, 8, 10, 9, 11, 10, 12, 11, 13, 12, 14, 13, 15, 14, 16, 8, 17, 16, 18, 17, 19, 17, 20, 19, 21, 20, 22, 21, 23, 22, 24, 23, 25, 24, 26, 24, 27, 26, 28, 27, 29, 28, 30, 29, 31, 30, 32, 31, 33, 32, 34, 26, 35, 34, 36, 34, 37, 36, 38, 36, 39, 38, 40, 39, 41, 40, 42, 41, 43, 38, 44, 43, 45, 44, 46, 44, 47, 46, 48, 47, 49, 48, 50, 49, 51, 50, 52, 51, 53, 52, 4, 52, 10, 15, 19, 23, 28, 33, 46, 51]",-2.7
55,122,"[1, 1, 1, 1, 1, 2, 1, 3, 1, 1, 1, 1, 2, 1, 1, 1, 1, 1, 1, 2, 1, 3, 1, 1, 1, 1, 2, 1, 3, 1, 1, 1, 1, 2, 1, 2, 2, 1, 3, 1, 1, 1, 1, 1, 2, 1, 3, 1, 1, 1, 1, 1, 2, 1, 3]","[1, 1, 1, 1, 1, 1, 1, 1, 1, 1, 1, 1, 2, 2, 1, 1, 1, 1, 1, 1, 3, 3, 3, 3, 3, 3, 3, 3, 3, 3, 3, 3, 3, 3, 3, 3, 1, 1, 1, 1, 2, 2, 1, 1, 1, 1, 1, 1, 1, 1, 1, 1, 1, 1, 2, 2, 1, 1, 1, 1, 1, 1, 3, 3, 3, 3, 3, 3, 3, 3, 1, 1, 1, 1, 2, 2, 1, 1, 1, 1, 1, 1, 1, 1, 1, 1, 1, 1, 1, 1, 2, 2, 1, 1, 1, 1, 1, 1, 1, 1, 1, 1, 1, 1, 1, 1, 2, 2, 1, 1, 3, 3, 3, 3, 1, 1, 3, 3, 1, 1, 1, 1]","[0, 1, 1, 2, 2, 3, 2, 4, 4, 5, 5, 6, 6, 7, 6, 8, 8, 9, 9, 10, 10, 11, 11, 12, 12, 13, 13, 14, 14, 15, 15, 16, 16, 17, 17, 18, 8, 19, 19, 20, 20, 21, 20, 22, 22, 23, 23, 24, 24, 25, 25, 26, 26, 27, 27, 28, 27, 29, 29, 30, 30, 31, 31, 32, 32, 33, 33, 34, 34, 35, 29, 36, 36, 37, 37, 38, 37, 39, 39, 40, 40, 41, 41, 42, 42, 43, 43, 44, 44, 45, 45, 46, 45, 47, 47, 48, 48, 49, 49, 50, 50, 51, 51, 52, 52, 53, 53, 54, 53, 4, 14, 10, 18, 13, 26, 22, 35, 31, 44, 39, 52, 47]","[1, 0, 2, 1, 3, 2, 4, 2, 5, 4, 6, 5, 7, 6, 8, 6, 9, 8, 10, 9, 11, 10, 12, 11, 13, 12, 14, 13, 15, 14, 16, 15, 17, 16, 18, 17, 19, 8, 20, 19, 21, 20, 22, 20, 23, 22, 24, 23, 25, 24, 26, 25, 27, 26, 28, 27, 29, 27, 30, 29, 31, 30, 32, 31, 33, 32, 34, 33, 35, 34, 36, 29, 37, 36, 38, 37, 39, 37, 40, 39, 41, 40, 42, 41, 43, 42, 44, 43, 45, 44, 46, 45, 47, 45, 48, 47, 49, 48, 50, 49, 51, 50, 52, 51, 53, 52, 54, 53, 4, 53, 10, 14, 13, 18, 22, 26, 31, 35, 39, 44, 47, 52]",-2.58
61,126,"[1, 1, 1, 1, 1, 2, 1, 3, 1, 1, 1, 1, 2, 1, 2, 2, 1, 3, 1, 1, 1, 1, 1, 1, 1, 1, 2, 1, 3, 3, 1, 1, 1, 1, 1, 3, 1, 1, 3, 2, 1, 1, 1, 1, 1, 1, 3, 2, 1, 1, 1, 1, 1, 1, 1, 1, 1, 2, 1, 3, 3]","[1, 1, 1, 1, 1, 1, 1, 1, 1, 1, 1, 1, 2, 2, 1, 1, 1, 1, 1, 1, 3, 3, 3, 3, 3, 3, 3, 3, 1, 1, 1, 1, 2, 2, 1, 1, 1, 1, 1, 1, 3, 3, 3, 3, 3, 3, 3, 3, 3, 3, 1, 1, 1, 1, 2, 2, 1, 1, 1, 1, 1, 1, 1, 1, 1, 1, 1, 1, 1, 1, 1, 1, 1, 1, 2, 2, 1, 1, 1, 1, 1, 1, 1, 1, 1, 1, 1, 1, 1, 1, 2, 2, 1, 1, 1, 1, 1, 1, 1, 1, 3, 3, 3, 3, 3, 3, 3, 3, 3, 3, 1, 1, 1, 1, 1, 1, 1, 1, 2, 2, 3, 3, 3, 3, 3, 3]","[0, 1, 1, 2, 1, 3, 3, 4, 4, 5, 5, 6, 6, 7, 6, 8, 8, 9, 9, 10, 10, 11, 11, 12, 12, 13, 13, 14, 8, 15, 15, 16, 16, 17, 16, 18, 18, 19, 19, 20, 20, 21, 21, 22, 22, 23, 23, 24, 24, 25, 18, 26, 26, 27, 27, 28, 27, 29, 29, 30, 30, 31, 30, 32, 30, 33, 4, 34, 34, 35, 34, 36, 36, 37, 37, 38, 37, 39, 39, 40, 40, 41, 41, 42, 42, 43, 42, 44, 40, 45, 45, 46, 45, 47, 47, 48, 48, 49, 49, 50, 50, 51, 51, 52, 52, 53, 53, 54, 54, 55, 52, 56, 56, 57, 48, 58, 58, 59, 58, 60, 14, 10, 25, 20, 55, 50]","[1, 0, 2, 1, 3, 1, 4, 3, 5, 4, 6, 5, 7, 6, 8, 6, 9, 8, 10, 9, 11, 10, 12, 11, 13, 12, 14, 13, 15, 8, 16, 15, 17, 16, 18, 16, 19, 18, 20, 19, 21, 20, 22, 21, 23, 22, 24, 23, 25, 24, 26, 18, 27, 26, 28, 27, 29, 27, 30, 29, 31, 30, 32, 30, 33, 30, 34, 4, 35, 34, 36, 34, 37, 36, 38, 37, 39, 37, 40, 39, 41, 40, 42, 41, 43, 42, 44, 42, 45, 40, 46, 45, 47, 45, 48, 47, 49, 48, 50, 49, 51, 50, 52, 51, 53, 52, 54, 53, 55, 54, 56, 52, 57, 56, 58, 48, 59, 58, 60, 58, 10, 14, 20, 25, 50, 55]",-2.82
54,118,"[1, 1, 1, 1, 1, 2, 1, 3, 1, 1, 1, 1, 1, 1, 1, 1, 2, 1, 3, 1, 1, 1, 1, 2, 1, 3, 1, 1, 1, 1, 1, 1, 1, 1, 2, 1, 1, 3, 1, 1, 1, 1, 1, 2, 1, 3, 1, 1, 1, 1, 1, 2, 1, 3]","[1, 1, 1, 1, 1, 1, 1, 1, 1, 1, 1, 1, 2, 2, 1, 1, 1, 1, 1, 1, 3, 3, 3, 3, 3, 3, 3, 3, 3, 3, 1, 1, 1, 1, 2, 2, 1, 1, 1, 1, 1, 1, 1, 1, 1, 1, 1, 1, 2, 2, 1, 1, 1, 1, 1, 1, 3, 3, 3, 3, 3, 3, 3, 3, 3, 3, 1, 1, 1, 1, 1, 1, 2, 2, 1, 1, 1, 1, 1, 1, 1, 1, 1, 1, 1, 1, 1, 1, 2, 2, 1, 1, 1, 1, 1, 1, 1, 1, 1, 1, 1, 1, 1, 1, 2, 2, 1, 1, 3, 3, 1, 1, 3, 3, 1, 1, 1, 1]","[0, 1, 1, 2, 2, 3, 2, 4, 4, 5, 5, 6, 6, 7, 6, 8, 8, 9, 9, 10, 10, 11, 11, 12, 12, 13, 13, 14, 14, 15, 8, 16, 16, 17, 17, 18, 17, 19, 19, 20, 20, 21, 21, 22, 22, 23, 23, 24, 24, 25, 24, 26, 26, 27, 27, 28, 28, 29, 29, 30, 30, 31, 31, 32, 32, 33, 26, 34, 34, 35, 34, 36, 36, 37, 36, 38, 38, 39, 39, 40, 40, 41, 41, 42, 42, 43, 43, 44, 44, 45, 44, 46, 46, 47, 47, 48, 48, 49, 49, 50, 50, 51, 51, 52, 52, 53, 52, 4, 15, 10, 23, 19, 33, 28, 43, 38, 51, 46]","[1, 0, 2, 1, 3, 2, 4, 2, 5, 4, 6, 5, 7, 6, 8, 6, 9, 8, 10, 9, 11, 10, 12, 11, 13, 12, 14, 13, 15, 14, 16, 8, 17, 16, 18, 17, 19, 17, 20, 19, 21, 20, 22, 21, 23, 22, 24, 23, 25, 24, 26, 24, 27, 26, 28, 27, 29, 28, 30, 29, 31, 30, 32, 31, 33, 32, 34, 26, 35, 34, 36, 34, 37, 36, 38, 36, 39, 38, 40, 39, 41, 40, 42, 41, 43, 42, 44, 43, 45, 44, 46, 44, 47, 46, 48, 47, 49, 48, 50, 49, 51, 50, 52, 51, 53, 52, 4, 52, 10, 15, 19, 23, 28, 33, 38, 43, 46, 51]",-5.57
60,126,"[1, 1, 1, 1, 1, 2, 1, 3, 1, 1, 3, 1, 1, 1, 1, 1, 1, 1, 1, 2, 1, 3, 1, 1, 1, 1, 2, 1, 2, 2, 1, 3, 1, 1, 1, 1, 1, 1, 1, 1, 2, 1, 3, 3, 1, 1, 1, 1, 1, 3, 2, 1, 1, 1, 1, 1, 1, 1, 1, 2]","[1, 1, 1, 1, 1, 1, 1, 1, 1, 1, 1, 1, 2, 2, 1, 1, 1, 1, 1, 1, 1, 1, 1, 1, 1, 1, 1, 1, 1, 1, 1, 1, 1, 1, 1, 1, 1, 1, 1, 1, 2, 2, 1, 1, 1, 1, 1, 1, 3, 3, 3, 3, 3, 3, 3, 3, 1, 1, 1, 1, 2, 2, 1, 1, 1, 1, 1, 1, 3, 3, 3, 3, 3, 3, 3, 3, 3, 3, 1, 1, 1, 1, 2, 2, 1, 1, 1, 1, 1, 1, 1, 1, 1, 1, 1, 1, 2, 2, 1, 1, 1, 1, 1, 1, 3, 3, 3, 3, 3, 3, 3, 3, 3, 3, 1, 1, 1, 1, 1, 1, 3, 3, 3, 3, 3, 3]","[0, 1, 1, 2, 1, 3, 3, 4, 4, 5, 5, 6, 6, 7, 6, 8, 8, 9, 9, 10, 9, 11, 11, 12, 12, 13, 13, 14, 14, 15, 15, 16, 16, 17, 17, 18, 11, 19, 19, 20, 20, 21, 20, 22, 22, 23, 23, 24, 24, 25, 25, 26, 26, 27, 27, 28, 22, 29, 29, 30, 30, 31, 30, 32, 32, 33, 33, 34, 34, 35, 35, 36, 36, 37, 37, 38, 38, 39, 32, 40, 40, 41, 41, 42, 41, 43, 43, 44, 44, 45, 44, 46, 44, 47, 4, 48, 48, 49, 48, 50, 50, 51, 51, 52, 52, 53, 53, 54, 54, 55, 55, 56, 56, 57, 56, 58, 58, 59, 18, 13, 28, 24, 39, 34, 57, 52]","[1, 0, 2, 1, 3, 1, 4, 3, 5, 4, 6, 5, 7, 6, 8, 6, 9, 8, 10, 9, 11, 9, 12, 11, 13, 12, 14, 13, 15, 14, 16, 15, 17, 16, 18, 17, 19, 11, 20, 19, 21, 20, 22, 20, 23, 22, 24, 23, 25, 24, 26, 25, 27, 26, 28, 27, 29, 22, 30, 29, 31, 30, 32, 30, 33, 32, 34, 33, 35, 34, 36, 35, 37, 36, 38, 37, 39, 38, 40, 32, 41, 40, 42, 41, 43, 41, 44, 43, 45, 44, 46, 44, 47, 44, 48, 4, 49, 48, 50, 48, 51, 50, 52, 51, 53, 52, 54, 53, 55, 54, 56, 55, 57, 56, 58, 56, 59, 58, 13, 18, 24, 28, 34, 39, 52, 57]",-4.7
34,70,"[3, 1, 3, 1, 1, 27, 1, 1, 27, 1, 1, 27, 2, 1, 3, 1, 1, 1, 1, 1, 3, 2, 1, 1, 27, 1, 1, 27, 1, 1, 27, 1, 3, 3]","[1, 1, 2, 2, 1, 1, 3, 3, 1, 1, 3, 3, 3, 3, 1, 1, 3, 3, 3, 3, 1, 1, 1, 1, 1, 1, 2, 2, 1, 1, 1, 1, 1, 1, 1, 1, 1, 1, 2, 2, 1, 1, 1, 1, 3, 3, 1, 1, 3, 3, 3, 3, 1, 1, 3, 3, 3, 3, 1, 1, 1, 1, 1, 1, 2, 2, 3, 3, 3, 3]","[0, 1, 1, 2, 1, 3, 3, 4, 4, 5, 4, 6, 6, 7, 7, 8, 7, 9, 9, 10, 10, 11, 6, 12, 12, 13, 13, 14, 13, 15, 15, 16, 16, 17, 17, 18, 18, 19, 19, 20, 19, 21, 21, 22, 22, 23, 23, 24, 23, 25, 25, 26, 26, 27, 26, 28, 28, 29, 29, 30, 28, 31, 31, 32, 31, 33, 10, 3, 29, 22]","[1, 0, 2, 1, 3, 1, 4, 3, 5, 4, 6, 4, 7, 6, 8, 7, 9, 7, 10, 9, 11, 10, 12, 6, 13, 12, 14, 13, 15, 13, 16, 15, 17, 16, 18, 17, 19, 18, 20, 19, 21, 19, 22, 21, 23, 22, 24, 23, 25, 23, 26, 25, 27, 26, 28, 26, 29, 28, 30, 29, 31, 28, 32, 31, 33, 31, 3, 10, 22, 29]",-3.39
57,118,"[1, 1, 1, 1, 1, 2, 1, 3, 1, 1, 1, 1, 2, 1, 2, 2, 1, 3, 1, 1, 1, 1, 1, 1, 1, 1, 2, 1, 3, 3, 1, 1, 1, 1, 1, 3, 1, 1, 3, 2, 1, 1, 1, 1, 1, 1, 3, 2, 1, 1, 2, 1, 1, 1, 1, 1, 2]","[1, 1, 1, 1, 1, 1, 1, 1, 1, 1, 1, 1, 2, 2, 1, 1, 1, 1, 1, 1, 3, 3, 3, 3, 3, 3, 3, 3, 1, 1, 1, 1, 2, 2, 1, 1, 1, 1, 1, 1, 3, 3, 3, 3, 3, 3, 3, 3, 3, 3, 1, 1, 1, 1, 2, 2, 1, 1, 1, 1, 1, 1, 1, 1, 1, 1, 1, 1, 1, 1, 1, 1, 1, 1, 2, 2, 1, 1, 1, 1, 1, 1, 1, 1, 1, 1, 1, 1, 1, 1, 2, 2, 1, 1, 1, 1, 1, 1, 1, 1, 1, 1, 3, 3, 3, 3, 3, 3, 3, 3, 3, 3, 3, 3, 3, 3, 3, 3]","[0, 1, 1, 2, 1, 3, 3, 4, 4, 5, 5, 6, 6, 7, 6, 8, 8, 9, 9, 10, 10, 11, 11, 12, 12, 13, 13, 14, 8, 15, 15, 16, 16, 17, 16, 18, 18, 19, 19, 20, 20, 21, 21, 22, 22, 23, 23, 24, 24, 25, 18, 26, 26, 27, 27, 28, 27, 29, 29, 30, 30, 31, 30, 32, 30, 33, 4, 34, 34, 35, 34, 36, 36, 37, 37, 38, 37, 39, 39, 40, 40, 41, 41, 42, 42, 43, 42, 44, 40, 45, 45, 46, 45, 47, 47, 48, 48, 49, 49, 50, 49, 51, 51, 52, 52, 53, 53, 54, 54, 55, 55, 56, 14, 10, 25, 20, 56, 51]","[1, 0, 2, 1, 3, 1, 4, 3, 5, 4, 6, 5, 7, 6, 8, 6, 9, 8, 10, 9, 11, 10, 12, 11, 13, 12, 14, 13, 15, 8, 16, 15, 17, 16, 18, 16, 19, 18, 20, 19, 21, 20, 22, 21, 23, 22, 24, 23, 25, 24, 26, 18, 27, 26, 28, 27, 29, 27, 30, 29, 31, 30, 32, 30, 33, 30, 34, 4, 35, 34, 36, 34, 37, 36, 38, 37, 39, 37, 40, 39, 41, 40, 42, 41, 43, 42, 44, 42, 45, 40, 46, 45, 47, 45, 48, 47, 49, 48, 50, 49, 51, 49, 52, 51, 53, 52, 54, 53, 55, 54, 56, 55, 10, 14, 20, 25, 51, 56]",-3.4
56,116,"[1, 1, 1, 1, 1, 2, 1, 3, 1, 1, 1, 1, 2, 1, 2, 2, 1, 3, 1, 1, 1, 1, 1, 1, 1, 1, 2, 1, 3, 3, 1, 1, 1, 1, 1, 3, 1, 1, 3, 2, 1, 1, 1, 1, 1, 1, 3, 2, 1, 1, 1, 1, 2, 3, 1, 1]","[1, 1, 1, 1, 1, 1, 1, 1, 1, 1, 1, 1, 2, 2, 1, 1, 1, 1, 1, 1, 3, 3, 3, 3, 3, 3, 3, 3, 1, 1, 1, 1, 2, 2, 1, 1, 1, 1, 1, 1, 3, 3, 3, 3, 3, 3, 3, 3, 3, 3, 1, 1, 1, 1, 2, 2, 1, 1, 1, 1, 1, 1, 1, 1, 1, 1, 1, 1, 1, 1, 1, 1, 1, 1, 2, 2, 1, 1, 1, 1, 1, 1, 1, 1, 1, 1, 1, 1, 1, 1, 2, 2, 1, 1, 1, 1, 1, 1, 3, 3, 3, 3, 3, 3, 1, 1, 3, 3, 3, 3, 3, 3, 3, 3, 3, 3]","[0, 1, 1, 2, 1, 3, 3, 4, 4, 5, 5, 6, 6, 7, 6, 8, 8, 9, 9, 10, 10, 11, 11, 12, 12, 13, 13, 14, 8, 15, 15, 16, 16, 17, 16, 18, 18, 19, 19, 20, 20, 21, 21, 22, 22, 23, 23, 24, 24, 25, 18, 26, 26, 27, 27, 28, 27, 29, 29, 30, 30, 31, 30, 32, 30, 33, 4, 34, 34, 35, 34, 36, 36, 37, 37, 38, 37, 39, 39, 40, 40, 41, 41, 42, 42, 43, 42, 44, 40, 45, 45, 46, 45, 47, 47, 48, 48, 49, 49, 50, 50, 51, 51, 52, 52, 53, 52, 54, 54, 55, 14, 10, 25, 20, 55, 49]","[1, 0, 2, 1, 3, 1, 4, 3, 5, 4, 6, 5, 7, 6, 8, 6, 9, 8, 10, 9, 11, 10, 12, 11, 13, 12, 14, 13, 15, 8, 16, 15, 17, 16, 18, 16, 19, 18, 20, 19, 21, 20, 22, 21, 23, 22, 24, 23, 25, 24, 26, 18, 27, 26, 28, 27, 29, 27, 30, 29, 31, 30, 32, 30, 33, 30, 34, 4, 35, 34, 36, 34, 37, 36, 38, 37, 39, 37, 40, 39, 41, 40, 42, 41, 43, 42, 44, 42, 45, 40, 46, 45, 47, 45, 48, 47, 49, 48, 50, 49, 51, 50, 52, 51, 53, 52, 54, 52, 55, 54, 10, 14, 20, 25, 49, 55]",-2.38
55,114,"[1, 1, 1, 1, 1, 2, 1, 3, 1, 1, 1, 1, 2, 1, 2, 2, 1, 3, 1, 1, 1, 1, 1, 1, 1, 1, 2, 1, 3, 3, 1, 1, 1, 1, 1, 3, 1, 1, 3, 2, 1, 1, 1, 1, 1, 1, 3, 2, 1, 1, 1, 1, 1, 1, 2]","[1, 1, 1, 1, 1, 1, 1, 1, 1, 1, 1, 1, 2, 2, 1, 1, 1, 1, 1, 1, 3, 3, 3, 3, 3, 3, 3, 3, 1, 1, 1, 1, 2, 2, 1, 1, 1, 1, 1, 1, 3, 3, 3, 3, 3, 3, 3, 3, 3, 3, 1, 1, 1, 1, 2, 2, 1, 1, 1, 1, 1, 1, 1, 1, 1, 1, 1, 1, 1, 1, 1, 1, 1, 1, 2, 2, 1, 1, 1, 1, 1, 1, 1, 1, 1, 1, 1, 1, 1, 1, 2, 2, 1, 1, 1, 1, 1, 1, 3, 3, 3, 3, 3, 3, 3, 3, 3, 3, 3, 3, 3, 3, 3, 3]","[0, 1, 1, 2, 1, 3, 3, 4, 4, 5, 5, 6, 6, 7, 6, 8, 8, 9, 9, 10, 10, 11, 11, 12, 12, 13, 13, 14, 8, 15, 15, 16, 16, 17, 16, 18, 18, 19, 19, 20, 20, 21, 21, 22, 22, 23, 23, 24, 24, 25, 18, 26, 26, 27, 27, 28, 27, 29, 29, 30, 30, 31, 30, 32, 30, 33, 4, 34, 34, 35, 34, 36, 36, 37, 37, 38, 37, 39, 39, 40, 40, 41, 41, 42, 42, 43, 42, 44, 40, 45, 45, 46, 45, 47, 47, 48, 48, 49, 49, 50, 50, 51, 51, 52, 52, 53, 53, 54, 14, 10, 25, 20, 54, 49]","[1, 0, 2, 1, 3, 1, 4, 3, 5, 4, 6, 5, 7, 6, 8, 6, 9, 8, 10, 9, 11, 10, 12, 11, 13, 12, 14, 13, 15, 8, 16, 15, 17, 16, 18, 16, 19, 18, 20, 19, 21, 20, 22, 21, 23, 22, 24, 23, 25, 24, 26, 18, 27, 26, 28, 27, 29, 27, 30, 29, 31, 30, 32, 30, 33, 30, 34, 4, 35, 34, 36, 34, 37, 36, 38, 37, 39, 37, 40, 39, 41, 40, 42, 41, 43, 42, 44, 42, 45, 40, 46, 45, 47, 45, 48, 47, 49, 48, 50, 49, 51, 50, 52, 51, 53, 52, 54, 53, 10, 14, 20, 25, 49, 54]",-3.42
55,114,"[1, 1, 1, 1, 1, 2, 1, 3, 1, 1, 1, 1, 2, 1, 2, 2, 1, 3, 1, 1, 1, 1, 1, 1, 1, 1, 2, 1, 3, 3, 1, 1, 1, 1, 1, 3, 1, 1, 3, 2, 1, 1, 1, 1, 1, 1, 3, 2, 1, 1, 1, 1, 2, 1, 1]","[1, 1, 1, 1, 1, 1, 1, 1, 1, 1, 1, 1, 2, 2, 1, 1, 1, 1, 1, 1, 3, 3, 3, 3, 3, 3, 3, 3, 1, 1, 1, 1, 2, 2, 1, 1, 1, 1, 1, 1, 3, 3, 3, 3, 3, 3, 3, 3, 3, 3, 1, 1, 1, 1, 2, 2, 1, 1, 1, 1, 1, 1, 1, 1, 1, 1, 1, 1, 1, 1, 1, 1, 1, 1, 2, 2, 1, 1, 1, 1, 1, 1, 1, 1, 1, 1, 1, 1, 1, 1, 2, 2, 1, 1, 1, 1, 1, 1, 3, 3, 3, 3, 3, 3, 3, 3, 3, 3, 3, 3, 3, 3, 3, 3]","[0, 1, 1, 2, 1, 3, 3, 4, 4, 5, 5, 6, 6, 7, 6, 8, 8, 9, 9, 10, 10, 11, 11, 12, 12, 13, 13, 14, 8, 15, 15, 16, 16, 17, 16, 18, 18, 19, 19, 20, 20, 21, 21, 22, 22, 23, 23, 24, 24, 25, 18, 26, 26, 27, 27, 28, 27, 29, 29, 30, 30, 31, 30, 32, 30, 33, 4, 34, 34, 35, 34, 36, 36, 37, 37, 38, 37, 39, 39, 40, 40, 41, 41, 42, 42, 43, 42, 44, 40, 45, 45, 46, 45, 47, 47, 48, 48, 49, 49, 50, 50, 51, 51, 52, 52, 53, 53, 54, 14, 10, 25, 20, 54, 49]","[1, 0, 2, 1, 3, 1, 4, 3, 5, 4, 6, 5, 7, 6, 8, 6, 9, 8, 10, 9, 11, 10, 12, 11, 13, 12, 14, 13, 15, 8, 16, 15, 17, 16, 18, 16, 19, 18, 20, 19, 21, 20, 22, 21, 23, 22, 24, 23, 25, 24, 26, 18, 27, 26, 28, 27, 29, 27, 30, 29, 31, 30, 32, 30, 33, 30, 34, 4, 35, 34, 36, 34, 37, 36, 38, 37, 39, 37, 40, 39, 41, 40, 42, 41, 43, 42, 44, 42, 45, 40, 46, 45, 47, 45, 48, 47, 49, 48, 50, 49, 51, 50, 52, 51, 53, 52, 54, 53, 10, 14, 20, 25, 49, 54]",-3.36
46,98,"[1, 8, 1, 1, 2, 1, 3, 1, 3, 1, 1, 1, 1, 1, 1, 1, 1, 2, 1, 1, 3, 2, 1, 1, 1, 1, 1, 1, 1, 1, 1, 3, 1, 3, 2, 1, 8, 1, 1, 1, 3, 2, 1, 1, 1, 1]","[1, 1, 1, 1, 1, 1, 1, 1, 1, 1, 2, 2, 1, 1, 1, 1, 1, 1, 3, 3, 3, 3, 3, 3, 3, 3, 3, 3, 3, 3, 3, 3, 3, 3, 3, 3, 1, 1, 2, 2, 1, 1, 1, 1, 1, 1, 1, 1, 3, 3, 3, 3, 3, 3, 3, 3, 3, 3, 1, 1, 1, 1, 1, 1, 2, 2, 1, 1, 1, 1, 1, 1, 1, 1, 1, 1, 1, 1, 2, 2, 1, 1, 1, 1, 1, 1, 1, 1, 1, 1, 3, 3, 3, 3, 3, 3, 1, 1]","[0, 1, 1, 2, 2, 3, 3, 4, 4, 5, 5, 6, 5, 7, 7, 8, 8, 9, 9, 10, 10, 11, 11, 12, 12, 13, 13, 14, 14, 15, 15, 16, 16, 17, 17, 18, 3, 19, 19, 20, 19, 21, 21, 22, 22, 23, 23, 24, 24, 25, 25, 26, 26, 27, 27, 28, 28, 29, 22, 30, 30, 31, 30, 32, 32, 33, 32, 34, 34, 35, 35, 36, 36, 37, 37, 38, 38, 39, 39, 40, 39, 41, 41, 42, 42, 43, 42, 44, 42, 45, 14, 9, 18, 13, 29, 24, 38, 34]","[1, 0, 2, 1, 3, 2, 4, 3, 5, 4, 6, 5, 7, 5, 8, 7, 9, 8, 10, 9, 11, 10, 12, 11, 13, 12, 14, 13, 15, 14, 16, 15, 17, 16, 18, 17, 19, 3, 20, 19, 21, 19, 22, 21, 23, 22, 24, 23, 25, 24, 26, 25, 27, 26, 28, 27, 29, 28, 30, 22, 31, 30, 32, 30, 33, 32, 34, 32, 35, 34, 36, 35, 37, 36, 38, 37, 39, 38, 40, 39, 41, 39, 42, 41, 43, 42, 44, 42, 45, 42, 9, 14, 13, 18, 24, 29, 34, 38]",-3.95
54,118,"[1, 1, 1, 1, 1, 1, 1, 1, 1, 1, 1, 1, 1, 1, 1, 1, 1, 1, 1, 1, 1, 1, 1, 1, 1, 1, 1, 3, 1, 1, 1, 3, 3, 4, 1, 1, 1, 1, 3, 1, 1, 1, 3, 3, 4, 1, 1, 1, 1, 1, 1, 1, 1, 1]","[1, 1, 1, 1, 1, 1, 1, 1, 1, 1, 1, 1, 1, 1, 1, 1, 1, 1, 1, 1, 1, 1, 1, 1, 1, 1, 1, 1, 1, 1, 1, 1, 1, 1, 1, 1, 1, 1, 1, 1, 1, 1, 2, 2, 1, 1, 3, 3, 3, 3, 3, 3, 1, 1, 3, 3, 3, 3, 1, 1, 1, 1, 2, 2, 1, 1, 1, 1, 3, 3, 3, 3, 3, 3, 1, 1, 3, 3, 3, 3, 1, 1, 1, 1, 2, 2, 1, 1, 1, 1, 1, 1, 1, 1, 1, 1, 1, 1, 1, 1, 1, 1, 1, 1, 1, 1, 1, 1, 1, 1, 1, 1, 1, 1, 3, 3, 3, 3]","[0, 1, 1, 2, 1, 3, 3, 4, 4, 5, 5, 6, 6, 7, 6, 8, 8, 9, 9, 10, 10, 11, 11, 12, 12, 13, 13, 14, 14, 15, 15, 16, 16, 17, 17, 18, 17, 19, 19, 20, 20, 21, 21, 22, 22, 23, 23, 24, 24, 25, 25, 26, 26, 27, 26, 28, 28, 29, 28, 30, 30, 31, 30, 32, 25, 33, 22, 34, 34, 35, 35, 36, 36, 37, 37, 38, 37, 39, 39, 40, 39, 41, 41, 42, 41, 43, 36, 44, 17, 45, 45, 46, 46, 47, 47, 48, 47, 49, 49, 50, 50, 51, 51, 52, 52, 53, 52, 8, 52, 11, 49, 12, 47, 15, 29, 23, 40, 34]","[1, 0, 2, 1, 3, 1, 4, 3, 5, 4, 6, 5, 7, 6, 8, 6, 9, 8, 10, 9, 11, 10, 12, 11, 13, 12, 14, 13, 15, 14, 16, 15, 17, 16, 18, 17, 19, 17, 20, 19, 21, 20, 22, 21, 23, 22, 24, 23, 25, 24, 26, 25, 27, 26, 28, 26, 29, 28, 30, 28, 31, 30, 32, 30, 33, 25, 34, 22, 35, 34, 36, 35, 37, 36, 38, 37, 39, 37, 40, 39, 41, 39, 42, 41, 43, 41, 44, 36, 45, 17, 46, 45, 47, 46, 48, 47, 49, 47, 50, 49, 51, 50, 52, 51, 53, 52, 8, 52, 11, 52, 12, 49, 15, 47, 23, 29, 34, 40]",-8.46
35,78,"[3, 1, 1, 1, 1, 1, 1, 1, 1, 1, 1, 1, 3, 1, 1, 3, 1, 3, 1, 1, 1, 1, 1, 1, 1, 1, 1, 1, 1, 1, 1, 1, 0, 1, 1]","[1, 1, 1, 1, 1, 1, 1, 1, 3, 3, 3, 3, 3, 3, 3, 3, 3, 3, 1, 1, 3, 3, 1, 1, 3, 3, 3, 3, 3, 3, 3, 3, 2, 2, 3, 3, 3, 3, 3, 3, 3, 3, 1, 1, 3, 3, 3, 3, 3, 3, 3, 3, 3, 3, 1, 1, 3, 3, 3, 3, 3, 3, 1, 1, 3, 3, 3, 3, 3, 3, 3, 3, 3, 3, 3, 3, 3, 3]","[0, 1, 1, 2, 2, 3, 3, 4, 4, 5, 5, 6, 6, 7, 7, 8, 8, 9, 3, 10, 10, 11, 11, 12, 11, 13, 13, 14, 14, 15, 15, 16, 16, 17, 14, 18, 18, 19, 19, 20, 20, 21, 1, 22, 22, 23, 23, 24, 24, 25, 25, 26, 26, 27, 25, 28, 28, 29, 29, 30, 30, 31, 31, 32, 31, 33, 33, 34, 9, 4, 16, 10, 21, 13, 27, 22, 34, 28]","[1, 0, 2, 1, 3, 2, 4, 3, 5, 4, 6, 5, 7, 6, 8, 7, 9, 8, 10, 3, 11, 10, 12, 11, 13, 11, 14, 13, 15, 14, 16, 15, 17, 16, 18, 14, 19, 18, 20, 19, 21, 20, 22, 1, 23, 22, 24, 23, 25, 24, 26, 25, 27, 26, 28, 25, 29, 28, 30, 29, 31, 30, 32, 31, 33, 31, 34, 33, 4, 9, 10, 16, 13, 21, 22, 27, 28, 34]",-4.45
44,98,"[1, 3, 1, 1, 1, 1, 1, 2, 1, 1, 1, 1, 2, 1, 1, 1, 1, 1, 1, 3, 1, 1, 1, 1, 1, 1, 3, 3, 1, 3, 1, 3, 1, 1, 1, 1, 3, 1, 1, 1, 3, 1, 3, 1]","[1, 1, 1, 1, 1, 1, 1, 1, 1, 1, 1, 1, 1, 1, 1, 1, 1, 1, 1, 1, 3, 3, 3, 3, 3, 3, 3, 3, 3, 3, 3, 3, 3, 3, 3, 3, 1, 1, 1, 1, 1, 1, 1, 1, 1, 1, 1, 1, 1, 1, 2, 2, 1, 1, 1, 1, 1, 1, 1, 1, 2, 2, 1, 1, 3, 3, 3, 3, 3, 3, 1, 1, 1, 1, 3, 3, 3, 3, 1, 1, 1, 1, 1, 1, 1, 1, 1, 1, 1, 1, 1, 1, 3, 3, 3, 3, 3, 3]","[0, 1, 1, 2, 2, 3, 3, 4, 4, 5, 5, 6, 6, 7, 7, 8, 8, 9, 9, 10, 10, 11, 11, 12, 12, 13, 13, 14, 14, 15, 15, 16, 16, 17, 17, 18, 17, 19, 19, 20, 11, 21, 21, 22, 22, 23, 23, 24, 24, 25, 25, 26, 25, 27, 27, 28, 3, 29, 29, 30, 30, 31, 30, 32, 32, 33, 33, 34, 34, 35, 35, 36, 36, 37, 35, 38, 38, 39, 38, 40, 40, 41, 34, 42, 42, 43, 24, 2, 23, 5, 21, 7, 14, 10, 18, 13, 39, 32]","[1, 0, 2, 1, 3, 2, 4, 3, 5, 4, 6, 5, 7, 6, 8, 7, 9, 8, 10, 9, 11, 10, 12, 11, 13, 12, 14, 13, 15, 14, 16, 15, 17, 16, 18, 17, 19, 17, 20, 19, 21, 11, 22, 21, 23, 22, 24, 23, 25, 24, 26, 25, 27, 25, 28, 27, 29, 3, 30, 29, 31, 30, 32, 30, 33, 32, 34, 33, 35, 34, 36, 35, 37, 36, 38, 35, 39, 38, 40, 38, 41, 40, 42, 34, 43, 42, 2, 24, 5, 23, 7, 21, 10, 14, 13, 18, 32, 39]",-5.97
45,104,"[1, 1, 1, 1, 2, 1, 3, 1, 1, 1, 1, 1, 1, 1, 2, 1, 1, 1, 1, 1, 1, 2, 1, 1, 3, 1, 3, 1, 1, 1, 1, 2, 1, 3, 1, 1, 1, 1, 1, 1, 1, 1, 2, 1, 3]","[1, 1, 1, 1, 1, 1, 1, 1, 1, 1, 2, 2, 1, 1, 1, 1, 1, 1, 1, 1, 1, 1, 1, 1, 3, 3, 3, 3, 3, 3, 3, 3, 3, 3, 3, 3, 3, 3, 3, 3, 1, 1, 1, 1, 1, 1, 1, 1, 1, 1, 1, 1, 1, 1, 1, 1, 1, 1, 1, 1, 1, 1, 1, 1, 2, 2, 1, 1, 1, 1, 1, 1, 3, 3, 3, 3, 3, 3, 3, 3, 3, 3, 1, 1, 1, 1, 2, 2, 1, 1, 1, 1, 1, 1, 3, 3, 3, 3, 1, 1, 1, 1, 3, 3]","[0, 1, 1, 2, 1, 3, 3, 4, 4, 5, 5, 6, 5, 7, 7, 8, 8, 9, 9, 10, 10, 11, 11, 12, 12, 13, 13, 14, 14, 15, 15, 16, 16, 17, 17, 18, 18, 19, 19, 20, 10, 21, 21, 22, 21, 23, 3, 24, 24, 25, 25, 26, 25, 27, 27, 28, 28, 29, 29, 30, 30, 31, 31, 32, 32, 33, 32, 34, 34, 35, 35, 36, 36, 37, 37, 38, 38, 39, 39, 40, 40, 41, 34, 42, 42, 43, 43, 44, 43, 3, 23, 7, 17, 9, 16, 12, 20, 15, 42, 25, 31, 27, 41, 36]","[1, 0, 2, 1, 3, 1, 4, 3, 5, 4, 6, 5, 7, 5, 8, 7, 9, 8, 10, 9, 11, 10, 12, 11, 13, 12, 14, 13, 15, 14, 16, 15, 17, 16, 18, 17, 19, 18, 20, 19, 21, 10, 22, 21, 23, 21, 24, 3, 25, 24, 26, 25, 27, 25, 28, 27, 29, 28, 30, 29, 31, 30, 32, 31, 33, 32, 34, 32, 35, 34, 36, 35, 37, 36, 38, 37, 39, 38, 40, 39, 41, 40, 42, 34, 43, 42, 44, 43, 3, 43, 7, 23, 9, 17, 12, 16, 15, 20, 25, 42, 27, 31, 36, 41]",-5.27
38,84,"[1, 1, 1, 3, 1, 1, 1, 1, 1, 1, 1, 1, 1, 1, 1, 3, 1, 1, 1, 3, 1, 1, 3, 3, 1, 1, 1, 3, 3, 1, 1, 1, 1, 3, 1, 3, 1, 1]","[1, 1, 1, 1, 1, 1, 1, 1, 3, 3, 3, 3, 3, 3, 1, 1, 1, 1, 1, 1, 1, 1, 3, 3, 3, 3, 3, 3, 1, 1, 1, 1, 3, 3, 3, 3, 1, 1, 1, 1, 1, 1, 1, 1, 2, 2, 1, 1, 3, 3, 1, 1, 1, 1, 2, 2, 1, 1, 3, 3, 3, 3, 3, 3, 1, 1, 1, 1, 1, 1, 3, 3, 3, 3, 3, 3, 3, 3, 3, 3, 3, 3, 1, 1]","[0, 1, 1, 2, 2, 3, 3, 4, 4, 5, 5, 6, 6, 7, 7, 8, 8, 9, 9, 10, 10, 11, 11, 12, 12, 13, 13, 14, 14, 15, 15, 16, 14, 17, 17, 18, 18, 19, 19, 20, 20, 21, 21, 22, 21, 23, 10, 24, 24, 25, 9, 26, 26, 27, 26, 28, 8, 29, 29, 30, 30, 31, 31, 32, 32, 33, 33, 34, 34, 35, 32, 36, 36, 37, 25, 4, 24, 7, 18, 11, 37, 29, 35, 31]","[1, 0, 2, 1, 3, 2, 4, 3, 5, 4, 6, 5, 7, 6, 8, 7, 9, 8, 10, 9, 11, 10, 12, 11, 13, 12, 14, 13, 15, 14, 16, 15, 17, 14, 18, 17, 19, 18, 20, 19, 21, 20, 22, 21, 23, 21, 24, 10, 25, 24, 26, 9, 27, 26, 28, 26, 29, 8, 30, 29, 31, 30, 32, 31, 33, 32, 34, 33, 35, 34, 36, 32, 37, 36, 4, 25, 7, 24, 11, 18, 29, 37, 31, 35]",-6.77
47,96,"[1, 3, 1, 1, 2, 1, 3, 1, 2, 1, 3, 1, 1, 1, 3, 1, 1, 1, 1, 1, 1, 1, 1, 2, 1, 3, 3, 1, 1, 1, 1, 1, 1, 1, 1, 1, 3, 1, 1, 1, 3, 1, 3, 1, 1, 1, 1]","[1, 1, 1, 1, 1, 1, 1, 1, 1, 1, 2, 2, 1, 1, 1, 1, 1, 1, 2, 2, 1, 1, 1, 1, 1, 1, 1, 1, 1, 1, 1, 1, 1, 1, 3, 3, 3, 3, 3, 3, 3, 3, 3, 3, 1, 1, 1, 1, 2, 2, 1, 1, 1, 1, 1, 1, 1, 1, 1, 1, 1, 1, 1, 1, 3, 3, 3, 3, 3, 3, 1, 1, 1, 1, 3, 3, 3, 3, 1, 1, 1, 1, 1, 1, 1, 1, 1, 1, 1, 1, 1, 1, 3, 3, 3, 3]","[0, 1, 1, 2, 2, 3, 3, 4, 4, 5, 5, 6, 5, 7, 7, 8, 8, 9, 9, 10, 9, 11, 11, 12, 12, 13, 13, 14, 13, 15, 15, 16, 16, 17, 17, 18, 18, 19, 19, 20, 20, 21, 21, 22, 15, 23, 23, 24, 24, 25, 24, 26, 26, 27, 27, 28, 27, 29, 27, 30, 11, 31, 31, 32, 32, 33, 33, 34, 34, 35, 35, 36, 36, 37, 35, 38, 38, 39, 38, 40, 40, 41, 34, 42, 42, 43, 7, 44, 44, 45, 44, 46, 22, 17, 39, 32]","[1, 0, 2, 1, 3, 2, 4, 3, 5, 4, 6, 5, 7, 5, 8, 7, 9, 8, 10, 9, 11, 9, 12, 11, 13, 12, 14, 13, 15, 13, 16, 15, 17, 16, 18, 17, 19, 18, 20, 19, 21, 20, 22, 21, 23, 15, 24, 23, 25, 24, 26, 24, 27, 26, 28, 27, 29, 27, 30, 27, 31, 11, 32, 31, 33, 32, 34, 33, 35, 34, 36, 35, 37, 36, 38, 35, 39, 38, 40, 38, 41, 40, 42, 34, 43, 42, 44, 7, 45, 44, 46, 44, 17, 22, 32, 39]",-4.0
88,192,"[3, 1, 1, 3, 1, 3, 1, 1, 3, 1, 3, 1, 3, 1, 1, 3, 3, 1, 1, 3, 1, 3, 1, 3, 1, 1, 3, 3, 1, 1, 3, 1, 3, 1, 3, 1, 1, 3, 3, 1, 1, 3, 1, 3, 1, 3, 1, 1, 3, 3, 1, 1, 3, 1, 3, 1, 3, 1, 1, 3, 3, 1, 1, 3, 1, 3, 1, 3, 1, 1, 3, 3, 1, 1, 3, 1, 3, 1, 3, 1, 1, 3, 3, 1, 1, 3, 1, 3]","[1, 1, 1, 1, 1, 1, 1, 1, 1, 1, 1, 1, 1, 1, 1, 1, 1, 1, 1, 1, 1, 1, 1, 1, 1, 1, 1, 1, 1, 1, 1, 1, 1, 1, 1, 1, 1, 1, 1, 1, 1, 1, 1, 1, 1, 1, 1, 1, 1, 1, 1, 1, 1, 1, 1, 1, 1, 1, 1, 1, 1, 1, 1, 1, 1, 1, 1, 1, 1, 1, 1, 1, 1, 1, 1, 1, 1, 1, 1, 1, 1, 1, 1, 1, 1, 1, 1, 1, 1, 1, 1, 1, 1, 1, 1, 1, 1, 1, 1, 1, 1, 1, 1, 1, 1, 1, 1, 1, 1, 1, 1, 1, 1, 1, 1, 1, 1, 1, 1, 1, 1, 1, 1, 1, 1, 1, 1, 1, 1, 1, 1, 1, 1, 1, 1, 1, 1, 1, 1, 1, 1, 1, 1, 1, 1, 1, 1, 1, 1, 1, 1, 1, 1, 1, 1, 1, 1, 1, 1, 1, 1, 1, 1, 1, 1, 1, 1, 1, 1, 1, 1, 1, 1, 1, 1, 1, 1, 1, 1, 1, 1, 1, 1, 1, 1, 1, 1, 1, 1, 1, 1, 1]","[0, 1, 1, 2, 2, 3, 3, 4, 4, 5, 5, 6, 6, 7, 7, 8, 7, 9, 9, 10, 9, 11, 11, 12, 12, 13, 13, 14, 14, 15, 11, 16, 16, 17, 17, 18, 18, 19, 18, 20, 20, 21, 20, 22, 22, 23, 23, 24, 24, 25, 25, 26, 22, 27, 27, 28, 28, 29, 29, 30, 29, 31, 31, 32, 31, 33, 33, 34, 34, 35, 35, 36, 36, 37, 33, 38, 38, 39, 39, 40, 40, 41, 40, 42, 42, 43, 42, 44, 44, 45, 45, 46, 46, 47, 47, 48, 44, 49, 49, 50, 50, 51, 51, 52, 51, 53, 53, 54, 53, 55, 55, 56, 56, 57, 57, 58, 58, 59, 55, 60, 60, 61, 61, 62, 62, 63, 62, 64, 64, 65, 64, 66, 66, 67, 67, 68, 68, 69, 69, 70, 66, 71, 71, 72, 72, 73, 73, 74, 73, 75, 75, 76, 75, 77, 77, 78, 78, 79, 79, 80, 80, 81, 77, 82, 82, 83, 83, 84, 84, 85, 84, 86, 86, 87, 83, 2, 86, 4, 13, 6, 24, 17, 35, 28, 46, 39, 57, 50, 68, 61, 79, 72]","[1, 0, 2, 1, 3, 2, 4, 3, 5, 4, 6, 5, 7, 6, 8, 7, 9, 7, 10, 9, 11, 9, 12, 11, 13, 12, 14, 13, 15, 14, 16, 11, 17, 16, 18, 17, 19, 18, 20, 18, 21, 20, 22, 20, 23, 22, 24, 23, 25, 24, 26, 25, 27, 22, 28, 27, 29, 28, 30, 29, 31, 29, 32, 31, 33, 31, 34, 33, 35, 34, 36, 35, 37, 36, 38, 33, 39, 38, 40, 39, 41, 40, 42, 40, 43, 42, 44, 42, 45, 44, 46, 45, 47, 46, 48, 47, 49, 44, 50, 49, 51, 50, 52, 51, 53, 51, 54, 53, 55, 53, 56, 55, 57, 56, 58, 57, 59, 58, 60, 55, 61, 60, 62, 61, 63, 62, 64, 62, 65, 64, 66, 64, 67, 66, 68, 67, 69, 68, 70, 69, 71, 66, 72, 71, 73, 72, 74, 73, 75, 73, 76, 75, 77, 75, 78, 77, 79, 78, 80, 79, 81, 80, 82, 77, 83, 82, 84, 83, 85, 84, 86, 84, 87, 86, 2, 83, 4, 86, 6, 13, 17, 24, 28, 35, 39, 46, 50, 57, 61, 68, 72, 79]",-0.75
29,62,"[1, 3, 1, 1, 6, 1, 1, 1, 1, 1, 1, 4, 2, 1, 2, 1, 1, 1, 1, 1, 1, 8, 3, 3, 2, 7, 3, 3, 3]","[1, 1, 1, 1, 3, 3, 1, 1, 3, 3, 3, 3, 3, 3, 3, 3, 1, 1, 3, 3, 1, 1, 3, 3, 3, 3, 3, 3, 1, 1, 3, 3, 3, 3, 3, 3, 3, 3, 3, 3, 1, 1, 2, 2, 2, 2, 1, 1, 1, 1, 1, 1, 1, 1, 2, 2, 3, 3, 3, 3, 3, 3]","[0, 1, 1, 2, 2, 3, 3, 4, 3, 5, 5, 6, 6, 7, 7, 8, 6, 9, 9, 10, 10, 11, 10, 12, 12, 13, 13, 14, 14, 15, 15, 16, 16, 17, 17, 18, 18, 19, 19, 20, 18, 21, 21, 22, 21, 23, 21, 24, 24, 25, 25, 26, 25, 27, 25, 28, 8, 2, 14, 9, 20, 15]","[1, 0, 2, 1, 3, 2, 4, 3, 5, 3, 6, 5, 7, 6, 8, 7, 9, 6, 10, 9, 11, 10, 12, 10, 13, 12, 14, 13, 15, 14, 16, 15, 17, 16, 18, 17, 19, 18, 20, 19, 21, 18, 22, 21, 23, 21, 24, 21, 25, 24, 26, 25, 27, 25, 28, 25, 2, 8, 9, 14, 15, 20]",-2.55
34,72,"[6, 1, 1, 1, 1, 1, 1, 1, 3, 2, 1, 3, 2, 1, 1, 1, 1, 3, 1, 1, 4, 1, 1, 1, 2, 1, 6, 6, 6, 1, 1, 4, 4, 6]","[1, 1, 3, 3, 3, 3, 3, 3, 3, 3, 3, 3, 1, 1, 2, 2, 1, 1, 1, 1, 2, 2, 1, 1, 1, 1, 3, 3, 3, 3, 3, 3, 1, 1, 1, 1, 3, 3, 1, 1, 3, 3, 3, 3, 3, 3, 3, 3, 1, 1, 1, 1, 1, 1, 1, 1, 3, 3, 3, 3, 1, 1, 1, 1, 1, 1, 3, 3, 3, 3, 3, 3]","[0, 1, 1, 2, 2, 3, 3, 4, 4, 5, 5, 6, 6, 7, 7, 8, 7, 9, 9, 10, 10, 11, 10, 12, 12, 13, 13, 14, 14, 15, 15, 16, 16, 17, 17, 18, 18, 19, 19, 20, 19, 21, 21, 22, 22, 23, 23, 24, 22, 25, 25, 26, 25, 27, 25, 28, 16, 29, 29, 30, 29, 31, 15, 32, 5, 33, 6, 1, 30, 13, 24, 18]","[1, 0, 2, 1, 3, 2, 4, 3, 5, 4, 6, 5, 7, 6, 8, 7, 9, 7, 10, 9, 11, 10, 12, 10, 13, 12, 14, 13, 15, 14, 16, 15, 17, 16, 18, 17, 19, 18, 20, 19, 21, 19, 22, 21, 23, 22, 24, 23, 25, 22, 26, 25, 27, 25, 28, 25, 29, 16, 30, 29, 31, 29, 32, 15, 33, 5, 1, 6, 13, 30, 18, 24]",-8.65
28,62,"[2, 1, 1, 1, 1, 1, 1, 8, 3, 3, 2, 1, 2, 1, 1, 8, 1, 1, 1, 1, 1, 1, 1, 1, 1, 1, 1, 1]","[1, 1, 3, 3, 3, 3, 3, 3, 3, 3, 3, 3, 1, 1, 2, 2, 2, 2, 1, 1, 1, 1, 3, 3, 3, 3, 3, 3, 3, 3, 1, 1, 3, 3, 3, 3, 3, 3, 3, 3, 3, 3, 1, 1, 3, 3, 3, 3, 3, 3, 3, 3, 3, 3, 3, 3, 3, 3, 3, 3, 3, 3]","[0, 1, 1, 2, 2, 3, 3, 4, 4, 5, 5, 6, 4, 7, 7, 8, 7, 9, 7, 10, 10, 11, 11, 12, 12, 13, 13, 14, 14, 15, 13, 16, 16, 17, 17, 18, 18, 19, 19, 20, 20, 21, 19, 22, 22, 23, 23, 24, 24, 25, 25, 26, 26, 27, 6, 1, 15, 11, 21, 16, 27, 22]","[1, 0, 2, 1, 3, 2, 4, 3, 5, 4, 6, 5, 7, 4, 8, 7, 9, 7, 10, 7, 11, 10, 12, 11, 13, 12, 14, 13, 15, 14, 16, 13, 17, 16, 18, 17, 19, 18, 20, 19, 21, 20, 22, 19, 23, 22, 24, 23, 25, 24, 26, 25, 27, 26, 1, 6, 11, 15, 16, 21, 22, 27]",-5.61
28,60,"[2, 8, 3, 3, 1, 1, 1, 1, 2, 1, 1, 1, 2, 1, 2, 2, 8, 3, 3, 1, 1, 1, 1, 1, 1, 1, 1, 1]","[1, 1, 2, 2, 2, 2, 1, 1, 3, 3, 3, 3, 3, 3, 1, 1, 1, 1, 3, 3, 3, 3, 3, 3, 3, 3, 3, 3, 1, 1, 1, 1, 2, 2, 2, 2, 1, 1, 1, 1, 3, 3, 3, 3, 3, 3, 3, 3, 3, 3, 3, 3, 3, 3, 3, 3, 3, 3, 3, 3]","[0, 1, 1, 2, 1, 3, 1, 4, 4, 5, 5, 6, 6, 7, 7, 8, 8, 9, 9, 10, 10, 11, 11, 12, 12, 13, 13, 14, 13, 15, 15, 16, 16, 17, 16, 18, 16, 19, 19, 20, 20, 21, 21, 22, 22, 23, 23, 24, 24, 25, 7, 26, 26, 27, 27, 4, 14, 9, 25, 20]","[1, 0, 2, 1, 3, 1, 4, 1, 5, 4, 6, 5, 7, 6, 8, 7, 9, 8, 10, 9, 11, 10, 12, 11, 13, 12, 14, 13, 15, 13, 16, 15, 17, 16, 18, 16, 19, 16, 20, 19, 21, 20, 22, 21, 23, 22, 24, 23, 25, 24, 26, 7, 27, 26, 4, 27, 9, 14, 20, 25]",-2.7
77,168,"[3, 1, 1, 3, 1, 3, 1, 1, 3, 1, 3, 1, 3, 1, 1, 3, 3, 1, 1, 3, 1, 3, 1, 3, 1, 1, 3, 3, 1, 1, 3, 1, 3, 1, 3, 1, 1, 3, 3, 1, 1, 3, 1, 3, 1, 3, 1, 1, 3, 3, 1, 1, 3, 1, 3, 1, 3, 1, 1, 3, 3, 1, 1, 3, 1, 3, 1, 3, 1, 1, 3, 3, 1, 1, 3, 1, 3]","[1, 1, 1, 1, 1, 1, 1, 1, 1, 1, 1, 1, 1, 1, 1, 1, 1, 1, 1, 1, 1, 1, 1, 1, 1, 1, 1, 1, 1, 1, 1, 1, 1, 1, 1, 1, 1, 1, 1, 1, 1, 1, 1, 1, 1, 1, 1, 1, 1, 1, 1, 1, 1, 1, 1, 1, 1, 1, 1, 1, 1, 1, 1, 1, 1, 1, 1, 1, 1, 1, 1, 1, 1, 1, 1, 1, 1, 1, 1, 1, 1, 1, 1, 1, 1, 1, 1, 1, 1, 1, 1, 1, 1, 1, 1, 1, 1, 1, 1, 1, 1, 1, 1, 1, 1, 1, 1, 1, 1, 1, 1, 1, 1, 1, 1, 1, 1, 1, 1, 1, 1, 1, 1, 1, 1, 1, 1, 1, 1, 1, 1, 1, 1, 1, 1, 1, 1, 1, 1, 1, 1, 1, 1, 1, 1, 1, 1, 1, 1, 1, 1, 1, 1, 1, 1, 1, 1, 1, 1, 1, 1, 1, 1, 1, 1, 1, 1, 1]","[0, 1, 1, 2, 2, 3, 3, 4, 4, 5, 5, 6, 6, 7, 7, 8, 7, 9, 9, 10, 9, 11, 11, 12, 12, 13, 13, 14, 14, 15, 11, 16, 16, 17, 17, 18, 18, 19, 18, 20, 20, 21, 20, 22, 22, 23, 23, 24, 24, 25, 25, 26, 22, 27, 27, 28, 28, 29, 29, 30, 29, 31, 31, 32, 31, 33, 33, 34, 34, 35, 35, 36, 36, 37, 33, 38, 38, 39, 39, 40, 40, 41, 40, 42, 42, 43, 42, 44, 44, 45, 45, 46, 46, 47, 47, 48, 44, 49, 49, 50, 50, 51, 51, 52, 51, 53, 53, 54, 53, 55, 55, 56, 56, 57, 57, 58, 58, 59, 55, 60, 60, 61, 61, 62, 62, 63, 62, 64, 64, 65, 64, 66, 66, 67, 67, 68, 68, 69, 69, 70, 66, 71, 71, 72, 72, 73, 73, 74, 73, 75, 75, 76, 72, 2, 75, 4, 13, 6, 24, 17, 35, 28, 46, 39, 57, 50, 68, 61]","[1, 0, 2, 1, 3, 2, 4, 3, 5, 4, 6, 5, 7, 6, 8, 7, 9, 7, 10, 9, 11, 9, 12, 11, 13, 12, 14, 13, 15, 14, 16, 11, 17, 16, 18, 17, 19, 18, 20, 18, 21, 20, 22, 20, 23, 22, 24, 23, 25, 24, 26, 25, 27, 22, 28, 27, 29, 28, 30, 29, 31, 29, 32, 31, 33, 31, 34, 33, 35, 34, 36, 35, 37, 36, 38, 33, 39, 38, 40, 39, 41, 40, 42, 40, 43, 42, 44, 42, 45, 44, 46, 45, 47, 46, 48, 47, 49, 44, 50, 49, 51, 50, 52, 51, 53, 51, 54, 53, 55, 53, 56, 55, 57, 56, 58, 57, 59, 58, 60, 55, 61, 60, 62, 61, 63, 62, 64, 62, 65, 64, 66, 64, 67, 66, 68, 67, 69, 68, 70, 69, 71, 66, 72, 71, 73, 72, 74, 73, 75, 73, 76, 75, 2, 72, 4, 75, 6, 13, 17, 24, 28, 35, 39, 46, 50, 57, 61, 68]",-1.84
30,68,"[2, 1, 1, 1, 2, 1, 1, 1, 2, 1, 1, 1, 1, 6, 1, 3, 1, 1, 2, 1, 1, 1, 1, 6, 1, 1, 6, 1, 3, 3]","[1, 1, 1, 1, 1, 1, 1, 1, 1, 1, 1, 1, 1, 1, 3, 3, 3, 3, 3, 3, 3, 3, 3, 3, 1, 1, 3, 3, 2, 2, 3, 3, 3, 3, 3, 3, 1, 1, 3, 3, 3, 3, 3, 3, 1, 1, 3, 3, 3, 3, 1, 1, 1, 1, 1, 1, 2, 2, 1, 1, 1, 1, 3, 3, 3, 3, 3, 3]","[0, 1, 1, 2, 2, 3, 3, 4, 4, 5, 5, 6, 4, 7, 7, 8, 8, 9, 9, 10, 10, 11, 11, 12, 12, 13, 10, 14, 14, 15, 14, 16, 16, 17, 17, 18, 18, 19, 19, 20, 20, 21, 21, 22, 22, 23, 22, 24, 24, 25, 25, 26, 16, 27, 27, 28, 27, 29, 6, 1, 6, 2, 12, 7, 18, 9, 25, 19]","[1, 0, 2, 1, 3, 2, 4, 3, 5, 4, 6, 5, 7, 4, 8, 7, 9, 8, 10, 9, 11, 10, 12, 11, 13, 12, 14, 10, 15, 14, 16, 14, 17, 16, 18, 17, 19, 18, 20, 19, 21, 20, 22, 21, 23, 22, 24, 22, 25, 24, 26, 25, 27, 16, 28, 27, 29, 27, 1, 6, 2, 6, 7, 12, 9, 18, 19, 25]",-4.53
32,68,"[2, 1, 2, 1, 3, 1, 1, 2, 2, 1, 1, 2, 1, 2, 1, 1, 1, 1, 1, 1, 1, 3, 2, 1, 1, 1, 1, 3, 3, 1, 3, 3]","[1, 1, 3, 3, 3, 3, 2, 2, 3, 3, 3, 3, 3, 3, 3, 3, 3, 3, 3, 3, 3, 3, 1, 1, 1, 1, 1, 1, 3, 3, 3, 3, 3, 3, 3, 3, 3, 3, 1, 1, 2, 2, 1, 1, 1, 1, 1, 1, 1, 1, 1, 1, 1, 1, 2, 2, 1, 1, 1, 1, 2, 2, 3, 3, 3, 3, 3, 3]","[0, 1, 1, 2, 2, 3, 3, 4, 3, 5, 5, 6, 6, 7, 6, 8, 8, 9, 9, 10, 10, 11, 10, 12, 12, 13, 13, 14, 14, 15, 15, 16, 16, 17, 17, 18, 18, 19, 17, 20, 20, 21, 20, 22, 22, 23, 23, 24, 24, 25, 25, 26, 26, 27, 26, 28, 23, 29, 29, 30, 29, 31, 7, 1, 11, 5, 19, 14]","[1, 0, 2, 1, 3, 2, 4, 3, 5, 3, 6, 5, 7, 6, 8, 6, 9, 8, 10, 9, 11, 10, 12, 10, 13, 12, 14, 13, 15, 14, 16, 15, 17, 16, 18, 17, 19, 18, 20, 17, 21, 20, 22, 20, 23, 22, 24, 23, 25, 24, 26, 25, 27, 26, 28, 26, 29, 23, 30, 29, 31, 29, 1, 7, 5, 11, 14, 19]",-5.44
36,76,"[1, 1, 1, 1, 2, 1, 3, 1, 2, 1, 8, 1, 1, 1, 1, 3, 1, 3, 1, 1, 1, 1, 1, 1, 1, 1, 2, 1, 3, 1, 1, 1, 1, 1, 1, 1]","[1, 1, 1, 1, 1, 1, 1, 1, 1, 1, 2, 2, 1, 1, 1, 1, 1, 1, 1, 1, 1, 1, 1, 1, 1, 1, 1, 1, 2, 2, 1, 1, 1, 1, 1, 1, 1, 1, 1, 1, 3, 3, 3, 3, 3, 3, 3, 3, 3, 3, 1, 1, 1, 1, 2, 2, 1, 1, 1, 1, 3, 3, 3, 3, 3, 3, 3, 3, 3, 3, 1, 1, 3, 3, 3, 3]","[0, 1, 1, 2, 1, 3, 1, 4, 4, 5, 5, 6, 5, 7, 7, 8, 8, 9, 9, 10, 10, 11, 11, 12, 11, 13, 8, 14, 14, 15, 14, 16, 16, 17, 16, 18, 18, 19, 19, 20, 20, 21, 21, 22, 22, 23, 23, 24, 24, 25, 18, 26, 26, 27, 27, 28, 27, 29, 29, 30, 30, 31, 31, 32, 32, 33, 33, 34, 34, 35, 11, 7, 25, 20, 35, 30]","[1, 0, 2, 1, 3, 1, 4, 1, 5, 4, 6, 5, 7, 5, 8, 7, 9, 8, 10, 9, 11, 10, 12, 11, 13, 11, 14, 8, 15, 14, 16, 14, 17, 16, 18, 16, 19, 18, 20, 19, 21, 20, 22, 21, 23, 22, 24, 23, 25, 24, 26, 18, 27, 26, 28, 27, 29, 27, 30, 29, 31, 30, 32, 31, 33, 32, 34, 33, 35, 34, 7, 11, 20, 25, 30, 35]",-3.72
28,60,"[6, 1, 6, 6, 2, 1, 8, 1, 2, 1, 1, 1, 1, 1, 1, 2, 1, 1, 1, 1, 1, 1, 1, 2, 1, 6, 6, 6]","[1, 1, 1, 1, 1, 1, 1, 1, 2, 2, 1, 1, 1, 1, 2, 2, 1, 1, 3, 3, 3, 3, 3, 3, 3, 3, 3, 3, 1, 1, 1, 1, 3, 3, 3, 3, 3, 3, 3, 3, 3, 3, 1, 1, 2, 2, 1, 1, 1, 1, 1, 1, 1, 1, 1, 1, 3, 3, 3, 3]","[0, 1, 1, 2, 1, 3, 1, 4, 4, 5, 5, 6, 6, 7, 7, 8, 8, 9, 9, 10, 10, 11, 11, 12, 12, 13, 13, 14, 7, 15, 15, 16, 16, 17, 17, 18, 18, 19, 19, 20, 20, 21, 15, 22, 22, 23, 23, 24, 24, 25, 24, 26, 24, 27, 22, 5, 14, 9, 21, 16]","[1, 0, 2, 1, 3, 1, 4, 1, 5, 4, 6, 5, 7, 6, 8, 7, 9, 8, 10, 9, 11, 10, 12, 11, 13, 12, 14, 13, 15, 7, 16, 15, 17, 16, 18, 17, 19, 18, 20, 19, 21, 20, 22, 15, 23, 22, 24, 23, 25, 24, 26, 24, 27, 24, 5, 22, 9, 14, 16, 21]",-5.42
28,62,"[1, 1, 1, 1, 3, 3, 1, 1, 1, 1, 1, 1, 2, 1, 1, 1, 1, 1, 1, 1, 1, 1, 6, 1, 1, 1, 1, 6]","[1, 1, 3, 3, 1, 1, 1, 1, 2, 2, 3, 3, 3, 3, 3, 3, 3, 3, 3, 3, 3, 3, 3, 3, 3, 3, 1, 1, 3, 3, 3, 3, 3, 3, 3, 3, 3, 3, 1, 1, 3, 3, 1, 1, 3, 3, 3, 3, 3, 3, 3, 3, 1, 1, 3, 3, 3, 3, 3, 3, 3, 3]","[0, 1, 1, 2, 2, 3, 3, 4, 3, 5, 2, 6, 6, 7, 7, 8, 8, 9, 9, 10, 10, 11, 11, 12, 12, 13, 13, 14, 14, 15, 15, 16, 16, 17, 17, 18, 18, 19, 17, 20, 20, 21, 21, 22, 21, 23, 23, 24, 24, 25, 25, 26, 8, 27, 13, 1, 11, 6, 19, 14, 26, 20]","[1, 0, 2, 1, 3, 2, 4, 3, 5, 3, 6, 2, 7, 6, 8, 7, 9, 8, 10, 9, 11, 10, 12, 11, 13, 12, 14, 13, 15, 14, 16, 15, 17, 16, 18, 17, 19, 18, 20, 17, 21, 20, 22, 21, 23, 21, 24, 23, 25, 24, 26, 25, 27, 8, 1, 13, 6, 11, 14, 19, 20, 26]",-6.39
31,68,"[1, 2, 2, 2, 2, 1, 8, 1, 1, 1, 2, 1, 8, 1, 1, 2, 1, 3, 1, 3, 1, 1, 1, 1, 1, 1, 1, 3, 1, 3, 3]","[1, 1, 3, 3, 3, 3, 3, 3, 3, 3, 1, 1, 1, 1, 1, 1, 2, 2, 1, 1, 1, 1, 1, 1, 1, 1, 1, 1, 1, 1, 1, 1, 2, 2, 1, 1, 1, 1, 1, 1, 3, 3, 3, 3, 3, 3, 3, 3, 3, 3, 1, 1, 2, 2, 1, 1, 1, 1, 2, 2, 3, 3, 1, 1, 1, 1, 3, 3]","[0, 1, 1, 2, 2, 3, 3, 4, 4, 5, 5, 6, 6, 7, 7, 8, 8, 9, 9, 10, 10, 11, 11, 12, 12, 13, 11, 14, 14, 15, 15, 16, 16, 17, 16, 18, 18, 19, 18, 20, 20, 21, 21, 22, 22, 23, 23, 24, 24, 25, 14, 26, 26, 27, 9, 28, 28, 29, 28, 30, 5, 1, 13, 8, 26, 10, 25, 20]","[1, 0, 2, 1, 3, 2, 4, 3, 5, 4, 6, 5, 7, 6, 8, 7, 9, 8, 10, 9, 11, 10, 12, 11, 13, 12, 14, 11, 15, 14, 16, 15, 17, 16, 18, 16, 19, 18, 20, 18, 21, 20, 22, 21, 23, 22, 24, 23, 25, 24, 26, 14, 27, 26, 28, 9, 29, 28, 30, 28, 1, 5, 8, 13, 10, 26, 20, 25]",-0.14
29,64,"[1, 1, 2, 2, 1, 8, 1, 1, 1, 2, 1, 8, 1, 1, 2, 1, 3, 1, 2, 1, 2, 2, 2, 1, 3, 1, 3, 3, 8]","[1, 1, 3, 3, 3, 3, 3, 3, 1, 1, 1, 1, 1, 1, 2, 2, 1, 1, 1, 1, 1, 1, 1, 1, 1, 1, 1, 1, 1, 1, 2, 2, 1, 1, 1, 1, 3, 3, 3, 3, 3, 3, 3, 3, 1, 1, 2, 2, 1, 1, 1, 1, 2, 2, 3, 3, 3, 3, 1, 1, 1, 1, 3, 3]","[0, 1, 1, 2, 2, 3, 3, 4, 4, 5, 5, 6, 6, 7, 7, 8, 8, 9, 9, 10, 10, 11, 11, 12, 10, 13, 13, 14, 14, 15, 15, 16, 15, 17, 17, 18, 18, 19, 19, 20, 20, 21, 21, 22, 13, 23, 23, 24, 8, 25, 25, 26, 25, 27, 4, 28, 28, 1, 12, 7, 23, 9, 22, 18]","[1, 0, 2, 1, 3, 2, 4, 3, 5, 4, 6, 5, 7, 6, 8, 7, 9, 8, 10, 9, 11, 10, 12, 11, 13, 10, 14, 13, 15, 14, 16, 15, 17, 15, 18, 17, 19, 18, 20, 19, 21, 20, 22, 21, 23, 13, 24, 23, 25, 8, 26, 25, 27, 25, 28, 4, 1, 28, 7, 12, 9, 23, 18, 22]",-2.62
32,70,"[1, 3, 1, 1, 2, 1, 2, 1, 2, 1, 1, 2, 1, 1, 1, 1, 1, 1, 2, 1, 1, 1, 1, 1, 8, 3, 3, 2, 1, 1, 1, 1]","[1, 1, 1, 1, 3, 3, 3, 3, 3, 3, 3, 3, 3, 3, 1, 1, 1, 1, 1, 1, 1, 1, 1, 1, 1, 1, 1, 1, 1, 1, 1, 1, 3, 3, 3, 3, 3, 3, 3, 3, 3, 3, 3, 3, 1, 1, 1, 1, 2, 2, 2, 2, 1, 1, 1, 1, 1, 1, 3, 3, 3, 3, 3, 3, 1, 1, 3, 3, 3, 3]","[0, 1, 1, 2, 2, 3, 3, 4, 4, 5, 5, 6, 6, 7, 3, 8, 8, 9, 9, 10, 10, 11, 11, 12, 12, 13, 11, 14, 14, 15, 15, 16, 16, 17, 17, 18, 18, 19, 19, 20, 20, 21, 21, 22, 22, 23, 23, 24, 24, 25, 24, 26, 24, 27, 27, 28, 27, 29, 22, 30, 30, 31, 7, 2, 13, 8, 20, 16, 31, 19]","[1, 0, 2, 1, 3, 2, 4, 3, 5, 4, 6, 5, 7, 6, 8, 3, 9, 8, 10, 9, 11, 10, 12, 11, 13, 12, 14, 11, 15, 14, 16, 15, 17, 16, 18, 17, 19, 18, 20, 19, 21, 20, 22, 21, 23, 22, 24, 23, 25, 24, 26, 24, 27, 24, 28, 27, 29, 27, 30, 22, 31, 30, 2, 7, 8, 13, 16, 20, 19, 31]",-3.76
32,70,"[1, 3, 1, 1, 1, 1, 1, 1, 3, 1, 1, 2, 1, 2, 2, 1, 1, 2, 1, 1, 1, 3, 2, 1, 1, 1, 1, 1, 1, 2, 3, 3]","[1, 1, 1, 1, 3, 3, 3, 3, 3, 3, 3, 3, 3, 3, 1, 1, 1, 1, 3, 3, 3, 3, 3, 3, 3, 3, 1, 1, 1, 1, 1, 1, 1, 1, 1, 1, 1, 1, 1, 1, 2, 2, 1, 1, 1, 1, 3, 3, 3, 3, 3, 3, 3, 3, 3, 3, 1, 1, 1, 1, 2, 2, 3, 3, 3, 3, 1, 1, 3, 3]","[0, 1, 1, 2, 2, 3, 3, 4, 4, 5, 5, 6, 6, 7, 7, 8, 8, 9, 5, 10, 10, 11, 11, 12, 12, 13, 10, 14, 14, 15, 15, 16, 16, 17, 17, 18, 18, 19, 17, 20, 20, 21, 20, 22, 22, 23, 23, 24, 24, 25, 25, 26, 26, 27, 27, 28, 26, 29, 29, 30, 29, 31, 7, 2, 13, 4, 19, 14, 28, 23]","[1, 0, 2, 1, 3, 2, 4, 3, 5, 4, 6, 5, 7, 6, 8, 7, 9, 8, 10, 5, 11, 10, 12, 11, 13, 12, 14, 10, 15, 14, 16, 15, 17, 16, 18, 17, 19, 18, 20, 17, 21, 20, 22, 20, 23, 22, 24, 23, 25, 24, 26, 25, 27, 26, 28, 27, 29, 26, 30, 29, 31, 29, 2, 7, 4, 13, 14, 19, 23, 28]",-6.95
32,68,"[1, 1, 1, 1, 1, 3, 2, 1, 1, 1, 1, 1, 1, 1, 1, 1, 1, 1, 1, 1, 1, 2, 2, 2, 2, 1, 1, 1, 1, 1, 3, 3]","[1, 1, 1, 1, 1, 1, 1, 1, 2, 2, 1, 1, 1, 1, 1, 1, 3, 3, 3, 3, 3, 3, 3, 3, 3, 3, 1, 1, 3, 3, 3, 3, 3, 3, 3, 3, 3, 3, 1, 1, 3, 3, 3, 3, 3, 3, 3, 3, 1, 1, 1, 1, 1, 1, 1, 1, 1, 1, 1, 1, 2, 2, 3, 3, 3, 3, 3, 3]","[0, 1, 1, 2, 2, 3, 3, 4, 4, 5, 4, 6, 6, 7, 7, 8, 8, 9, 9, 10, 10, 11, 11, 12, 12, 13, 11, 14, 14, 15, 15, 16, 16, 17, 17, 18, 18, 19, 15, 20, 20, 21, 21, 22, 22, 23, 23, 24, 6, 25, 25, 26, 26, 27, 26, 28, 25, 29, 29, 30, 29, 31, 13, 8, 19, 14, 24, 20]","[1, 0, 2, 1, 3, 2, 4, 3, 5, 4, 6, 4, 7, 6, 8, 7, 9, 8, 10, 9, 11, 10, 12, 11, 13, 12, 14, 11, 15, 14, 16, 15, 17, 16, 18, 17, 19, 18, 20, 15, 21, 20, 22, 21, 23, 22, 24, 23, 25, 6, 26, 25, 27, 26, 28, 26, 29, 25, 30, 29, 31, 29, 8, 13, 14, 19, 20, 24]",-4.2
28,60,"[3, 1, 3, 1, 1, 3, 1, 1, 1, 1, 2, 2, 1, 1, 1, 1, 1, 1, 8, 3, 3, 2, 1, 1, 1, 1, 1, 2]","[1, 1, 2, 2, 1, 1, 3, 3, 1, 1, 3, 3, 3, 3, 3, 3, 3, 3, 1, 1, 2, 2, 1, 1, 3, 3, 3, 3, 3, 3, 3, 3, 3, 3, 1, 1, 2, 2, 2, 2, 1, 1, 1, 1, 3, 3, 3, 3, 3, 3, 3, 3, 3, 3, 3, 3, 3, 3, 3, 3]","[0, 1, 1, 2, 1, 3, 3, 4, 4, 5, 4, 6, 6, 7, 7, 8, 8, 9, 8, 10, 10, 11, 11, 12, 12, 13, 13, 14, 14, 15, 15, 16, 16, 17, 15, 18, 18, 19, 18, 20, 18, 21, 21, 22, 22, 23, 23, 24, 24, 25, 25, 26, 26, 27, 9, 3, 17, 12, 27, 22]","[1, 0, 2, 1, 3, 1, 4, 3, 5, 4, 6, 4, 7, 6, 8, 7, 9, 8, 10, 8, 11, 10, 12, 11, 13, 12, 14, 13, 15, 14, 16, 15, 17, 16, 18, 15, 19, 18, 20, 18, 21, 18, 22, 21, 23, 22, 24, 23, 25, 24, 26, 25, 27, 26, 3, 9, 12, 17, 22, 27]",-6.14
23,48,"[1, 1, 2, 1, 1, 2, 1, 1, 1, 3, 1, 8, 3, 3, 1, 1, 1, 1, 8, 8, 2, 3, 3]","[1, 1, 1, 1, 1, 1, 1, 1, 1, 1, 1, 1, 1, 1, 1, 1, 1, 1, 1, 1, 1, 1, 2, 2, 2, 2, 1, 1, 3, 3, 3, 3, 3, 3, 3, 3, 1, 1, 1, 1, 2, 2, 2, 2, 1, 1, 3, 3]","[0, 1, 1, 2, 2, 3, 3, 4, 4, 5, 5, 6, 6, 7, 7, 8, 8, 9, 9, 10, 5, 11, 11, 12, 11, 13, 11, 14, 14, 15, 15, 16, 16, 17, 17, 18, 17, 19, 19, 20, 19, 21, 19, 22, 15, 3, 18, 14]","[1, 0, 2, 1, 3, 2, 4, 3, 5, 4, 6, 5, 7, 6, 8, 7, 9, 8, 10, 9, 11, 5, 12, 11, 13, 11, 14, 11, 15, 14, 16, 15, 17, 16, 18, 17, 19, 17, 20, 19, 21, 19, 22, 19, 3, 15, 14, 18]",-2.95
22,48,"[1, 2, 1, 1, 3, 1, 1, 1, 1, 8, 8, 3, 3, 1, 3, 2, 1, 2, 1, 1, 1, 1]","[1, 1, 1, 1, 2, 2, 1, 1, 1, 1, 3, 3, 3, 3, 3, 3, 3, 3, 1, 1, 2, 2, 2, 2, 1, 1, 2, 2, 1, 1, 1, 1, 3, 3, 3, 3, 3, 3, 3, 3, 3, 3, 1, 1, 3, 3, 3, 3]","[0, 1, 1, 2, 2, 3, 3, 4, 3, 5, 5, 6, 6, 7, 7, 8, 8, 9, 6, 10, 10, 11, 10, 12, 2, 13, 13, 14, 13, 15, 15, 16, 16, 17, 17, 18, 18, 19, 19, 20, 20, 21, 10, 1, 9, 5, 21, 16]","[1, 0, 2, 1, 3, 2, 4, 3, 5, 3, 6, 5, 7, 6, 8, 7, 9, 8, 10, 6, 11, 10, 12, 10, 13, 2, 14, 13, 15, 13, 16, 15, 17, 16, 18, 17, 19, 18, 20, 19, 21, 20, 1, 10, 5, 9, 16, 21]",-3.88
26,58,"[6, 1, 1, 1, 1, 1, 1, 1, 2, 1, 1, 2, 1, 1, 1, 1, 1, 1, 1, 1, 1, 6, 1, 1, 1, 1]","[1, 1, 3, 3, 3, 3, 3, 3, 3, 3, 3, 3, 1, 1, 1, 1, 3, 3, 3, 3, 3, 3, 3, 3, 1, 1, 3, 3, 3, 3, 3, 3, 3, 3, 3, 3, 1, 1, 3, 3, 1, 1, 3, 3, 3, 3, 3, 3, 3, 3, 3, 3, 3, 3, 3, 3, 3, 3]","[0, 1, 1, 2, 2, 3, 3, 4, 4, 5, 5, 6, 4, 7, 7, 8, 8, 9, 9, 10, 10, 11, 11, 12, 7, 13, 13, 14, 14, 15, 15, 16, 16, 17, 17, 18, 7, 19, 19, 20, 20, 21, 20, 22, 22, 23, 23, 24, 24, 25, 6, 1, 12, 8, 18, 13, 25, 19]","[1, 0, 2, 1, 3, 2, 4, 3, 5, 4, 6, 5, 7, 4, 8, 7, 9, 8, 10, 9, 11, 10, 12, 11, 13, 7, 14, 13, 15, 14, 16, 15, 17, 16, 18, 17, 19, 7, 20, 19, 21, 20, 22, 20, 23, 22, 24, 23, 25, 24, 1, 6, 8, 12, 13, 18, 19, 25]",-8.4
28,62,"[1, 2, 1, 1, 1, 1, 3, 1, 1, 1, 3, 1, 1, 3, 1, 1, 3, 1, 1, 1, 3, 1, 1, 4, 1, 1, 1, 1]","[1, 1, 1, 1, 1, 1, 1, 1, 1, 1, 1, 1, 1, 1, 1, 1, 3, 3, 1, 1, 3, 3, 3, 3, 1, 1, 3, 3, 3, 3, 3, 3, 3, 3, 3, 3, 3, 3, 2, 2, 1, 1, 3, 3, 1, 1, 3, 3, 3, 3, 3, 3, 3, 3, 1, 1, 3, 3, 3, 3, 3, 3]","[0, 1, 1, 2, 2, 3, 3, 4, 4, 5, 5, 6, 5, 7, 4, 8, 8, 9, 9, 10, 9, 11, 11, 12, 12, 13, 12, 14, 14, 15, 15, 16, 16, 17, 17, 18, 18, 19, 19, 20, 17, 21, 21, 22, 22, 23, 22, 24, 24, 25, 25, 26, 26, 27, 7, 1, 15, 8, 19, 14, 27, 21]","[1, 0, 2, 1, 3, 2, 4, 3, 5, 4, 6, 5, 7, 5, 8, 4, 9, 8, 10, 9, 11, 9, 12, 11, 13, 12, 14, 12, 15, 14, 16, 15, 17, 16, 18, 17, 19, 18, 20, 19, 21, 17, 22, 21, 23, 22, 24, 22, 25, 24, 26, 25, 27, 26, 1, 7, 8, 15, 14, 19, 21, 27]",-4.26
29,62,"[1, 3, 1, 1, 1, 1, 1, 1, 1, 8, 1, 1, 1, 1, 1, 1, 2, 1, 1, 2, 1, 1, 1, 3, 1, 3, 1, 1, 3]","[1, 1, 1, 1, 3, 3, 3, 3, 3, 3, 3, 3, 3, 3, 1, 1, 1, 1, 1, 1, 3, 3, 3, 3, 3, 3, 3, 3, 3, 3, 1, 1, 1, 1, 1, 1, 1, 1, 1, 1, 1, 1, 1, 1, 2, 2, 1, 1, 1, 1, 1, 1, 1, 1, 2, 2, 3, 3, 1, 1, 3, 3]","[0, 1, 1, 2, 2, 3, 3, 4, 4, 5, 5, 6, 6, 7, 5, 8, 8, 9, 9, 10, 10, 11, 11, 12, 12, 13, 13, 14, 14, 15, 15, 16, 16, 17, 17, 18, 18, 19, 19, 20, 19, 21, 16, 22, 22, 23, 22, 24, 24, 25, 25, 26, 26, 27, 26, 28, 7, 2, 24, 8, 15, 10]","[1, 0, 2, 1, 3, 2, 4, 3, 5, 4, 6, 5, 7, 6, 8, 5, 9, 8, 10, 9, 11, 10, 12, 11, 13, 12, 14, 13, 15, 14, 16, 15, 17, 16, 18, 17, 19, 18, 20, 19, 21, 19, 22, 16, 23, 22, 24, 22, 25, 24, 26, 25, 27, 26, 28, 26, 2, 7, 8, 24, 10, 15]",-2.95
30,66,"[1, 1, 3, 2, 1, 1, 2, 1, 1, 1, 3, 1, 1, 1, 1, 1, 1, 8, 1, 1, 1, 1, 2, 1, 1, 1, 1, 1, 1, 4]","[1, 1, 2, 2, 1, 1, 1, 1, 1, 1, 1, 1, 1, 1, 1, 1, 1, 1, 2, 2, 1, 1, 2, 2, 1, 1, 3, 3, 3, 3, 3, 3, 1, 1, 1, 1, 3, 3, 3, 3, 3, 3, 3, 3, 3, 3, 3, 3, 3, 3, 3, 3, 3, 3, 3, 3, 1, 1, 1, 1, 3, 3, 3, 3, 3, 3]","[0, 1, 1, 2, 1, 3, 3, 4, 4, 5, 5, 6, 6, 7, 7, 8, 6, 9, 9, 10, 9, 11, 11, 12, 12, 13, 13, 14, 14, 15, 15, 16, 16, 17, 17, 18, 18, 19, 19, 20, 20, 21, 21, 22, 22, 23, 23, 24, 21, 25, 25, 26, 16, 27, 27, 28, 15, 29, 8, 3, 28, 13, 26, 18, 24, 20]","[1, 0, 2, 1, 3, 1, 4, 3, 5, 4, 6, 5, 7, 6, 8, 7, 9, 6, 10, 9, 11, 9, 12, 11, 13, 12, 14, 13, 15, 14, 16, 15, 17, 16, 18, 17, 19, 18, 20, 19, 21, 20, 22, 21, 23, 22, 24, 23, 25, 21, 26, 25, 27, 16, 28, 27, 29, 15, 3, 8, 13, 28, 18, 26, 20, 24]",-2.74
32,68,"[1, 1, 1, 1, 1, 8, 1, 1, 1, 1, 1, 1, 1, 3, 2, 1, 1, 2, 1, 1, 1, 1, 3, 1, 1, 2, 3, 3, 1, 1, 1, 1]","[1, 1, 1, 1, 1, 1, 3, 3, 1, 1, 1, 1, 3, 3, 3, 3, 3, 3, 1, 1, 2, 2, 1, 1, 2, 2, 1, 1, 1, 1, 1, 1, 1, 1, 1, 1, 1, 1, 1, 1, 1, 1, 2, 2, 3, 3, 3, 3, 1, 1, 1, 1, 2, 2, 3, 3, 3, 3, 3, 3, 3, 3, 3, 3, 3, 3, 1, 1]","[0, 1, 1, 2, 1, 3, 3, 4, 4, 5, 5, 6, 6, 7, 7, 8, 8, 9, 9, 10, 10, 11, 11, 12, 12, 13, 12, 14, 14, 15, 15, 16, 16, 17, 17, 18, 18, 19, 17, 20, 20, 21, 20, 22, 9, 23, 23, 24, 7, 25, 25, 26, 25, 27, 4, 28, 28, 29, 29, 30, 30, 31, 31, 3, 24, 6, 19, 14]","[1, 0, 2, 1, 3, 1, 4, 3, 5, 4, 6, 5, 7, 6, 8, 7, 9, 8, 10, 9, 11, 10, 12, 11, 13, 12, 14, 12, 15, 14, 16, 15, 17, 16, 18, 17, 19, 18, 20, 17, 21, 20, 22, 20, 23, 9, 24, 23, 25, 7, 26, 25, 27, 25, 28, 4, 29, 28, 30, 29, 31, 30, 3, 31, 6, 24, 14, 19]",-2.7
37,84,"[1, 1, 1, 1, 1, 1, 1, 1, 1, 1, 1, 3, 1, 1, 1, 1, 1, 1, 1, 3, 1, 3, 1, 1, 1, 1, 3, 1, 1, 1, 1, 1, 1, 1, 1, 1, 1]","[1, 1, 1, 1, 1, 1, 1, 1, 1, 1, 1, 1, 1, 1, 1, 1, 2, 2, 1, 1, 2, 2, 1, 1, 1, 1, 1, 1, 1, 1, 1, 1, 1, 1, 1, 1, 1, 1, 1, 1, 2, 2, 1, 1, 3, 3, 3, 3, 3, 3, 1, 1, 1, 1, 3, 3, 3, 3, 3, 3, 3, 3, 3, 3, 3, 3, 3, 3, 1, 1, 4, 4, 1, 1, 1, 1, 1, 1, 1, 1, 3, 3, 3, 3]","[0, 1, 1, 2, 2, 3, 3, 4, 4, 5, 5, 6, 6, 7, 7, 8, 8, 9, 9, 10, 10, 11, 10, 12, 12, 13, 13, 14, 5, 15, 15, 16, 16, 17, 17, 18, 18, 19, 19, 20, 20, 21, 20, 22, 22, 23, 23, 24, 24, 25, 25, 26, 26, 27, 27, 28, 28, 29, 29, 30, 30, 31, 31, 32, 25, 33, 33, 34, 18, 35, 35, 36, 15, 1, 18, 1, 14, 4, 14, 8, 34, 22, 32, 27]","[1, 0, 2, 1, 3, 2, 4, 3, 5, 4, 6, 5, 7, 6, 8, 7, 9, 8, 10, 9, 11, 10, 12, 10, 13, 12, 14, 13, 15, 5, 16, 15, 17, 16, 18, 17, 19, 18, 20, 19, 21, 20, 22, 20, 23, 22, 24, 23, 25, 24, 26, 25, 27, 26, 28, 27, 29, 28, 30, 29, 31, 30, 32, 31, 33, 25, 34, 33, 35, 18, 36, 35, 1, 15, 1, 18, 4, 14, 8, 14, 22, 34, 27, 32]",-6.84
26,56,"[2, 8, 3, 3, 1, 1, 1, 1, 2, 1, 2, 1, 2, 1, 1, 2, 1, 3, 1, 1, 1, 1, 2, 1, 1, 1]","[1, 1, 2, 2, 2, 2, 1, 1, 3, 3, 3, 3, 3, 3, 1, 1, 1, 1, 3, 3, 3, 3, 3, 3, 3, 3, 3, 3, 1, 1, 1, 1, 2, 2, 1, 1, 3, 3, 3, 3, 3, 3, 3, 3, 3, 3, 3, 3, 3, 3, 3, 3, 3, 3, 3, 3]","[0, 1, 1, 2, 1, 3, 1, 4, 4, 5, 5, 6, 6, 7, 7, 8, 8, 9, 9, 10, 10, 11, 11, 12, 12, 13, 13, 14, 11, 15, 15, 16, 16, 17, 16, 18, 18, 19, 19, 20, 20, 21, 21, 22, 22, 23, 7, 24, 24, 25, 25, 4, 14, 9, 23, 18]","[1, 0, 2, 1, 3, 1, 4, 1, 5, 4, 6, 5, 7, 6, 8, 7, 9, 8, 10, 9, 11, 10, 12, 11, 13, 12, 14, 13, 15, 11, 16, 15, 17, 16, 18, 16, 19, 18, 20, 19, 21, 20, 22, 21, 23, 22, 24, 7, 25, 24, 4, 25, 9, 14, 18, 23]",-1.27
28,62,"[1, 3, 1, 1, 1, 1, 1, 1, 3, 1, 1, 2, 1, 2, 2, 1, 1, 2, 1, 1, 1, 3, 2, 1, 1, 8, 1, 1]","[1, 1, 1, 1, 3, 3, 3, 3, 3, 3, 3, 3, 3, 3, 1, 1, 1, 1, 3, 3, 3, 3, 3, 3, 3, 3, 1, 1, 1, 1, 1, 1, 1, 1, 1, 1, 1, 1, 1, 1, 2, 2, 1, 1, 1, 1, 3, 3, 3, 3, 3, 3, 3, 3, 3, 3, 3, 3, 1, 1, 3, 3]","[0, 1, 1, 2, 2, 3, 3, 4, 4, 5, 5, 6, 6, 7, 7, 8, 8, 9, 5, 10, 10, 11, 11, 12, 12, 13, 10, 14, 14, 15, 15, 16, 16, 17, 17, 18, 18, 19, 17, 20, 20, 21, 20, 22, 22, 23, 23, 24, 24, 25, 25, 26, 26, 27, 7, 2, 13, 4, 19, 14, 27, 23]","[1, 0, 2, 1, 3, 2, 4, 3, 5, 4, 6, 5, 7, 6, 8, 7, 9, 8, 10, 5, 11, 10, 12, 11, 13, 12, 14, 10, 15, 14, 16, 15, 17, 16, 18, 17, 19, 18, 20, 17, 21, 20, 22, 20, 23, 22, 24, 23, 25, 24, 26, 25, 27, 26, 2, 7, 4, 13, 14, 19, 23, 27]",-5.3
29,64,"[1, 3, 1, 1, 1, 1, 1, 1, 3, 1, 1, 2, 1, 2, 2, 1, 1, 2, 1, 1, 1, 8, 2, 1, 1, 1, 1, 1, 3]","[1, 1, 1, 1, 3, 3, 3, 3, 3, 3, 3, 3, 3, 3, 1, 1, 1, 1, 3, 3, 3, 3, 3, 3, 3, 3, 1, 1, 1, 1, 1, 1, 1, 1, 1, 1, 1, 1, 1, 1, 2, 2, 1, 1, 1, 1, 1, 1, 3, 3, 3, 3, 3, 3, 3, 3, 3, 3, 3, 3, 1, 1, 3, 3]","[0, 1, 1, 2, 2, 3, 3, 4, 4, 5, 5, 6, 6, 7, 7, 8, 8, 9, 5, 10, 10, 11, 11, 12, 12, 13, 10, 14, 14, 15, 15, 16, 16, 17, 17, 18, 18, 19, 17, 20, 20, 21, 20, 22, 22, 23, 23, 24, 24, 25, 25, 26, 26, 27, 27, 28, 7, 2, 13, 4, 19, 14, 28, 24]","[1, 0, 2, 1, 3, 2, 4, 3, 5, 4, 6, 5, 7, 6, 8, 7, 9, 8, 10, 5, 11, 10, 12, 11, 13, 12, 14, 10, 15, 14, 16, 15, 17, 16, 18, 17, 19, 18, 20, 17, 21, 20, 22, 20, 23, 22, 24, 23, 25, 24, 26, 25, 27, 26, 28, 27, 2, 7, 4, 13, 14, 19, 24, 28]",-5.63
31,68,"[1, 1, 3, 2, 1, 1, 2, 1, 1, 1, 3, 1, 1, 1, 1, 1, 1, 8, 1, 1, 1, 1, 3, 1, 1, 3, 1, 1, 1, 1, 4]","[1, 1, 2, 2, 1, 1, 1, 1, 1, 1, 1, 1, 1, 1, 1, 1, 1, 1, 2, 2, 1, 1, 2, 2, 1, 1, 3, 3, 3, 3, 3, 3, 1, 1, 1, 1, 3, 3, 3, 3, 3, 3, 1, 1, 1, 1, 1, 1, 1, 1, 3, 3, 3, 3, 3, 3, 3, 3, 1, 1, 1, 1, 3, 3, 3, 3, 1, 1]","[0, 1, 1, 2, 1, 3, 3, 4, 4, 5, 5, 6, 6, 7, 7, 8, 6, 9, 9, 10, 9, 11, 11, 12, 12, 13, 13, 14, 14, 15, 15, 16, 16, 17, 17, 18, 18, 19, 19, 20, 20, 21, 21, 22, 22, 23, 23, 24, 24, 25, 21, 26, 26, 27, 16, 28, 28, 29, 15, 30, 8, 3, 29, 13, 27, 18, 25, 20]","[1, 0, 2, 1, 3, 1, 4, 3, 5, 4, 6, 5, 7, 6, 8, 7, 9, 6, 10, 9, 11, 9, 12, 11, 13, 12, 14, 13, 15, 14, 16, 15, 17, 16, 18, 17, 19, 18, 20, 19, 21, 20, 22, 21, 23, 22, 24, 23, 25, 24, 26, 21, 27, 26, 28, 16, 29, 28, 30, 15, 3, 8, 13, 29, 18, 27, 20, 25]",-2.05
31,66,"[1, 3, 1, 1, 1, 1, 1, 1, 1, 1, 1, 1, 1, 1, 1, 3, 3, 1, 1, 3, 1, 3, 1, 2, 1, 1, 1, 1, 1, 1, 1]","[1, 1, 1, 1, 3, 3, 3, 3, 3, 3, 3, 3, 3, 3, 3, 3, 3, 3, 3, 3, 3, 3, 1, 1, 1, 1, 1, 1, 2, 2, 1, 1, 1, 1, 1, 1, 1, 1, 1, 1, 2, 2, 1, 1, 1, 1, 1, 1, 1, 1, 3, 3, 3, 3, 3, 3, 3, 3, 3, 3, 3, 3, 3, 3, 3, 3]","[0, 1, 1, 2, 2, 3, 3, 4, 4, 5, 5, 6, 6, 7, 7, 8, 8, 9, 9, 10, 10, 11, 7, 12, 12, 13, 12, 14, 14, 15, 14, 16, 16, 17, 17, 18, 17, 19, 19, 20, 20, 21, 20, 22, 22, 23, 22, 24, 24, 25, 25, 26, 26, 27, 27, 28, 28, 29, 29, 30, 11, 2, 10, 5, 30, 25]","[1, 0, 2, 1, 3, 2, 4, 3, 5, 4, 6, 5, 7, 6, 8, 7, 9, 8, 10, 9, 11, 10, 12, 7, 13, 12, 14, 12, 15, 14, 16, 14, 17, 16, 18, 17, 19, 17, 20, 19, 21, 20, 22, 20, 23, 22, 24, 22, 25, 24, 26, 25, 27, 26, 28, 27, 29, 28, 30, 29, 2, 11, 5, 10, 25, 30]",-3.5
28,58,"[1, 1, 1, 2, 1, 3, 1, 2, 3, 1, 1, 1, 1, 3, 3, 1, 1, 8, 1, 2, 2, 1, 3, 2, 8, 3, 3, 3]","[1, 1, 1, 1, 1, 1, 1, 1, 2, 2, 1, 1, 2, 2, 1, 1, 1, 1, 1, 1, 1, 1, 1, 1, 1, 1, 2, 2, 1, 1, 3, 3, 3, 3, 3, 3, 3, 3, 1, 1, 1, 1, 2, 2, 1, 1, 1, 1, 1, 1, 2, 2, 2, 2, 1, 1, 3, 3]","[0, 1, 1, 2, 2, 3, 3, 4, 4, 5, 4, 6, 6, 7, 7, 8, 8, 9, 9, 10, 9, 11, 9, 12, 12, 13, 12, 14, 6, 15, 15, 16, 16, 17, 17, 18, 18, 19, 18, 20, 2, 21, 21, 22, 21, 23, 23, 24, 24, 25, 24, 26, 24, 27, 23, 1, 19, 15]","[1, 0, 2, 1, 3, 2, 4, 3, 5, 4, 6, 4, 7, 6, 8, 7, 9, 8, 10, 9, 11, 9, 12, 9, 13, 12, 14, 12, 15, 6, 16, 15, 17, 16, 18, 17, 19, 18, 20, 18, 21, 2, 22, 21, 23, 21, 24, 23, 25, 24, 26, 24, 27, 24, 1, 23, 15, 19]",-1.64
24,52,"[1, 1, 1, 1, 1, 1, 1, 1, 1, 2, 2, 1, 3, 1, 1, 1, 1, 4, 1, 1, 8, 2, 3, 3]","[1, 1, 1, 1, 1, 1, 3, 3, 3, 3, 3, 3, 3, 3, 3, 3, 1, 1, 1, 1, 1, 1, 2, 2, 1, 1, 3, 3, 3, 3, 3, 3, 1, 1, 3, 3, 3, 3, 1, 1, 1, 1, 2, 2, 2, 2, 1, 1, 3, 3, 3, 3]","[0, 1, 1, 2, 2, 3, 3, 4, 4, 5, 5, 6, 6, 7, 7, 8, 4, 9, 9, 10, 10, 11, 11, 12, 11, 13, 13, 14, 14, 15, 15, 16, 16, 17, 16, 18, 18, 19, 15, 20, 20, 21, 20, 22, 20, 23, 9, 1, 8, 3, 19, 13]","[1, 0, 2, 1, 3, 2, 4, 3, 5, 4, 6, 5, 7, 6, 8, 7, 9, 4, 10, 9, 11, 10, 12, 11, 13, 11, 14, 13, 15, 14, 16, 15, 17, 16, 18, 16, 19, 18, 20, 15, 21, 20, 22, 20, 23, 20, 1, 9, 3, 8, 13, 19]",-3.79
36,82,"[1, 1, 1, 1, 1, 1, 1, 1, 1, 1, 1, 3, 1, 1, 1, 1, 1, 1, 1, 3, 1, 3, 1, 1, 1, 1, 1, 1, 1, 1, 1, 1, 1, 1, 1, 1]","[1, 1, 1, 1, 1, 1, 1, 1, 1, 1, 1, 1, 1, 1, 1, 1, 2, 2, 1, 1, 2, 2, 1, 1, 1, 1, 1, 1, 1, 1, 1, 1, 1, 1, 1, 1, 1, 1, 1, 1, 2, 2, 1, 1, 3, 3, 3, 3, 3, 3, 3, 3, 3, 3, 1, 1, 3, 3, 3, 3, 3, 3, 3, 3, 3, 3, 1, 1, 4, 4, 1, 1, 1, 1, 1, 1, 1, 1, 3, 3, 3, 3]","[0, 1, 1, 2, 2, 3, 3, 4, 4, 5, 5, 6, 6, 7, 7, 8, 8, 9, 9, 10, 10, 11, 10, 12, 12, 13, 13, 14, 5, 15, 15, 16, 16, 17, 17, 18, 18, 19, 19, 20, 20, 21, 20, 22, 22, 23, 23, 24, 24, 25, 25, 26, 26, 27, 25, 28, 28, 29, 29, 30, 30, 31, 31, 32, 32, 33, 18, 34, 34, 35, 15, 1, 18, 1, 14, 4, 14, 8, 27, 22, 33, 28]","[1, 0, 2, 1, 3, 2, 4, 3, 5, 4, 6, 5, 7, 6, 8, 7, 9, 8, 10, 9, 11, 10, 12, 10, 13, 12, 14, 13, 15, 5, 16, 15, 17, 16, 18, 17, 19, 18, 20, 19, 21, 20, 22, 20, 23, 22, 24, 23, 25, 24, 26, 25, 27, 26, 28, 25, 29, 28, 30, 29, 31, 30, 32, 31, 33, 32, 34, 18, 35, 34, 1, 15, 1, 18, 4, 14, 8, 14, 22, 27, 28, 33]",-8.11
25,54,"[2, 1, 1, 1, 1, 1, 1, 8, 3, 3, 2, 1, 2, 1, 3, 2, 1, 1, 1, 1, 1, 1, 1, 1, 1]","[1, 1, 3, 3, 3, 3, 3, 3, 3, 3, 3, 3, 1, 1, 2, 2, 2, 2, 1, 1, 1, 1, 3, 3, 3, 3, 2, 2, 3, 3, 1, 1, 1, 1, 3, 3, 3, 3, 3, 3, 3, 3, 3, 3, 3, 3, 3, 3, 3, 3, 3, 3, 3, 3]","[0, 1, 1, 2, 2, 3, 3, 4, 4, 5, 5, 6, 4, 7, 7, 8, 7, 9, 7, 10, 10, 11, 11, 12, 12, 13, 13, 14, 13, 15, 15, 16, 16, 17, 17, 18, 18, 19, 19, 20, 20, 21, 21, 22, 15, 23, 23, 24, 6, 1, 24, 11, 22, 17]","[1, 0, 2, 1, 3, 2, 4, 3, 5, 4, 6, 5, 7, 4, 8, 7, 9, 7, 10, 7, 11, 10, 12, 11, 13, 12, 14, 13, 15, 13, 16, 15, 17, 16, 18, 17, 19, 18, 20, 19, 21, 20, 22, 21, 23, 15, 24, 23, 1, 6, 11, 24, 17, 22]",-4.8
66,144,"[3, 1, 1, 3, 1, 3, 1, 1, 3, 1, 3, 1, 3, 1, 1, 3, 3, 1, 1, 3, 1, 3, 1, 3, 1, 1, 3, 3, 1, 1, 3, 1, 3, 1, 3, 1, 1, 3, 3, 1, 1, 3, 1, 3, 1, 3, 1, 1, 3, 3, 1, 1, 3, 1, 3, 1, 3, 1, 1, 3, 3, 1, 1, 3, 1, 3]","[1, 1, 1, 1, 1, 1, 1, 1, 1, 1, 1, 1, 1, 1, 1, 1, 1, 1, 1, 1, 1, 1, 1, 1, 1, 1, 1, 1, 1, 1, 1, 1, 1, 1, 1, 1, 1, 1, 1, 1, 1, 1, 1, 1, 1, 1, 1, 1, 1, 1, 1, 1, 1, 1, 1, 1, 1, 1, 1, 1, 1, 1, 1, 1, 1, 1, 1, 1, 1, 1, 1, 1, 1, 1, 1, 1, 1, 1, 1, 1, 1, 1, 1, 1, 1, 1, 1, 1, 1, 1, 1, 1, 1, 1, 1, 1, 1, 1, 1, 1, 1, 1, 1, 1, 1, 1, 1, 1, 1, 1, 1, 1, 1, 1, 1, 1, 1, 1, 1, 1, 1, 1, 1, 1, 1, 1, 1, 1, 1, 1, 1, 1, 1, 1, 1, 1, 1, 1, 1, 1, 1, 1, 1, 1]","[0, 1, 1, 2, 2, 3, 3, 4, 4, 5, 5, 6, 6, 7, 7, 8, 7, 9, 9, 10, 9, 11, 11, 12, 12, 13, 13, 14, 14, 15, 11, 16, 16, 17, 17, 18, 18, 19, 18, 20, 20, 21, 20, 22, 22, 23, 23, 24, 24, 25, 25, 26, 22, 27, 27, 28, 28, 29, 29, 30, 29, 31, 31, 32, 31, 33, 33, 34, 34, 35, 35, 36, 36, 37, 33, 38, 38, 39, 39, 40, 40, 41, 40, 42, 42, 43, 42, 44, 44, 45, 45, 46, 46, 47, 47, 48, 44, 49, 49, 50, 50, 51, 51, 52, 51, 53, 53, 54, 53, 55, 55, 56, 56, 57, 57, 58, 58, 59, 55, 60, 60, 61, 61, 62, 62, 63, 62, 64, 64, 65, 61, 2, 64, 4, 13, 6, 24, 17, 35, 28, 46, 39, 57, 50]","[1, 0, 2, 1, 3, 2, 4, 3, 5, 4, 6, 5, 7, 6, 8, 7, 9, 7, 10, 9, 11, 9, 12, 11, 13, 12, 14, 13, 15, 14, 16, 11, 17, 16, 18, 17, 19, 18, 20, 18, 21, 20, 22, 20, 23, 22, 24, 23, 25, 24, 26, 25, 27, 22, 28, 27, 29, 28, 30, 29, 31, 29, 32, 31, 33, 31, 34, 33, 35, 34, 36, 35, 37, 36, 38, 33, 39, 38, 40, 39, 41, 40, 42, 40, 43, 42, 44, 42, 45, 44, 46, 45, 47, 46, 48, 47, 49, 44, 50, 49, 51, 50, 52, 51, 53, 51, 54, 53, 55, 53, 56, 55, 57, 56, 58, 57, 59, 58, 60, 55, 61, 60, 62, 61, 63, 62, 64, 62, 65, 64, 2, 61, 4, 64, 6, 13, 17, 24, 28, 35, 39, 46, 50, 57]",-0.91
31,66,"[1, 3, 1, 1, 1, 1, 1, 1, 1, 1, 1, 1, 1, 1, 1, 3, 3, 1, 1, 3, 1, 3, 1, 2, 1, 1, 1, 1, 1, 1, 1]","[1, 1, 1, 1, 3, 3, 3, 3, 3, 3, 3, 3, 3, 3, 3, 3, 3, 3, 3, 3, 3, 3, 1, 1, 1, 1, 1, 1, 2, 2, 1, 1, 1, 1, 1, 1, 1, 1, 1, 1, 2, 2, 1, 1, 1, 1, 1, 1, 1, 1, 3, 3, 3, 3, 3, 3, 3, 3, 3, 3, 3, 3, 3, 3, 3, 3]","[0, 1, 1, 2, 2, 3, 3, 4, 4, 5, 5, 6, 6, 7, 7, 8, 8, 9, 9, 10, 10, 11, 7, 12, 12, 13, 12, 14, 14, 15, 14, 16, 16, 17, 17, 18, 18, 19, 19, 20, 20, 21, 20, 22, 22, 23, 22, 24, 24, 25, 25, 26, 26, 27, 27, 28, 28, 29, 29, 30, 11, 2, 10, 5, 30, 25]","[1, 0, 2, 1, 3, 2, 4, 3, 5, 4, 6, 5, 7, 6, 8, 7, 9, 8, 10, 9, 11, 10, 12, 7, 13, 12, 14, 12, 15, 14, 16, 14, 17, 16, 18, 17, 19, 18, 20, 19, 21, 20, 22, 20, 23, 22, 24, 22, 25, 24, 26, 25, 27, 26, 28, 27, 29, 28, 30, 29, 2, 11, 5, 10, 25, 30]",-3.75
28,62,"[1, 3, 1, 1, 1, 1, 1, 1, 3, 1, 1, 2, 1, 2, 2, 1, 1, 2, 1, 1, 1, 3, 1, 1, 1, 1, 3, 2]","[1, 1, 1, 1, 3, 3, 3, 3, 3, 3, 3, 3, 3, 3, 1, 1, 1, 1, 3, 3, 3, 3, 3, 3, 3, 3, 1, 1, 1, 1, 1, 1, 1, 1, 1, 1, 1, 1, 1, 1, 2, 2, 1, 1, 3, 3, 3, 3, 3, 3, 3, 3, 1, 1, 3, 3, 3, 3, 1, 1, 3, 3]","[0, 1, 1, 2, 2, 3, 3, 4, 4, 5, 5, 6, 6, 7, 7, 8, 8, 9, 5, 10, 10, 11, 11, 12, 12, 13, 12, 14, 14, 15, 15, 16, 16, 17, 17, 18, 18, 19, 17, 20, 20, 21, 20, 22, 22, 23, 23, 24, 24, 25, 25, 26, 10, 27, 7, 2, 13, 4, 19, 14, 26, 22]","[1, 0, 2, 1, 3, 2, 4, 3, 5, 4, 6, 5, 7, 6, 8, 7, 9, 8, 10, 5, 11, 10, 12, 11, 13, 12, 14, 12, 15, 14, 16, 15, 17, 16, 18, 17, 19, 18, 20, 17, 21, 20, 22, 20, 23, 22, 24, 23, 25, 24, 26, 25, 27, 10, 2, 7, 4, 13, 14, 19, 22, 26]",-5.09
21,44,"[1, 2, 2, 1, 8, 1, 2, 8, 3, 3, 1, 1, 1, 1, 1, 1, 1, 8, 2, 3, 3]","[1, 1, 3, 3, 3, 3, 3, 3, 3, 3, 2, 2, 1, 1, 2, 2, 2, 2, 1, 1, 1, 1, 3, 3, 3, 3, 3, 3, 3, 3, 3, 3, 1, 1, 1, 1, 2, 2, 2, 2, 3, 3, 3, 3]","[0, 1, 1, 2, 2, 3, 3, 4, 4, 5, 5, 6, 6, 7, 7, 8, 7, 9, 7, 10, 10, 11, 11, 12, 12, 13, 13, 14, 14, 15, 15, 16, 3, 17, 17, 18, 17, 19, 17, 20, 5, 1, 16, 11]","[1, 0, 2, 1, 3, 2, 4, 3, 5, 4, 6, 5, 7, 6, 8, 7, 9, 7, 10, 7, 11, 10, 12, 11, 13, 12, 14, 13, 15, 14, 16, 15, 17, 3, 18, 17, 19, 17, 20, 17, 1, 5, 11, 16]",-2.48
27,56,"[2, 8, 3, 3, 1, 1, 1, 1, 1, 2, 1, 8, 2, 1, 1, 3, 1, 1, 1, 1, 1, 1, 1, 3, 3, 1, 1]","[1, 1, 2, 2, 2, 2, 1, 1, 3, 3, 3, 3, 3, 3, 1, 1, 1, 1, 1, 1, 2, 2, 1, 1, 1, 1, 1, 1, 1, 1, 1, 1, 3, 3, 3, 3, 3, 3, 3, 3, 3, 3, 1, 1, 1, 1, 2, 2, 3, 3, 3, 3, 3, 3, 3, 3]","[0, 1, 1, 2, 1, 3, 1, 4, 4, 5, 5, 6, 6, 7, 7, 8, 8, 9, 9, 10, 10, 11, 10, 12, 12, 13, 13, 14, 14, 15, 14, 16, 16, 17, 17, 18, 18, 19, 19, 20, 20, 21, 13, 22, 22, 23, 22, 24, 7, 25, 25, 26, 26, 4, 21, 16]","[1, 0, 2, 1, 3, 1, 4, 1, 5, 4, 6, 5, 7, 6, 8, 7, 9, 8, 10, 9, 11, 10, 12, 10, 13, 12, 14, 13, 15, 14, 16, 14, 17, 16, 18, 17, 19, 18, 20, 19, 21, 20, 22, 13, 23, 22, 24, 22, 25, 7, 26, 25, 4, 26, 16, 21]",-1.29
23,48,"[2, 8, 3, 3, 1, 2, 2, 1, 2, 1, 3, 1, 1, 6, 1, 1, 6, 1, 1, 6, 6, 6, 8]","[1, 1, 2, 2, 2, 2, 1, 1, 3, 3, 3, 3, 3, 3, 1, 1, 1, 1, 2, 2, 1, 1, 3, 3, 1, 1, 3, 3, 3, 3, 1, 1, 3, 3, 3, 3, 1, 1, 1, 1, 1, 1, 3, 3, 3, 3, 3, 3]","[0, 1, 1, 2, 1, 3, 1, 4, 4, 5, 5, 6, 6, 7, 7, 8, 8, 9, 9, 10, 9, 11, 11, 12, 12, 13, 12, 14, 14, 15, 15, 16, 15, 17, 17, 18, 18, 19, 17, 20, 14, 21, 7, 22, 22, 4, 18, 11]","[1, 0, 2, 1, 3, 1, 4, 1, 5, 4, 6, 5, 7, 6, 8, 7, 9, 8, 10, 9, 11, 9, 12, 11, 13, 12, 14, 12, 15, 14, 16, 15, 17, 15, 18, 17, 19, 18, 20, 17, 21, 14, 22, 7, 4, 22, 11, 18]",-1.37
27,60,"[1, 1, 1, 8, 1, 1, 2, 1, 3, 1, 2, 1, 1, 1, 1, 2, 1, 1, 1, 3, 2, 1, 1, 2, 2, 2, 2]","[1, 1, 1, 1, 1, 1, 1, 1, 1, 1, 1, 1, 1, 1, 2, 2, 1, 1, 1, 1, 1, 1, 3, 3, 3, 3, 3, 3, 1, 1, 3, 3, 3, 3, 1, 1, 2, 2, 1, 1, 1, 1, 1, 1, 3, 3, 3, 3, 3, 3, 3, 3, 1, 1, 1, 1, 3, 3, 3, 3]","[0, 1, 1, 2, 1, 3, 3, 4, 4, 5, 5, 6, 6, 7, 7, 8, 7, 9, 9, 10, 9, 11, 11, 12, 12, 13, 13, 14, 14, 15, 14, 16, 16, 17, 5, 18, 18, 19, 18, 20, 20, 21, 21, 22, 22, 23, 23, 24, 24, 25, 25, 26, 21, 1, 20, 4, 17, 11, 26, 22]","[1, 0, 2, 1, 3, 1, 4, 3, 5, 4, 6, 5, 7, 6, 8, 7, 9, 7, 10, 9, 11, 9, 12, 11, 13, 12, 14, 13, 15, 14, 16, 14, 17, 16, 18, 5, 19, 18, 20, 18, 21, 20, 22, 21, 23, 22, 24, 23, 25, 24, 26, 25, 1, 21, 4, 20, 11, 17, 22, 26]",-1.57
23,52,"[1, 1, 2, 1, 1, 1, 2, 1, 1, 1, 6, 1, 1, 1, 1, 1, 1, 1, 1, 1, 1, 4, 2]","[1, 1, 3, 3, 3, 3, 3, 3, 1, 1, 1, 1, 2, 2, 1, 1, 3, 3, 1, 1, 3, 3, 3, 3, 3, 3, 3, 3, 1, 1, 3, 3, 3, 3, 3, 3, 3, 3, 3, 3, 1, 1, 1, 1, 3, 3, 3, 3, 3, 3, 3, 3]","[0, 1, 1, 2, 2, 3, 3, 4, 4, 5, 5, 6, 6, 7, 7, 8, 8, 9, 9, 10, 9, 11, 11, 12, 12, 13, 13, 14, 7, 15, 15, 16, 16, 17, 17, 18, 18, 19, 19, 20, 19, 21, 16, 22, 22, 1, 22, 4, 14, 8, 20, 15]","[1, 0, 2, 1, 3, 2, 4, 3, 5, 4, 6, 5, 7, 6, 8, 7, 9, 8, 10, 9, 11, 9, 12, 11, 13, 12, 14, 13, 15, 7, 16, 15, 17, 16, 18, 17, 19, 18, 20, 19, 21, 19, 22, 16, 1, 22, 4, 22, 8, 14, 15, 20]",-4.13
28,60,"[1, 1, 1, 1, 1, 1, 1, 1, 1, 1, 1, 1, 1, 1, 1, 1, 1, 1, 1, 1, 3, 1, 1, 2, 1, 1, 1, 1]","[1, 1, 1, 1, 1, 1, 3, 3, 3, 3, 3, 3, 3, 3, 3, 3, 2, 2, 1, 1, 3, 3, 3, 3, 3, 3, 3, 3, 3, 3, 1, 1, 3, 3, 3, 3, 3, 3, 1, 1, 1, 1, 1, 1, 1, 1, 1, 1, 1, 1, 3, 3, 3, 3, 3, 3, 3, 3, 3, 3]","[0, 1, 1, 2, 2, 3, 3, 4, 4, 5, 5, 6, 6, 7, 7, 8, 2, 9, 9, 10, 10, 11, 11, 12, 12, 13, 13, 14, 14, 15, 9, 16, 16, 17, 17, 18, 18, 19, 19, 20, 20, 21, 21, 22, 22, 23, 23, 24, 23, 25, 19, 26, 26, 27, 8, 3, 15, 10, 27, 16]","[1, 0, 2, 1, 3, 2, 4, 3, 5, 4, 6, 5, 7, 6, 8, 7, 9, 2, 10, 9, 11, 10, 12, 11, 13, 12, 14, 13, 15, 14, 16, 9, 17, 16, 18, 17, 19, 18, 20, 19, 21, 20, 22, 21, 23, 22, 24, 23, 25, 23, 26, 19, 27, 26, 3, 8, 10, 15, 16, 27]",-8.49
22,48,"[1, 1, 1, 1, 1, 1, 1, 1, 1, 8, 2, 3, 3, 1, 2, 3, 1, 1, 1, 1, 1, 1]","[1, 1, 3, 3, 1, 1, 3, 3, 3, 3, 3, 3, 3, 3, 3, 3, 1, 1, 1, 1, 2, 2, 2, 2, 3, 3, 3, 3, 3, 3, 1, 1, 3, 3, 3, 3, 3, 3, 3, 3, 3, 3, 3, 3, 3, 3, 3, 3]","[0, 1, 1, 2, 2, 3, 3, 4, 4, 5, 5, 6, 6, 7, 7, 8, 6, 9, 9, 10, 9, 11, 9, 12, 2, 13, 13, 14, 14, 15, 13, 16, 16, 17, 17, 18, 18, 19, 19, 20, 20, 21, 15, 1, 8, 3, 21, 16]","[1, 0, 2, 1, 3, 2, 4, 3, 5, 4, 6, 5, 7, 6, 8, 7, 9, 6, 10, 9, 11, 9, 12, 9, 13, 2, 14, 13, 15, 14, 16, 13, 17, 16, 18, 17, 19, 18, 20, 19, 21, 20, 1, 15, 3, 8, 16, 21]",-4.52
24,50,"[1, 3, 1, 3, 1, 1, 1, 1, 1, 1, 1, 1, 8, 3, 3, 1, 1, 1, 1, 1, 1, 2, 3, 3]","[1, 1, 1, 1, 2, 2, 1, 1, 2, 2, 1, 1, 3, 3, 3, 3, 3, 3, 3, 3, 3, 3, 1, 1, 2, 2, 2, 2, 1, 1, 3, 3, 3, 3, 3, 3, 3, 3, 3, 3, 1, 1, 1, 1, 2, 2, 3, 3, 3, 3]","[0, 1, 1, 2, 2, 3, 2, 4, 4, 5, 5, 6, 6, 7, 7, 8, 8, 9, 9, 10, 10, 11, 4, 12, 12, 13, 12, 14, 12, 15, 15, 16, 16, 17, 17, 18, 18, 19, 19, 20, 18, 21, 21, 22, 21, 23, 11, 6, 20, 15]","[1, 0, 2, 1, 3, 2, 4, 2, 5, 4, 6, 5, 7, 6, 8, 7, 9, 8, 10, 9, 11, 10, 12, 4, 13, 12, 14, 12, 15, 12, 16, 15, 17, 16, 18, 17, 19, 18, 20, 19, 21, 18, 22, 21, 23, 21, 6, 11, 15, 20]",-4.57
20,42,"[2, 8, 3, 3, 1, 2, 2, 1, 2, 8, 3, 3, 1, 1, 1, 1, 1, 1, 1, 8]","[1, 1, 2, 2, 2, 2, 1, 1, 3, 3, 3, 3, 3, 3, 1, 1, 1, 1, 2, 2, 2, 2, 1, 1, 1, 1, 3, 3, 3, 3, 3, 3, 3, 3, 3, 3, 3, 3, 3, 3, 3, 3]","[0, 1, 1, 2, 1, 3, 1, 4, 4, 5, 5, 6, 6, 7, 7, 8, 8, 9, 9, 10, 9, 11, 9, 12, 12, 13, 13, 14, 14, 15, 15, 16, 16, 17, 17, 18, 7, 19, 19, 4, 18, 13]","[1, 0, 2, 1, 3, 1, 4, 1, 5, 4, 6, 5, 7, 6, 8, 7, 9, 8, 10, 9, 11, 9, 12, 9, 13, 12, 14, 13, 15, 14, 16, 15, 17, 16, 18, 17, 19, 7, 4, 19, 13, 18]",-2.7
22,48,"[1, 2, 1, 3, 2, 1, 1, 1, 2, 1, 1, 3, 2, 1, 1, 3, 2, 1, 1, 2, 1, 3]","[1, 1, 3, 3, 2, 2, 3, 3, 1, 1, 3, 3, 3, 3, 3, 3, 3, 3, 3, 3, 2, 2, 3, 3, 1, 1, 3, 3, 2, 2, 3, 3, 1, 1, 3, 3, 3, 3, 3, 3, 2, 2, 3, 3, 3, 3, 3, 3]","[0, 1, 1, 2, 2, 3, 2, 4, 4, 5, 4, 6, 6, 7, 7, 8, 8, 9, 9, 10, 10, 11, 10, 12, 12, 13, 12, 14, 14, 15, 14, 16, 16, 17, 16, 18, 18, 19, 7, 20, 20, 21, 20, 1, 19, 6, 18, 9]","[1, 0, 2, 1, 3, 2, 4, 2, 5, 4, 6, 4, 7, 6, 8, 7, 9, 8, 10, 9, 11, 10, 12, 10, 13, 12, 14, 12, 15, 14, 16, 14, 17, 16, 18, 16, 19, 18, 20, 7, 21, 20, 1, 20, 6, 19, 9, 18]",-3.31
23,50,"[1, 8, 1, 1, 1, 1, 1, 1, 1, 3, 1, 1, 1, 1, 1, 1, 3, 1, 1, 1, 1, 3, 3]","[1, 1, 1, 1, 3, 3, 3, 3, 3, 3, 3, 3, 3, 3, 1, 1, 2, 2, 1, 1, 3, 3, 3, 3, 3, 3, 3, 3, 3, 3, 3, 3, 3, 3, 3, 3, 1, 1, 1, 1, 1, 1, 2, 2, 3, 3, 3, 3, 3, 3]","[0, 1, 1, 2, 2, 3, 3, 4, 4, 5, 5, 6, 6, 7, 5, 8, 8, 9, 8, 10, 10, 11, 11, 12, 12, 13, 13, 14, 14, 15, 15, 16, 16, 17, 17, 18, 12, 19, 19, 20, 20, 21, 20, 22, 7, 2, 15, 10, 18, 14]","[1, 0, 2, 1, 3, 2, 4, 3, 5, 4, 6, 5, 7, 6, 8, 5, 9, 8, 10, 8, 11, 10, 12, 11, 13, 12, 14, 13, 15, 14, 16, 15, 17, 16, 18, 17, 19, 12, 20, 19, 21, 20, 22, 20, 2, 7, 10, 15, 14, 18]",-5.51
26,58,"[1, 1, 1, 1, 1, 1, 2, 1, 1, 1, 3, 1, 1, 1, 1, 1, 1, 2, 1, 1, 1, 3, 3, 1, 3, 6]","[1, 1, 1, 1, 1, 1, 1, 1, 3, 3, 1, 1, 1, 1, 1, 1, 1, 1, 1, 1, 1, 1, 1, 1, 3, 3, 3, 3, 3, 3, 3, 3, 3, 3, 3, 3, 3, 3, 1, 1, 1, 1, 2, 2, 3, 3, 2, 2, 1, 1, 1, 1, 3, 3, 1, 1, 3, 3]","[0, 1, 1, 2, 2, 3, 3, 4, 4, 5, 5, 6, 6, 7, 7, 8, 8, 9, 9, 10, 9, 11, 11, 12, 5, 13, 13, 14, 14, 15, 15, 16, 16, 17, 17, 18, 18, 19, 19, 20, 20, 21, 20, 22, 19, 23, 23, 24, 13, 25, 17, 1, 16, 4, 12, 6, 23, 15]","[1, 0, 2, 1, 3, 2, 4, 3, 5, 4, 6, 5, 7, 6, 8, 7, 9, 8, 10, 9, 11, 9, 12, 11, 13, 5, 14, 13, 15, 14, 16, 15, 17, 16, 18, 17, 19, 18, 20, 19, 21, 20, 22, 20, 23, 19, 24, 23, 25, 13, 1, 17, 4, 16, 6, 12, 15, 23]",-3.78
22,48,"[1, 1, 1, 1, 1, 3, 2, 2, 1, 3, 1, 1, 1, 1, 1, 1, 2, 1, 2, 1, 1, 1]","[1, 1, 1, 1, 1, 1, 3, 3, 1, 1, 3, 3, 3, 3, 3, 3, 2, 2, 3, 3, 3, 3, 3, 3, 3, 3, 3, 3, 3, 3, 3, 3, 3, 3, 1, 1, 1, 1, 1, 1, 1, 1, 3, 3, 3, 3, 3, 3]","[0, 1, 1, 2, 2, 3, 3, 4, 4, 5, 4, 6, 6, 7, 7, 8, 8, 9, 7, 10, 10, 11, 11, 12, 12, 13, 13, 14, 14, 15, 15, 16, 16, 17, 17, 18, 18, 19, 18, 20, 12, 21, 8, 3, 17, 6, 15, 10]","[1, 0, 2, 1, 3, 2, 4, 3, 5, 4, 6, 4, 7, 6, 8, 7, 9, 8, 10, 7, 11, 10, 12, 11, 13, 12, 14, 13, 15, 14, 16, 15, 17, 16, 18, 17, 19, 18, 20, 18, 21, 12, 3, 8, 6, 17, 10, 15]",-3.63
26,58,"[1, 1, 2, 1, 1, 1, 3, 2, 1, 1, 2, 1, 1, 1, 1, 1, 0, 2, 1, 1, 1, 1, 1, 1, 1, 1]","[1, 1, 1, 1, 1, 1, 1, 1, 1, 1, 2, 2, 1, 1, 1, 1, 1, 1, 1, 1, 1, 1, 1, 1, 1, 1, 1, 1, 3, 3, 1, 1, 3, 3, 3, 3, 3, 3, 3, 3, 3, 3, 3, 3, 3, 3, 1, 1, 2, 2, 1, 1, 1, 1, 3, 3, 3, 3]","[0, 1, 1, 2, 2, 3, 3, 4, 2, 5, 5, 6, 5, 7, 7, 8, 8, 9, 9, 10, 10, 11, 10, 12, 12, 13, 13, 14, 14, 15, 15, 16, 15, 17, 17, 18, 18, 19, 19, 20, 20, 21, 21, 22, 22, 23, 20, 24, 24, 25, 25, 8, 24, 12, 19, 14, 23, 18]","[1, 0, 2, 1, 3, 2, 4, 3, 5, 2, 6, 5, 7, 5, 8, 7, 9, 8, 10, 9, 11, 10, 12, 10, 13, 12, 14, 13, 15, 14, 16, 15, 17, 15, 18, 17, 19, 18, 20, 19, 21, 20, 22, 21, 23, 22, 24, 20, 25, 24, 8, 25, 12, 24, 14, 19, 18, 23]",-4.38
22,48,"[3, 1, 3, 1, 1, 1, 2, 1, 1, 3, 1, 1, 1, 1, 1, 1, 1, 1, 1, 1, 1, 1]","[1, 1, 2, 2, 1, 1, 1, 1, 1, 1, 3, 3, 3, 3, 3, 3, 3, 3, 1, 1, 3, 3, 3, 3, 3, 3, 3, 3, 3, 3, 1, 1, 3, 3, 3, 3, 3, 3, 3, 3, 3, 3, 3, 3, 3, 3, 3, 3]","[0, 1, 1, 2, 1, 3, 3, 4, 4, 5, 5, 6, 6, 7, 7, 8, 8, 9, 8, 10, 10, 11, 11, 12, 12, 13, 13, 14, 14, 15, 7, 16, 16, 17, 17, 18, 18, 19, 19, 20, 20, 21, 9, 5, 15, 10, 21, 16]","[1, 0, 2, 1, 3, 1, 4, 3, 5, 4, 6, 5, 7, 6, 8, 7, 9, 8, 10, 8, 11, 10, 12, 11, 13, 12, 14, 13, 15, 14, 16, 7, 17, 16, 18, 17, 19, 18, 20, 19, 21, 20, 5, 9, 10, 15, 16, 21]",-2.24
20,48,"[1, 1, 1, 1, 1, 1, 1, 1, 1, 1, 1, 1, 1, 1, 1, 1, 1, 1, 1, 1]","[1, 1, 1, 1, 3, 3, 3, 3, 3, 3, 3, 3, 3, 3, 3, 3, 3, 3, 3, 3, 3, 3, 3, 3, 3, 3, 3, 3, 3, 3, 3, 3, 3, 3, 3, 3, 3, 3, 1, 1, 3, 3, 3, 3, 3, 3, 3, 3]","[0, 1, 1, 2, 2, 3, 3, 4, 4, 5, 5, 6, 6, 7, 7, 8, 8, 9, 9, 10, 10, 11, 7, 12, 12, 13, 13, 14, 14, 15, 15, 16, 16, 17, 17, 18, 18, 19, 16, 0, 15, 2, 13, 4, 11, 6, 19, 14]","[1, 0, 2, 1, 3, 2, 4, 3, 5, 4, 6, 5, 7, 6, 8, 7, 9, 8, 10, 9, 11, 10, 12, 7, 13, 12, 14, 13, 15, 14, 16, 15, 17, 16, 18, 17, 19, 18, 0, 16, 2, 15, 4, 13, 6, 11, 14, 19]",-2.97
29,62,"[1, 3, 1, 1, 1, 1, 1, 1, 1, 1, 1, 1, 1, 1, 1, 3, 3, 1, 1, 3, 1, 3, 1, 2, 1, 1, 3, 1, 1]","[1, 1, 1, 1, 3, 3, 3, 3, 3, 3, 3, 3, 3, 3, 3, 3, 3, 3, 3, 3, 3, 3, 1, 1, 1, 1, 1, 1, 2, 2, 1, 1, 1, 1, 1, 1, 1, 1, 1, 1, 2, 2, 1, 1, 1, 1, 1, 1, 1, 1, 1, 1, 1, 1, 1, 1, 3, 3, 3, 3, 1, 1]","[0, 1, 1, 2, 2, 3, 3, 4, 4, 5, 5, 6, 6, 7, 7, 8, 8, 9, 9, 10, 10, 11, 7, 12, 12, 13, 12, 14, 14, 15, 14, 16, 16, 17, 17, 18, 18, 19, 19, 20, 20, 21, 20, 22, 22, 23, 23, 24, 24, 25, 25, 26, 26, 27, 27, 28, 11, 2, 9, 4, 28, 23]","[1, 0, 2, 1, 3, 2, 4, 3, 5, 4, 6, 5, 7, 6, 8, 7, 9, 8, 10, 9, 11, 10, 12, 7, 13, 12, 14, 12, 15, 14, 16, 14, 17, 16, 18, 17, 19, 18, 20, 19, 21, 20, 22, 20, 23, 22, 24, 23, 25, 24, 26, 25, 27, 26, 28, 27, 2, 11, 4, 9, 23, 28]",-4.3
20,46,"[6, 1, 1, 1, 8, 1, 1, 2, 1, 1, 1, 1, 1, 1, 2, 1, 1, 1, 1, 6]","[1, 1, 3, 3, 1, 1, 1, 1, 1, 1, 1, 1, 3, 3, 3, 3, 3, 3, 3, 3, 3, 3, 3, 3, 3, 3, 3, 3, 3, 3, 3, 3, 3, 3, 3, 3, 1, 1, 3, 3, 1, 1, 3, 3, 3, 3]","[0, 1, 1, 2, 2, 3, 3, 4, 4, 5, 5, 6, 6, 7, 7, 8, 8, 9, 9, 10, 10, 11, 11, 12, 12, 13, 9, 14, 2, 15, 15, 16, 16, 17, 17, 18, 15, 19, 18, 1, 14, 3, 14, 6, 13, 8]","[1, 0, 2, 1, 3, 2, 4, 3, 5, 4, 6, 5, 7, 6, 8, 7, 9, 8, 10, 9, 11, 10, 12, 11, 13, 12, 14, 9, 15, 2, 16, 15, 17, 16, 18, 17, 19, 15, 1, 18, 3, 14, 6, 14, 8, 13]",-3.76
26,60,"[1, 1, 1, 2, 1, 3, 2, 1, 1, 1, 1, 1, 2, 1, 2, 1, 1, 1, 1, 1, 1, 1, 1, 1, 1, 3]","[1, 1, 1, 1, 1, 1, 3, 3, 2, 2, 3, 3, 1, 1, 1, 1, 1, 1, 3, 3, 3, 3, 3, 3, 3, 3, 3, 3, 1, 1, 1, 1, 1, 1, 1, 1, 1, 1, 1, 1, 1, 1, 1, 1, 1, 1, 3, 3, 2, 2, 3, 3, 3, 3, 1, 1, 1, 1, 1, 1]","[0, 1, 1, 2, 2, 3, 3, 4, 4, 5, 4, 6, 6, 7, 7, 8, 8, 9, 6, 10, 10, 11, 11, 12, 12, 13, 13, 14, 13, 15, 15, 16, 16, 17, 17, 18, 18, 19, 19, 20, 20, 21, 21, 22, 19, 23, 11, 24, 24, 25, 24, 3, 14, 10, 21, 15, 23, 15, 22, 17]","[1, 0, 2, 1, 3, 2, 4, 3, 5, 4, 6, 4, 7, 6, 8, 7, 9, 8, 10, 6, 11, 10, 12, 11, 13, 12, 14, 13, 15, 13, 16, 15, 17, 16, 18, 17, 19, 18, 20, 19, 21, 20, 22, 21, 23, 19, 24, 11, 25, 24, 3, 24, 10, 14, 15, 21, 15, 23, 17, 22]",-5.85
28,60,"[1, 2, 1, 1, 1, 1, 1, 3, 1, 1, 2, 1, 1, 3, 1, 1, 1, 1, 1, 3, 1, 1, 1, 1, 3, 2, 3, 3]","[1, 1, 1, 1, 1, 1, 3, 3, 3, 3, 3, 3, 1, 1, 1, 1, 1, 1, 1, 1, 1, 1, 1, 1, 1, 1, 1, 1, 1, 1, 3, 3, 3, 3, 1, 1, 2, 2, 1, 1, 3, 3, 3, 3, 3, 3, 3, 3, 1, 1, 1, 1, 2, 2, 3, 3, 1, 1, 3, 3]","[0, 1, 1, 2, 2, 3, 3, 4, 4, 5, 5, 6, 6, 7, 7, 8, 8, 9, 9, 10, 10, 11, 11, 12, 12, 13, 13, 14, 14, 15, 6, 16, 16, 17, 1, 18, 18, 19, 18, 20, 20, 21, 21, 22, 22, 23, 23, 24, 23, 25, 25, 26, 25, 27, 17, 3, 15, 10, 24, 20]","[1, 0, 2, 1, 3, 2, 4, 3, 5, 4, 6, 5, 7, 6, 8, 7, 9, 8, 10, 9, 11, 10, 12, 11, 13, 12, 14, 13, 15, 14, 16, 6, 17, 16, 18, 1, 19, 18, 20, 18, 21, 20, 22, 21, 23, 22, 24, 23, 25, 23, 26, 25, 27, 25, 3, 17, 10, 15, 20, 24]",-2.29
23,50,"[1, 1, 2, 1, 1, 1, 3, 3, 1, 3, 1, 1, 2, 1, 2, 1, 1, 2, 1, 1, 1, 1, 6]","[1, 1, 1, 1, 3, 3, 3, 3, 1, 1, 1, 1, 2, 2, 3, 3, 2, 2, 3, 3, 3, 3, 3, 3, 3, 3, 1, 1, 1, 1, 1, 1, 1, 1, 1, 1, 1, 1, 3, 3, 3, 3, 1, 1, 3, 3, 3, 3, 1, 1]","[0, 1, 1, 2, 2, 3, 3, 4, 4, 5, 5, 6, 5, 7, 4, 8, 8, 9, 8, 10, 10, 11, 11, 12, 12, 13, 13, 14, 14, 15, 15, 16, 16, 17, 17, 18, 18, 19, 13, 20, 20, 21, 20, 22, 11, 2, 21, 10, 19, 14]","[1, 0, 2, 1, 3, 2, 4, 3, 5, 4, 6, 5, 7, 5, 8, 4, 9, 8, 10, 8, 11, 10, 12, 11, 13, 12, 14, 13, 15, 14, 16, 15, 17, 16, 18, 17, 19, 18, 20, 13, 21, 20, 22, 20, 2, 11, 10, 21, 14, 19]",-2.92
27,58,"[1, 1, 2, 1, 1, 2, 1, 1, 3, 1, 3, 1, 1, 1, 1, 1, 2, 1, 1, 3, 1, 1, 1, 1, 2, 3, 3]","[1, 1, 3, 3, 3, 3, 3, 3, 3, 3, 1, 1, 1, 1, 1, 1, 1, 1, 2, 2, 1, 1, 3, 3, 3, 3, 3, 3, 1, 1, 1, 1, 1, 1, 1, 1, 1, 1, 1, 1, 1, 1, 3, 3, 3, 3, 1, 1, 1, 1, 2, 2, 3, 3, 3, 3, 1, 1]","[0, 1, 1, 2, 2, 3, 3, 4, 4, 5, 5, 6, 6, 7, 7, 8, 8, 9, 9, 10, 9, 11, 11, 12, 12, 13, 13, 14, 14, 15, 15, 16, 16, 17, 17, 18, 18, 19, 19, 20, 20, 21, 14, 22, 22, 23, 4, 24, 24, 25, 24, 26, 5, 1, 23, 11, 21, 16]","[1, 0, 2, 1, 3, 2, 4, 3, 5, 4, 6, 5, 7, 6, 8, 7, 9, 8, 10, 9, 11, 9, 12, 11, 13, 12, 14, 13, 15, 14, 16, 15, 17, 16, 18, 17, 19, 18, 20, 19, 21, 20, 22, 14, 23, 22, 24, 4, 25, 24, 26, 24, 1, 5, 11, 23, 16, 21]",-2.89
23,50,"[1, 1, 1, 1, 1, 2, 1, 2, 1, 3, 1, 2, 1, 1, 1, 1, 1, 1, 1, 1, 1, 3, 3]","[1, 1, 1, 1, 1, 1, 1, 1, 1, 1, 2, 2, 1, 1, 1, 1, 2, 2, 1, 1, 3, 3, 3, 3, 3, 3, 3, 3, 3, 3, 3, 3, 3, 3, 3, 3, 3, 3, 1, 1, 1, 1, 2, 2, 1, 1, 3, 3, 3, 3]","[0, 1, 1, 2, 1, 3, 3, 4, 3, 5, 5, 6, 6, 7, 7, 8, 8, 9, 6, 10, 10, 11, 11, 12, 12, 13, 13, 14, 14, 15, 15, 16, 16, 17, 13, 18, 18, 19, 19, 20, 20, 21, 20, 22, 8, 3, 19, 10, 17, 12]","[1, 0, 2, 1, 3, 1, 4, 3, 5, 3, 6, 5, 7, 6, 8, 7, 9, 8, 10, 6, 11, 10, 12, 11, 13, 12, 14, 13, 15, 14, 16, 15, 17, 16, 18, 13, 19, 18, 20, 19, 21, 20, 22, 20, 3, 8, 10, 19, 12, 17]",-3.72
23,50,"[1, 1, 1, 2, 1, 3, 2, 1, 1, 1, 1, 1, 2, 1, 2, 1, 1, 1, 1, 3, 1, 1, 3]","[1, 1, 1, 1, 1, 1, 3, 3, 2, 2, 3, 3, 1, 1, 1, 1, 1, 1, 3, 3, 3, 3, 3, 3, 3, 3, 3, 3, 1, 1, 1, 1, 1, 1, 1, 1, 2, 2, 1, 1, 3, 3, 2, 2, 3, 3, 3, 3, 1, 1]","[0, 1, 1, 2, 2, 3, 3, 4, 4, 5, 4, 6, 6, 7, 7, 8, 8, 9, 6, 10, 10, 11, 11, 12, 12, 13, 13, 14, 13, 15, 15, 16, 16, 17, 17, 18, 18, 19, 18, 20, 11, 21, 21, 22, 21, 3, 14, 10, 20, 15]","[1, 0, 2, 1, 3, 2, 4, 3, 5, 4, 6, 4, 7, 6, 8, 7, 9, 8, 10, 6, 11, 10, 12, 11, 13, 12, 14, 13, 15, 13, 16, 15, 17, 16, 18, 17, 19, 18, 20, 18, 21, 11, 22, 21, 3, 21, 10, 14, 15, 20]",-3.16
24,52,"[1, 1, 1, 2, 1, 8, 1, 1, 2, 1, 3, 1, 2, 1, 1, 1, 1, 1, 1, 1, 3, 1, 3, 3]","[1, 1, 2, 2, 1, 1, 1, 1, 1, 1, 1, 1, 1, 1, 1, 1, 1, 1, 2, 2, 1, 1, 1, 1, 1, 1, 3, 3, 3, 3, 3, 3, 3, 3, 3, 3, 1, 1, 2, 2, 1, 1, 1, 1, 2, 2, 1, 1, 1, 1, 3, 3]","[0, 1, 1, 2, 2, 3, 3, 4, 4, 5, 5, 6, 4, 7, 7, 8, 8, 9, 9, 10, 9, 11, 11, 12, 11, 13, 13, 14, 14, 15, 15, 16, 16, 17, 17, 18, 7, 19, 19, 20, 2, 21, 21, 22, 21, 23, 6, 1, 19, 3, 18, 13]","[1, 0, 2, 1, 3, 2, 4, 3, 5, 4, 6, 5, 7, 4, 8, 7, 9, 8, 10, 9, 11, 9, 12, 11, 13, 11, 14, 13, 15, 14, 16, 15, 17, 16, 18, 17, 19, 7, 20, 19, 21, 2, 22, 21, 23, 21, 1, 6, 3, 19, 13, 18]",-1.58
47,100,"[1, 1, 1, 1, 1, 1, 1, 1, 1, 1, 1, 1, 1, 1, 3, 1, 3, 1, 1, 3, 1, 1, 3, 1, 1, 1, 1, 3, 3, 1, 1, 3, 1, 1, 3, 3, 3, 1, 3, 1, 1, 1, 3, 1, 2, 1, 3]","[1, 1, 1, 1, 1, 1, 2, 2, 1, 1, 2, 2, 1, 1, 2, 2, 1, 1, 2, 2, 1, 1, 1, 1, 1, 1, 1, 1, 1, 1, 1, 1, 1, 1, 1, 1, 1, 1, 1, 1, 1, 1, 1, 1, 1, 1, 1, 1, 2, 2, 1, 1, 2, 2, 1, 1, 1, 1, 1, 1, 1, 1, 1, 1, 1, 1, 1, 1, 2, 2, 1, 1, 1, 1, 1, 1, 1, 1, 1, 1, 1, 1, 1, 1, 1, 1, 1, 1, 1, 1, 1, 1, 1, 1, 1, 1, 1, 1, 1, 1]","[0, 1, 1, 2, 2, 3, 3, 4, 4, 5, 5, 6, 6, 7, 7, 8, 8, 9, 9, 10, 10, 11, 11, 12, 12, 13, 13, 14, 14, 15, 15, 16, 15, 17, 17, 18, 18, 19, 18, 20, 20, 21, 21, 22, 22, 23, 23, 24, 24, 25, 25, 26, 26, 27, 26, 28, 15, 29, 29, 30, 30, 31, 30, 32, 32, 33, 33, 34, 33, 35, 11, 36, 36, 37, 37, 38, 38, 39, 39, 40, 39, 41, 41, 42, 41, 43, 43, 44, 43, 45, 45, 46, 28, 1, 32, 13, 23, 21, 45, 37]","[1, 0, 2, 1, 3, 2, 4, 3, 5, 4, 6, 5, 7, 6, 8, 7, 9, 8, 10, 9, 11, 10, 12, 11, 13, 12, 14, 13, 15, 14, 16, 15, 17, 15, 18, 17, 19, 18, 20, 18, 21, 20, 22, 21, 23, 22, 24, 23, 25, 24, 26, 25, 27, 26, 28, 26, 29, 15, 30, 29, 31, 30, 32, 30, 33, 32, 34, 33, 35, 33, 36, 11, 37, 36, 38, 37, 39, 38, 40, 39, 41, 39, 42, 41, 43, 41, 44, 43, 45, 43, 46, 45, 1, 28, 13, 32, 21, 23, 37, 45]",-2.21
26,60,"[1, 1, 1, 1, 3, 1, 1, 2, 1, 1, 1, 1, 1, 1, 1, 1, 1, 1, 1, 1, 1, 1, 1, 1, 1, 1]","[1, 1, 1, 1, 1, 1, 1, 1, 1, 1, 1, 1, 1, 1, 1, 1, 1, 1, 1, 1, 3, 3, 1, 1, 1, 1, 1, 1, 3, 3, 3, 3, 3, 3, 3, 3, 3, 3, 1, 1, 1, 1, 3, 3, 3, 3, 3, 3, 3, 3, 1, 1, 1, 1, 1, 1, 3, 3, 3, 3]","[0, 1, 1, 2, 1, 3, 3, 4, 3, 5, 5, 6, 6, 7, 7, 8, 8, 9, 9, 10, 10, 11, 11, 12, 12, 13, 13, 14, 14, 15, 15, 16, 16, 17, 17, 18, 18, 19, 16, 20, 20, 21, 11, 22, 22, 23, 23, 24, 24, 25, 21, 3, 20, 7, 15, 9, 25, 10, 19, 14]","[1, 0, 2, 1, 3, 1, 4, 3, 5, 3, 6, 5, 7, 6, 8, 7, 9, 8, 10, 9, 11, 10, 12, 11, 13, 12, 14, 13, 15, 14, 16, 15, 17, 16, 18, 17, 19, 18, 20, 16, 21, 20, 22, 11, 23, 22, 24, 23, 25, 24, 3, 21, 7, 20, 9, 15, 10, 25, 14, 19]",-3.81
24,54,"[1, 1, 1, 2, 1, 3, 2, 1, 1, 1, 1, 1, 2, 1, 2, 1, 1, 1, 1, 1, 1, 1, 1, 3]","[1, 1, 1, 1, 1, 1, 3, 3, 2, 2, 3, 3, 1, 1, 1, 1, 1, 1, 3, 3, 3, 3, 3, 3, 3, 3, 3, 3, 1, 1, 1, 1, 1, 1, 1, 1, 1, 1, 1, 1, 1, 1, 3, 3, 2, 2, 3, 3, 3, 3, 1, 1, 1, 1]","[0, 1, 1, 2, 2, 3, 3, 4, 4, 5, 4, 6, 6, 7, 7, 8, 8, 9, 6, 10, 10, 11, 11, 12, 12, 13, 13, 14, 13, 15, 15, 16, 16, 17, 17, 18, 15, 19, 19, 20, 20, 21, 11, 22, 22, 23, 22, 3, 14, 10, 18, 16, 21, 19]","[1, 0, 2, 1, 3, 2, 4, 3, 5, 4, 6, 4, 7, 6, 8, 7, 9, 8, 10, 6, 11, 10, 12, 11, 13, 12, 14, 13, 15, 13, 16, 15, 17, 16, 18, 17, 19, 15, 20, 19, 21, 20, 22, 11, 23, 22, 3, 22, 10, 14, 16, 18, 19, 21]",-4.59
19,46,"[4, 1, 1, 1, 1, 1, 1, 2, 2, 2, 1, 1, 1, 1, 1, 2, 2, 1, 1]","[1, 1, 3, 3, 3, 3, 3, 3, 3, 3, 3, 3, 1, 1, 1, 1, 2, 2, 1, 1, 1, 1, 1, 1, 1, 1, 1, 1, 1, 1, 2, 2, 1, 1, 1, 1, 3, 3, 1, 1, 1, 1, 1, 1, 1, 1]","[0, 1, 1, 2, 2, 3, 3, 4, 4, 5, 5, 6, 4, 7, 7, 8, 8, 9, 9, 10, 10, 11, 11, 12, 12, 13, 13, 14, 14, 15, 15, 16, 16, 17, 13, 18, 6, 1, 18, 7, 18, 10, 17, 11, 17, 14]","[1, 0, 2, 1, 3, 2, 4, 3, 5, 4, 6, 5, 7, 4, 8, 7, 9, 8, 10, 9, 11, 10, 12, 11, 13, 12, 14, 13, 15, 14, 16, 15, 17, 16, 18, 13, 1, 6, 7, 18, 10, 18, 11, 17, 14, 17]",-4.87
18,40,"[3, 1, 2, 1, 2, 1, 1, 1, 2, 2, 1, 3, 1, 1, 1, 1, 1, 1]","[2, 2, 3, 3, 3, 3, 3, 3, 3, 3, 3, 3, 3, 3, 3, 3, 3, 3, 1, 1, 2, 2, 1, 1, 3, 3, 3, 3, 3, 3, 3, 3, 3, 3, 3, 3, 3, 3, 3, 3]","[0, 1, 1, 2, 2, 3, 3, 4, 4, 5, 5, 6, 6, 7, 7, 8, 8, 9, 9, 10, 10, 11, 10, 12, 12, 13, 13, 14, 14, 15, 15, 16, 16, 17, 6, 1, 9, 5, 17, 12]","[1, 0, 2, 1, 3, 2, 4, 3, 5, 4, 6, 5, 7, 6, 8, 7, 9, 8, 10, 9, 11, 10, 12, 10, 13, 12, 14, 13, 15, 14, 16, 15, 17, 16, 1, 6, 5, 9, 12, 17]",-4.23
22,48,"[1, 1, 1, 2, 1, 3, 2, 1, 1, 1, 1, 1, 2, 1, 2, 1, 1, 1, 1, 1, 1, 3]","[1, 1, 1, 1, 1, 1, 3, 3, 2, 2, 3, 3, 1, 1, 1, 1, 1, 1, 3, 3, 3, 3, 3, 3, 3, 3, 3, 3, 1, 1, 1, 1, 1, 1, 1, 1, 1, 1, 3, 3, 2, 2, 3, 3, 3, 3, 1, 1]","[0, 1, 1, 2, 2, 3, 3, 4, 4, 5, 4, 6, 6, 7, 7, 8, 8, 9, 6, 10, 10, 11, 11, 12, 12, 13, 13, 14, 13, 15, 15, 16, 16, 17, 17, 18, 18, 19, 11, 20, 20, 21, 20, 3, 14, 10, 19, 15]","[1, 0, 2, 1, 3, 2, 4, 3, 5, 4, 6, 4, 7, 6, 8, 7, 9, 8, 10, 6, 11, 10, 12, 11, 13, 12, 14, 13, 15, 13, 16, 15, 17, 16, 18, 17, 19, 18, 20, 11, 21, 20, 3, 20, 10, 14, 15, 19]",-4.96
23,50,"[3, 2, 3, 1, 1, 1, 1, 1, 3, 2, 1, 1, 3, 1, 1, 1, 1, 2, 3, 3, 2, 1, 1]","[1, 1, 2, 2, 1, 1, 3, 3, 3, 3, 3, 3, 1, 1, 2, 2, 1, 1, 1, 1, 1, 1, 1, 1, 1, 1, 1, 1, 3, 3, 3, 3, 1, 1, 1, 1, 2, 2, 1, 1, 1, 1, 1, 1, 3, 3, 1, 1, 1, 1]","[0, 1, 1, 2, 1, 3, 3, 4, 4, 5, 5, 6, 6, 7, 7, 8, 7, 9, 9, 10, 10, 11, 11, 12, 12, 13, 13, 14, 6, 15, 15, 16, 15, 17, 17, 18, 17, 19, 4, 20, 20, 21, 21, 22, 16, 3, 14, 9, 22, 20]","[1, 0, 2, 1, 3, 1, 4, 3, 5, 4, 6, 5, 7, 6, 8, 7, 9, 7, 10, 9, 11, 10, 12, 11, 13, 12, 14, 13, 15, 6, 16, 15, 17, 15, 18, 17, 19, 17, 20, 4, 21, 20, 22, 21, 3, 16, 9, 14, 20, 22]",-2.89
19,44,"[1, 1, 1, 1, 1, 1, 1, 1, 1, 1, 1, 1, 1, 1, 1, 1, 1, 1, 1]","[1, 1, 3, 3, 3, 3, 3, 3, 3, 3, 3, 3, 3, 3, 3, 3, 3, 3, 3, 3, 3, 3, 3, 3, 3, 3, 3, 3, 1, 1, 1, 1, 1, 1, 1, 1, 3, 3, 3, 3, 3, 3, 1, 1]","[0, 1, 1, 2, 2, 3, 3, 4, 4, 5, 5, 6, 6, 7, 7, 8, 8, 9, 9, 10, 6, 11, 11, 12, 12, 13, 13, 14, 14, 15, 15, 16, 16, 17, 17, 18, 14, 1, 11, 2, 10, 5, 18, 13]","[1, 0, 2, 1, 3, 2, 4, 3, 5, 4, 6, 5, 7, 6, 8, 7, 9, 8, 10, 9, 11, 6, 12, 11, 13, 12, 14, 13, 15, 14, 16, 15, 17, 16, 18, 17, 1, 14, 2, 11, 5, 10, 13, 18]",-6.75
23,50,"[3, 2, 3, 1, 1, 1, 1, 1, 3, 2, 1, 1, 1, 1, 1, 1, 1, 2, 3, 3, 2, 1, 1]","[1, 1, 2, 2, 1, 1, 3, 3, 3, 3, 3, 3, 1, 1, 2, 2, 1, 1, 1, 1, 1, 1, 1, 1, 1, 1, 1, 1, 3, 3, 3, 3, 1, 1, 1, 1, 2, 2, 1, 1, 1, 1, 1, 1, 3, 3, 1, 1, 1, 1]","[0, 1, 1, 2, 1, 3, 3, 4, 4, 5, 5, 6, 6, 7, 7, 8, 7, 9, 9, 10, 10, 11, 11, 12, 12, 13, 13, 14, 6, 15, 15, 16, 15, 17, 17, 18, 17, 19, 4, 20, 20, 21, 21, 22, 16, 3, 14, 9, 22, 20]","[1, 0, 2, 1, 3, 1, 4, 3, 5, 4, 6, 5, 7, 6, 8, 7, 9, 7, 10, 9, 11, 10, 12, 11, 13, 12, 14, 13, 15, 6, 16, 15, 17, 15, 18, 17, 19, 17, 20, 4, 21, 20, 22, 21, 3, 16, 9, 14, 20, 22]",-3.17
19,42,"[1, 1, 1, 1, 1, 1, 1, 1, 1, 1, 2, 1, 1, 1, 3, 3, 1, 3, 6]","[1, 1, 1, 1, 1, 1, 1, 1, 3, 3, 3, 3, 3, 3, 3, 3, 3, 3, 3, 3, 3, 3, 3, 3, 1, 1, 1, 1, 2, 2, 3, 3, 2, 2, 1, 1, 1, 1, 3, 3, 3, 3]","[0, 1, 1, 2, 2, 3, 3, 4, 4, 5, 5, 6, 6, 7, 7, 8, 8, 9, 9, 10, 10, 11, 11, 12, 12, 13, 13, 14, 13, 15, 12, 16, 16, 17, 6, 18, 10, 1, 9, 4, 16, 8]","[1, 0, 2, 1, 3, 2, 4, 3, 5, 4, 6, 5, 7, 6, 8, 7, 9, 8, 10, 9, 11, 10, 12, 11, 13, 12, 14, 13, 15, 13, 16, 12, 17, 16, 18, 6, 1, 10, 4, 9, 8, 16]",-3.74
23,52,"[3, 1, 1, 3, 1, 3, 1, 1, 2, 1, 3, 1, 1, 3, 1, 1, 3, 1, 3, 1, 1, 1, 3]","[1, 1, 1, 1, 1, 1, 1, 1, 1, 1, 1, 1, 1, 1, 1, 1, 1, 1, 2, 2, 1, 1, 3, 3, 1, 1, 3, 3, 3, 3, 1, 1, 1, 1, 1, 1, 3, 3, 3, 3, 1, 1, 1, 1, 1, 1, 1, 1, 3, 3, 1, 1]","[0, 1, 1, 2, 2, 3, 2, 4, 4, 5, 4, 6, 6, 7, 7, 8, 8, 9, 9, 10, 9, 11, 11, 12, 12, 13, 12, 14, 14, 15, 15, 16, 16, 17, 17, 18, 15, 19, 19, 20, 7, 21, 21, 22, 21, 1, 20, 6, 20, 11, 18, 14]","[1, 0, 2, 1, 3, 2, 4, 2, 5, 4, 6, 4, 7, 6, 8, 7, 9, 8, 10, 9, 11, 9, 12, 11, 13, 12, 14, 12, 15, 14, 16, 15, 17, 16, 18, 17, 19, 15, 20, 19, 21, 7, 22, 21, 1, 21, 6, 20, 11, 20, 14, 18]",-3.8
22,48,"[1, 1, 1, 2, 1, 1, 3, 8, 3, 3, 2, 1, 3, 2, 1, 1, 1, 1, 1, 1, 1, 1]","[1, 1, 1, 1, 1, 1, 1, 1, 1, 1, 1, 1, 1, 1, 2, 2, 2, 2, 1, 1, 1, 1, 2, 2, 1, 1, 1, 1, 1, 1, 1, 1, 1, 1, 1, 1, 1, 1, 1, 1, 2, 2, 1, 1, 1, 1, 1, 1]","[0, 1, 1, 2, 2, 3, 3, 4, 4, 5, 5, 6, 3, 7, 7, 8, 7, 9, 7, 10, 10, 11, 11, 12, 11, 13, 13, 14, 14, 15, 15, 16, 16, 17, 17, 18, 18, 19, 19, 20, 20, 21, 6, 1, 19, 15, 21, 17]","[1, 0, 2, 1, 3, 2, 4, 3, 5, 4, 6, 5, 7, 3, 8, 7, 9, 7, 10, 7, 11, 10, 12, 11, 13, 11, 14, 13, 15, 14, 16, 15, 17, 16, 18, 17, 19, 18, 20, 19, 21, 20, 1, 6, 15, 19, 17, 21]",-2.26
21,44,"[2, 1, 1, 1, 1, 1, 1, 3, 1, 1, 3, 1, 3, 3, 1, 1, 1, 1, 1, 1, 1]","[1, 1, 1, 1, 1, 1, 3, 3, 3, 3, 3, 3, 1, 1, 3, 3, 3, 3, 1, 1, 1, 1, 2, 2, 1, 1, 1, 1, 1, 1, 3, 3, 3, 3, 3, 3, 3, 3, 3, 3, 3, 3, 3, 3]","[0, 1, 1, 2, 2, 3, 3, 4, 4, 5, 5, 6, 6, 7, 6, 8, 8, 9, 5, 10, 1, 11, 11, 12, 11, 13, 13, 14, 14, 15, 15, 16, 16, 17, 17, 18, 18, 19, 19, 20, 9, 3, 20, 15]","[1, 0, 2, 1, 3, 2, 4, 3, 5, 4, 6, 5, 7, 6, 8, 6, 9, 8, 10, 5, 11, 1, 12, 11, 13, 11, 14, 13, 15, 14, 16, 15, 17, 16, 18, 17, 19, 18, 20, 19, 3, 9, 15, 20]",-1.81
20,44,"[1, 2, 1, 1, 1, 1, 1, 1, 1, 1, 4, 1, 1, 4, 1, 1, 1, 1, 1, 1]","[1, 1, 1, 1, 1, 1, 1, 1, 1, 1, 1, 1, 3, 3, 3, 3, 3, 3, 1, 1, 3, 3, 3, 3, 1, 1, 1, 1, 3, 3, 3, 3, 3, 3, 3, 3, 3, 3, 1, 1, 3, 3, 3, 3]","[0, 1, 1, 2, 2, 3, 3, 4, 4, 5, 5, 6, 6, 7, 7, 8, 8, 9, 9, 10, 9, 11, 11, 12, 8, 13, 5, 14, 14, 15, 15, 16, 16, 17, 17, 18, 18, 19, 15, 2, 12, 6, 19, 14]","[1, 0, 2, 1, 3, 2, 4, 3, 5, 4, 6, 5, 7, 6, 8, 7, 9, 8, 10, 9, 11, 9, 12, 11, 13, 8, 14, 5, 15, 14, 16, 15, 17, 16, 18, 17, 19, 18, 2, 15, 6, 12, 14, 19]",-5.23
21,46,"[1, 1, 1, 1, 1, 1, 1, 1, 2, 1, 1, 1, 1, 3, 1, 1, 1, 1, 1, 3, 3]","[1, 1, 1, 1, 3, 3, 3, 3, 3, 3, 3, 3, 3, 3, 3, 3, 3, 3, 3, 3, 1, 1, 1, 1, 1, 1, 1, 1, 1, 1, 1, 1, 1, 1, 1, 1, 1, 1, 2, 2, 3, 3, 3, 3, 1, 1]","[0, 1, 1, 2, 2, 3, 3, 4, 4, 5, 5, 6, 6, 7, 7, 8, 8, 9, 9, 10, 10, 11, 11, 12, 12, 13, 13, 14, 14, 15, 15, 16, 14, 17, 17, 18, 18, 19, 18, 20, 7, 2, 10, 6, 14, 9]","[1, 0, 2, 1, 3, 2, 4, 3, 5, 4, 6, 5, 7, 6, 8, 7, 9, 8, 10, 9, 11, 10, 12, 11, 13, 12, 14, 13, 15, 14, 16, 15, 17, 14, 18, 17, 19, 18, 20, 18, 2, 7, 6, 10, 9, 14]",-3.31
19,40,"[3, 1, 1, 2, 1, 1, 1, 3, 1, 1, 1, 3, 1, 1, 1, 1, 1, 1, 3]","[1, 1, 1, 1, 1, 1, 3, 3, 3, 3, 3, 3, 2, 2, 3, 3, 3, 3, 1, 1, 1, 1, 1, 1, 3, 3, 3, 3, 3, 3, 3, 3, 3, 3, 1, 1, 3, 3, 3, 3]","[0, 1, 1, 2, 2, 3, 3, 4, 4, 5, 5, 6, 6, 7, 6, 8, 8, 9, 9, 10, 10, 11, 10, 12, 12, 13, 13, 14, 14, 15, 15, 16, 16, 17, 8, 18, 9, 3, 17, 12]","[1, 0, 2, 1, 3, 2, 4, 3, 5, 4, 6, 5, 7, 6, 8, 6, 9, 8, 10, 9, 11, 10, 12, 10, 13, 12, 14, 13, 15, 14, 16, 15, 17, 16, 18, 8, 3, 9, 12, 17]",-2.82
20,46,"[1, 1, 1, 1, 1, 1, 1, 1, 1, 1, 1, 1, 1, 1, 3, 1, 1, 1, 1, 3]","[1, 1, 1, 1, 1, 1, 1, 1, 3, 3, 3, 3, 3, 3, 3, 3, 3, 3, 3, 3, 3, 3, 3, 3, 3, 3, 1, 1, 1, 1, 1, 1, 1, 1, 1, 1, 2, 2, 1, 1, 1, 1, 3, 3, 3, 3]","[0, 1, 1, 2, 2, 3, 3, 4, 4, 5, 5, 6, 6, 7, 7, 8, 8, 9, 9, 10, 10, 11, 11, 12, 12, 13, 12, 14, 5, 15, 15, 16, 16, 17, 17, 18, 18, 19, 15, 1, 18, 1, 9, 4, 13, 8]","[1, 0, 2, 1, 3, 2, 4, 3, 5, 4, 6, 5, 7, 6, 8, 7, 9, 8, 10, 9, 11, 10, 12, 11, 13, 12, 14, 12, 15, 5, 16, 15, 17, 16, 18, 17, 19, 18, 1, 15, 1, 18, 4, 9, 8, 13]",-4.96
19,40,"[1, 1, 1, 2, 1, 1, 3, 2, 1, 3, 1, 2, 1, 1, 3, 2, 1, 3, 1]","[1, 1, 1, 1, 1, 1, 1, 1, 1, 1, 2, 2, 1, 1, 1, 1, 2, 2, 1, 1, 1, 1, 1, 1, 1, 1, 2, 2, 1, 1, 1, 1, 2, 2, 1, 1, 1, 1, 1, 1]","[0, 1, 1, 2, 2, 3, 3, 4, 4, 5, 5, 6, 5, 7, 7, 8, 8, 9, 8, 10, 1, 11, 11, 12, 12, 13, 13, 14, 13, 15, 15, 16, 16, 17, 16, 18, 10, 3, 18, 11]","[1, 0, 2, 1, 3, 2, 4, 3, 5, 4, 6, 5, 7, 5, 8, 7, 9, 8, 10, 8, 11, 1, 12, 11, 13, 12, 14, 13, 15, 13, 16, 15, 17, 16, 18, 16, 3, 10, 11, 18]",-1.27
18,38,"[3, 1, 3, 1, 1, 1, 1, 1, 1, 2, 1, 8, 1, 1, 1, 1, 2, 1]","[2, 2, 1, 1, 1, 1, 3, 3, 3, 3, 3, 3, 3, 3, 3, 3, 1, 1, 2, 2, 2, 2, 1, 1, 3, 3, 3, 3, 3, 3, 3, 3, 3, 3, 3, 3, 3, 3]","[0, 1, 1, 2, 2, 3, 3, 4, 4, 5, 5, 6, 6, 7, 7, 8, 7, 9, 9, 10, 10, 11, 1, 12, 12, 13, 13, 14, 14, 15, 15, 16, 16, 17, 8, 3, 17, 12]","[1, 0, 2, 1, 3, 2, 4, 3, 5, 4, 6, 5, 7, 6, 8, 7, 9, 7, 10, 9, 11, 10, 12, 1, 13, 12, 14, 13, 15, 14, 16, 15, 17, 16, 3, 8, 12, 17]",-4.3
21,44,"[1, 1, 2, 1, 1, 1, 1, 2, 1, 1, 1, 3, 1, 1, 3, 1, 1, 1, 1, 1, 1]","[1, 1, 1, 1, 1, 1, 1, 1, 3, 3, 3, 3, 3, 3, 3, 3, 3, 3, 1, 1, 2, 2, 1, 1, 1, 1, 1, 1, 1, 1, 3, 3, 3, 3, 3, 3, 3, 3, 3, 3, 3, 3, 3, 3]","[0, 1, 1, 2, 2, 3, 3, 4, 4, 5, 5, 6, 6, 7, 7, 8, 8, 9, 2, 10, 10, 11, 10, 12, 12, 13, 13, 14, 12, 15, 15, 16, 16, 17, 17, 18, 18, 19, 19, 20, 9, 4, 20, 15]","[1, 0, 2, 1, 3, 2, 4, 3, 5, 4, 6, 5, 7, 6, 8, 7, 9, 8, 10, 2, 11, 10, 12, 10, 13, 12, 14, 13, 15, 12, 16, 15, 17, 16, 18, 17, 19, 18, 20, 19, 4, 9, 15, 20]",-1.7
23,52,"[3, 1, 1, 3, 1, 1, 1, 2, 1, 1, 1, 1, 2, 1, 1, 1, 1, 1, 1, 1, 1, 1, 2]","[2, 2, 1, 1, 1, 1, 1, 1, 1, 1, 1, 1, 1, 1, 1, 1, 1, 1, 1, 1, 3, 3, 3, 3, 3, 3, 3, 3, 3, 3, 3, 3, 3, 3, 3, 3, 1, 1, 1, 1, 1, 1, 1, 1, 1, 1, 1, 1, 3, 3, 3, 3]","[0, 1, 1, 2, 2, 3, 3, 4, 4, 5, 5, 6, 6, 7, 7, 8, 8, 9, 9, 10, 10, 11, 11, 12, 12, 13, 13, 14, 14, 15, 15, 16, 16, 17, 17, 18, 7, 19, 19, 20, 4, 21, 21, 22, 22, 1, 20, 4, 14, 10, 18, 13]","[1, 0, 2, 1, 3, 2, 4, 3, 5, 4, 6, 5, 7, 6, 8, 7, 9, 8, 10, 9, 11, 10, 12, 11, 13, 12, 14, 13, 15, 14, 16, 15, 17, 16, 18, 17, 19, 7, 20, 19, 21, 4, 22, 21, 1, 22, 4, 20, 10, 14, 13, 18]",-2.99
20,46,"[1, 1, 1, 1, 1, 1, 1, 1, 1, 1, 1, 1, 1, 1, 3, 1, 1, 1, 1, 3]","[1, 1, 1, 1, 1, 1, 1, 1, 3, 3, 3, 3, 3, 3, 3, 3, 3, 3, 3, 3, 3, 3, 3, 3, 3, 3, 1, 1, 1, 1, 1, 1, 1, 1, 1, 1, 1, 1, 1, 1, 1, 1, 3, 3, 3, 3]","[0, 1, 1, 2, 2, 3, 3, 4, 4, 5, 5, 6, 6, 7, 7, 8, 8, 9, 9, 10, 10, 11, 11, 12, 12, 13, 12, 14, 5, 15, 15, 16, 16, 17, 17, 18, 18, 19, 15, 1, 18, 1, 9, 4, 13, 8]","[1, 0, 2, 1, 3, 2, 4, 3, 5, 4, 6, 5, 7, 6, 8, 7, 9, 8, 10, 9, 11, 10, 12, 11, 13, 12, 14, 12, 15, 5, 16, 15, 17, 16, 18, 17, 19, 18, 1, 15, 1, 18, 4, 9, 8, 13]",-4.64
20,44,"[1, 1, 2, 1, 1, 2, 1, 1, 1, 1, 1, 1, 1, 1, 1, 1, 1, 1, 1, 2]","[1, 1, 1, 1, 2, 2, 1, 1, 1, 1, 1, 1, 1, 1, 3, 3, 3, 3, 3, 3, 3, 3, 3, 3, 1, 1, 3, 3, 3, 3, 3, 3, 3, 3, 3, 3, 1, 1, 1, 1, 3, 3, 3, 3]","[0, 1, 1, 2, 2, 3, 3, 4, 4, 5, 5, 6, 6, 7, 7, 8, 8, 9, 9, 10, 10, 11, 11, 12, 5, 13, 13, 14, 14, 15, 15, 16, 16, 17, 17, 18, 3, 19, 19, 0, 12, 7, 18, 13]","[1, 0, 2, 1, 3, 2, 4, 3, 5, 4, 6, 5, 7, 6, 8, 7, 9, 8, 10, 9, 11, 10, 12, 11, 13, 5, 14, 13, 15, 14, 16, 15, 17, 16, 18, 17, 19, 3, 0, 19, 7, 12, 13, 18]",-2.6
22,50,"[1, 3, 1, 1, 3, 1, 1, 1, 1, 1, 1, 1, 1, 3, 1, 1, 1, 1, 2, 1, 1, 1]","[1, 1, 1, 1, 3, 3, 1, 1, 3, 3, 3, 3, 1, 1, 1, 1, 1, 1, 1, 1, 2, 2, 1, 1, 2, 2, 1, 1, 1, 1, 1, 1, 1, 1, 1, 1, 1, 1, 3, 3, 3, 3, 3, 3, 1, 1, 1, 1, 1, 1]","[0, 1, 1, 2, 2, 3, 3, 4, 3, 5, 5, 6, 6, 7, 7, 8, 8, 9, 9, 10, 10, 11, 11, 12, 12, 13, 12, 14, 14, 15, 15, 16, 16, 17, 17, 18, 18, 19, 6, 20, 20, 21, 21, 2, 15, 5, 18, 8, 15, 9]","[1, 0, 2, 1, 3, 2, 4, 3, 5, 3, 6, 5, 7, 6, 8, 7, 9, 8, 10, 9, 11, 10, 12, 11, 13, 12, 14, 12, 15, 14, 16, 15, 17, 16, 18, 17, 19, 18, 20, 6, 21, 20, 2, 21, 5, 15, 8, 18, 9, 15]",-1.87
23,54,"[1, 3, 1, 1, 1, 1, 1, 1, 1, 1, 1, 1, 3, 1, 1, 1, 3, 1, 1, 1, 1, 2, 1]","[1, 1, 1, 1, 2, 2, 1, 1, 2, 2, 1, 1, 1, 1, 1, 1, 3, 3, 3, 3, 3, 3, 1, 1, 1, 1, 3, 3, 3, 3, 1, 1, 1, 1, 1, 1, 1, 1, 1, 1, 1, 1, 1, 1, 1, 1, 1, 1, 1, 1, 3, 3, 1, 1]","[0, 1, 1, 2, 2, 3, 3, 4, 4, 5, 5, 6, 6, 7, 7, 8, 8, 9, 9, 10, 10, 11, 11, 12, 12, 13, 11, 14, 14, 15, 10, 16, 16, 17, 17, 18, 18, 19, 19, 20, 20, 21, 21, 22, 17, 2, 18, 5, 21, 6, 15, 8, 18, 9]","[1, 0, 2, 1, 3, 2, 4, 3, 5, 4, 6, 5, 7, 6, 8, 7, 9, 8, 10, 9, 11, 10, 12, 11, 13, 12, 14, 11, 15, 14, 16, 10, 17, 16, 18, 17, 19, 18, 20, 19, 21, 20, 22, 21, 2, 17, 5, 18, 6, 21, 8, 15, 9, 18]",-2.66
19,40,"[3, 1, 1, 1, 1, 1, 1, 1, 1, 2, 2, 1, 3, 1, 1, 1, 2, 1, 1]","[2, 2, 1, 1, 1, 1, 3, 3, 3, 3, 3, 3, 3, 3, 3, 3, 1, 1, 1, 1, 1, 1, 2, 2, 1, 1, 3, 3, 3, 3, 3, 3, 3, 3, 3, 3, 3, 3, 3, 3]","[0, 1, 1, 2, 2, 3, 3, 4, 4, 5, 5, 6, 6, 7, 7, 8, 1, 9, 9, 10, 10, 11, 11, 12, 11, 13, 13, 14, 14, 15, 15, 16, 16, 17, 17, 18, 8, 3, 18, 13]","[1, 0, 2, 1, 3, 2, 4, 3, 5, 4, 6, 5, 7, 6, 8, 7, 9, 1, 10, 9, 11, 10, 12, 11, 13, 11, 14, 13, 15, 14, 16, 15, 17, 16, 18, 17, 3, 8, 13, 18]",-2.47
18,38,"[8, 1, 2, 2, 1, 1, 1, 1, 1, 1, 2, 2, 1, 1, 1, 1, 1, 1]","[2, 2, 1, 1, 1, 1, 1, 1, 3, 3, 3, 3, 3, 3, 3, 3, 3, 3, 1, 1, 2, 2, 1, 1, 3, 3, 3, 3, 3, 3, 3, 3, 3, 3, 3, 3, 3, 3]","[0, 1, 1, 2, 2, 3, 3, 4, 4, 5, 5, 6, 6, 7, 7, 8, 8, 9, 1, 10, 10, 11, 11, 12, 12, 13, 13, 14, 14, 15, 15, 16, 16, 17, 9, 4, 17, 12]","[1, 0, 2, 1, 3, 2, 4, 3, 5, 4, 6, 5, 7, 6, 8, 7, 9, 8, 10, 1, 11, 10, 12, 11, 13, 12, 14, 13, 15, 14, 16, 15, 17, 16, 4, 9, 12, 17]",-6.61
25,54,"[3, 1, 1, 3, 1, 3, 1, 1, 1, 1, 1, 1, 2, 1, 1, 1, 1, 1, 1, 1, 1, 1, 1, 1, 1]","[2, 2, 1, 1, 1, 1, 1, 1, 2, 2, 1, 1, 3, 3, 3, 3, 3, 3, 3, 3, 3, 3, 1, 1, 1, 1, 1, 1, 1, 1, 1, 1, 1, 1, 1, 1, 1, 1, 1, 1, 1, 1, 1, 1, 1, 1, 1, 1, 3, 3, 1, 1, 1, 1]","[0, 1, 1, 2, 2, 3, 3, 4, 4, 5, 4, 6, 6, 7, 7, 8, 8, 9, 9, 10, 10, 11, 1, 12, 12, 13, 13, 14, 14, 15, 15, 16, 16, 17, 17, 18, 12, 19, 19, 20, 20, 21, 21, 22, 22, 23, 23, 24, 11, 6, 18, 13, 24, 19]","[1, 0, 2, 1, 3, 2, 4, 3, 5, 4, 6, 4, 7, 6, 8, 7, 9, 8, 10, 9, 11, 10, 12, 1, 13, 12, 14, 13, 15, 14, 16, 15, 17, 16, 18, 17, 19, 12, 20, 19, 21, 20, 22, 21, 23, 22, 24, 23, 6, 11, 13, 18, 19, 24]",-5.06
22,46,"[1, 1, 1, 3, 1, 1, 1, 1, 1, 1, 2, 1, 1, 1, 3, 1, 1, 1, 1, 3, 1, 1]","[1, 1, 1, 1, 1, 1, 1, 1, 3, 3, 3, 3, 3, 3, 3, 3, 3, 3, 1, 1, 1, 1, 1, 1, 1, 1, 1, 1, 1, 1, 3, 3, 3, 3, 3, 3, 1, 1, 3, 3, 3, 3, 3, 3, 3, 3]","[0, 1, 1, 2, 2, 3, 3, 4, 4, 5, 5, 6, 6, 7, 7, 8, 8, 9, 1, 10, 10, 11, 11, 12, 11, 13, 13, 14, 13, 15, 15, 16, 16, 17, 17, 18, 18, 19, 18, 20, 20, 21, 9, 4, 21, 15]","[1, 0, 2, 1, 3, 2, 4, 3, 5, 4, 6, 5, 7, 6, 8, 7, 9, 8, 10, 1, 11, 10, 12, 11, 13, 11, 14, 13, 15, 13, 16, 15, 17, 16, 18, 17, 19, 18, 20, 18, 21, 20, 4, 9, 15, 21]",-1.53
15,34,"[2, 1, 1, 2, 1, 2, 1, 2, 1, 1, 1, 1, 1, 1, 1]","[3, 3, 3, 3, 3, 3, 3, 3, 3, 3, 3, 3, 3, 3, 3, 3, 1, 1, 3, 3, 3, 3, 3, 3, 3, 3, 3, 3, 3, 3, 3, 3, 3, 3]","[0, 1, 1, 2, 2, 3, 3, 4, 4, 5, 5, 6, 2, 7, 7, 8, 8, 9, 9, 10, 10, 11, 11, 12, 12, 13, 13, 14, 8, 0, 6, 1, 14, 9]","[1, 0, 2, 1, 3, 2, 4, 3, 5, 4, 6, 5, 7, 2, 8, 7, 9, 8, 10, 9, 11, 10, 12, 11, 13, 12, 14, 13, 0, 8, 1, 6, 9, 14]",-3.06
17,36,"[2, 1, 3, 1, 1, 2, 1, 1, 1, 6, 1, 1, 1, 1, 6, 2, 2]","[1, 1, 2, 2, 1, 1, 3, 3, 3, 3, 1, 1, 1, 1, 3, 3, 1, 1, 3, 3, 3, 3, 3, 3, 3, 3, 1, 1, 3, 3, 3, 3, 3, 3, 3, 3]","[0, 1, 1, 2, 1, 3, 3, 4, 4, 5, 5, 6, 6, 7, 7, 8, 8, 9, 8, 10, 10, 11, 11, 12, 12, 13, 13, 14, 5, 15, 15, 16, 16, 3, 13, 7]","[1, 0, 2, 1, 3, 1, 4, 3, 5, 4, 6, 5, 7, 6, 8, 7, 9, 8, 10, 8, 11, 10, 12, 11, 13, 12, 14, 13, 15, 5, 16, 15, 3, 16, 7, 13]",-3.5
23,50,"[1, 1, 1, 8, 1, 1, 2, 1, 3, 1, 2, 1, 1, 1, 1, 1, 1, 3, 2, 1, 1, 3, 3]","[1, 1, 1, 1, 1, 1, 1, 1, 1, 1, 1, 1, 1, 1, 2, 2, 1, 1, 1, 1, 1, 1, 1, 1, 1, 1, 1, 1, 1, 1, 1, 1, 2, 2, 1, 1, 1, 1, 1, 1, 1, 1, 2, 2, 1, 1, 1, 1, 1, 1]","[0, 1, 1, 2, 1, 3, 3, 4, 4, 5, 5, 6, 6, 7, 7, 8, 7, 9, 9, 10, 9, 11, 11, 12, 12, 13, 13, 14, 14, 15, 5, 16, 16, 17, 16, 18, 18, 19, 19, 20, 20, 21, 20, 22, 19, 1, 18, 4, 15, 9]","[1, 0, 2, 1, 3, 1, 4, 3, 5, 4, 6, 5, 7, 6, 8, 7, 9, 7, 10, 9, 11, 9, 12, 11, 13, 12, 14, 13, 15, 14, 16, 5, 17, 16, 18, 16, 19, 18, 20, 19, 21, 20, 22, 20, 1, 19, 4, 18, 9, 15]",-1.04
16,34,"[1, 1, 1, 1, 2, 1, 3, 2, 1, 3, 1, 1, 1, 2, 1, 1]","[1, 1, 1, 1, 3, 3, 3, 3, 3, 3, 2, 2, 3, 3, 1, 1, 2, 2, 1, 1, 3, 3, 3, 3, 3, 3, 3, 3, 3, 3, 3, 3, 3, 3]","[0, 1, 1, 2, 2, 3, 3, 4, 4, 5, 5, 6, 5, 7, 3, 8, 8, 9, 8, 10, 10, 11, 11, 12, 12, 13, 13, 14, 14, 15, 7, 2, 15, 10]","[1, 0, 2, 1, 3, 2, 4, 3, 5, 4, 6, 5, 7, 5, 8, 3, 9, 8, 10, 8, 11, 10, 12, 11, 13, 12, 14, 13, 15, 14, 2, 7, 10, 15]",-1.99
14,30,"[3, 1, 2, 1, 3, 1, 1, 2, 2, 1, 3, 1, 3, 2]","[2, 2, 3, 3, 3, 3, 2, 2, 3, 3, 3, 3, 3, 3, 3, 3, 3, 3, 2, 2, 3, 3, 2, 2, 3, 3, 3, 3, 3, 3]","[0, 1, 1, 2, 2, 3, 3, 4, 3, 5, 5, 6, 6, 7, 6, 8, 8, 9, 9, 10, 9, 11, 11, 12, 11, 13, 7, 1, 13, 5]","[1, 0, 2, 1, 3, 2, 4, 3, 5, 3, 6, 5, 7, 6, 8, 6, 9, 8, 10, 9, 11, 9, 12, 11, 13, 11, 1, 7, 5, 13]",-4.06
22,48,"[1, 1, 1, 8, 1, 1, 2, 1, 2, 1, 1, 1, 1, 1, 1, 1, 3, 2, 1, 1, 3, 3]","[1, 1, 1, 1, 1, 1, 1, 1, 1, 1, 1, 1, 2, 2, 1, 1, 1, 1, 1, 1, 1, 1, 1, 1, 1, 1, 1, 1, 1, 1, 2, 2, 1, 1, 1, 1, 1, 1, 1, 1, 2, 2, 1, 1, 1, 1, 1, 1]","[0, 1, 1, 2, 1, 3, 3, 4, 4, 5, 5, 6, 6, 7, 7, 8, 8, 9, 9, 10, 10, 11, 11, 12, 12, 13, 13, 14, 5, 15, 15, 16, 15, 17, 17, 18, 18, 19, 19, 20, 19, 21, 18, 1, 17, 4, 14, 8]","[1, 0, 2, 1, 3, 1, 4, 3, 5, 4, 6, 5, 7, 6, 8, 7, 9, 8, 10, 9, 11, 10, 12, 11, 13, 12, 14, 13, 15, 5, 16, 15, 17, 15, 18, 17, 19, 18, 20, 19, 21, 19, 1, 18, 4, 17, 8, 14]",-4.5
29,64,"[1, 1, 1, 1, 2, 1, 3, 1, 1, 1, 1, 1, 1, 1, 1, 1, 1, 1, 1, 1, 1, 1, 1, 1, 1, 1, 1, 3, 3]","[1, 1, 1, 1, 1, 1, 1, 1, 1, 1, 2, 2, 1, 1, 1, 1, 1, 1, 1, 1, 1, 1, 1, 1, 1, 1, 2, 2, 1, 1, 2, 2, 1, 1, 1, 1, 1, 1, 1, 1, 1, 1, 1, 1, 1, 1, 1, 1, 1, 1, 1, 1, 1, 1, 2, 2, 1, 1, 1, 1, 1, 1, 1, 1]","[0, 1, 1, 2, 1, 3, 1, 4, 4, 5, 5, 6, 5, 7, 7, 8, 8, 9, 9, 10, 10, 11, 11, 12, 12, 13, 13, 14, 14, 15, 15, 16, 16, 17, 17, 18, 18, 19, 19, 20, 19, 21, 21, 22, 22, 23, 23, 24, 24, 25, 16, 26, 26, 27, 26, 28, 24, 7, 24, 10, 21, 11, 19, 14]","[1, 0, 2, 1, 3, 1, 4, 1, 5, 4, 6, 5, 7, 5, 8, 7, 9, 8, 10, 9, 11, 10, 12, 11, 13, 12, 14, 13, 15, 14, 16, 15, 17, 16, 18, 17, 19, 18, 20, 19, 21, 19, 22, 21, 23, 22, 24, 23, 25, 24, 26, 16, 27, 26, 28, 26, 7, 24, 10, 24, 11, 21, 14, 19]",-8.76
16,38,"[1, 1, 1, 1, 1, 1, 1, 1, 1, 1, 1, 1, 1, 1, 1, 1]","[1, 1, 1, 1, 3, 3, 3, 3, 3, 3, 1, 1, 1, 1, 1, 1, 1, 1, 3, 3, 3, 3, 3, 3, 1, 1, 3, 3, 3, 3, 1, 1, 3, 3, 3, 3, 3, 3]","[0, 1, 1, 2, 2, 3, 3, 4, 4, 5, 5, 6, 6, 7, 7, 8, 8, 9, 9, 10, 10, 11, 11, 12, 12, 13, 12, 14, 14, 15, 13, 0, 14, 2, 15, 5, 15, 9]","[1, 0, 2, 1, 3, 2, 4, 3, 5, 4, 6, 5, 7, 6, 8, 7, 9, 8, 10, 9, 11, 10, 12, 11, 13, 12, 14, 12, 15, 14, 0, 13, 2, 14, 5, 15, 9, 15]",-5.96
20,42,"[2, 1, 1, 1, 1, 1, 1, 3, 1, 1, 3, 1, 3, 3, 1, 1, 1, 1, 1, 1]","[1, 1, 1, 1, 1, 1, 3, 3, 3, 3, 3, 3, 1, 1, 3, 3, 3, 3, 1, 1, 1, 1, 2, 2, 1, 1, 1, 1, 1, 1, 1, 1, 1, 1, 1, 1, 1, 1, 3, 3, 1, 1]","[0, 1, 1, 2, 2, 3, 3, 4, 4, 5, 5, 6, 6, 7, 6, 8, 8, 9, 5, 10, 1, 11, 11, 12, 11, 13, 13, 14, 14, 15, 15, 16, 16, 17, 17, 18, 18, 19, 9, 3, 19, 14]","[1, 0, 2, 1, 3, 2, 4, 3, 5, 4, 6, 5, 7, 6, 8, 6, 9, 8, 10, 5, 11, 1, 12, 11, 13, 11, 14, 13, 15, 14, 16, 15, 17, 16, 18, 17, 19, 18, 3, 9, 14, 19]",-1.27
17,36,"[1, 1, 1, 1, 3, 2, 1, 8, 2, 1, 3, 1, 1, 1, 1, 1, 1]","[1, 1, 1, 1, 1, 1, 2, 2, 1, 1, 1, 1, 2, 2, 1, 1, 1, 1, 2, 2, 1, 1, 3, 3, 3, 3, 3, 3, 3, 3, 3, 3, 1, 1, 3, 3]","[0, 1, 1, 2, 2, 3, 3, 4, 3, 5, 5, 6, 6, 7, 6, 8, 8, 9, 9, 10, 2, 11, 11, 12, 12, 13, 13, 14, 14, 15, 15, 16, 9, 2, 16, 11]","[1, 0, 2, 1, 3, 2, 4, 3, 5, 3, 6, 5, 7, 6, 8, 6, 9, 8, 10, 9, 11, 2, 12, 11, 13, 12, 14, 13, 15, 14, 16, 15, 2, 9, 11, 16]",-3.58
20,46,"[1, 1, 1, 1, 1, 1, 1, 1, 1, 1, 1, 1, 1, 1, 3, 1, 1, 1, 1, 3]","[1, 1, 1, 1, 1, 1, 1, 1, 1, 1, 2, 2, 1, 1, 1, 1, 3, 3, 3, 3, 3, 3, 3, 3, 3, 3, 1, 1, 1, 1, 1, 1, 1, 1, 1, 1, 2, 2, 1, 1, 1, 1, 1, 1, 3, 3]","[0, 1, 1, 2, 2, 3, 3, 4, 4, 5, 5, 6, 6, 7, 7, 8, 8, 9, 9, 10, 10, 11, 11, 12, 12, 13, 12, 14, 5, 15, 15, 16, 16, 17, 17, 18, 18, 19, 15, 1, 18, 1, 9, 4, 13, 8]","[1, 0, 2, 1, 3, 2, 4, 3, 5, 4, 6, 5, 7, 6, 8, 7, 9, 8, 10, 9, 11, 10, 12, 11, 13, 12, 14, 12, 15, 5, 16, 15, 17, 16, 18, 17, 19, 18, 1, 15, 1, 18, 4, 9, 8, 13]",-4.99
13,28,"[3, 1, 2, 1, 2, 1, 1, 2, 1, 3, 1, 3, 2]","[2, 2, 3, 3, 3, 3, 3, 3, 3, 3, 3, 3, 3, 3, 3, 3, 2, 2, 3, 3, 2, 2, 3, 3, 3, 3, 3, 3]","[0, 1, 1, 2, 2, 3, 3, 4, 4, 5, 5, 6, 6, 7, 7, 8, 8, 9, 8, 10, 10, 11, 10, 12, 6, 1, 12, 5]","[1, 0, 2, 1, 3, 2, 4, 3, 5, 4, 6, 5, 7, 6, 8, 7, 9, 8, 10, 8, 11, 10, 12, 10, 1, 6, 5, 12]",-3.69
13,28,"[3, 1, 2, 1, 3, 1, 1, 2, 2, 1, 3, 1, 2]","[2, 2, 3, 3, 3, 3, 2, 2, 3, 3, 3, 3, 3, 3, 3, 3, 3, 3, 2, 2, 3, 3, 3, 3, 3, 3, 3, 3]","[0, 1, 1, 2, 2, 3, 3, 4, 3, 5, 5, 6, 6, 7, 6, 8, 8, 9, 9, 10, 9, 11, 11, 12, 7, 1, 12, 5]","[1, 0, 2, 1, 3, 2, 4, 3, 5, 3, 6, 5, 7, 6, 8, 6, 9, 8, 10, 9, 11, 9, 12, 11, 1, 7, 5, 12]",-3.34
13,28,"[2, 1, 2, 1, 3, 1, 1, 2, 2, 1, 1, 3, 2]","[1, 1, 3, 3, 3, 3, 2, 2, 3, 3, 3, 3, 3, 3, 3, 3, 3, 3, 3, 3, 2, 2, 3, 3, 3, 3, 3, 3]","[0, 1, 1, 2, 2, 3, 3, 4, 3, 5, 5, 6, 6, 7, 6, 8, 8, 9, 9, 10, 10, 11, 10, 12, 7, 1, 12, 5]","[1, 0, 2, 1, 3, 2, 4, 3, 5, 3, 6, 5, 7, 6, 8, 6, 9, 8, 10, 9, 11, 10, 12, 10, 1, 7, 5, 12]",-3.86
22,46,"[1, 1, 1, 1, 2, 3, 1, 1, 1, 1, 3, 1, 1, 1, 1, 3, 1, 1, 1, 1, 8, 1]","[1, 1, 1, 1, 1, 1, 2, 2, 1, 1, 1, 1, 1, 1, 1, 1, 2, 2, 1, 1, 1, 1, 1, 1, 1, 1, 1, 1, 2, 2, 1, 1, 1, 1, 1, 1, 1, 1, 1, 1, 1, 1, 1, 1, 1, 1]","[0, 1, 1, 2, 2, 3, 3, 4, 4, 5, 5, 6, 6, 7, 3, 8, 8, 9, 9, 10, 9, 11, 11, 12, 12, 13, 13, 14, 14, 15, 12, 16, 16, 17, 17, 18, 18, 19, 19, 20, 20, 21, 14, 8, 21, 16]","[1, 0, 2, 1, 3, 2, 4, 3, 5, 4, 6, 5, 7, 6, 8, 3, 9, 8, 10, 9, 11, 9, 12, 11, 13, 12, 14, 13, 15, 14, 16, 12, 17, 16, 18, 17, 19, 18, 20, 19, 21, 20, 8, 14, 16, 21]",-3.58
14,30,"[3, 1, 1, 1, 1, 1, 1, 1, 1, 2, 1, 1, 1, 1]","[2, 2, 1, 1, 3, 3, 3, 3, 3, 3, 3, 3, 3, 3, 1, 1, 3, 3, 3, 3, 3, 3, 3, 3, 3, 3, 3, 3, 3, 3]","[0, 1, 1, 2, 2, 3, 3, 4, 4, 5, 5, 6, 6, 7, 1, 8, 8, 9, 9, 10, 10, 11, 11, 12, 12, 13, 7, 2, 13, 8]","[1, 0, 2, 1, 3, 2, 4, 3, 5, 4, 6, 5, 7, 6, 8, 1, 9, 8, 10, 9, 11, 10, 12, 11, 13, 12, 2, 7, 8, 13]",-2.02
20,46,"[1, 1, 1, 1, 1, 1, 1, 1, 1, 1, 1, 1, 1, 1, 3, 1, 1, 1, 1, 3]","[1, 1, 1, 1, 1, 1, 1, 1, 1, 1, 2, 2, 1, 1, 1, 1, 3, 3, 3, 3, 3, 3, 3, 3, 3, 3, 1, 1, 1, 1, 1, 1, 1, 1, 1, 1, 1, 1, 1, 1, 1, 1, 1, 1, 3, 3]","[0, 1, 1, 2, 2, 3, 3, 4, 4, 5, 5, 6, 6, 7, 7, 8, 8, 9, 9, 10, 10, 11, 11, 12, 12, 13, 12, 14, 5, 15, 15, 16, 16, 17, 17, 18, 18, 19, 15, 1, 18, 1, 9, 4, 13, 8]","[1, 0, 2, 1, 3, 2, 4, 3, 5, 4, 6, 5, 7, 6, 8, 7, 9, 8, 10, 9, 11, 10, 12, 11, 13, 12, 14, 12, 15, 5, 16, 15, 17, 16, 18, 17, 19, 18, 1, 15, 1, 18, 4, 9, 8, 13]",-4.4
12,26,"[3, 1, 2, 1, 1, 2, 1, 2, 1, 3, 2, 1]","[2, 2, 3, 3, 3, 3, 3, 3, 3, 3, 3, 3, 3, 3, 3, 3, 2, 2, 3, 3, 3, 3, 3, 3, 3, 3]","[0, 1, 1, 2, 2, 3, 3, 4, 4, 5, 5, 6, 6, 7, 7, 8, 8, 9, 4, 10, 10, 11, 11, 1, 8, 3]","[1, 0, 2, 1, 3, 2, 4, 3, 5, 4, 6, 5, 7, 6, 8, 7, 9, 8, 10, 4, 11, 10, 1, 11, 3, 8]",-2.96
12,26,"[3, 1, 2, 1, 1, 2, 1, 3, 2, 1, 2, 1]","[2, 2, 3, 3, 3, 3, 3, 3, 3, 3, 3, 3, 2, 2, 3, 3, 3, 3, 3, 3, 3, 3, 3, 3, 3, 3]","[0, 1, 1, 2, 2, 3, 3, 4, 4, 5, 5, 6, 6, 7, 4, 8, 8, 9, 9, 10, 10, 11, 6, 1, 11, 3]","[1, 0, 2, 1, 3, 2, 4, 3, 5, 4, 6, 5, 7, 6, 8, 4, 9, 8, 10, 9, 11, 10, 1, 6, 3, 11]",-2.69
22,50,"[1, 1, 1, 1, 3, 1, 1, 1, 1, 1, 1, 1, 3, 1, 1, 1, 1, 1, 1, 1, 1, 3]","[1, 1, 1, 1, 1, 1, 2, 2, 1, 1, 1, 1, 1, 1, 1, 1, 1, 1, 2, 2, 1, 1, 2, 2, 1, 1, 1, 1, 1, 1, 1, 1, 1, 1, 1, 1, 1, 1, 1, 1, 2, 2, 1, 1, 1, 1, 1, 1, 1, 1]","[0, 1, 1, 2, 2, 3, 3, 4, 3, 5, 5, 6, 6, 7, 7, 8, 8, 9, 9, 10, 10, 11, 11, 12, 11, 13, 13, 14, 14, 15, 15, 16, 6, 17, 17, 18, 18, 19, 19, 20, 20, 21, 17, 1, 20, 1, 15, 5, 15, 9]","[1, 0, 2, 1, 3, 2, 4, 3, 5, 3, 6, 5, 7, 6, 8, 7, 9, 8, 10, 9, 11, 10, 12, 11, 13, 11, 14, 13, 15, 14, 16, 15, 17, 6, 18, 17, 19, 18, 20, 19, 21, 20, 1, 17, 1, 20, 5, 15, 9, 15]",-3.48
34,72,"[3, 1, 1, 3, 1, 3, 1, 1, 3, 1, 3, 1, 1, 3, 3, 1, 1, 3, 1, 3, 1, 3, 1, 3, 1, 3, 1, 3, 1, 3, 1, 3, 1, 3]","[1, 1, 1, 1, 1, 1, 1, 1, 1, 1, 1, 1, 1, 1, 1, 1, 1, 1, 1, 1, 1, 1, 1, 1, 1, 1, 1, 1, 1, 1, 1, 1, 1, 1, 1, 1, 1, 1, 1, 1, 1, 1, 1, 1, 1, 1, 1, 1, 1, 1, 1, 1, 1, 1, 1, 1, 1, 1, 1, 1, 1, 1, 1, 1, 1, 1, 1, 1, 1, 1, 1, 1]","[0, 1, 1, 2, 2, 3, 3, 4, 4, 5, 5, 6, 6, 7, 7, 8, 8, 9, 9, 10, 10, 11, 11, 12, 12, 13, 11, 14, 14, 15, 15, 16, 16, 17, 15, 18, 18, 19, 18, 20, 20, 21, 9, 22, 22, 23, 22, 24, 24, 25, 24, 26, 26, 27, 4, 28, 28, 29, 28, 30, 30, 31, 30, 32, 32, 33, 32, 2, 26, 7, 20, 11]","[1, 0, 2, 1, 3, 2, 4, 3, 5, 4, 6, 5, 7, 6, 8, 7, 9, 8, 10, 9, 11, 10, 12, 11, 13, 12, 14, 11, 15, 14, 16, 15, 17, 16, 18, 15, 19, 18, 20, 18, 21, 20, 22, 9, 23, 22, 24, 22, 25, 24, 26, 24, 27, 26, 28, 4, 29, 28, 30, 28, 31, 30, 32, 30, 33, 32, 2, 32, 7, 26, 11, 20]",0.3
17,36,"[3, 1, 1, 3, 1, 1, 3, 1, 3, 2, 1, 1, 1, 3, 1, 1, 3]","[1, 1, 1, 1, 1, 1, 1, 1, 1, 1, 1, 1, 1, 1, 1, 1, 1, 1, 1, 1, 2, 2, 1, 1, 2, 2, 1, 1, 1, 1, 2, 2, 1, 1, 1, 1]","[0, 1, 1, 2, 2, 3, 3, 4, 4, 5, 5, 6, 5, 7, 7, 8, 4, 9, 9, 10, 10, 11, 11, 12, 12, 13, 12, 14, 14, 15, 15, 16, 7, 2, 15, 9]","[1, 0, 2, 1, 3, 2, 4, 3, 5, 4, 6, 5, 7, 5, 8, 7, 9, 4, 10, 9, 11, 10, 12, 11, 13, 12, 14, 12, 15, 14, 16, 15, 2, 7, 9, 15]",-0.77
11,24,"[8, 1, 2, 1, 1, 1, 2, 2, 1, 1, 2]","[2, 2, 3, 3, 3, 3, 3, 3, 3, 3, 3, 3, 3, 3, 3, 3, 3, 3, 3, 3, 3, 3, 3, 3]","[0, 1, 1, 2, 2, 3, 3, 4, 4, 5, 5, 6, 4, 7, 7, 8, 8, 9, 9, 10, 6, 1, 10, 3]","[1, 0, 2, 1, 3, 2, 4, 3, 5, 4, 6, 5, 7, 4, 8, 7, 9, 8, 10, 9, 1, 6, 3, 10]",-2.68
11,24,"[8, 1, 2, 1, 1, 1, 2, 1, 2, 2, 1]","[2, 2, 3, 3, 3, 3, 3, 3, 3, 3, 3, 3, 3, 3, 3, 3, 3, 3, 3, 3, 3, 3, 3, 3]","[0, 1, 1, 2, 2, 3, 3, 4, 4, 5, 5, 6, 6, 7, 7, 8, 4, 9, 9, 10, 10, 1, 8, 3]","[1, 0, 2, 1, 3, 2, 4, 3, 5, 4, 6, 5, 7, 6, 8, 7, 9, 4, 10, 9, 1, 10, 3, 8]",-2.71
16,34,"[1, 1, 1, 1, 1, 1, 3, 1, 3, 2, 1, 1, 1, 1, 1, 1]","[1, 1, 2, 2, 1, 1, 1, 1, 1, 1, 1, 1, 1, 1, 2, 2, 1, 1, 1, 1, 3, 3, 3, 3, 3, 3, 3, 3, 3, 3, 1, 1, 3, 3]","[0, 1, 1, 2, 2, 3, 3, 4, 4, 5, 5, 6, 2, 7, 7, 8, 7, 9, 9, 10, 10, 11, 11, 12, 12, 13, 13, 14, 14, 15, 6, 1, 15, 10]","[1, 0, 2, 1, 3, 2, 4, 3, 5, 4, 6, 5, 7, 2, 8, 7, 9, 7, 10, 9, 11, 10, 12, 11, 13, 12, 14, 13, 15, 14, 1, 6, 10, 15]",-2.56
11,24,"[3, 1, 2, 1, 1, 2, 1, 3, 2, 1, 2]","[2, 2, 3, 3, 3, 3, 3, 3, 3, 3, 3, 3, 2, 2, 3, 3, 3, 3, 3, 3, 3, 3, 3, 3]","[0, 1, 1, 2, 2, 3, 3, 4, 4, 5, 4, 6, 6, 7, 6, 8, 8, 9, 9, 10, 5, 1, 10, 3]","[1, 0, 2, 1, 3, 2, 4, 3, 5, 4, 6, 4, 7, 6, 8, 6, 9, 8, 10, 9, 1, 5, 3, 10]",-2.96
11,24,"[2, 1, 2, 1, 3, 2, 1, 1, 2, 1, 2]","[1, 1, 3, 3, 3, 3, 2, 2, 3, 3, 3, 3, 3, 3, 3, 3, 3, 3, 3, 3, 3, 3, 3, 3]","[0, 1, 1, 2, 2, 3, 3, 4, 3, 5, 5, 6, 6, 7, 7, 8, 8, 9, 9, 10, 7, 1, 10, 6]","[1, 0, 2, 1, 3, 2, 4, 3, 5, 3, 6, 5, 7, 6, 8, 7, 9, 8, 10, 9, 1, 7, 6, 10]",-3.38
11,24,"[3, 1, 2, 1, 1, 2, 1, 2, 1, 2, 1]","[2, 2, 3, 3, 3, 3, 3, 3, 3, 3, 3, 3, 3, 3, 3, 3, 3, 3, 3, 3, 3, 3, 3, 3]","[0, 1, 1, 2, 2, 3, 3, 4, 4, 5, 5, 6, 6, 7, 7, 8, 4, 9, 9, 10, 10, 1, 8, 3]","[1, 0, 2, 1, 3, 2, 4, 3, 5, 4, 6, 5, 7, 6, 8, 7, 9, 4, 10, 9, 1, 10, 3, 8]",-2.71
30,70,"[1, 1, 1, 1, 1, 3, 1, 3, 1, 1, 1, 1, 1, 1, 1, 1, 1, 3, 1, 1, 1, 1, 1, 1, 1, 1, 1, 1, 1, 1]","[1, 1, 1, 1, 1, 1, 1, 1, 1, 1, 1, 1, 1, 1, 1, 1, 1, 1, 1, 1, 1, 1, 1, 1, 1, 1, 2, 2, 1, 1, 1, 1, 1, 1, 1, 1, 1, 1, 1, 1, 1, 1, 1, 1, 1, 1, 1, 1, 1, 1, 1, 1, 1, 1, 1, 1, 1, 1, 1, 1, 1, 1, 1, 1, 1, 1, 1, 1, 1, 1]","[0, 1, 1, 2, 2, 3, 3, 4, 4, 5, 5, 6, 4, 7, 7, 8, 8, 9, 9, 10, 10, 11, 11, 12, 12, 13, 13, 14, 14, 15, 15, 16, 16, 17, 16, 18, 18, 19, 19, 20, 20, 21, 20, 22, 22, 23, 23, 24, 24, 25, 25, 26, 25, 27, 27, 28, 28, 29, 6, 1, 28, 4, 27, 8, 25, 10, 22, 11, 20, 14]","[1, 0, 2, 1, 3, 2, 4, 3, 5, 4, 6, 5, 7, 4, 8, 7, 9, 8, 10, 9, 11, 10, 12, 11, 13, 12, 14, 13, 15, 14, 16, 15, 17, 16, 18, 16, 19, 18, 20, 19, 21, 20, 22, 20, 23, 22, 24, 23, 25, 24, 26, 25, 27, 25, 28, 27, 29, 28, 1, 6, 4, 28, 8, 27, 10, 25, 11, 22, 14, 20]",-7.32
16,34,"[3, 1, 2, 1, 2, 1, 1, 1, 1, 1, 1, 1, 1, 1, 1, 1]","[2, 2, 1, 1, 1, 1, 1, 1, 1, 1, 1, 1, 1, 1, 1, 1, 1, 1, 1, 1, 3, 3, 3, 3, 3, 3, 3, 3, 3, 3, 1, 1, 3, 3]","[0, 1, 1, 2, 2, 3, 3, 4, 4, 5, 5, 6, 6, 7, 7, 8, 8, 9, 1, 10, 10, 11, 11, 12, 12, 13, 13, 14, 14, 15, 9, 4, 15, 10]","[1, 0, 2, 1, 3, 2, 4, 3, 5, 4, 6, 5, 7, 6, 8, 7, 9, 8, 10, 1, 11, 10, 12, 11, 13, 12, 14, 13, 15, 14, 4, 9, 10, 15]",-2.15
21,48,"[1, 2, 1, 3, 1, 1, 1, 1, 1, 1, 1, 3, 1, 2, 1, 3, 1, 1, 3, 8, 8]","[1, 1, 1, 1, 2, 2, 1, 1, 1, 1, 1, 1, 2, 2, 1, 1, 2, 2, 1, 1, 1, 1, 1, 1, 1, 1, 1, 1, 2, 2, 1, 1, 1, 1, 1, 1, 1, 1, 1, 1, 1, 1, 1, 1, 1, 1, 1, 1]","[0, 1, 1, 2, 2, 3, 2, 4, 4, 5, 5, 6, 6, 7, 7, 8, 8, 9, 9, 10, 10, 11, 10, 12, 12, 13, 13, 14, 14, 15, 14, 16, 16, 17, 17, 18, 16, 19, 19, 20, 16, 1, 13, 4, 20, 4, 12, 6]","[1, 0, 2, 1, 3, 2, 4, 2, 5, 4, 6, 5, 7, 6, 8, 7, 9, 8, 10, 9, 11, 10, 12, 10, 13, 12, 14, 13, 15, 14, 16, 14, 17, 16, 18, 17, 19, 16, 20, 19, 1, 16, 4, 13, 4, 20, 6, 12]",-3.67
18,38,"[3, 1, 2, 1, 3, 1, 1, 1, 1, 1, 1, 1, 1, 1, 1, 1, 3, 2]","[2, 2, 1, 1, 1, 1, 2, 2, 1, 1, 1, 1, 1, 1, 1, 1, 1, 1, 1, 1, 1, 1, 1, 1, 1, 1, 1, 1, 1, 1, 2, 2, 1, 1, 1, 1, 1, 1]","[0, 1, 1, 2, 2, 3, 3, 4, 3, 5, 5, 6, 6, 7, 7, 8, 8, 9, 9, 10, 10, 11, 11, 12, 12, 13, 13, 14, 5, 15, 15, 16, 15, 17, 17, 1, 14, 5]","[1, 0, 2, 1, 3, 2, 4, 3, 5, 3, 6, 5, 7, 6, 8, 7, 9, 8, 10, 9, 11, 10, 12, 11, 13, 12, 14, 13, 15, 5, 16, 15, 17, 15, 1, 17, 5, 14]",-4.59
22,48,"[1, 1, 1, 1, 1, 1, 1, 1, 1, 1, 1, 1, 1, 1, 1, 1, 1, 3, 3, 1, 1, 1]","[1, 1, 1, 1, 1, 1, 2, 2, 1, 1, 2, 2, 1, 1, 1, 1, 1, 1, 1, 1, 1, 1, 1, 1, 1, 1, 1, 1, 1, 1, 1, 1, 1, 1, 2, 2, 1, 1, 1, 1, 1, 1, 1, 1, 1, 1, 1, 1]","[0, 1, 1, 2, 1, 3, 3, 4, 4, 5, 5, 6, 6, 7, 7, 8, 8, 9, 9, 10, 9, 11, 11, 12, 12, 13, 13, 14, 14, 15, 14, 16, 16, 17, 16, 18, 9, 19, 19, 20, 20, 21, 21, 3, 19, 5, 14, 8]","[1, 0, 2, 1, 3, 1, 4, 3, 5, 4, 6, 5, 7, 6, 8, 7, 9, 8, 10, 9, 11, 9, 12, 11, 13, 12, 14, 13, 15, 14, 16, 14, 17, 16, 18, 16, 19, 9, 20, 19, 21, 20, 3, 21, 5, 19, 8, 14]",-3.8
20,46,"[1, 1, 1, 1, 1, 1, 1, 1, 1, 1, 1, 3, 1, 1, 1, 1, 1, 1, 1, 1]","[1, 1, 1, 1, 1, 1, 1, 1, 1, 1, 1, 1, 1, 1, 1, 1, 1, 1, 1, 1, 2, 2, 1, 1, 1, 1, 1, 1, 1, 1, 1, 1, 1, 1, 1, 1, 2, 2, 1, 1, 1, 1, 1, 1, 1, 1]","[0, 1, 1, 2, 2, 3, 3, 4, 4, 5, 5, 6, 6, 7, 7, 8, 8, 9, 9, 10, 10, 11, 10, 12, 12, 13, 13, 14, 14, 15, 5, 16, 16, 17, 17, 18, 18, 19, 16, 1, 19, 1, 14, 4, 14, 8]","[1, 0, 2, 1, 3, 2, 4, 3, 5, 4, 6, 5, 7, 6, 8, 7, 9, 8, 10, 9, 11, 10, 12, 10, 13, 12, 14, 13, 15, 14, 16, 5, 17, 16, 18, 17, 19, 18, 1, 16, 1, 19, 4, 14, 8, 14]",-6.07
15,32,"[3, 1, 2, 1, 3, 1, 1, 1, 1, 1, 1, 1, 1, 3, 2]","[2, 2, 1, 1, 1, 1, 2, 2, 1, 1, 1, 1, 1, 1, 1, 1, 1, 1, 1, 1, 1, 1, 1, 1, 2, 2, 1, 1, 1, 1, 1, 1]","[0, 1, 1, 2, 2, 3, 3, 4, 3, 5, 5, 6, 6, 7, 7, 8, 8, 9, 9, 10, 10, 11, 5, 12, 12, 13, 12, 14, 14, 1, 11, 5]","[1, 0, 2, 1, 3, 2, 4, 3, 5, 3, 6, 5, 7, 6, 8, 7, 9, 8, 10, 9, 11, 10, 12, 5, 13, 12, 14, 12, 1, 14, 5, 11]",-2.98
7,14,"[2, 1, 1, 3, 2, 1, 3]","[1, 1, 1, 1, 1, 1, 1, 1, 1, 1, 2, 2, 1, 1]","[0, 1, 1, 2, 2, 3, 3, 4, 4, 5, 5, 6, 5, 1]","[1, 0, 2, 1, 3, 2, 4, 3, 5, 4, 6, 5, 1, 5]",-0.01
14,32,"[1, 1, 1, 1, 1, 1, 3, 1, 1, 1, 3, 3, 1, 3]","[1, 1, 1, 1, 1, 1, 1, 1, 1, 1, 1, 1, 1, 1, 1, 1, 1, 1, 2, 2, 1, 1, 1, 1, 2, 2, 1, 1, 1, 1, 1, 1]","[0, 1, 1, 2, 2, 3, 3, 4, 4, 5, 5, 6, 5, 7, 7, 8, 7, 9, 9, 10, 9, 11, 11, 12, 12, 13, 7, 1, 12, 1, 6, 2]","[1, 0, 2, 1, 3, 2, 4, 3, 5, 4, 6, 5, 7, 5, 8, 7, 9, 7, 10, 9, 11, 9, 12, 11, 13, 12, 1, 7, 1, 12, 2, 6]",-3.82
62,136,"[1, 1, 3, 3, 1, 1, 3, 1, 1, 1, 3, 1, 1, 3, 1, 1, 3, 1, 1, 3, 1, 1, 3, 1, 3, 1, 1, 1, 1, 1, 1, 1, 3, 1, 1, 3, 1, 3, 1, 3, 1, 2, 1, 3, 1, 1, 1, 1, 1, 1, 1, 1, 1, 1, 1, 1, 1, 1, 1, 1, 1, 1]","[1, 1, 2, 2, 1, 1, 1, 1, 1, 1, 2, 2, 1, 1, 1, 1, 1, 1, 1, 1, 1, 1, 1, 1, 1, 1, 1, 1, 1, 1, 1, 1, 1, 1, 1, 1, 2, 2, 1, 1, 1, 1, 1, 1, 1, 1, 2, 2, 1, 1, 3, 3, 3, 3, 3, 3, 3, 3, 3, 3, 1, 1, 1, 1, 1, 1, 1, 1, 1, 1, 1, 1, 2, 2, 1, 1, 1, 1, 1, 1, 1, 1, 1, 1, 2, 2, 1, 1, 3, 3, 3, 3, 3, 3, 3, 3, 3, 3, 1, 1, 3, 3, 3, 3, 3, 3, 3, 3, 3, 3, 1, 1, 2, 2, 1, 1, 1, 1, 1, 1, 1, 1, 1, 1, 1, 1, 1, 1, 3, 3, 1, 1, 3, 3, 3, 3]","[0, 1, 1, 2, 1, 3, 3, 4, 4, 5, 5, 6, 5, 7, 7, 8, 7, 9, 9, 10, 9, 11, 11, 12, 12, 13, 13, 14, 14, 15, 15, 16, 16, 17, 17, 18, 17, 19, 15, 20, 20, 21, 21, 22, 22, 23, 23, 24, 23, 25, 25, 26, 26, 27, 27, 28, 28, 29, 29, 30, 21, 31, 31, 32, 31, 33, 33, 34, 34, 35, 35, 36, 36, 37, 36, 38, 38, 39, 38, 40, 40, 41, 41, 42, 42, 43, 42, 44, 44, 45, 45, 46, 46, 47, 47, 48, 48, 49, 40, 50, 50, 51, 51, 52, 52, 53, 53, 54, 54, 55, 34, 56, 56, 57, 57, 58, 58, 59, 58, 60, 56, 61, 57, 4, 20, 7, 15, 12, 30, 25, 58, 31, 49, 44, 55, 50]","[1, 0, 2, 1, 3, 1, 4, 3, 5, 4, 6, 5, 7, 5, 8, 7, 9, 7, 10, 9, 11, 9, 12, 11, 13, 12, 14, 13, 15, 14, 16, 15, 17, 16, 18, 17, 19, 17, 20, 15, 21, 20, 22, 21, 23, 22, 24, 23, 25, 23, 26, 25, 27, 26, 28, 27, 29, 28, 30, 29, 31, 21, 32, 31, 33, 31, 34, 33, 35, 34, 36, 35, 37, 36, 38, 36, 39, 38, 40, 38, 41, 40, 42, 41, 43, 42, 44, 42, 45, 44, 46, 45, 47, 46, 48, 47, 49, 48, 50, 40, 51, 50, 52, 51, 53, 52, 54, 53, 55, 54, 56, 34, 57, 56, 58, 57, 59, 58, 60, 58, 61, 56, 4, 57, 7, 20, 12, 15, 25, 30, 31, 58, 44, 49, 50, 55]",-6.33
33,74,"[1, 1, 1, 2, 1, 1, 1, 2, 1, 1, 1, 1, 4, 1, 1, 1, 1, 1, 1, 1, 1, 2, 1, 1, 1, 2, 1, 1, 1, 1, 4, 1, 1]","[1, 1, 1, 1, 1, 1, 2, 2, 3, 3, 3, 3, 3, 3, 1, 1, 3, 3, 3, 3, 3, 3, 1, 1, 3, 3, 3, 3, 3, 3, 3, 3, 3, 3, 3, 3, 3, 3, 3, 3, 3, 3, 3, 3, 3, 3, 3, 3, 1, 1, 1, 1, 3, 3, 3, 3, 3, 3, 1, 1, 3, 3, 3, 3, 3, 3, 1, 1, 3, 3, 3, 3, 3, 3]","[0, 1, 1, 2, 1, 3, 3, 4, 4, 5, 5, 6, 6, 7, 7, 8, 8, 9, 9, 10, 10, 11, 11, 12, 11, 13, 13, 14, 7, 15, 15, 16, 16, 17, 17, 18, 18, 19, 19, 20, 16, 21, 21, 22, 22, 23, 23, 24, 24, 25, 25, 26, 26, 27, 27, 28, 28, 29, 29, 30, 29, 31, 31, 32, 24, 4, 22, 6, 14, 8, 20, 15, 32, 26]","[1, 0, 2, 1, 3, 1, 4, 3, 5, 4, 6, 5, 7, 6, 8, 7, 9, 8, 10, 9, 11, 10, 12, 11, 13, 11, 14, 13, 15, 7, 16, 15, 17, 16, 18, 17, 19, 18, 20, 19, 21, 16, 22, 21, 23, 22, 24, 23, 25, 24, 26, 25, 27, 26, 28, 27, 29, 28, 30, 29, 31, 29, 32, 31, 4, 24, 6, 22, 8, 14, 15, 20, 26, 32]",-6.24
20,44,"[3, 1, 1, 1, 8, 1, 1, 8, 1, 2, 1, 2, 1, 3, 1, 1, 1, 1, 1, 1]","[2, 2, 3, 3, 2, 2, 3, 3, 3, 3, 3, 3, 3, 3, 1, 1, 4, 4, 1, 1, 4, 4, 3, 3, 2, 2, 3, 3, 3, 3, 3, 3, 3, 3, 3, 3, 3, 3, 3, 3, 3, 3, 3, 3]","[0, 1, 1, 2, 2, 3, 3, 4, 4, 5, 5, 6, 6, 7, 6, 8, 8, 9, 5, 10, 10, 11, 3, 12, 12, 13, 12, 14, 14, 15, 15, 16, 16, 17, 17, 18, 18, 19, 15, 1, 7, 2, 19, 14]","[1, 0, 2, 1, 3, 2, 4, 3, 5, 4, 6, 5, 7, 6, 8, 6, 9, 8, 10, 5, 11, 10, 12, 3, 13, 12, 14, 12, 15, 14, 16, 15, 17, 16, 18, 17, 19, 18, 1, 15, 2, 7, 14, 19]",-6.33
27,60,"[1, 1, 1, 3, 1, 1, 2, 1, 2, 1, 2, 3, 1, 1, 4, 1, 1, 3, 1, 1, 1, 1, 4, 1, 1, 1, 1]","[1, 1, 1, 1, 1, 1, 1, 1, 1, 1, 1, 1, 3, 3, 3, 3, 3, 3, 3, 3, 1, 1, 1, 1, 3, 3, 1, 1, 3, 3, 3, 3, 1, 1, 1, 1, 3, 3, 3, 3, 3, 3, 1, 1, 3, 3, 3, 3, 3, 3, 3, 3, 1, 1, 3, 3, 3, 3, 3, 3]","[0, 1, 1, 2, 2, 3, 3, 4, 4, 5, 5, 6, 6, 7, 7, 8, 8, 9, 9, 10, 4, 11, 4, 12, 12, 13, 13, 14, 13, 15, 15, 16, 16, 17, 17, 18, 18, 19, 19, 20, 20, 21, 21, 22, 21, 23, 23, 24, 16, 25, 25, 26, 11, 1, 10, 6, 26, 12, 24, 18]","[1, 0, 2, 1, 3, 2, 4, 3, 5, 4, 6, 5, 7, 6, 8, 7, 9, 8, 10, 9, 11, 4, 12, 4, 13, 12, 14, 13, 15, 13, 16, 15, 17, 16, 18, 17, 19, 18, 20, 19, 21, 20, 22, 21, 23, 21, 24, 23, 25, 16, 26, 25, 1, 11, 6, 10, 12, 26, 18, 24]",-4.91
24,50,"[3, 1, 1, 0, 1, 1, 1, 2, 3, 1, 1, 1, 1, 1, 1, 2, 3, 3, 2, 3, 3, 1, 1, 0]","[1, 1, 3, 3, 1, 1, 3, 3, 3, 3, 1, 1, 2, 2, 1, 1, 1, 1, 3, 3, 3, 3, 3, 3, 3, 3, 3, 3, 1, 1, 1, 1, 2, 2, 1, 1, 1, 1, 2, 2, 3, 3, 3, 3, 1, 1, 3, 3, 3, 3]","[0, 1, 1, 2, 2, 3, 2, 4, 4, 5, 5, 6, 6, 7, 7, 8, 8, 9, 9, 10, 10, 11, 11, 12, 12, 13, 13, 14, 12, 15, 15, 16, 15, 17, 10, 18, 18, 19, 18, 20, 5, 21, 21, 22, 22, 23, 22, 1, 14, 9]","[1, 0, 2, 1, 3, 2, 4, 2, 5, 4, 6, 5, 7, 6, 8, 7, 9, 8, 10, 9, 11, 10, 12, 11, 13, 12, 14, 13, 15, 12, 16, 15, 17, 15, 18, 10, 19, 18, 20, 18, 21, 5, 22, 21, 23, 22, 1, 22, 9, 14]",-5.19
31,68,"[2, 1, 2, 1, 1, 2, 1, 2, 1, 3, 1, 1, 3, 1, 3, 1, 1, 1, 1, 1, 2, 1, 1, 3, 1, 1, 1, 1, 1, 3, 2]","[1, 1, 3, 3, 3, 3, 3, 3, 3, 3, 3, 3, 3, 3, 1, 1, 1, 1, 1, 1, 1, 1, 1, 1, 1, 1, 2, 2, 1, 1, 3, 3, 3, 3, 3, 3, 1, 1, 1, 1, 1, 1, 1, 1, 1, 1, 1, 1, 1, 1, 3, 3, 3, 3, 3, 3, 2, 2, 3, 3, 3, 3, 3, 3, 3, 3, 1, 1]","[0, 1, 1, 2, 2, 3, 3, 4, 4, 5, 5, 6, 6, 7, 7, 8, 8, 9, 9, 10, 10, 11, 11, 12, 12, 13, 13, 14, 13, 15, 15, 16, 16, 17, 17, 18, 18, 19, 19, 20, 20, 21, 21, 22, 22, 23, 23, 24, 24, 25, 18, 26, 26, 27, 4, 28, 28, 29, 28, 30, 30, 1, 7, 3, 27, 15, 25, 20]","[1, 0, 2, 1, 3, 2, 4, 3, 5, 4, 6, 5, 7, 6, 8, 7, 9, 8, 10, 9, 11, 10, 12, 11, 13, 12, 14, 13, 15, 13, 16, 15, 17, 16, 18, 17, 19, 18, 20, 19, 21, 20, 22, 21, 23, 22, 24, 23, 25, 24, 26, 18, 27, 26, 28, 4, 29, 28, 30, 28, 1, 30, 3, 7, 15, 27, 20, 25]",-2.75
21,50,"[2, 1, 1, 1, 1, 1, 1, 1, 1, 1, 1, 1, 1, 1, 1, 1, 1, 1, 1, 1, 1]","[3, 3, 3, 3, 3, 3, 3, 3, 3, 3, 3, 3, 3, 3, 3, 3, 3, 3, 3, 3, 3, 3, 3, 3, 3, 3, 3, 3, 3, 3, 3, 3, 3, 3, 3, 3, 3, 3, 3, 3, 3, 3, 3, 3, 3, 3, 3, 3, 3, 3]","[0, 1, 1, 2, 2, 3, 3, 4, 4, 5, 5, 6, 6, 7, 7, 8, 8, 9, 9, 10, 2, 11, 11, 12, 12, 13, 13, 14, 14, 15, 15, 16, 16, 17, 17, 18, 14, 19, 19, 20, 12, 0, 6, 1, 10, 5, 20, 11, 18, 13]","[1, 0, 2, 1, 3, 2, 4, 3, 5, 4, 6, 5, 7, 6, 8, 7, 9, 8, 10, 9, 11, 2, 12, 11, 13, 12, 14, 13, 15, 14, 16, 15, 17, 16, 18, 17, 19, 14, 20, 19, 0, 12, 1, 6, 5, 10, 11, 20, 13, 18]",-7.41
24,52,"[1, 3, 1, 1, 1, 1, 2, 1, 2, 8, 3, 1, 1, 1, 1, 1, 1, 1, 1, 2, 3, 1, 1, 1]","[1, 1, 1, 1, 3, 3, 3, 3, 3, 3, 3, 3, 3, 3, 3, 3, 1, 1, 2, 2, 1, 1, 1, 1, 3, 3, 1, 1, 3, 3, 3, 3, 1, 1, 3, 3, 3, 3, 1, 1, 1, 1, 3, 3, 3, 3, 3, 3, 3, 3, 3, 3]","[0, 1, 1, 2, 2, 3, 3, 4, 4, 5, 5, 6, 6, 7, 7, 8, 7, 9, 9, 10, 9, 11, 11, 12, 12, 13, 13, 14, 13, 15, 15, 16, 16, 17, 16, 18, 18, 19, 15, 20, 20, 21, 5, 22, 22, 23, 23, 2, 8, 4, 19, 12]","[1, 0, 2, 1, 3, 2, 4, 3, 5, 4, 6, 5, 7, 6, 8, 7, 9, 7, 10, 9, 11, 9, 12, 11, 13, 12, 14, 13, 15, 13, 16, 15, 17, 16, 18, 16, 19, 18, 20, 15, 21, 20, 22, 5, 23, 22, 2, 23, 4, 8, 12, 19]",-4.28
20,42,"[1, 3, 7, 3, 3, 1, 1, 4, 1, 1, 0, 1, 1, 4, 1, 1, 1, 1, 1, 1]","[1, 1, 1, 1, 2, 2, 1, 1, 1, 1, 3, 3, 1, 1, 3, 3, 3, 3, 1, 1, 3, 3, 3, 3, 1, 1, 1, 1, 3, 3, 3, 3, 3, 3, 3, 3, 3, 3, 3, 3, 3, 3]","[0, 1, 1, 2, 2, 3, 2, 4, 4, 5, 5, 6, 6, 7, 6, 8, 8, 9, 9, 10, 9, 11, 11, 12, 11, 13, 2, 14, 14, 15, 15, 16, 16, 17, 17, 18, 18, 19, 12, 5, 19, 14]","[1, 0, 2, 1, 3, 2, 4, 2, 5, 4, 6, 5, 7, 6, 8, 6, 9, 8, 10, 9, 11, 9, 12, 11, 13, 11, 14, 2, 15, 14, 16, 15, 17, 16, 18, 17, 19, 18, 5, 12, 14, 19]",-4.99
22,50,"[3, 1, 1, 1, 1, 1, 1, 1, 1, 1, 1, 1, 1, 1, 3, 3, 1, 1, 1, 1, 1, 1]","[1, 1, 3, 3, 1, 1, 1, 1, 1, 1, 1, 1, 1, 1, 3, 3, 3, 3, 3, 3, 3, 3, 3, 3, 3, 3, 2, 2, 3, 3, 3, 3, 3, 3, 3, 3, 3, 3, 3, 3, 3, 3, 3, 3, 1, 1, 3, 3, 3, 3]","[0, 1, 1, 2, 2, 3, 3, 4, 4, 5, 5, 6, 6, 7, 7, 8, 8, 9, 9, 10, 10, 11, 11, 12, 2, 13, 13, 14, 13, 15, 15, 16, 16, 17, 17, 18, 18, 19, 19, 20, 20, 21, 21, 1, 12, 3, 12, 7, 21, 16]","[1, 0, 2, 1, 3, 2, 4, 3, 5, 4, 6, 5, 7, 6, 8, 7, 9, 8, 10, 9, 11, 10, 12, 11, 13, 2, 14, 13, 15, 13, 16, 15, 17, 16, 18, 17, 19, 18, 20, 19, 21, 20, 1, 21, 3, 12, 7, 12, 16, 21]",-4.86
23,52,"[4, 1, 1, 1, 1, 1, 1, 2, 1, 1, 1, 1, 1, 3, 1, 2, 1, 1, 1, 1, 1, 1, 1]","[1, 1, 3, 3, 3, 3, 3, 3, 3, 3, 3, 3, 1, 1, 1, 1, 1, 1, 1, 1, 1, 1, 1, 1, 2, 2, 1, 1, 1, 1, 2, 2, 1, 1, 3, 3, 3, 3, 3, 3, 3, 3, 3, 3, 3, 3, 1, 1, 1, 1, 3, 3]","[0, 1, 1, 2, 2, 3, 3, 4, 4, 5, 5, 6, 4, 7, 7, 8, 8, 9, 9, 10, 10, 11, 7, 12, 12, 13, 12, 14, 14, 15, 15, 16, 16, 17, 17, 18, 18, 19, 19, 20, 20, 21, 21, 22, 6, 1, 16, 3, 11, 9, 22, 17]","[1, 0, 2, 1, 3, 2, 4, 3, 5, 4, 6, 5, 7, 4, 8, 7, 9, 8, 10, 9, 11, 10, 12, 7, 13, 12, 14, 12, 15, 14, 16, 15, 17, 16, 18, 17, 19, 18, 20, 19, 21, 20, 22, 21, 1, 6, 3, 16, 9, 11, 17, 22]",-4.91
23,52,"[1, 2, 1, 1, 2, 1, 1, 1, 2, 1, 1, 2, 1, 1, 1, 1, 1, 1, 1, 1, 1, 1, 4]","[1, 1, 1, 1, 1, 1, 1, 1, 1, 1, 1, 1, 1, 1, 2, 2, 1, 1, 3, 3, 1, 1, 1, 1, 3, 3, 3, 3, 3, 3, 3, 3, 3, 3, 3, 3, 3, 3, 3, 3, 3, 3, 1, 1, 1, 1, 1, 1, 3, 3, 3, 3]","[0, 1, 1, 2, 2, 3, 3, 4, 4, 5, 5, 6, 4, 7, 7, 8, 8, 9, 9, 10, 10, 11, 11, 12, 12, 13, 13, 14, 14, 15, 15, 16, 16, 17, 10, 18, 18, 19, 19, 20, 20, 21, 20, 22, 6, 1, 13, 7, 21, 9, 17, 12]","[1, 0, 2, 1, 3, 2, 4, 3, 5, 4, 6, 5, 7, 4, 8, 7, 9, 8, 10, 9, 11, 10, 12, 11, 13, 12, 14, 13, 15, 14, 16, 15, 17, 16, 18, 10, 19, 18, 20, 19, 21, 20, 22, 20, 1, 6, 7, 13, 9, 21, 12, 17]",-4.64
20,44,"[3, 1, 2, 1, 2, 1, 1, 1, 2, 2, 1, 3, 1, 3, 1, 1, 1, 1, 1, 1]","[2, 2, 3, 3, 3, 3, 3, 3, 3, 3, 3, 3, 3, 3, 3, 3, 3, 3, 1, 1, 1, 1, 1, 1, 2, 2, 1, 1, 3, 3, 3, 3, 3, 3, 3, 3, 3, 3, 3, 3, 3, 3, 3, 3]","[0, 1, 1, 2, 2, 3, 3, 4, 4, 5, 5, 6, 6, 7, 7, 8, 8, 9, 9, 10, 10, 11, 11, 12, 12, 13, 12, 14, 14, 15, 15, 16, 16, 17, 17, 18, 18, 19, 6, 1, 9, 5, 19, 14]","[1, 0, 2, 1, 3, 2, 4, 3, 5, 4, 6, 5, 7, 6, 8, 7, 9, 8, 10, 9, 11, 10, 12, 11, 13, 12, 14, 12, 15, 14, 16, 15, 17, 16, 18, 17, 19, 18, 1, 6, 5, 9, 14, 19]",-4.05
18,38,"[1, 1, 1, 1, 2, 1, 2, 8, 3, 3, 1, 1, 1, 1, 2, 1, 1, 3]","[1, 1, 3, 3, 1, 1, 3, 3, 3, 3, 1, 1, 1, 1, 2, 2, 2, 2, 1, 1, 3, 3, 3, 3, 3, 3, 1, 1, 3, 3, 3, 3, 3, 3, 3, 3, 3, 3]","[0, 1, 1, 2, 2, 3, 2, 4, 4, 5, 5, 6, 6, 7, 7, 8, 7, 9, 7, 10, 10, 11, 11, 12, 12, 13, 13, 14, 13, 15, 15, 16, 5, 17, 17, 1, 16, 10]","[1, 0, 2, 1, 3, 2, 4, 2, 5, 4, 6, 5, 7, 6, 8, 7, 9, 7, 10, 7, 11, 10, 12, 11, 13, 12, 14, 13, 15, 13, 16, 15, 17, 5, 1, 17, 10, 16]",-2.22
17,38,"[3, 2, 2, 1, 2, 1, 1, 1, 1, 4, 1, 1, 2, 1, 1, 2, 1]","[1, 1, 3, 3, 3, 3, 3, 3, 3, 3, 3, 3, 3, 3, 3, 3, 1, 1, 3, 3, 3, 3, 1, 1, 3, 3, 3, 3, 3, 3, 3, 3, 3, 3, 3, 3, 3, 3]","[0, 1, 1, 2, 2, 3, 3, 4, 4, 5, 5, 6, 6, 7, 7, 8, 8, 9, 8, 10, 10, 11, 3, 12, 12, 13, 13, 14, 14, 15, 15, 16, 6, 1, 11, 5, 16, 12]","[1, 0, 2, 1, 3, 2, 4, 3, 5, 4, 6, 5, 7, 6, 8, 7, 9, 8, 10, 8, 11, 10, 12, 3, 13, 12, 14, 13, 15, 14, 16, 15, 1, 6, 5, 11, 12, 16]",-3.63
21,46,"[1, 1, 1, 3, 3, 1, 1, 1, 1, 1, 1, 2, 1, 1, 1, 1, 1, 1, 1, 1, 3]","[1, 1, 1, 1, 1, 1, 2, 2, 1, 1, 3, 3, 3, 3, 3, 3, 3, 3, 3, 3, 1, 1, 1, 1, 1, 1, 3, 3, 3, 3, 3, 3, 3, 3, 3, 3, 1, 1, 2, 2, 3, 3, 1, 1, 3, 3]","[0, 1, 1, 2, 2, 3, 2, 4, 1, 5, 5, 6, 6, 7, 7, 8, 8, 9, 9, 10, 8, 11, 11, 12, 12, 13, 13, 14, 14, 15, 15, 16, 16, 17, 17, 18, 14, 19, 19, 20, 10, 5, 19, 11, 18, 13]","[1, 0, 2, 1, 3, 2, 4, 2, 5, 1, 6, 5, 7, 6, 8, 7, 9, 8, 10, 9, 11, 8, 12, 11, 13, 12, 14, 13, 15, 14, 16, 15, 17, 16, 18, 17, 19, 14, 20, 19, 5, 10, 11, 19, 13, 18]",-4.72
21,44,"[1, 1, 3, 3, 1, 1, 1, 1, 1, 1, 1, 3, 3, 1, 2, 1, 3, 1, 1, 1, 3]","[1, 1, 2, 2, 1, 1, 1, 1, 3, 3, 3, 3, 3, 3, 3, 3, 3, 3, 1, 1, 2, 2, 1, 1, 1, 1, 1, 1, 1, 1, 2, 2, 1, 1, 1, 1, 1, 1, 2, 2, 3, 3, 1, 1]","[0, 1, 1, 2, 1, 3, 3, 4, 4, 5, 5, 6, 6, 7, 7, 8, 8, 9, 9, 10, 10, 11, 10, 12, 12, 13, 13, 14, 14, 15, 15, 16, 15, 17, 17, 18, 18, 19, 19, 20, 9, 4, 19, 14]","[1, 0, 2, 1, 3, 1, 4, 3, 5, 4, 6, 5, 7, 6, 8, 7, 9, 8, 10, 9, 11, 10, 12, 10, 13, 12, 14, 13, 15, 14, 16, 15, 17, 15, 18, 17, 19, 18, 20, 19, 4, 9, 14, 19]",-2.77
19,40,"[1, 3, 7, 3, 3, 1, 8, 1, 2, 1, 3, 3, 1, 1, 1, 1, 2, 1, 4]","[1, 1, 1, 1, 2, 2, 1, 1, 1, 1, 1, 1, 1, 1, 1, 1, 3, 3, 2, 2, 3, 3, 3, 3, 3, 3, 3, 3, 3, 3, 3, 3, 3, 3, 1, 1, 3, 3, 3, 3]","[0, 1, 1, 2, 2, 3, 2, 4, 4, 5, 2, 6, 6, 7, 7, 8, 8, 9, 9, 10, 9, 11, 11, 12, 12, 13, 13, 14, 14, 15, 15, 16, 16, 17, 14, 18, 17, 8, 17, 12]","[1, 0, 2, 1, 3, 2, 4, 2, 5, 4, 6, 2, 7, 6, 8, 7, 9, 8, 10, 9, 11, 9, 12, 11, 13, 12, 14, 13, 15, 14, 16, 15, 17, 16, 18, 14, 8, 17, 12, 17]",-2.47
20,42,"[6, 1, 1, 2, 1, 3, 2, 1, 3, 1, 3, 3, 1, 1, 1, 1, 1, 1, 1, 3]","[1, 1, 3, 3, 3, 3, 3, 3, 2, 2, 3, 3, 1, 1, 1, 1, 1, 1, 2, 2, 1, 1, 1, 1, 3, 3, 3, 3, 3, 3, 3, 3, 3, 3, 3, 3, 2, 2, 3, 3, 3, 3]","[0, 1, 1, 2, 2, 3, 3, 4, 4, 5, 4, 6, 6, 7, 7, 8, 8, 9, 9, 10, 9, 11, 11, 12, 12, 13, 13, 14, 14, 15, 15, 16, 16, 17, 6, 18, 18, 19, 18, 1, 17, 12]","[1, 0, 2, 1, 3, 2, 4, 3, 5, 4, 6, 4, 7, 6, 8, 7, 9, 8, 10, 9, 11, 9, 12, 11, 13, 12, 14, 13, 15, 14, 16, 15, 17, 16, 18, 6, 19, 18, 1, 18, 12, 17]",-2.45
18,38,"[6, 1, 1, 2, 1, 3, 2, 1, 3, 3, 1, 1, 1, 1, 1, 1, 1, 3]","[1, 1, 3, 3, 3, 3, 3, 3, 2, 2, 3, 3, 1, 1, 2, 2, 1, 1, 1, 1, 3, 3, 3, 3, 3, 3, 3, 3, 3, 3, 3, 3, 2, 2, 3, 3, 3, 3]","[0, 1, 1, 2, 2, 3, 3, 4, 4, 5, 4, 6, 6, 7, 7, 8, 7, 9, 9, 10, 10, 11, 11, 12, 12, 13, 13, 14, 14, 15, 6, 16, 16, 17, 16, 1, 15, 10]","[1, 0, 2, 1, 3, 2, 4, 3, 5, 4, 6, 4, 7, 6, 8, 7, 9, 7, 10, 9, 11, 10, 12, 11, 13, 12, 14, 13, 15, 14, 16, 6, 17, 16, 1, 16, 10, 15]",-3.22
18,38,"[6, 1, 1, 2, 1, 3, 2, 1, 3, 1, 3, 3, 1, 1, 1, 1, 1, 1]","[1, 1, 3, 3, 3, 3, 3, 3, 2, 2, 3, 3, 3, 3, 2, 2, 1, 1, 2, 2, 1, 1, 1, 1, 3, 3, 3, 3, 3, 3, 3, 3, 3, 3, 3, 3, 3, 3]","[0, 1, 1, 2, 2, 3, 3, 4, 4, 5, 4, 6, 6, 7, 7, 8, 3, 9, 9, 10, 9, 11, 11, 12, 12, 13, 13, 14, 14, 15, 15, 16, 16, 17, 7, 1, 17, 12]","[1, 0, 2, 1, 3, 2, 4, 3, 5, 4, 6, 4, 7, 6, 8, 7, 9, 3, 10, 9, 11, 9, 12, 11, 13, 12, 14, 13, 15, 14, 16, 15, 17, 16, 1, 7, 12, 17]",-2.44
19,40,"[6, 1, 1, 2, 1, 3, 2, 1, 3, 1, 3, 3, 1, 1, 1, 1, 1, 1, 1]","[1, 1, 3, 3, 3, 3, 3, 3, 2, 2, 3, 3, 3, 3, 2, 2, 1, 1, 2, 2, 1, 1, 1, 1, 1, 1, 3, 3, 3, 3, 3, 3, 3, 3, 3, 3, 3, 3, 3, 3]","[0, 1, 1, 2, 2, 3, 3, 4, 4, 5, 4, 6, 6, 7, 7, 8, 3, 9, 9, 10, 9, 11, 11, 12, 12, 13, 13, 14, 14, 15, 15, 16, 16, 17, 17, 18, 7, 1, 18, 13]","[1, 0, 2, 1, 3, 2, 4, 3, 5, 4, 6, 4, 7, 6, 8, 7, 9, 3, 10, 9, 11, 9, 12, 11, 13, 12, 14, 13, 15, 14, 16, 15, 17, 16, 18, 17, 1, 7, 13, 18]",-2.82
18,38,"[1, 3, 2, 1, 1, 1, 1, 1, 1, 1, 3, 1, 1, 1, 3, 1, 1, 1]","[1, 1, 1, 1, 1, 1, 1, 1, 1, 1, 1, 1, 1, 1, 1, 1, 1, 1, 2, 2, 1, 1, 3, 3, 1, 1, 3, 3, 3, 3, 3, 3, 1, 1, 1, 1, 3, 3]","[0, 1, 1, 2, 2, 3, 3, 4, 4, 5, 5, 6, 6, 7, 7, 8, 2, 9, 9, 10, 9, 11, 11, 12, 12, 13, 12, 14, 14, 15, 15, 16, 15, 17, 8, 3, 16, 11]","[1, 0, 2, 1, 3, 2, 4, 3, 5, 4, 6, 5, 7, 6, 8, 7, 9, 2, 10, 9, 11, 9, 12, 11, 13, 12, 14, 12, 15, 14, 16, 15, 17, 15, 3, 8, 11, 16]",-2.92
15,32,"[2, 1, 2, 3, 1, 2, 1, 1, 2, 1, 1, 1, 1, 1, 2]","[1, 1, 3, 3, 1, 1, 3, 3, 3, 3, 3, 3, 3, 3, 1, 1, 1, 1, 1, 1, 1, 1, 1, 1, 1, 1, 1, 1, 3, 3, 1, 1]","[0, 1, 1, 2, 2, 3, 2, 4, 4, 5, 5, 6, 6, 7, 6, 8, 8, 9, 9, 10, 10, 11, 11, 12, 12, 13, 4, 14, 7, 1, 13, 8]","[1, 0, 2, 1, 3, 2, 4, 2, 5, 4, 6, 5, 7, 6, 8, 6, 9, 8, 10, 9, 11, 10, 12, 11, 13, 12, 14, 4, 1, 7, 8, 13]",-1.94
11,24,"[3, 1, 2, 1, 3, 1, 1, 2, 1, 2, 2]","[2, 2, 3, 3, 3, 3, 2, 2, 3, 3, 3, 3, 3, 3, 3, 3, 3, 3, 3, 3, 3, 3, 3, 3]","[0, 1, 1, 2, 2, 3, 3, 4, 3, 5, 5, 6, 6, 7, 7, 8, 8, 9, 6, 10, 10, 1, 9, 5]","[1, 0, 2, 1, 3, 2, 4, 3, 5, 3, 6, 5, 7, 6, 8, 7, 9, 8, 10, 6, 1, 10, 5, 9]",-3.87
85,170,"[1, 1, 1, 2, 1, 3, 1, 1, 3, 1, 1, 1, 1, 1, 1, 2, 1, 1, 3, 1, 1, 1, 1, 2, 1, 1, 3, 1, 1, 1, 1, 1, 2, 1, 1, 3, 1, 1, 1, 1, 1, 2, 1, 1, 3, 1, 1, 2, 1, 3, 1, 1, 2, 1, 3, 1, 1, 1, 1, 1, 2, 1, 1, 3, 1, 2, 1, 3, 1, 1, 1, 1, 1, 2, 1, 1, 3, 1, 2, 1, 1, 3, 1, 1, 1]","[1, 1, 1, 1, 1, 1, 1, 1, 2, 2, 1, 1, 1, 1, 1, 1, 1, 1, 1, 1, 1, 1, 1, 1, 2, 2, 1, 1, 1, 1, 1, 1, 1, 1, 2, 2, 1, 1, 1, 1, 1, 1, 1, 1, 1, 1, 1, 1, 1, 1, 2, 2, 1, 1, 1, 1, 1, 1, 1, 1, 1, 1, 1, 1, 1, 1, 1, 1, 2, 2, 1, 1, 1, 1, 1, 1, 1, 1, 1, 1, 1, 1, 1, 1, 1, 1, 2, 2, 1, 1, 1, 1, 1, 1, 1, 1, 2, 2, 1, 1, 1, 1, 1, 1, 1, 1, 2, 2, 1, 1, 1, 1, 1, 1, 1, 1, 1, 1, 1, 1, 1, 1, 1, 1, 2, 2, 1, 1, 1, 1, 1, 1, 2, 2, 1, 1, 1, 1, 1, 1, 1, 1, 1, 1, 1, 1, 1, 1, 1, 1, 2, 2, 1, 1, 1, 1, 1, 1, 1, 1, 2, 2, 1, 1, 1, 1, 1, 1, 1, 1]","[0, 1, 1, 2, 2, 3, 3, 4, 4, 5, 4, 6, 6, 7, 7, 8, 7, 9, 9, 10, 9, 11, 11, 12, 12, 13, 13, 14, 6, 15, 15, 16, 15, 17, 17, 18, 17, 19, 19, 20, 20, 21, 20, 22, 19, 23, 23, 24, 23, 25, 25, 26, 25, 27, 27, 28, 28, 29, 29, 30, 29, 31, 27, 32, 32, 33, 32, 34, 34, 35, 34, 36, 36, 37, 37, 38, 38, 39, 38, 40, 36, 41, 41, 42, 41, 43, 43, 44, 43, 45, 45, 46, 45, 47, 47, 48, 48, 49, 48, 50, 50, 51, 50, 52, 52, 53, 53, 54, 53, 55, 55, 56, 56, 57, 57, 58, 57, 59, 55, 60, 60, 61, 60, 62, 62, 63, 62, 64, 64, 65, 65, 66, 66, 67, 66, 68, 68, 69, 69, 70, 70, 71, 70, 72, 68, 73, 73, 74, 73, 75, 75, 76, 75, 77, 77, 78, 78, 79, 78, 80, 80, 81, 64, 82, 82, 83, 82, 84, 80, 2]","[1, 0, 2, 1, 3, 2, 4, 3, 5, 4, 6, 4, 7, 6, 8, 7, 9, 7, 10, 9, 11, 9, 12, 11, 13, 12, 14, 13, 15, 6, 16, 15, 17, 15, 18, 17, 19, 17, 20, 19, 21, 20, 22, 20, 23, 19, 24, 23, 25, 23, 26, 25, 27, 25, 28, 27, 29, 28, 30, 29, 31, 29, 32, 27, 33, 32, 34, 32, 35, 34, 36, 34, 37, 36, 38, 37, 39, 38, 40, 38, 41, 36, 42, 41, 43, 41, 44, 43, 45, 43, 46, 45, 47, 45, 48, 47, 49, 48, 50, 48, 51, 50, 52, 50, 53, 52, 54, 53, 55, 53, 56, 55, 57, 56, 58, 57, 59, 57, 60, 55, 61, 60, 62, 60, 63, 62, 64, 62, 65, 64, 66, 65, 67, 66, 68, 66, 69, 68, 70, 69, 71, 70, 72, 70, 73, 68, 74, 73, 75, 73, 76, 75, 77, 75, 78, 77, 79, 78, 80, 78, 81, 80, 82, 64, 83, 82, 84, 82, 2, 80]",-4.64
42,96,"[1, 3, 1, 1, 1, 1, 1, 1, 3, 3, 1, 1, 1, 1, 1, 3, 1, 3, 1, 3, 1, 3, 1, 1, 3, 1, 1, 3, 1, 1, 3, 1, 3, 1, 1, 1, 1, 3, 1, 3, 1, 1]","[1, 1, 1, 1, 3, 3, 3, 3, 3, 3, 3, 3, 3, 3, 1, 1, 1, 1, 1, 1, 1, 1, 1, 1, 1, 1, 1, 1, 1, 1, 1, 1, 2, 2, 1, 1, 1, 1, 1, 1, 1, 1, 1, 1, 1, 1, 1, 1, 1, 1, 1, 1, 1, 1, 1, 1, 1, 1, 1, 1, 1, 1, 1, 1, 1, 1, 3, 3, 3, 3, 3, 3, 1, 1, 1, 1, 1, 1, 1, 1, 3, 3, 3, 3, 1, 1, 1, 1, 1, 1, 1, 1, 3, 3, 3, 3]","[0, 1, 1, 2, 2, 3, 3, 4, 4, 5, 5, 6, 6, 7, 7, 8, 6, 9, 9, 10, 4, 11, 11, 12, 12, 13, 13, 14, 14, 15, 15, 16, 16, 17, 13, 18, 18, 19, 19, 20, 20, 21, 21, 22, 22, 23, 23, 24, 24, 25, 25, 26, 25, 27, 27, 28, 28, 29, 29, 30, 29, 31, 31, 32, 18, 33, 33, 34, 34, 35, 35, 36, 36, 37, 37, 38, 38, 39, 39, 40, 40, 41, 7, 2, 34, 11, 16, 12, 31, 20, 28, 22, 41, 33, 40, 36]","[1, 0, 2, 1, 3, 2, 4, 3, 5, 4, 6, 5, 7, 6, 8, 7, 9, 6, 10, 9, 11, 4, 12, 11, 13, 12, 14, 13, 15, 14, 16, 15, 17, 16, 18, 13, 19, 18, 20, 19, 21, 20, 22, 21, 23, 22, 24, 23, 25, 24, 26, 25, 27, 25, 28, 27, 29, 28, 30, 29, 31, 29, 32, 31, 33, 18, 34, 33, 35, 34, 36, 35, 37, 36, 38, 37, 39, 38, 40, 39, 41, 40, 2, 7, 11, 34, 12, 16, 20, 31, 22, 28, 33, 41, 36, 40]",-3.47
24,60,"[1, 1, 1, 1, 1, 1, 1, 1, 1, 1, 1, 1, 1, 1, 1, 1, 1, 1, 1, 1, 1, 1, 1, 1]","[3, 3, 3, 3, 3, 3, 3, 3, 3, 3, 3, 3, 3, 3, 3, 3, 3, 3, 3, 3, 3, 3, 3, 3, 3, 3, 3, 3, 3, 3, 3, 3, 3, 3, 3, 3, 3, 3, 3, 3, 3, 3, 3, 3, 3, 3, 3, 3, 3, 3, 3, 3, 3, 3, 3, 3, 3, 3, 3, 3]","[0, 1, 1, 2, 2, 3, 3, 4, 4, 5, 5, 6, 6, 7, 7, 8, 8, 9, 9, 10, 10, 11, 11, 12, 12, 13, 11, 14, 14, 15, 15, 16, 16, 17, 17, 18, 18, 19, 19, 20, 20, 21, 19, 22, 22, 23, 5, 0, 21, 2, 18, 3, 9, 4, 13, 8, 17, 10, 23, 16]","[1, 0, 2, 1, 3, 2, 4, 3, 5, 4, 6, 5, 7, 6, 8, 7, 9, 8, 10, 9, 11, 10, 12, 11, 13, 12, 14, 11, 15, 14, 16, 15, 17, 16, 18, 17, 19, 18, 20, 19, 21, 20, 22, 19, 23, 22, 0, 5, 2, 21, 3, 18, 4, 9, 8, 13, 10, 17, 16, 23]",-8.83
33,70,"[1, 2, 1, 1, 2, 1, 1, 2, 1, 2, 1, 2, 2, 1, 2, 1, 1, 1, 1, 1, 1, 1, 3, 2, 1, 1, 1, 1, 3, 3, 1, 3, 3]","[1, 1, 1, 1, 1, 1, 3, 3, 3, 3, 3, 3, 3, 3, 3, 3, 3, 3, 3, 3, 1, 1, 3, 3, 3, 3, 1, 1, 1, 1, 3, 3, 3, 3, 3, 3, 3, 3, 3, 3, 1, 1, 2, 2, 1, 1, 1, 1, 1, 1, 1, 1, 1, 1, 1, 1, 2, 2, 1, 1, 1, 1, 2, 2, 3, 3, 3, 3, 3, 3]","[0, 1, 1, 2, 2, 3, 3, 4, 4, 5, 5, 6, 6, 7, 7, 8, 6, 9, 9, 10, 10, 11, 10, 12, 12, 13, 13, 14, 1, 15, 15, 16, 16, 17, 17, 18, 18, 19, 19, 20, 18, 21, 21, 22, 21, 23, 23, 24, 24, 25, 25, 26, 26, 27, 27, 28, 27, 29, 24, 30, 30, 31, 30, 32, 8, 3, 13, 5, 20, 15]","[1, 0, 2, 1, 3, 2, 4, 3, 5, 4, 6, 5, 7, 6, 8, 7, 9, 6, 10, 9, 11, 10, 12, 10, 13, 12, 14, 13, 15, 1, 16, 15, 17, 16, 18, 17, 19, 18, 20, 19, 21, 18, 22, 21, 23, 21, 24, 23, 25, 24, 26, 25, 27, 26, 28, 27, 29, 27, 30, 24, 31, 30, 32, 30, 3, 8, 5, 13, 15, 20]",-4.0
33,70,"[6, 1, 1, 2, 1, 3, 2, 1, 3, 1, 1, 6, 1, 1, 1, 1, 6, 1, 1, 1, 1, 3, 1, 1, 1, 1, 1, 1, 4, 1, 6, 6, 6]","[1, 1, 3, 3, 1, 1, 1, 1, 2, 2, 1, 1, 1, 1, 2, 2, 1, 1, 3, 3, 1, 1, 3, 3, 3, 3, 3, 3, 3, 3, 1, 1, 3, 3, 3, 3, 3, 3, 3, 3, 1, 1, 1, 1, 3, 3, 3, 3, 3, 3, 3, 3, 3, 3, 1, 1, 1, 1, 1, 1, 1, 1, 1, 1, 3, 3, 3, 3, 3, 3]","[0, 1, 1, 2, 2, 3, 3, 4, 4, 5, 4, 6, 6, 7, 7, 8, 7, 9, 9, 10, 10, 11, 10, 12, 12, 13, 13, 14, 14, 15, 15, 16, 2, 17, 17, 18, 18, 19, 19, 20, 19, 21, 21, 22, 22, 23, 23, 24, 24, 25, 25, 26, 26, 27, 27, 28, 25, 29, 29, 30, 29, 31, 29, 32, 20, 1, 15, 9, 27, 22]","[1, 0, 2, 1, 3, 2, 4, 3, 5, 4, 6, 4, 7, 6, 8, 7, 9, 7, 10, 9, 11, 10, 12, 10, 13, 12, 14, 13, 15, 14, 16, 15, 17, 2, 18, 17, 19, 18, 20, 19, 21, 19, 22, 21, 23, 22, 24, 23, 25, 24, 26, 25, 27, 26, 28, 27, 29, 25, 30, 29, 31, 29, 32, 29, 1, 20, 9, 15, 22, 27]",-8.09
30,66,"[1, 1, 3, 1, 3, 2, 1, 1, 1, 1, 8, 1, 1, 1, 1, 1, 1, 2, 1, 3, 1, 1, 2, 1, 1, 3, 1, 1, 1, 1]","[1, 1, 1, 1, 1, 1, 2, 2, 1, 1, 1, 1, 3, 3, 3, 3, 3, 3, 1, 1, 1, 1, 3, 3, 3, 3, 3, 3, 3, 3, 3, 3, 1, 1, 1, 1, 2, 2, 1, 1, 1, 1, 1, 1, 1, 1, 1, 1, 1, 1, 1, 1, 1, 1, 3, 3, 3, 3, 3, 3, 1, 1, 3, 3, 1, 1]","[0, 1, 1, 2, 2, 3, 3, 4, 3, 5, 5, 6, 6, 7, 7, 8, 8, 9, 9, 10, 10, 11, 11, 12, 12, 13, 13, 14, 14, 15, 15, 16, 12, 17, 17, 18, 18, 19, 18, 20, 20, 21, 21, 22, 22, 23, 23, 24, 24, 25, 25, 26, 26, 27, 9, 28, 28, 29, 29, 6, 17, 8, 16, 11, 27, 22]","[1, 0, 2, 1, 3, 2, 4, 3, 5, 3, 6, 5, 7, 6, 8, 7, 9, 8, 10, 9, 11, 10, 12, 11, 13, 12, 14, 13, 15, 14, 16, 15, 17, 12, 18, 17, 19, 18, 20, 18, 21, 20, 22, 21, 23, 22, 24, 23, 25, 24, 26, 25, 27, 26, 28, 9, 29, 28, 6, 29, 8, 17, 11, 16, 22, 27]",-3.9
35,72,"[1, 1, 1, 1, 1, 1, 1, 1, 1, 1, 8, 1, 1, 1, 8, 1, 1, 1, 1, 3, 1, 1, 1, 1, 1, 1, 1, 1, 1, 1, 1, 1, 1, 1, 3]","[1, 1, 1, 1, 1, 1, 1, 1, 3, 3, 3, 3, 3, 3, 3, 3, 3, 3, 1, 1, 1, 1, 1, 1, 1, 1, 1, 1, 1, 1, 3, 3, 3, 3, 3, 3, 1, 1, 3, 3, 3, 3, 1, 1, 1, 1, 1, 1, 1, 1, 1, 1, 1, 1, 1, 1, 1, 1, 1, 1, 1, 1, 1, 1, 1, 1, 1, 1, 3, 3, 3, 3]","[0, 1, 1, 2, 1, 3, 1, 4, 4, 5, 5, 6, 6, 7, 7, 8, 8, 9, 9, 10, 10, 11, 11, 12, 11, 13, 11, 14, 14, 15, 15, 16, 16, 17, 17, 18, 18, 19, 18, 20, 20, 21, 21, 22, 22, 23, 22, 24, 22, 25, 16, 26, 26, 27, 26, 28, 26, 29, 8, 30, 30, 31, 30, 32, 30, 33, 6, 34, 9, 4, 21, 15]","[1, 0, 2, 1, 3, 1, 4, 1, 5, 4, 6, 5, 7, 6, 8, 7, 9, 8, 10, 9, 11, 10, 12, 11, 13, 11, 14, 11, 15, 14, 16, 15, 17, 16, 18, 17, 19, 18, 20, 18, 21, 20, 22, 21, 23, 22, 24, 22, 25, 22, 26, 16, 27, 26, 28, 26, 29, 26, 30, 8, 31, 30, 32, 30, 33, 30, 34, 6, 4, 9, 15, 21]",-8.17
23,50,"[1, 2, 1, 1, 3, 1, 1, 1, 1, 1, 1, 8, 3, 3, 1, 3, 2, 1, 2, 1, 1, 1, 8]","[1, 1, 1, 1, 2, 2, 1, 1, 1, 1, 3, 3, 3, 3, 3, 3, 3, 3, 3, 3, 1, 1, 2, 2, 2, 2, 1, 1, 2, 2, 1, 1, 1, 1, 3, 3, 3, 3, 3, 3, 1, 1, 3, 3, 1, 1, 3, 3, 3, 3]","[0, 1, 1, 2, 2, 3, 3, 4, 3, 5, 5, 6, 6, 7, 7, 8, 8, 9, 9, 10, 10, 11, 11, 12, 11, 13, 2, 14, 14, 15, 14, 16, 16, 17, 17, 18, 18, 19, 19, 20, 20, 21, 20, 22, 11, 1, 10, 5, 22, 17]","[1, 0, 2, 1, 3, 2, 4, 3, 5, 3, 6, 5, 7, 6, 8, 7, 9, 8, 10, 9, 11, 10, 12, 11, 13, 11, 14, 2, 15, 14, 16, 14, 17, 16, 18, 17, 19, 18, 20, 19, 21, 20, 22, 20, 1, 11, 5, 10, 17, 22]",-1.92
26,56,"[1, 1, 1, 1, 1, 1, 1, 1, 1, 1, 2, 2, 1, 1, 1, 1, 1, 1, 8, 2, 3, 3, 1, 6, 6, 6]","[1, 1, 3, 3, 3, 3, 3, 3, 3, 3, 3, 3, 1, 1, 3, 3, 3, 3, 3, 3, 3, 3, 1, 1, 3, 3, 3, 3, 3, 3, 3, 3, 3, 3, 1, 1, 1, 1, 2, 2, 2, 2, 1, 1, 1, 1, 1, 1, 1, 1, 3, 3, 3, 3, 3, 3]","[0, 1, 1, 2, 2, 3, 3, 4, 4, 5, 5, 6, 4, 7, 7, 8, 8, 9, 9, 10, 10, 11, 11, 12, 12, 13, 13, 14, 14, 15, 15, 16, 16, 17, 15, 18, 18, 19, 18, 20, 18, 21, 9, 22, 22, 23, 22, 24, 22, 25, 6, 1, 11, 7, 17, 12]","[1, 0, 2, 1, 3, 2, 4, 3, 5, 4, 6, 5, 7, 4, 8, 7, 9, 8, 10, 9, 11, 10, 12, 11, 13, 12, 14, 13, 15, 14, 16, 15, 17, 16, 18, 15, 19, 18, 20, 18, 21, 18, 22, 9, 23, 22, 24, 22, 25, 22, 1, 6, 7, 11, 12, 17]",-4.74
23,50,"[1, 2, 1, 1, 3, 1, 1, 1, 1, 1, 1, 8, 3, 3, 1, 3, 2, 1, 1, 1, 1, 1, 2]","[1, 1, 1, 1, 2, 2, 1, 1, 1, 1, 3, 3, 3, 3, 3, 3, 3, 3, 3, 3, 1, 1, 2, 2, 2, 2, 1, 1, 2, 2, 1, 1, 1, 1, 3, 3, 3, 3, 3, 3, 3, 3, 3, 3, 1, 1, 3, 3, 3, 3]","[0, 1, 1, 2, 2, 3, 3, 4, 3, 5, 5, 6, 6, 7, 7, 8, 8, 9, 9, 10, 6, 11, 11, 12, 11, 13, 2, 14, 14, 15, 14, 16, 16, 17, 17, 18, 18, 19, 19, 20, 20, 21, 21, 22, 11, 1, 10, 5, 22, 17]","[1, 0, 2, 1, 3, 2, 4, 3, 5, 3, 6, 5, 7, 6, 8, 7, 9, 8, 10, 9, 11, 6, 12, 11, 13, 11, 14, 2, 15, 14, 16, 14, 17, 16, 18, 17, 19, 18, 20, 19, 21, 20, 22, 21, 1, 11, 5, 10, 17, 22]",-4.5
29,64,"[1, 1, 3, 1, 1, 1, 1, 3, 1, 2, 1, 1, 1, 1, 4, 1, 1, 2, 1, 1, 1, 1, 3, 3, 1, 1, 1, 1, 3]","[1, 1, 1, 1, 1, 1, 3, 3, 3, 3, 3, 3, 1, 1, 1, 1, 3, 3, 3, 3, 3, 3, 3, 3, 3, 3, 1, 1, 3, 3, 3, 3, 3, 3, 3, 3, 3, 3, 3, 3, 1, 1, 2, 2, 1, 1, 1, 1, 1, 1, 1, 1, 1, 1, 1, 1, 3, 3, 3, 3, 3, 3, 1, 1]","[0, 1, 1, 2, 2, 3, 3, 4, 4, 5, 5, 6, 6, 7, 7, 8, 8, 9, 9, 10, 10, 11, 11, 12, 12, 13, 13, 14, 13, 15, 15, 16, 11, 17, 17, 18, 6, 19, 19, 20, 1, 21, 21, 22, 21, 23, 23, 24, 24, 25, 25, 26, 26, 27, 27, 28, 20, 3, 18, 8, 16, 10, 28, 24]","[1, 0, 2, 1, 3, 2, 4, 3, 5, 4, 6, 5, 7, 6, 8, 7, 9, 8, 10, 9, 11, 10, 12, 11, 13, 12, 14, 13, 15, 13, 16, 15, 17, 11, 18, 17, 19, 6, 20, 19, 21, 1, 22, 21, 23, 21, 24, 23, 25, 24, 26, 25, 27, 26, 28, 27, 3, 20, 8, 18, 10, 16, 24, 28]",-5.02
29,66,"[1, 3, 1, 1, 1, 1, 1, 1, 3, 1, 1, 1, 1, 3, 3, 1, 1, 1, 1, 1, 1, 1, 1, 3, 1, 1, 1, 1, 3]","[1, 1, 1, 1, 3, 3, 3, 3, 3, 3, 3, 3, 3, 3, 1, 1, 1, 1, 1, 1, 1, 1, 1, 1, 1, 1, 1, 1, 1, 1, 3, 3, 3, 3, 3, 3, 3, 3, 3, 3, 1, 1, 1, 1, 1, 1, 1, 1, 1, 1, 2, 2, 1, 1, 2, 2, 3, 3, 1, 1, 1, 1, 3, 3, 1, 1]","[0, 1, 1, 2, 2, 3, 3, 4, 4, 5, 5, 6, 6, 7, 7, 8, 8, 9, 5, 10, 10, 11, 11, 12, 12, 13, 11, 14, 14, 15, 15, 16, 16, 17, 17, 18, 18, 19, 19, 20, 20, 21, 21, 22, 22, 23, 22, 24, 24, 25, 24, 26, 16, 27, 27, 28, 7, 2, 13, 4, 27, 10, 20, 15, 23, 19]","[1, 0, 2, 1, 3, 2, 4, 3, 5, 4, 6, 5, 7, 6, 8, 7, 9, 8, 10, 5, 11, 10, 12, 11, 13, 12, 14, 11, 15, 14, 16, 15, 17, 16, 18, 17, 19, 18, 20, 19, 21, 20, 22, 21, 23, 22, 24, 22, 25, 24, 26, 24, 27, 16, 28, 27, 2, 7, 4, 13, 10, 27, 15, 20, 19, 23]",-4.47
25,56,"[1, 8, 1, 1, 1, 1, 8, 1, 1, 1, 1, 1, 1, 2, 1, 1, 1, 1, 1, 1, 1, 2, 1, 1, 1]","[1, 1, 1, 1, 3, 3, 3, 3, 3, 3, 1, 1, 1, 1, 3, 3, 3, 3, 3, 3, 3, 3, 3, 3, 1, 1, 1, 1, 1, 1, 1, 1, 1, 1, 1, 1, 1, 1, 1, 1, 1, 1, 1, 1, 3, 3, 3, 3, 3, 3, 1, 1, 3, 3, 1, 1]","[0, 1, 1, 2, 2, 3, 3, 4, 4, 5, 5, 6, 6, 7, 7, 8, 8, 9, 9, 10, 10, 11, 11, 12, 8, 13, 13, 14, 14, 15, 15, 16, 16, 17, 17, 18, 18, 19, 19, 20, 20, 21, 21, 22, 5, 23, 23, 24, 24, 2, 13, 4, 12, 7, 21, 16]","[1, 0, 2, 1, 3, 2, 4, 3, 5, 4, 6, 5, 7, 6, 8, 7, 9, 8, 10, 9, 11, 10, 12, 11, 13, 8, 14, 13, 15, 14, 16, 15, 17, 16, 18, 17, 19, 18, 20, 19, 21, 20, 22, 21, 23, 5, 24, 23, 2, 24, 4, 13, 7, 12, 16, 21]",-5.82
24,54,"[1, 3, 1, 1, 1, 3, 1, 1, 1, 1, 1, 1, 2, 1, 1, 1, 1, 1, 1, 1, 1, 3, 1, 1]","[1, 1, 1, 1, 3, 3, 3, 3, 2, 2, 3, 3, 3, 3, 3, 3, 3, 3, 3, 3, 3, 3, 3, 3, 1, 1, 3, 3, 3, 3, 1, 1, 2, 2, 1, 1, 1, 1, 1, 1, 1, 1, 1, 1, 3, 3, 3, 3, 3, 3, 3, 3, 3, 3]","[0, 1, 1, 2, 2, 3, 3, 4, 4, 5, 4, 6, 6, 7, 7, 8, 8, 9, 9, 10, 10, 11, 7, 12, 12, 13, 12, 14, 14, 15, 15, 16, 16, 17, 17, 18, 18, 19, 18, 20, 18, 21, 21, 22, 22, 23, 23, 2, 14, 3, 11, 6, 22, 15]","[1, 0, 2, 1, 3, 2, 4, 3, 5, 4, 6, 4, 7, 6, 8, 7, 9, 8, 10, 9, 11, 10, 12, 7, 13, 12, 14, 12, 15, 14, 16, 15, 17, 16, 18, 17, 19, 18, 20, 18, 21, 18, 22, 21, 23, 22, 2, 23, 3, 14, 6, 11, 15, 22]",-5.21
31,66,"[1, 3, 1, 1, 1, 1, 2, 2, 1, 2, 1, 1, 1, 3, 1, 3, 1, 2, 1, 1, 2, 1, 1, 1, 3, 3, 1, 1, 1, 1, 3]","[1, 1, 1, 1, 3, 3, 3, 3, 3, 3, 1, 1, 3, 3, 3, 3, 3, 3, 3, 3, 3, 3, 3, 3, 1, 1, 1, 1, 1, 1, 1, 1, 1, 1, 1, 1, 1, 1, 1, 1, 1, 1, 1, 1, 1, 1, 2, 2, 1, 1, 1, 1, 1, 1, 1, 1, 1, 1, 1, 1, 3, 3, 3, 3, 1, 1]","[0, 1, 1, 2, 2, 3, 3, 4, 4, 5, 5, 6, 5, 7, 7, 8, 8, 9, 9, 10, 10, 11, 11, 12, 12, 13, 13, 14, 11, 15, 15, 16, 8, 17, 17, 18, 18, 19, 19, 20, 20, 21, 21, 22, 20, 23, 23, 24, 23, 25, 25, 26, 26, 27, 27, 28, 27, 29, 27, 30, 12, 2, 10, 4, 22, 17]","[1, 0, 2, 1, 3, 2, 4, 3, 5, 4, 6, 5, 7, 5, 8, 7, 9, 8, 10, 9, 11, 10, 12, 11, 13, 12, 14, 13, 15, 11, 16, 15, 17, 8, 18, 17, 19, 18, 20, 19, 21, 20, 22, 21, 23, 20, 24, 23, 25, 23, 26, 25, 27, 26, 28, 27, 29, 27, 30, 27, 2, 12, 4, 10, 17, 22]",-3.64
20,48,"[1, 1, 1, 1, 1, 1, 1, 1, 1, 1, 1, 1, 1, 1, 1, 1, 1, 1, 1, 1]","[3, 3, 3, 3, 3, 3, 3, 3, 3, 3, 3, 3, 3, 3, 3, 3, 3, 3, 3, 3, 3, 3, 3, 3, 3, 3, 3, 3, 3, 3, 3, 3, 3, 3, 3, 3, 3, 3, 3, 3, 3, 3, 3, 3, 3, 3, 3, 3]","[0, 1, 1, 2, 2, 3, 3, 4, 4, 5, 5, 6, 6, 7, 7, 8, 8, 9, 9, 10, 10, 11, 11, 12, 12, 13, 13, 14, 14, 15, 15, 16, 16, 17, 14, 18, 18, 19, 17, 0, 15, 2, 19, 3, 19, 7, 18, 10]","[1, 0, 2, 1, 3, 2, 4, 3, 5, 4, 6, 5, 7, 6, 8, 7, 9, 8, 10, 9, 11, 10, 12, 11, 13, 12, 14, 13, 15, 14, 16, 15, 17, 16, 18, 14, 19, 18, 0, 17, 2, 15, 3, 19, 7, 19, 10, 18]",-7.66
20,48,"[1, 1, 1, 1, 1, 1, 1, 1, 1, 1, 1, 1, 1, 1, 1, 1, 1, 1, 1, 1]","[3, 3, 3, 3, 3, 3, 3, 3, 3, 3, 3, 3, 3, 3, 3, 3, 3, 3, 3, 3, 3, 3, 3, 3, 3, 3, 3, 3, 3, 3, 3, 3, 3, 3, 3, 3, 3, 3, 3, 3, 3, 3, 3, 3, 3, 3, 3, 3]","[0, 1, 1, 2, 2, 3, 3, 4, 4, 5, 4, 6, 6, 7, 7, 8, 8, 9, 9, 10, 10, 11, 11, 12, 12, 13, 13, 14, 14, 15, 15, 16, 16, 17, 17, 18, 18, 19, 5, 0, 18, 2, 9, 3, 19, 10, 19, 14]","[1, 0, 2, 1, 3, 2, 4, 3, 5, 4, 6, 4, 7, 6, 8, 7, 9, 8, 10, 9, 11, 10, 12, 11, 13, 12, 14, 13, 15, 14, 16, 15, 17, 16, 18, 17, 19, 18, 0, 5, 2, 18, 3, 9, 10, 19, 14, 19]",-8.7
27,58,"[1, 1, 1, 2, 1, 1, 1, 2, 2, 2, 1, 1, 3, 1, 3, 1, 1, 1, 2, 1, 1, 3, 1, 3, 2, 1, 3]","[1, 1, 3, 3, 3, 3, 1, 1, 1, 1, 1, 1, 1, 1, 2, 2, 2, 2, 1, 1, 1, 1, 1, 1, 1, 1, 2, 2, 1, 1, 3, 3, 3, 3, 3, 3, 3, 3, 3, 3, 1, 1, 3, 3, 2, 2, 3, 3, 3, 3, 2, 2, 3, 3, 1, 1, 3, 3]","[0, 1, 1, 2, 2, 3, 3, 4, 4, 5, 5, 6, 6, 7, 7, 8, 8, 9, 6, 10, 10, 11, 11, 12, 12, 13, 13, 14, 13, 15, 15, 16, 16, 17, 17, 18, 18, 19, 19, 20, 10, 21, 3, 22, 22, 23, 22, 24, 24, 25, 25, 26, 25, 1, 21, 4, 20, 15]","[1, 0, 2, 1, 3, 2, 4, 3, 5, 4, 6, 5, 7, 6, 8, 7, 9, 8, 10, 6, 11, 10, 12, 11, 13, 12, 14, 13, 15, 13, 16, 15, 17, 16, 18, 17, 19, 18, 20, 19, 21, 10, 22, 3, 23, 22, 24, 22, 25, 24, 26, 25, 1, 25, 4, 21, 15, 20]",-2.72
28,62,"[1, 3, 1, 1, 1, 1, 1, 1, 3, 1, 1, 2, 1, 2, 2, 1, 1, 2, 1, 1, 1, 3, 1, 1, 1, 1, 3, 2]","[1, 1, 1, 1, 3, 3, 3, 3, 3, 3, 3, 3, 3, 3, 1, 1, 1, 1, 3, 3, 3, 3, 3, 3, 3, 3, 1, 1, 1, 1, 1, 1, 1, 1, 1, 1, 1, 1, 1, 1, 2, 2, 1, 1, 1, 1, 1, 1, 1, 1, 1, 1, 1, 1, 3, 3, 3, 3, 1, 1, 1, 1]","[0, 1, 1, 2, 2, 3, 3, 4, 4, 5, 5, 6, 6, 7, 7, 8, 8, 9, 5, 10, 10, 11, 11, 12, 12, 13, 12, 14, 14, 15, 15, 16, 16, 17, 17, 18, 18, 19, 17, 20, 20, 21, 20, 22, 22, 23, 23, 24, 24, 25, 25, 26, 10, 27, 7, 2, 13, 4, 19, 14, 26, 22]","[1, 0, 2, 1, 3, 2, 4, 3, 5, 4, 6, 5, 7, 6, 8, 7, 9, 8, 10, 5, 11, 10, 12, 11, 13, 12, 14, 12, 15, 14, 16, 15, 17, 16, 18, 17, 19, 18, 20, 17, 21, 20, 22, 20, 23, 22, 24, 23, 25, 24, 26, 25, 27, 10, 2, 7, 4, 13, 14, 19, 22, 26]",-1.8
26,58,"[1, 1, 1, 3, 1, 1, 2, 1, 1, 2, 1, 1, 1, 1, 1, 1, 1, 2, 1, 1, 1, 3, 3, 1, 3, 6]","[1, 1, 1, 1, 1, 1, 1, 1, 3, 3, 1, 1, 1, 1, 1, 1, 1, 1, 1, 1, 1, 1, 1, 1, 3, 3, 3, 3, 3, 3, 3, 3, 3, 3, 3, 3, 3, 3, 1, 1, 1, 1, 2, 2, 3, 3, 2, 2, 1, 1, 1, 1, 3, 3, 1, 1, 3, 3]","[0, 1, 1, 2, 2, 3, 3, 4, 4, 5, 5, 6, 6, 7, 7, 8, 8, 9, 9, 10, 9, 11, 11, 12, 5, 13, 13, 14, 14, 15, 15, 16, 16, 17, 17, 18, 18, 19, 19, 20, 20, 21, 20, 22, 19, 23, 23, 24, 13, 25, 17, 1, 16, 4, 12, 6, 23, 15]","[1, 0, 2, 1, 3, 2, 4, 3, 5, 4, 6, 5, 7, 6, 8, 7, 9, 8, 10, 9, 11, 9, 12, 11, 13, 5, 14, 13, 15, 14, 16, 15, 17, 16, 18, 17, 19, 18, 20, 19, 21, 20, 22, 20, 23, 19, 24, 23, 25, 13, 1, 17, 4, 16, 6, 12, 15, 23]",-1.27
25,52,"[1, 1, 3, 2, 1, 3, 1, 3, 1, 1, 1, 1, 1, 1, 1, 1, 3, 1, 1, 1, 1, 1, 3, 1, 4]","[1, 1, 1, 1, 1, 1, 2, 2, 1, 1, 1, 1, 2, 2, 1, 1, 3, 3, 3, 3, 3, 3, 3, 3, 3, 3, 1, 1, 3, 3, 1, 1, 1, 1, 3, 3, 3, 3, 3, 3, 3, 3, 1, 1, 1, 1, 1, 1, 3, 3, 3, 3]","[0, 1, 1, 2, 2, 3, 3, 4, 4, 5, 5, 6, 6, 7, 6, 8, 8, 9, 9, 10, 10, 11, 11, 12, 12, 13, 4, 14, 14, 15, 15, 16, 16, 17, 15, 18, 18, 19, 19, 20, 20, 21, 21, 22, 22, 23, 18, 24, 13, 8, 21, 14]","[1, 0, 2, 1, 3, 2, 4, 3, 5, 4, 6, 5, 7, 6, 8, 6, 9, 8, 10, 9, 11, 10, 12, 11, 13, 12, 14, 4, 15, 14, 16, 15, 17, 16, 18, 15, 19, 18, 20, 19, 21, 20, 22, 21, 23, 22, 24, 18, 8, 13, 14, 21]",-4.08
26,56,"[1, 1, 3, 3, 1, 1, 1, 2, 1, 8, 1, 1, 2, 1, 3, 1, 1, 1, 1, 1, 8, 1, 3, 1, 3, 3]","[1, 1, 2, 2, 1, 1, 1, 1, 1, 1, 2, 2, 1, 1, 1, 1, 1, 1, 1, 1, 1, 1, 1, 1, 1, 1, 2, 2, 1, 1, 1, 1, 3, 3, 3, 3, 3, 3, 3, 3, 1, 1, 2, 2, 1, 1, 1, 1, 2, 2, 1, 1, 1, 1, 3, 3]","[0, 1, 1, 2, 1, 3, 3, 4, 4, 5, 5, 6, 6, 7, 7, 8, 8, 9, 9, 10, 8, 11, 11, 12, 12, 13, 13, 14, 13, 15, 15, 16, 16, 17, 17, 18, 18, 19, 19, 20, 11, 21, 21, 22, 6, 23, 23, 24, 23, 25, 10, 5, 21, 7, 20, 16]","[1, 0, 2, 1, 3, 1, 4, 3, 5, 4, 6, 5, 7, 6, 8, 7, 9, 8, 10, 9, 11, 8, 12, 11, 13, 12, 14, 13, 15, 13, 16, 15, 17, 16, 18, 17, 19, 18, 20, 19, 21, 11, 22, 21, 23, 6, 24, 23, 25, 23, 5, 10, 7, 21, 16, 20]",-2.94
16,34,"[2, 8, 3, 3, 1, 1, 1, 1, 8, 8, 3, 3, 1, 1, 1, 3]","[1, 1, 2, 2, 2, 2, 1, 1, 3, 3, 3, 3, 3, 3, 3, 3, 1, 1, 2, 2, 2, 2, 1, 1, 1, 1, 1, 1, 2, 2, 3, 3, 1, 1]","[0, 1, 1, 2, 1, 3, 1, 4, 4, 5, 5, 6, 6, 7, 7, 8, 7, 9, 9, 10, 9, 11, 9, 12, 12, 13, 13, 14, 14, 15, 8, 4, 14, 6]","[1, 0, 2, 1, 3, 1, 4, 1, 5, 4, 6, 5, 7, 6, 8, 7, 9, 7, 10, 9, 11, 9, 12, 9, 13, 12, 14, 13, 15, 14, 4, 8, 6, 14]",-3.02
16,34,"[2, 8, 3, 3, 1, 1, 1, 1, 8, 1, 3, 1, 1, 8, 3, 3]","[1, 1, 2, 2, 2, 2, 1, 1, 3, 3, 3, 3, 3, 3, 3, 3, 1, 1, 2, 2, 1, 1, 1, 1, 1, 1, 2, 2, 2, 2, 3, 3, 1, 1]","[0, 1, 1, 2, 1, 3, 1, 4, 4, 5, 5, 6, 6, 7, 7, 8, 7, 9, 9, 10, 9, 11, 11, 12, 12, 13, 13, 14, 13, 15, 8, 4, 13, 6]","[1, 0, 2, 1, 3, 1, 4, 1, 5, 4, 6, 5, 7, 6, 8, 7, 9, 7, 10, 9, 11, 9, 12, 11, 13, 12, 14, 13, 15, 13, 4, 8, 6, 13]",-3.67
21,46,"[1, 2, 1, 1, 1, 1, 1, 1, 1, 8, 1, 1, 1, 1, 4, 1, 1, 1, 1, 1, 1]","[1, 1, 1, 1, 1, 1, 1, 1, 1, 1, 2, 2, 1, 1, 3, 3, 1, 1, 1, 1, 3, 3, 3, 3, 3, 3, 1, 1, 3, 3, 3, 3, 3, 3, 3, 3, 3, 3, 3, 3, 1, 1, 3, 3, 3, 3]","[0, 1, 1, 2, 1, 3, 3, 4, 4, 5, 5, 6, 6, 7, 7, 8, 8, 9, 9, 10, 10, 11, 11, 12, 12, 13, 13, 14, 13, 15, 15, 16, 8, 17, 17, 18, 18, 19, 19, 20, 11, 6, 20, 7, 16, 10]","[1, 0, 2, 1, 3, 1, 4, 3, 5, 4, 6, 5, 7, 6, 8, 7, 9, 8, 10, 9, 11, 10, 12, 11, 13, 12, 14, 13, 15, 13, 16, 15, 17, 8, 18, 17, 19, 18, 20, 19, 6, 11, 7, 20, 10, 16]",-5.87
28,62,"[1, 1, 2, 1, 1, 2, 1, 1, 1, 1, 1, 1, 1, 1, 1, 1, 1, 1, 1, 1, 1, 1, 1, 1, 1, 1, 1, 1]","[1, 1, 1, 1, 1, 1, 1, 1, 1, 1, 1, 1, 1, 1, 2, 2, 1, 1, 3, 3, 3, 3, 3, 3, 3, 3, 3, 3, 1, 1, 1, 1, 3, 3, 3, 3, 3, 3, 3, 3, 3, 3, 1, 1, 3, 3, 3, 3, 3, 3, 3, 3, 3, 3, 1, 1, 3, 3, 3, 3, 3, 3]","[0, 1, 1, 2, 2, 3, 3, 4, 4, 5, 5, 6, 6, 7, 7, 8, 8, 9, 9, 10, 10, 11, 11, 12, 12, 13, 13, 14, 2, 15, 15, 16, 16, 17, 17, 18, 18, 19, 19, 20, 20, 21, 15, 22, 22, 23, 23, 24, 24, 25, 25, 26, 26, 27, 5, 0, 14, 9, 21, 16, 27, 22]","[1, 0, 2, 1, 3, 2, 4, 3, 5, 4, 6, 5, 7, 6, 8, 7, 9, 8, 10, 9, 11, 10, 12, 11, 13, 12, 14, 13, 15, 2, 16, 15, 17, 16, 18, 17, 19, 18, 20, 19, 21, 20, 22, 15, 23, 22, 24, 23, 25, 24, 26, 25, 27, 26, 0, 5, 9, 14, 16, 21, 22, 27]",-4.2
24,52,"[1, 1, 1, 1, 3, 1, 3, 2, 1, 3, 1, 1, 6, 1, 1, 4, 1, 1, 3, 1, 1, 1, 1, 1]","[1, 1, 1, 1, 2, 2, 1, 1, 1, 1, 2, 2, 1, 1, 1, 1, 2, 2, 1, 1, 3, 3, 1, 1, 3, 3, 3, 3, 1, 1, 3, 3, 3, 3, 1, 1, 1, 1, 1, 1, 1, 1, 1, 1, 1, 1, 1, 1, 3, 3, 1, 1]","[0, 1, 1, 2, 1, 3, 3, 4, 4, 5, 5, 6, 5, 7, 7, 8, 8, 9, 7, 10, 10, 11, 11, 12, 11, 13, 13, 14, 14, 15, 14, 16, 16, 17, 16, 18, 18, 19, 19, 20, 20, 21, 21, 22, 22, 23, 8, 3, 17, 10, 23, 19]","[1, 0, 2, 1, 3, 1, 4, 3, 5, 4, 6, 5, 7, 5, 8, 7, 9, 8, 10, 7, 11, 10, 12, 11, 13, 11, 14, 13, 15, 14, 16, 14, 17, 16, 18, 16, 19, 18, 20, 19, 21, 20, 22, 21, 23, 22, 3, 8, 10, 17, 19, 23]",-6.21
22,50,"[1, 1, 2, 1, 2, 1, 3, 1, 1, 1, 1, 1, 1, 2, 1, 1, 1, 1, 1, 1, 1, 1]","[1, 1, 1, 1, 1, 1, 1, 1, 3, 3, 2, 2, 3, 3, 3, 3, 3, 3, 3, 3, 3, 3, 3, 3, 3, 3, 3, 3, 1, 1, 1, 1, 3, 3, 3, 3, 3, 3, 3, 3, 3, 3, 1, 1, 3, 3, 3, 3, 3, 3]","[0, 1, 1, 2, 2, 3, 3, 4, 4, 5, 5, 6, 5, 7, 7, 8, 8, 9, 9, 10, 10, 11, 11, 12, 8, 13, 13, 14, 2, 15, 15, 16, 16, 17, 17, 18, 18, 19, 19, 20, 20, 21, 14, 1, 14, 4, 12, 7, 21, 16]","[1, 0, 2, 1, 3, 2, 4, 3, 5, 4, 6, 5, 7, 5, 8, 7, 9, 8, 10, 9, 11, 10, 12, 11, 13, 8, 14, 13, 15, 2, 16, 15, 17, 16, 18, 17, 19, 18, 20, 19, 21, 20, 1, 14, 4, 14, 7, 12, 16, 21]",-4.0
19,42,"[1, 2, 1, 2, 1, 1, 8, 1, 2, 1, 2, 1, 1, 2, 1, 2, 2, 3, 3]","[1, 1, 3, 3, 3, 3, 3, 3, 3, 3, 1, 1, 1, 1, 3, 3, 3, 3, 3, 3, 3, 3, 3, 3, 3, 3, 3, 3, 3, 3, 1, 1, 1, 1, 2, 2, 3, 3, 3, 3, 3, 3]","[0, 1, 1, 2, 2, 3, 3, 4, 4, 5, 5, 6, 6, 7, 7, 8, 8, 9, 9, 10, 10, 11, 11, 12, 12, 13, 13, 14, 14, 15, 4, 16, 16, 17, 16, 18, 5, 1, 12, 7, 15, 11]","[1, 0, 2, 1, 3, 2, 4, 3, 5, 4, 6, 5, 7, 6, 8, 7, 9, 8, 10, 9, 11, 10, 12, 11, 13, 12, 14, 13, 15, 14, 16, 4, 17, 16, 18, 16, 1, 5, 7, 12, 11, 15]",-3.21
22,48,"[1, 3, 1, 3, 2, 1, 2, 1, 1, 1, 1, 1, 1, 2, 1, 3, 1, 1, 1, 1, 1, 1]","[1, 1, 1, 1, 2, 2, 1, 1, 1, 1, 3, 3, 3, 3, 3, 3, 3, 3, 3, 3, 3, 3, 3, 3, 3, 3, 1, 1, 2, 2, 1, 1, 3, 3, 3, 3, 3, 3, 3, 3, 3, 3, 3, 3, 3, 3, 3, 3]","[0, 1, 1, 2, 2, 3, 2, 4, 4, 5, 5, 6, 6, 7, 7, 8, 8, 9, 9, 10, 10, 11, 11, 12, 12, 13, 9, 14, 14, 15, 14, 16, 16, 17, 17, 18, 18, 19, 19, 20, 20, 21, 13, 5, 12, 7, 21, 16]","[1, 0, 2, 1, 3, 2, 4, 2, 5, 4, 6, 5, 7, 6, 8, 7, 9, 8, 10, 9, 11, 10, 12, 11, 13, 12, 14, 9, 15, 14, 16, 14, 17, 16, 18, 17, 19, 18, 20, 19, 21, 20, 5, 13, 7, 12, 16, 21]",-3.88
23,52,"[1, 2, 1, 1, 2, 1, 1, 1, 2, 1, 1, 3, 1, 1, 1, 1, 4, 1, 1, 1, 1, 1, 1]","[1, 1, 1, 1, 1, 1, 1, 1, 1, 1, 1, 1, 1, 1, 2, 2, 1, 1, 3, 3, 1, 1, 1, 1, 3, 3, 3, 3, 3, 3, 1, 1, 3, 3, 3, 3, 3, 3, 3, 3, 3, 3, 3, 3, 1, 1, 1, 1, 3, 3, 3, 3]","[0, 1, 1, 2, 2, 3, 3, 4, 4, 5, 5, 6, 4, 7, 7, 8, 8, 9, 9, 10, 10, 11, 11, 12, 12, 13, 13, 14, 14, 15, 15, 16, 15, 17, 17, 18, 10, 19, 19, 20, 20, 21, 21, 22, 6, 1, 13, 7, 22, 9, 18, 12]","[1, 0, 2, 1, 3, 2, 4, 3, 5, 4, 6, 5, 7, 4, 8, 7, 9, 8, 10, 9, 11, 10, 12, 11, 13, 12, 14, 13, 15, 14, 16, 15, 17, 15, 18, 17, 19, 10, 20, 19, 21, 20, 22, 21, 1, 6, 7, 13, 9, 22, 12, 18]",-4.42
15,32,"[2, 8, 3, 3, 1, 1, 1, 1, 8, 1, 3, 1, 1, 8, 3]","[1, 1, 2, 2, 2, 2, 1, 1, 3, 3, 3, 3, 3, 3, 3, 3, 1, 1, 1, 1, 1, 1, 1, 1, 1, 1, 2, 2, 3, 3, 1, 1]","[0, 1, 1, 2, 1, 3, 1, 4, 4, 5, 5, 6, 6, 7, 7, 8, 7, 9, 9, 10, 9, 11, 11, 12, 12, 13, 13, 14, 8, 4, 13, 6]","[1, 0, 2, 1, 3, 1, 4, 1, 5, 4, 6, 5, 7, 6, 8, 7, 9, 7, 10, 9, 11, 9, 12, 11, 13, 12, 14, 13, 4, 8, 6, 13]",-1.57
19,42,"[1, 1, 1, 1, 1, 1, 1, 2, 1, 2, 1, 1, 1, 1, 1, 1, 1, 3, 1]","[1, 1, 3, 3, 3, 3, 3, 3, 3, 3, 3, 3, 1, 1, 3, 3, 3, 3, 3, 3, 3, 3, 3, 3, 3, 3, 3, 3, 3, 3, 3, 3, 2, 2, 1, 1, 3, 3, 3, 3, 3, 3]","[0, 1, 1, 2, 2, 3, 3, 4, 4, 5, 5, 6, 6, 7, 7, 8, 8, 9, 9, 10, 10, 11, 11, 12, 12, 13, 13, 14, 14, 15, 11, 16, 16, 17, 8, 18, 6, 1, 16, 7, 15, 10]","[1, 0, 2, 1, 3, 2, 4, 3, 5, 4, 6, 5, 7, 6, 8, 7, 9, 8, 10, 9, 11, 10, 12, 11, 13, 12, 14, 13, 15, 14, 16, 11, 17, 16, 18, 8, 1, 6, 7, 16, 10, 15]",-2.92
18,38,"[1, 1, 1, 1, 3, 2, 1, 1, 1, 1, 1, 1, 8, 3, 3, 1, 1, 3]","[1, 1, 2, 2, 1, 1, 2, 2, 1, 1, 1, 1, 3, 3, 3, 3, 3, 3, 3, 3, 3, 3, 1, 1, 2, 2, 2, 2, 1, 1, 1, 1, 1, 1, 1, 1, 3, 3]","[0, 1, 1, 2, 2, 3, 3, 4, 3, 5, 5, 6, 6, 7, 7, 8, 8, 9, 9, 10, 10, 11, 2, 12, 12, 13, 12, 14, 12, 15, 15, 16, 16, 17, 17, 1, 11, 6]","[1, 0, 2, 1, 3, 2, 4, 3, 5, 3, 6, 5, 7, 6, 8, 7, 9, 8, 10, 9, 11, 10, 12, 2, 13, 12, 14, 12, 15, 12, 16, 15, 17, 16, 1, 17, 6, 11]",-2.43
21,46,"[3, 1, 2, 1, 3, 1, 1, 3, 2, 1, 1, 1, 1, 1, 1, 1, 1, 1, 1, 1, 1]","[2, 2, 1, 1, 1, 1, 2, 2, 1, 1, 1, 1, 2, 2, 1, 1, 1, 1, 3, 3, 3, 3, 3, 3, 3, 3, 3, 3, 1, 1, 3, 3, 3, 3, 3, 3, 3, 3, 3, 3, 1, 1, 3, 3, 3, 3]","[0, 1, 1, 2, 2, 3, 3, 4, 3, 5, 5, 6, 6, 7, 6, 8, 5, 9, 9, 10, 10, 11, 11, 12, 12, 13, 13, 14, 5, 15, 15, 16, 16, 17, 17, 18, 18, 19, 19, 20, 8, 1, 14, 9, 20, 15]","[1, 0, 2, 1, 3, 2, 4, 3, 5, 3, 6, 5, 7, 6, 8, 6, 9, 5, 10, 9, 11, 10, 12, 11, 13, 12, 14, 13, 15, 5, 16, 15, 17, 16, 18, 17, 19, 18, 20, 19, 1, 8, 9, 14, 15, 20]",-4.2
24,52,"[1, 1, 1, 1, 1, 1, 1, 1, 1, 1, 1, 1, 1, 3, 1, 3, 1, 1, 1, 1, 1, 1, 1, 3]","[1, 1, 1, 1, 1, 1, 1, 1, 1, 1, 1, 1, 1, 1, 1, 1, 1, 1, 1, 1, 1, 1, 2, 2, 1, 1, 1, 1, 2, 2, 1, 1, 3, 3, 3, 3, 3, 3, 3, 3, 3, 3, 1, 1, 2, 2, 1, 1, 1, 1, 3, 3]","[0, 1, 1, 2, 1, 3, 1, 4, 4, 5, 5, 6, 6, 7, 7, 8, 8, 9, 7, 10, 10, 11, 11, 12, 12, 13, 12, 14, 14, 15, 14, 16, 16, 17, 17, 18, 18, 19, 19, 20, 20, 21, 17, 22, 22, 23, 9, 4, 22, 11, 21, 16]","[1, 0, 2, 1, 3, 1, 4, 1, 5, 4, 6, 5, 7, 6, 8, 7, 9, 8, 10, 7, 11, 10, 12, 11, 13, 12, 14, 12, 15, 14, 16, 14, 17, 16, 18, 17, 19, 18, 20, 19, 21, 20, 22, 17, 23, 22, 4, 9, 11, 22, 16, 21]",-7.04
24,54,"[1, 3, 1, 1, 1, 1, 1, 1, 2, 1, 1, 1, 1, 3, 1, 1, 2, 1, 1, 1, 1, 1, 1, 1]","[1, 1, 1, 1, 3, 3, 3, 3, 3, 3, 3, 3, 3, 3, 3, 3, 3, 3, 3, 3, 3, 3, 1, 1, 1, 1, 1, 1, 1, 1, 1, 1, 1, 1, 1, 1, 1, 1, 1, 1, 1, 1, 1, 1, 2, 2, 3, 3, 3, 3, 1, 1, 1, 1]","[0, 1, 1, 2, 2, 3, 3, 4, 4, 5, 5, 6, 6, 7, 7, 8, 8, 9, 9, 10, 10, 11, 5, 12, 12, 13, 12, 14, 14, 15, 15, 16, 16, 17, 17, 18, 18, 19, 19, 20, 20, 21, 20, 22, 22, 23, 11, 2, 9, 4, 19, 14, 21, 16]","[1, 0, 2, 1, 3, 2, 4, 3, 5, 4, 6, 5, 7, 6, 8, 7, 9, 8, 10, 9, 11, 10, 12, 5, 13, 12, 14, 12, 15, 14, 16, 15, 17, 16, 18, 17, 19, 18, 20, 19, 21, 20, 22, 20, 23, 22, 2, 11, 4, 9, 14, 19, 16, 21]",-3.36
30,68,"[1, 1, 1, 1, 1, 1, 1, 1, 1, 1, 1, 3, 1, 1, 1, 1, 1, 1, 1, 1, 3, 1, 3, 1, 1, 1, 1, 1, 1, 1]","[1, 1, 1, 1, 1, 1, 1, 1, 1, 1, 1, 1, 1, 1, 1, 1, 2, 2, 1, 1, 2, 2, 1, 1, 1, 1, 1, 1, 1, 1, 1, 1, 1, 1, 1, 1, 1, 1, 1, 1, 1, 1, 2, 2, 1, 1, 1, 1, 3, 3, 3, 3, 3, 3, 3, 3, 3, 3, 1, 1, 1, 1, 1, 1, 1, 1, 3, 3]","[0, 1, 1, 2, 2, 3, 3, 4, 4, 5, 5, 6, 6, 7, 7, 8, 8, 9, 9, 10, 10, 11, 10, 12, 12, 13, 13, 14, 14, 15, 5, 16, 16, 17, 17, 18, 18, 19, 19, 20, 20, 21, 21, 22, 21, 23, 23, 24, 24, 25, 25, 26, 26, 27, 27, 28, 28, 29, 16, 1, 19, 1, 14, 4, 14, 8, 29, 24]","[1, 0, 2, 1, 3, 2, 4, 3, 5, 4, 6, 5, 7, 6, 8, 7, 9, 8, 10, 9, 11, 10, 12, 10, 13, 12, 14, 13, 15, 14, 16, 5, 17, 16, 18, 17, 19, 18, 20, 19, 21, 20, 22, 21, 23, 21, 24, 23, 25, 24, 26, 25, 27, 26, 28, 27, 29, 28, 1, 16, 1, 19, 4, 14, 8, 14, 24, 29]",-4.66
23,48,"[1, 1, 2, 1, 1, 1, 1, 1, 2, 1, 3, 1, 1, 3, 1, 1, 1, 1, 1, 8, 2, 3, 3]","[1, 1, 1, 1, 1, 1, 1, 1, 1, 1, 1, 1, 1, 1, 1, 1, 1, 1, 2, 2, 1, 1, 3, 3, 1, 1, 1, 1, 3, 3, 3, 3, 3, 3, 3, 3, 1, 1, 1, 1, 2, 2, 2, 2, 1, 1, 3, 3]","[0, 1, 1, 2, 2, 3, 3, 4, 4, 5, 5, 6, 6, 7, 7, 8, 8, 9, 9, 10, 9, 11, 11, 12, 12, 13, 13, 14, 12, 15, 15, 16, 16, 17, 17, 18, 17, 19, 19, 20, 19, 21, 19, 22, 6, 2, 18, 11]","[1, 0, 2, 1, 3, 2, 4, 3, 5, 4, 6, 5, 7, 6, 8, 7, 9, 8, 10, 9, 11, 9, 12, 11, 13, 12, 14, 13, 15, 12, 16, 15, 17, 16, 18, 17, 19, 17, 20, 19, 21, 19, 22, 19, 2, 6, 11, 18]",-2.88
32,72,"[1, 1, 1, 1, 1, 1, 1, 1, 1, 1, 1, 3, 1, 1, 1, 1, 1, 1, 1, 1, 3, 1, 3, 1, 1, 1, 1, 1, 1, 1, 1, 1]","[1, 1, 1, 1, 1, 1, 1, 1, 1, 1, 1, 1, 1, 1, 1, 1, 2, 2, 1, 1, 2, 2, 1, 1, 1, 1, 1, 1, 1, 1, 1, 1, 1, 1, 1, 1, 1, 1, 1, 1, 1, 1, 2, 2, 1, 1, 1, 1, 1, 1, 1, 1, 3, 3, 3, 3, 3, 3, 3, 3, 3, 3, 1, 1, 1, 1, 1, 1, 1, 1, 3, 3]","[0, 1, 1, 2, 2, 3, 3, 4, 4, 5, 5, 6, 6, 7, 7, 8, 8, 9, 9, 10, 10, 11, 10, 12, 12, 13, 13, 14, 14, 15, 5, 16, 16, 17, 17, 18, 18, 19, 19, 20, 20, 21, 21, 22, 21, 23, 23, 24, 24, 25, 25, 26, 26, 27, 27, 28, 28, 29, 29, 30, 30, 31, 16, 1, 19, 1, 14, 4, 14, 8, 31, 26]","[1, 0, 2, 1, 3, 2, 4, 3, 5, 4, 6, 5, 7, 6, 8, 7, 9, 8, 10, 9, 11, 10, 12, 10, 13, 12, 14, 13, 15, 14, 16, 5, 17, 16, 18, 17, 19, 18, 20, 19, 21, 20, 22, 21, 23, 21, 24, 23, 25, 24, 26, 25, 27, 26, 28, 27, 29, 28, 30, 29, 31, 30, 1, 16, 1, 19, 4, 14, 8, 14, 26, 31]",-5.43
31,70,"[1, 1, 1, 1, 1, 1, 1, 1, 1, 1, 1, 3, 1, 1, 1, 1, 1, 1, 1, 1, 3, 1, 3, 1, 1, 1, 1, 1, 1, 1, 1]","[1, 1, 1, 1, 1, 1, 1, 1, 1, 1, 1, 1, 1, 1, 1, 1, 2, 2, 1, 1, 2, 2, 1, 1, 1, 1, 1, 1, 1, 1, 1, 1, 1, 1, 1, 1, 1, 1, 1, 1, 1, 1, 2, 2, 1, 1, 1, 1, 1, 1, 3, 3, 3, 3, 3, 3, 3, 3, 3, 3, 1, 1, 1, 1, 1, 1, 1, 1, 3, 3]","[0, 1, 1, 2, 2, 3, 3, 4, 4, 5, 5, 6, 6, 7, 7, 8, 8, 9, 9, 10, 10, 11, 10, 12, 12, 13, 13, 14, 14, 15, 5, 16, 16, 17, 17, 18, 18, 19, 19, 20, 20, 21, 21, 22, 21, 23, 23, 24, 24, 25, 25, 26, 26, 27, 27, 28, 28, 29, 29, 30, 16, 1, 19, 1, 14, 4, 14, 8, 30, 25]","[1, 0, 2, 1, 3, 2, 4, 3, 5, 4, 6, 5, 7, 6, 8, 7, 9, 8, 10, 9, 11, 10, 12, 10, 13, 12, 14, 13, 15, 14, 16, 5, 17, 16, 18, 17, 19, 18, 20, 19, 21, 20, 22, 21, 23, 21, 24, 23, 25, 24, 26, 25, 27, 26, 28, 27, 29, 28, 30, 29, 1, 16, 1, 19, 4, 14, 8, 14, 25, 30]",-5.27
25,54,"[1, 1, 1, 3, 2, 1, 1, 1, 2, 1, 1, 1, 1, 1, 1, 1, 1, 1, 1, 1, 1, 1, 1, 1, 1]","[1, 1, 1, 1, 2, 2, 1, 1, 1, 1, 1, 1, 1, 1, 1, 1, 1, 1, 1, 1, 1, 1, 1, 1, 1, 1, 3, 3, 3, 3, 3, 3, 3, 3, 3, 3, 1, 1, 3, 3, 3, 3, 3, 3, 3, 3, 3, 3, 1, 1, 3, 3, 3, 3]","[0, 1, 1, 2, 2, 3, 2, 4, 4, 5, 5, 6, 6, 7, 7, 8, 8, 9, 9, 10, 8, 11, 11, 12, 12, 13, 13, 14, 14, 15, 15, 16, 16, 17, 17, 18, 4, 19, 19, 20, 20, 21, 21, 22, 22, 23, 23, 24, 10, 5, 18, 13, 24, 19]","[1, 0, 2, 1, 3, 2, 4, 2, 5, 4, 6, 5, 7, 6, 8, 7, 9, 8, 10, 9, 11, 8, 12, 11, 13, 12, 14, 13, 15, 14, 16, 15, 17, 16, 18, 17, 19, 4, 20, 19, 21, 20, 22, 21, 23, 22, 24, 23, 5, 10, 13, 18, 19, 24]",-3.82
15,32,"[2, 8, 3, 3, 1, 1, 1, 1, 8, 8, 3, 1, 1, 1, 3]","[1, 1, 2, 2, 2, 2, 1, 1, 3, 3, 3, 3, 3, 3, 3, 3, 1, 1, 2, 2, 1, 1, 1, 1, 1, 1, 1, 1, 3, 3, 1, 1]","[0, 1, 1, 2, 1, 3, 1, 4, 4, 5, 5, 6, 6, 7, 7, 8, 7, 9, 9, 10, 9, 11, 11, 12, 12, 13, 13, 14, 8, 4, 13, 6]","[1, 0, 2, 1, 3, 1, 4, 1, 5, 4, 6, 5, 7, 6, 8, 7, 9, 7, 10, 9, 11, 9, 12, 11, 13, 12, 14, 13, 4, 8, 6, 13]",-1.35
19,42,"[1, 2, 1, 1, 2, 1, 1, 1, 1, 1, 1, 1, 1, 1, 1, 1, 1, 1, 4]","[1, 1, 1, 1, 1, 1, 1, 1, 2, 2, 1, 1, 3, 3, 3, 3, 3, 3, 3, 3, 3, 3, 1, 1, 3, 3, 3, 3, 3, 3, 3, 3, 3, 3, 1, 1, 1, 1, 3, 3, 3, 3]","[0, 1, 1, 2, 2, 3, 3, 4, 4, 5, 5, 6, 6, 7, 7, 8, 8, 9, 9, 10, 10, 11, 5, 12, 12, 13, 13, 14, 14, 15, 15, 16, 16, 17, 16, 18, 13, 1, 11, 6, 17, 12]","[1, 0, 2, 1, 3, 2, 4, 3, 5, 4, 6, 5, 7, 6, 8, 7, 9, 8, 10, 9, 11, 10, 12, 5, 13, 12, 14, 13, 15, 14, 16, 15, 17, 16, 18, 16, 1, 13, 6, 11, 12, 17]",-4.43
18,38,"[1, 1, 1, 3, 3, 1, 1, 1, 1, 1, 1, 1, 3, 1, 1, 1, 1, 8]","[1, 1, 1, 1, 1, 1, 2, 2, 1, 1, 3, 3, 3, 3, 3, 3, 3, 3, 3, 3, 1, 1, 2, 2, 1, 1, 3, 3, 3, 3, 3, 3, 3, 3, 3, 3, 3, 3]","[0, 1, 1, 2, 2, 3, 2, 4, 1, 5, 5, 6, 6, 7, 7, 8, 8, 9, 9, 10, 8, 11, 11, 12, 11, 13, 13, 14, 14, 15, 15, 16, 16, 17, 10, 5, 17, 13]","[1, 0, 2, 1, 3, 2, 4, 2, 5, 1, 6, 5, 7, 6, 8, 7, 9, 8, 10, 9, 11, 8, 12, 11, 13, 11, 14, 13, 15, 14, 16, 15, 17, 16, 5, 10, 13, 17]",-2.0
21,46,"[3, 2, 3, 1, 1, 1, 1, 1, 3, 2, 1, 1, 1, 1, 1, 2, 3, 3, 2, 1, 1]","[1, 1, 2, 2, 1, 1, 3, 3, 3, 3, 3, 3, 1, 1, 2, 2, 1, 1, 1, 1, 1, 1, 1, 1, 3, 3, 3, 3, 1, 1, 1, 1, 2, 2, 1, 1, 1, 1, 1, 1, 3, 3, 1, 1, 1, 1]","[0, 1, 1, 2, 1, 3, 3, 4, 4, 5, 5, 6, 6, 7, 7, 8, 7, 9, 9, 10, 10, 11, 11, 12, 6, 13, 13, 14, 13, 15, 15, 16, 15, 17, 4, 18, 18, 19, 19, 20, 14, 3, 12, 10, 20, 18]","[1, 0, 2, 1, 3, 1, 4, 3, 5, 4, 6, 5, 7, 6, 8, 7, 9, 7, 10, 9, 11, 10, 12, 11, 13, 6, 14, 13, 15, 13, 16, 15, 17, 15, 18, 4, 19, 18, 20, 19, 3, 14, 10, 12, 18, 20]",-3.39
21,48,"[1, 2, 1, 1, 1, 1, 1, 1, 1, 1, 1, 1, 1, 1, 1, 1, 1, 1, 1, 1, 1]","[1, 1, 1, 1, 1, 1, 1, 1, 1, 1, 1, 1, 1, 1, 1, 1, 1, 1, 3, 3, 3, 3, 3, 3, 3, 3, 3, 3, 1, 1, 3, 3, 3, 3, 3, 3, 3, 3, 3, 3, 1, 1, 1, 1, 3, 3, 3, 3]","[0, 1, 1, 2, 2, 3, 3, 4, 4, 5, 5, 6, 6, 7, 7, 8, 8, 9, 9, 10, 10, 11, 11, 12, 12, 13, 13, 14, 8, 15, 15, 16, 16, 17, 17, 18, 18, 19, 19, 20, 10, 5, 16, 5, 14, 9, 20, 15]","[1, 0, 2, 1, 3, 2, 4, 3, 5, 4, 6, 5, 7, 6, 8, 7, 9, 8, 10, 9, 11, 10, 12, 11, 13, 12, 14, 13, 15, 8, 16, 15, 17, 16, 18, 17, 19, 18, 20, 19, 5, 10, 5, 16, 9, 14, 15, 20]",-4.69
19,40,"[1, 2, 1, 1, 1, 1, 1, 3, 1, 1, 1, 1, 1, 1, 1, 1, 1, 3, 3]","[1, 1, 3, 3, 3, 3, 3, 3, 3, 3, 1, 1, 2, 2, 1, 1, 3, 3, 3, 3, 3, 3, 1, 1, 3, 3, 3, 3, 1, 1, 1, 1, 1, 1, 2, 2, 3, 3, 3, 3]","[0, 1, 1, 2, 2, 3, 3, 4, 4, 5, 5, 6, 6, 7, 6, 8, 8, 9, 9, 10, 10, 11, 11, 12, 11, 13, 13, 14, 2, 15, 15, 16, 16, 17, 16, 18, 5, 1, 14, 8]","[1, 0, 2, 1, 3, 2, 4, 3, 5, 4, 6, 5, 7, 6, 8, 6, 9, 8, 10, 9, 11, 10, 12, 11, 13, 11, 14, 13, 15, 2, 16, 15, 17, 16, 18, 16, 1, 5, 8, 14]",-4.09
14,30,"[2, 8, 3, 3, 1, 1, 1, 1, 8, 1, 3, 1, 1, 8]","[1, 1, 2, 2, 2, 2, 1, 1, 3, 3, 3, 3, 3, 3, 3, 3, 1, 1, 1, 1, 1, 1, 1, 1, 1, 1, 3, 3, 1, 1]","[0, 1, 1, 2, 1, 3, 1, 4, 4, 5, 5, 6, 6, 7, 7, 8, 7, 9, 9, 10, 9, 11, 11, 12, 12, 13, 8, 4, 13, 6]","[1, 0, 2, 1, 3, 1, 4, 1, 5, 4, 6, 5, 7, 6, 8, 7, 9, 7, 10, 9, 11, 9, 12, 11, 13, 12, 4, 8, 6, 13]",-2.25
14,30,"[2, 8, 3, 3, 1, 1, 1, 1, 8, 1, 3, 1, 1, 8]","[1, 1, 2, 2, 2, 2, 1, 1, 3, 3, 3, 3, 3, 3, 3, 3, 1, 1, 2, 2, 1, 1, 1, 1, 1, 1, 3, 3, 1, 1]","[0, 1, 1, 2, 1, 3, 1, 4, 4, 5, 5, 6, 6, 7, 7, 8, 7, 9, 9, 10, 9, 11, 11, 12, 12, 13, 8, 4, 13, 6]","[1, 0, 2, 1, 3, 1, 4, 1, 5, 4, 6, 5, 7, 6, 8, 7, 9, 7, 10, 9, 11, 9, 12, 11, 13, 12, 4, 8, 6, 13]",-3.49
14,30,"[2, 8, 3, 3, 1, 1, 1, 1, 8, 1, 1, 1, 3, 8]","[1, 1, 2, 2, 2, 2, 1, 1, 3, 3, 3, 3, 3, 3, 1, 1, 1, 1, 1, 1, 1, 1, 2, 2, 3, 3, 3, 3, 1, 1]","[0, 1, 1, 2, 1, 3, 1, 4, 4, 5, 5, 6, 6, 7, 7, 8, 8, 9, 9, 10, 10, 11, 11, 12, 7, 13, 13, 4, 11, 6]","[1, 0, 2, 1, 3, 1, 4, 1, 5, 4, 6, 5, 7, 6, 8, 7, 9, 8, 10, 9, 11, 10, 12, 11, 13, 7, 4, 13, 6, 11]",-3.55
18,38,"[1, 1, 2, 1, 3, 1, 1, 2, 1, 1, 1, 2, 1, 1, 1, 2, 1, 2]","[1, 1, 3, 3, 3, 3, 2, 2, 3, 3, 3, 3, 1, 1, 1, 1, 1, 1, 3, 3, 3, 3, 3, 3, 3, 3, 3, 3, 3, 3, 1, 1, 4, 4, 3, 3, 3, 3]","[0, 1, 1, 2, 2, 3, 3, 4, 3, 5, 5, 6, 6, 7, 7, 8, 8, 9, 9, 10, 10, 11, 11, 12, 12, 13, 13, 14, 6, 15, 5, 16, 16, 17, 15, 1, 14, 9]","[1, 0, 2, 1, 3, 2, 4, 3, 5, 3, 6, 5, 7, 6, 8, 7, 9, 8, 10, 9, 11, 10, 12, 11, 13, 12, 14, 13, 15, 6, 16, 5, 17, 16, 1, 15, 9, 14]",-2.35
14,30,"[2, 8, 3, 3, 1, 1, 1, 1, 8, 1, 1, 1, 3, 8]","[1, 1, 2, 2, 2, 2, 1, 1, 3, 3, 3, 3, 3, 3, 1, 1, 1, 1, 1, 1, 1, 1, 1, 1, 3, 3, 3, 3, 1, 1]","[0, 1, 1, 2, 1, 3, 1, 4, 4, 5, 5, 6, 6, 7, 7, 8, 8, 9, 9, 10, 10, 11, 11, 12, 7, 13, 13, 4, 11, 6]","[1, 0, 2, 1, 3, 1, 4, 1, 5, 4, 6, 5, 7, 6, 8, 7, 9, 8, 10, 9, 11, 10, 12, 11, 13, 7, 4, 13, 6, 11]",-2.59
25,58,"[1, 1, 1, 1, 1, 3, 2, 1, 1, 1, 1, 1, 1, 1, 1, 1, 1, 1, 1, 1, 1, 1, 3, 1, 1]","[1, 1, 1, 1, 1, 1, 3, 3, 3, 3, 3, 3, 3, 3, 1, 1, 2, 2, 1, 1, 1, 1, 1, 1, 1, 1, 1, 1, 1, 1, 1, 1, 1, 1, 1, 1, 1, 1, 1, 1, 1, 1, 1, 1, 1, 1, 4, 4, 1, 1, 1, 1, 3, 3, 1, 1, 1, 1]","[0, 1, 1, 2, 2, 3, 3, 4, 4, 5, 5, 6, 6, 7, 4, 8, 8, 9, 9, 10, 10, 11, 11, 12, 12, 13, 13, 14, 14, 15, 15, 16, 16, 17, 16, 18, 18, 19, 19, 20, 20, 21, 21, 22, 21, 23, 23, 24, 9, 1, 13, 1, 7, 3, 18, 12, 21, 16]","[1, 0, 2, 1, 3, 2, 4, 3, 5, 4, 6, 5, 7, 6, 8, 4, 9, 8, 10, 9, 11, 10, 12, 11, 13, 12, 14, 13, 15, 14, 16, 15, 17, 16, 18, 16, 19, 18, 20, 19, 21, 20, 22, 21, 23, 21, 24, 23, 1, 9, 1, 13, 3, 7, 12, 18, 16, 21]",-5.51
17,38,"[1, 1, 2, 1, 2, 1, 1, 1, 1, 1, 2, 1, 1, 1, 1, 1, 1]","[1, 1, 3, 3, 3, 3, 3, 3, 3, 3, 3, 3, 1, 1, 1, 1, 1, 1, 1, 1, 1, 1, 3, 3, 3, 3, 3, 3, 3, 3, 3, 3, 3, 3, 1, 1, 3, 3]","[0, 1, 1, 2, 2, 3, 3, 4, 4, 5, 5, 6, 5, 7, 7, 8, 8, 9, 3, 10, 10, 11, 11, 12, 12, 13, 13, 14, 14, 15, 15, 16, 6, 1, 9, 7, 16, 11]","[1, 0, 2, 1, 3, 2, 4, 3, 5, 4, 6, 5, 7, 5, 8, 7, 9, 8, 10, 3, 11, 10, 12, 11, 13, 12, 14, 13, 15, 14, 16, 15, 1, 6, 7, 9, 11, 16]",-4.05
15,32,"[3, 1, 2, 1, 1, 2, 2, 8, 2, 1, 1, 1, 1, 1, 1]","[2, 2, 1, 1, 1, 1, 3, 3, 3, 3, 3, 3, 3, 3, 1, 1, 1, 1, 3, 3, 3, 3, 3, 3, 3, 3, 3, 3, 3, 3, 3, 3]","[0, 1, 1, 2, 2, 3, 3, 4, 4, 5, 5, 6, 6, 7, 1, 8, 8, 9, 9, 10, 10, 11, 11, 12, 12, 13, 13, 14, 7, 3, 14, 9]","[1, 0, 2, 1, 3, 2, 4, 3, 5, 4, 6, 5, 7, 6, 8, 1, 9, 8, 10, 9, 11, 10, 12, 11, 13, 12, 14, 13, 3, 7, 9, 14]",-3.85
14,32,"[1, 1, 1, 1, 1, 1, 2, 1, 1, 1, 1, 1, 1, 2]","[3, 3, 3, 3, 3, 3, 3, 3, 3, 3, 3, 3, 3, 3, 3, 3, 3, 3, 3, 3, 3, 3, 3, 3, 3, 3, 3, 3, 3, 3, 3, 3]","[0, 1, 1, 2, 2, 3, 3, 4, 4, 5, 3, 6, 6, 7, 7, 8, 8, 9, 9, 10, 10, 11, 11, 12, 12, 13, 5, 0, 13, 2, 12, 7]","[1, 0, 2, 1, 3, 2, 4, 3, 5, 4, 6, 3, 7, 6, 8, 7, 9, 8, 10, 9, 11, 10, 12, 11, 13, 12, 0, 5, 2, 13, 7, 12]",-3.7
17,36,"[1, 1, 1, 1, 2, 3, 1, 3, 2, 2, 1, 1, 1, 1, 1, 1, 1]","[1, 1, 3, 3, 3, 3, 3, 3, 3, 3, 1, 1, 2, 2, 1, 1, 1, 1, 1, 1, 1, 1, 3, 3, 3, 3, 3, 3, 3, 3, 3, 3, 3, 3, 3, 3]","[0, 1, 1, 2, 2, 3, 3, 4, 4, 5, 3, 6, 6, 7, 6, 8, 8, 9, 9, 10, 10, 11, 11, 12, 12, 13, 13, 14, 14, 15, 15, 16, 5, 1, 16, 11]","[1, 0, 2, 1, 3, 2, 4, 3, 5, 4, 6, 3, 7, 6, 8, 6, 9, 8, 10, 9, 11, 10, 12, 11, 13, 12, 14, 13, 15, 14, 16, 15, 1, 5, 11, 16]",-2.46
16,34,"[2, 1, 2, 1, 1, 1, 1, 2, 2, 1, 1, 1, 1, 1, 1, 2]","[1, 1, 3, 3, 3, 3, 3, 3, 3, 3, 3, 3, 1, 1, 2, 2, 1, 1, 3, 3, 3, 3, 3, 3, 3, 3, 3, 3, 1, 1, 3, 3, 3, 3]","[0, 1, 1, 2, 2, 3, 3, 4, 4, 5, 5, 6, 4, 7, 7, 8, 8, 9, 9, 10, 10, 11, 11, 12, 12, 13, 13, 14, 3, 15, 6, 1, 14, 9]","[1, 0, 2, 1, 3, 2, 4, 3, 5, 4, 6, 5, 7, 4, 8, 7, 9, 8, 10, 9, 11, 10, 12, 11, 13, 12, 14, 13, 15, 3, 1, 6, 9, 14]",-4.24
22,50,"[1, 2, 1, 1, 1, 1, 1, 1, 3, 1, 3, 1, 3, 1, 1, 3, 1, 1, 1, 1, 1, 1]","[1, 1, 1, 1, 1, 1, 1, 1, 1, 1, 1, 1, 1, 1, 1, 1, 1, 1, 1, 1, 1, 1, 2, 2, 1, 1, 1, 1, 1, 1, 1, 1, 3, 3, 3, 3, 3, 3, 3, 3, 3, 3, 1, 1, 1, 1, 1, 1, 3, 3]","[0, 1, 1, 2, 2, 3, 3, 4, 4, 5, 5, 6, 6, 7, 7, 8, 8, 9, 4, 10, 10, 11, 11, 12, 11, 13, 13, 14, 14, 15, 13, 16, 16, 17, 17, 18, 18, 19, 19, 20, 20, 21, 6, 1, 9, 2, 9, 7, 21, 16]","[1, 0, 2, 1, 3, 2, 4, 3, 5, 4, 6, 5, 7, 6, 8, 7, 9, 8, 10, 4, 11, 10, 12, 11, 13, 11, 14, 13, 15, 14, 16, 13, 17, 16, 18, 17, 19, 18, 20, 19, 21, 20, 1, 6, 2, 9, 7, 9, 16, 21]",-1.24
20,42,"[1, 1, 1, 2, 1, 1, 1, 1, 1, 1, 2, 1, 1, 1, 1, 1, 3, 2, 3, 3]","[1, 1, 1, 1, 1, 1, 1, 1, 1, 1, 1, 1, 1, 1, 1, 1, 3, 3, 1, 1, 3, 3, 3, 3, 3, 3, 3, 3, 1, 1, 1, 1, 1, 1, 1, 1, 2, 2, 1, 1, 3, 3]","[0, 1, 1, 2, 1, 3, 3, 4, 4, 5, 5, 6, 6, 7, 7, 8, 8, 9, 9, 10, 9, 11, 11, 12, 12, 13, 13, 14, 13, 15, 15, 16, 12, 17, 17, 18, 17, 19, 10, 5, 14, 8]","[1, 0, 2, 1, 3, 1, 4, 3, 5, 4, 6, 5, 7, 6, 8, 7, 9, 8, 10, 9, 11, 9, 12, 11, 13, 12, 14, 13, 15, 13, 16, 15, 17, 12, 18, 17, 19, 17, 5, 10, 8, 14]",-2.97
16,34,"[1, 1, 1, 8, 1, 1, 3, 1, 3, 2, 1, 1, 1, 1, 1, 1]","[1, 1, 2, 2, 1, 1, 1, 1, 1, 1, 1, 1, 1, 1, 2, 2, 1, 1, 1, 1, 3, 3, 3, 3, 3, 3, 3, 3, 3, 3, 1, 1, 3, 3]","[0, 1, 1, 2, 2, 3, 3, 4, 4, 5, 5, 6, 2, 7, 7, 8, 7, 9, 9, 10, 10, 11, 11, 12, 12, 13, 13, 14, 14, 15, 6, 1, 15, 10]","[1, 0, 2, 1, 3, 2, 4, 3, 5, 4, 6, 5, 7, 2, 8, 7, 9, 7, 10, 9, 11, 10, 12, 11, 13, 12, 14, 13, 15, 14, 1, 6, 10, 15]",-3.14
22,48,"[3, 1, 1, 1, 2, 1, 1, 1, 1, 1, 1, 1, 1, 1, 1, 1, 1, 1, 1, 1, 1, 1]","[1, 1, 1, 1, 1, 1, 1, 1, 1, 1, 1, 1, 1, 1, 1, 1, 1, 1, 1, 1, 1, 1, 1, 1, 1, 1, 1, 1, 1, 1, 1, 1, 3, 3, 3, 3, 3, 3, 3, 3, 3, 3, 1, 1, 1, 1, 3, 3]","[0, 1, 1, 2, 2, 3, 3, 4, 4, 5, 5, 6, 6, 7, 7, 8, 8, 9, 1, 10, 10, 11, 11, 12, 12, 13, 13, 14, 14, 15, 1, 16, 16, 17, 17, 18, 18, 19, 19, 20, 20, 21, 9, 4, 15, 10, 21, 16]","[1, 0, 2, 1, 3, 2, 4, 3, 5, 4, 6, 5, 7, 6, 8, 7, 9, 8, 10, 1, 11, 10, 12, 11, 13, 12, 14, 13, 15, 14, 16, 1, 17, 16, 18, 17, 19, 18, 20, 19, 21, 20, 4, 9, 10, 15, 16, 21]",-5.2
21,46,"[3, 1, 1, 1, 2, 1, 1, 1, 1, 1, 1, 1, 1, 1, 1, 1, 1, 1, 1, 1, 1]","[1, 1, 1, 1, 1, 1, 1, 1, 1, 1, 1, 1, 1, 1, 1, 1, 1, 1, 1, 1, 1, 1, 1, 1, 1, 1, 1, 1, 1, 1, 3, 3, 3, 3, 3, 3, 3, 3, 3, 3, 1, 1, 1, 1, 3, 3]","[0, 1, 1, 2, 2, 3, 3, 4, 4, 5, 5, 6, 6, 7, 7, 8, 1, 9, 9, 10, 10, 11, 11, 12, 12, 13, 13, 14, 1, 15, 15, 16, 16, 17, 17, 18, 18, 19, 19, 20, 8, 4, 14, 9, 20, 15]","[1, 0, 2, 1, 3, 2, 4, 3, 5, 4, 6, 5, 7, 6, 8, 7, 9, 1, 10, 9, 11, 10, 12, 11, 13, 12, 14, 13, 15, 1, 16, 15, 17, 16, 18, 17, 19, 18, 20, 19, 4, 8, 9, 14, 15, 20]",-4.7
18,42,"[4, 1, 1, 4, 1, 4, 1, 1, 1, 1, 1, 1, 1, 1, 4, 1, 4, 4]","[1, 1, 2, 2, 1, 1, 1, 1, 1, 1, 1, 1, 1, 1, 1, 1, 1, 1, 1, 1, 2, 2, 1, 1, 1, 1, 1, 1, 1, 1, 1, 1, 1, 1, 1, 1, 1, 1, 1, 1, 1, 1]","[0, 1, 1, 2, 2, 3, 2, 4, 4, 5, 4, 6, 6, 7, 7, 8, 8, 9, 9, 10, 10, 11, 9, 12, 12, 13, 13, 14, 13, 15, 15, 16, 15, 17, 13, 1, 15, 4, 12, 6, 11, 7]","[1, 0, 2, 1, 3, 2, 4, 2, 5, 4, 6, 4, 7, 6, 8, 7, 9, 8, 10, 9, 11, 10, 12, 9, 13, 12, 14, 13, 15, 13, 16, 15, 17, 15, 1, 13, 4, 15, 6, 12, 7, 11]",-6.31
20,42,"[3, 1, 2, 1, 3, 1, 1, 1, 1, 1, 1, 1, 1, 1, 1, 1, 1, 1, 3, 2]","[2, 2, 1, 1, 1, 1, 2, 2, 1, 1, 1, 1, 1, 1, 1, 1, 1, 1, 1, 1, 1, 1, 1, 1, 1, 1, 1, 1, 1, 1, 1, 1, 1, 1, 2, 2, 1, 1, 1, 1, 1, 1]","[0, 1, 1, 2, 2, 3, 3, 4, 3, 5, 5, 6, 6, 7, 7, 8, 8, 9, 9, 10, 10, 11, 11, 12, 12, 13, 13, 14, 14, 15, 15, 16, 5, 17, 17, 18, 17, 19, 19, 1, 16, 5]","[1, 0, 2, 1, 3, 2, 4, 3, 5, 3, 6, 5, 7, 6, 8, 7, 9, 8, 10, 9, 11, 10, 12, 11, 13, 12, 14, 13, 15, 14, 16, 15, 17, 5, 18, 17, 19, 17, 1, 19, 5, 16]",-5.8
19,40,"[3, 1, 2, 1, 3, 1, 1, 1, 1, 1, 1, 1, 1, 1, 1, 1, 1, 3, 2]","[2, 2, 1, 1, 1, 1, 2, 2, 1, 1, 1, 1, 1, 1, 1, 1, 1, 1, 1, 1, 1, 1, 1, 1, 1, 1, 1, 1, 1, 1, 1, 1, 2, 2, 1, 1, 1, 1, 1, 1]","[0, 1, 1, 2, 2, 3, 3, 4, 3, 5, 5, 6, 6, 7, 7, 8, 8, 9, 9, 10, 10, 11, 11, 12, 12, 13, 13, 14, 14, 15, 5, 16, 16, 17, 16, 18, 18, 1, 15, 5]","[1, 0, 2, 1, 3, 2, 4, 3, 5, 3, 6, 5, 7, 6, 8, 7, 9, 8, 10, 9, 11, 10, 12, 11, 13, 12, 14, 13, 15, 14, 16, 5, 17, 16, 18, 16, 1, 18, 5, 15]",-4.59
18,38,"[1, 1, 1, 1, 3, 2, 1, 3, 2, 1, 3, 1, 1, 1, 1, 1, 1, 1]","[1, 1, 1, 1, 1, 1, 2, 2, 1, 1, 1, 1, 2, 2, 1, 1, 1, 1, 2, 2, 1, 1, 2, 2, 1, 1, 1, 1, 1, 1, 1, 1, 1, 1, 1, 1, 1, 1]","[0, 1, 1, 2, 2, 3, 3, 4, 3, 5, 5, 6, 6, 7, 6, 8, 8, 9, 9, 10, 2, 11, 11, 12, 12, 13, 13, 14, 14, 15, 15, 16, 16, 17, 9, 2, 17, 11]","[1, 0, 2, 1, 3, 2, 4, 3, 5, 3, 6, 5, 7, 6, 8, 6, 9, 8, 10, 9, 11, 2, 12, 11, 13, 12, 14, 13, 15, 14, 16, 15, 17, 16, 2, 9, 11, 17]",-3.0
16,34,"[3, 1, 2, 1, 3, 1, 1, 1, 1, 1, 1, 1, 1, 1, 3, 2]","[2, 2, 1, 1, 1, 1, 2, 2, 1, 1, 1, 1, 1, 1, 1, 1, 1, 1, 1, 1, 1, 1, 1, 1, 1, 1, 2, 2, 1, 1, 1, 1, 1, 1]","[0, 1, 1, 2, 2, 3, 3, 4, 3, 5, 5, 6, 6, 7, 7, 8, 8, 9, 9, 10, 10, 11, 11, 12, 5, 13, 13, 14, 13, 15, 15, 1, 12, 5]","[1, 0, 2, 1, 3, 2, 4, 3, 5, 3, 6, 5, 7, 6, 8, 7, 9, 8, 10, 9, 11, 10, 12, 11, 13, 5, 14, 13, 15, 13, 1, 15, 5, 12]",-2.98
14,30,"[3, 1, 2, 1, 8, 2, 1, 3, 1, 1, 1, 1, 1, 1]","[2, 2, 1, 1, 1, 1, 2, 2, 1, 1, 1, 1, 2, 2, 1, 1, 1, 1, 1, 1, 1, 1, 1, 1, 1, 1, 1, 1, 1, 1]","[0, 1, 1, 2, 2, 3, 3, 4, 3, 5, 5, 6, 6, 7, 6, 8, 8, 9, 9, 10, 10, 11, 11, 12, 12, 13, 8, 1, 13, 8]","[1, 0, 2, 1, 3, 2, 4, 3, 5, 3, 6, 5, 7, 6, 8, 6, 9, 8, 10, 9, 11, 10, 12, 11, 13, 12, 1, 8, 8, 13]",-3.46
16,32,"[1, 3, 1, 2, 2, 1, 8, 7, 8, 3, 1, 3, 1, 1, 3, 8]","[1, 1, 1, 1, 3, 3, 3, 3, 1, 1, 1, 1, 1, 1, 2, 2, 1, 1, 1, 1, 1, 1, 1, 1, 3, 3, 2, 2, 3, 3, 3, 3]","[0, 1, 1, 2, 2, 3, 3, 4, 4, 5, 5, 6, 6, 7, 7, 8, 7, 9, 9, 10, 7, 11, 11, 12, 4, 13, 13, 14, 13, 15, 15, 2]","[1, 0, 2, 1, 3, 2, 4, 3, 5, 4, 6, 5, 7, 6, 8, 7, 9, 7, 10, 9, 11, 7, 12, 11, 13, 4, 14, 13, 15, 13, 2, 15]",-3.1
14,30,"[3, 1, 2, 1, 3, 1, 1, 1, 1, 1, 1, 1, 3, 2]","[2, 2, 1, 1, 1, 1, 2, 2, 1, 1, 1, 1, 1, 1, 1, 1, 1, 1, 1, 1, 1, 1, 2, 2, 1, 1, 1, 1, 1, 1]","[0, 1, 1, 2, 2, 3, 3, 4, 3, 5, 5, 6, 6, 7, 7, 8, 8, 9, 9, 10, 5, 11, 11, 12, 11, 13, 13, 1, 10, 5]","[1, 0, 2, 1, 3, 2, 4, 3, 5, 3, 6, 5, 7, 6, 8, 7, 9, 8, 10, 9, 11, 5, 12, 11, 13, 11, 1, 13, 5, 10]",-3.06
