num_nodes,num_edges,node_feat,edge_feat,edge_index_src,edge_index_dst,solubility
12,26,"[3, 1, 2, 1, 3, 1, 1, 1, 1, 1, 3, 2]","[2, 2, 1, 1, 1, 1, 2, 2, 1, 1, 1, 1, 1, 1, 1, 1, 1, 1, 2, 2, 1, 1, 1, 1, 1, 1]","[0, 1, 1, 2, 2, 3, 3, 4, 3, 5, 5, 6, 6, 7, 7, 8, 5, 9, 9, 10, 9, 11, 11, 1, 8, 5]","[1, 0, 2, 1, 3, 2, 4, 3, 5, 3, 6, 5, 7, 6, 8, 7, 9, 5, 10, 9, 11, 9, 1, 11, 5, 8]",-1.66
11,24,"[3, 1, 2, 1, 3, 1, 1, 1, 1, 3, 2]","[2, 2, 1, 1, 1, 1, 2, 2, 1, 1, 1, 1, 1, 1, 1, 1, 2, 2, 1, 1, 1, 1, 1, 1]","[0, 1, 1, 2, 2, 3, 3, 4, 3, 5, 5, 6, 6, 7, 5, 8, 8, 9, 8, 10, 10, 1, 7, 5]","[1, 0, 2, 1, 3, 2, 4, 3, 5, 3, 6, 5, 7, 6, 8, 5, 9, 8, 10, 8, 1, 10, 5, 7]",-1.89
13,26,"[1, 1, 1, 1, 1, 1, 3, 2, 1, 1, 1, 1, 3]","[1, 1, 1, 1, 1, 1, 1, 1, 1, 1, 2, 2, 1, 1, 1, 1, 1, 1, 1, 1, 1, 1, 2, 2, 1, 1]","[0, 1, 1, 2, 2, 3, 3, 4, 2, 5, 5, 6, 5, 7, 7, 8, 8, 9, 9, 10, 9, 11, 11, 12, 11, 2]","[1, 0, 2, 1, 3, 2, 4, 3, 5, 2, 6, 5, 7, 5, 8, 7, 9, 8, 10, 9, 11, 9, 12, 11, 2, 11]",-0.38
27,60,"[1, 1, 1, 1, 3, 1, 6, 1, 1, 1, 1, 1, 1, 3, 1, 1, 1, 1, 1, 1, 1, 1, 3, 1, 3, 1, 3]","[1, 1, 1, 1, 1, 1, 1, 1, 1, 1, 1, 1, 1, 1, 1, 1, 1, 1, 1, 1, 2, 2, 1, 1, 2, 2, 1, 1, 1, 1, 1, 1, 1, 1, 1, 1, 1, 1, 1, 1, 1, 1, 1, 1, 1, 1, 2, 2, 1, 1, 1, 1, 1, 1, 1, 1, 1, 1, 1, 1]","[0, 1, 1, 2, 2, 3, 3, 4, 3, 5, 5, 6, 5, 7, 7, 8, 8, 9, 9, 10, 10, 11, 11, 12, 12, 13, 12, 14, 14, 15, 15, 16, 16, 17, 7, 18, 18, 19, 19, 20, 20, 21, 21, 22, 21, 23, 23, 24, 23, 25, 25, 26, 18, 1, 21, 1, 16, 5, 16, 10]","[1, 0, 2, 1, 3, 2, 4, 3, 5, 3, 6, 5, 7, 5, 8, 7, 9, 8, 10, 9, 11, 10, 12, 11, 13, 12, 14, 12, 15, 14, 16, 15, 17, 16, 18, 7, 19, 18, 20, 19, 21, 20, 22, 21, 23, 21, 24, 23, 25, 23, 26, 25, 1, 18, 1, 21, 5, 16, 10, 16]",-3.4342
21,46,"[3, 1, 1, 1, 3, 1, 1, 3, 1, 1, 3, 1, 1, 1, 1, 1, 1, 3, 1, 3, 1]","[1, 1, 3, 3, 3, 3, 1, 1, 3, 3, 1, 1, 2, 2, 1, 1, 1, 1, 1, 1, 1, 1, 3, 3, 1, 1, 3, 3, 3, 3, 3, 3, 1, 1, 3, 3, 1, 1, 3, 3, 3, 3, 3, 3, 3, 3]","[0, 1, 1, 2, 2, 3, 3, 4, 3, 5, 5, 6, 6, 7, 6, 8, 8, 9, 9, 10, 10, 11, 11, 12, 9, 13, 13, 14, 14, 15, 15, 16, 16, 17, 16, 18, 18, 19, 18, 20, 12, 1, 11, 5, 20, 13]","[1, 0, 2, 1, 3, 2, 4, 3, 5, 3, 6, 5, 7, 6, 8, 6, 9, 8, 10, 9, 11, 10, 12, 11, 13, 9, 14, 13, 15, 14, 16, 15, 17, 16, 18, 16, 19, 18, 20, 18, 1, 12, 5, 11, 13, 20]",-3.6147
22,48,"[2, 1, 1, 1, 1, 1, 1, 8, 3, 3, 2, 1, 1, 1, 2, 2, 1, 1, 1, 1, 1, 1]","[1, 1, 3, 3, 3, 3, 3, 3, 3, 3, 3, 3, 1, 1, 2, 2, 2, 2, 1, 1, 1, 1, 3, 3, 3, 3, 3, 3, 3, 3, 1, 1, 3, 3, 3, 3, 3, 3, 3, 3, 3, 3, 3, 3, 3, 3, 3, 3]","[0, 1, 1, 2, 2, 3, 3, 4, 4, 5, 5, 6, 4, 7, 7, 8, 7, 9, 7, 10, 10, 11, 11, 12, 12, 13, 13, 14, 14, 15, 15, 16, 16, 17, 17, 18, 18, 19, 19, 20, 20, 21, 6, 1, 15, 11, 21, 16]","[1, 0, 2, 1, 3, 2, 4, 3, 5, 4, 6, 5, 7, 4, 8, 7, 9, 7, 10, 7, 11, 10, 12, 11, 13, 12, 14, 13, 15, 14, 16, 15, 17, 16, 18, 17, 19, 18, 20, 19, 21, 20, 1, 6, 11, 15, 16, 21]",-2.3213
29,70,"[1, 3, 1, 1, 1, 2, 1, 1, 1, 1, 1, 3, 3, 1, 1, 1, 1, 2, 1, 1, 1, 1, 1, 1, 1, 1, 1, 3, 1]","[1, 1, 1, 1, 3, 3, 3, 3, 1, 1, 1, 1, 1, 1, 1, 1, 1, 1, 1, 1, 2, 2, 1, 1, 1, 1, 1, 1, 2, 2, 1, 1, 1, 1, 1, 1, 1, 1, 1, 1, 1, 1, 1, 1, 1, 1, 1, 1, 3, 3, 3, 3, 1, 1, 1, 1, 3, 3, 3, 3, 1, 1, 1, 1, 1, 1, 1, 1, 1, 1]","[0, 1, 1, 2, 2, 3, 3, 4, 4, 5, 5, 6, 6, 7, 7, 8, 8, 9, 9, 10, 10, 11, 8, 12, 12, 13, 13, 14, 14, 15, 15, 16, 16, 17, 17, 18, 18, 19, 19, 20, 20, 21, 21, 22, 22, 23, 20, 24, 24, 25, 25, 26, 26, 27, 27, 28, 26, 2, 24, 4, 10, 5, 20, 6, 23, 7, 23, 15, 21, 17]","[1, 0, 2, 1, 3, 2, 4, 3, 5, 4, 6, 5, 7, 6, 8, 7, 9, 8, 10, 9, 11, 10, 12, 8, 13, 12, 14, 13, 15, 14, 16, 15, 17, 16, 18, 17, 19, 18, 20, 19, 21, 20, 22, 21, 23, 22, 24, 20, 25, 24, 26, 25, 27, 26, 28, 27, 2, 26, 4, 24, 5, 10, 6, 20, 7, 23, 15, 23, 17, 21]",-2.0909
10,22,"[3, 1, 2, 1, 2, 1, 2, 2, 1, 1]","[2, 2, 3, 3, 3, 3, 3, 3, 3, 3, 3, 3, 3, 3, 3, 3, 3, 3, 3, 3, 1, 1]","[0, 1, 1, 2, 2, 3, 3, 4, 4, 5, 5, 6, 6, 7, 7, 8, 8, 9, 9, 1, 9, 5]","[1, 0, 2, 1, 3, 2, 4, 3, 5, 4, 6, 5, 7, 6, 8, 7, 9, 8, 1, 9, 5, 9]",-2.3788
24,52,"[1, 3, 1, 1, 1, 3, 1, 1, 1, 1, 3, 1, 1, 4, 1, 3, 1, 1, 1, 3, 1, 1, 1, 3]","[1, 1, 1, 1, 1, 1, 1, 1, 2, 2, 1, 1, 1, 1, 1, 1, 1, 1, 1, 1, 1, 1, 3, 3, 1, 1, 3, 3, 1, 1, 1, 1, 3, 3, 3, 3, 1, 1, 1, 1, 3, 3, 1, 1, 2, 2, 1, 1, 1, 1, 3, 3]","[0, 1, 1, 2, 2, 3, 3, 4, 4, 5, 4, 6, 6, 7, 7, 8, 7, 9, 9, 10, 10, 11, 11, 12, 12, 13, 12, 14, 14, 15, 15, 16, 14, 17, 17, 18, 18, 19, 19, 20, 18, 21, 21, 22, 22, 23, 9, 2, 22, 9, 21, 11]","[1, 0, 2, 1, 3, 2, 4, 3, 5, 4, 6, 4, 7, 6, 8, 7, 9, 7, 10, 9, 11, 10, 12, 11, 13, 12, 14, 12, 15, 14, 16, 15, 17, 14, 18, 17, 19, 18, 20, 19, 21, 18, 22, 21, 23, 22, 2, 9, 9, 22, 11, 21]",-4.611000000000001
19,42,"[2, 1, 2, 1, 2, 1, 2, 1, 1, 1, 1, 3, 1, 1, 3, 1, 3, 1, 3]","[1, 1, 3, 3, 3, 3, 3, 3, 3, 3, 3, 3, 3, 3, 3, 3, 3, 3, 1, 1, 1, 1, 1, 1, 1, 1, 1, 1, 1, 1, 1, 1, 1, 1, 1, 1, 3, 3, 3, 3, 1, 1]","[0, 1, 1, 2, 2, 3, 3, 4, 4, 5, 5, 6, 6, 7, 7, 8, 8, 9, 6, 10, 10, 11, 11, 12, 12, 13, 13, 14, 12, 15, 15, 16, 15, 17, 17, 18, 9, 1, 9, 5, 17, 10]","[1, 0, 2, 1, 3, 2, 4, 3, 5, 4, 6, 5, 7, 6, 8, 7, 9, 8, 10, 6, 11, 10, 12, 11, 13, 12, 14, 13, 15, 12, 16, 15, 17, 15, 18, 17, 1, 9, 5, 9, 10, 17]",-1.9515
14,30,"[3, 2, 3, 1, 8, 1, 2, 1, 2, 1, 1, 2, 1, 3]","[1, 1, 2, 2, 1, 1, 3, 3, 3, 3, 3, 3, 3, 3, 1, 1, 1, 1, 1, 1, 1, 1, 1, 1, 2, 2, 3, 3, 1, 1]","[0, 1, 1, 2, 1, 3, 3, 4, 4, 5, 5, 6, 6, 7, 5, 8, 8, 9, 9, 10, 10, 11, 11, 12, 12, 13, 7, 3, 12, 8]","[1, 0, 2, 1, 3, 1, 4, 3, 5, 4, 6, 5, 7, 6, 8, 5, 9, 8, 10, 9, 11, 10, 12, 11, 13, 12, 3, 7, 8, 12]",-3.2169
25,62,"[3, 1, 1, 1, 3, 1, 1, 1, 1, 2, 1, 1, 1, 1, 1, 1, 1, 1, 2, 1, 1, 1, 1, 1, 1]","[2, 2, 1, 1, 1, 1, 1, 1, 1, 1, 1, 1, 2, 2, 1, 1, 1, 1, 1, 1, 1, 1, 1, 1, 1, 1, 1, 1, 1, 1, 1, 1, 1, 1, 1, 1, 1, 1, 3, 3, 3, 3, 3, 3, 3, 3, 3, 3, 1, 1, 1, 1, 1, 1, 1, 1, 1, 1, 1, 1, 3, 3]","[0, 1, 1, 2, 2, 3, 3, 4, 4, 5, 5, 6, 6, 7, 7, 8, 8, 9, 9, 10, 10, 11, 11, 12, 12, 13, 13, 14, 14, 15, 15, 16, 16, 17, 17, 18, 18, 19, 19, 20, 20, 21, 21, 22, 22, 23, 23, 24, 18, 1, 16, 3, 15, 7, 13, 9, 17, 12, 24, 12, 24, 19]","[1, 0, 2, 1, 3, 2, 4, 3, 5, 4, 6, 5, 7, 6, 8, 7, 9, 8, 10, 9, 11, 10, 12, 11, 13, 12, 14, 13, 15, 14, 16, 15, 17, 16, 18, 17, 19, 18, 20, 19, 21, 20, 22, 21, 23, 22, 24, 23, 1, 18, 3, 16, 7, 15, 9, 13, 12, 17, 12, 24, 19, 24]",-3.3202
8,16,"[3, 1, 2, 2, 1, 3, 1, 1]","[2, 2, 3, 3, 3, 3, 3, 3, 2, 2, 3, 3, 3, 3, 3, 3]","[0, 1, 1, 2, 2, 3, 3, 4, 4, 5, 4, 6, 6, 7, 7, 1]","[1, 0, 2, 1, 3, 2, 4, 3, 5, 4, 6, 4, 7, 6, 1, 7]",-1.2714
20,42,"[1, 1, 1, 1, 1, 1, 3, 1, 1, 1, 3, 1, 1, 1, 1, 3, 2, 1, 3, 1]","[1, 1, 1, 1, 1, 1, 1, 1, 1, 1, 2, 2, 1, 1, 1, 1, 1, 1, 1, 1, 1, 1, 1, 1, 1, 1, 1, 1, 2, 2, 1, 1, 1, 1, 2, 2, 1, 1, 1, 1, 1, 1]","[0, 1, 1, 2, 2, 3, 3, 4, 3, 5, 5, 6, 5, 7, 7, 8, 7, 9, 9, 10, 9, 11, 11, 12, 12, 13, 13, 14, 14, 15, 14, 16, 16, 17, 17, 18, 17, 19, 8, 1, 19, 12]","[1, 0, 2, 1, 3, 2, 4, 3, 5, 3, 6, 5, 7, 5, 8, 7, 9, 7, 10, 9, 11, 9, 12, 11, 13, 12, 14, 13, 15, 14, 16, 14, 17, 16, 18, 17, 19, 17, 1, 8, 12, 19]",-1.127
16,34,"[1, 1, 1, 1, 3, 2, 1, 2, 1, 3, 1, 1, 1, 1, 1, 1]","[1, 1, 1, 1, 1, 1, 2, 2, 1, 1, 1, 1, 1, 1, 1, 1, 2, 2, 1, 1, 3, 3, 3, 3, 3, 3, 3, 3, 3, 3, 1, 1, 3, 3]","[0, 1, 1, 2, 2, 3, 3, 4, 3, 5, 5, 6, 6, 7, 7, 8, 8, 9, 2, 10, 10, 11, 11, 12, 12, 13, 13, 14, 14, 15, 8, 2, 15, 10]","[1, 0, 2, 1, 3, 2, 4, 3, 5, 3, 6, 5, 7, 6, 8, 7, 9, 8, 10, 2, 11, 10, 12, 11, 13, 12, 14, 13, 15, 14, 2, 8, 10, 15]",-2.64
7,14,"[1, 1, 1, 1, 3, 2, 3]","[1, 1, 3, 3, 3, 3, 2, 2, 3, 3, 3, 3, 3, 3]","[0, 1, 1, 2, 2, 3, 3, 4, 3, 5, 5, 6, 6, 1]","[1, 0, 2, 1, 3, 2, 4, 3, 5, 3, 6, 5, 1, 6]",-0.0666
6,12,"[3, 8, 3, 1, 1, 3]","[2, 2, 1, 1, 1, 1, 1, 1, 1, 1, 1, 1]","[0, 1, 1, 2, 2, 3, 3, 4, 4, 5, 5, 1]","[1, 0, 2, 1, 3, 2, 4, 3, 5, 4, 1, 5]",0.2214
24,50,"[1, 1, 1, 1, 1, 1, 1, 1, 3, 1, 1, 1, 1, 1, 1, 3, 8, 3, 3, 1, 1, 1, 1, 1]","[1, 1, 1, 1, 1, 1, 1, 1, 3, 3, 3, 3, 3, 3, 1, 1, 1, 1, 1, 1, 1, 1, 1, 1, 1, 1, 1, 1, 1, 1, 1, 1, 2, 2, 1, 1, 1, 1, 1, 1, 4, 4, 3, 3, 3, 3, 3, 3, 1, 1]","[0, 1, 1, 2, 1, 3, 1, 4, 4, 5, 5, 6, 6, 7, 7, 8, 8, 9, 9, 10, 10, 11, 11, 12, 12, 13, 13, 14, 14, 15, 15, 16, 16, 17, 16, 18, 18, 19, 19, 20, 20, 21, 7, 22, 22, 23, 23, 4, 14, 9]","[1, 0, 2, 1, 3, 1, 4, 1, 5, 4, 6, 5, 7, 6, 8, 7, 9, 8, 10, 9, 11, 10, 12, 11, 13, 12, 14, 13, 15, 14, 16, 15, 17, 16, 18, 16, 19, 18, 20, 19, 21, 20, 22, 7, 23, 22, 4, 23, 9, 14]",-5.8457
20,44,"[4, 1, 1, 4, 1, 4, 1, 1, 3, 8, 3, 3, 3, 1, 1, 1, 4, 1, 4, 4]","[1, 1, 2, 2, 1, 1, 1, 1, 1, 1, 1, 1, 1, 1, 1, 1, 1, 1, 2, 2, 2, 2, 1, 1, 1, 1, 1, 1, 1, 1, 1, 1, 1, 1, 1, 1, 1, 1, 1, 1, 1, 1, 1, 1]","[0, 1, 1, 2, 2, 3, 2, 4, 4, 5, 4, 6, 6, 7, 7, 8, 8, 9, 9, 10, 9, 11, 9, 12, 12, 13, 13, 14, 14, 15, 15, 16, 15, 17, 17, 18, 17, 19, 15, 1, 17, 4, 14, 6]","[1, 0, 2, 1, 3, 2, 4, 2, 5, 4, 6, 4, 7, 6, 8, 7, 9, 8, 10, 9, 11, 9, 12, 9, 13, 12, 14, 13, 15, 14, 16, 15, 17, 15, 18, 17, 19, 17, 1, 15, 4, 17, 6, 14]",-5.945
23,48,"[1, 3, 1, 1, 1, 1, 1, 2, 2, 1, 1, 8, 3, 1, 1, 1, 1, 1, 1, 1, 1, 1, 1]","[1, 1, 1, 1, 3, 3, 3, 3, 3, 3, 3, 3, 3, 3, 1, 1, 1, 1, 1, 1, 2, 2, 1, 1, 1, 1, 3, 3, 3, 3, 3, 3, 3, 3, 3, 3, 1, 1, 1, 1, 1, 1, 1, 1, 3, 3, 3, 3]","[0, 1, 1, 2, 2, 3, 3, 4, 4, 5, 5, 6, 6, 7, 6, 8, 8, 9, 8, 10, 10, 11, 10, 12, 12, 13, 13, 14, 14, 15, 15, 16, 16, 17, 17, 18, 17, 19, 19, 20, 19, 21, 19, 22, 7, 2, 18, 13]","[1, 0, 2, 1, 3, 2, 4, 3, 5, 4, 6, 5, 7, 6, 8, 6, 9, 8, 10, 8, 11, 10, 12, 10, 13, 12, 14, 13, 15, 14, 16, 15, 17, 16, 18, 17, 19, 17, 20, 19, 21, 19, 22, 19, 2, 7, 13, 18]",-6.013999999999999
6,12,"[3, 1, 1, 1, 1, 8]","[2, 2, 1, 1, 1, 1, 2, 2, 1, 1, 1, 1]","[0, 1, 1, 2, 2, 3, 3, 4, 4, 5, 5, 1]","[1, 0, 2, 1, 3, 2, 4, 3, 5, 4, 1, 5]",-0.2225
16,30,"[4, 4, 1, 2, 1, 1, 1, 1, 1, 1, 1, 1, 2, 1, 1, 1]","[1, 1, 3, 3, 3, 3, 3, 3, 3, 3, 3, 3, 1, 1, 3, 3, 3, 3, 3, 3, 1, 1, 3, 3, 3, 3, 3, 3, 3, 3]","[2, 3, 3, 4, 4, 5, 5, 6, 6, 7, 7, 8, 6, 9, 9, 10, 10, 11, 11, 12, 12, 13, 12, 14, 14, 15, 8, 3, 15, 9]","[3, 2, 4, 3, 5, 4, 6, 5, 7, 6, 8, 7, 9, 6, 10, 9, 11, 10, 12, 11, 13, 12, 14, 12, 15, 14, 3, 8, 9, 15]",0.4349
9,18,"[1, 1, 3, 1, 1, 2, 1, 1, 8]","[1, 1, 2, 2, 1, 1, 1, 1, 2, 2, 1, 1, 1, 1, 1, 1, 1, 1]","[0, 1, 1, 2, 1, 3, 3, 4, 4, 5, 5, 6, 6, 7, 7, 8, 8, 4]","[1, 0, 2, 1, 3, 1, 4, 3, 5, 4, 6, 5, 7, 6, 8, 7, 4, 8]",-1.156
14,30,"[1, 2, 2, 1, 1, 1, 8, 1, 1, 1, 1, 1, 1, 1]","[1, 1, 3, 3, 3, 3, 3, 3, 3, 3, 2, 2, 1, 1, 1, 1, 3, 3, 3, 3, 3, 3, 3, 3, 3, 3, 3, 3, 3, 3]","[0, 1, 1, 2, 2, 3, 3, 4, 4, 5, 5, 6, 3, 7, 2, 8, 8, 9, 9, 10, 10, 11, 11, 12, 12, 13, 5, 1, 13, 8]","[1, 0, 2, 1, 3, 2, 4, 3, 5, 4, 6, 5, 7, 3, 8, 2, 9, 8, 10, 9, 11, 10, 12, 11, 13, 12, 1, 5, 8, 13]",-1.6668
16,36,"[3, 1, 1, 3, 1, 1, 1, 1, 1, 1, 1, 1, 1, 1, 1, 1]","[2, 2, 1, 1, 2, 2, 1, 1, 3, 3, 3, 3, 3, 3, 3, 3, 3, 3, 1, 1, 3, 3, 3, 3, 3, 3, 3, 3, 3, 3, 1, 1, 3, 3, 3, 3]","[0, 1, 1, 2, 2, 3, 2, 4, 4, 5, 5, 6, 6, 7, 7, 8, 8, 9, 9, 10, 10, 11, 11, 12, 12, 13, 13, 14, 14, 15, 15, 1, 9, 4, 15, 10]","[1, 0, 2, 1, 3, 2, 4, 2, 5, 4, 6, 5, 7, 6, 8, 7, 9, 8, 10, 9, 11, 10, 12, 11, 13, 12, 14, 13, 15, 14, 1, 15, 4, 9, 10, 15]",-4.4435
16,34,"[1, 1, 1, 2, 1, 3, 1, 1, 1, 1, 1, 1, 2, 8, 3, 3]","[1, 1, 1, 1, 1, 1, 1, 1, 2, 2, 1, 1, 3, 3, 3, 3, 3, 3, 3, 3, 3, 3, 1, 1, 1, 1, 2, 2, 2, 2, 1, 1, 3, 3]","[0, 1, 1, 2, 1, 3, 3, 4, 4, 5, 4, 6, 6, 7, 7, 8, 8, 9, 9, 10, 10, 11, 11, 12, 12, 13, 13, 14, 13, 15, 13, 3, 11, 6]","[1, 0, 2, 1, 3, 1, 4, 3, 5, 4, 6, 4, 7, 6, 8, 7, 9, 8, 10, 9, 11, 10, 12, 11, 13, 12, 14, 13, 15, 13, 3, 13, 6, 11]",-2.6817
28,60,"[1, 2, 2, 1, 1, 1, 1, 3, 1, 1, 1, 1, 4, 1, 1, 4, 1, 3, 8, 3, 3, 1, 1, 1, 1, 1, 1, 1]","[1, 1, 3, 3, 3, 3, 1, 1, 3, 3, 1, 1, 2, 2, 1, 1, 3, 3, 3, 3, 3, 3, 1, 1, 3, 3, 3, 3, 1, 1, 3, 3, 1, 1, 1, 1, 2, 2, 2, 2, 1, 1, 3, 3, 3, 3, 3, 3, 1, 1, 3, 3, 3, 3, 3, 3, 3, 3, 3, 3]","[0, 1, 1, 2, 2, 3, 3, 4, 3, 5, 5, 6, 6, 7, 6, 8, 8, 9, 9, 10, 10, 11, 11, 12, 11, 13, 13, 14, 14, 15, 5, 16, 16, 17, 17, 18, 18, 19, 18, 20, 18, 21, 21, 22, 22, 23, 23, 24, 24, 25, 24, 26, 26, 27, 16, 1, 14, 8, 27, 21]","[1, 0, 2, 1, 3, 2, 4, 3, 5, 3, 6, 5, 7, 6, 8, 6, 9, 8, 10, 9, 11, 10, 12, 11, 13, 11, 14, 13, 15, 14, 16, 5, 17, 16, 18, 17, 19, 18, 20, 18, 21, 18, 22, 21, 23, 22, 24, 23, 25, 24, 26, 24, 27, 26, 1, 16, 8, 14, 21, 27]",-6.8946
20,46,"[1, 1, 1, 1, 2, 1, 1, 1, 1, 1, 1, 1, 1, 1, 1, 1, 1, 1, 1, 2]","[3, 3, 3, 3, 3, 3, 3, 3, 3, 3, 3, 3, 3, 3, 3, 3, 3, 3, 1, 1, 3, 3, 3, 3, 3, 3, 3, 3, 3, 3, 3, 3, 3, 3, 3, 3, 3, 3, 3, 3, 3, 3, 3, 3, 3, 3]","[0, 1, 1, 2, 2, 3, 3, 4, 4, 5, 5, 6, 6, 7, 7, 8, 8, 9, 5, 10, 10, 11, 11, 12, 12, 13, 13, 14, 14, 15, 15, 16, 16, 17, 17, 18, 18, 19, 9, 0, 8, 3, 19, 10, 18, 13]","[1, 0, 2, 1, 3, 2, 4, 3, 5, 4, 6, 5, 7, 6, 8, 7, 9, 8, 10, 5, 11, 10, 12, 11, 13, 12, 14, 13, 15, 14, 16, 15, 17, 16, 18, 17, 19, 18, 0, 9, 3, 8, 10, 19, 13, 18]",-5.4002
14,32,"[1, 1, 1, 1, 1, 1, 1, 1, 1, 2, 1, 1, 1, 1]","[3, 3, 3, 3, 3, 3, 3, 3, 3, 3, 3, 3, 3, 3, 3, 3, 3, 3, 3, 3, 3, 3, 3, 3, 3, 3, 3, 3, 3, 3, 3, 3]","[0, 1, 1, 2, 2, 3, 3, 4, 4, 5, 4, 6, 6, 7, 7, 8, 8, 9, 9, 10, 10, 11, 11, 12, 12, 13, 5, 0, 13, 3, 13, 8]","[1, 0, 2, 1, 3, 2, 4, 3, 5, 4, 6, 4, 7, 6, 8, 7, 9, 8, 10, 9, 11, 10, 12, 11, 13, 12, 0, 5, 3, 13, 8, 13]",-3.3574
14,32,"[1, 1, 2, 1, 1, 1, 1, 1, 1, 2, 1, 1, 1, 1]","[3, 3, 3, 3, 3, 3, 3, 3, 3, 3, 3, 3, 3, 3, 3, 3, 3, 3, 3, 3, 3, 3, 3, 3, 3, 3, 3, 3, 3, 3, 3, 3]","[0, 1, 1, 2, 2, 3, 3, 4, 4, 5, 4, 6, 6, 7, 7, 8, 8, 9, 9, 10, 10, 11, 11, 12, 12, 13, 5, 0, 13, 3, 13, 8]","[1, 0, 2, 1, 3, 2, 4, 3, 5, 4, 6, 4, 7, 6, 8, 7, 9, 8, 10, 9, 11, 10, 12, 11, 13, 12, 0, 5, 3, 13, 8, 13]",-2.6806
12,26,"[1, 1, 1, 1, 1, 2, 1, 1, 1, 2, 1, 1]","[3, 3, 3, 3, 3, 3, 3, 3, 3, 3, 1, 1, 3, 3, 3, 3, 3, 3, 3, 3, 3, 3, 3, 3, 3, 3]","[0, 1, 1, 2, 2, 3, 3, 4, 4, 5, 2, 6, 6, 7, 7, 8, 8, 9, 9, 10, 10, 11, 5, 0, 11, 6]","[1, 0, 2, 1, 3, 2, 4, 3, 5, 4, 6, 2, 7, 6, 8, 7, 9, 8, 10, 9, 11, 10, 0, 5, 6, 11]",-1.5376
12,26,"[1, 1, 1, 1, 2, 1, 1, 1, 1, 1, 1, 2]","[3, 3, 3, 3, 3, 3, 3, 3, 3, 3, 1, 1, 3, 3, 3, 3, 3, 3, 3, 3, 3, 3, 3, 3, 3, 3]","[0, 1, 1, 2, 2, 3, 3, 4, 4, 5, 3, 6, 6, 7, 7, 8, 8, 9, 9, 10, 10, 11, 5, 0, 11, 6]","[1, 0, 2, 1, 3, 2, 4, 3, 5, 4, 6, 3, 7, 6, 8, 7, 9, 8, 10, 9, 11, 10, 0, 5, 6, 11]",-1.4206
19,40,"[1, 1, 3, 7, 3, 8, 1, 1, 1, 1, 1, 1, 8, 1, 1, 1, 1, 1, 1]","[1, 1, 1, 1, 1, 1, 2, 2, 1, 1, 1, 1, 3, 3, 3, 3, 3, 3, 3, 3, 3, 3, 1, 1, 1, 1, 3, 3, 3, 3, 3, 3, 3, 3, 3, 3, 3, 3, 3, 3]","[0, 1, 1, 2, 2, 3, 3, 4, 3, 5, 5, 6, 6, 7, 7, 8, 8, 9, 9, 10, 10, 11, 3, 12, 12, 13, 13, 14, 14, 15, 15, 16, 16, 17, 17, 18, 11, 6, 18, 13]","[1, 0, 2, 1, 3, 2, 4, 3, 5, 3, 6, 5, 7, 6, 8, 7, 9, 8, 10, 9, 11, 10, 12, 3, 13, 12, 14, 13, 15, 14, 16, 15, 17, 16, 18, 17, 6, 11, 13, 18]",-3.3305
13,28,"[1, 3, 7, 8, 3, 1, 1, 1, 1, 1, 1, 1, 3]","[1, 1, 1, 1, 2, 2, 1, 1, 1, 1, 1, 1, 3, 3, 3, 3, 3, 3, 3, 3, 3, 3, 1, 1, 1, 1, 3, 3]","[0, 1, 1, 2, 2, 3, 2, 4, 4, 5, 5, 6, 6, 7, 7, 8, 8, 9, 9, 10, 10, 11, 11, 12, 12, 2, 11, 6]","[1, 0, 2, 1, 3, 2, 4, 2, 5, 4, 6, 5, 7, 6, 8, 7, 9, 8, 10, 9, 11, 10, 12, 11, 2, 12, 6, 11]",-3.5714
14,28,"[4, 1, 1, 2, 1, 1, 4, 7, 3, 2, 1, 1, 1, 3]","[1, 1, 1, 1, 1, 1, 1, 1, 1, 1, 1, 1, 1, 1, 2, 2, 1, 1, 1, 1, 1, 1, 1, 1, 1, 1, 1, 1]","[0, 1, 1, 2, 2, 3, 3, 4, 4, 5, 5, 6, 3, 7, 7, 8, 7, 9, 9, 10, 10, 11, 11, 12, 12, 13, 13, 7]","[1, 0, 2, 1, 3, 2, 4, 3, 5, 4, 6, 5, 7, 3, 8, 7, 9, 7, 10, 9, 11, 10, 12, 11, 13, 12, 7, 13]",-0.8147
6,12,"[8, 1, 2, 1, 1, 2]","[2, 2, 1, 1, 1, 1, 1, 1, 1, 1, 1, 1]","[0, 1, 1, 2, 2, 3, 3, 4, 4, 5, 5, 1]","[1, 0, 2, 1, 3, 2, 4, 3, 5, 4, 1, 5]",-0.7083
9,20,"[3, 1, 2, 1, 1, 1, 1, 1, 1]","[3, 3, 3, 3, 3, 3, 3, 3, 3, 3, 3, 3, 3, 3, 3, 3, 3, 3, 3, 3]","[0, 1, 1, 2, 2, 3, 3, 4, 4, 5, 5, 6, 6, 7, 7, 8, 8, 0, 8, 3]","[1, 0, 2, 1, 3, 2, 4, 3, 5, 4, 6, 5, 7, 6, 8, 7, 0, 8, 3, 8]",-1.1548
9,20,"[2, 2, 1, 1, 1, 1, 1, 1, 1]","[3, 3, 3, 3, 3, 3, 3, 3, 3, 3, 3, 3, 3, 3, 3, 3, 3, 3, 3, 3]","[0, 1, 1, 2, 2, 3, 3, 4, 4, 5, 5, 6, 6, 7, 7, 8, 8, 0, 8, 3]","[1, 0, 2, 1, 3, 2, 4, 3, 5, 4, 6, 5, 7, 6, 8, 7, 0, 8, 3, 8]",-2.1554
7,14,"[1, 1, 1, 1, 1, 1, 1]","[1, 1, 2, 2, 1, 1, 2, 2, 1, 1, 2, 2, 1, 1]","[0, 1, 1, 2, 2, 3, 3, 4, 4, 5, 5, 6, 6, 0]","[1, 0, 2, 1, 3, 2, 4, 3, 5, 4, 6, 5, 0, 6]",-2.1721
25,58,"[1, 1, 1, 3, 1, 1, 1, 3, 1, 3, 1, 1, 1, 1, 3, 1, 1, 1, 1, 1, 1, 1, 1, 3, 3]","[1, 1, 1, 1, 1, 1, 1, 1, 2, 2, 1, 1, 1, 1, 1, 1, 2, 2, 1, 1, 1, 1, 1, 1, 1, 1, 1, 1, 1, 1, 1, 1, 1, 1, 1, 1, 2, 2, 1, 1, 1, 1, 1, 1, 1, 1, 2, 2, 1, 1, 1, 1, 1, 1, 1, 1, 1, 1]","[0, 1, 1, 2, 2, 3, 2, 4, 4, 5, 5, 6, 6, 7, 7, 8, 8, 9, 6, 10, 10, 11, 11, 12, 12, 13, 13, 14, 13, 15, 15, 16, 16, 17, 17, 18, 18, 19, 16, 20, 20, 21, 20, 22, 22, 23, 22, 24, 8, 1, 21, 1, 21, 6, 16, 10, 18, 13]","[1, 0, 2, 1, 3, 2, 4, 2, 5, 4, 6, 5, 7, 6, 8, 7, 9, 8, 10, 6, 11, 10, 12, 11, 13, 12, 14, 13, 15, 13, 16, 15, 17, 16, 18, 17, 19, 18, 20, 16, 21, 20, 22, 20, 23, 22, 24, 22, 1, 8, 1, 21, 6, 21, 10, 16, 13, 18]",-1.8406
17,40,"[1, 1, 1, 1, 1, 1, 1, 1, 1, 1, 1, 1, 1, 1, 1, 1, 1]","[1, 1, 3, 3, 3, 3, 3, 3, 3, 3, 3, 3, 1, 1, 3, 3, 3, 3, 3, 3, 3, 3, 3, 3, 3, 3, 3, 3, 3, 3, 3, 3, 1, 1, 3, 3, 3, 3, 3, 3]","[0, 1, 1, 2, 2, 3, 3, 4, 4, 5, 5, 6, 6, 7, 7, 8, 8, 9, 9, 10, 10, 11, 11, 12, 12, 13, 13, 14, 14, 15, 15, 16, 16, 0, 6, 1, 16, 7, 14, 9]","[1, 0, 2, 1, 3, 2, 4, 3, 5, 4, 6, 5, 7, 6, 8, 7, 9, 8, 10, 9, 11, 10, 12, 11, 13, 12, 14, 13, 15, 14, 16, 15, 0, 16, 1, 6, 7, 16, 9, 14]",-7.733
22,52,"[1, 1, 1, 1, 1, 1, 1, 1, 1, 1, 1, 1, 1, 1, 1, 1, 1, 1, 1, 1, 1, 1]","[3, 3, 3, 3, 3, 3, 3, 3, 3, 3, 3, 3, 3, 3, 3, 3, 3, 3, 3, 3, 3, 3, 3, 3, 3, 3, 3, 3, 3, 3, 3, 3, 3, 3, 3, 3, 3, 3, 3, 3, 3, 3, 3, 3, 3, 3, 3, 3, 3, 3, 3, 3]","[0, 1, 1, 2, 2, 3, 3, 4, 4, 5, 4, 6, 6, 7, 7, 8, 8, 9, 9, 10, 10, 11, 11, 12, 12, 13, 13, 14, 14, 15, 15, 16, 16, 17, 17, 18, 18, 19, 19, 20, 20, 21, 5, 0, 21, 3, 21, 8, 19, 10, 18, 13]","[1, 0, 2, 1, 3, 2, 4, 3, 5, 4, 6, 4, 7, 6, 8, 7, 9, 8, 10, 9, 11, 10, 12, 11, 13, 12, 14, 13, 15, 14, 16, 15, 17, 16, 18, 17, 19, 18, 20, 19, 21, 20, 0, 5, 3, 21, 8, 21, 10, 19, 13, 18]",-8.4318
18,42,"[1, 1, 1, 1, 1, 1, 1, 1, 1, 1, 1, 1, 1, 1, 1, 1, 1, 1]","[3, 3, 3, 3, 3, 3, 3, 3, 3, 3, 3, 3, 3, 3, 3, 3, 3, 3, 3, 3, 3, 3, 3, 3, 3, 3, 3, 3, 3, 3, 3, 3, 3, 3, 3, 3, 3, 3, 3, 3, 3, 3]","[0, 1, 1, 2, 2, 3, 3, 4, 4, 5, 4, 6, 6, 7, 7, 8, 8, 9, 9, 10, 10, 11, 11, 12, 12, 13, 13, 14, 14, 15, 15, 16, 16, 17, 5, 0, 17, 3, 11, 6, 17, 12]","[1, 0, 2, 1, 3, 2, 4, 3, 5, 4, 6, 4, 7, 6, 8, 7, 9, 8, 10, 9, 11, 10, 12, 11, 13, 12, 14, 13, 15, 14, 16, 15, 17, 16, 0, 5, 3, 17, 6, 11, 12, 17]",-6.7447
22,52,"[1, 1, 1, 1, 1, 1, 1, 1, 1, 1, 1, 1, 1, 1, 1, 1, 1, 1, 1, 1, 1, 1]","[3, 3, 3, 3, 3, 3, 3, 3, 3, 3, 3, 3, 3, 3, 3, 3, 3, 3, 3, 3, 3, 3, 3, 3, 3, 3, 3, 3, 3, 3, 3, 3, 3, 3, 3, 3, 3, 3, 3, 3, 3, 3, 3, 3, 3, 3, 3, 3, 3, 3, 3, 3]","[0, 1, 1, 2, 2, 3, 3, 4, 4, 5, 5, 6, 6, 7, 7, 8, 8, 9, 9, 10, 10, 11, 11, 12, 12, 13, 13, 14, 14, 15, 15, 16, 16, 17, 17, 18, 18, 19, 19, 20, 20, 21, 21, 0, 20, 3, 18, 5, 11, 6, 17, 12]","[1, 0, 2, 1, 3, 2, 4, 3, 5, 4, 6, 5, 7, 6, 8, 7, 9, 8, 10, 9, 11, 10, 12, 11, 13, 12, 14, 13, 15, 14, 16, 15, 17, 16, 18, 17, 19, 18, 20, 19, 21, 20, 0, 21, 3, 20, 5, 18, 6, 11, 12, 17]",-8.2405
12,28,"[1, 1, 1, 1, 1, 1, 1, 1, 1, 1, 1, 1]","[3, 3, 3, 3, 3, 3, 3, 3, 3, 3, 3, 3, 1, 1, 2, 2, 1, 1, 3, 3, 3, 3, 3, 3, 3, 3, 3, 3]","[0, 1, 1, 2, 2, 3, 3, 4, 4, 5, 5, 6, 6, 7, 7, 8, 8, 9, 9, 10, 9, 11, 10, 0, 11, 2, 11, 6]","[1, 0, 2, 1, 3, 2, 4, 3, 5, 4, 6, 5, 7, 6, 8, 7, 9, 8, 10, 9, 11, 9, 0, 10, 2, 11, 6, 11]",-3.9756
22,54,"[1, 1, 1, 1, 1, 1, 1, 1, 1, 1, 1, 1, 1, 1, 1, 1, 1, 1, 1, 1, 1, 1]","[3, 3, 3, 3, 3, 3, 3, 3, 3, 3, 3, 3, 3, 3, 3, 3, 3, 3, 3, 3, 3, 3, 3, 3, 3, 3, 3, 3, 3, 3, 3, 3, 3, 3, 3, 3, 3, 3, 3, 3, 3, 3, 3, 3, 3, 3, 3, 3, 3, 3, 3, 3, 3, 3]","[0, 1, 1, 2, 2, 3, 3, 4, 4, 5, 5, 6, 6, 7, 7, 8, 8, 9, 9, 10, 10, 11, 11, 12, 12, 13, 13, 14, 14, 15, 15, 16, 16, 17, 16, 18, 18, 19, 19, 20, 20, 21, 17, 0, 18, 2, 19, 5, 20, 8, 21, 11, 21, 15]","[1, 0, 2, 1, 3, 2, 4, 3, 5, 4, 6, 5, 7, 6, 8, 7, 9, 8, 10, 9, 11, 10, 12, 11, 13, 12, 14, 13, 15, 14, 16, 15, 17, 16, 18, 16, 19, 18, 20, 19, 21, 20, 0, 17, 2, 18, 5, 19, 8, 20, 11, 21, 15, 21]",-9.0265
13,30,"[8, 1, 1, 1, 1, 1, 1, 1, 1, 1, 1, 1, 1]","[3, 3, 3, 3, 3, 3, 3, 3, 3, 3, 3, 3, 3, 3, 3, 3, 3, 3, 3, 3, 3, 3, 3, 3, 3, 3, 3, 3, 3, 3]","[0, 1, 1, 2, 2, 3, 3, 4, 4, 5, 5, 6, 6, 7, 7, 8, 8, 9, 9, 10, 10, 11, 11, 12, 12, 0, 6, 1, 12, 7]","[1, 0, 2, 1, 3, 2, 4, 3, 5, 4, 6, 5, 7, 6, 8, 7, 9, 8, 10, 9, 11, 10, 12, 11, 0, 12, 1, 6, 7, 12]",-5.0981
22,52,"[1, 1, 1, 1, 1, 1, 1, 1, 1, 1, 1, 1, 1, 1, 1, 1, 1, 1, 1, 1, 1, 1]","[3, 3, 3, 3, 3, 3, 3, 3, 3, 3, 3, 3, 3, 3, 3, 3, 3, 3, 3, 3, 3, 3, 3, 3, 3, 3, 3, 3, 3, 3, 3, 3, 3, 3, 3, 3, 3, 3, 3, 3, 3, 3, 3, 3, 3, 3, 3, 3, 3, 3, 3, 3]","[0, 1, 1, 2, 2, 3, 3, 4, 4, 5, 4, 6, 6, 7, 7, 8, 8, 9, 9, 10, 10, 11, 11, 12, 12, 13, 13, 14, 14, 15, 15, 16, 16, 17, 17, 18, 18, 19, 11, 20, 20, 21, 5, 0, 21, 3, 21, 8, 19, 10, 19, 14]","[1, 0, 2, 1, 3, 2, 4, 3, 5, 4, 6, 4, 7, 6, 8, 7, 9, 8, 10, 9, 11, 10, 12, 11, 13, 12, 14, 13, 15, 14, 16, 15, 17, 16, 18, 17, 19, 18, 20, 11, 21, 20, 0, 5, 3, 21, 8, 21, 10, 19, 14, 19]",-8.6679
24,52,"[1, 1, 2, 1, 1, 1, 1, 1, 1, 1, 3, 2, 2, 2, 2, 1, 3, 1, 1, 1, 1, 1, 1, 4]","[1, 1, 1, 1, 1, 1, 1, 1, 1, 1, 1, 1, 1, 1, 1, 1, 1, 1, 2, 2, 1, 1, 3, 3, 3, 3, 3, 3, 3, 3, 2, 2, 1, 1, 3, 3, 3, 3, 3, 3, 3, 3, 3, 3, 1, 1, 1, 1, 3, 3, 3, 3]","[0, 1, 1, 2, 2, 3, 3, 4, 4, 5, 5, 6, 6, 7, 7, 8, 2, 9, 9, 10, 9, 11, 11, 12, 12, 13, 13, 14, 14, 15, 15, 16, 14, 17, 17, 18, 18, 19, 19, 20, 20, 21, 21, 22, 22, 23, 8, 3, 15, 11, 22, 17]","[1, 0, 2, 1, 3, 2, 4, 3, 5, 4, 6, 5, 7, 6, 8, 7, 9, 2, 10, 9, 11, 9, 12, 11, 13, 12, 14, 13, 15, 14, 16, 15, 17, 14, 18, 17, 19, 18, 20, 19, 21, 20, 22, 21, 23, 22, 3, 8, 11, 15, 17, 22]",-5.1821
26,56,"[1, 1, 3, 1, 1, 1, 1, 1, 1, 1, 1, 3, 1, 2, 1, 1, 6, 1, 1, 1, 1, 6, 1, 1, 1, 1]","[1, 1, 1, 1, 1, 1, 3, 3, 3, 3, 3, 3, 3, 3, 3, 3, 1, 1, 1, 1, 1, 1, 1, 1, 2, 2, 1, 1, 3, 3, 1, 1, 3, 3, 3, 3, 3, 3, 3, 3, 1, 1, 1, 1, 1, 1, 1, 1, 1, 1, 3, 3, 1, 1, 3, 3]","[0, 1, 1, 2, 2, 3, 3, 4, 4, 5, 5, 6, 6, 7, 7, 8, 8, 9, 9, 10, 10, 11, 11, 12, 12, 13, 12, 14, 14, 15, 15, 16, 15, 17, 17, 18, 18, 19, 19, 20, 20, 21, 5, 22, 22, 23, 22, 24, 22, 25, 8, 3, 13, 9, 20, 14]","[1, 0, 2, 1, 3, 2, 4, 3, 5, 4, 6, 5, 7, 6, 8, 7, 9, 8, 10, 9, 11, 10, 12, 11, 13, 12, 14, 12, 15, 14, 16, 15, 17, 15, 18, 17, 19, 18, 20, 19, 21, 20, 22, 5, 23, 22, 24, 22, 25, 22, 3, 8, 9, 13, 14, 20]",-6.6782
28,60,"[1, 1, 3, 1, 2, 1, 6, 1, 1, 2, 1, 2, 2, 8, 3, 3, 2, 1, 1, 4, 1, 1, 1, 1, 1, 3, 3, 1]","[1, 1, 1, 1, 1, 1, 3, 3, 3, 3, 1, 1, 3, 3, 3, 3, 3, 3, 3, 3, 3, 3, 3, 3, 1, 1, 2, 2, 2, 2, 1, 1, 1, 1, 3, 3, 1, 1, 3, 3, 3, 3, 3, 3, 3, 3, 1, 1, 2, 2, 1, 1, 1, 1, 3, 3, 3, 3, 3, 3]","[0, 1, 1, 2, 2, 3, 3, 4, 4, 5, 5, 6, 5, 7, 7, 8, 8, 9, 9, 10, 10, 11, 11, 12, 10, 13, 13, 14, 13, 15, 13, 16, 16, 17, 17, 18, 18, 19, 18, 20, 20, 21, 21, 22, 22, 23, 23, 24, 24, 25, 24, 26, 26, 27, 12, 3, 12, 8, 23, 17]","[1, 0, 2, 1, 3, 2, 4, 3, 5, 4, 6, 5, 7, 5, 8, 7, 9, 8, 10, 9, 11, 10, 12, 11, 13, 10, 14, 13, 15, 13, 16, 13, 17, 16, 18, 17, 19, 18, 20, 18, 21, 20, 22, 21, 23, 22, 24, 23, 25, 24, 26, 24, 27, 26, 3, 12, 8, 12, 17, 23]",-4.4292
30,68,"[2, 1, 1, 1, 2, 1, 1, 1, 2, 1, 2, 1, 1, 1, 3, 3, 1, 3, 1, 1, 1, 6, 1, 1, 1, 1, 6, 1, 1, 6]","[1, 1, 1, 1, 1, 1, 1, 1, 1, 1, 1, 1, 1, 1, 3, 3, 3, 3, 3, 3, 3, 3, 3, 3, 1, 1, 1, 1, 2, 2, 3, 3, 2, 2, 3, 3, 3, 3, 3, 3, 1, 1, 1, 1, 3, 3, 3, 3, 3, 3, 1, 1, 3, 3, 3, 3, 1, 1, 1, 1, 1, 1, 3, 3, 3, 3, 3, 3]","[0, 1, 1, 2, 2, 3, 3, 4, 4, 5, 5, 6, 4, 7, 7, 8, 8, 9, 9, 10, 10, 11, 11, 12, 12, 13, 13, 14, 13, 15, 12, 16, 16, 17, 16, 18, 18, 19, 19, 20, 20, 21, 10, 22, 22, 23, 23, 24, 24, 25, 25, 26, 25, 27, 27, 28, 28, 29, 6, 1, 6, 2, 20, 7, 18, 9, 28, 22]","[1, 0, 2, 1, 3, 2, 4, 3, 5, 4, 6, 5, 7, 4, 8, 7, 9, 8, 10, 9, 11, 10, 12, 11, 13, 12, 14, 13, 15, 13, 16, 12, 17, 16, 18, 16, 19, 18, 20, 19, 21, 20, 22, 10, 23, 22, 24, 23, 25, 24, 26, 25, 27, 25, 28, 27, 29, 28, 1, 6, 2, 6, 7, 20, 9, 18, 22, 28]",-4.5296
28,60,"[1, 1, 1, 1, 1, 2, 1, 2, 1, 3, 2, 8, 3, 3, 1, 1, 1, 1, 1, 1, 1, 3, 3, 1, 1, 3, 1, 2]","[1, 1, 3, 3, 3, 3, 1, 1, 3, 3, 3, 3, 1, 1, 1, 1, 2, 2, 1, 1, 1, 1, 2, 2, 2, 2, 1, 1, 3, 3, 3, 3, 3, 3, 3, 3, 3, 3, 1, 1, 2, 2, 1, 1, 1, 1, 1, 1, 1, 1, 1, 1, 3, 3, 3, 3, 3, 3, 1, 1]","[0, 1, 1, 2, 2, 3, 3, 4, 3, 5, 5, 6, 6, 7, 7, 8, 8, 9, 8, 10, 10, 11, 11, 12, 11, 13, 11, 14, 14, 15, 15, 16, 16, 17, 17, 18, 18, 19, 19, 20, 20, 21, 20, 22, 22, 23, 23, 24, 24, 25, 25, 26, 6, 27, 27, 1, 19, 14, 26, 23]","[1, 0, 2, 1, 3, 2, 4, 3, 5, 3, 6, 5, 7, 6, 8, 7, 9, 8, 10, 8, 11, 10, 12, 11, 13, 11, 14, 11, 15, 14, 16, 15, 17, 16, 18, 17, 19, 18, 20, 19, 21, 20, 22, 20, 23, 22, 24, 23, 25, 24, 26, 25, 27, 6, 1, 27, 14, 19, 23, 26]",-3.893
24,50,"[1, 1, 1, 2, 1, 3, 1, 3, 1, 8, 1, 2, 2, 1, 6, 6, 6, 1, 1, 1, 1, 6, 1, 1]","[1, 1, 1, 1, 1, 1, 1, 1, 2, 2, 1, 1, 1, 1, 1, 1, 3, 3, 3, 3, 3, 3, 3, 3, 1, 1, 1, 1, 1, 1, 1, 1, 1, 1, 3, 3, 3, 3, 3, 3, 1, 1, 3, 3, 3, 3, 3, 3, 3, 3]","[0, 1, 1, 2, 1, 3, 3, 4, 4, 5, 4, 6, 6, 7, 7, 8, 8, 9, 9, 10, 10, 11, 11, 12, 10, 13, 13, 14, 13, 15, 13, 16, 3, 17, 17, 18, 18, 19, 19, 20, 20, 21, 20, 22, 22, 23, 12, 8, 23, 17]","[1, 0, 2, 1, 3, 1, 4, 3, 5, 4, 6, 4, 7, 6, 8, 7, 9, 8, 10, 9, 11, 10, 12, 11, 13, 10, 14, 13, 15, 13, 16, 13, 17, 3, 18, 17, 19, 18, 20, 19, 21, 20, 22, 20, 23, 22, 8, 12, 17, 23]",-3.8121
24,52,"[1, 8, 3, 3, 1, 1, 1, 1, 1, 1, 1, 3, 1, 1, 2, 3, 1, 1, 1, 1, 1, 6, 6, 6]","[1, 1, 2, 2, 2, 2, 1, 1, 3, 3, 3, 3, 3, 3, 3, 3, 3, 3, 1, 1, 2, 2, 1, 1, 3, 3, 3, 3, 3, 3, 3, 3, 1, 1, 1, 1, 1, 1, 1, 1, 1, 1, 1, 1, 1, 1, 3, 3, 3, 3, 1, 1]","[0, 1, 1, 2, 1, 3, 1, 4, 4, 5, 5, 6, 6, 7, 7, 8, 8, 9, 9, 10, 10, 11, 10, 12, 12, 13, 13, 14, 14, 15, 15, 16, 16, 17, 17, 18, 18, 19, 6, 20, 20, 21, 20, 22, 20, 23, 9, 4, 16, 12, 19, 17]","[1, 0, 2, 1, 3, 1, 4, 1, 5, 4, 6, 5, 7, 6, 8, 7, 9, 8, 10, 9, 11, 10, 12, 10, 13, 12, 14, 13, 15, 14, 16, 15, 17, 16, 18, 17, 19, 18, 20, 6, 21, 20, 22, 20, 23, 20, 4, 9, 12, 16, 17, 19]",-4.7631
17,36,"[3, 2, 3, 2, 1, 2, 1, 1, 2, 1, 1, 1, 1, 1, 4, 2, 1]","[1, 1, 2, 2, 1, 1, 1, 1, 2, 2, 1, 1, 1, 1, 1, 1, 1, 1, 1, 1, 3, 3, 3, 3, 3, 3, 1, 1, 3, 3, 3, 3, 1, 1, 3, 3]","[0, 1, 1, 2, 1, 3, 3, 4, 4, 5, 5, 6, 6, 7, 7, 8, 8, 9, 9, 10, 10, 11, 11, 12, 12, 13, 13, 14, 13, 15, 15, 16, 8, 4, 16, 10]","[1, 0, 2, 1, 3, 1, 4, 3, 5, 4, 6, 5, 7, 6, 8, 7, 9, 8, 10, 9, 11, 10, 12, 11, 13, 12, 14, 13, 15, 13, 16, 15, 4, 8, 10, 16]",-2.6223
29,62,"[1, 3, 1, 1, 1, 3, 1, 2, 1, 2, 1, 3, 2, 8, 3, 3, 2, 1, 1, 1, 1, 1, 1, 1, 3, 1, 1, 1, 2]","[1, 1, 1, 1, 3, 3, 3, 3, 1, 1, 1, 1, 3, 3, 3, 3, 1, 1, 1, 1, 2, 2, 1, 1, 1, 1, 2, 2, 2, 2, 1, 1, 1, 1, 3, 3, 3, 3, 3, 3, 3, 3, 3, 3, 1, 1, 2, 2, 1, 1, 1, 1, 1, 1, 3, 3, 3, 3, 3, 3, 1, 1]","[0, 1, 1, 2, 2, 3, 3, 4, 4, 5, 5, 6, 4, 7, 7, 8, 8, 9, 9, 10, 10, 11, 10, 12, 12, 13, 13, 14, 13, 15, 13, 16, 16, 17, 17, 18, 18, 19, 19, 20, 20, 21, 21, 22, 22, 23, 23, 24, 23, 25, 25, 26, 26, 27, 8, 28, 28, 2, 22, 17, 27, 25]","[1, 0, 2, 1, 3, 2, 4, 3, 5, 4, 6, 5, 7, 4, 8, 7, 9, 8, 10, 9, 11, 10, 12, 10, 13, 12, 14, 13, 15, 13, 16, 13, 17, 16, 18, 17, 19, 18, 20, 19, 21, 20, 22, 21, 23, 22, 24, 23, 25, 23, 26, 25, 27, 26, 28, 8, 2, 28, 17, 22, 25, 27]",-6.3943
25,56,"[6, 1, 1, 1, 1, 2, 1, 2, 1, 2, 1, 2, 2, 1, 3, 1, 1, 1, 1, 1, 1, 4, 1, 1, 4]","[1, 1, 3, 3, 3, 3, 3, 3, 3, 3, 3, 3, 1, 1, 3, 3, 3, 3, 3, 3, 3, 3, 3, 3, 3, 3, 2, 2, 3, 3, 3, 3, 1, 1, 3, 3, 3, 3, 3, 3, 1, 1, 3, 3, 3, 3, 1, 1, 3, 3, 3, 3, 3, 3, 3, 3]","[0, 1, 1, 2, 2, 3, 3, 4, 4, 5, 5, 6, 6, 7, 7, 8, 8, 9, 9, 10, 10, 11, 6, 12, 12, 13, 13, 14, 13, 15, 15, 16, 12, 17, 17, 18, 18, 19, 19, 20, 20, 21, 20, 22, 22, 23, 23, 24, 16, 1, 15, 4, 11, 7, 23, 17]","[1, 0, 2, 1, 3, 2, 4, 3, 5, 4, 6, 5, 7, 6, 8, 7, 9, 8, 10, 9, 11, 10, 12, 6, 13, 12, 14, 13, 15, 13, 16, 15, 17, 12, 18, 17, 19, 18, 20, 19, 21, 20, 22, 20, 23, 22, 24, 23, 1, 16, 4, 15, 7, 11, 17, 23]",-5.5754
24,50,"[1, 1, 3, 1, 3, 1, 2, 2, 1, 1, 1, 1, 4, 1, 1, 4, 1, 1, 1, 1, 3, 3, 1, 1]","[1, 1, 1, 1, 1, 1, 2, 2, 1, 1, 2, 2, 1, 1, 1, 1, 3, 3, 3, 3, 3, 3, 1, 1, 3, 3, 3, 3, 1, 1, 1, 1, 1, 1, 1, 1, 1, 1, 2, 2, 1, 1, 1, 1, 1, 1, 1, 1, 3, 3]","[0, 1, 1, 2, 2, 3, 3, 4, 3, 5, 5, 6, 6, 7, 7, 8, 8, 9, 9, 10, 10, 11, 11, 12, 11, 13, 13, 14, 14, 15, 7, 16, 16, 17, 16, 18, 16, 19, 19, 20, 19, 21, 21, 22, 22, 23, 18, 5, 14, 8]","[1, 0, 2, 1, 3, 2, 4, 3, 5, 3, 6, 5, 7, 6, 8, 7, 9, 8, 10, 9, 11, 10, 12, 11, 13, 11, 14, 13, 15, 14, 16, 7, 17, 16, 18, 16, 19, 16, 20, 19, 21, 19, 22, 21, 23, 22, 5, 18, 8, 14]",-4.271
30,64,"[1, 3, 1, 1, 1, 3, 3, 1, 1, 1, 1, 1, 1, 1, 3, 1, 1, 1, 3, 1, 1, 1, 1, 1, 1, 1, 2, 2, 1, 2]","[1, 1, 1, 1, 2, 2, 1, 1, 2, 2, 1, 1, 1, 1, 1, 1, 3, 3, 3, 3, 3, 3, 3, 3, 3, 3, 1, 1, 1, 1, 3, 3, 3, 3, 1, 1, 1, 1, 3, 3, 3, 3, 3, 3, 3, 3, 3, 3, 1, 1, 4, 4, 3, 3, 3, 3, 3, 3, 3, 3, 3, 3, 3, 3]","[0, 1, 1, 2, 2, 3, 3, 4, 4, 5, 4, 6, 6, 7, 3, 8, 8, 9, 9, 10, 10, 11, 11, 12, 12, 13, 13, 14, 14, 15, 15, 16, 16, 17, 17, 18, 18, 19, 19, 20, 20, 21, 21, 22, 22, 23, 23, 24, 24, 25, 25, 26, 17, 27, 27, 28, 28, 29, 13, 8, 29, 15, 24, 19]","[1, 0, 2, 1, 3, 2, 4, 3, 5, 4, 6, 4, 7, 6, 8, 3, 9, 8, 10, 9, 11, 10, 12, 11, 13, 12, 14, 13, 15, 14, 16, 15, 17, 16, 18, 17, 19, 18, 20, 19, 21, 20, 22, 21, 23, 22, 24, 23, 25, 24, 26, 25, 27, 17, 28, 27, 29, 28, 8, 13, 15, 29, 19, 24]",-4.8276
28,62,"[1, 1, 3, 1, 3, 2, 2, 1, 1, 1, 1, 1, 1, 1, 3, 1, 1, 1, 1, 3, 1, 1, 1, 1, 1, 1, 1, 1]","[1, 1, 1, 1, 1, 1, 2, 2, 1, 1, 1, 1, 1, 1, 3, 3, 3, 3, 3, 3, 3, 3, 3, 3, 1, 1, 2, 2, 1, 1, 3, 3, 3, 3, 3, 3, 1, 1, 1, 1, 3, 3, 3, 3, 3, 3, 3, 3, 3, 3, 3, 3, 3, 3, 1, 1, 3, 3, 3, 3, 3, 3]","[0, 1, 1, 2, 2, 3, 3, 4, 3, 5, 5, 6, 6, 7, 7, 8, 8, 9, 9, 10, 10, 11, 11, 12, 5, 13, 13, 14, 1, 15, 15, 16, 16, 17, 17, 18, 18, 19, 19, 20, 20, 21, 21, 22, 22, 23, 23, 24, 24, 25, 18, 26, 26, 27, 13, 1, 12, 7, 27, 15, 25, 20]","[1, 0, 2, 1, 3, 2, 4, 3, 5, 3, 6, 5, 7, 6, 8, 7, 9, 8, 10, 9, 11, 10, 12, 11, 13, 5, 14, 13, 15, 1, 16, 15, 17, 16, 18, 17, 19, 18, 20, 19, 21, 20, 22, 21, 23, 22, 24, 23, 25, 24, 26, 18, 27, 26, 1, 13, 7, 12, 15, 27, 20, 25]",-6.8573
18,40,"[6, 1, 6, 3, 1, 1, 1, 1, 1, 1, 3, 1, 1, 2, 1, 1, 1, 2]","[1, 1, 1, 1, 1, 1, 1, 1, 3, 3, 3, 3, 3, 3, 3, 3, 3, 3, 1, 1, 1, 1, 3, 3, 3, 3, 3, 3, 3, 3, 1, 1, 4, 4, 1, 1, 3, 3, 3, 3]","[0, 1, 1, 2, 1, 3, 3, 4, 4, 5, 5, 6, 6, 7, 7, 8, 8, 9, 9, 10, 8, 11, 11, 12, 12, 13, 13, 14, 14, 15, 15, 16, 16, 17, 10, 1, 9, 4, 15, 11]","[1, 0, 2, 1, 3, 1, 4, 3, 5, 4, 6, 5, 7, 6, 8, 7, 9, 8, 10, 9, 11, 8, 12, 11, 13, 12, 14, 13, 15, 14, 16, 15, 17, 16, 1, 10, 4, 9, 11, 15]",-5.1395
20,44,"[3, 1, 1, 1, 1, 1, 1, 1, 2, 1, 2, 1, 2, 1, 1, 1, 1, 4, 1, 1]","[1, 1, 1, 1, 1, 1, 1, 1, 1, 1, 1, 1, 1, 1, 1, 1, 3, 3, 3, 3, 3, 3, 3, 3, 1, 1, 3, 3, 3, 3, 3, 3, 1, 1, 3, 3, 3, 3, 1, 1, 3, 3, 3, 3]","[0, 1, 1, 2, 2, 3, 3, 4, 4, 5, 5, 6, 6, 7, 7, 8, 8, 9, 9, 10, 10, 11, 11, 12, 1, 13, 13, 14, 14, 15, 15, 16, 16, 17, 16, 18, 18, 19, 7, 1, 12, 8, 19, 13]","[1, 0, 2, 1, 3, 2, 4, 3, 5, 4, 6, 5, 7, 6, 8, 7, 9, 8, 10, 9, 11, 10, 12, 11, 13, 1, 14, 13, 15, 14, 16, 15, 17, 16, 18, 16, 19, 18, 1, 7, 8, 12, 13, 19]",-3.3681
19,40,"[1, 1, 1, 1, 1, 3, 3, 1, 3, 1, 2, 2, 1, 1, 1, 1, 4, 1, 1]","[1, 1, 1, 1, 3, 3, 1, 1, 1, 1, 2, 2, 3, 3, 2, 2, 3, 3, 3, 3, 3, 3, 1, 1, 3, 3, 3, 3, 3, 3, 1, 1, 3, 3, 3, 3, 3, 3, 3, 3]","[0, 1, 1, 2, 2, 3, 3, 4, 4, 5, 4, 6, 3, 7, 7, 8, 7, 9, 9, 10, 10, 11, 11, 12, 12, 13, 13, 14, 14, 15, 15, 16, 15, 17, 17, 18, 11, 2, 18, 12]","[1, 0, 2, 1, 3, 2, 4, 3, 5, 4, 6, 4, 7, 3, 8, 7, 9, 7, 10, 9, 11, 10, 12, 11, 13, 12, 14, 13, 15, 14, 16, 15, 17, 15, 18, 17, 2, 11, 12, 18]",0.4
26,54,"[1, 1, 3, 1, 3, 1, 4, 1, 1, 1, 1, 2, 2, 1, 1, 2, 1, 6, 6, 1, 3, 1, 6, 1, 1, 4]","[1, 1, 1, 1, 1, 1, 2, 2, 1, 1, 1, 1, 1, 1, 1, 1, 3, 3, 3, 3, 1, 1, 3, 3, 3, 3, 1, 1, 3, 3, 1, 1, 1, 1, 1, 1, 3, 3, 2, 2, 3, 3, 1, 1, 3, 3, 3, 3, 1, 1, 3, 3, 3, 3]","[0, 1, 1, 2, 2, 3, 3, 4, 3, 5, 5, 6, 5, 7, 7, 8, 8, 9, 9, 10, 10, 11, 11, 12, 12, 13, 13, 14, 13, 15, 15, 16, 16, 17, 16, 18, 15, 19, 19, 20, 10, 21, 21, 22, 21, 23, 23, 24, 24, 25, 24, 8, 19, 11]","[1, 0, 2, 1, 3, 2, 4, 3, 5, 3, 6, 5, 7, 5, 8, 7, 9, 8, 10, 9, 11, 10, 12, 11, 13, 12, 14, 13, 15, 13, 16, 15, 17, 16, 18, 16, 19, 15, 20, 19, 21, 10, 22, 21, 23, 21, 24, 23, 25, 24, 8, 24, 11, 19]",-4.2727
27,56,"[1, 1, 3, 1, 1, 1, 1, 1, 1, 3, 8, 3, 3, 2, 1, 3, 2, 1, 2, 1, 3, 1, 1, 1, 3, 1, 2]","[1, 1, 1, 1, 1, 1, 3, 3, 3, 3, 3, 3, 3, 3, 3, 3, 1, 1, 1, 1, 2, 2, 2, 2, 1, 1, 1, 1, 2, 2, 1, 1, 1, 1, 3, 3, 3, 3, 1, 1, 1, 1, 3, 3, 3, 3, 1, 1, 1, 1, 3, 3, 3, 3, 3, 3]","[0, 1, 1, 2, 2, 3, 3, 4, 4, 5, 5, 6, 6, 7, 7, 8, 8, 9, 9, 10, 10, 11, 10, 12, 10, 13, 13, 14, 14, 15, 14, 16, 16, 17, 17, 18, 18, 19, 19, 20, 20, 21, 19, 22, 22, 23, 23, 24, 24, 25, 23, 26, 8, 3, 26, 17]","[1, 0, 2, 1, 3, 2, 4, 3, 5, 4, 6, 5, 7, 6, 8, 7, 9, 8, 10, 9, 11, 10, 12, 10, 13, 10, 14, 13, 15, 14, 16, 14, 17, 16, 18, 17, 19, 18, 20, 19, 21, 20, 22, 19, 23, 22, 24, 23, 25, 24, 26, 23, 3, 8, 17, 26]",-4.1853
24,50,"[1, 1, 2, 1, 1, 1, 3, 2, 1, 2, 1, 2, 8, 3, 3, 1, 1, 1, 1, 1, 1, 1, 1, 1]","[1, 1, 1, 1, 1, 1, 1, 1, 1, 1, 2, 2, 1, 1, 3, 3, 3, 3, 3, 3, 3, 3, 1, 1, 2, 2, 2, 2, 1, 1, 3, 3, 1, 1, 3, 3, 3, 3, 1, 1, 3, 3, 3, 3, 1, 1, 3, 3, 3, 3]","[0, 1, 1, 2, 2, 3, 3, 4, 2, 5, 5, 6, 5, 7, 7, 8, 8, 9, 9, 10, 10, 11, 10, 12, 12, 13, 12, 14, 12, 15, 15, 16, 16, 17, 16, 18, 18, 19, 19, 20, 19, 21, 21, 22, 22, 23, 11, 7, 22, 15]","[1, 0, 2, 1, 3, 2, 4, 3, 5, 2, 6, 5, 7, 5, 8, 7, 9, 8, 10, 9, 11, 10, 12, 10, 13, 12, 14, 12, 15, 12, 16, 15, 17, 16, 18, 16, 19, 18, 20, 19, 21, 19, 22, 21, 23, 22, 7, 11, 15, 22]",-5.1467
20,44,"[6, 1, 1, 1, 1, 3, 1, 1, 1, 2, 1, 1, 1, 4, 1, 1, 4, 1, 1, 1]","[1, 1, 3, 3, 3, 3, 3, 3, 1, 1, 1, 1, 3, 3, 3, 3, 3, 3, 3, 3, 3, 3, 3, 3, 1, 1, 3, 3, 3, 3, 1, 1, 3, 3, 3, 3, 3, 3, 3, 3, 3, 3, 3, 3]","[0, 1, 1, 2, 2, 3, 3, 4, 4, 5, 5, 6, 6, 7, 7, 8, 8, 9, 9, 10, 10, 11, 11, 12, 12, 13, 12, 14, 14, 15, 15, 16, 15, 17, 4, 18, 18, 19, 19, 1, 17, 6, 17, 10]","[1, 0, 2, 1, 3, 2, 4, 3, 5, 4, 6, 5, 7, 6, 8, 7, 9, 8, 10, 9, 11, 10, 12, 11, 13, 12, 14, 12, 15, 14, 16, 15, 17, 15, 18, 4, 19, 18, 1, 19, 6, 17, 10, 17]",-6.4243
16,34,"[1, 1, 2, 2, 1, 3, 2, 1, 2, 1, 1, 1, 1, 1, 2, 1]","[1, 1, 2, 2, 1, 1, 1, 1, 2, 2, 1, 1, 1, 1, 1, 1, 2, 2, 1, 1, 3, 3, 3, 3, 3, 3, 3, 3, 3, 3, 1, 1, 3, 3]","[0, 1, 1, 2, 2, 3, 3, 4, 4, 5, 4, 6, 6, 7, 6, 8, 8, 9, 9, 10, 10, 11, 11, 12, 12, 13, 13, 14, 14, 15, 7, 1, 15, 10]","[1, 0, 2, 1, 3, 2, 4, 3, 5, 4, 6, 4, 7, 6, 8, 6, 9, 8, 10, 9, 11, 10, 12, 11, 13, 12, 14, 13, 15, 14, 1, 7, 10, 15]",-2.8745
17,36,"[1, 1, 1, 3, 1, 1, 2, 1, 3, 1, 4, 4, 1, 3, 1, 1, 1]","[1, 1, 1, 1, 1, 1, 1, 1, 1, 1, 1, 1, 1, 1, 2, 2, 1, 1, 1, 1, 1, 1, 1, 1, 3, 3, 3, 3, 3, 3, 3, 3, 1, 1, 3, 3]","[0, 1, 1, 2, 1, 3, 3, 4, 4, 5, 5, 6, 6, 7, 7, 8, 7, 9, 9, 10, 9, 11, 4, 12, 12, 13, 13, 14, 14, 15, 15, 16, 6, 1, 16, 12]","[1, 0, 2, 1, 3, 1, 4, 3, 5, 4, 6, 5, 7, 6, 8, 7, 9, 7, 10, 9, 11, 9, 12, 4, 13, 12, 14, 13, 15, 14, 16, 15, 1, 6, 12, 16]",-3.1498
23,50,"[1, 1, 1, 1, 1, 1, 1, 1, 1, 1, 3, 1, 2, 1, 2, 1, 1, 1, 1, 1, 1, 1, 1]","[1, 1, 1, 1, 1, 1, 1, 1, 3, 3, 3, 3, 3, 3, 1, 1, 1, 1, 1, 1, 1, 1, 3, 3, 3, 3, 3, 3, 3, 3, 3, 3, 3, 3, 3, 3, 3, 3, 3, 3, 3, 3, 3, 3, 3, 3, 3, 3, 3, 3]","[0, 1, 1, 2, 1, 3, 1, 4, 4, 5, 5, 6, 6, 7, 7, 8, 8, 9, 9, 10, 10, 11, 11, 12, 12, 13, 13, 14, 14, 15, 15, 16, 16, 17, 17, 18, 18, 19, 19, 20, 7, 21, 21, 22, 22, 4, 20, 11, 20, 15]","[1, 0, 2, 1, 3, 1, 4, 1, 5, 4, 6, 5, 7, 6, 8, 7, 9, 8, 10, 9, 11, 10, 12, 11, 13, 12, 14, 13, 15, 14, 16, 15, 17, 16, 18, 17, 19, 18, 20, 19, 21, 7, 22, 21, 4, 22, 11, 20, 15, 20]",-6.1439
29,62,"[1, 3, 1, 1, 1, 3, 1, 2, 1, 2, 1, 3, 2, 8, 3, 3, 1, 2, 1, 2, 1, 1, 1, 2, 2, 2, 1, 2, 2]","[1, 1, 1, 1, 3, 3, 3, 3, 1, 1, 1, 1, 3, 3, 3, 3, 1, 1, 1, 1, 2, 2, 1, 1, 1, 1, 2, 2, 2, 2, 1, 1, 3, 3, 1, 1, 3, 3, 3, 3, 3, 3, 1, 1, 3, 3, 3, 3, 3, 3, 1, 1, 3, 3, 3, 3, 3, 3, 3, 3, 3, 3]","[0, 1, 1, 2, 2, 3, 3, 4, 4, 5, 5, 6, 4, 7, 7, 8, 8, 9, 9, 10, 10, 11, 10, 12, 12, 13, 13, 14, 13, 15, 13, 16, 16, 17, 17, 18, 17, 19, 19, 20, 20, 21, 21, 22, 22, 23, 23, 24, 24, 25, 25, 26, 25, 27, 8, 28, 28, 2, 21, 16, 27, 22]","[1, 0, 2, 1, 3, 2, 4, 3, 5, 4, 6, 5, 7, 4, 8, 7, 9, 8, 10, 9, 11, 10, 12, 10, 13, 12, 14, 13, 15, 13, 16, 13, 17, 16, 18, 17, 19, 17, 20, 19, 21, 20, 22, 21, 23, 22, 24, 23, 25, 24, 26, 25, 27, 25, 28, 8, 2, 28, 16, 21, 22, 27]",-2.6066
30,66,"[1, 1, 3, 1, 1, 1, 1, 3, 1, 1, 2, 1, 1, 1, 4, 1, 1, 1, 2, 1, 1, 1, 3, 3, 1, 1, 1, 1, 1, 3]","[1, 1, 1, 1, 1, 1, 3, 3, 3, 3, 3, 3, 1, 1, 1, 1, 3, 3, 3, 3, 3, 3, 3, 3, 3, 3, 1, 1, 3, 3, 3, 3, 3, 3, 3, 3, 3, 3, 3, 3, 1, 1, 2, 2, 1, 1, 1, 1, 1, 1, 1, 1, 1, 1, 1, 1, 1, 1, 3, 3, 3, 3, 3, 3, 1, 1]","[0, 1, 1, 2, 2, 3, 3, 4, 4, 5, 5, 6, 6, 7, 7, 8, 8, 9, 9, 10, 10, 11, 11, 12, 12, 13, 13, 14, 13, 15, 15, 16, 16, 17, 17, 18, 6, 19, 19, 20, 1, 21, 21, 22, 21, 23, 23, 24, 24, 25, 25, 26, 26, 27, 27, 28, 28, 29, 20, 3, 18, 8, 17, 11, 29, 25]","[1, 0, 2, 1, 3, 2, 4, 3, 5, 4, 6, 5, 7, 6, 8, 7, 9, 8, 10, 9, 11, 10, 12, 11, 13, 12, 14, 13, 15, 13, 16, 15, 17, 16, 18, 17, 19, 6, 20, 19, 21, 1, 22, 21, 23, 21, 24, 23, 25, 24, 26, 25, 27, 26, 28, 27, 29, 28, 3, 20, 8, 18, 11, 17, 25, 29]",-5.0303
23,48,"[1, 1, 1, 2, 2, 1, 1, 1, 3, 2, 1, 1, 1, 1, 1, 1, 1, 1, 1, 1, 1, 1, 4]","[1, 1, 1, 1, 3, 3, 3, 3, 1, 1, 3, 3, 1, 1, 2, 2, 1, 1, 1, 1, 1, 1, 3, 3, 3, 3, 3, 3, 3, 3, 3, 3, 1, 1, 1, 1, 1, 1, 1, 1, 3, 3, 1, 1, 3, 3, 3, 3]","[0, 1, 1, 2, 2, 3, 3, 4, 4, 5, 4, 6, 6, 7, 7, 8, 7, 9, 9, 10, 10, 11, 11, 12, 12, 13, 13, 14, 14, 15, 15, 16, 14, 17, 17, 18, 17, 19, 17, 20, 6, 21, 21, 22, 21, 2, 16, 11]","[1, 0, 2, 1, 3, 2, 4, 3, 5, 4, 6, 4, 7, 6, 8, 7, 9, 7, 10, 9, 11, 10, 12, 11, 13, 12, 14, 13, 15, 14, 16, 15, 17, 14, 18, 17, 19, 17, 20, 17, 21, 6, 22, 21, 2, 21, 11, 16]",-5.1086
31,66,"[2, 1, 3, 1, 2, 2, 1, 1, 1, 1, 4, 1, 1, 3, 1, 1, 6, 6, 1, 6, 6, 6, 1, 1, 2, 1, 1, 1, 1, 1, 1]","[1, 1, 2, 2, 1, 1, 3, 3, 3, 3, 1, 1, 3, 3, 3, 3, 3, 3, 1, 1, 3, 3, 1, 1, 1, 1, 1, 1, 1, 1, 1, 1, 1, 1, 1, 1, 1, 1, 1, 1, 1, 1, 3, 3, 3, 3, 3, 3, 1, 1, 3, 3, 3, 3, 3, 3, 3, 3, 3, 3, 3, 3, 3, 3, 3, 3]","[0, 1, 1, 2, 1, 3, 3, 4, 4, 5, 5, 6, 6, 7, 7, 8, 8, 9, 9, 10, 9, 11, 11, 12, 12, 13, 13, 14, 14, 15, 15, 16, 15, 17, 15, 18, 18, 19, 18, 20, 18, 21, 11, 22, 5, 23, 23, 24, 23, 25, 25, 26, 26, 27, 27, 28, 28, 29, 29, 30, 24, 3, 22, 6, 30, 25]","[1, 0, 2, 1, 3, 1, 4, 3, 5, 4, 6, 5, 7, 6, 8, 7, 9, 8, 10, 9, 11, 9, 12, 11, 13, 12, 14, 13, 15, 14, 16, 15, 17, 15, 18, 15, 19, 18, 20, 18, 21, 18, 22, 11, 23, 5, 24, 23, 25, 23, 26, 25, 27, 26, 28, 27, 29, 28, 30, 29, 3, 24, 6, 22, 25, 30]",-5.6635
19,40,"[1, 3, 1, 1, 1, 1, 1, 1, 1, 3, 1, 1, 3, 1, 1, 8, 2, 3, 3]","[1, 1, 1, 1, 3, 3, 3, 3, 3, 3, 3, 3, 3, 3, 1, 1, 2, 2, 1, 1, 3, 3, 3, 3, 3, 3, 3, 3, 1, 1, 1, 1, 2, 2, 2, 2, 3, 3, 3, 3]","[0, 1, 1, 2, 2, 3, 3, 4, 4, 5, 5, 6, 6, 7, 5, 8, 8, 9, 8, 10, 10, 11, 11, 12, 12, 13, 13, 14, 13, 15, 15, 16, 15, 17, 15, 18, 7, 2, 14, 10]","[1, 0, 2, 1, 3, 2, 4, 3, 5, 4, 6, 5, 7, 6, 8, 5, 9, 8, 10, 8, 11, 10, 12, 11, 13, 12, 14, 13, 15, 13, 16, 15, 17, 15, 18, 15, 2, 7, 10, 14]",-4.1481
26,54,"[1, 3, 1, 3, 1, 1, 1, 1, 1, 1, 1, 1, 2, 1, 1, 8, 1, 2, 1, 1, 6, 6, 1, 6, 6, 6]","[1, 1, 1, 1, 2, 2, 1, 1, 3, 3, 1, 1, 1, 1, 1, 1, 1, 1, 3, 3, 1, 1, 2, 2, 1, 1, 1, 1, 1, 1, 3, 3, 3, 3, 3, 3, 1, 1, 1, 1, 1, 1, 1, 1, 1, 1, 1, 1, 1, 1, 3, 3, 1, 1]","[0, 1, 1, 2, 2, 3, 2, 4, 4, 5, 5, 6, 6, 7, 7, 8, 7, 9, 5, 10, 10, 11, 11, 12, 12, 13, 13, 14, 14, 15, 10, 16, 16, 17, 17, 18, 18, 19, 19, 20, 19, 21, 16, 22, 22, 23, 22, 24, 22, 25, 18, 4, 15, 11]","[1, 0, 2, 1, 3, 2, 4, 2, 5, 4, 6, 5, 7, 6, 8, 7, 9, 7, 10, 5, 11, 10, 12, 11, 13, 12, 14, 13, 15, 14, 16, 10, 17, 16, 18, 17, 19, 18, 20, 19, 21, 19, 22, 16, 23, 22, 24, 22, 25, 22, 4, 18, 11, 15]",-5.2002
25,54,"[1, 3, 1, 3, 1, 8, 1, 1, 1, 2, 1, 8, 1, 3, 2, 1, 1, 1, 1, 2, 1, 6, 1, 1, 4]","[1, 1, 1, 1, 2, 2, 1, 1, 1, 1, 1, 1, 3, 3, 3, 3, 1, 1, 2, 2, 3, 3, 3, 3, 2, 2, 3, 3, 1, 1, 1, 1, 1, 1, 1, 1, 1, 1, 3, 3, 1, 1, 3, 3, 3, 3, 1, 1, 3, 3, 3, 3, 3, 3]","[0, 1, 1, 2, 2, 3, 2, 4, 4, 5, 5, 6, 6, 7, 7, 8, 8, 9, 9, 10, 10, 11, 11, 12, 12, 13, 12, 14, 14, 15, 15, 16, 16, 17, 17, 18, 18, 19, 8, 20, 20, 21, 20, 22, 22, 23, 23, 24, 23, 6, 19, 10, 19, 14]","[1, 0, 2, 1, 3, 2, 4, 2, 5, 4, 6, 5, 7, 6, 8, 7, 9, 8, 10, 9, 11, 10, 12, 11, 13, 12, 14, 12, 15, 14, 16, 15, 17, 16, 18, 17, 19, 18, 20, 8, 21, 20, 22, 20, 23, 22, 24, 23, 6, 23, 10, 19, 14, 19]",-5.6768
20,44,"[4, 1, 1, 1, 1, 1, 4, 1, 1, 1, 1, 0, 1, 3, 1, 2, 1, 2, 1, 2]","[1, 1, 3, 3, 3, 3, 3, 3, 3, 3, 1, 1, 3, 3, 1, 1, 1, 1, 1, 1, 1, 1, 1, 1, 1, 1, 1, 1, 1, 1, 3, 3, 3, 3, 3, 3, 3, 3, 3, 3, 1, 1, 3, 3]","[0, 1, 1, 2, 2, 3, 3, 4, 4, 5, 5, 6, 5, 7, 4, 8, 8, 9, 9, 10, 10, 11, 10, 12, 12, 13, 8, 14, 14, 15, 15, 16, 16, 17, 17, 18, 18, 19, 7, 1, 13, 8, 19, 15]","[1, 0, 2, 1, 3, 2, 4, 3, 5, 4, 6, 5, 7, 5, 8, 4, 9, 8, 10, 9, 11, 10, 12, 10, 13, 12, 14, 8, 15, 14, 16, 15, 17, 16, 18, 17, 19, 18, 1, 7, 8, 13, 15, 19]",-3.8775
19,40,"[3, 1, 1, 3, 1, 3, 1, 1, 1, 1, 1, 1, 2, 1, 1, 1, 1, 1, 1]","[2, 2, 1, 1, 1, 1, 1, 1, 2, 2, 1, 1, 3, 3, 3, 3, 3, 3, 3, 3, 3, 3, 1, 1, 1, 1, 1, 1, 1, 1, 1, 1, 1, 1, 1, 1, 3, 3, 1, 1]","[0, 1, 1, 2, 2, 3, 3, 4, 4, 5, 4, 6, 6, 7, 7, 8, 8, 9, 9, 10, 10, 11, 1, 12, 12, 13, 13, 14, 14, 15, 15, 16, 16, 17, 17, 18, 11, 6, 18, 12]","[1, 0, 2, 1, 3, 2, 4, 3, 5, 4, 6, 4, 7, 6, 8, 7, 9, 8, 10, 9, 11, 10, 12, 1, 13, 12, 14, 13, 15, 14, 16, 15, 17, 16, 18, 17, 6, 11, 12, 18]",-2.5421
24,52,"[4, 1, 1, 1, 1, 1, 1, 1, 1, 2, 1, 2, 1, 2, 1, 2, 1, 1, 1, 1, 1, 1, 1, 1]","[1, 1, 3, 3, 3, 3, 3, 3, 1, 1, 1, 1, 1, 1, 1, 1, 1, 1, 3, 3, 3, 3, 3, 3, 3, 3, 1, 1, 4, 4, 1, 1, 3, 3, 3, 3, 3, 3, 3, 3, 3, 3, 3, 3, 3, 3, 3, 3, 3, 3, 3, 3]","[0, 1, 1, 2, 2, 3, 3, 4, 4, 5, 5, 6, 6, 7, 7, 8, 8, 9, 9, 10, 10, 11, 11, 12, 12, 13, 7, 14, 14, 15, 7, 16, 16, 17, 17, 18, 18, 19, 19, 20, 20, 21, 4, 22, 22, 23, 23, 1, 13, 9, 21, 16]","[1, 0, 2, 1, 3, 2, 4, 3, 5, 4, 6, 5, 7, 6, 8, 7, 9, 8, 10, 9, 11, 10, 12, 11, 13, 12, 14, 7, 15, 14, 16, 7, 17, 16, 18, 17, 19, 18, 20, 19, 21, 20, 22, 4, 23, 22, 1, 23, 9, 13, 16, 21]",-6.2264
17,36,"[3, 1, 3, 1, 1, 1, 1, 3, 2, 1, 1, 1, 1, 4, 1, 1, 4]","[1, 1, 2, 2, 1, 1, 1, 1, 1, 1, 1, 1, 2, 2, 1, 1, 1, 1, 3, 3, 3, 3, 3, 3, 1, 1, 3, 3, 3, 3, 1, 1, 1, 1, 3, 3]","[0, 1, 1, 2, 1, 3, 3, 4, 4, 5, 5, 6, 6, 7, 6, 8, 8, 9, 9, 10, 10, 11, 11, 12, 12, 13, 12, 14, 14, 15, 15, 16, 5, 3, 15, 9]","[1, 0, 2, 1, 3, 1, 4, 3, 5, 4, 6, 5, 7, 6, 8, 6, 9, 8, 10, 9, 11, 10, 12, 11, 13, 12, 14, 12, 15, 14, 16, 15, 3, 5, 9, 15]",-3.8697
31,66,"[1, 2, 2, 1, 1, 1, 1, 2, 3, 1, 1, 1, 1, 1, 1, 1, 1, 3, 3, 1, 1, 1, 1, 1, 3, 1, 1, 1, 1, 1, 1]","[1, 1, 3, 3, 3, 3, 1, 1, 3, 3, 1, 1, 2, 2, 1, 1, 1, 1, 1, 1, 3, 3, 3, 3, 3, 3, 3, 3, 3, 3, 1, 1, 2, 2, 1, 1, 1, 1, 1, 1, 1, 1, 1, 1, 3, 3, 1, 1, 1, 1, 3, 3, 3, 3, 3, 3, 3, 3, 3, 3, 3, 3, 3, 3, 3, 3]","[0, 1, 1, 2, 2, 3, 3, 4, 3, 5, 5, 6, 6, 7, 7, 8, 8, 9, 9, 10, 10, 11, 11, 12, 12, 13, 13, 14, 14, 15, 13, 16, 16, 17, 16, 18, 18, 19, 19, 20, 19, 21, 19, 22, 5, 23, 23, 24, 24, 25, 25, 26, 26, 27, 27, 28, 28, 29, 29, 30, 23, 1, 15, 10, 30, 25]","[1, 0, 2, 1, 3, 2, 4, 3, 5, 3, 6, 5, 7, 6, 8, 7, 9, 8, 10, 9, 11, 10, 12, 11, 13, 12, 14, 13, 15, 14, 16, 13, 17, 16, 18, 16, 19, 18, 20, 19, 21, 19, 22, 19, 23, 5, 24, 23, 25, 24, 26, 25, 27, 26, 28, 27, 29, 28, 30, 29, 1, 23, 10, 15, 25, 30]",-7.4604
20,40,"[3, 1, 1, 1, 1, 1, 1, 1, 1, 1, 1, 1, 1, 1, 1, 1, 1, 1, 1, 2]","[2, 2, 1, 1, 1, 1, 1, 1, 1, 1, 1, 1, 1, 1, 1, 1, 1, 1, 1, 1, 1, 1, 1, 1, 1, 1, 1, 1, 1, 1, 1, 1, 1, 1, 1, 1, 1, 1, 1, 1]","[0, 1, 1, 2, 2, 3, 3, 4, 4, 5, 5, 6, 6, 7, 7, 8, 8, 9, 9, 10, 10, 11, 11, 12, 12, 13, 13, 14, 14, 15, 15, 16, 16, 17, 17, 18, 18, 19, 19, 1]","[1, 0, 2, 1, 3, 2, 4, 3, 5, 4, 6, 5, 7, 6, 8, 7, 9, 8, 10, 9, 11, 10, 12, 11, 13, 12, 14, 13, 15, 14, 16, 15, 17, 16, 18, 17, 19, 18, 1, 19]",-2.8474
19,42,"[3, 1, 3, 1, 1, 1, 1, 1, 1, 1, 3, 1, 3, 1, 1, 1, 1, 1, 1]","[1, 1, 2, 2, 1, 1, 3, 3, 3, 3, 3, 3, 3, 3, 3, 3, 1, 1, 1, 1, 1, 1, 2, 2, 1, 1, 3, 3, 3, 3, 3, 3, 3, 3, 3, 3, 3, 3, 1, 1, 3, 3]","[0, 1, 1, 2, 1, 3, 3, 4, 4, 5, 5, 6, 6, 7, 7, 8, 8, 9, 9, 10, 10, 11, 11, 12, 11, 13, 13, 14, 14, 15, 15, 16, 16, 17, 17, 18, 8, 3, 18, 9, 18, 13]","[1, 0, 2, 1, 3, 1, 4, 3, 5, 4, 6, 5, 7, 6, 8, 7, 9, 8, 10, 9, 11, 10, 12, 11, 13, 11, 14, 13, 15, 14, 16, 15, 17, 16, 18, 17, 3, 8, 9, 18, 13, 18]",-3.1042
24,50,"[1, 1, 2, 2, 1, 3, 2, 1, 1, 1, 6, 1, 1, 6, 1, 1, 2, 1, 1, 1, 1, 1, 3, 3]","[1, 1, 2, 2, 1, 1, 1, 1, 2, 2, 1, 1, 1, 1, 3, 3, 3, 3, 1, 1, 3, 3, 3, 3, 1, 1, 3, 3, 1, 1, 3, 3, 3, 3, 3, 3, 3, 3, 3, 3, 1, 1, 1, 1, 2, 2, 3, 3, 3, 3]","[0, 1, 1, 2, 2, 3, 3, 4, 4, 5, 4, 6, 6, 7, 7, 8, 8, 9, 9, 10, 9, 11, 11, 12, 12, 13, 12, 14, 1, 15, 15, 16, 16, 17, 17, 18, 18, 19, 19, 20, 20, 21, 21, 22, 21, 23, 14, 7, 20, 15]","[1, 0, 2, 1, 3, 2, 4, 3, 5, 4, 6, 4, 7, 6, 8, 7, 9, 8, 10, 9, 11, 9, 12, 11, 13, 12, 14, 12, 15, 1, 16, 15, 17, 16, 18, 17, 19, 18, 20, 19, 21, 20, 22, 21, 23, 21, 7, 14, 15, 20]",-3.7248
21,44,"[1, 1, 1, 1, 1, 3, 1, 1, 1, 1, 1, 1, 4, 1, 1, 1, 2, 1, 2, 1, 2]","[1, 1, 1, 1, 1, 1, 1, 1, 1, 1, 1, 1, 1, 1, 1, 1, 3, 3, 3, 3, 3, 3, 1, 1, 3, 3, 3, 3, 1, 1, 1, 1, 3, 3, 3, 3, 3, 3, 3, 3, 3, 3, 3, 3]","[0, 1, 1, 2, 1, 3, 1, 4, 4, 5, 4, 6, 6, 7, 7, 8, 8, 9, 9, 10, 10, 11, 11, 12, 11, 13, 13, 14, 4, 15, 15, 16, 16, 17, 17, 18, 18, 19, 19, 20, 14, 8, 20, 16]","[1, 0, 2, 1, 3, 1, 4, 1, 5, 4, 6, 4, 7, 6, 8, 7, 9, 8, 10, 9, 11, 10, 12, 11, 13, 11, 14, 13, 15, 4, 16, 15, 17, 16, 18, 17, 19, 18, 20, 19, 8, 14, 16, 20]",-3.932
26,54,"[1, 1, 3, 1, 1, 1, 1, 1, 1, 3, 1, 1, 2, 1, 2, 1, 2, 1, 1, 1, 1, 4, 1, 1, 1, 1]","[1, 1, 1, 1, 1, 1, 1, 1, 1, 1, 3, 3, 3, 3, 3, 3, 1, 1, 1, 1, 1, 1, 1, 1, 1, 1, 3, 3, 3, 3, 3, 3, 3, 3, 1, 1, 1, 1, 3, 3, 1, 1, 3, 3, 1, 1, 3, 3, 1, 1, 3, 3, 3, 3]","[0, 1, 1, 2, 2, 3, 3, 4, 4, 5, 5, 6, 6, 7, 7, 8, 8, 9, 9, 10, 10, 11, 11, 12, 12, 13, 13, 14, 14, 15, 15, 16, 16, 17, 17, 18, 18, 19, 17, 20, 20, 21, 8, 22, 22, 23, 22, 24, 24, 25, 24, 5, 20, 13]","[1, 0, 2, 1, 3, 2, 4, 3, 5, 4, 6, 5, 7, 6, 8, 7, 9, 8, 10, 9, 11, 10, 12, 11, 13, 12, 14, 13, 15, 14, 16, 15, 17, 16, 18, 17, 19, 18, 20, 17, 21, 20, 22, 8, 23, 22, 24, 22, 25, 24, 5, 24, 13, 20]",-5.2409
29,62,"[1, 1, 3, 1, 1, 1, 1, 1, 1, 11, 1, 1, 1, 1, 1, 1, 1, 1, 1, 6, 1, 3, 1, 1, 1, 1, 1, 1, 1]","[1, 1, 1, 1, 1, 1, 3, 3, 3, 3, 3, 3, 3, 3, 3, 3, 1, 1, 1, 1, 1, 1, 1, 1, 1, 1, 1, 1, 1, 1, 3, 3, 3, 3, 3, 3, 1, 1, 3, 3, 1, 1, 1, 1, 3, 3, 3, 3, 3, 3, 3, 3, 3, 3, 3, 3, 3, 3, 3, 3, 3, 3]","[0, 1, 1, 2, 2, 3, 3, 4, 4, 5, 5, 6, 6, 7, 7, 8, 6, 9, 9, 10, 9, 11, 9, 12, 12, 13, 13, 14, 14, 15, 15, 16, 16, 17, 17, 18, 18, 19, 18, 20, 20, 21, 21, 22, 22, 23, 23, 24, 24, 25, 25, 26, 26, 27, 20, 28, 8, 3, 28, 15, 27, 22]","[1, 0, 2, 1, 3, 2, 4, 3, 5, 4, 6, 5, 7, 6, 8, 7, 9, 6, 10, 9, 11, 9, 12, 9, 13, 12, 14, 13, 15, 14, 16, 15, 17, 16, 18, 17, 19, 18, 20, 18, 21, 20, 22, 21, 23, 22, 24, 23, 25, 24, 26, 25, 27, 26, 28, 20, 3, 8, 15, 28, 22, 27]",-8.6113
26,58,"[6, 1, 1, 1, 3, 1, 1, 3, 2, 1, 1, 1, 1, 1, 1, 2, 1, 3, 1, 1, 1, 1, 1, 1, 1, 3]","[1, 1, 3, 3, 3, 3, 1, 1, 1, 1, 1, 1, 2, 2, 1, 1, 1, 1, 1, 1, 4, 4, 1, 1, 3, 3, 3, 3, 1, 1, 1, 1, 2, 2, 1, 1, 2, 2, 1, 1, 1, 1, 1, 1, 1, 1, 1, 1, 2, 2, 3, 3, 3, 3, 1, 1, 1, 1]","[0, 1, 1, 2, 2, 3, 3, 4, 4, 5, 5, 6, 6, 7, 6, 8, 8, 9, 9, 10, 10, 11, 8, 12, 12, 13, 13, 14, 14, 15, 15, 16, 16, 17, 16, 18, 18, 19, 19, 20, 20, 21, 21, 22, 22, 23, 19, 24, 24, 25, 14, 1, 12, 3, 24, 15, 23, 18]","[1, 0, 2, 1, 3, 2, 4, 3, 5, 4, 6, 5, 7, 6, 8, 6, 9, 8, 10, 9, 11, 10, 12, 8, 13, 12, 14, 13, 15, 14, 16, 15, 17, 16, 18, 16, 19, 18, 20, 19, 21, 20, 22, 21, 23, 22, 24, 19, 25, 24, 1, 14, 3, 12, 15, 24, 18, 23]",-5.2966
25,52,"[1, 1, 1, 2, 1, 1, 3, 1, 1, 1, 1, 3, 2, 1, 1, 2, 1, 1, 3, 3, 1, 1, 1, 1, 1]","[1, 1, 1, 1, 1, 1, 1, 1, 1, 1, 3, 3, 3, 3, 3, 3, 3, 3, 1, 1, 2, 2, 1, 1, 3, 3, 3, 3, 3, 3, 3, 3, 1, 1, 2, 2, 1, 1, 1, 1, 1, 1, 1, 1, 1, 1, 2, 2, 3, 3, 3, 3]","[0, 1, 1, 2, 2, 3, 3, 4, 4, 5, 5, 6, 6, 7, 7, 8, 8, 9, 3, 10, 10, 11, 10, 12, 12, 13, 13, 14, 14, 15, 15, 16, 2, 17, 17, 18, 17, 19, 19, 20, 20, 21, 21, 22, 22, 23, 23, 24, 9, 5, 16, 12]","[1, 0, 2, 1, 3, 2, 4, 3, 5, 4, 6, 5, 7, 6, 8, 7, 9, 8, 10, 3, 11, 10, 12, 10, 13, 12, 14, 13, 15, 14, 16, 15, 17, 2, 18, 17, 19, 17, 20, 19, 21, 20, 22, 21, 23, 22, 24, 23, 5, 9, 12, 16]",-2.8919
21,44,"[1, 8, 3, 3, 1, 1, 1, 1, 1, 4, 1, 1, 3, 1, 1, 3, 1, 1, 1, 1, 3]","[1, 1, 2, 2, 2, 2, 1, 1, 3, 3, 3, 3, 3, 3, 3, 3, 1, 1, 3, 3, 1, 1, 2, 2, 1, 1, 1, 1, 2, 2, 1, 1, 1, 1, 1, 1, 1, 1, 2, 2, 3, 3, 1, 1]","[0, 1, 1, 2, 1, 3, 1, 4, 4, 5, 5, 6, 6, 7, 7, 8, 8, 9, 8, 10, 7, 11, 11, 12, 11, 13, 13, 14, 14, 15, 14, 16, 16, 17, 17, 18, 18, 19, 19, 20, 10, 4, 19, 13]","[1, 0, 2, 1, 3, 1, 4, 1, 5, 4, 6, 5, 7, 6, 8, 7, 9, 8, 10, 8, 11, 7, 12, 11, 13, 11, 14, 13, 15, 14, 16, 14, 17, 16, 18, 17, 19, 18, 20, 19, 4, 10, 13, 19]",-3.2994
16,32,"[1, 1, 3, 7, 3, 8, 1, 1, 1, 1, 2, 1, 1, 8, 1, 3]","[1, 1, 1, 1, 1, 1, 2, 2, 1, 1, 1, 1, 1, 1, 1, 1, 1, 1, 1, 1, 1, 1, 1, 1, 1, 1, 1, 1, 2, 2, 1, 1]","[0, 1, 1, 2, 2, 3, 3, 4, 3, 5, 5, 6, 6, 7, 6, 8, 8, 9, 3, 10, 10, 11, 11, 12, 12, 13, 13, 14, 14, 15, 14, 10]","[1, 0, 2, 1, 3, 2, 4, 3, 5, 3, 6, 5, 7, 6, 8, 6, 9, 8, 10, 3, 11, 10, 12, 11, 13, 12, 14, 13, 15, 14, 10, 14]",-1.4589
24,52,"[1, 2, 1, 1, 1, 3, 1, 3, 1, 1, 1, 1, 1, 1, 1, 1, 1, 1, 1, 1, 1, 6, 6, 6]","[1, 1, 1, 1, 2, 2, 1, 1, 2, 2, 1, 1, 1, 1, 1, 1, 3, 3, 3, 3, 3, 3, 3, 3, 3, 3, 1, 1, 3, 3, 3, 3, 3, 3, 3, 3, 3, 3, 1, 1, 1, 1, 1, 1, 1, 1, 1, 1, 3, 3, 3, 3]","[0, 1, 1, 2, 2, 3, 3, 4, 4, 5, 4, 6, 6, 7, 6, 8, 8, 9, 9, 10, 10, 11, 11, 12, 12, 13, 3, 14, 14, 15, 15, 16, 16, 17, 17, 18, 18, 19, 18, 20, 20, 21, 20, 22, 20, 23, 7, 2, 13, 8, 19, 14]","[1, 0, 2, 1, 3, 2, 4, 3, 5, 4, 6, 4, 7, 6, 8, 6, 9, 8, 10, 9, 11, 10, 12, 11, 13, 12, 14, 3, 15, 14, 16, 15, 17, 16, 18, 17, 19, 18, 20, 18, 21, 20, 22, 20, 23, 20, 2, 7, 8, 13, 14, 19]",-3.9788
21,44,"[1, 3, 1, 1, 1, 8, 1, 1, 2, 1, 3, 1, 4, 1, 1, 1, 1, 1, 1, 1, 1]","[1, 1, 1, 1, 3, 3, 3, 3, 3, 3, 3, 3, 1, 1, 1, 1, 1, 1, 2, 2, 1, 1, 1, 1, 1, 1, 3, 3, 1, 1, 3, 3, 3, 3, 3, 3, 3, 3, 1, 1, 3, 3, 3, 3]","[0, 1, 1, 2, 2, 3, 3, 4, 4, 5, 5, 6, 6, 7, 7, 8, 8, 9, 9, 10, 9, 11, 11, 12, 8, 13, 13, 14, 14, 15, 14, 16, 16, 17, 17, 18, 18, 19, 19, 20, 6, 2, 19, 13]","[1, 0, 2, 1, 3, 2, 4, 3, 5, 4, 6, 5, 7, 6, 8, 7, 9, 8, 10, 9, 11, 9, 12, 11, 13, 8, 14, 13, 15, 14, 16, 14, 17, 16, 18, 17, 19, 18, 20, 19, 2, 6, 13, 19]",-4.4689
24,50,"[1, 1, 1, 1, 2, 2, 1, 1, 1, 4, 1, 3, 8, 1, 1, 1, 1, 1, 1, 1, 1, 1, 1, 1]","[1, 1, 1, 1, 1, 1, 1, 1, 3, 3, 3, 3, 3, 3, 3, 3, 1, 1, 3, 3, 2, 2, 1, 1, 1, 1, 1, 1, 3, 3, 3, 3, 3, 3, 3, 3, 3, 3, 1, 1, 1, 1, 1, 1, 1, 1, 3, 3, 3, 3]","[0, 1, 1, 2, 1, 3, 1, 4, 4, 5, 5, 6, 6, 7, 7, 8, 8, 9, 8, 10, 10, 11, 7, 12, 12, 13, 13, 14, 14, 15, 15, 16, 16, 17, 17, 18, 18, 19, 17, 20, 20, 21, 20, 22, 20, 23, 10, 4, 19, 14]","[1, 0, 2, 1, 3, 1, 4, 1, 5, 4, 6, 5, 7, 6, 8, 7, 9, 8, 10, 8, 11, 10, 12, 7, 13, 12, 14, 13, 15, 14, 16, 15, 17, 16, 18, 17, 19, 18, 20, 17, 21, 20, 22, 20, 23, 20, 4, 10, 14, 19]",-7.483
20,44,"[1, 1, 1, 1, 1, 1, 3, 1, 2, 1, 2, 1, 2, 1, 1, 1, 1, 4, 1, 1]","[1, 1, 1, 1, 1, 1, 1, 1, 1, 1, 1, 1, 1, 1, 1, 1, 3, 3, 3, 3, 3, 3, 3, 3, 1, 1, 3, 3, 3, 3, 3, 3, 1, 1, 3, 3, 3, 3, 1, 1, 3, 3, 3, 3]","[0, 1, 1, 2, 2, 3, 3, 4, 1, 5, 5, 6, 5, 7, 7, 8, 8, 9, 9, 10, 10, 11, 11, 12, 5, 13, 13, 14, 14, 15, 15, 16, 16, 17, 16, 18, 18, 19, 4, 2, 12, 8, 19, 13]","[1, 0, 2, 1, 3, 2, 4, 3, 5, 1, 6, 5, 7, 5, 8, 7, 9, 8, 10, 9, 11, 10, 12, 11, 13, 5, 14, 13, 15, 14, 16, 15, 17, 16, 18, 16, 19, 18, 2, 4, 8, 12, 13, 19]",-3.3189
16,34,"[1, 2, 1, 2, 1, 1, 2, 1, 1, 3, 2, 1, 1, 3, 1, 3]","[1, 1, 3, 3, 3, 3, 3, 3, 3, 3, 3, 3, 1, 1, 3, 3, 2, 2, 3, 3, 1, 1, 3, 3, 2, 2, 3, 3, 2, 2, 3, 3, 3, 3]","[0, 1, 1, 2, 2, 3, 3, 4, 4, 5, 5, 6, 6, 7, 6, 8, 8, 9, 8, 10, 10, 11, 10, 12, 12, 13, 5, 14, 14, 15, 14, 1, 12, 4]","[1, 0, 2, 1, 3, 2, 4, 3, 5, 4, 6, 5, 7, 6, 8, 6, 9, 8, 10, 8, 11, 10, 12, 10, 13, 12, 14, 5, 15, 14, 1, 14, 4, 12]",-1.985
15,32,"[1, 1, 1, 1, 1, 1, 3, 3, 1, 1, 1, 1, 1, 1, 3]","[1, 1, 1, 1, 1, 1, 1, 1, 1, 1, 1, 1, 1, 1, 1, 1, 1, 1, 1, 1, 1, 1, 1, 1, 1, 1, 1, 1, 1, 1, 1, 1]","[0, 1, 1, 2, 2, 3, 3, 4, 4, 5, 5, 6, 5, 7, 7, 8, 8, 9, 9, 10, 10, 11, 11, 12, 12, 13, 12, 14, 6, 1, 14, 8]","[1, 0, 2, 1, 3, 2, 4, 3, 5, 4, 6, 5, 7, 5, 8, 7, 9, 8, 10, 9, 11, 10, 12, 11, 13, 12, 14, 12, 1, 6, 8, 14]",-1.1083
12,26,"[1, 2, 1, 1, 2, 1, 1, 2, 1, 2, 1, 3]","[1, 1, 3, 3, 3, 3, 3, 3, 3, 3, 3, 3, 3, 3, 3, 3, 3, 3, 3, 3, 2, 2, 3, 3, 3, 3]","[0, 1, 1, 2, 2, 3, 3, 4, 4, 5, 5, 6, 6, 7, 7, 8, 8, 9, 9, 10, 10, 11, 10, 1, 8, 3]","[1, 0, 2, 1, 3, 2, 4, 3, 5, 4, 6, 5, 7, 6, 8, 7, 9, 8, 10, 9, 11, 10, 1, 10, 3, 8]",-0.9089
20,42,"[6, 1, 6, 6, 1, 2, 3, 1, 1, 3, 1, 1, 3, 1, 1, 1, 1, 4, 1, 1]","[1, 1, 1, 1, 1, 1, 1, 1, 2, 2, 1, 1, 1, 1, 1, 1, 1, 1, 1, 1, 1, 1, 1, 1, 1, 1, 3, 3, 3, 3, 3, 3, 1, 1, 3, 3, 3, 3, 1, 1, 3, 3]","[0, 1, 1, 2, 1, 3, 1, 4, 4, 5, 5, 6, 6, 7, 7, 8, 8, 9, 9, 10, 10, 11, 11, 12, 4, 13, 13, 14, 14, 15, 15, 16, 16, 17, 16, 18, 18, 19, 12, 8, 19, 13]","[1, 0, 2, 1, 3, 1, 4, 1, 5, 4, 6, 5, 7, 6, 8, 7, 9, 8, 10, 9, 11, 10, 12, 11, 13, 4, 14, 13, 15, 14, 16, 15, 17, 16, 18, 16, 19, 18, 8, 12, 13, 19]",-4.0138
20,44,"[1, 1, 1, 1, 1, 1, 1, 1, 3, 1, 1, 3, 1, 1, 1, 1, 1, 1, 1, 1]","[1, 1, 1, 1, 1, 1, 1, 1, 1, 1, 1, 1, 1, 1, 1, 1, 1, 1, 1, 1, 1, 1, 1, 1, 1, 1, 3, 3, 3, 3, 3, 3, 3, 3, 3, 3, 1, 1, 1, 1, 1, 1, 3, 3]","[0, 1, 1, 2, 1, 3, 3, 4, 4, 5, 5, 6, 6, 7, 6, 8, 6, 9, 9, 10, 9, 11, 11, 12, 12, 13, 13, 14, 14, 15, 15, 16, 16, 17, 17, 18, 18, 19, 8, 3, 10, 3, 18, 13]","[1, 0, 2, 1, 3, 1, 4, 3, 5, 4, 6, 5, 7, 6, 8, 6, 9, 6, 10, 9, 11, 9, 12, 11, 13, 12, 14, 13, 15, 14, 16, 15, 17, 16, 18, 17, 19, 18, 3, 8, 3, 10, 13, 18]",-3.6391
25,54,"[1, 1, 3, 1, 1, 1, 1, 3, 1, 2, 1, 1, 4, 1, 1, 4, 1, 1, 1, 3, 2, 1, 1, 1, 3]","[1, 1, 1, 1, 1, 1, 3, 3, 3, 3, 3, 3, 1, 1, 1, 1, 3, 3, 3, 3, 3, 3, 1, 1, 3, 3, 3, 3, 1, 1, 3, 3, 3, 3, 1, 1, 2, 2, 1, 1, 1, 1, 1, 1, 1, 1, 1, 1, 3, 3, 3, 3, 1, 1]","[0, 1, 1, 2, 2, 3, 3, 4, 4, 5, 5, 6, 6, 7, 7, 8, 8, 9, 9, 10, 10, 11, 11, 12, 11, 13, 13, 14, 14, 15, 6, 16, 16, 17, 1, 18, 18, 19, 18, 20, 20, 21, 21, 22, 22, 23, 23, 24, 17, 3, 14, 8, 24, 20]","[1, 0, 2, 1, 3, 2, 4, 3, 5, 4, 6, 5, 7, 6, 8, 7, 9, 8, 10, 9, 11, 10, 12, 11, 13, 11, 14, 13, 15, 14, 16, 6, 17, 16, 18, 1, 19, 18, 20, 18, 21, 20, 22, 21, 23, 22, 24, 23, 3, 17, 8, 14, 20, 24]",-4.5922
29,62,"[1, 1, 1, 1, 1, 3, 1, 3, 1, 3, 1, 1, 1, 2, 1, 3, 1, 1, 1, 1, 1, 1, 1, 3, 1, 6, 1, 1, 4]","[1, 1, 1, 1, 1, 1, 1, 1, 1, 1, 1, 1, 2, 2, 1, 1, 1, 1, 1, 1, 3, 3, 3, 3, 1, 1, 1, 1, 2, 2, 1, 1, 2, 2, 1, 1, 1, 1, 1, 1, 1, 1, 1, 1, 2, 2, 3, 3, 1, 1, 3, 3, 3, 3, 1, 1, 3, 3, 1, 1, 1, 1]","[0, 1, 1, 2, 2, 3, 3, 4, 4, 5, 5, 6, 6, 7, 6, 8, 8, 9, 9, 10, 10, 11, 11, 12, 12, 13, 13, 14, 14, 15, 14, 16, 16, 17, 17, 18, 18, 19, 19, 20, 20, 21, 17, 22, 22, 23, 12, 24, 24, 25, 24, 26, 26, 27, 27, 28, 27, 10, 22, 13, 21, 16]","[1, 0, 2, 1, 3, 2, 4, 3, 5, 4, 6, 5, 7, 6, 8, 6, 9, 8, 10, 9, 11, 10, 12, 11, 13, 12, 14, 13, 15, 14, 16, 14, 17, 16, 18, 17, 19, 18, 20, 19, 21, 20, 22, 17, 23, 22, 24, 12, 25, 24, 26, 24, 27, 26, 28, 27, 10, 27, 13, 22, 16, 21]",-6.3508
33,70,"[6, 1, 1, 1, 1, 1, 6, 1, 1, 3, 2, 1, 3, 2, 1, 1, 1, 1, 4, 1, 3, 1, 2, 1, 1, 1, 1, 4, 1, 6, 6, 6, 1]","[1, 1, 3, 3, 3, 3, 3, 3, 3, 3, 1, 1, 3, 3, 1, 1, 2, 2, 1, 1, 1, 1, 2, 2, 1, 1, 1, 1, 3, 3, 3, 3, 3, 3, 1, 1, 3, 3, 1, 1, 1, 1, 3, 3, 3, 3, 3, 3, 3, 3, 3, 3, 1, 1, 1, 1, 1, 1, 1, 1, 1, 1, 3, 3, 3, 3, 3, 3, 3, 3]","[0, 1, 1, 2, 2, 3, 3, 4, 4, 5, 5, 6, 5, 7, 7, 8, 8, 9, 8, 10, 10, 11, 11, 12, 11, 13, 13, 14, 14, 15, 15, 16, 16, 17, 17, 18, 17, 19, 19, 20, 20, 21, 21, 22, 22, 23, 23, 24, 24, 25, 25, 26, 26, 27, 24, 28, 28, 29, 28, 30, 28, 31, 19, 32, 7, 1, 32, 14, 26, 21]","[1, 0, 2, 1, 3, 2, 4, 3, 5, 4, 6, 5, 7, 5, 8, 7, 9, 8, 10, 8, 11, 10, 12, 11, 13, 11, 14, 13, 15, 14, 16, 15, 17, 16, 18, 17, 19, 17, 20, 19, 21, 20, 22, 21, 23, 22, 24, 23, 25, 24, 26, 25, 27, 26, 28, 24, 29, 28, 30, 28, 31, 28, 32, 19, 1, 7, 14, 32, 21, 26]",-7.4033
25,54,"[4, 1, 1, 1, 1, 1, 8, 1, 1, 2, 1, 2, 1, 2, 2, 1, 1, 1, 1, 4, 1, 1, 4, 1, 1]","[1, 1, 3, 3, 3, 3, 3, 3, 1, 1, 1, 1, 1, 1, 1, 1, 1, 1, 3, 3, 3, 3, 3, 3, 3, 3, 2, 2, 1, 1, 3, 3, 3, 3, 3, 3, 1, 1, 3, 3, 3, 3, 1, 1, 3, 3, 3, 3, 3, 3, 3, 3, 3, 3]","[0, 1, 1, 2, 2, 3, 3, 4, 4, 5, 5, 6, 6, 7, 7, 8, 8, 9, 9, 10, 10, 11, 11, 12, 12, 13, 7, 14, 14, 15, 15, 16, 16, 17, 17, 18, 18, 19, 18, 20, 20, 21, 21, 22, 4, 23, 23, 24, 24, 1, 13, 9, 21, 15]","[1, 0, 2, 1, 3, 2, 4, 3, 5, 4, 6, 5, 7, 6, 8, 7, 9, 8, 10, 9, 11, 10, 12, 11, 13, 12, 14, 7, 15, 14, 16, 15, 17, 16, 18, 17, 19, 18, 20, 18, 21, 20, 22, 21, 23, 4, 24, 23, 1, 24, 9, 13, 15, 21]",-5.3842
22,48,"[1, 11, 1, 2, 1, 2, 1, 2, 1, 1, 1, 1, 6, 1, 1, 1, 1, 1, 1, 6, 1, 1]","[1, 1, 1, 1, 1, 1, 3, 3, 3, 3, 3, 3, 3, 3, 1, 1, 3, 3, 3, 3, 3, 3, 1, 1, 3, 3, 3, 3, 1, 1, 3, 3, 3, 3, 3, 3, 1, 1, 3, 3, 3, 3, 3, 3, 3, 3, 3, 3]","[0, 1, 1, 2, 2, 3, 3, 4, 4, 5, 5, 6, 6, 7, 1, 8, 8, 9, 9, 10, 10, 11, 11, 12, 11, 13, 13, 14, 1, 15, 15, 16, 16, 17, 17, 18, 18, 19, 18, 20, 20, 21, 7, 3, 14, 8, 21, 15]","[1, 0, 2, 1, 3, 2, 4, 3, 5, 4, 6, 5, 7, 6, 8, 1, 9, 8, 10, 9, 11, 10, 12, 11, 13, 11, 14, 13, 15, 1, 16, 15, 17, 16, 18, 17, 19, 18, 20, 18, 21, 20, 3, 7, 8, 14, 15, 21]",-3.7665
21,44,"[1, 1, 3, 1, 1, 1, 1, 4, 1, 1, 1, 4, 1, 3, 2, 1, 1, 1, 1, 1, 1]","[1, 1, 1, 1, 1, 1, 3, 3, 3, 3, 3, 3, 1, 1, 3, 3, 1, 1, 3, 3, 1, 1, 1, 1, 2, 2, 1, 1, 1, 1, 3, 3, 3, 3, 3, 3, 3, 3, 3, 3, 3, 3, 3, 3]","[0, 1, 1, 2, 2, 3, 3, 4, 4, 5, 5, 6, 6, 7, 6, 8, 8, 9, 8, 10, 10, 11, 1, 12, 12, 13, 12, 14, 14, 15, 15, 16, 16, 17, 17, 18, 18, 19, 19, 20, 10, 3, 20, 15]","[1, 0, 2, 1, 3, 2, 4, 3, 5, 4, 6, 5, 7, 6, 8, 6, 9, 8, 10, 8, 11, 10, 12, 1, 13, 12, 14, 12, 15, 14, 16, 15, 17, 16, 18, 17, 19, 18, 20, 19, 3, 10, 15, 20]",-7.0057
28,60,"[6, 1, 1, 1, 1, 2, 1, 3, 1, 1, 1, 1, 2, 1, 3, 1, 1, 1, 1, 1, 1, 1, 6, 6, 6, 1, 6, 1]","[1, 1, 3, 3, 3, 3, 3, 3, 1, 1, 1, 1, 2, 2, 1, 1, 3, 3, 3, 3, 3, 3, 3, 3, 3, 3, 1, 1, 1, 1, 3, 3, 3, 3, 3, 3, 3, 3, 3, 3, 1, 1, 1, 1, 1, 1, 1, 1, 3, 3, 1, 1, 3, 3, 3, 3, 3, 3, 3, 3]","[0, 1, 1, 2, 2, 3, 3, 4, 4, 5, 5, 6, 6, 7, 6, 8, 8, 9, 9, 10, 10, 11, 11, 12, 12, 13, 13, 14, 14, 15, 15, 16, 16, 17, 17, 18, 18, 19, 19, 20, 19, 21, 21, 22, 21, 23, 21, 24, 4, 25, 25, 26, 25, 27, 27, 1, 13, 8, 20, 15]","[1, 0, 2, 1, 3, 2, 4, 3, 5, 4, 6, 5, 7, 6, 8, 6, 9, 8, 10, 9, 11, 10, 12, 11, 13, 12, 14, 13, 15, 14, 16, 15, 17, 16, 18, 17, 19, 18, 20, 19, 21, 19, 22, 21, 23, 21, 24, 21, 25, 4, 26, 25, 27, 25, 1, 27, 8, 13, 15, 20]",-6.8969
28,58,"[1, 3, 1, 3, 1, 1, 1, 1, 1, 1, 1, 8, 3, 3, 2, 1, 3, 2, 1, 2, 1, 3, 1, 1, 1, 3, 1, 2]","[1, 1, 1, 1, 2, 2, 1, 1, 3, 3, 3, 3, 3, 3, 3, 3, 3, 3, 1, 1, 1, 1, 2, 2, 2, 2, 1, 1, 1, 1, 2, 2, 1, 1, 1, 1, 3, 3, 3, 3, 1, 1, 1, 1, 3, 3, 3, 3, 1, 1, 1, 1, 3, 3, 3, 3, 3, 3]","[0, 1, 1, 2, 2, 3, 2, 4, 4, 5, 5, 6, 6, 7, 7, 8, 8, 9, 9, 10, 10, 11, 11, 12, 11, 13, 11, 14, 14, 15, 15, 16, 15, 17, 17, 18, 18, 19, 19, 20, 20, 21, 21, 22, 20, 23, 23, 24, 24, 25, 25, 26, 24, 27, 9, 4, 27, 18]","[1, 0, 2, 1, 3, 2, 4, 2, 5, 4, 6, 5, 7, 6, 8, 7, 9, 8, 10, 9, 11, 10, 12, 11, 13, 11, 14, 11, 15, 14, 16, 15, 17, 15, 18, 17, 19, 18, 20, 19, 21, 20, 22, 21, 23, 20, 24, 23, 25, 24, 26, 25, 27, 24, 4, 9, 18, 27]",-3.534
29,62,"[1, 1, 1, 1, 3, 1, 3, 1, 1, 1, 1, 4, 1, 6, 6, 6, 1, 1, 1, 1, 1, 1, 1, 1, 1, 1, 1, 1, 1]","[1, 1, 3, 3, 1, 1, 1, 1, 1, 1, 2, 2, 1, 1, 1, 1, 1, 1, 2, 2, 1, 1, 1, 1, 1, 1, 1, 1, 1, 1, 1, 1, 1, 1, 1, 1, 3, 3, 3, 3, 3, 3, 3, 3, 1, 1, 3, 3, 3, 3, 3, 3, 3, 3, 3, 3, 3, 3, 1, 1, 3, 3]","[0, 1, 1, 2, 2, 3, 3, 4, 4, 5, 5, 6, 5, 7, 7, 8, 8, 9, 9, 10, 10, 11, 10, 12, 12, 13, 12, 14, 12, 15, 8, 16, 16, 17, 16, 18, 2, 19, 19, 20, 20, 21, 21, 22, 22, 23, 23, 24, 24, 25, 25, 26, 26, 27, 27, 28, 22, 1, 16, 7, 28, 23]","[1, 0, 2, 1, 3, 2, 4, 3, 5, 4, 6, 5, 7, 5, 8, 7, 9, 8, 10, 9, 11, 10, 12, 10, 13, 12, 14, 12, 15, 12, 16, 8, 17, 16, 18, 16, 19, 2, 20, 19, 21, 20, 22, 21, 23, 22, 24, 23, 25, 24, 26, 25, 27, 26, 28, 27, 1, 22, 7, 16, 23, 28]",-6.6262
24,50,"[1, 1, 1, 1, 1, 1, 1, 1, 1, 2, 1, 3, 1, 1, 3, 1, 1, 1, 1, 1, 3, 1, 3, 2]","[1, 1, 1, 1, 1, 1, 1, 1, 1, 1, 1, 1, 3, 3, 3, 3, 1, 1, 1, 1, 2, 2, 1, 1, 3, 3, 1, 1, 1, 1, 3, 3, 3, 3, 3, 3, 3, 3, 1, 1, 1, 1, 3, 3, 3, 3, 3, 3, 3, 3]","[0, 1, 1, 2, 2, 3, 2, 4, 4, 5, 2, 6, 6, 7, 7, 8, 8, 9, 9, 10, 10, 11, 10, 12, 12, 13, 13, 14, 14, 15, 13, 16, 16, 17, 17, 18, 18, 19, 19, 20, 20, 21, 8, 22, 22, 23, 23, 6, 19, 12]","[1, 0, 2, 1, 3, 2, 4, 2, 5, 4, 6, 2, 7, 6, 8, 7, 9, 8, 10, 9, 11, 10, 12, 10, 13, 12, 14, 13, 15, 14, 16, 13, 17, 16, 18, 17, 19, 18, 20, 19, 21, 20, 22, 8, 23, 22, 6, 23, 12, 19]",-5.3694
24,52,"[3, 1, 1, 1, 1, 1, 1, 1, 1, 1, 1, 4, 1, 1, 1, 2, 1, 3, 1, 1, 1, 2, 1, 1]","[1, 1, 1, 1, 3, 3, 3, 3, 3, 3, 3, 3, 3, 3, 1, 1, 3, 3, 3, 3, 1, 1, 3, 3, 3, 3, 3, 3, 1, 1, 1, 1, 2, 2, 1, 1, 3, 3, 3, 3, 3, 3, 3, 3, 3, 3, 3, 3, 3, 3, 3, 3]","[0, 1, 1, 2, 2, 3, 3, 4, 4, 5, 5, 6, 6, 7, 1, 8, 8, 9, 9, 10, 10, 11, 10, 12, 12, 13, 13, 14, 14, 15, 15, 16, 16, 17, 16, 18, 18, 19, 19, 20, 20, 21, 21, 22, 22, 23, 7, 2, 14, 8, 23, 18]","[1, 0, 2, 1, 3, 2, 4, 3, 5, 4, 6, 5, 7, 6, 8, 1, 9, 8, 10, 9, 11, 10, 12, 10, 13, 12, 14, 13, 15, 14, 16, 15, 17, 16, 18, 16, 19, 18, 20, 19, 21, 20, 22, 21, 23, 22, 2, 7, 8, 14, 18, 23]",-5.5299
14,30,"[3, 2, 1, 1, 1, 1, 2, 3, 1, 2, 1, 1, 1, 1]","[1, 1, 2, 2, 1, 1, 2, 2, 1, 1, 2, 2, 1, 1, 1, 1, 3, 3, 3, 3, 3, 3, 3, 3, 3, 3, 1, 1, 3, 3]","[0, 1, 1, 2, 2, 3, 3, 4, 4, 5, 5, 6, 6, 7, 5, 8, 8, 9, 9, 10, 10, 11, 11, 12, 12, 13, 13, 2, 13, 8]","[1, 0, 2, 1, 3, 2, 4, 3, 5, 4, 6, 5, 7, 6, 8, 5, 9, 8, 10, 9, 11, 10, 12, 11, 13, 12, 2, 13, 8, 13]",-3.7998
16,34,"[1, 1, 1, 1, 3, 2, 1, 1, 1, 1, 1, 1, 1, 4, 1, 3]","[1, 1, 1, 1, 1, 1, 1, 1, 1, 1, 1, 1, 1, 1, 3, 3, 3, 3, 3, 3, 3, 3, 3, 3, 1, 1, 1, 1, 2, 2, 1, 1, 3, 3]","[0, 1, 1, 2, 1, 3, 3, 4, 4, 5, 5, 6, 6, 7, 7, 8, 8, 9, 9, 10, 10, 11, 11, 12, 12, 13, 5, 14, 14, 15, 14, 1, 12, 7]","[1, 0, 2, 1, 3, 1, 4, 3, 5, 4, 6, 5, 7, 6, 8, 7, 9, 8, 10, 9, 11, 10, 12, 11, 13, 12, 14, 5, 15, 14, 1, 14, 7, 12]",-2.3383
30,64,"[1, 1, 1, 1, 1, 1, 3, 3, 1, 1, 1, 1, 1, 1, 1, 1, 1, 1, 1, 1, 1, 1, 1, 1, 3, 1, 1, 3, 3, 1]","[1, 1, 1, 1, 1, 1, 1, 1, 1, 1, 2, 2, 1, 1, 1, 1, 1, 1, 1, 1, 1, 1, 1, 1, 2, 2, 1, 1, 2, 2, 1, 1, 1, 1, 1, 1, 1, 1, 1, 1, 1, 1, 1, 1, 1, 1, 1, 1, 1, 1, 1, 1, 2, 2, 1, 1, 1, 1, 1, 1, 1, 1, 1, 1]","[0, 1, 1, 2, 2, 3, 2, 4, 2, 5, 5, 6, 5, 7, 7, 8, 8, 9, 9, 10, 10, 11, 10, 12, 12, 13, 13, 14, 14, 15, 15, 16, 16, 17, 16, 18, 18, 19, 19, 20, 20, 21, 21, 22, 22, 23, 23, 24, 23, 25, 25, 26, 26, 27, 26, 28, 18, 29, 29, 8, 29, 13, 28, 21]","[1, 0, 2, 1, 3, 2, 4, 2, 5, 2, 6, 5, 7, 5, 8, 7, 9, 8, 10, 9, 11, 10, 12, 10, 13, 12, 14, 13, 15, 14, 16, 15, 17, 16, 18, 16, 19, 18, 20, 19, 21, 20, 22, 21, 23, 22, 24, 23, 25, 23, 26, 25, 27, 26, 28, 26, 29, 18, 8, 29, 13, 29, 21, 28]",-7.1447
20,42,"[1, 3, 1, 1, 3, 2, 2, 1, 1, 3, 1, 3, 1, 1, 1, 1, 1, 1, 1, 1]","[1, 1, 1, 1, 1, 1, 2, 2, 1, 1, 1, 1, 1, 1, 1, 1, 1, 1, 1, 1, 2, 2, 1, 1, 3, 3, 1, 1, 3, 3, 3, 3, 3, 3, 3, 3, 1, 1, 1, 1, 3, 3]","[0, 1, 1, 2, 2, 3, 3, 4, 3, 5, 5, 6, 6, 7, 7, 8, 8, 9, 9, 10, 10, 11, 5, 12, 12, 13, 13, 14, 13, 15, 15, 16, 16, 17, 17, 18, 18, 19, 10, 6, 18, 12]","[1, 0, 2, 1, 3, 2, 4, 3, 5, 3, 6, 5, 7, 6, 8, 7, 9, 8, 10, 9, 11, 10, 12, 5, 13, 12, 14, 13, 15, 13, 16, 15, 17, 16, 18, 17, 19, 18, 6, 10, 12, 18]",-1.913
12,26,"[2, 2, 1, 2, 1, 2, 1, 2, 1, 1, 2, 1]","[1, 1, 2, 2, 3, 3, 3, 3, 3, 3, 3, 3, 3, 3, 3, 3, 3, 3, 3, 3, 3, 3, 3, 3, 3, 3]","[0, 1, 1, 2, 2, 3, 3, 4, 4, 5, 5, 6, 6, 7, 7, 8, 8, 9, 9, 10, 10, 11, 11, 2, 11, 6]","[1, 0, 2, 1, 3, 2, 4, 3, 5, 4, 6, 5, 7, 6, 8, 7, 9, 8, 10, 9, 11, 10, 2, 11, 6, 11]",-1.8632
22,48,"[3, 1, 1, 2, 1, 2, 1, 2, 1, 1, 1, 1, 6, 1, 1, 1, 1, 1, 1, 1, 1, 6]","[1, 1, 1, 1, 1, 1, 3, 3, 3, 3, 3, 3, 3, 3, 1, 1, 3, 3, 3, 3, 3, 3, 1, 1, 3, 3, 3, 3, 1, 1, 3, 3, 3, 3, 3, 3, 3, 3, 3, 3, 1, 1, 3, 3, 3, 3, 3, 3]","[0, 1, 1, 2, 2, 3, 3, 4, 4, 5, 5, 6, 6, 7, 1, 8, 8, 9, 9, 10, 10, 11, 11, 12, 11, 13, 13, 14, 1, 15, 15, 16, 16, 17, 17, 18, 18, 19, 19, 20, 20, 21, 7, 3, 14, 8, 20, 15]","[1, 0, 2, 1, 3, 2, 4, 3, 5, 4, 6, 5, 7, 6, 8, 1, 9, 8, 10, 9, 11, 10, 12, 11, 13, 11, 14, 13, 15, 1, 16, 15, 17, 16, 18, 17, 19, 18, 20, 19, 21, 20, 3, 7, 8, 14, 15, 20]",-3.3651
17,36,"[2, 1, 1, 2, 3, 1, 1, 3, 1, 1, 3, 1, 1, 1, 1, 1, 1]","[4, 4, 1, 1, 2, 2, 1, 1, 1, 1, 1, 1, 1, 1, 1, 1, 1, 1, 1, 1, 1, 1, 3, 3, 3, 3, 3, 3, 3, 3, 3, 3, 1, 1, 3, 3]","[0, 1, 1, 2, 2, 3, 3, 4, 4, 5, 5, 6, 6, 7, 7, 8, 8, 9, 9, 10, 2, 11, 11, 12, 12, 13, 13, 14, 14, 15, 15, 16, 10, 6, 16, 11]","[1, 0, 2, 1, 3, 2, 4, 3, 5, 4, 6, 5, 7, 6, 8, 7, 9, 8, 10, 9, 11, 2, 12, 11, 13, 12, 14, 13, 15, 14, 16, 15, 6, 10, 11, 16]",-4.0649
15,32,"[4, 1, 1, 1, 1, 1, 1, 4, 1, 1, 2, 1, 1, 1, 2]","[1, 1, 3, 3, 3, 3, 3, 3, 3, 3, 3, 3, 1, 1, 1, 1, 3, 3, 3, 3, 3, 3, 3, 3, 1, 1, 4, 4, 3, 3, 3, 3]","[0, 1, 1, 2, 2, 3, 3, 4, 4, 5, 5, 6, 6, 7, 5, 8, 8, 9, 9, 10, 10, 11, 11, 12, 12, 13, 13, 14, 6, 1, 12, 8]","[1, 0, 2, 1, 3, 2, 4, 3, 5, 4, 6, 5, 7, 6, 8, 5, 9, 8, 10, 9, 11, 10, 12, 11, 13, 12, 14, 13, 1, 6, 8, 12]",-4.6937
29,64,"[6, 1, 1, 1, 1, 1, 1, 1, 3, 1, 1, 1, 2, 1, 1, 1, 1, 2, 1, 3, 2, 1, 1, 1, 1, 1, 1, 1, 3]","[1, 1, 3, 3, 3, 3, 3, 3, 3, 3, 3, 3, 1, 1, 2, 2, 1, 1, 1, 1, 1, 1, 1, 1, 1, 1, 1, 1, 1, 1, 1, 1, 1, 1, 3, 3, 2, 2, 3, 3, 3, 3, 3, 3, 3, 3, 3, 3, 3, 3, 3, 3, 3, 3, 2, 2, 3, 3, 1, 1, 3, 3, 3, 3]","[0, 1, 1, 2, 2, 3, 3, 4, 4, 5, 5, 6, 4, 7, 7, 8, 7, 9, 9, 10, 10, 11, 11, 12, 12, 13, 13, 14, 12, 15, 15, 16, 16, 17, 17, 18, 18, 19, 18, 20, 20, 21, 21, 22, 22, 23, 23, 24, 24, 25, 25, 26, 26, 27, 27, 28, 6, 1, 14, 9, 27, 17, 26, 21]","[1, 0, 2, 1, 3, 2, 4, 3, 5, 4, 6, 5, 7, 4, 8, 7, 9, 7, 10, 9, 11, 10, 12, 11, 13, 12, 14, 13, 15, 12, 16, 15, 17, 16, 18, 17, 19, 18, 20, 18, 21, 20, 22, 21, 23, 22, 24, 23, 25, 24, 26, 25, 27, 26, 28, 27, 1, 6, 9, 14, 17, 27, 21, 26]",-4.5971
21,46,"[1, 2, 1, 3, 1, 3, 1, 8, 1, 1, 1, 1, 1, 1, 2, 1, 1, 1, 1, 1, 1]","[1, 1, 1, 1, 2, 2, 1, 1, 1, 1, 1, 1, 3, 3, 3, 3, 3, 3, 3, 3, 3, 3, 3, 3, 3, 3, 3, 3, 1, 1, 3, 3, 3, 3, 3, 3, 3, 3, 3, 3, 3, 3, 3, 3, 3, 3]","[0, 1, 1, 2, 2, 3, 2, 4, 4, 5, 5, 6, 6, 7, 7, 8, 8, 9, 9, 10, 10, 11, 11, 12, 12, 13, 13, 14, 1, 15, 15, 16, 16, 17, 17, 18, 18, 19, 19, 20, 14, 6, 13, 8, 20, 15]","[1, 0, 2, 1, 3, 2, 4, 2, 5, 4, 6, 5, 7, 6, 8, 7, 9, 8, 10, 9, 11, 10, 12, 11, 13, 12, 14, 13, 15, 1, 16, 15, 17, 16, 18, 17, 19, 18, 20, 19, 6, 14, 8, 13, 15, 20]",-4.8727
23,48,"[1, 1, 1, 1, 1, 1, 1, 3, 3, 1, 2, 1, 3, 1, 2, 1, 1, 1, 1, 3, 1, 1, 1]","[1, 1, 1, 1, 2, 2, 1, 1, 1, 1, 1, 1, 2, 2, 1, 1, 1, 1, 1, 1, 1, 1, 2, 2, 1, 1, 1, 1, 1, 1, 1, 1, 4, 4, 1, 1, 2, 2, 1, 1, 1, 1, 1, 1, 1, 1, 1, 1]","[0, 1, 1, 2, 1, 3, 3, 4, 4, 5, 5, 6, 6, 7, 6, 8, 8, 9, 9, 10, 10, 11, 11, 12, 11, 13, 13, 14, 14, 15, 15, 16, 16, 17, 14, 18, 18, 19, 5, 20, 20, 21, 20, 22, 20, 4, 18, 10]","[1, 0, 2, 1, 3, 1, 4, 3, 5, 4, 6, 5, 7, 6, 8, 6, 9, 8, 10, 9, 11, 10, 12, 11, 13, 11, 14, 13, 15, 14, 16, 15, 17, 16, 18, 14, 19, 18, 20, 5, 21, 20, 22, 20, 4, 20, 10, 18]",-3.5321
20,42,"[6, 1, 6, 6, 1, 2, 1, 4, 8, 1, 1, 3, 3, 1, 1, 1, 1, 1, 1, 1]","[1, 1, 1, 1, 1, 1, 1, 1, 3, 3, 3, 3, 1, 1, 3, 3, 3, 3, 1, 1, 2, 2, 1, 1, 1, 1, 1, 1, 3, 3, 3, 3, 3, 3, 3, 3, 3, 3, 3, 3, 3, 3]","[0, 1, 1, 2, 1, 3, 1, 4, 4, 5, 5, 6, 6, 7, 6, 8, 8, 9, 9, 10, 10, 11, 10, 12, 12, 13, 13, 14, 14, 15, 15, 16, 16, 17, 17, 18, 18, 19, 9, 4, 19, 14]","[1, 0, 2, 1, 3, 1, 4, 1, 5, 4, 6, 5, 7, 6, 8, 6, 9, 8, 10, 9, 11, 10, 12, 10, 13, 12, 14, 13, 15, 14, 16, 15, 17, 16, 18, 17, 19, 18, 4, 9, 14, 19]",-5.8085
24,50,"[1, 3, 1, 3, 1, 1, 2, 1, 3, 1, 1, 1, 1, 1, 1, 1, 1, 1, 1, 1, 1, 1, 1, 1]","[1, 1, 1, 1, 2, 2, 1, 1, 1, 1, 1, 1, 1, 1, 2, 2, 1, 1, 1, 1, 3, 3, 3, 3, 3, 3, 3, 3, 3, 3, 1, 1, 3, 3, 1, 1, 3, 3, 3, 3, 3, 3, 3, 3, 1, 1, 3, 3, 3, 3]","[0, 1, 1, 2, 2, 3, 2, 4, 4, 5, 4, 6, 6, 7, 7, 8, 7, 9, 9, 10, 10, 11, 11, 12, 12, 13, 13, 14, 14, 15, 6, 16, 16, 17, 17, 18, 17, 19, 19, 20, 20, 21, 21, 22, 22, 23, 15, 10, 22, 16]","[1, 0, 2, 1, 3, 2, 4, 2, 5, 4, 6, 4, 7, 6, 8, 7, 9, 7, 10, 9, 11, 10, 12, 11, 13, 12, 14, 13, 15, 14, 16, 6, 17, 16, 18, 17, 19, 17, 20, 19, 21, 20, 22, 21, 23, 22, 10, 15, 16, 22]",-3.9442
15,30,"[4, 1, 1, 2, 1, 1, 4, 7, 3, 2, 1, 1, 1, 1, 3]","[1, 1, 1, 1, 1, 1, 1, 1, 1, 1, 1, 1, 1, 1, 2, 2, 1, 1, 1, 1, 1, 1, 1, 1, 1, 1, 1, 1, 1, 1]","[0, 1, 1, 2, 2, 3, 3, 4, 4, 5, 5, 6, 3, 7, 7, 8, 7, 9, 9, 10, 10, 11, 11, 12, 12, 13, 13, 14, 14, 7]","[1, 0, 2, 1, 3, 2, 4, 3, 5, 4, 6, 5, 7, 3, 8, 7, 9, 7, 10, 9, 11, 10, 12, 11, 13, 12, 14, 13, 7, 14]",-0.9624
19,42,"[4, 1, 1, 1, 1, 1, 1, 2, 1, 1, 1, 3, 1, 3, 1, 3, 1, 1, 1]","[1, 1, 3, 3, 3, 3, 3, 3, 3, 3, 3, 3, 1, 1, 1, 1, 1, 1, 1, 1, 1, 1, 1, 1, 2, 2, 1, 1, 2, 2, 1, 1, 1, 1, 1, 1, 3, 3, 1, 1, 1, 1]","[0, 1, 1, 2, 2, 3, 3, 4, 4, 5, 5, 6, 5, 7, 7, 8, 8, 9, 9, 10, 10, 11, 11, 12, 12, 13, 7, 14, 14, 15, 14, 16, 16, 17, 17, 18, 6, 1, 12, 8, 18, 16]","[1, 0, 2, 1, 3, 2, 4, 3, 5, 4, 6, 5, 7, 5, 8, 7, 9, 8, 10, 9, 11, 10, 12, 11, 13, 12, 14, 7, 15, 14, 16, 14, 17, 16, 18, 17, 1, 6, 8, 12, 16, 18]",-2.6878
35,74,"[1, 1, 1, 1, 2, 1, 1, 1, 1, 1, 1, 4, 1, 6, 6, 6, 1, 3, 3, 1, 1, 2, 1, 1, 1, 1, 1, 3, 1, 1, 1, 1, 1, 1, 1]","[1, 1, 1, 1, 1, 1, 1, 1, 1, 1, 3, 3, 3, 3, 3, 3, 3, 3, 3, 3, 1, 1, 1, 1, 1, 1, 1, 1, 1, 1, 1, 1, 2, 2, 1, 1, 1, 1, 1, 1, 4, 4, 1, 1, 3, 3, 3, 3, 3, 3, 3, 3, 1, 1, 1, 1, 3, 3, 3, 3, 3, 3, 3, 3, 3, 3, 3, 3, 3, 3, 3, 3, 3, 3]","[0, 1, 1, 2, 1, 3, 3, 4, 4, 5, 5, 6, 6, 7, 7, 8, 8, 9, 9, 10, 10, 11, 8, 12, 12, 13, 12, 14, 12, 15, 3, 16, 16, 17, 16, 18, 18, 19, 19, 20, 20, 21, 19, 22, 22, 23, 23, 24, 24, 25, 25, 26, 26, 27, 27, 28, 28, 29, 29, 30, 30, 31, 31, 32, 32, 33, 26, 34, 10, 5, 34, 22, 33, 28]","[1, 0, 2, 1, 3, 1, 4, 3, 5, 4, 6, 5, 7, 6, 8, 7, 9, 8, 10, 9, 11, 10, 12, 8, 13, 12, 14, 12, 15, 12, 16, 3, 17, 16, 18, 16, 19, 18, 20, 19, 21, 20, 22, 19, 23, 22, 24, 23, 25, 24, 26, 25, 27, 26, 28, 27, 29, 28, 30, 29, 31, 30, 32, 31, 33, 32, 34, 26, 5, 10, 22, 34, 28, 33]",-8.0025
21,44,"[1, 1, 1, 2, 1, 3, 2, 1, 8, 1, 2, 1, 1, 1, 1, 1, 1, 1, 1, 1, 1]","[1, 1, 1, 1, 1, 1, 1, 1, 2, 2, 1, 1, 1, 1, 1, 1, 1, 1, 2, 2, 1, 1, 1, 1, 1, 1, 1, 1, 1, 1, 3, 3, 3, 3, 3, 3, 3, 3, 3, 3, 1, 1, 3, 3]","[0, 1, 1, 2, 1, 3, 3, 4, 4, 5, 4, 6, 6, 7, 7, 8, 8, 9, 9, 10, 10, 11, 11, 12, 11, 13, 11, 14, 6, 15, 15, 16, 16, 17, 17, 18, 18, 19, 19, 20, 9, 3, 20, 15]","[1, 0, 2, 1, 3, 1, 4, 3, 5, 4, 6, 4, 7, 6, 8, 7, 9, 8, 10, 9, 11, 10, 12, 11, 13, 11, 14, 11, 15, 6, 16, 15, 17, 16, 18, 17, 19, 18, 20, 19, 3, 9, 15, 20]",-5.5307
20,42,"[1, 3, 1, 1, 1, 1, 2, 1, 2, 2, 1, 1, 1, 1, 3, 1, 1, 1, 1, 1]","[1, 1, 1, 1, 3, 3, 3, 3, 3, 3, 1, 1, 1, 1, 2, 2, 1, 1, 1, 1, 3, 3, 3, 3, 3, 3, 1, 1, 1, 1, 3, 3, 3, 3, 3, 3, 3, 3, 3, 3, 3, 3]","[0, 1, 1, 2, 2, 3, 3, 4, 4, 5, 5, 6, 6, 7, 7, 8, 7, 9, 9, 10, 10, 11, 11, 12, 12, 13, 13, 14, 14, 15, 13, 16, 16, 17, 5, 18, 18, 19, 19, 2, 17, 10]","[1, 0, 2, 1, 3, 2, 4, 3, 5, 4, 6, 5, 7, 6, 8, 7, 9, 7, 10, 9, 11, 10, 12, 11, 13, 12, 14, 13, 15, 14, 16, 13, 17, 16, 18, 5, 19, 18, 2, 19, 10, 17]",-2.7345
17,36,"[4, 1, 1, 1, 2, 1, 3, 2, 1, 1, 1, 1, 1, 1, 1, 1, 2]","[1, 1, 3, 3, 3, 3, 1, 1, 1, 1, 2, 2, 1, 1, 1, 1, 3, 3, 3, 3, 3, 3, 3, 3, 3, 3, 3, 3, 3, 3, 3, 3, 3, 3, 3, 3]","[0, 1, 1, 2, 2, 3, 3, 4, 4, 5, 5, 6, 5, 7, 7, 8, 8, 9, 9, 10, 10, 11, 11, 12, 12, 13, 3, 14, 14, 15, 15, 16, 16, 1, 13, 8]","[1, 0, 2, 1, 3, 2, 4, 3, 5, 4, 6, 5, 7, 5, 8, 7, 9, 8, 10, 9, 11, 10, 12, 11, 13, 12, 14, 3, 15, 14, 16, 15, 1, 16, 8, 13]",-3.8028
22,48,"[4, 1, 1, 1, 4, 1, 1, 1, 3, 1, 1, 1, 2, 2, 1, 1, 1, 1, 1, 2, 1, 3]","[1, 1, 3, 3, 3, 3, 1, 1, 3, 3, 3, 3, 3, 3, 1, 1, 1, 1, 1, 1, 4, 4, 1, 1, 3, 3, 3, 3, 1, 1, 1, 1, 1, 1, 1, 1, 1, 1, 3, 3, 2, 2, 3, 3, 3, 3, 3, 3]","[0, 1, 1, 2, 2, 3, 3, 4, 3, 5, 5, 6, 6, 7, 7, 8, 8, 9, 9, 10, 10, 11, 5, 12, 12, 13, 13, 14, 14, 15, 15, 16, 16, 17, 17, 18, 18, 19, 19, 20, 20, 21, 7, 1, 20, 12, 19, 14]","[1, 0, 2, 1, 3, 2, 4, 3, 5, 3, 6, 5, 7, 6, 8, 7, 9, 8, 10, 9, 11, 10, 12, 5, 13, 12, 14, 13, 15, 14, 16, 15, 17, 16, 18, 17, 19, 18, 20, 19, 21, 20, 1, 7, 12, 20, 14, 19]",-4.3251
11,24,"[3, 1, 2, 1, 1, 1, 1, 1, 1, 2, 1]","[2, 2, 3, 3, 3, 3, 3, 3, 3, 3, 3, 3, 3, 3, 3, 3, 3, 3, 3, 3, 3, 3, 3, 3]","[0, 1, 1, 2, 2, 3, 3, 4, 4, 5, 5, 6, 6, 7, 7, 8, 8, 9, 9, 10, 10, 1, 10, 5]","[1, 0, 2, 1, 3, 2, 4, 3, 5, 4, 6, 5, 7, 6, 8, 7, 9, 8, 10, 9, 1, 10, 5, 10]",-1.1428
23,48,"[1, 1, 1, 2, 1, 1, 3, 1, 1, 4, 1, 1, 4, 1, 1, 4, 1, 3, 2, 1, 1, 2, 1]","[1, 1, 1, 1, 1, 1, 1, 1, 1, 1, 1, 1, 1, 1, 3, 3, 1, 1, 3, 3, 3, 3, 1, 1, 3, 3, 3, 3, 1, 1, 1, 1, 2, 2, 1, 1, 3, 3, 3, 3, 3, 3, 3, 3, 3, 3, 3, 3]","[0, 1, 1, 2, 2, 3, 3, 4, 4, 5, 5, 6, 6, 7, 7, 8, 8, 9, 8, 10, 10, 11, 11, 12, 11, 13, 13, 14, 14, 15, 3, 16, 16, 17, 16, 18, 18, 19, 19, 20, 20, 21, 21, 22, 14, 7, 22, 18]","[1, 0, 2, 1, 3, 2, 4, 3, 5, 4, 6, 5, 7, 6, 8, 7, 9, 8, 10, 8, 11, 10, 12, 11, 13, 11, 14, 13, 15, 14, 16, 3, 17, 16, 18, 16, 19, 18, 20, 19, 21, 20, 22, 21, 7, 14, 18, 22]",-4.0445
35,74,"[1, 1, 1, 1, 2, 1, 2, 1, 2, 2, 1, 1, 1, 1, 1, 1, 1, 1, 1, 1, 6, 6, 6, 1, 1, 1, 1, 1, 1, 1, 1, 1, 6, 6, 6]","[1, 1, 1, 1, 1, 1, 1, 1, 1, 1, 2, 2, 1, 1, 1, 1, 1, 1, 2, 2, 1, 1, 2, 2, 1, 1, 3, 3, 3, 3, 3, 3, 3, 3, 3, 3, 1, 1, 1, 1, 1, 1, 1, 1, 1, 1, 2, 2, 1, 1, 3, 3, 3, 3, 3, 3, 3, 3, 3, 3, 1, 1, 1, 1, 1, 1, 1, 1, 1, 1, 3, 3, 3, 3]","[0, 1, 1, 2, 1, 3, 3, 4, 4, 5, 5, 6, 6, 7, 5, 8, 8, 9, 9, 10, 10, 11, 11, 12, 12, 13, 13, 14, 14, 15, 15, 16, 16, 17, 17, 18, 16, 19, 19, 20, 19, 21, 19, 22, 10, 23, 23, 24, 24, 25, 25, 26, 26, 27, 27, 28, 28, 29, 29, 30, 28, 31, 31, 32, 31, 33, 31, 34, 7, 1, 18, 13, 30, 25]","[1, 0, 2, 1, 3, 1, 4, 3, 5, 4, 6, 5, 7, 6, 8, 5, 9, 8, 10, 9, 11, 10, 12, 11, 13, 12, 14, 13, 15, 14, 16, 15, 17, 16, 18, 17, 19, 16, 20, 19, 21, 19, 22, 19, 23, 10, 24, 23, 25, 24, 26, 25, 27, 26, 28, 27, 29, 28, 30, 29, 31, 28, 32, 31, 33, 31, 34, 31, 1, 7, 13, 18, 25, 30]",-7.916
19,40,"[1, 1, 1, 1, 1, 1, 1, 1, 2, 1, 2, 1, 1, 1, 2, 1, 3, 1, 4]","[1, 1, 3, 3, 3, 3, 3, 3, 3, 3, 1, 1, 3, 3, 1, 1, 1, 1, 1, 1, 3, 3, 3, 3, 3, 3, 3, 3, 1, 1, 2, 2, 1, 1, 1, 1, 3, 3, 3, 3]","[0, 1, 1, 2, 2, 3, 3, 4, 4, 5, 5, 6, 5, 7, 7, 8, 8, 9, 9, 10, 10, 11, 11, 12, 12, 13, 13, 14, 8, 15, 15, 16, 15, 17, 17, 18, 7, 1, 14, 10]","[1, 0, 2, 1, 3, 2, 4, 3, 5, 4, 6, 5, 7, 5, 8, 7, 9, 8, 10, 9, 11, 10, 12, 11, 13, 12, 14, 13, 15, 8, 16, 15, 17, 15, 18, 17, 1, 7, 10, 14]",-2.8102
11,22,"[1, 2, 1, 1, 1, 1, 1, 1, 1, 1, 1]","[1, 1, 1, 1, 1, 1, 1, 1, 1, 1, 1, 1, 1, 1, 2, 2, 1, 1, 1, 1, 1, 1]","[0, 1, 1, 2, 1, 3, 3, 4, 4, 5, 5, 6, 6, 7, 7, 8, 8, 9, 9, 10, 10, 3]","[1, 0, 2, 1, 3, 1, 4, 3, 5, 4, 6, 5, 7, 6, 8, 7, 9, 8, 10, 9, 3, 10]",-1.6004
11,24,"[8, 1, 2, 1, 2, 1, 2, 1, 1, 2, 1]","[2, 2, 3, 3, 3, 3, 3, 3, 3, 3, 3, 3, 3, 3, 3, 3, 3, 3, 3, 3, 3, 3, 3, 3]","[0, 1, 1, 2, 2, 3, 3, 4, 4, 5, 5, 6, 6, 7, 7, 8, 8, 9, 9, 10, 10, 1, 10, 5]","[1, 0, 2, 1, 3, 2, 4, 3, 5, 4, 6, 5, 7, 6, 8, 7, 9, 8, 10, 9, 1, 10, 5, 10]",-2.6471
12,24,"[1, 2, 1, 3, 1, 2, 1, 8, 2, 1, 1, 3]","[1, 1, 1, 1, 2, 2, 1, 1, 1, 1, 1, 1, 2, 2, 1, 1, 1, 1, 1, 1, 2, 2, 1, 1]","[0, 1, 1, 2, 2, 3, 2, 4, 4, 5, 4, 6, 6, 7, 6, 8, 8, 9, 8, 10, 10, 11, 10, 1]","[1, 0, 2, 1, 3, 2, 4, 2, 5, 4, 6, 4, 7, 6, 8, 6, 9, 8, 10, 8, 11, 10, 1, 10]",-1.117
32,70,"[1, 1, 1, 1, 1, 3, 2, 1, 1, 3, 3, 1, 1, 1, 1, 1, 1, 3, 1, 1, 1, 1, 3, 1, 1, 1, 1, 1, 1, 1, 1, 1]","[1, 1, 1, 1, 1, 1, 1, 1, 2, 2, 1, 1, 1, 1, 1, 1, 1, 1, 2, 2, 1, 1, 1, 1, 1, 1, 1, 1, 1, 1, 1, 1, 1, 1, 1, 1, 1, 1, 1, 1, 1, 1, 1, 1, 1, 1, 1, 1, 1, 1, 1, 1, 1, 1, 1, 1, 1, 1, 1, 1, 1, 1, 1, 1, 1, 1, 1, 1, 1, 1]","[0, 1, 1, 2, 2, 3, 3, 4, 4, 5, 4, 6, 6, 7, 7, 8, 8, 9, 8, 10, 1, 11, 11, 12, 12, 13, 13, 14, 14, 15, 15, 16, 16, 17, 16, 18, 18, 19, 19, 20, 20, 21, 21, 22, 21, 23, 23, 24, 24, 25, 25, 26, 25, 27, 27, 28, 28, 29, 29, 30, 30, 31, 30, 11, 30, 14, 27, 15, 25, 19]","[1, 0, 2, 1, 3, 2, 4, 3, 5, 4, 6, 4, 7, 6, 8, 7, 9, 8, 10, 8, 11, 1, 12, 11, 13, 12, 14, 13, 15, 14, 16, 15, 17, 16, 18, 16, 19, 18, 20, 19, 21, 20, 22, 21, 23, 21, 24, 23, 25, 24, 26, 25, 27, 25, 28, 27, 29, 28, 30, 29, 31, 30, 11, 30, 14, 30, 15, 27, 19, 25]",-5.5225
23,48,"[1, 1, 3, 1, 3, 2, 1, 1, 2, 1, 1, 1, 2, 1, 1, 2, 1, 1, 1, 3, 3, 1, 1]","[1, 1, 1, 1, 1, 1, 2, 2, 1, 1, 1, 1, 1, 1, 1, 1, 1, 1, 1, 1, 1, 1, 1, 1, 1, 1, 1, 1, 1, 1, 1, 1, 1, 1, 1, 1, 2, 2, 1, 1, 1, 1, 1, 1, 1, 1, 1, 1]","[0, 1, 1, 2, 2, 3, 3, 4, 3, 5, 5, 6, 6, 7, 7, 8, 8, 9, 9, 10, 8, 11, 11, 12, 12, 13, 13, 14, 14, 15, 15, 16, 16, 17, 15, 18, 18, 19, 18, 20, 20, 21, 21, 22, 10, 5, 17, 12]","[1, 0, 2, 1, 3, 2, 4, 3, 5, 3, 6, 5, 7, 6, 8, 7, 9, 8, 10, 9, 11, 8, 12, 11, 13, 12, 14, 13, 15, 14, 16, 15, 17, 16, 18, 15, 19, 18, 20, 18, 21, 20, 22, 21, 5, 10, 12, 17]",-0.8443
33,72,"[1, 1, 3, 1, 1, 1, 1, 1, 1, 1, 1, 1, 4, 4, 1, 3, 3, 1, 1, 2, 1, 1, 1, 1, 1, 3, 1, 1, 1, 1, 1, 1, 1]","[1, 1, 1, 1, 1, 1, 3, 3, 3, 3, 3, 3, 3, 3, 3, 3, 1, 1, 1, 1, 1, 1, 1, 1, 1, 1, 1, 1, 2, 2, 1, 1, 1, 1, 1, 1, 4, 4, 1, 1, 3, 3, 3, 3, 3, 3, 3, 3, 1, 1, 1, 1, 3, 3, 3, 3, 3, 3, 3, 3, 3, 3, 3, 3, 3, 3, 1, 1, 3, 3, 3, 3]","[0, 1, 1, 2, 2, 3, 3, 4, 4, 5, 5, 6, 6, 7, 7, 8, 6, 9, 9, 10, 10, 11, 11, 12, 11, 13, 9, 14, 14, 15, 14, 16, 16, 17, 17, 18, 18, 19, 17, 20, 20, 21, 21, 22, 22, 23, 23, 24, 24, 25, 25, 26, 26, 27, 27, 28, 28, 29, 29, 30, 30, 31, 24, 32, 8, 3, 11, 9, 32, 20, 31, 26]","[1, 0, 2, 1, 3, 2, 4, 3, 5, 4, 6, 5, 7, 6, 8, 7, 9, 6, 10, 9, 11, 10, 12, 11, 13, 11, 14, 9, 15, 14, 16, 14, 17, 16, 18, 17, 19, 18, 20, 17, 21, 20, 22, 21, 23, 22, 24, 23, 25, 24, 26, 25, 27, 26, 28, 27, 29, 28, 30, 29, 31, 30, 32, 24, 3, 8, 9, 11, 20, 32, 26, 31]",-6.7243
22,48,"[1, 1, 1, 3, 1, 1, 1, 3, 1, 1, 1, 1, 3, 1, 1, 1, 1, 1, 1, 1, 1, 3]","[1, 1, 1, 1, 1, 1, 1, 1, 1, 1, 1, 1, 1, 1, 1, 1, 3, 3, 3, 3, 3, 3, 1, 1, 1, 1, 3, 3, 3, 3, 3, 3, 3, 3, 3, 3, 3, 3, 3, 3, 1, 1, 1, 1, 3, 3, 3, 3]","[0, 1, 1, 2, 2, 3, 3, 4, 4, 5, 5, 6, 6, 7, 7, 8, 8, 9, 9, 10, 10, 11, 11, 12, 12, 13, 13, 14, 14, 15, 15, 16, 16, 17, 17, 18, 11, 19, 19, 20, 5, 21, 21, 2, 20, 8, 18, 13]","[1, 0, 2, 1, 3, 2, 4, 3, 5, 4, 6, 5, 7, 6, 8, 7, 9, 8, 10, 9, 11, 10, 12, 11, 13, 12, 14, 13, 15, 14, 16, 15, 17, 16, 18, 17, 19, 11, 20, 19, 21, 5, 2, 21, 8, 20, 13, 18]",-4.7874
16,34,"[1, 1, 1, 4, 1, 1, 1, 1, 4, 1, 2, 2, 1, 3, 1, 1]","[1, 1, 3, 3, 1, 1, 3, 3, 3, 3, 3, 3, 3, 3, 1, 1, 1, 1, 3, 3, 3, 3, 3, 3, 2, 2, 3, 3, 3, 3, 3, 3, 3, 3]","[0, 1, 1, 2, 2, 3, 2, 4, 4, 5, 5, 6, 6, 7, 7, 8, 5, 9, 9, 10, 10, 11, 11, 12, 12, 13, 12, 14, 14, 15, 7, 1, 15, 9]","[1, 0, 2, 1, 3, 2, 4, 2, 5, 4, 6, 5, 7, 6, 8, 7, 9, 5, 10, 9, 11, 10, 12, 11, 13, 12, 14, 12, 15, 14, 1, 7, 9, 15]",-5.5375
15,32,"[1, 2, 1, 1, 8, 1, 2, 1, 1, 1, 1, 1, 1, 1, 1]","[1, 1, 3, 3, 3, 3, 3, 3, 3, 3, 2, 2, 1, 1, 3, 3, 3, 3, 3, 3, 1, 1, 3, 3, 3, 3, 1, 1, 3, 3, 3, 3]","[0, 1, 1, 2, 2, 3, 3, 4, 4, 5, 5, 6, 6, 7, 7, 8, 8, 9, 9, 10, 10, 11, 10, 12, 12, 13, 13, 14, 5, 1, 13, 7]","[1, 0, 2, 1, 3, 2, 4, 3, 5, 4, 6, 5, 7, 6, 8, 7, 9, 8, 10, 9, 11, 10, 12, 10, 13, 12, 14, 13, 1, 5, 7, 13]",-3.1630000000000003
18,38,"[1, 1, 1, 8, 1, 3, 2, 1, 1, 1, 1, 1, 1, 1, 1, 1, 1, 1]","[1, 1, 1, 1, 1, 1, 1, 1, 2, 2, 1, 1, 1, 1, 1, 1, 1, 1, 1, 1, 1, 1, 1, 1, 3, 3, 3, 3, 3, 3, 3, 3, 3, 3, 1, 1, 3, 3]","[0, 1, 1, 2, 1, 3, 3, 4, 4, 5, 4, 6, 6, 7, 7, 8, 8, 9, 9, 10, 10, 11, 1, 12, 12, 13, 13, 14, 14, 15, 15, 16, 16, 17, 11, 6, 17, 12]","[1, 0, 2, 1, 3, 1, 4, 3, 5, 4, 6, 4, 7, 6, 8, 7, 9, 8, 10, 9, 11, 10, 12, 1, 13, 12, 14, 13, 15, 14, 16, 15, 17, 16, 6, 11, 12, 17]",-4.1196
12,24,"[3, 1, 3, 1, 1, 1, 1, 45, 45, 1, 3, 3]","[1, 1, 2, 2, 1, 1, 1, 1, 1, 1, 1, 1, 1, 1, 1, 1, 1, 1, 1, 1, 2, 2, 1, 1]","[0, 1, 1, 2, 1, 3, 3, 4, 4, 5, 5, 6, 6, 7, 7, 8, 6, 9, 9, 10, 9, 11, 8, 3]","[1, 0, 2, 1, 3, 1, 4, 3, 5, 4, 6, 5, 7, 6, 8, 7, 9, 6, 10, 9, 11, 9, 3, 8]",-2.1053
24,52,"[1, 2, 1, 1, 1, 1, 1, 1, 1, 1, 1, 3, 1, 1, 1, 1, 1, 1, 1, 1, 1, 6, 6, 6]","[1, 1, 3, 3, 3, 3, 1, 1, 3, 3, 3, 3, 3, 3, 3, 3, 3, 3, 3, 3, 2, 2, 3, 3, 3, 3, 1, 1, 3, 3, 3, 3, 3, 3, 3, 3, 3, 3, 1, 1, 1, 1, 1, 1, 1, 1, 3, 3, 3, 3, 3, 3]","[0, 1, 1, 2, 2, 3, 3, 4, 4, 5, 5, 6, 6, 7, 7, 8, 8, 9, 3, 10, 10, 11, 10, 12, 12, 13, 12, 14, 14, 15, 15, 16, 16, 17, 17, 18, 18, 19, 18, 20, 20, 21, 20, 22, 20, 23, 13, 1, 9, 4, 19, 14]","[1, 0, 2, 1, 3, 2, 4, 3, 5, 4, 6, 5, 7, 6, 8, 7, 9, 8, 10, 3, 11, 10, 12, 10, 13, 12, 14, 12, 15, 14, 16, 15, 17, 16, 18, 17, 19, 18, 20, 18, 21, 20, 22, 20, 23, 20, 1, 13, 4, 9, 14, 19]",-4.4384
19,40,"[1, 1, 1, 1, 1, 1, 1, 1, 2, 1, 1, 1, 3, 1, 3, 1, 3, 1, 4]","[1, 1, 3, 3, 3, 3, 3, 3, 3, 3, 1, 1, 3, 3, 1, 1, 1, 1, 1, 1, 1, 1, 1, 1, 1, 1, 2, 2, 1, 1, 2, 2, 1, 1, 1, 1, 3, 3, 1, 1]","[0, 1, 1, 2, 2, 3, 3, 4, 4, 5, 5, 6, 5, 7, 7, 8, 8, 9, 9, 10, 10, 11, 11, 12, 12, 13, 13, 14, 8, 15, 15, 16, 15, 17, 17, 18, 7, 1, 13, 9]","[1, 0, 2, 1, 3, 2, 4, 3, 5, 4, 6, 5, 7, 5, 8, 7, 9, 8, 10, 9, 11, 10, 12, 11, 13, 12, 14, 13, 15, 8, 16, 15, 17, 15, 18, 17, 1, 7, 9, 13]",-3.2855
13,26,"[1, 1, 1, 1, 1, 1, 2, 1, 3, 2, 1, 3, 2]","[1, 1, 1, 1, 1, 1, 1, 1, 1, 1, 2, 2, 1, 1, 2, 2, 1, 1, 1, 1, 2, 2, 1, 1, 1, 1]","[0, 1, 1, 2, 2, 3, 3, 4, 2, 5, 5, 6, 6, 7, 7, 8, 7, 9, 9, 10, 10, 11, 5, 12, 10, 2]","[1, 0, 2, 1, 3, 2, 4, 3, 5, 2, 6, 5, 7, 6, 8, 7, 9, 7, 10, 9, 11, 10, 12, 5, 2, 10]",-1.3967
28,62,"[6, 1, 6, 6, 1, 1, 1, 1, 1, 1, 1, 2, 1, 2, 1, 2, 1, 1, 1, 1, 1, 1, 1, 1, 1, 1, 1, 1]","[1, 1, 1, 1, 1, 1, 1, 1, 3, 3, 3, 3, 3, 3, 3, 3, 3, 3, 1, 1, 1, 1, 3, 3, 3, 3, 3, 3, 3, 3, 1, 1, 3, 3, 3, 3, 3, 3, 3, 3, 3, 3, 1, 1, 3, 3, 3, 3, 3, 3, 3, 3, 3, 3, 3, 3, 3, 3, 3, 3, 3, 3]","[0, 1, 1, 2, 1, 3, 1, 4, 4, 5, 5, 6, 6, 7, 7, 8, 8, 9, 8, 10, 10, 11, 11, 12, 12, 13, 13, 14, 14, 15, 10, 16, 16, 17, 17, 18, 18, 19, 19, 20, 20, 21, 10, 22, 22, 23, 23, 24, 24, 25, 25, 26, 26, 27, 9, 4, 15, 11, 21, 16, 27, 22]","[1, 0, 2, 1, 3, 1, 4, 1, 5, 4, 6, 5, 7, 6, 8, 7, 9, 8, 10, 8, 11, 10, 12, 11, 13, 12, 14, 13, 15, 14, 16, 10, 17, 16, 18, 17, 19, 18, 20, 19, 21, 20, 22, 10, 23, 22, 24, 23, 25, 24, 26, 25, 27, 26, 4, 9, 11, 15, 16, 21, 22, 27]",-8.402999999999999
13,30,"[3, 1, 1, 1, 1, 1, 1, 1, 1, 1, 1, 2, 1]","[2, 2, 1, 1, 1, 1, 1, 1, 3, 3, 3, 3, 3, 3, 3, 3, 1, 1, 1, 1, 1, 1, 1, 1, 1, 1, 3, 3, 3, 3]","[0, 1, 1, 2, 2, 3, 3, 4, 4, 5, 5, 6, 6, 7, 7, 8, 8, 9, 9, 10, 10, 11, 11, 12, 11, 1, 12, 4, 12, 8]","[1, 0, 2, 1, 3, 2, 4, 3, 5, 4, 6, 5, 7, 6, 8, 7, 9, 8, 10, 9, 11, 10, 12, 11, 1, 11, 4, 12, 8, 12]",-1.6365
18,38,"[6, 1, 1, 2, 1, 3, 2, 1, 3, 1, 3, 2, 1, 1, 1, 1, 1, 1]","[1, 1, 3, 3, 3, 3, 3, 3, 2, 2, 3, 3, 3, 3, 2, 2, 1, 1, 2, 2, 1, 1, 1, 1, 3, 3, 3, 3, 3, 3, 3, 3, 3, 3, 3, 3, 3, 3]","[0, 1, 1, 2, 2, 3, 3, 4, 4, 5, 4, 6, 6, 7, 7, 8, 3, 9, 9, 10, 9, 11, 11, 12, 12, 13, 13, 14, 14, 15, 15, 16, 16, 17, 7, 1, 17, 12]","[1, 0, 2, 1, 3, 2, 4, 3, 5, 4, 6, 4, 7, 6, 8, 7, 9, 3, 10, 9, 11, 9, 12, 11, 13, 12, 14, 13, 15, 14, 16, 15, 17, 16, 1, 7, 12, 17]",-1.6184
27,58,"[1, 1, 1, 3, 2, 1, 1, 1, 1, 1, 1, 1, 1, 1, 2, 1, 1, 1, 8, 1, 1, 1, 1, 1, 1, 3, 1]","[1, 1, 1, 1, 2, 2, 1, 1, 1, 1, 3, 3, 3, 3, 3, 3, 3, 3, 3, 3, 1, 1, 1, 1, 1, 1, 1, 1, 1, 1, 1, 1, 1, 1, 3, 3, 3, 3, 3, 3, 3, 3, 1, 1, 1, 1, 1, 1, 1, 1, 1, 1, 3, 3, 1, 1, 3, 3]","[0, 1, 1, 2, 2, 3, 2, 4, 4, 5, 5, 6, 6, 7, 7, 8, 8, 9, 9, 10, 4, 11, 11, 12, 12, 13, 13, 14, 14, 15, 15, 16, 16, 17, 17, 18, 18, 19, 19, 20, 20, 21, 14, 22, 22, 23, 11, 24, 24, 25, 25, 26, 10, 5, 23, 11, 21, 17]","[1, 0, 2, 1, 3, 2, 4, 2, 5, 4, 6, 5, 7, 6, 8, 7, 9, 8, 10, 9, 11, 4, 12, 11, 13, 12, 14, 13, 15, 14, 16, 15, 17, 16, 18, 17, 19, 18, 20, 19, 21, 20, 22, 14, 23, 22, 24, 11, 25, 24, 26, 25, 5, 10, 11, 23, 17, 21]",-3.7064
25,52,"[1, 1, 1, 1, 1, 1, 1, 1, 8, 1, 3, 3, 1, 1, 1, 4, 2, 2, 1, 1, 1, 1, 1, 1, 1]","[1, 1, 1, 1, 1, 1, 1, 1, 1, 1, 1, 1, 1, 1, 1, 1, 1, 1, 2, 2, 1, 1, 1, 1, 3, 3, 3, 3, 1, 1, 3, 3, 3, 3, 3, 3, 1, 1, 3, 3, 3, 3, 3, 3, 3, 3, 3, 3, 3, 3, 3, 3]","[0, 1, 1, 2, 2, 3, 3, 4, 4, 5, 5, 6, 6, 7, 7, 8, 8, 9, 9, 10, 9, 11, 11, 12, 12, 13, 13, 14, 14, 15, 14, 16, 16, 17, 17, 18, 18, 19, 19, 20, 20, 21, 21, 22, 22, 23, 23, 24, 18, 12, 24, 19]","[1, 0, 2, 1, 3, 2, 4, 3, 5, 4, 6, 5, 7, 6, 8, 7, 9, 8, 10, 9, 11, 9, 12, 11, 13, 12, 14, 13, 15, 14, 16, 14, 17, 16, 18, 17, 19, 18, 20, 19, 21, 20, 22, 21, 23, 22, 24, 23, 12, 18, 19, 24]",-5.4025
17,36,"[1, 2, 1, 1, 3, 2, 1, 3, 1, 8, 1, 2, 2, 1, 1, 1, 1]","[1, 1, 1, 1, 1, 1, 1, 1, 1, 1, 1, 1, 2, 2, 1, 1, 3, 3, 3, 3, 3, 3, 3, 3, 1, 1, 1, 1, 1, 1, 1, 1, 1, 1, 3, 3]","[0, 1, 1, 2, 2, 3, 3, 4, 3, 5, 5, 6, 6, 7, 5, 8, 8, 9, 9, 10, 10, 11, 11, 12, 10, 13, 13, 14, 13, 15, 13, 16, 6, 1, 12, 8]","[1, 0, 2, 1, 3, 2, 4, 3, 5, 3, 6, 5, 7, 6, 8, 5, 9, 8, 10, 9, 11, 10, 12, 11, 13, 10, 14, 13, 15, 13, 16, 13, 1, 6, 8, 12]",-1.8773
12,24,"[1, 1, 1, 1, 8, 3, 3, 1, 1, 8, 3, 3]","[1, 1, 2, 2, 1, 1, 1, 1, 2, 2, 2, 2, 1, 1, 1, 1, 1, 1, 2, 2, 2, 2, 1, 1]","[0, 1, 1, 2, 2, 3, 2, 4, 4, 5, 4, 6, 4, 7, 7, 8, 8, 9, 9, 10, 9, 11, 9, 1]","[1, 0, 2, 1, 3, 2, 4, 2, 5, 4, 6, 4, 7, 4, 8, 7, 9, 8, 10, 9, 11, 9, 1, 9]",-1.66
23,52,"[3, 1, 1, 2, 1, 1, 2, 1, 1, 1, 1, 1, 1, 1, 1, 1, 3, 1, 1, 1, 1, 1, 1]","[2, 2, 1, 1, 1, 1, 1, 1, 1, 1, 1, 1, 1, 1, 1, 1, 1, 1, 3, 3, 3, 3, 3, 3, 3, 3, 3, 3, 1, 1, 2, 2, 1, 1, 1, 1, 1, 1, 1, 1, 1, 1, 1, 1, 1, 1, 1, 1, 3, 3, 1, 1]","[0, 1, 1, 2, 2, 3, 3, 4, 4, 5, 5, 6, 6, 7, 7, 8, 8, 9, 9, 10, 10, 11, 11, 12, 12, 13, 13, 14, 3, 15, 15, 16, 15, 17, 17, 18, 18, 19, 19, 20, 20, 21, 21, 22, 6, 1, 14, 5, 14, 9, 22, 17]","[1, 0, 2, 1, 3, 2, 4, 3, 5, 4, 6, 5, 7, 6, 8, 7, 9, 8, 10, 9, 11, 10, 12, 11, 13, 12, 14, 13, 15, 3, 16, 15, 17, 15, 18, 17, 19, 18, 20, 19, 21, 20, 22, 21, 1, 6, 5, 14, 9, 14, 17, 22]",-2.8927
25,54,"[1, 1, 1, 1, 1, 3, 1, 3, 1, 1, 1, 1, 1, 1, 1, 1, 1, 1, 1, 1, 2, 1, 2, 1, 2]","[1, 1, 1, 1, 1, 1, 1, 1, 1, 1, 1, 1, 1, 1, 1, 1, 3, 3, 3, 3, 3, 3, 3, 3, 3, 3, 1, 1, 3, 3, 3, 3, 3, 3, 3, 3, 3, 3, 1, 1, 3, 3, 3, 3, 3, 3, 3, 3, 3, 3, 3, 3, 3, 3]","[0, 1, 1, 2, 1, 3, 1, 4, 4, 5, 4, 6, 6, 7, 7, 8, 8, 9, 9, 10, 10, 11, 11, 12, 12, 13, 11, 14, 14, 15, 15, 16, 16, 17, 17, 18, 18, 19, 6, 20, 20, 21, 21, 22, 22, 23, 23, 24, 13, 8, 19, 14, 24, 20]","[1, 0, 2, 1, 3, 1, 4, 1, 5, 4, 6, 4, 7, 6, 8, 7, 9, 8, 10, 9, 11, 10, 12, 11, 13, 12, 14, 11, 15, 14, 16, 15, 17, 16, 18, 17, 19, 18, 20, 6, 21, 20, 22, 21, 23, 22, 24, 23, 8, 13, 14, 19, 20, 24]",-4.8292
24,52,"[2, 1, 1, 3, 2, 1, 1, 8, 1, 1, 1, 2, 1, 3, 1, 3, 3, 4, 1, 1, 1, 1, 1, 1]","[1, 1, 1, 1, 2, 2, 1, 1, 1, 1, 1, 1, 1, 1, 1, 1, 1, 1, 2, 2, 1, 1, 1, 1, 2, 2, 1, 1, 1, 1, 2, 2, 1, 1, 1, 1, 3, 3, 3, 3, 3, 3, 3, 3, 3, 3, 1, 1, 1, 1, 3, 3]","[0, 1, 1, 2, 2, 3, 2, 4, 4, 5, 5, 6, 6, 7, 7, 8, 8, 9, 9, 10, 10, 11, 11, 12, 12, 13, 10, 14, 14, 15, 14, 16, 9, 17, 1, 18, 18, 19, 19, 20, 20, 21, 21, 22, 22, 23, 12, 5, 11, 6, 23, 18]","[1, 0, 2, 1, 3, 2, 4, 2, 5, 4, 6, 5, 7, 6, 8, 7, 9, 8, 10, 9, 11, 10, 12, 11, 13, 12, 14, 10, 15, 14, 16, 14, 17, 9, 18, 1, 19, 18, 20, 19, 21, 20, 22, 21, 23, 22, 5, 12, 6, 11, 18, 23]",-1.5656
22,48,"[1, 1, 3, 1, 1, 1, 1, 1, 1, 1, 1, 1, 1, 1, 3, 2, 1, 1, 1, 1, 1, 1]","[1, 1, 1, 1, 1, 1, 3, 3, 3, 3, 3, 3, 3, 3, 3, 3, 3, 3, 3, 3, 3, 3, 3, 3, 1, 1, 2, 2, 1, 1, 1, 1, 3, 3, 3, 3, 3, 3, 3, 3, 3, 3, 3, 3, 3, 3, 3, 3]","[0, 1, 1, 2, 2, 3, 3, 4, 4, 5, 5, 6, 6, 7, 7, 8, 8, 9, 9, 10, 10, 11, 11, 12, 1, 13, 13, 14, 13, 15, 15, 16, 16, 17, 17, 18, 18, 19, 19, 20, 20, 21, 12, 3, 11, 6, 21, 16]","[1, 0, 2, 1, 3, 2, 4, 3, 5, 4, 6, 5, 7, 6, 8, 7, 9, 8, 10, 9, 11, 10, 12, 11, 13, 1, 14, 13, 15, 13, 16, 15, 17, 16, 18, 17, 19, 18, 20, 19, 21, 20, 3, 12, 6, 11, 16, 21]",-5.5894
21,46,"[2, 1, 3, 1, 1, 1, 1, 1, 1, 2, 1, 3, 1, 1, 1, 1, 1, 4, 1, 1, 3]","[1, 1, 2, 2, 1, 1, 1, 1, 1, 1, 1, 1, 1, 1, 1, 1, 1, 1, 1, 1, 2, 2, 1, 1, 3, 3, 3, 3, 3, 3, 3, 3, 1, 1, 3, 3, 1, 1, 2, 2, 1, 1, 1, 1, 3, 3]","[0, 1, 1, 2, 1, 3, 3, 4, 4, 5, 5, 6, 6, 7, 7, 8, 3, 9, 9, 10, 10, 11, 10, 12, 12, 13, 13, 14, 14, 15, 15, 16, 16, 17, 16, 18, 18, 19, 19, 20, 8, 3, 19, 9, 18, 12]","[1, 0, 2, 1, 3, 1, 4, 3, 5, 4, 6, 5, 7, 6, 8, 7, 9, 3, 10, 9, 11, 10, 12, 10, 13, 12, 14, 13, 15, 14, 16, 15, 17, 16, 18, 16, 19, 18, 20, 19, 3, 8, 9, 19, 12, 18]",-4.0097
7,14,"[3, 1, 1, 1, 2, 1, 2]","[2, 2, 1, 1, 1, 1, 2, 2, 1, 1, 2, 2, 1, 1]","[0, 1, 1, 2, 2, 3, 3, 4, 4, 5, 5, 6, 6, 1]","[1, 0, 2, 1, 3, 2, 4, 3, 5, 4, 6, 5, 1, 6]",0.586
22,48,"[1, 1, 2, 1, 1, 1, 3, 3, 1, 3, 1, 1, 2, 1, 2, 1, 2, 1, 1, 2, 1, 1]","[1, 1, 1, 1, 3, 3, 3, 3, 1, 1, 1, 1, 2, 2, 3, 3, 2, 2, 3, 3, 3, 3, 3, 3, 3, 3, 3, 3, 3, 3, 1, 1, 1, 1, 1, 1, 1, 1, 1, 1, 1, 1, 3, 3, 3, 3, 1, 1]","[0, 1, 1, 2, 2, 3, 3, 4, 4, 5, 5, 6, 5, 7, 4, 8, 8, 9, 8, 10, 10, 11, 11, 12, 12, 13, 13, 14, 14, 15, 13, 16, 16, 17, 17, 18, 18, 19, 19, 20, 20, 21, 15, 2, 15, 10, 21, 16]","[1, 0, 2, 1, 3, 2, 4, 3, 5, 4, 6, 5, 7, 5, 8, 4, 9, 8, 10, 8, 11, 10, 12, 11, 13, 12, 14, 13, 15, 14, 16, 13, 17, 16, 18, 17, 19, 18, 20, 19, 21, 20, 2, 15, 10, 15, 16, 21]",-2.974
39,86,"[1, 1, 1, 3, 1, 1, 1, 1, 1, 1, 1, 1, 1, 1, 1, 1, 1, 1, 1, 1, 1, 1, 1, 1, 1, 3, 1, 1, 3, 1, 1, 1, 1, 3, 3, 1, 3, 1, 3]","[1, 1, 1, 1, 1, 1, 1, 1, 1, 1, 1, 1, 1, 1, 1, 1, 1, 1, 1, 1, 1, 1, 1, 1, 1, 1, 1, 1, 2, 2, 1, 1, 1, 1, 1, 1, 1, 1, 1, 1, 2, 2, 1, 1, 2, 2, 1, 1, 1, 1, 1, 1, 1, 1, 1, 1, 1, 1, 2, 2, 1, 1, 1, 1, 2, 2, 1, 1, 1, 1, 1, 1, 1, 1, 1, 1, 1, 1, 1, 1, 1, 1, 1, 1, 1, 1]","[0, 1, 1, 2, 2, 3, 3, 4, 4, 5, 5, 6, 6, 7, 7, 8, 4, 9, 9, 10, 10, 11, 11, 12, 12, 13, 13, 14, 14, 15, 15, 16, 15, 17, 17, 18, 18, 19, 18, 20, 20, 21, 21, 22, 22, 23, 23, 24, 24, 25, 25, 26, 26, 27, 27, 28, 27, 29, 29, 30, 30, 31, 31, 32, 32, 33, 32, 34, 31, 35, 35, 36, 29, 37, 12, 38, 7, 2, 38, 4, 34, 10, 35, 23, 35, 26]","[1, 0, 2, 1, 3, 2, 4, 3, 5, 4, 6, 5, 7, 6, 8, 7, 9, 4, 10, 9, 11, 10, 12, 11, 13, 12, 14, 13, 15, 14, 16, 15, 17, 15, 18, 17, 19, 18, 20, 18, 21, 20, 22, 21, 23, 22, 24, 23, 25, 24, 26, 25, 27, 26, 28, 27, 29, 27, 30, 29, 31, 30, 32, 31, 33, 32, 34, 32, 35, 31, 36, 35, 37, 29, 38, 12, 2, 7, 4, 38, 10, 34, 23, 35, 26, 35]",-4.8772
38,84,"[1, 1, 1, 1, 1, 1, 1, 1, 1, 1, 1, 1, 1, 1, 1, 1, 1, 3, 3, 3, 1, 3, 1, 1, 1, 1, 1, 3, 1, 3, 1, 1, 1, 1, 1, 1, 3, 1]","[1, 1, 1, 1, 1, 1, 2, 2, 1, 1, 1, 1, 1, 1, 1, 1, 1, 1, 1, 1, 1, 1, 1, 1, 1, 1, 1, 1, 1, 1, 1, 1, 1, 1, 1, 1, 1, 1, 1, 1, 2, 2, 1, 1, 1, 1, 2, 2, 1, 1, 1, 1, 1, 1, 1, 1, 1, 1, 1, 1, 1, 1, 2, 2, 1, 1, 2, 2, 1, 1, 1, 1, 1, 1, 1, 1, 1, 1, 1, 1, 1, 1, 1, 1]","[0, 1, 1, 2, 2, 3, 3, 4, 4, 5, 5, 6, 6, 7, 7, 8, 8, 9, 9, 10, 10, 11, 11, 12, 12, 13, 13, 14, 13, 15, 15, 16, 15, 17, 10, 18, 8, 19, 19, 20, 20, 21, 20, 22, 22, 23, 23, 24, 24, 25, 24, 26, 26, 27, 26, 28, 28, 29, 29, 30, 30, 31, 31, 32, 32, 33, 33, 34, 31, 35, 35, 36, 3, 37, 34, 1, 18, 6, 17, 10, 35, 22, 35, 28]","[1, 0, 2, 1, 3, 2, 4, 3, 5, 4, 6, 5, 7, 6, 8, 7, 9, 8, 10, 9, 11, 10, 12, 11, 13, 12, 14, 13, 15, 13, 16, 15, 17, 15, 18, 10, 19, 8, 20, 19, 21, 20, 22, 20, 23, 22, 24, 23, 25, 24, 26, 24, 27, 26, 28, 26, 29, 28, 30, 29, 31, 30, 32, 31, 33, 32, 34, 33, 35, 31, 36, 35, 37, 3, 1, 34, 6, 18, 10, 17, 22, 35, 28, 35]",-5.7787
25,52,"[1, 1, 1, 1, 8, 1, 8, 1, 1, 1, 1, 1, 1, 1, 1, 1, 1, 1, 2, 1, 1, 1, 1, 2, 1]","[1, 1, 1, 1, 1, 1, 1, 1, 1, 1, 1, 1, 1, 1, 1, 1, 3, 3, 3, 3, 3, 3, 3, 3, 3, 3, 1, 1, 1, 1, 1, 1, 1, 1, 2, 2, 1, 1, 3, 3, 3, 3, 3, 3, 3, 3, 3, 3, 3, 3, 3, 3]","[0, 1, 1, 2, 2, 3, 3, 4, 4, 5, 5, 6, 6, 7, 7, 8, 8, 9, 9, 10, 10, 11, 11, 12, 12, 13, 11, 14, 14, 15, 14, 16, 14, 17, 5, 18, 18, 19, 19, 20, 20, 21, 21, 22, 22, 23, 23, 24, 13, 8, 24, 19]","[1, 0, 2, 1, 3, 2, 4, 3, 5, 4, 6, 5, 7, 6, 8, 7, 9, 8, 10, 9, 11, 10, 12, 11, 13, 12, 14, 11, 15, 14, 16, 14, 17, 14, 18, 5, 19, 18, 20, 19, 21, 20, 22, 21, 23, 22, 24, 23, 8, 13, 19, 24]",-5.5712
18,38,"[1, 2, 1, 1, 2, 1, 3, 2, 1, 1, 1, 1, 1, 1, 1, 3, 2, 1]","[1, 1, 1, 1, 1, 1, 3, 3, 3, 3, 2, 2, 3, 3, 1, 1, 1, 1, 1, 1, 1, 1, 1, 1, 1, 1, 3, 3, 2, 2, 3, 3, 1, 1, 3, 3, 1, 1]","[0, 1, 1, 2, 1, 3, 3, 4, 4, 5, 5, 6, 5, 7, 7, 8, 8, 9, 9, 10, 10, 11, 11, 12, 12, 13, 7, 14, 14, 15, 14, 16, 16, 17, 16, 3, 13, 8]","[1, 0, 2, 1, 3, 1, 4, 3, 5, 4, 6, 5, 7, 5, 8, 7, 9, 8, 10, 9, 11, 10, 12, 11, 13, 12, 14, 7, 15, 14, 16, 14, 17, 16, 3, 16, 8, 13]",-0.8834
17,34,"[3, 1, 1, 1, 1, 1, 1, 1, 1, 1, 1, 1, 1, 1, 1, 1, 2]","[2, 2, 1, 1, 1, 1, 1, 1, 1, 1, 1, 1, 1, 1, 1, 1, 1, 1, 1, 1, 1, 1, 1, 1, 1, 1, 1, 1, 1, 1, 1, 1, 1, 1]","[0, 1, 1, 2, 2, 3, 3, 4, 4, 5, 5, 6, 6, 7, 7, 8, 8, 9, 9, 10, 10, 11, 11, 12, 12, 13, 13, 14, 14, 15, 15, 16, 16, 1]","[1, 0, 2, 1, 3, 2, 4, 3, 5, 4, 6, 5, 7, 6, 8, 7, 9, 8, 10, 9, 11, 10, 12, 11, 13, 12, 14, 13, 15, 14, 16, 15, 1, 16]",-2.874
35,76,"[1, 1, 1, 1, 1, 1, 1, 1, 1, 1, 1, 3, 1, 1, 1, 2, 1, 1, 1, 1, 1, 1, 3, 1, 1, 1, 1, 1, 1, 1, 1, 1, 1, 1, 1]","[1, 1, 1, 1, 1, 1, 1, 1, 3, 3, 3, 3, 3, 3, 3, 3, 3, 3, 1, 1, 1, 1, 1, 1, 1, 1, 1, 1, 1, 1, 1, 1, 1, 1, 1, 1, 1, 1, 1, 1, 1, 1, 1, 1, 1, 1, 3, 3, 3, 3, 3, 3, 3, 3, 3, 3, 1, 1, 3, 3, 3, 3, 3, 3, 3, 3, 3, 3, 3, 3, 1, 1, 3, 3, 3, 3]","[0, 1, 1, 2, 1, 3, 1, 4, 4, 5, 5, 6, 6, 7, 7, 8, 8, 9, 7, 10, 10, 11, 10, 12, 12, 13, 13, 14, 14, 15, 15, 16, 16, 17, 17, 18, 18, 19, 19, 20, 18, 21, 21, 22, 21, 23, 23, 24, 24, 25, 25, 26, 26, 27, 27, 28, 21, 29, 29, 30, 30, 31, 31, 32, 32, 33, 33, 34, 9, 4, 20, 15, 28, 23, 34, 29]","[1, 0, 2, 1, 3, 1, 4, 1, 5, 4, 6, 5, 7, 6, 8, 7, 9, 8, 10, 7, 11, 10, 12, 10, 13, 12, 14, 13, 15, 14, 16, 15, 17, 16, 18, 17, 19, 18, 20, 19, 21, 18, 22, 21, 23, 21, 24, 23, 25, 24, 26, 25, 27, 26, 28, 27, 29, 21, 30, 29, 31, 30, 32, 31, 33, 32, 34, 33, 4, 9, 15, 20, 23, 28, 29, 34]",-6.69
18,36,"[1, 1, 1, 3, 1, 3, 1, 1, 3, 3, 1, 1, 1, 1, 8, 1, 1, 8]","[1, 1, 1, 1, 1, 1, 1, 1, 2, 2, 1, 1, 1, 1, 2, 2, 1, 1, 1, 1, 1, 1, 1, 1, 2, 2, 1, 1, 1, 1, 1, 1, 1, 1, 1, 1]","[0, 1, 1, 2, 1, 3, 3, 4, 4, 5, 4, 6, 6, 7, 7, 8, 7, 9, 9, 10, 10, 11, 10, 12, 6, 13, 13, 14, 14, 15, 15, 16, 16, 17, 17, 13]","[1, 0, 2, 1, 3, 1, 4, 3, 5, 4, 6, 4, 7, 6, 8, 7, 9, 7, 10, 9, 11, 10, 12, 10, 13, 6, 14, 13, 15, 14, 16, 15, 17, 16, 13, 17]",-3.7306
13,30,"[1, 1, 1, 1, 1, 1, 8, 1, 2, 2, 1, 2, 1]","[1, 1, 3, 3, 3, 3, 3, 3, 3, 3, 3, 3, 3, 3, 3, 3, 3, 3, 3, 3, 3, 3, 3, 3, 3, 3, 3, 3, 3, 3]","[0, 1, 1, 2, 2, 3, 3, 4, 4, 5, 5, 6, 6, 7, 7, 8, 8, 9, 9, 10, 10, 11, 11, 12, 12, 1, 12, 5, 11, 7]","[1, 0, 2, 1, 3, 2, 4, 3, 5, 4, 6, 5, 7, 6, 8, 7, 9, 8, 10, 9, 11, 10, 12, 11, 1, 12, 5, 12, 7, 11]",-2.0729
15,32,"[1, 1, 2, 2, 1, 1, 1, 1, 1, 1, 1, 1, 3, 2, 2]","[1, 1, 3, 3, 3, 3, 3, 3, 1, 1, 3, 3, 3, 3, 3, 3, 3, 3, 3, 3, 3, 3, 2, 2, 3, 3, 1, 1, 3, 3, 3, 3]","[0, 1, 1, 2, 2, 3, 3, 4, 4, 5, 5, 6, 6, 7, 7, 8, 8, 9, 9, 10, 4, 11, 11, 12, 11, 13, 13, 14, 13, 1, 10, 5]","[1, 0, 2, 1, 3, 2, 4, 3, 5, 4, 6, 5, 7, 6, 8, 7, 9, 8, 10, 9, 11, 4, 12, 11, 13, 11, 14, 13, 1, 13, 5, 10]",-2.0506
15,32,"[2, 1, 1, 1, 2, 1, 2, 2, 3, 2, 1, 1, 1, 1, 1]","[1, 1, 3, 3, 3, 3, 3, 3, 3, 3, 2, 2, 3, 3, 1, 1, 1, 1, 1, 1, 1, 1, 1, 1, 1, 1, 1, 1, 3, 3, 1, 1]","[0, 1, 1, 2, 2, 3, 3, 4, 4, 5, 5, 6, 5, 7, 7, 8, 3, 9, 9, 10, 10, 11, 11, 12, 12, 13, 13, 14, 7, 1, 14, 9]","[1, 0, 2, 1, 3, 2, 4, 3, 5, 4, 6, 5, 7, 5, 8, 7, 9, 3, 10, 9, 11, 10, 12, 11, 13, 12, 14, 13, 1, 7, 9, 14]",-1.9782
21,44,"[1, 1, 3, 1, 3, 1, 3, 1, 2, 1, 3, 1, 3, 2, 1, 3, 1, 1, 1, 1, 3]","[1, 1, 1, 1, 1, 1, 1, 1, 1, 1, 1, 1, 1, 1, 1, 1, 1, 1, 2, 2, 1, 1, 1, 1, 1, 1, 1, 1, 2, 2, 1, 1, 2, 2, 1, 1, 1, 1, 1, 1, 1, 1, 1, 1]","[0, 1, 1, 2, 1, 3, 3, 4, 1, 5, 5, 6, 5, 7, 7, 8, 8, 9, 9, 10, 9, 11, 11, 12, 11, 13, 13, 14, 14, 15, 11, 16, 16, 17, 16, 18, 18, 19, 19, 20, 14, 7, 20, 7]","[1, 0, 2, 1, 3, 1, 4, 3, 5, 1, 6, 5, 7, 5, 8, 7, 9, 8, 10, 9, 11, 9, 12, 11, 13, 11, 14, 13, 15, 14, 16, 11, 17, 16, 18, 16, 19, 18, 20, 19, 7, 14, 7, 20]",-0.1971
11,24,"[3, 1, 2, 1, 2, 1, 1, 1, 1, 2, 1]","[2, 2, 3, 3, 3, 3, 3, 3, 3, 3, 3, 3, 3, 3, 3, 3, 3, 3, 3, 3, 3, 3, 3, 3]","[0, 1, 1, 2, 2, 3, 3, 4, 4, 5, 5, 6, 6, 7, 7, 8, 8, 9, 9, 10, 10, 1, 10, 5]","[1, 0, 2, 1, 3, 2, 4, 3, 5, 4, 6, 5, 7, 6, 8, 7, 9, 8, 10, 9, 1, 10, 5, 10]",-2.0656
40,84,"[2, 1, 1, 1, 3, 1, 3, 2, 1, 1, 1, 2, 1, 3, 1, 3, 1, 1, 2, 1, 3, 1, 3, 1, 3, 1, 3, 1, 3, 1, 3, 1, 1, 3, 1, 3, 1, 2, 1, 3]","[1, 1, 1, 1, 1, 1, 1, 1, 1, 1, 2, 2, 1, 1, 1, 1, 1, 1, 1, 1, 1, 1, 1, 1, 1, 1, 1, 1, 1, 1, 1, 1, 1, 1, 1, 1, 1, 1, 1, 1, 1, 1, 1, 1, 1, 1, 1, 1, 1, 1, 1, 1, 1, 1, 1, 1, 1, 1, 1, 1, 1, 1, 1, 1, 1, 1, 1, 1, 1, 1, 1, 1, 1, 1, 1, 1, 1, 1, 1, 1, 1, 1, 1, 1]","[0, 1, 1, 2, 2, 3, 3, 4, 3, 5, 5, 6, 5, 7, 7, 8, 8, 9, 9, 10, 10, 11, 10, 12, 12, 13, 13, 14, 14, 15, 15, 16, 16, 17, 17, 18, 16, 19, 19, 20, 19, 21, 21, 22, 21, 23, 23, 24, 12, 25, 25, 26, 25, 27, 27, 28, 28, 29, 29, 30, 30, 31, 31, 32, 32, 33, 31, 34, 34, 35, 34, 36, 36, 37, 36, 38, 38, 39, 27, 8, 23, 14, 38, 29]","[1, 0, 2, 1, 3, 2, 4, 3, 5, 3, 6, 5, 7, 5, 8, 7, 9, 8, 10, 9, 11, 10, 12, 10, 13, 12, 14, 13, 15, 14, 16, 15, 17, 16, 18, 17, 19, 16, 20, 19, 21, 19, 22, 21, 23, 21, 24, 23, 25, 12, 26, 25, 27, 25, 28, 27, 29, 28, 30, 29, 31, 30, 32, 31, 33, 32, 34, 31, 35, 34, 36, 34, 37, 36, 38, 36, 39, 38, 8, 27, 14, 23, 29, 38]",-0.5004
34,72,"[3, 1, 1, 1, 1, 2, 1, 1, 1, 1, 3, 1, 3, 1, 3, 1, 3, 1, 3, 1, 3, 1, 3, 1, 3, 1, 1, 3, 1, 3, 1, 3, 1, 3]","[1, 1, 1, 1, 1, 1, 1, 1, 1, 1, 1, 1, 1, 1, 2, 2, 1, 1, 1, 1, 1, 1, 1, 1, 1, 1, 1, 1, 1, 1, 1, 1, 1, 1, 1, 1, 1, 1, 1, 1, 1, 1, 1, 1, 1, 1, 1, 1, 1, 1, 1, 1, 1, 1, 1, 1, 1, 1, 1, 1, 1, 1, 1, 1, 1, 1, 1, 1, 1, 1, 1, 1]","[0, 1, 1, 2, 2, 3, 3, 4, 4, 5, 5, 6, 6, 7, 7, 8, 8, 9, 9, 10, 8, 11, 11, 12, 11, 13, 13, 14, 13, 15, 15, 16, 4, 17, 17, 18, 17, 19, 19, 20, 19, 21, 21, 22, 22, 23, 23, 24, 24, 25, 25, 26, 26, 27, 25, 28, 28, 29, 28, 30, 30, 31, 30, 32, 32, 33, 21, 2, 15, 6, 32, 23]","[1, 0, 2, 1, 3, 2, 4, 3, 5, 4, 6, 5, 7, 6, 8, 7, 9, 8, 10, 9, 11, 8, 12, 11, 13, 11, 14, 13, 15, 13, 16, 15, 17, 4, 18, 17, 19, 17, 20, 19, 21, 19, 22, 21, 23, 22, 24, 23, 25, 24, 26, 25, 27, 26, 28, 25, 29, 28, 30, 28, 31, 30, 32, 30, 33, 32, 2, 21, 6, 15, 23, 32]",0.3032
24,50,"[1, 1, 1, 1, 1, 1, 1, 1, 1, 1, 2, 1, 1, 3, 1, 1, 1, 1, 3, 1, 1, 1, 2, 3]","[1, 1, 1, 1, 1, 1, 1, 1, 3, 3, 3, 3, 3, 3, 3, 3, 3, 3, 1, 1, 1, 1, 1, 1, 1, 1, 1, 1, 3, 3, 3, 3, 3, 3, 1, 1, 3, 3, 3, 3, 1, 1, 1, 1, 2, 2, 3, 3, 3, 3]","[0, 1, 1, 2, 2, 3, 3, 4, 4, 5, 5, 6, 6, 7, 7, 8, 8, 9, 1, 10, 10, 11, 11, 12, 12, 13, 12, 14, 14, 15, 15, 16, 16, 17, 17, 18, 17, 19, 19, 20, 19, 21, 21, 22, 21, 23, 9, 4, 20, 14]","[1, 0, 2, 1, 3, 2, 4, 3, 5, 4, 6, 5, 7, 6, 8, 7, 9, 8, 10, 1, 11, 10, 12, 11, 13, 12, 14, 12, 15, 14, 16, 15, 17, 16, 18, 17, 19, 17, 20, 19, 21, 19, 22, 21, 23, 21, 4, 9, 14, 20]",-3.4482
17,36,"[2, 1, 3, 1, 2, 1, 2, 2, 1, 3, 1, 1, 3, 1, 3, 1, 3]","[1, 1, 2, 2, 1, 1, 3, 3, 3, 3, 3, 3, 3, 3, 1, 1, 1, 1, 1, 1, 1, 1, 1, 1, 1, 1, 1, 1, 1, 1, 1, 1, 3, 3, 1, 1]","[0, 1, 1, 2, 1, 3, 3, 4, 4, 5, 5, 6, 6, 7, 6, 8, 8, 9, 9, 10, 10, 11, 11, 12, 10, 13, 13, 14, 13, 15, 15, 16, 7, 3, 15, 8]","[1, 0, 2, 1, 3, 1, 4, 3, 5, 4, 6, 5, 7, 6, 8, 6, 9, 8, 10, 9, 11, 10, 12, 11, 13, 10, 14, 13, 15, 13, 16, 15, 3, 7, 8, 15]",-0.2355
21,44,"[1, 1, 1, 2, 1, 3, 2, 1, 1, 3, 2, 1, 3, 1, 1, 1, 4, 1, 1, 4, 1]","[1, 1, 1, 1, 1, 1, 1, 1, 2, 2, 1, 1, 1, 1, 1, 1, 2, 2, 1, 1, 1, 1, 2, 2, 1, 1, 3, 3, 3, 3, 1, 1, 3, 3, 3, 3, 1, 1, 3, 3, 1, 1, 3, 3]","[0, 1, 1, 2, 1, 3, 3, 4, 4, 5, 4, 6, 6, 7, 7, 8, 8, 9, 8, 10, 10, 11, 11, 12, 10, 13, 13, 14, 14, 15, 15, 16, 15, 17, 17, 18, 18, 19, 18, 20, 11, 6, 20, 13]","[1, 0, 2, 1, 3, 1, 4, 3, 5, 4, 6, 4, 7, 6, 8, 7, 9, 8, 10, 8, 11, 10, 12, 11, 13, 10, 14, 13, 15, 14, 16, 15, 17, 15, 18, 17, 19, 18, 20, 18, 6, 11, 13, 20]",-4.3757
23,50,"[1, 2, 1, 1, 3, 2, 1, 1, 1, 1, 1, 2, 1, 3, 1, 1, 1, 1, 1, 1, 8, 3, 3]","[1, 1, 1, 1, 2, 2, 1, 1, 1, 1, 1, 1, 3, 3, 3, 3, 3, 3, 3, 3, 3, 3, 1, 1, 2, 2, 1, 1, 3, 3, 3, 3, 3, 3, 3, 3, 3, 3, 1, 1, 2, 2, 2, 2, 1, 1, 3, 3, 3, 3]","[0, 1, 1, 2, 2, 3, 3, 4, 3, 5, 5, 6, 6, 7, 7, 8, 8, 9, 9, 10, 10, 11, 2, 12, 12, 13, 12, 14, 14, 15, 15, 16, 16, 17, 17, 18, 18, 19, 19, 20, 20, 21, 20, 22, 20, 1, 11, 6, 19, 14]","[1, 0, 2, 1, 3, 2, 4, 3, 5, 3, 6, 5, 7, 6, 8, 7, 9, 8, 10, 9, 11, 10, 12, 2, 13, 12, 14, 12, 15, 14, 16, 15, 17, 16, 18, 17, 19, 18, 20, 19, 21, 20, 22, 20, 1, 20, 6, 11, 14, 19]",-4.1586
32,70,"[1, 1, 1, 1, 1, 1, 3, 7, 3, 3, 1, 1, 1, 1, 1, 1, 3, 1, 1, 1, 1, 1, 1, 1, 1, 1, 1, 1, 1, 1, 1, 1]","[1, 1, 1, 1, 1, 1, 3, 3, 3, 3, 1, 1, 1, 1, 2, 2, 1, 1, 1, 1, 3, 3, 3, 3, 3, 3, 3, 3, 3, 3, 1, 1, 1, 1, 3, 3, 3, 3, 3, 3, 3, 3, 3, 3, 3, 3, 3, 3, 3, 3, 1, 1, 3, 3, 3, 3, 3, 3, 3, 3, 3, 3, 3, 3, 3, 3, 3, 3, 3, 3]","[0, 1, 1, 2, 1, 3, 3, 4, 4, 5, 5, 6, 6, 7, 7, 8, 7, 9, 9, 10, 10, 11, 11, 12, 12, 13, 13, 14, 14, 15, 7, 16, 16, 17, 17, 18, 18, 19, 19, 20, 20, 21, 21, 22, 5, 23, 23, 24, 24, 25, 24, 26, 26, 27, 27, 28, 28, 29, 29, 30, 30, 31, 25, 3, 15, 10, 22, 17, 31, 26]","[1, 0, 2, 1, 3, 1, 4, 3, 5, 4, 6, 5, 7, 6, 8, 7, 9, 7, 10, 9, 11, 10, 12, 11, 13, 12, 14, 13, 15, 14, 16, 7, 17, 16, 18, 17, 19, 18, 20, 19, 21, 20, 22, 21, 23, 5, 24, 23, 25, 24, 26, 24, 27, 26, 28, 27, 29, 28, 30, 29, 31, 30, 3, 25, 10, 15, 17, 22, 26, 31]",-6.8485
22,46,"[1, 2, 1, 2, 1, 1, 1, 1, 1, 1, 1, 1, 1, 2, 1, 1, 1, 1, 1, 1, 1, 1]","[1, 1, 1, 1, 2, 2, 1, 1, 3, 3, 3, 3, 3, 3, 1, 1, 3, 3, 3, 3, 1, 1, 1, 1, 2, 2, 1, 1, 3, 3, 3, 3, 3, 3, 1, 1, 3, 3, 3, 3, 1, 1, 3, 3, 3, 3]","[0, 1, 1, 2, 2, 3, 3, 4, 4, 5, 5, 6, 6, 7, 7, 8, 7, 9, 9, 10, 10, 11, 1, 12, 12, 13, 13, 14, 14, 15, 15, 16, 16, 17, 17, 18, 17, 19, 19, 20, 20, 21, 10, 4, 20, 14]","[1, 0, 2, 1, 3, 2, 4, 3, 5, 4, 6, 5, 7, 6, 8, 7, 9, 7, 10, 9, 11, 10, 12, 1, 13, 12, 14, 13, 15, 14, 16, 15, 17, 16, 18, 17, 19, 17, 20, 19, 21, 20, 4, 10, 14, 20]",-5.4675
18,40,"[1, 1, 1, 1, 1, 1, 3, 2, 1, 3, 1, 1, 1, 4, 1, 1, 4, 1]","[1, 1, 1, 1, 1, 1, 1, 1, 1, 1, 2, 2, 1, 1, 1, 1, 2, 2, 1, 1, 3, 3, 3, 3, 1, 1, 3, 3, 3, 3, 1, 1, 3, 3, 1, 1, 1, 1, 3, 3]","[0, 1, 1, 2, 2, 3, 3, 4, 3, 5, 5, 6, 5, 7, 7, 8, 8, 9, 7, 10, 10, 11, 11, 12, 12, 13, 12, 14, 14, 15, 15, 16, 15, 17, 3, 1, 8, 1, 17, 10]","[1, 0, 2, 1, 3, 2, 4, 3, 5, 3, 6, 5, 7, 5, 8, 7, 9, 8, 10, 7, 11, 10, 12, 11, 13, 12, 14, 12, 15, 14, 16, 15, 17, 15, 1, 3, 1, 8, 10, 17]",-4.8003
10,20,"[2, 1, 2, 1, 2, 2, 1, 3, 1, 3]","[1, 1, 1, 1, 2, 2, 1, 1, 1, 1, 1, 1, 2, 2, 1, 1, 2, 2, 1, 1]","[0, 1, 1, 2, 2, 3, 3, 4, 3, 5, 5, 6, 6, 7, 6, 8, 8, 9, 8, 1]","[1, 0, 2, 1, 3, 2, 4, 3, 5, 3, 6, 5, 7, 6, 8, 6, 9, 8, 1, 8]",-1.6978
32,66,"[1, 2, 1, 1, 3, 1, 1, 27, 1, 2, 1, 1, 3, 1, 27, 1, 1, 3, 2, 1, 1, 3, 3, 1, 1, 3, 1, 3, 1, 3, 1, 27]","[1, 1, 1, 1, 1, 1, 2, 2, 1, 1, 3, 3, 1, 1, 3, 3, 1, 1, 1, 1, 1, 1, 2, 2, 3, 3, 1, 1, 3, 3, 1, 1, 2, 2, 1, 1, 1, 1, 1, 1, 1, 1, 1, 1, 1, 1, 1, 1, 1, 1, 1, 1, 1, 1, 1, 1, 1, 1, 3, 3, 1, 1, 3, 3, 1, 1]","[0, 1, 1, 2, 2, 3, 2, 4, 1, 5, 5, 6, 6, 7, 6, 8, 8, 9, 9, 10, 10, 11, 10, 12, 8, 13, 13, 14, 13, 15, 15, 16, 16, 17, 16, 18, 18, 19, 19, 20, 20, 21, 20, 22, 22, 23, 23, 24, 24, 25, 23, 26, 26, 27, 26, 28, 28, 29, 15, 30, 30, 31, 30, 5, 28, 19]","[1, 0, 2, 1, 3, 2, 4, 2, 5, 1, 6, 5, 7, 6, 8, 6, 9, 8, 10, 9, 11, 10, 12, 10, 13, 8, 14, 13, 15, 13, 16, 15, 17, 16, 18, 16, 19, 18, 20, 19, 21, 20, 22, 20, 23, 22, 24, 23, 25, 24, 26, 23, 27, 26, 28, 26, 29, 28, 30, 15, 31, 30, 5, 30, 19, 28]",-0.1982
11,22,"[1, 1, 1, 8, 1, 8, 2, 1, 1, 3, 3]","[1, 1, 3, 3, 3, 3, 3, 3, 2, 2, 3, 3, 1, 1, 1, 1, 1, 1, 2, 2, 3, 3]","[0, 1, 1, 2, 2, 3, 3, 4, 4, 5, 4, 6, 6, 7, 7, 8, 8, 9, 8, 10, 6, 1]","[1, 0, 2, 1, 3, 2, 4, 3, 5, 4, 6, 4, 7, 6, 8, 7, 9, 8, 10, 8, 1, 6]",-1.9632
17,40,"[1, 1, 1, 1, 1, 1, 1, 1, 1, 1, 1, 1, 1, 1, 1, 1, 1]","[1, 1, 3, 3, 3, 3, 3, 3, 3, 3, 3, 3, 1, 1, 3, 3, 3, 3, 3, 3, 3, 3, 3, 3, 3, 3, 3, 3, 3, 3, 3, 3, 1, 1, 3, 3, 3, 3, 3, 3]","[0, 1, 1, 2, 2, 3, 3, 4, 4, 5, 5, 6, 6, 7, 7, 8, 8, 9, 9, 10, 10, 11, 11, 12, 12, 13, 13, 14, 14, 15, 15, 16, 16, 0, 6, 1, 16, 7, 15, 10]","[1, 0, 2, 1, 3, 2, 4, 3, 5, 4, 6, 5, 7, 6, 8, 7, 9, 8, 10, 9, 11, 10, 12, 11, 13, 12, 14, 13, 15, 14, 16, 15, 0, 16, 1, 6, 7, 16, 10, 15]",-6.678
6,14,"[1, 3, 1, 1, 1, 3]","[1, 1, 1, 1, 1, 1, 1, 1, 1, 1, 1, 1, 1, 1]","[0, 1, 1, 2, 2, 3, 3, 4, 4, 5, 2, 0, 5, 3]","[1, 0, 2, 1, 3, 2, 4, 3, 5, 4, 0, 2, 3, 5]",1.065
6,14,"[1, 3, 1, 1, 1, 3]","[1, 1, 1, 1, 1, 1, 1, 1, 1, 1, 1, 1, 1, 1]","[0, 1, 1, 2, 2, 3, 3, 4, 4, 5, 2, 0, 5, 3]","[1, 0, 2, 1, 3, 2, 4, 3, 5, 4, 0, 2, 3, 5]",1.065
16,34,"[3, 1, 2, 1, 1, 1, 1, 2, 1, 2, 1, 1, 1, 1, 1, 1]","[2, 2, 1, 1, 1, 1, 1, 1, 1, 1, 3, 3, 3, 3, 3, 3, 3, 3, 1, 1, 3, 3, 3, 3, 3, 3, 3, 3, 3, 3, 3, 3, 3, 3]","[0, 1, 1, 2, 2, 3, 3, 4, 4, 5, 5, 6, 6, 7, 7, 8, 8, 9, 1, 10, 10, 11, 11, 12, 12, 13, 13, 14, 14, 15, 9, 5, 15, 10]","[1, 0, 2, 1, 3, 2, 4, 3, 5, 4, 6, 5, 7, 6, 8, 7, 9, 8, 10, 1, 11, 10, 12, 11, 13, 12, 14, 13, 15, 14, 5, 9, 10, 15]",-0.634
20,44,"[3, 2, 1, 1, 1, 1, 1, 1, 1, 3, 1, 1, 1, 1, 1, 1, 1, 1, 1, 1]","[1, 1, 1, 1, 3, 3, 3, 3, 3, 3, 3, 3, 3, 3, 1, 1, 2, 2, 1, 1, 3, 3, 3, 3, 3, 3, 3, 3, 3, 3, 3, 3, 3, 3, 3, 3, 3, 3, 3, 3, 3, 3, 3, 3]","[0, 1, 1, 2, 2, 3, 3, 4, 4, 5, 5, 6, 6, 7, 1, 8, 8, 9, 8, 10, 10, 11, 11, 12, 12, 13, 13, 14, 14, 15, 15, 16, 16, 17, 17, 18, 18, 19, 7, 2, 19, 10, 19, 14]","[1, 0, 2, 1, 3, 2, 4, 3, 5, 4, 6, 5, 7, 6, 8, 1, 9, 8, 10, 8, 11, 10, 12, 11, 13, 12, 14, 13, 15, 14, 16, 15, 17, 16, 18, 17, 19, 18, 2, 7, 10, 19, 14, 19]",-3.9433
25,52,"[1, 1, 2, 3, 1, 3, 1, 1, 1, 1, 1, 1, 1, 3, 1, 1, 3, 1, 1, 1, 1, 4, 1, 3, 1]","[1, 1, 1, 1, 1, 1, 1, 1, 2, 2, 1, 1, 3, 3, 3, 3, 3, 3, 3, 3, 3, 3, 1, 1, 2, 2, 1, 1, 3, 3, 1, 1, 1, 1, 3, 3, 3, 3, 3, 3, 1, 1, 3, 3, 1, 1, 1, 1, 3, 3, 3, 3]","[0, 1, 1, 2, 2, 3, 3, 4, 4, 5, 4, 6, 6, 7, 7, 8, 8, 9, 9, 10, 10, 11, 2, 12, 12, 13, 12, 14, 14, 15, 15, 16, 16, 17, 15, 18, 18, 19, 19, 20, 20, 21, 20, 22, 22, 23, 23, 24, 11, 6, 22, 14]","[1, 0, 2, 1, 3, 2, 4, 3, 5, 4, 6, 4, 7, 6, 8, 7, 9, 8, 10, 9, 11, 10, 12, 2, 13, 12, 14, 12, 15, 14, 16, 15, 17, 16, 18, 15, 19, 18, 20, 19, 21, 20, 22, 20, 23, 22, 24, 23, 6, 11, 14, 22]",-4.0837
25,54,"[1, 1, 1, 1, 1, 1, 1, 3, 3, 1, 1, 1, 3, 1, 1, 1, 1, 1, 1, 1, 1, 1, 1, 1, 1]","[1, 1, 1, 1, 2, 2, 1, 1, 1, 1, 1, 1, 2, 2, 1, 1, 1, 1, 1, 1, 3, 3, 3, 3, 3, 3, 1, 1, 1, 1, 3, 3, 3, 3, 3, 3, 3, 3, 3, 3, 3, 3, 1, 1, 1, 1, 1, 1, 1, 1, 3, 3, 3, 3]","[0, 1, 1, 2, 1, 3, 3, 4, 4, 5, 5, 6, 6, 7, 6, 8, 8, 9, 9, 10, 10, 11, 11, 12, 12, 13, 13, 14, 14, 15, 15, 16, 16, 17, 17, 18, 18, 19, 19, 20, 13, 21, 5, 22, 22, 23, 22, 24, 22, 4, 21, 10, 20, 15]","[1, 0, 2, 1, 3, 1, 4, 3, 5, 4, 6, 5, 7, 6, 8, 6, 9, 8, 10, 9, 11, 10, 12, 11, 13, 12, 14, 13, 15, 14, 16, 15, 17, 16, 18, 17, 19, 18, 20, 19, 21, 13, 22, 5, 23, 22, 24, 22, 4, 22, 10, 21, 15, 20]",-6.0524
10,22,"[8, 1, 2, 1, 2, 1, 2, 1, 1, 2]","[2, 2, 3, 3, 3, 3, 3, 3, 3, 3, 3, 3, 3, 3, 3, 3, 3, 3, 3, 3, 3, 3]","[0, 1, 1, 2, 2, 3, 3, 4, 4, 5, 5, 6, 6, 7, 7, 8, 8, 9, 9, 1, 7, 3]","[1, 0, 2, 1, 3, 2, 4, 3, 5, 4, 6, 5, 7, 6, 8, 7, 9, 8, 1, 9, 3, 7]",-2.5803
15,32,"[1, 1, 1, 3, 1, 2, 8, 3, 3, 1, 1, 1, 1, 1, 1]","[2, 2, 1, 1, 1, 1, 1, 1, 2, 2, 1, 1, 2, 2, 2, 2, 1, 1, 3, 3, 3, 3, 3, 3, 3, 3, 3, 3, 1, 1, 3, 3]","[0, 1, 1, 2, 2, 3, 3, 4, 4, 5, 5, 6, 6, 7, 6, 8, 6, 9, 9, 10, 10, 11, 11, 12, 12, 13, 13, 14, 14, 4, 14, 9]","[1, 0, 2, 1, 3, 2, 4, 3, 5, 4, 6, 5, 7, 6, 8, 6, 9, 6, 10, 9, 11, 10, 12, 11, 13, 12, 14, 13, 4, 14, 9, 14]",-3.1727
36,72,"[4, 1, 1, 1, 4, 4, 1, 4, 1, 4, 1, 4, 4, 1, 1, 1, 1, 4, 4, 1, 4, 1, 4, 4, 4, 1, 1, 4, 1, 4, 1, 4, 1, 4, 1, 4]","[1, 1, 1, 1, 1, 1, 1, 1, 1, 1, 1, 1, 1, 1, 1, 1, 1, 1, 1, 1, 1, 1, 1, 1, 1, 1, 1, 1, 1, 1, 1, 1, 1, 1, 1, 1, 1, 1, 1, 1, 1, 1, 1, 1, 1, 1, 1, 1, 1, 1, 1, 1, 1, 1, 1, 1, 1, 1, 1, 1, 1, 1, 1, 1, 1, 1, 1, 1, 1, 1, 1, 1]","[0, 1, 1, 2, 2, 3, 3, 4, 3, 5, 3, 6, 6, 7, 6, 8, 8, 9, 8, 10, 10, 11, 12, 13, 13, 14, 14, 15, 15, 16, 16, 17, 16, 18, 16, 19, 19, 20, 19, 21, 21, 22, 21, 23, 24, 25, 25, 26, 26, 27, 26, 28, 28, 29, 28, 30, 30, 31, 30, 32, 32, 33, 32, 34, 34, 35, 10, 1, 21, 13, 34, 25]","[1, 0, 2, 1, 3, 2, 4, 3, 5, 3, 6, 3, 7, 6, 8, 6, 9, 8, 10, 8, 11, 10, 13, 12, 14, 13, 15, 14, 16, 15, 17, 16, 18, 16, 19, 16, 20, 19, 21, 19, 22, 21, 23, 21, 25, 24, 26, 25, 27, 26, 28, 26, 29, 28, 30, 28, 31, 30, 32, 30, 33, 32, 34, 32, 35, 34, 1, 10, 13, 21, 25, 34]",-4.9408
18,38,"[3, 1, 2, 1, 3, 1, 1, 1, 1, 2, 1, 2, 1, 1, 1, 1, 1, 1]","[2, 2, 1, 1, 1, 1, 2, 2, 1, 1, 3, 3, 3, 3, 3, 3, 3, 3, 3, 3, 1, 1, 1, 1, 3, 3, 3, 3, 3, 3, 3, 3, 3, 3, 3, 3, 3, 3]","[0, 1, 1, 2, 2, 3, 3, 4, 3, 5, 5, 6, 6, 7, 7, 8, 8, 9, 9, 10, 1, 11, 11, 12, 12, 13, 13, 14, 14, 15, 15, 16, 16, 17, 10, 5, 17, 12]","[1, 0, 2, 1, 3, 2, 4, 3, 5, 3, 6, 5, 7, 6, 8, 7, 9, 8, 10, 9, 11, 1, 12, 11, 13, 12, 14, 13, 15, 14, 16, 15, 17, 16, 5, 10, 12, 17]",-3.3825
14,30,"[0, 1, 1, 2, 1, 2, 1, 3, 1, 1, 1, 1, 1, 1]","[1, 1, 3, 3, 3, 3, 3, 3, 3, 3, 3, 3, 2, 2, 1, 1, 3, 3, 3, 3, 3, 3, 3, 3, 3, 3, 3, 3, 3, 3]","[0, 1, 1, 2, 2, 3, 3, 4, 4, 5, 5, 6, 6, 7, 4, 8, 8, 9, 9, 10, 10, 11, 11, 12, 12, 13, 6, 1, 13, 8]","[1, 0, 2, 1, 3, 2, 4, 3, 5, 4, 6, 5, 7, 6, 8, 4, 9, 8, 10, 9, 11, 10, 12, 11, 13, 12, 1, 6, 8, 13]",-3.4792
14,28,"[1, 1, 1, 1, 1, 1, 1, 1, 2, 8, 1, 1, 1, 3]","[1, 1, 1, 1, 1, 1, 1, 1, 1, 1, 1, 1, 1, 1, 1, 1, 3, 3, 3, 3, 3, 3, 3, 3, 2, 2, 3, 3]","[0, 1, 1, 2, 2, 3, 3, 4, 4, 5, 5, 6, 6, 7, 7, 8, 8, 9, 9, 10, 10, 11, 11, 12, 12, 13, 12, 8]","[1, 0, 2, 1, 3, 2, 4, 3, 5, 4, 6, 5, 7, 6, 8, 7, 9, 8, 10, 9, 11, 10, 12, 11, 13, 12, 8, 12]",-2.6301
24,50,"[1, 1, 1, 2, 1, 1, 1, 1, 1, 1, 1, 1, 1, 1, 2, 3, 3, 1, 6, 6, 6, 2, 3, 3]","[1, 1, 1, 1, 1, 1, 1, 1, 1, 1, 1, 1, 1, 1, 1, 1, 3, 3, 3, 3, 3, 3, 3, 3, 3, 3, 1, 1, 1, 1, 2, 2, 1, 1, 1, 1, 1, 1, 1, 1, 1, 1, 1, 1, 2, 2, 1, 1, 3, 3]","[0, 1, 1, 2, 2, 3, 3, 4, 4, 5, 5, 6, 6, 7, 3, 8, 8, 9, 9, 10, 10, 11, 11, 12, 12, 13, 13, 14, 14, 15, 14, 16, 11, 17, 17, 18, 17, 19, 17, 20, 9, 21, 21, 22, 21, 23, 7, 5, 13, 8]","[1, 0, 2, 1, 3, 2, 4, 3, 5, 4, 6, 5, 7, 6, 8, 3, 9, 8, 10, 9, 11, 10, 12, 11, 13, 12, 14, 13, 15, 14, 16, 14, 17, 11, 18, 17, 19, 17, 20, 17, 21, 9, 22, 21, 23, 21, 5, 7, 8, 13]",-6.5407
22,46,"[2, 8, 3, 3, 1, 1, 1, 1, 2, 1, 3, 1, 1, 3, 1, 3, 1, 3, 1, 3, 1, 1]","[1, 1, 2, 2, 2, 2, 1, 1, 3, 3, 3, 3, 3, 3, 1, 1, 1, 1, 1, 1, 1, 1, 1, 1, 1, 1, 1, 1, 1, 1, 1, 1, 1, 1, 1, 1, 1, 1, 3, 3, 3, 3, 3, 3, 1, 1]","[0, 1, 1, 2, 1, 3, 1, 4, 4, 5, 5, 6, 6, 7, 7, 8, 8, 9, 9, 10, 10, 11, 11, 12, 12, 13, 11, 14, 14, 15, 14, 16, 16, 17, 16, 18, 18, 19, 7, 20, 20, 21, 21, 4, 18, 9]","[1, 0, 2, 1, 3, 1, 4, 1, 5, 4, 6, 5, 7, 6, 8, 7, 9, 8, 10, 9, 11, 10, 12, 11, 13, 12, 14, 11, 15, 14, 16, 14, 17, 16, 18, 16, 19, 18, 20, 7, 21, 20, 4, 21, 9, 18]",-0.9801
23,52,"[3, 1, 2, 1, 2, 1, 2, 1, 1, 1, 1, 1, 1, 1, 1, 2, 1, 1, 1, 1, 1, 1, 1]","[2, 2, 3, 3, 3, 3, 3, 3, 3, 3, 3, 3, 3, 3, 1, 1, 3, 3, 3, 3, 3, 3, 3, 3, 3, 3, 3, 3, 3, 3, 3, 3, 1, 1, 3, 3, 3, 3, 3, 3, 3, 3, 3, 3, 3, 3, 3, 3, 3, 3, 3, 3]","[0, 1, 1, 2, 2, 3, 3, 4, 4, 5, 5, 6, 6, 7, 7, 8, 8, 9, 9, 10, 10, 11, 11, 12, 12, 13, 7, 14, 14, 15, 15, 16, 14, 17, 17, 18, 18, 19, 19, 20, 20, 21, 21, 22, 16, 1, 16, 5, 13, 8, 22, 17]","[1, 0, 2, 1, 3, 2, 4, 3, 5, 4, 6, 5, 7, 6, 8, 7, 9, 8, 10, 9, 11, 10, 12, 11, 13, 12, 14, 7, 15, 14, 16, 15, 17, 14, 18, 17, 19, 18, 20, 19, 21, 20, 22, 21, 1, 16, 5, 16, 8, 13, 17, 22]",-3.1766
15,32,"[1, 1, 3, 1, 1, 1, 1, 3, 2, 1, 1, 1, 1, 1, 1]","[1, 1, 3, 3, 3, 3, 3, 3, 3, 3, 1, 1, 2, 2, 1, 1, 1, 1, 3, 3, 3, 3, 3, 3, 3, 3, 3, 3, 3, 3, 3, 3]","[0, 1, 1, 2, 2, 3, 3, 4, 4, 5, 5, 6, 6, 7, 6, 8, 8, 9, 9, 10, 10, 11, 11, 12, 12, 13, 13, 14, 5, 1, 14, 9]","[1, 0, 2, 1, 3, 2, 4, 3, 5, 4, 6, 5, 7, 6, 8, 6, 9, 8, 10, 9, 11, 10, 12, 11, 13, 12, 14, 13, 1, 5, 9, 14]",-3.3037
16,36,"[1, 1, 1, 3, 1, 3, 1, 1, 1, 1, 1, 1, 1, 1, 1, 1]","[1, 1, 1, 1, 1, 1, 1, 1, 2, 2, 1, 1, 3, 3, 3, 3, 3, 3, 3, 3, 3, 3, 3, 3, 3, 3, 3, 3, 3, 3, 1, 1, 3, 3, 3, 3]","[0, 1, 1, 2, 1, 3, 3, 4, 4, 5, 4, 6, 6, 7, 7, 8, 8, 9, 9, 10, 10, 11, 11, 12, 12, 13, 13, 14, 14, 15, 15, 1, 15, 6, 13, 8]","[1, 0, 2, 1, 3, 1, 4, 3, 5, 4, 6, 4, 7, 6, 8, 7, 9, 8, 10, 9, 11, 10, 12, 11, 13, 12, 14, 13, 15, 14, 1, 15, 6, 15, 8, 13]",-2.9844
19,40,"[1, 3, 1, 1, 1, 1, 1, 1, 2, 1, 1, 3, 1, 3, 1, 1, 3, 1, 1]","[1, 1, 1, 1, 3, 3, 3, 3, 3, 3, 1, 1, 1, 1, 1, 1, 1, 1, 1, 1, 1, 1, 1, 1, 1, 1, 1, 1, 1, 1, 2, 2, 3, 3, 3, 3, 3, 3, 1, 1]","[0, 1, 1, 2, 2, 3, 3, 4, 4, 5, 5, 6, 6, 7, 7, 8, 8, 9, 9, 10, 10, 11, 10, 12, 12, 13, 13, 14, 14, 15, 14, 16, 5, 17, 17, 18, 18, 2, 12, 7]","[1, 0, 2, 1, 3, 2, 4, 3, 5, 4, 6, 5, 7, 6, 8, 7, 9, 8, 10, 9, 11, 10, 12, 10, 13, 12, 14, 13, 15, 14, 16, 14, 17, 5, 18, 17, 2, 18, 7, 12]",-1.6075
9,18,"[1, 1, 8, 2, 2, 1, 1, 3, 3]","[1, 1, 3, 3, 3, 3, 3, 3, 3, 3, 1, 1, 1, 1, 2, 2, 3, 3]","[0, 1, 1, 2, 2, 3, 3, 4, 4, 5, 5, 6, 6, 7, 6, 8, 5, 1]","[1, 0, 2, 1, 3, 2, 4, 3, 5, 4, 6, 5, 7, 6, 8, 6, 1, 5]",-0.4598
13,26,"[1, 1, 3, 7, 3, 3, 1, 1, 2, 1, 8, 1, 8]","[1, 1, 1, 1, 1, 1, 2, 2, 1, 1, 1, 1, 1, 1, 1, 1, 2, 2, 1, 1, 1, 1, 1, 1, 1, 1]","[0, 1, 1, 2, 2, 3, 3, 4, 3, 5, 5, 6, 6, 7, 3, 8, 8, 9, 9, 10, 10, 11, 11, 12, 12, 9]","[1, 0, 2, 1, 3, 2, 4, 3, 5, 3, 6, 5, 7, 6, 8, 3, 9, 8, 10, 9, 11, 10, 12, 11, 9, 12]",-0.6835
7,14,"[8, 1, 2, 8, 1, 8, 2]","[2, 2, 3, 3, 3, 3, 3, 3, 2, 2, 3, 3, 3, 3]","[0, 1, 1, 2, 2, 3, 3, 4, 4, 5, 4, 6, 6, 1]","[1, 0, 2, 1, 3, 2, 4, 3, 5, 4, 6, 4, 1, 6]",-1.7618
26,56,"[1, 3, 1, 1, 1, 1, 2, 1, 1, 1, 1, 1, 3, 3, 1, 1, 1, 3, 1, 1, 1, 1, 1, 1, 1, 1]","[1, 1, 1, 1, 3, 3, 3, 3, 3, 3, 3, 3, 3, 3, 1, 1, 3, 3, 1, 1, 1, 1, 1, 1, 2, 2, 3, 3, 3, 3, 1, 1, 2, 2, 1, 1, 2, 2, 1, 1, 3, 3, 3, 3, 3, 3, 3, 3, 3, 3, 3, 3, 3, 3, 3, 3]","[0, 1, 1, 2, 2, 3, 3, 4, 4, 5, 5, 6, 6, 7, 7, 8, 7, 9, 9, 10, 10, 11, 11, 12, 11, 13, 9, 14, 14, 15, 6, 16, 16, 17, 16, 18, 18, 19, 19, 20, 20, 21, 21, 22, 22, 23, 23, 24, 24, 25, 15, 2, 14, 5, 25, 20]","[1, 0, 2, 1, 3, 2, 4, 3, 5, 4, 6, 5, 7, 6, 8, 7, 9, 7, 10, 9, 11, 10, 12, 11, 13, 11, 14, 9, 15, 14, 16, 6, 17, 16, 18, 16, 19, 18, 20, 19, 21, 20, 22, 21, 23, 22, 24, 23, 25, 24, 2, 15, 5, 14, 20, 25]",-5.5433
25,52,"[1, 1, 1, 3, 1, 3, 3, 1, 1, 1, 1, 1, 1, 1, 1, 1, 3, 1, 3, 1, 1, 1, 1, 3, 1]","[1, 1, 1, 1, 1, 1, 1, 1, 2, 2, 1, 1, 1, 1, 1, 1, 1, 1, 2, 2, 1, 1, 1, 1, 1, 1, 2, 2, 1, 1, 1, 1, 1, 1, 2, 2, 1, 1, 2, 2, 1, 1, 1, 1, 1, 1, 1, 1, 1, 1, 1, 1]","[0, 1, 1, 2, 2, 3, 1, 4, 4, 5, 4, 6, 6, 7, 7, 8, 8, 9, 9, 10, 10, 11, 11, 12, 12, 13, 13, 14, 14, 15, 15, 16, 16, 17, 17, 18, 17, 19, 19, 20, 19, 21, 13, 22, 22, 23, 9, 24, 21, 7, 21, 15]","[1, 0, 2, 1, 3, 2, 4, 1, 5, 4, 6, 4, 7, 6, 8, 7, 9, 8, 10, 9, 11, 10, 12, 11, 13, 12, 14, 13, 15, 14, 16, 15, 17, 16, 18, 17, 19, 17, 20, 19, 21, 19, 22, 13, 23, 22, 24, 9, 7, 21, 15, 21]",-2.2436
21,46,"[1, 3, 1, 1, 1, 2, 1, 3, 1, 1, 1, 1, 2, 1, 1, 2, 1, 1, 1, 1, 1]","[1, 1, 1, 1, 3, 3, 3, 3, 1, 1, 1, 1, 2, 2, 1, 1, 3, 3, 3, 3, 3, 3, 3, 3, 3, 3, 3, 3, 3, 3, 3, 3, 3, 3, 3, 3, 3, 3, 3, 3, 3, 3, 3, 3, 3, 3]","[0, 1, 1, 2, 2, 3, 3, 4, 4, 5, 5, 6, 6, 7, 6, 8, 8, 9, 9, 10, 10, 11, 11, 12, 12, 13, 4, 14, 14, 15, 15, 16, 16, 17, 17, 18, 18, 19, 19, 20, 20, 2, 13, 8, 19, 14]","[1, 0, 2, 1, 3, 2, 4, 3, 5, 4, 6, 5, 7, 6, 8, 6, 9, 8, 10, 9, 11, 10, 12, 11, 13, 12, 14, 4, 15, 14, 16, 15, 17, 16, 18, 17, 19, 18, 20, 19, 2, 20, 8, 13, 14, 19]",-4.4461
20,42,"[1, 1, 3, 7, 8, 3, 1, 1, 3, 1, 1, 1, 3, 2, 1, 1, 1, 1, 1, 1]","[1, 1, 1, 1, 1, 1, 2, 2, 1, 1, 1, 1, 1, 1, 1, 1, 1, 1, 3, 3, 3, 3, 3, 3, 3, 3, 1, 1, 3, 3, 3, 3, 3, 3, 3, 3, 3, 3, 3, 3, 3, 3]","[0, 1, 1, 2, 2, 3, 3, 4, 3, 5, 5, 6, 6, 7, 3, 8, 8, 9, 9, 10, 10, 11, 11, 12, 12, 13, 11, 14, 14, 15, 15, 16, 16, 17, 17, 18, 18, 19, 13, 9, 19, 14]","[1, 0, 2, 1, 3, 2, 4, 3, 5, 3, 6, 5, 7, 6, 8, 3, 9, 8, 10, 9, 11, 10, 12, 11, 13, 12, 14, 11, 15, 14, 16, 15, 17, 16, 18, 17, 19, 18, 9, 13, 14, 19]",-5.2172
11,22,"[3, 1, 3, 1, 1, 1, 1, 45, 1, 3, 3]","[1, 1, 2, 2, 1, 1, 1, 1, 1, 1, 1, 1, 1, 1, 1, 1, 1, 1, 2, 2, 1, 1]","[0, 1, 1, 2, 1, 3, 3, 4, 4, 5, 5, 6, 6, 7, 6, 8, 8, 9, 8, 10, 7, 3]","[1, 0, 2, 1, 3, 1, 4, 3, 5, 4, 6, 5, 7, 6, 8, 6, 9, 8, 10, 8, 3, 7]",-0.545
12,26,"[1, 1, 1, 3, 1, 1, 1, 1, 1, 1, 1, 3]","[1, 1, 1, 1, 1, 1, 1, 1, 1, 1, 1, 1, 1, 1, 1, 1, 1, 1, 1, 1, 2, 2, 1, 1, 1, 1]","[0, 1, 1, 2, 1, 3, 3, 4, 4, 5, 4, 6, 6, 7, 7, 8, 8, 9, 9, 10, 10, 11, 8, 1, 10, 4]","[1, 0, 2, 1, 3, 1, 4, 3, 5, 4, 6, 4, 7, 6, 8, 7, 9, 8, 10, 9, 11, 10, 1, 8, 4, 10]",-0.9249
27,58,"[1, 3, 1, 3, 1, 1, 3, 1, 3, 1, 3, 1, 1, 3, 1, 3, 1, 3, 1, 3, 1, 1, 1, 1, 3, 1, 1]","[1, 1, 1, 1, 2, 2, 1, 1, 2, 2, 1, 1, 1, 1, 1, 1, 1, 1, 1, 1, 1, 1, 1, 1, 1, 1, 1, 1, 1, 1, 1, 1, 1, 1, 1, 1, 1, 1, 1, 1, 1, 1, 1, 1, 1, 1, 1, 1, 1, 1, 1, 1, 1, 1, 1, 1, 1, 1]","[0, 1, 1, 2, 2, 3, 2, 4, 4, 5, 5, 6, 6, 7, 7, 8, 8, 9, 9, 10, 10, 11, 11, 12, 12, 13, 11, 14, 14, 15, 14, 16, 16, 17, 16, 18, 18, 19, 7, 20, 20, 21, 21, 22, 21, 23, 23, 24, 23, 25, 25, 26, 26, 4, 18, 9, 26, 20]","[1, 0, 2, 1, 3, 2, 4, 2, 5, 4, 6, 5, 7, 6, 8, 7, 9, 8, 10, 9, 11, 10, 12, 11, 13, 12, 14, 11, 15, 14, 16, 14, 17, 16, 18, 16, 19, 18, 20, 7, 21, 20, 22, 21, 23, 21, 24, 23, 25, 23, 26, 25, 4, 26, 9, 18, 20, 26]",-0.5911
14,28,"[3, 2, 1, 1, 1, 1, 1, 1, 1, 1, 1, 1, 2, 3]","[1, 1, 2, 2, 1, 1, 1, 1, 1, 1, 1, 1, 1, 1, 1, 1, 1, 1, 1, 1, 1, 1, 2, 2, 1, 1, 1, 1]","[0, 1, 1, 2, 2, 3, 3, 4, 4, 5, 5, 6, 6, 7, 7, 8, 8, 9, 9, 10, 10, 11, 11, 12, 12, 13, 11, 2]","[1, 0, 2, 1, 3, 2, 4, 3, 5, 4, 6, 5, 7, 6, 8, 7, 9, 8, 10, 9, 11, 10, 12, 11, 13, 12, 2, 11]",-2.5813
22,48,"[3, 1, 3, 1, 1, 8, 1, 2, 1, 1, 1, 1, 1, 4, 1, 1, 1, 1, 1, 1, 1, 1]","[1, 1, 2, 2, 1, 1, 1, 1, 3, 3, 3, 3, 3, 3, 3, 3, 1, 1, 3, 3, 3, 3, 3, 3, 1, 1, 3, 3, 3, 3, 1, 1, 3, 3, 3, 3, 3, 3, 3, 3, 3, 3, 3, 3, 3, 3, 3, 3]","[0, 1, 1, 2, 1, 3, 3, 4, 4, 5, 5, 6, 6, 7, 7, 8, 8, 9, 9, 10, 10, 11, 11, 12, 12, 13, 12, 14, 14, 15, 6, 16, 16, 17, 17, 18, 18, 19, 19, 20, 20, 21, 8, 4, 15, 9, 21, 16]","[1, 0, 2, 1, 3, 1, 4, 3, 5, 4, 6, 5, 7, 6, 8, 7, 9, 8, 10, 9, 11, 10, 12, 11, 13, 12, 14, 12, 15, 14, 16, 6, 17, 16, 18, 17, 19, 18, 20, 19, 21, 20, 4, 8, 9, 15, 16, 21]",-4.9644
44,94,"[1, 1, 3, 1, 1, 1, 1, 3, 1, 3, 1, 1, 1, 1, 3, 1, 3, 2, 1, 1, 2, 1, 1, 1, 2, 1, 3, 2, 1, 3, 1, 1, 1, 1, 2, 1, 3, 1, 1, 2, 1, 3, 1, 1]","[1, 1, 1, 1, 1, 1, 1, 1, 1, 1, 1, 1, 1, 1, 1, 1, 1, 1, 1, 1, 1, 1, 1, 1, 1, 1, 1, 1, 1, 1, 1, 1, 1, 1, 1, 1, 1, 1, 1, 1, 3, 3, 3, 3, 3, 3, 3, 3, 3, 3, 2, 2, 1, 1, 1, 1, 2, 2, 1, 1, 3, 3, 3, 3, 3, 3, 1, 1, 1, 1, 2, 2, 1, 1, 1, 1, 1, 1, 1, 1, 1, 1, 3, 3, 3, 3, 1, 1, 1, 1, 3, 3, 3, 3]","[0, 1, 1, 2, 2, 3, 3, 4, 4, 5, 5, 6, 6, 7, 7, 8, 8, 9, 9, 10, 10, 11, 10, 12, 12, 13, 13, 14, 13, 15, 15, 16, 12, 17, 17, 18, 17, 19, 3, 20, 20, 21, 21, 22, 22, 23, 23, 24, 24, 25, 25, 26, 23, 27, 27, 28, 28, 29, 28, 30, 30, 31, 31, 32, 32, 33, 33, 34, 34, 35, 35, 36, 35, 37, 37, 38, 37, 39, 37, 40, 40, 41, 33, 42, 42, 43, 6, 1, 15, 8, 25, 20, 43, 30]","[1, 0, 2, 1, 3, 2, 4, 3, 5, 4, 6, 5, 7, 6, 8, 7, 9, 8, 10, 9, 11, 10, 12, 10, 13, 12, 14, 13, 15, 13, 16, 15, 17, 12, 18, 17, 19, 17, 20, 3, 21, 20, 22, 21, 23, 22, 24, 23, 25, 24, 26, 25, 27, 23, 28, 27, 29, 28, 30, 28, 31, 30, 32, 31, 33, 32, 34, 33, 35, 34, 36, 35, 37, 35, 38, 37, 39, 37, 40, 37, 41, 40, 42, 33, 43, 42, 1, 6, 8, 15, 20, 25, 30, 43]",-2.4904
26,54,"[1, 2, 1, 1, 1, 8, 8, 3, 3, 1, 1, 1, 1, 1, 1, 1, 8, 8, 3, 3, 1, 1, 1, 1, 1, 1]","[1, 1, 1, 1, 1, 1, 1, 1, 1, 1, 1, 1, 2, 2, 2, 2, 1, 1, 3, 3, 3, 3, 3, 3, 3, 3, 3, 3, 1, 1, 1, 1, 1, 1, 2, 2, 2, 2, 1, 1, 3, 3, 3, 3, 3, 3, 3, 3, 3, 3, 3, 3, 3, 3]","[0, 1, 1, 2, 1, 3, 3, 4, 4, 5, 5, 6, 6, 7, 6, 8, 6, 9, 9, 10, 10, 11, 11, 12, 12, 13, 13, 14, 3, 15, 15, 16, 16, 17, 17, 18, 17, 19, 17, 20, 20, 21, 21, 22, 22, 23, 23, 24, 24, 25, 14, 9, 25, 20]","[1, 0, 2, 1, 3, 1, 4, 3, 5, 4, 6, 5, 7, 6, 8, 6, 9, 6, 10, 9, 11, 10, 12, 11, 13, 12, 14, 13, 15, 3, 16, 15, 17, 16, 18, 17, 19, 17, 20, 17, 21, 20, 22, 21, 23, 22, 24, 23, 25, 24, 9, 14, 20, 25]",-5.76
9,18,"[1, 1, 2, 2, 1, 2, 2, 1, 1]","[1, 1, 3, 3, 3, 3, 3, 3, 1, 1, 3, 3, 3, 3, 1, 1, 3, 3]","[0, 1, 1, 2, 2, 3, 3, 4, 4, 5, 4, 6, 6, 7, 7, 8, 7, 1]","[1, 0, 2, 1, 3, 2, 4, 3, 5, 4, 6, 4, 7, 6, 8, 7, 1, 7]",-1.0939
24,52,"[1, 1, 2, 1, 1, 1, 4, 1, 1, 1, 1, 3, 2, 1, 1, 1, 1, 1, 1, 1, 8, 2, 3, 3]","[1, 1, 1, 1, 1, 1, 3, 3, 3, 3, 1, 1, 3, 3, 3, 3, 3, 3, 1, 1, 2, 2, 1, 1, 1, 1, 3, 3, 3, 3, 3, 3, 3, 3, 3, 3, 1, 1, 1, 1, 1, 1, 2, 2, 2, 2, 1, 1, 3, 3, 3, 3]","[0, 1, 1, 2, 2, 3, 3, 4, 4, 5, 5, 6, 5, 7, 7, 8, 8, 9, 9, 10, 10, 11, 10, 12, 12, 13, 13, 14, 14, 15, 15, 16, 16, 17, 17, 18, 18, 19, 7, 20, 20, 21, 20, 22, 20, 23, 12, 1, 9, 3, 18, 13]","[1, 0, 2, 1, 3, 2, 4, 3, 5, 4, 6, 5, 7, 5, 8, 7, 9, 8, 10, 9, 11, 10, 12, 10, 13, 12, 14, 13, 15, 14, 16, 15, 17, 16, 18, 17, 19, 18, 20, 7, 21, 20, 22, 20, 23, 20, 1, 12, 3, 9, 13, 18]",-3.783
11,24,"[3, 1, 1, 2, 1, 1, 1, 1, 1, 2, 1]","[1, 1, 3, 3, 3, 3, 3, 3, 3, 3, 3, 3, 3, 3, 3, 3, 3, 3, 3, 3, 3, 3, 3, 3]","[0, 1, 1, 2, 2, 3, 3, 4, 4, 5, 5, 6, 6, 7, 7, 8, 8, 9, 9, 10, 10, 1, 10, 5]","[1, 0, 2, 1, 3, 2, 4, 3, 5, 4, 6, 5, 7, 6, 8, 7, 9, 8, 10, 9, 1, 10, 5, 10]",-1.6576
21,46,"[1, 1, 3, 3, 1, 1, 3, 1, 3, 1, 1, 1, 3, 1, 1, 1, 3, 1, 1, 1, 3]","[1, 1, 2, 2, 1, 1, 1, 1, 1, 1, 1, 1, 1, 1, 1, 1, 1, 1, 1, 1, 1, 1, 1, 1, 1, 1, 1, 1, 1, 1, 1, 1, 1, 1, 1, 1, 1, 1, 1, 1, 1, 1, 1, 1, 1, 1]","[0, 1, 1, 2, 1, 3, 3, 4, 4, 5, 5, 6, 6, 7, 7, 8, 8, 9, 9, 10, 9, 11, 9, 12, 12, 13, 5, 14, 14, 15, 15, 16, 16, 17, 17, 18, 17, 19, 17, 20, 13, 4, 13, 7, 20, 14]","[1, 0, 2, 1, 3, 1, 4, 3, 5, 4, 6, 5, 7, 6, 8, 7, 9, 8, 10, 9, 11, 9, 12, 9, 13, 12, 14, 5, 15, 14, 16, 15, 17, 16, 18, 17, 19, 17, 20, 17, 4, 13, 7, 13, 14, 20]",-1.5229
16,34,"[1, 1, 1, 1, 2, 1, 1, 1, 1, 1, 2, 1, 3, 2, 1, 3]","[1, 1, 1, 1, 1, 1, 1, 1, 1, 1, 1, 1, 1, 1, 1, 1, 1, 1, 1, 1, 1, 1, 2, 2, 1, 1, 1, 1, 2, 2, 1, 1, 1, 1]","[0, 1, 1, 2, 2, 3, 3, 4, 4, 5, 5, 6, 6, 7, 7, 8, 8, 9, 1, 10, 10, 11, 11, 12, 11, 13, 13, 14, 14, 15, 14, 1, 9, 4]","[1, 0, 2, 1, 3, 2, 4, 3, 5, 4, 6, 5, 7, 6, 8, 7, 9, 8, 10, 1, 11, 10, 12, 11, 13, 11, 14, 13, 15, 14, 1, 14, 4, 9]",-0.8213
16,36,"[3, 1, 1, 1, 1, 1, 1, 1, 1, 1, 1, 1, 2, 1, 1, 2]","[1, 1, 3, 3, 3, 3, 3, 3, 3, 3, 3, 3, 3, 3, 3, 3, 3, 3, 3, 3, 1, 1, 2, 2, 1, 1, 1, 1, 1, 1, 3, 3, 3, 3, 1, 1]","[0, 1, 1, 2, 2, 3, 3, 4, 4, 5, 5, 6, 6, 7, 7, 8, 8, 9, 9, 10, 10, 11, 11, 12, 12, 13, 13, 14, 14, 15, 10, 1, 8, 3, 15, 11]","[1, 0, 2, 1, 3, 2, 4, 3, 5, 4, 6, 5, 7, 6, 8, 7, 9, 8, 10, 9, 11, 10, 12, 11, 13, 12, 14, 13, 15, 14, 1, 10, 3, 8, 11, 15]",-3.3015
14,30,"[1, 2, 1, 3, 2, 2, 1, 3, 1, 1, 1, 1, 1, 1]","[1, 1, 3, 3, 2, 2, 3, 3, 3, 3, 3, 3, 2, 2, 1, 1, 3, 3, 3, 3, 3, 3, 3, 3, 3, 3, 3, 3, 3, 3]","[0, 1, 1, 2, 2, 3, 2, 4, 4, 5, 5, 6, 6, 7, 5, 8, 8, 9, 9, 10, 10, 11, 11, 12, 12, 13, 6, 1, 13, 8]","[1, 0, 2, 1, 3, 2, 4, 2, 5, 4, 6, 5, 7, 6, 8, 5, 9, 8, 10, 9, 11, 10, 12, 11, 13, 12, 1, 6, 8, 13]",-2.9804
14,30,"[1, 1, 1, 1, 1, 1, 1, 3, 1, 1, 1, 1, 2, 2]","[1, 1, 3, 3, 3, 3, 3, 3, 3, 3, 3, 3, 1, 1, 1, 1, 3, 3, 3, 3, 3, 3, 3, 3, 3, 3, 3, 3, 3, 3]","[0, 1, 1, 2, 2, 3, 3, 4, 4, 5, 5, 6, 6, 7, 7, 8, 8, 9, 9, 10, 10, 11, 11, 12, 12, 13, 6, 1, 13, 8]","[1, 0, 2, 1, 3, 2, 4, 3, 5, 4, 6, 5, 7, 6, 8, 7, 9, 8, 10, 9, 11, 10, 12, 11, 13, 12, 1, 6, 8, 13]",-1.969
24,52,"[6, 1, 6, 6, 1, 2, 1, 1, 1, 4, 1, 4, 1, 1, 2, 1, 3, 3, 1, 1, 1, 1, 1, 1]","[1, 1, 1, 1, 1, 1, 1, 1, 3, 3, 3, 3, 3, 3, 3, 3, 1, 1, 3, 3, 1, 1, 3, 3, 3, 3, 3, 3, 1, 1, 2, 2, 1, 1, 1, 1, 3, 3, 3, 3, 3, 3, 3, 3, 3, 3, 3, 3, 3, 3, 3, 3]","[0, 1, 1, 2, 1, 3, 1, 4, 4, 5, 5, 6, 6, 7, 7, 8, 8, 9, 8, 10, 10, 11, 10, 12, 12, 13, 13, 14, 14, 15, 15, 16, 15, 17, 17, 18, 18, 19, 19, 20, 20, 21, 21, 22, 22, 23, 14, 4, 13, 6, 23, 18]","[1, 0, 2, 1, 3, 1, 4, 1, 5, 4, 6, 5, 7, 6, 8, 7, 9, 8, 10, 8, 11, 10, 12, 10, 13, 12, 14, 13, 15, 14, 16, 15, 17, 15, 18, 17, 19, 18, 20, 19, 21, 20, 22, 21, 23, 22, 4, 14, 6, 13, 18, 23]",-4.4603
26,56,"[1, 1, 3, 1, 1, 1, 1, 1, 1, 3, 1, 1, 3, 1, 1, 3, 1, 1, 1, 1, 1, 1, 3, 1, 1, 3]","[1, 1, 1, 1, 1, 1, 3, 3, 3, 3, 3, 3, 3, 3, 3, 3, 1, 1, 1, 1, 1, 1, 1, 1, 1, 1, 1, 1, 1, 1, 1, 1, 3, 3, 3, 3, 3, 3, 3, 3, 3, 3, 1, 1, 1, 1, 1, 1, 1, 1, 1, 1, 3, 3, 3, 3]","[0, 1, 1, 2, 2, 3, 3, 4, 4, 5, 5, 6, 6, 7, 7, 8, 8, 9, 9, 10, 10, 11, 11, 12, 12, 13, 13, 14, 14, 15, 15, 16, 16, 17, 17, 18, 18, 19, 19, 20, 20, 21, 21, 22, 22, 23, 23, 24, 24, 25, 25, 0, 8, 3, 21, 16]","[1, 0, 2, 1, 3, 2, 4, 3, 5, 4, 6, 5, 7, 6, 8, 7, 9, 8, 10, 9, 11, 10, 12, 11, 13, 12, 14, 13, 15, 14, 16, 15, 17, 16, 18, 17, 19, 18, 20, 19, 21, 20, 22, 21, 23, 22, 24, 23, 25, 24, 0, 25, 3, 8, 16, 21]",-4.6935
28,62,"[1, 1, 3, 3, 1, 1, 1, 1, 1, 1, 1, 4, 1, 1, 1, 3, 1, 1, 1, 1, 1, 1, 1, 1, 1, 1, 1, 3]","[1, 1, 2, 2, 1, 1, 1, 1, 1, 1, 1, 1, 1, 1, 1, 1, 1, 1, 2, 2, 1, 1, 1, 1, 2, 2, 1, 1, 2, 2, 1, 1, 2, 2, 1, 1, 1, 1, 1, 1, 1, 1, 1, 1, 1, 1, 1, 1, 1, 1, 1, 1, 2, 2, 1, 1, 1, 1, 1, 1, 1, 1]","[0, 1, 1, 2, 1, 3, 3, 4, 4, 5, 5, 6, 6, 7, 7, 8, 8, 9, 9, 10, 10, 11, 10, 12, 12, 13, 13, 14, 14, 15, 14, 16, 16, 17, 17, 18, 18, 19, 18, 20, 20, 21, 21, 22, 22, 23, 23, 24, 4, 25, 25, 26, 25, 27, 23, 4, 23, 7, 20, 8, 18, 12]","[1, 0, 2, 1, 3, 1, 4, 3, 5, 4, 6, 5, 7, 6, 8, 7, 9, 8, 10, 9, 11, 10, 12, 10, 13, 12, 14, 13, 15, 14, 16, 14, 17, 16, 18, 17, 19, 18, 20, 18, 21, 20, 22, 21, 23, 22, 24, 23, 25, 4, 26, 25, 27, 25, 4, 23, 7, 23, 8, 20, 12, 18]",-4.9453
30,68,"[4, 1, 1, 4, 1, 4, 1, 1, 1, 1, 1, 1, 1, 1, 1, 4, 1, 4, 4, 1, 4, 1, 1, 4, 1, 4, 1, 4, 4, 4]","[1, 1, 2, 2, 1, 1, 1, 1, 1, 1, 1, 1, 1, 1, 1, 1, 1, 1, 1, 1, 1, 1, 1, 1, 1, 1, 1, 1, 1, 1, 1, 1, 1, 1, 1, 1, 1, 1, 1, 1, 1, 1, 2, 2, 1, 1, 1, 1, 1, 1, 1, 1, 1, 1, 1, 1, 1, 1, 1, 1, 1, 1, 1, 1, 1, 1, 1, 1]","[0, 1, 1, 2, 2, 3, 2, 4, 4, 5, 4, 6, 6, 7, 7, 8, 8, 9, 9, 10, 10, 11, 11, 12, 12, 13, 13, 14, 14, 15, 14, 16, 16, 17, 16, 18, 10, 19, 19, 20, 19, 21, 21, 22, 22, 23, 22, 24, 24, 25, 24, 26, 26, 27, 26, 28, 21, 29, 14, 1, 16, 4, 13, 6, 24, 9, 26, 19]","[1, 0, 2, 1, 3, 2, 4, 2, 5, 4, 6, 4, 7, 6, 8, 7, 9, 8, 10, 9, 11, 10, 12, 11, 13, 12, 14, 13, 15, 14, 16, 14, 17, 16, 18, 16, 19, 10, 20, 19, 21, 19, 22, 21, 23, 22, 24, 22, 25, 24, 26, 24, 27, 26, 28, 26, 29, 21, 1, 14, 4, 16, 6, 13, 9, 24, 19, 26]",-13.1719
24,50,"[1, 1, 3, 1, 3, 1, 1, 2, 2, 1, 3, 7, 8, 3, 1, 1, 3, 1, 1, 1, 1, 2, 1, 1]","[1, 1, 1, 1, 1, 1, 2, 2, 1, 1, 3, 3, 3, 3, 3, 3, 3, 3, 1, 1, 1, 1, 2, 2, 1, 1, 1, 1, 1, 1, 1, 1, 1, 1, 1, 1, 3, 3, 3, 3, 3, 3, 3, 3, 1, 1, 3, 3, 3, 3]","[0, 1, 1, 2, 2, 3, 3, 4, 3, 5, 5, 6, 6, 7, 7, 8, 8, 9, 9, 10, 10, 11, 11, 12, 11, 13, 13, 14, 14, 15, 11, 16, 16, 17, 17, 18, 9, 19, 19, 20, 20, 21, 21, 22, 22, 23, 22, 5, 20, 7]","[1, 0, 2, 1, 3, 2, 4, 3, 5, 3, 6, 5, 7, 6, 8, 7, 9, 8, 10, 9, 11, 10, 12, 11, 13, 11, 14, 13, 15, 14, 16, 11, 17, 16, 18, 17, 19, 9, 20, 19, 21, 20, 22, 21, 23, 22, 5, 22, 7, 20]",-4.9489
41,90,"[2, 1, 1, 1, 1, 2, 1, 1, 1, 1, 1, 2, 1, 2, 1, 4, 2, 1, 4, 2, 1, 8, 3, 3, 3, 1, 1, 3, 1, 1, 1, 1, 1, 1, 1, 3, 1, 8, 3, 3, 3]","[1, 1, 3, 3, 3, 3, 3, 3, 1, 1, 1, 1, 3, 3, 3, 3, 3, 3, 3, 3, 1, 1, 1, 1, 3, 3, 3, 3, 1, 1, 3, 3, 3, 3, 1, 1, 3, 3, 3, 3, 1, 1, 1, 1, 2, 2, 2, 2, 3, 3, 1, 1, 2, 2, 1, 1, 3, 3, 3, 3, 3, 3, 3, 3, 3, 3, 1, 1, 2, 2, 1, 1, 1, 1, 1, 1, 2, 2, 2, 2, 3, 3, 3, 3, 3, 3, 3, 3, 3, 3]","[0, 1, 1, 2, 2, 3, 3, 4, 4, 5, 5, 6, 6, 7, 7, 8, 8, 9, 9, 10, 10, 11, 11, 12, 12, 13, 13, 14, 14, 15, 14, 16, 16, 17, 17, 18, 17, 19, 10, 20, 9, 21, 21, 22, 21, 23, 21, 24, 4, 25, 25, 26, 26, 27, 26, 28, 28, 29, 29, 30, 30, 31, 31, 32, 32, 33, 33, 34, 34, 35, 34, 36, 2, 37, 37, 38, 37, 39, 37, 40, 36, 1, 20, 6, 19, 12, 36, 25, 33, 28]","[1, 0, 2, 1, 3, 2, 4, 3, 5, 4, 6, 5, 7, 6, 8, 7, 9, 8, 10, 9, 11, 10, 12, 11, 13, 12, 14, 13, 15, 14, 16, 14, 17, 16, 18, 17, 19, 17, 20, 10, 21, 9, 22, 21, 23, 21, 24, 21, 25, 4, 26, 25, 27, 26, 28, 26, 29, 28, 30, 29, 31, 30, 32, 31, 33, 32, 34, 33, 35, 34, 36, 34, 37, 2, 38, 37, 39, 37, 40, 37, 1, 36, 6, 20, 12, 19, 25, 36, 28, 33]",0.1956
10,22,"[3, 1, 2, 1, 1, 2, 1, 2, 1, 2]","[2, 2, 3, 3, 3, 3, 3, 3, 3, 3, 3, 3, 3, 3, 3, 3, 3, 3, 3, 3, 3, 3]","[0, 1, 1, 2, 2, 3, 3, 4, 4, 5, 5, 6, 6, 7, 7, 8, 8, 9, 9, 1, 8, 3]","[1, 0, 2, 1, 3, 2, 4, 3, 5, 4, 6, 5, 7, 6, 8, 7, 9, 8, 1, 9, 3, 8]",-1.5141
24,50,"[3, 2, 3, 1, 1, 1, 1, 3, 2, 1, 1, 1, 1, 0, 1, 3, 1, 1, 0, 1, 1, 2, 3, 3]","[1, 1, 2, 2, 1, 1, 3, 3, 3, 3, 3, 3, 1, 1, 1, 1, 1, 1, 2, 2, 1, 1, 2, 2, 1, 1, 1, 1, 2, 2, 1, 1, 2, 2, 1, 1, 3, 3, 3, 3, 1, 1, 1, 1, 2, 2, 3, 3, 1, 1]","[0, 1, 1, 2, 1, 3, 3, 4, 4, 5, 5, 6, 6, 7, 7, 8, 8, 9, 9, 10, 10, 11, 11, 12, 12, 13, 12, 14, 14, 15, 14, 16, 16, 17, 16, 18, 6, 19, 19, 20, 19, 21, 21, 22, 21, 23, 20, 3, 17, 10]","[1, 0, 2, 1, 3, 1, 4, 3, 5, 4, 6, 5, 7, 6, 8, 7, 9, 8, 10, 9, 11, 10, 12, 11, 13, 12, 14, 12, 15, 14, 16, 14, 17, 16, 18, 16, 19, 6, 20, 19, 21, 19, 22, 21, 23, 21, 3, 20, 10, 17]",-6.6637
15,32,"[3, 1, 2, 1, 1, 1, 1, 1, 2, 1, 1, 1, 1, 2, 1]","[2, 2, 1, 1, 1, 1, 3, 3, 3, 3, 3, 3, 3, 3, 3, 3, 1, 1, 3, 3, 3, 3, 3, 3, 3, 3, 3, 3, 3, 3, 3, 3]","[0, 1, 1, 2, 2, 3, 3, 4, 4, 5, 5, 6, 6, 7, 7, 8, 1, 9, 9, 10, 10, 11, 11, 12, 12, 13, 13, 14, 8, 3, 14, 9]","[1, 0, 2, 1, 3, 2, 4, 3, 5, 4, 6, 5, 7, 6, 8, 7, 9, 1, 10, 9, 11, 10, 12, 11, 13, 12, 14, 13, 3, 8, 9, 14]",-2.9771
49,110,"[1, 3, 1, 1, 3, 1, 1, 3, 1, 1, 3, 1, 1, 3, 3, 1, 1, 3, 1, 3, 1, 1, 1, 1, 1, 1, 1, 1, 1, 1, 1, 1, 1, 1, 3, 1, 1, 1, 1, 3, 1, 1, 1, 1, 3, 3, 1, 1, 3]","[1, 1, 1, 1, 1, 1, 1, 1, 1, 1, 1, 1, 1, 1, 1, 1, 1, 1, 1, 1, 1, 1, 1, 1, 1, 1, 1, 1, 1, 1, 1, 1, 1, 1, 1, 1, 1, 1, 1, 1, 1, 1, 1, 1, 1, 1, 1, 1, 1, 1, 1, 1, 1, 1, 1, 1, 1, 1, 1, 1, 1, 1, 1, 1, 1, 1, 1, 1, 1, 1, 1, 1, 1, 1, 1, 1, 1, 1, 1, 1, 1, 1, 2, 2, 1, 1, 2, 2, 1, 1, 1, 1, 1, 1, 1, 1, 1, 1, 1, 1, 1, 1, 1, 1, 1, 1, 1, 1, 1, 1]","[0, 1, 1, 2, 2, 3, 3, 4, 3, 5, 5, 6, 6, 7, 7, 8, 8, 9, 9, 10, 9, 11, 11, 12, 12, 13, 12, 14, 14, 15, 15, 16, 5, 17, 17, 18, 18, 19, 19, 20, 20, 21, 21, 22, 22, 23, 23, 24, 23, 25, 25, 26, 26, 27, 27, 28, 28, 29, 28, 30, 30, 31, 31, 32, 32, 33, 33, 34, 33, 35, 35, 36, 36, 37, 37, 38, 38, 39, 38, 40, 30, 41, 41, 42, 42, 43, 43, 44, 43, 45, 45, 46, 18, 47, 47, 48, 47, 2, 15, 8, 40, 20, 38, 23, 35, 25, 33, 28, 46, 41]","[1, 0, 2, 1, 3, 2, 4, 3, 5, 3, 6, 5, 7, 6, 8, 7, 9, 8, 10, 9, 11, 9, 12, 11, 13, 12, 14, 12, 15, 14, 16, 15, 17, 5, 18, 17, 19, 18, 20, 19, 21, 20, 22, 21, 23, 22, 24, 23, 25, 23, 26, 25, 27, 26, 28, 27, 29, 28, 30, 28, 31, 30, 32, 31, 33, 32, 34, 33, 35, 33, 36, 35, 37, 36, 38, 37, 39, 38, 40, 38, 41, 30, 42, 41, 43, 42, 44, 43, 45, 43, 46, 45, 47, 18, 48, 47, 2, 47, 8, 15, 20, 40, 23, 38, 25, 35, 28, 33, 41, 46]",-1.94
19,42,"[1, 3, 1, 1, 1, 1, 1, 1, 1, 3, 1, 1, 1, 1, 1, 2, 1, 2, 1]","[1, 1, 1, 1, 3, 3, 3, 3, 3, 3, 3, 3, 3, 3, 1, 1, 1, 1, 1, 1, 1, 1, 1, 1, 1, 1, 3, 3, 3, 3, 3, 3, 3, 3, 3, 3, 3, 3, 1, 1, 3, 3]","[0, 1, 1, 2, 2, 3, 3, 4, 4, 5, 5, 6, 6, 7, 5, 8, 8, 9, 8, 10, 10, 11, 11, 12, 8, 13, 13, 14, 14, 15, 15, 16, 16, 17, 17, 18, 7, 2, 12, 10, 18, 13]","[1, 0, 2, 1, 3, 2, 4, 3, 5, 4, 6, 5, 7, 6, 8, 5, 9, 8, 10, 8, 11, 10, 12, 11, 13, 8, 14, 13, 15, 14, 16, 15, 17, 16, 18, 17, 2, 7, 10, 12, 13, 18]",-2.5959
13,18,"[40, 1, 1, 1, 1, 1, 1, 1, 3, 1, 3, 1, 3]","[1, 1, 3, 3, 3, 3, 3, 3, 3, 3, 4, 4, 4, 4, 4, 4, 3, 3]","[1, 2, 2, 3, 3, 4, 4, 5, 5, 6, 7, 8, 9, 10, 11, 12, 6, 2]","[2, 1, 3, 2, 4, 3, 5, 4, 6, 5, 8, 7, 10, 9, 12, 11, 2, 6]",-3.8762
51,116,"[1, 3, 1, 3, 1, 3, 3, 1, 1, 1, 1, 1, 3, 1, 1, 3, 1, 1, 3, 1, 1, 3, 1, 1, 1, 1, 3, 1, 1, 1, 1, 1, 3, 1, 3, 1, 1, 1, 3, 1, 1, 3, 3, 1, 3, 1, 3, 1, 1, 1, 1]","[1, 1, 1, 1, 2, 2, 1, 1, 1, 1, 1, 1, 1, 1, 1, 1, 1, 1, 1, 1, 1, 1, 1, 1, 1, 1, 1, 1, 2, 2, 1, 1, 1, 1, 1, 1, 1, 1, 1, 1, 1, 1, 1, 1, 1, 1, 1, 1, 1, 1, 1, 1, 1, 1, 1, 1, 1, 1, 1, 1, 1, 1, 1, 1, 1, 1, 1, 1, 1, 1, 2, 2, 1, 1, 1, 1, 1, 1, 1, 1, 2, 2, 1, 1, 1, 1, 1, 1, 1, 1, 2, 2, 1, 1, 1, 1, 2, 2, 1, 1, 1, 1, 1, 1, 1, 1, 1, 1, 1, 1, 1, 1, 1, 1, 1, 1]","[0, 1, 1, 2, 2, 3, 2, 4, 4, 5, 4, 6, 6, 7, 7, 8, 8, 9, 9, 10, 10, 11, 11, 12, 12, 13, 13, 14, 13, 15, 11, 16, 16, 17, 17, 18, 18, 19, 19, 20, 20, 21, 20, 22, 22, 23, 22, 24, 22, 25, 25, 26, 26, 27, 27, 28, 27, 29, 29, 30, 30, 31, 31, 32, 32, 33, 33, 34, 34, 35, 35, 36, 36, 37, 37, 38, 19, 39, 16, 40, 40, 41, 40, 42, 42, 43, 9, 44, 44, 45, 45, 46, 45, 47, 47, 48, 47, 49, 49, 50, 24, 4, 24, 8, 39, 8, 39, 16, 27, 25, 31, 25, 37, 29, 37, 33]","[1, 0, 2, 1, 3, 2, 4, 2, 5, 4, 6, 4, 7, 6, 8, 7, 9, 8, 10, 9, 11, 10, 12, 11, 13, 12, 14, 13, 15, 13, 16, 11, 17, 16, 18, 17, 19, 18, 20, 19, 21, 20, 22, 20, 23, 22, 24, 22, 25, 22, 26, 25, 27, 26, 28, 27, 29, 27, 30, 29, 31, 30, 32, 31, 33, 32, 34, 33, 35, 34, 36, 35, 37, 36, 38, 37, 39, 19, 40, 16, 41, 40, 42, 40, 43, 42, 44, 9, 45, 44, 46, 45, 47, 45, 48, 47, 49, 47, 50, 49, 4, 24, 8, 24, 8, 39, 16, 39, 25, 27, 25, 31, 29, 37, 33, 37]",-3.4428
15,32,"[3, 1, 2, 1, 1, 1, 1, 1, 1, 1, 1, 1, 1, 2, 1]","[2, 2, 1, 1, 1, 1, 1, 1, 1, 1, 1, 1, 1, 1, 1, 1, 1, 1, 3, 3, 3, 3, 3, 3, 3, 3, 3, 3, 1, 1, 3, 3]","[0, 1, 1, 2, 2, 3, 3, 4, 4, 5, 5, 6, 6, 7, 7, 8, 1, 9, 9, 10, 10, 11, 11, 12, 12, 13, 13, 14, 8, 3, 14, 9]","[1, 0, 2, 1, 3, 2, 4, 3, 5, 4, 6, 5, 7, 6, 8, 7, 9, 1, 10, 9, 11, 10, 12, 11, 13, 12, 14, 13, 3, 8, 9, 14]",-2.319
33,70,"[1, 3, 1, 1, 1, 1, 4, 1, 1, 1, 3, 2, 1, 1, 1, 1, 1, 1, 1, 1, 8, 3, 3, 2, 1, 3, 2, 1, 1, 1, 1, 1, 1]","[1, 1, 1, 1, 3, 3, 3, 3, 3, 3, 1, 1, 3, 3, 3, 3, 1, 1, 2, 2, 1, 1, 1, 1, 1, 1, 1, 1, 3, 3, 3, 3, 3, 3, 3, 3, 3, 3, 1, 1, 2, 2, 2, 2, 1, 1, 1, 1, 2, 2, 1, 1, 1, 1, 1, 1, 1, 1, 1, 1, 1, 1, 1, 1, 3, 3, 3, 3, 1, 1]","[0, 1, 1, 2, 2, 3, 3, 4, 4, 5, 5, 6, 5, 7, 7, 8, 8, 9, 9, 10, 9, 11, 11, 12, 12, 13, 13, 14, 14, 15, 15, 16, 16, 17, 17, 18, 18, 19, 17, 20, 20, 21, 20, 22, 20, 23, 23, 24, 24, 25, 24, 26, 26, 27, 27, 28, 28, 29, 29, 30, 30, 31, 31, 32, 8, 2, 19, 14, 32, 27]","[1, 0, 2, 1, 3, 2, 4, 3, 5, 4, 6, 5, 7, 5, 8, 7, 9, 8, 10, 9, 11, 9, 12, 11, 13, 12, 14, 13, 15, 14, 16, 15, 17, 16, 18, 17, 19, 18, 20, 17, 21, 20, 22, 20, 23, 20, 24, 23, 25, 24, 26, 24, 27, 26, 28, 27, 29, 28, 30, 29, 31, 30, 32, 31, 2, 8, 14, 19, 27, 32]",-5.0917
15,30,"[3, 1, 1, 1, 1, 1, 1, 1, 1, 1, 1, 1, 1, 1, 2]","[2, 2, 1, 1, 1, 1, 1, 1, 1, 1, 1, 1, 1, 1, 1, 1, 1, 1, 1, 1, 1, 1, 1, 1, 1, 1, 1, 1, 1, 1]","[0, 1, 1, 2, 2, 3, 3, 4, 4, 5, 5, 6, 6, 7, 7, 8, 8, 9, 9, 10, 10, 11, 11, 12, 12, 13, 13, 14, 14, 1]","[1, 0, 2, 1, 3, 2, 4, 3, 5, 4, 6, 5, 7, 6, 8, 7, 9, 8, 10, 9, 11, 10, 12, 11, 13, 12, 14, 13, 1, 14]",-2.6260000000000003
15,32,"[2, 1, 2, 1, 3, 2, 1, 1, 1, 1, 1, 1, 1, 3, 3]","[1, 1, 3, 3, 3, 3, 2, 2, 3, 3, 3, 3, 3, 3, 1, 1, 1, 1, 1, 1, 1, 1, 1, 1, 1, 1, 1, 1, 3, 3, 1, 1]","[0, 1, 1, 2, 2, 3, 3, 4, 3, 5, 5, 6, 6, 7, 5, 8, 8, 9, 9, 10, 10, 11, 11, 12, 12, 13, 11, 14, 7, 1, 14, 8]","[1, 0, 2, 1, 3, 2, 4, 3, 5, 3, 6, 5, 7, 6, 8, 5, 9, 8, 10, 9, 11, 10, 12, 11, 13, 12, 14, 11, 1, 7, 8, 14]",-0.4416
19,46,"[4, 1, 4, 1, 4, 1, 1, 1, 1, 1, 1, 4, 1, 4, 1, 1, 4, 1, 3]","[1, 1, 1, 1, 1, 1, 1, 1, 1, 1, 1, 1, 1, 1, 1, 1, 1, 1, 1, 1, 1, 1, 1, 1, 1, 1, 1, 1, 1, 1, 1, 1, 1, 1, 2, 2, 1, 1, 1, 1, 1, 1, 1, 1, 1, 1]","[0, 1, 1, 2, 1, 3, 3, 4, 3, 5, 5, 6, 6, 7, 7, 8, 8, 9, 9, 10, 10, 11, 10, 12, 12, 13, 12, 14, 14, 15, 15, 16, 6, 17, 17, 18, 10, 1, 15, 3, 9, 5, 14, 8, 15, 12]","[1, 0, 2, 1, 3, 1, 4, 3, 5, 3, 6, 5, 7, 6, 8, 7, 9, 8, 10, 9, 11, 10, 12, 10, 13, 12, 14, 12, 15, 14, 16, 15, 17, 6, 18, 17, 1, 10, 3, 15, 5, 9, 8, 14, 12, 15]",-7.2006
22,48,"[3, 7, 3, 1, 1, 1, 1, 1, 1, 3, 1, 1, 1, 1, 1, 1, 2, 1, 1, 3, 1, 1]","[2, 2, 1, 1, 1, 1, 3, 3, 3, 3, 3, 3, 3, 3, 3, 3, 1, 1, 1, 1, 3, 3, 3, 3, 3, 3, 3, 3, 3, 3, 1, 1, 1, 1, 1, 1, 1, 1, 1, 1, 1, 1, 3, 3, 3, 3, 1, 1]","[0, 1, 1, 2, 2, 3, 3, 4, 4, 5, 5, 6, 6, 7, 7, 8, 1, 9, 9, 10, 10, 11, 11, 12, 12, 13, 13, 14, 14, 15, 1, 16, 16, 17, 17, 18, 18, 19, 19, 20, 20, 21, 8, 3, 15, 10, 21, 16]","[1, 0, 2, 1, 3, 2, 4, 3, 5, 4, 6, 5, 7, 6, 8, 7, 9, 1, 10, 9, 11, 10, 12, 11, 13, 12, 14, 13, 15, 14, 16, 1, 17, 16, 18, 17, 19, 18, 20, 19, 21, 20, 3, 8, 10, 15, 16, 21]",-2.1425
16,34,"[1, 2, 1, 3, 3, 1, 1, 1, 1, 1, 1, 1, 3, 1, 1, 3]","[1, 1, 1, 1, 2, 2, 1, 1, 1, 1, 3, 3, 3, 3, 3, 3, 3, 3, 3, 3, 1, 1, 1, 1, 1, 1, 1, 1, 1, 1, 3, 3, 1, 1]","[0, 1, 1, 2, 2, 3, 2, 4, 4, 5, 5, 6, 6, 7, 7, 8, 8, 9, 9, 10, 10, 11, 11, 12, 12, 13, 13, 14, 14, 15, 10, 5, 15, 11]","[1, 0, 2, 1, 3, 2, 4, 2, 5, 4, 6, 5, 7, 6, 8, 7, 9, 8, 10, 9, 11, 10, 12, 11, 13, 12, 14, 13, 15, 14, 5, 10, 11, 15]",-1.5706
14,30,"[3, 1, 3, 1, 1, 1, 3, 1, 1, 1, 1, 1, 1, 1]","[1, 1, 2, 2, 1, 1, 1, 1, 1, 1, 2, 2, 1, 1, 3, 3, 3, 3, 3, 3, 3, 3, 3, 3, 1, 1, 1, 1, 3, 3]","[0, 1, 1, 2, 1, 3, 3, 4, 4, 5, 5, 6, 5, 7, 7, 8, 8, 9, 9, 10, 10, 11, 11, 12, 12, 13, 13, 3, 12, 7]","[1, 0, 2, 1, 3, 1, 4, 3, 5, 4, 6, 5, 7, 5, 8, 7, 9, 8, 10, 9, 11, 10, 12, 11, 13, 12, 3, 13, 7, 12]",-2.1031
24,54,"[1, 1, 1, 1, 3, 3, 1, 1, 1, 3, 1, 1, 1, 1, 1, 3, 1, 1, 1, 1, 1, 1, 1, 3]","[1, 1, 2, 2, 1, 1, 2, 2, 1, 1, 1, 1, 1, 1, 1, 1, 1, 1, 1, 1, 1, 1, 2, 2, 1, 1, 1, 1, 2, 2, 1, 1, 1, 1, 1, 1, 1, 1, 1, 1, 1, 1, 1, 1, 1, 1, 1, 1, 1, 1, 1, 1, 1, 1]","[0, 1, 1, 2, 2, 3, 3, 4, 3, 5, 5, 6, 6, 7, 7, 8, 8, 9, 9, 10, 10, 11, 11, 12, 12, 13, 12, 14, 14, 15, 14, 16, 16, 17, 17, 18, 17, 19, 19, 20, 19, 21, 21, 22, 22, 23, 19, 6, 21, 8, 17, 10, 23, 21]","[1, 0, 2, 1, 3, 2, 4, 3, 5, 3, 6, 5, 7, 6, 8, 7, 9, 8, 10, 9, 11, 10, 12, 11, 13, 12, 14, 12, 15, 14, 16, 14, 17, 16, 18, 17, 19, 17, 20, 19, 21, 19, 22, 21, 23, 22, 6, 19, 8, 21, 10, 17, 21, 23]",-2.9196
22,50,"[1, 2, 1, 1, 1, 1, 1, 1, 1, 3, 1, 1, 1, 1, 1, 1, 1, 1, 1, 1, 1, 1]","[1, 1, 1, 1, 3, 3, 3, 3, 3, 3, 3, 3, 3, 3, 1, 1, 1, 1, 1, 1, 3, 3, 3, 3, 3, 3, 3, 3, 3, 3, 1, 1, 3, 3, 3, 3, 3, 3, 3, 3, 3, 3, 1, 1, 3, 3, 3, 3, 3, 3]","[0, 1, 1, 2, 2, 3, 3, 4, 4, 5, 5, 6, 6, 7, 7, 8, 8, 9, 8, 10, 10, 11, 11, 12, 12, 13, 13, 14, 14, 15, 8, 16, 16, 17, 17, 18, 18, 19, 19, 20, 20, 21, 21, 1, 7, 2, 15, 10, 21, 16]","[1, 0, 2, 1, 3, 2, 4, 3, 5, 4, 6, 5, 7, 6, 8, 7, 9, 8, 10, 8, 11, 10, 12, 11, 13, 12, 14, 13, 15, 14, 16, 8, 17, 16, 18, 17, 19, 18, 20, 19, 21, 20, 1, 21, 2, 7, 10, 15, 16, 21]",-3.9031
27,60,"[3, 1, 1, 1, 1, 1, 1, 2, 2, 1, 1, 1, 1, 2, 2, 1, 1, 1, 1, 1, 1, 1, 1, 1, 1, 1, 1]","[2, 2, 1, 1, 2, 2, 1, 1, 1, 1, 2, 2, 2, 2, 1, 1, 1, 1, 3, 3, 3, 3, 3, 3, 1, 1, 2, 2, 1, 1, 3, 3, 3, 3, 3, 3, 3, 3, 3, 3, 3, 3, 3, 3, 3, 3, 3, 3, 3, 3, 3, 3, 1, 1, 3, 3, 3, 3, 3, 3]","[0, 1, 1, 2, 2, 3, 3, 4, 4, 5, 5, 6, 4, 7, 7, 8, 8, 9, 9, 10, 10, 11, 11, 12, 12, 13, 13, 14, 14, 15, 15, 16, 16, 17, 17, 18, 18, 19, 19, 20, 12, 21, 21, 22, 22, 23, 23, 24, 24, 25, 25, 26, 6, 1, 26, 9, 20, 15, 26, 21]","[1, 0, 2, 1, 3, 2, 4, 3, 5, 4, 6, 5, 7, 4, 8, 7, 9, 8, 10, 9, 11, 10, 12, 11, 13, 12, 14, 13, 15, 14, 16, 15, 17, 16, 18, 17, 19, 18, 20, 19, 21, 12, 22, 21, 23, 22, 24, 23, 25, 24, 26, 25, 1, 6, 9, 26, 15, 20, 21, 26]",-6.0092
16,34,"[3, 1, 1, 1, 1, 1, 1, 2, 1, 3, 1, 1, 1, 1, 1, 1]","[2, 2, 1, 1, 1, 1, 1, 1, 1, 1, 1, 1, 1, 1, 1, 1, 2, 2, 1, 1, 3, 3, 3, 3, 3, 3, 3, 3, 3, 3, 1, 1, 3, 3]","[0, 1, 1, 2, 2, 3, 3, 4, 4, 5, 5, 6, 6, 7, 7, 8, 8, 9, 8, 10, 10, 11, 11, 12, 12, 13, 13, 14, 14, 15, 7, 1, 15, 10]","[1, 0, 2, 1, 3, 2, 4, 3, 5, 4, 6, 5, 7, 6, 8, 7, 9, 8, 10, 8, 11, 10, 12, 11, 13, 12, 14, 13, 15, 14, 1, 7, 10, 15]",-2.1667
11,22,"[3, 1, 1, 1, 1, 1, 1, 1, 1, 1, 2]","[2, 2, 1, 1, 1, 1, 1, 1, 1, 1, 1, 1, 1, 1, 1, 1, 1, 1, 1, 1, 1, 1]","[0, 1, 1, 2, 2, 3, 3, 4, 4, 5, 5, 6, 6, 7, 7, 8, 8, 9, 9, 10, 10, 1]","[1, 0, 2, 1, 3, 2, 4, 3, 5, 4, 6, 5, 7, 6, 8, 7, 9, 8, 10, 9, 1, 10]",-1.0737
16,34,"[2, 1, 1, 1, 1, 1, 1, 1, 1, 1, 1, 1, 1, 2, 1, 1]","[1, 1, 3, 3, 3, 3, 3, 3, 3, 3, 3, 3, 1, 1, 4, 4, 1, 1, 3, 3, 3, 3, 3, 3, 1, 1, 3, 3, 3, 3, 3, 3, 3, 3]","[0, 1, 1, 2, 2, 3, 3, 4, 4, 5, 5, 6, 4, 7, 7, 8, 8, 9, 9, 10, 10, 11, 11, 12, 12, 13, 12, 14, 14, 15, 6, 1, 15, 9]","[1, 0, 2, 1, 3, 2, 4, 3, 5, 4, 6, 5, 7, 4, 8, 7, 9, 8, 10, 9, 11, 10, 12, 11, 13, 12, 14, 12, 15, 14, 1, 6, 9, 15]",-2.4326
23,48,"[3, 1, 1, 3, 1, 3, 1, 1, 3, 1, 3, 1, 3, 3, 1, 1, 3, 1, 3, 1, 3, 1, 3]","[1, 1, 1, 1, 1, 1, 1, 1, 1, 1, 1, 1, 1, 1, 1, 1, 1, 1, 1, 1, 1, 1, 1, 1, 1, 1, 1, 1, 1, 1, 1, 1, 1, 1, 1, 1, 1, 1, 1, 1, 1, 1, 1, 1, 1, 1, 1, 1]","[0, 1, 1, 2, 2, 3, 3, 4, 4, 5, 5, 6, 6, 7, 7, 8, 7, 9, 9, 10, 9, 11, 11, 12, 11, 13, 13, 14, 14, 15, 15, 16, 4, 17, 17, 18, 17, 19, 19, 20, 19, 21, 21, 22, 21, 2, 14, 6]","[1, 0, 2, 1, 3, 2, 4, 3, 5, 4, 6, 5, 7, 6, 8, 7, 9, 7, 10, 9, 11, 9, 12, 11, 13, 11, 14, 13, 15, 14, 16, 15, 17, 4, 18, 17, 19, 17, 20, 19, 21, 19, 22, 21, 2, 21, 6, 14]",-0.8167
22,50,"[3, 1, 1, 1, 1, 1, 1, 1, 1, 1, 1, 1, 1, 1, 3, 1, 1, 1, 1, 1, 1, 3]","[1, 1, 3, 3, 1, 1, 1, 1, 1, 1, 1, 1, 1, 1, 3, 3, 3, 3, 3, 3, 3, 3, 3, 3, 3, 3, 2, 2, 3, 3, 3, 3, 3, 3, 3, 3, 3, 3, 3, 3, 3, 3, 3, 3, 1, 1, 3, 3, 3, 3]","[0, 1, 1, 2, 2, 3, 3, 4, 4, 5, 5, 6, 6, 7, 7, 8, 8, 9, 9, 10, 10, 11, 11, 12, 2, 13, 13, 14, 13, 15, 15, 16, 16, 17, 17, 18, 18, 19, 19, 20, 20, 21, 21, 1, 12, 3, 12, 7, 20, 15]","[1, 0, 2, 1, 3, 2, 4, 3, 5, 4, 6, 5, 7, 6, 8, 7, 9, 8, 10, 9, 11, 10, 12, 11, 13, 2, 14, 13, 15, 13, 16, 15, 17, 16, 18, 17, 19, 18, 20, 19, 21, 20, 1, 21, 3, 12, 7, 12, 15, 20]",-4.8638
32,64,"[3, 1, 1, 1, 1, 1, 1, 2, 1, 3, 1, 1, 1, 1, 1, 2, 1, 3, 1, 1, 1, 1, 1, 2, 1, 3, 1, 1, 1, 1, 1, 2]","[2, 2, 1, 1, 1, 1, 1, 1, 1, 1, 1, 1, 1, 1, 1, 1, 2, 2, 1, 1, 1, 1, 1, 1, 1, 1, 1, 1, 1, 1, 1, 1, 2, 2, 1, 1, 1, 1, 1, 1, 1, 1, 1, 1, 1, 1, 1, 1, 2, 2, 1, 1, 1, 1, 1, 1, 1, 1, 1, 1, 1, 1, 1, 1]","[0, 1, 1, 2, 2, 3, 3, 4, 4, 5, 5, 6, 6, 7, 7, 8, 8, 9, 8, 10, 10, 11, 11, 12, 12, 13, 13, 14, 14, 15, 15, 16, 16, 17, 16, 18, 18, 19, 19, 20, 20, 21, 21, 22, 22, 23, 23, 24, 24, 25, 24, 26, 26, 27, 27, 28, 28, 29, 29, 30, 30, 31, 31, 1]","[1, 0, 2, 1, 3, 2, 4, 3, 5, 4, 6, 5, 7, 6, 8, 7, 9, 8, 10, 8, 11, 10, 12, 11, 13, 12, 14, 13, 15, 14, 16, 15, 17, 16, 18, 16, 19, 18, 20, 19, 21, 20, 22, 21, 23, 22, 24, 23, 25, 24, 26, 24, 27, 26, 28, 27, 29, 28, 30, 29, 31, 30, 1, 31]",-2.8126
14,32,"[3, 1, 3, 1, 1, 1, 1, 1, 1, 1, 1, 1, 1, 1]","[2, 2, 1, 1, 1, 1, 1, 1, 3, 3, 3, 3, 3, 3, 3, 3, 3, 3, 3, 3, 3, 3, 3, 3, 3, 3, 1, 1, 3, 3, 3, 3]","[0, 1, 1, 2, 2, 3, 3, 4, 4, 5, 5, 6, 6, 7, 7, 8, 8, 9, 9, 10, 10, 11, 11, 12, 12, 13, 13, 1, 13, 4, 12, 7]","[1, 0, 2, 1, 3, 2, 4, 3, 5, 4, 6, 5, 7, 6, 8, 7, 9, 8, 10, 9, 11, 10, 12, 11, 13, 12, 1, 13, 4, 13, 7, 12]",-3.3062
15,32,"[3, 1, 1, 1, 1, 2, 1, 3, 2, 1, 1, 1, 1, 1, 1]","[2, 2, 1, 1, 1, 1, 1, 1, 1, 1, 1, 1, 2, 2, 1, 1, 1, 1, 3, 3, 3, 3, 3, 3, 3, 3, 3, 3, 1, 1, 3, 3]","[0, 1, 1, 2, 2, 3, 3, 4, 4, 5, 4, 6, 6, 7, 6, 8, 8, 9, 9, 10, 10, 11, 11, 12, 12, 13, 13, 14, 5, 1, 14, 9]","[1, 0, 2, 1, 3, 2, 4, 3, 5, 4, 6, 4, 7, 6, 8, 6, 9, 8, 10, 9, 11, 10, 12, 11, 13, 12, 14, 13, 1, 5, 9, 14]",-1.3278
7,14,"[1, 2, 1, 1, 1, 1, 1]","[1, 1, 1, 1, 1, 1, 1, 1, 2, 2, 1, 1, 1, 1]","[0, 1, 1, 2, 2, 3, 3, 4, 4, 5, 5, 6, 5, 1]","[1, 0, 2, 1, 3, 2, 4, 3, 5, 4, 6, 5, 1, 5]",0.1265
15,32,"[3, 8, 3, 2, 1, 1, 1, 1, 1, 1, 1, 1, 1, 1, 1]","[2, 2, 2, 2, 1, 1, 1, 1, 1, 1, 1, 1, 1, 1, 1, 1, 1, 1, 3, 3, 3, 3, 3, 3, 3, 3, 3, 3, 1, 1, 3, 3]","[0, 1, 1, 2, 1, 3, 3, 4, 4, 5, 5, 6, 6, 7, 7, 8, 1, 9, 9, 10, 10, 11, 11, 12, 12, 13, 13, 14, 8, 3, 14, 9]","[1, 0, 2, 1, 3, 1, 4, 3, 5, 4, 6, 5, 7, 6, 8, 7, 9, 1, 10, 9, 11, 10, 12, 11, 13, 12, 14, 13, 3, 8, 9, 14]",-2.5365
23,52,"[1, 1, 1, 1, 1, 1, 2, 8, 1, 8, 1, 1, 1, 1, 1, 1, 2, 1, 1, 1, 1, 1, 1]","[1, 1, 1, 1, 1, 1, 1, 1, 1, 1, 1, 1, 1, 1, 1, 1, 3, 3, 3, 3, 3, 3, 3, 3, 3, 3, 3, 3, 3, 3, 3, 3, 1, 1, 1, 1, 1, 1, 1, 1, 1, 1, 1, 1, 1, 1, 3, 3, 3, 3, 1, 1]","[0, 1, 1, 2, 2, 3, 3, 4, 4, 5, 3, 6, 6, 7, 7, 8, 8, 9, 9, 10, 10, 11, 11, 12, 12, 13, 13, 14, 14, 15, 15, 16, 6, 17, 17, 18, 18, 19, 19, 20, 20, 21, 21, 22, 5, 0, 16, 8, 15, 10, 22, 17]","[1, 0, 2, 1, 3, 2, 4, 3, 5, 4, 6, 3, 7, 6, 8, 7, 9, 8, 10, 9, 11, 10, 12, 11, 13, 12, 14, 13, 15, 14, 16, 15, 17, 6, 18, 17, 19, 18, 20, 19, 21, 20, 22, 21, 0, 5, 8, 16, 10, 15, 17, 22]",-6.7886
21,46,"[3, 7, 3, 1, 1, 1, 1, 1, 1, 2, 1, 1, 3, 1, 1, 2, 1, 1, 3, 1, 1]","[2, 2, 1, 1, 1, 1, 3, 3, 3, 3, 3, 3, 3, 3, 3, 3, 1, 1, 1, 1, 1, 1, 1, 1, 1, 1, 1, 1, 1, 1, 1, 1, 1, 1, 1, 1, 1, 1, 1, 1, 3, 3, 1, 1, 1, 1]","[0, 1, 1, 2, 2, 3, 3, 4, 4, 5, 5, 6, 6, 7, 7, 8, 1, 9, 9, 10, 10, 11, 11, 12, 12, 13, 13, 14, 1, 15, 15, 16, 16, 17, 17, 18, 18, 19, 19, 20, 8, 3, 14, 9, 20, 15]","[1, 0, 2, 1, 3, 2, 4, 3, 5, 4, 6, 5, 7, 6, 8, 7, 9, 1, 10, 9, 11, 10, 12, 11, 13, 12, 14, 13, 15, 1, 16, 15, 17, 16, 18, 17, 19, 18, 20, 19, 3, 8, 9, 14, 15, 20]",0.3925
28,60,"[27, 1, 1, 2, 1, 1, 1, 1, 1, 1, 1, 1, 1, 2, 1, 1, 1, 1, 1, 1, 1, 1, 1, 1, 1, 1, 1, 1]","[1, 1, 1, 1, 1, 1, 2, 2, 1, 1, 2, 2, 1, 1, 2, 2, 1, 1, 3, 3, 3, 3, 3, 3, 1, 1, 1, 1, 3, 3, 3, 3, 3, 3, 3, 3, 3, 3, 3, 3, 1, 1, 3, 3, 3, 3, 3, 3, 3, 3, 3, 3, 1, 1, 3, 3, 3, 3, 3, 3]","[1, 2, 2, 3, 3, 4, 4, 5, 5, 6, 6, 7, 7, 8, 8, 9, 9, 10, 10, 11, 11, 12, 12, 13, 13, 14, 14, 15, 13, 16, 16, 17, 17, 18, 18, 19, 19, 20, 20, 21, 6, 22, 22, 23, 23, 24, 24, 25, 25, 26, 26, 27, 27, 3, 21, 10, 21, 16, 27, 22]","[2, 1, 3, 2, 4, 3, 5, 4, 6, 5, 7, 6, 8, 7, 9, 8, 10, 9, 11, 10, 12, 11, 13, 12, 14, 13, 15, 14, 16, 13, 17, 16, 18, 17, 19, 18, 20, 19, 21, 20, 22, 6, 23, 22, 24, 23, 25, 24, 26, 25, 27, 26, 3, 27, 10, 21, 16, 21, 22, 27]",-2.6816
23,48,"[3, 1, 1, 3, 1, 3, 1, 1, 1, 3, 3, 1, 3, 1, 3, 1, 3, 1, 3, 1, 3, 1, 3]","[1, 1, 1, 1, 1, 1, 1, 1, 1, 1, 1, 1, 1, 1, 1, 1, 1, 1, 1, 1, 1, 1, 1, 1, 1, 1, 1, 1, 1, 1, 1, 1, 1, 1, 1, 1, 1, 1, 1, 1, 1, 1, 1, 1, 1, 1, 1, 1]","[0, 1, 1, 2, 2, 3, 3, 4, 4, 5, 5, 6, 6, 7, 7, 8, 8, 9, 7, 10, 10, 11, 11, 12, 11, 13, 13, 14, 11, 15, 15, 16, 4, 17, 17, 18, 17, 19, 19, 20, 19, 21, 21, 22, 21, 2, 15, 6]","[1, 0, 2, 1, 3, 2, 4, 3, 5, 4, 6, 5, 7, 6, 8, 7, 9, 8, 10, 7, 11, 10, 12, 11, 13, 11, 14, 13, 15, 11, 16, 15, 17, 4, 18, 17, 19, 17, 20, 19, 21, 19, 22, 21, 2, 21, 6, 15]",0.3487
20,44,"[3, 7, 2, 1, 1, 3, 1, 1, 2, 1, 1, 3, 1, 1, 2, 1, 1, 3, 1, 1]","[2, 2, 1, 1, 1, 1, 1, 1, 1, 1, 1, 1, 1, 1, 1, 1, 1, 1, 1, 1, 1, 1, 1, 1, 1, 1, 1, 1, 1, 1, 1, 1, 1, 1, 1, 1, 1, 1, 1, 1, 1, 1, 1, 1]","[0, 1, 1, 2, 2, 3, 3, 4, 4, 5, 5, 6, 6, 7, 1, 8, 8, 9, 9, 10, 10, 11, 11, 12, 12, 13, 1, 14, 14, 15, 15, 16, 16, 17, 17, 18, 18, 19, 7, 2, 13, 8, 19, 14]","[1, 0, 2, 1, 3, 2, 4, 3, 5, 4, 6, 5, 7, 6, 8, 1, 9, 8, 10, 9, 11, 10, 12, 11, 13, 12, 14, 1, 15, 14, 16, 15, 17, 16, 18, 17, 19, 18, 2, 7, 8, 13, 14, 19]",0.2984
20,42,"[3, 1, 3, 1, 1, 1, 1, 2, 1, 2, 1, 1, 1, 1, 1, 1, 1, 6, 6, 6]","[1, 1, 2, 2, 1, 1, 3, 3, 3, 3, 3, 3, 3, 3, 3, 3, 1, 1, 1, 1, 3, 3, 3, 3, 3, 3, 3, 3, 3, 3, 1, 1, 1, 1, 1, 1, 1, 1, 3, 3, 3, 3]","[0, 1, 1, 2, 1, 3, 3, 4, 4, 5, 5, 6, 6, 7, 7, 8, 8, 9, 9, 10, 10, 11, 11, 12, 12, 13, 13, 14, 14, 15, 14, 16, 16, 17, 16, 18, 16, 19, 8, 3, 15, 10]","[1, 0, 2, 1, 3, 1, 4, 3, 5, 4, 6, 5, 7, 6, 8, 7, 9, 8, 10, 9, 11, 10, 12, 11, 13, 12, 14, 13, 15, 14, 16, 14, 17, 16, 18, 16, 19, 16, 3, 8, 10, 15]",-4.1718
24,58,"[1, 1, 1, 1, 3, 2, 1, 1, 1, 1, 1, 3, 1, 1, 1, 1, 2, 1, 1, 1, 1, 1, 1, 1]","[1, 1, 1, 1, 1, 1, 1, 1, 1, 1, 1, 1, 1, 1, 1, 1, 1, 1, 1, 1, 1, 1, 1, 1, 1, 1, 1, 1, 1, 1, 1, 1, 1, 1, 1, 1, 3, 3, 3, 3, 3, 3, 3, 3, 3, 3, 1, 1, 1, 1, 1, 1, 1, 1, 1, 1, 3, 3]","[0, 1, 1, 2, 2, 3, 3, 4, 3, 5, 5, 6, 6, 7, 7, 8, 8, 9, 9, 10, 10, 11, 10, 12, 12, 13, 13, 14, 12, 15, 15, 16, 16, 17, 16, 18, 18, 19, 19, 20, 20, 21, 21, 22, 22, 23, 8, 2, 14, 5, 15, 6, 14, 9, 23, 12, 23, 18]","[1, 0, 2, 1, 3, 2, 4, 3, 5, 3, 6, 5, 7, 6, 8, 7, 9, 8, 10, 9, 11, 10, 12, 10, 13, 12, 14, 13, 15, 12, 16, 15, 17, 16, 18, 16, 19, 18, 20, 19, 21, 20, 22, 21, 23, 22, 2, 8, 5, 14, 6, 15, 9, 14, 12, 23, 18, 23]",-2.8266
14,32,"[3, 1, 1, 1, 1, 3, 1, 1, 1, 1, 1, 1, 1, 1]","[2, 2, 1, 1, 1, 1, 3, 3, 1, 1, 3, 3, 3, 3, 3, 3, 3, 3, 3, 3, 3, 3, 3, 3, 3, 3, 1, 1, 3, 3, 3, 3]","[0, 1, 1, 2, 2, 3, 3, 4, 4, 5, 4, 6, 6, 7, 7, 8, 8, 9, 9, 10, 10, 11, 11, 12, 12, 13, 5, 1, 13, 3, 13, 8]","[1, 0, 2, 1, 3, 2, 4, 3, 5, 4, 6, 4, 7, 6, 8, 7, 9, 8, 10, 9, 11, 10, 12, 11, 13, 12, 1, 5, 3, 13, 8, 13]",-2.7078
17,36,"[3, 2, 3, 1, 3, 1, 1, 1, 1, 2, 2, 1, 1, 1, 3, 1, 3]","[1, 1, 2, 2, 1, 1, 3, 3, 3, 3, 3, 3, 3, 3, 1, 1, 2, 2, 1, 1, 1, 1, 1, 1, 1, 1, 1, 1, 1, 1, 2, 2, 3, 3, 1, 1]","[0, 1, 1, 2, 1, 3, 3, 4, 4, 5, 5, 6, 6, 7, 5, 8, 8, 9, 9, 10, 10, 11, 11, 12, 12, 13, 13, 14, 14, 15, 15, 16, 7, 3, 15, 10]","[1, 0, 2, 1, 3, 1, 4, 3, 5, 4, 6, 5, 7, 6, 8, 5, 9, 8, 10, 9, 11, 10, 12, 11, 13, 12, 14, 13, 15, 14, 16, 15, 3, 7, 10, 15]",-3.4757
15,32,"[4, 4, 1, 1, 1, 2, 1, 2, 1, 2, 1, 2, 1, 1, 1]","[1, 1, 2, 2, 1, 1, 1, 1, 1, 1, 1, 1, 1, 1, 1, 1, 1, 1, 1, 1, 1, 1, 1, 1, 1, 1, 1, 1, 1, 1, 1, 1]","[1, 2, 2, 3, 3, 4, 4, 5, 5, 6, 6, 7, 7, 8, 8, 9, 9, 10, 10, 11, 11, 12, 11, 13, 9, 14, 13, 5, 14, 5, 12, 7]","[2, 1, 3, 2, 4, 3, 5, 4, 6, 5, 7, 6, 8, 7, 9, 8, 10, 9, 11, 10, 12, 11, 13, 11, 14, 9, 5, 13, 5, 14, 7, 12]",0.0829
14,30,"[4, 1, 1, 1, 4, 2, 1, 2, 1, 1, 1, 1, 1, 1]","[1, 1, 3, 3, 3, 3, 1, 1, 3, 3, 3, 3, 3, 3, 1, 1, 3, 3, 3, 3, 3, 3, 3, 3, 3, 3, 3, 3, 3, 3]","[0, 1, 1, 2, 2, 3, 3, 4, 3, 5, 5, 6, 6, 7, 6, 8, 8, 9, 9, 10, 10, 11, 11, 12, 12, 13, 7, 1, 13, 8]","[1, 0, 2, 1, 3, 2, 4, 3, 5, 3, 6, 5, 7, 6, 8, 6, 9, 8, 10, 9, 11, 10, 12, 11, 13, 12, 1, 7, 8, 13]",-4.9544
27,60,"[4, 1, 1, 1, 1, 1, 1, 1, 1, 3, 1, 1, 3, 1, 1, 1, 1, 1, 1, 1, 3, 1, 1, 1, 1, 1, 1]","[1, 1, 3, 3, 3, 3, 3, 3, 3, 3, 3, 3, 1, 1, 1, 1, 2, 2, 1, 1, 1, 1, 2, 2, 1, 1, 3, 3, 3, 3, 3, 3, 3, 3, 3, 3, 1, 1, 2, 2, 1, 1, 3, 3, 3, 3, 3, 3, 3, 3, 3, 3, 3, 3, 1, 1, 3, 3, 3, 3]","[0, 1, 1, 2, 2, 3, 3, 4, 4, 5, 5, 6, 4, 7, 7, 8, 8, 9, 8, 10, 10, 11, 11, 12, 11, 13, 13, 14, 14, 15, 15, 16, 16, 17, 17, 18, 18, 19, 19, 20, 7, 21, 21, 22, 22, 23, 23, 24, 24, 25, 25, 26, 6, 1, 19, 10, 18, 13, 26, 21]","[1, 0, 2, 1, 3, 2, 4, 3, 5, 4, 6, 5, 7, 4, 8, 7, 9, 8, 10, 8, 11, 10, 12, 11, 13, 11, 14, 13, 15, 14, 16, 15, 17, 16, 18, 17, 19, 18, 20, 19, 21, 7, 22, 21, 23, 22, 24, 23, 25, 24, 26, 25, 1, 6, 10, 19, 13, 18, 21, 26]",-3.5738
16,34,"[1, 1, 1, 1, 1, 1, 1, 1, 2, 1, 1, 1, 1, 1, 1, 1]","[1, 1, 1, 1, 3, 3, 3, 3, 3, 3, 3, 3, 3, 3, 1, 1, 1, 1, 1, 1, 3, 3, 3, 3, 3, 3, 3, 3, 3, 3, 3, 3, 3, 3]","[0, 1, 1, 2, 2, 3, 3, 4, 4, 5, 5, 6, 6, 7, 0, 8, 8, 9, 9, 10, 10, 11, 11, 12, 12, 13, 13, 14, 14, 15, 7, 2, 15, 10]","[1, 0, 2, 1, 3, 2, 4, 3, 5, 4, 6, 5, 7, 6, 8, 0, 9, 8, 10, 9, 11, 10, 12, 11, 13, 12, 14, 13, 15, 14, 2, 7, 10, 15]",-2.7229
19,42,"[1, 1, 1, 1, 3, 2, 1, 3, 2, 1, 3, 1, 1, 1, 1, 1, 1, 1, 1]","[1, 1, 1, 1, 1, 1, 2, 2, 1, 1, 1, 1, 2, 2, 1, 1, 1, 1, 2, 2, 1, 1, 2, 2, 1, 1, 1, 1, 1, 1, 1, 1, 1, 1, 1, 1, 1, 1, 1, 1, 1, 1]","[0, 1, 1, 2, 2, 3, 3, 4, 3, 5, 5, 6, 6, 7, 6, 8, 8, 9, 9, 10, 2, 11, 11, 12, 12, 13, 13, 14, 14, 15, 15, 16, 16, 17, 16, 18, 9, 2, 18, 11, 17, 13]","[1, 0, 2, 1, 3, 2, 4, 3, 5, 3, 6, 5, 7, 6, 8, 6, 9, 8, 10, 9, 11, 2, 12, 11, 13, 12, 14, 13, 15, 14, 16, 15, 17, 16, 18, 16, 2, 9, 11, 18, 13, 17]",-2.7696
18,38,"[1, 2, 1, 1, 1, 1, 0, 1, 1, 0, 1, 2, 1, 1, 1, 1, 1, 1]","[1, 1, 1, 1, 1, 1, 3, 3, 3, 3, 1, 1, 3, 3, 3, 3, 1, 1, 3, 3, 1, 1, 1, 1, 1, 1, 1, 1, 1, 1, 1, 1, 1, 1, 3, 3, 1, 1]","[0, 1, 1, 2, 2, 3, 3, 4, 4, 5, 5, 6, 5, 7, 7, 8, 8, 9, 8, 10, 10, 11, 1, 12, 12, 13, 13, 14, 14, 15, 15, 16, 16, 17, 10, 3, 17, 12]","[1, 0, 2, 1, 3, 2, 4, 3, 5, 4, 6, 5, 7, 5, 8, 7, 9, 8, 10, 8, 11, 10, 12, 1, 13, 12, 14, 13, 15, 14, 16, 15, 17, 16, 3, 10, 12, 17]",-1.9733
22,48,"[3, 1, 1, 3, 1, 1, 3, 1, 1, 3, 3, 1, 1, 3, 1, 3, 1, 3, 1, 3, 1, 3]","[1, 1, 1, 1, 1, 1, 1, 1, 1, 1, 1, 1, 1, 1, 1, 1, 1, 1, 1, 1, 1, 1, 1, 1, 1, 1, 1, 1, 1, 1, 1, 1, 1, 1, 1, 1, 1, 1, 1, 1, 1, 1, 1, 1, 1, 1, 1, 1]","[0, 1, 1, 2, 2, 3, 3, 4, 4, 5, 5, 6, 6, 7, 7, 8, 8, 9, 7, 10, 10, 11, 11, 12, 12, 13, 11, 14, 14, 15, 14, 16, 16, 17, 4, 18, 18, 19, 18, 20, 20, 21, 20, 2, 9, 4, 16, 7]","[1, 0, 2, 1, 3, 2, 4, 3, 5, 4, 6, 5, 7, 6, 8, 7, 9, 8, 10, 7, 11, 10, 12, 11, 13, 12, 14, 11, 15, 14, 16, 14, 17, 16, 18, 4, 19, 18, 20, 18, 21, 20, 2, 20, 4, 9, 7, 16]",-0.0058
21,44,"[1, 1, 1, 1, 1, 1, 2, 1, 1, 1, 3, 1, 3, 1, 1, 1, 1, 4, 1, 4, 1]","[1, 1, 1, 1, 1, 1, 1, 1, 1, 1, 1, 1, 1, 1, 1, 1, 1, 1, 1, 1, 1, 1, 2, 2, 1, 1, 3, 3, 3, 3, 3, 3, 1, 1, 3, 3, 1, 1, 3, 3, 1, 1, 3, 3]","[0, 1, 1, 2, 2, 3, 3, 4, 4, 5, 5, 6, 6, 7, 7, 8, 8, 9, 9, 10, 10, 11, 11, 12, 11, 13, 13, 14, 14, 15, 15, 16, 16, 17, 16, 18, 18, 19, 18, 20, 6, 1, 20, 13]","[1, 0, 2, 1, 3, 2, 4, 3, 5, 4, 6, 5, 7, 6, 8, 7, 9, 8, 10, 9, 11, 10, 12, 11, 13, 11, 14, 13, 15, 14, 16, 15, 17, 16, 18, 16, 19, 18, 20, 18, 1, 6, 13, 20]",-4.2178
13,28,"[1, 2, 1, 3, 2, 1, 1, 2, 45, 2, 1, 1, 3]","[1, 1, 3, 3, 2, 2, 3, 3, 1, 1, 3, 3, 3, 3, 3, 3, 3, 3, 3, 3, 3, 3, 2, 2, 3, 3, 3, 3]","[0, 1, 1, 2, 2, 3, 2, 4, 4, 5, 4, 6, 6, 7, 7, 8, 8, 9, 9, 10, 10, 11, 11, 12, 11, 1, 10, 6]","[1, 0, 2, 1, 3, 2, 4, 2, 5, 4, 6, 4, 7, 6, 8, 7, 9, 8, 10, 9, 11, 10, 12, 11, 1, 11, 6, 10]",-2.2994
13,28,"[3, 1, 3, 1, 1, 1, 1, 1, 1, 1, 1, 1, 1]","[1, 1, 2, 2, 1, 1, 2, 2, 1, 1, 1, 1, 1, 1, 3, 3, 3, 3, 3, 3, 3, 3, 3, 3, 1, 1, 3, 3]","[0, 1, 1, 2, 1, 3, 3, 4, 4, 5, 5, 6, 6, 7, 7, 8, 8, 9, 9, 10, 10, 11, 11, 12, 12, 3, 12, 7]","[1, 0, 2, 1, 3, 1, 4, 3, 5, 4, 6, 5, 7, 6, 8, 7, 9, 8, 10, 9, 11, 10, 12, 11, 3, 12, 7, 12]",-2.7939
15,32,"[3, 1, 1, 1, 1, 1, 1, 1, 3, 2, 1, 1, 3, 1, 1]","[1, 1, 3, 3, 3, 3, 3, 3, 3, 3, 3, 3, 1, 1, 2, 2, 1, 1, 1, 1, 1, 1, 1, 1, 1, 1, 1, 1, 3, 3, 1, 1]","[0, 1, 1, 2, 2, 3, 3, 4, 4, 5, 5, 6, 6, 7, 7, 8, 7, 9, 9, 10, 10, 11, 11, 12, 12, 13, 13, 14, 6, 1, 14, 9]","[1, 0, 2, 1, 3, 2, 4, 3, 5, 4, 6, 5, 7, 6, 8, 7, 9, 7, 10, 9, 11, 10, 12, 11, 13, 12, 14, 13, 1, 6, 9, 14]",-1.7037
8,16,"[1, 1, 1, 2, 1, 1, 1, 2]","[1, 1, 1, 1, 1, 1, 1, 1, 1, 1, 1, 1, 1, 1, 1, 1]","[0, 1, 1, 2, 2, 3, 3, 4, 4, 5, 4, 6, 6, 7, 7, 1]","[1, 0, 2, 1, 3, 2, 4, 3, 5, 4, 6, 4, 7, 6, 1, 7]",0.4864
32,66,"[3, 1, 3, 1, 1, 8, 8, 1, 1, 2, 1, 3, 1, 1, 1, 1, 1, 1, 1, 1, 3, 3, 2, 1, 3, 1, 1, 1, 1, 1, 1, 1]","[1, 1, 2, 2, 1, 1, 1, 1, 1, 1, 1, 1, 1, 1, 1, 1, 1, 1, 1, 1, 2, 2, 1, 1, 1, 1, 3, 3, 3, 3, 3, 3, 3, 3, 3, 3, 1, 1, 1, 1, 2, 2, 1, 1, 1, 1, 2, 2, 1, 1, 1, 1, 3, 3, 3, 3, 3, 3, 3, 3, 3, 3, 3, 3, 3, 3]","[0, 1, 1, 2, 1, 3, 3, 4, 4, 5, 5, 6, 6, 7, 7, 8, 8, 9, 9, 10, 10, 11, 10, 12, 12, 13, 13, 14, 14, 15, 15, 16, 16, 17, 17, 18, 8, 19, 19, 20, 19, 21, 3, 22, 22, 23, 23, 24, 23, 25, 25, 26, 26, 27, 27, 28, 28, 29, 29, 30, 30, 31, 18, 13, 31, 26]","[1, 0, 2, 1, 3, 1, 4, 3, 5, 4, 6, 5, 7, 6, 8, 7, 9, 8, 10, 9, 11, 10, 12, 10, 13, 12, 14, 13, 15, 14, 16, 15, 17, 16, 18, 17, 19, 8, 20, 19, 21, 19, 22, 3, 23, 22, 24, 23, 25, 23, 26, 25, 27, 26, 28, 27, 29, 28, 30, 29, 31, 30, 13, 18, 26, 31]",-1.833
38,76,"[9, 9, 9, 3, 8, 3, 3, 1, 1, 1, 1, 1, 1, 3, 1, 2, 2, 1, 1, 1, 1, 1, 1, 1, 1, 1, 1, 8, 3, 3, 3, 1, 1, 1, 8, 3, 3, 3]","[1, 1, 2, 2, 2, 2, 1, 1, 3, 3, 3, 3, 1, 1, 2, 2, 1, 1, 2, 2, 1, 1, 2, 2, 1, 1, 1, 1, 3, 3, 3, 3, 3, 3, 3, 3, 3, 3, 3, 3, 3, 3, 3, 3, 3, 3, 1, 1, 1, 1, 2, 2, 2, 2, 1, 1, 3, 3, 3, 3, 1, 1, 1, 1, 2, 2, 2, 2, 3, 3, 3, 3, 3, 3, 3, 3]","[3, 4, 4, 5, 4, 6, 4, 7, 7, 8, 8, 9, 9, 10, 10, 11, 11, 12, 12, 13, 12, 14, 14, 15, 15, 16, 16, 17, 17, 18, 18, 19, 19, 20, 20, 21, 21, 22, 22, 23, 23, 24, 24, 25, 25, 26, 20, 27, 27, 28, 27, 29, 27, 30, 14, 31, 31, 32, 32, 33, 32, 34, 34, 35, 34, 36, 34, 37, 33, 7, 31, 9, 26, 17, 26, 21]","[4, 3, 5, 4, 6, 4, 7, 4, 8, 7, 9, 8, 10, 9, 11, 10, 12, 11, 13, 12, 14, 12, 15, 14, 16, 15, 17, 16, 18, 17, 19, 18, 20, 19, 21, 20, 22, 21, 23, 22, 24, 23, 25, 24, 26, 25, 27, 20, 28, 27, 29, 27, 30, 27, 31, 14, 32, 31, 33, 32, 34, 32, 35, 34, 36, 34, 37, 34, 7, 33, 9, 31, 17, 26, 21, 26]",-0.8783
15,34,"[1, 1, 1, 1, 1, 2, 1, 8, 1, 3, 8, 1, 2, 1, 1]","[1, 1, 3, 3, 3, 3, 3, 3, 3, 3, 3, 3, 3, 3, 3, 3, 2, 2, 3, 3, 3, 3, 3, 3, 3, 3, 3, 3, 3, 3, 3, 3, 3, 3]","[0, 1, 1, 2, 2, 3, 3, 4, 4, 5, 5, 6, 6, 7, 7, 8, 8, 9, 8, 10, 10, 11, 11, 12, 12, 13, 13, 14, 14, 1, 13, 4, 11, 6]","[1, 0, 2, 1, 3, 2, 4, 3, 5, 4, 6, 5, 7, 6, 8, 7, 9, 8, 10, 8, 11, 10, 12, 11, 13, 12, 14, 13, 1, 14, 4, 13, 6, 11]",-5.3698
22,52,"[4, 1, 4, 1, 4, 1, 4, 1, 4, 1, 4, 4, 1, 4, 1, 4, 1, 4, 1, 4, 1, 4]","[1, 1, 1, 1, 1, 1, 1, 1, 1, 1, 1, 1, 1, 1, 1, 1, 1, 1, 1, 1, 1, 1, 1, 1, 1, 1, 1, 1, 1, 1, 1, 1, 1, 1, 1, 1, 1, 1, 1, 1, 1, 1, 1, 1, 1, 1, 1, 1, 1, 1, 1, 1]","[0, 1, 1, 2, 1, 3, 3, 4, 3, 5, 5, 6, 5, 7, 7, 8, 7, 9, 9, 10, 9, 11, 9, 12, 12, 13, 12, 14, 14, 15, 14, 16, 16, 17, 16, 18, 18, 19, 18, 20, 20, 21, 16, 1, 20, 3, 14, 5, 20, 7, 18, 12]","[1, 0, 2, 1, 3, 1, 4, 3, 5, 3, 6, 5, 7, 5, 8, 7, 9, 7, 10, 9, 11, 9, 12, 9, 13, 12, 14, 12, 15, 14, 16, 14, 17, 16, 18, 16, 19, 18, 20, 18, 21, 20, 1, 16, 3, 20, 5, 14, 7, 20, 12, 18]",-6.8074
10,22,"[8, 1, 2, 1, 1, 1, 1, 1, 1, 3]","[2, 2, 3, 3, 3, 3, 3, 3, 3, 3, 3, 3, 3, 3, 3, 3, 3, 3, 3, 3, 3, 3]","[0, 1, 1, 2, 2, 3, 3, 4, 4, 5, 5, 6, 6, 7, 7, 8, 8, 9, 9, 1, 8, 3]","[1, 0, 2, 1, 3, 2, 4, 3, 5, 4, 6, 5, 7, 6, 8, 7, 9, 8, 1, 9, 3, 8]",-2.1795
20,42,"[4, 1, 1, 4, 1, 4, 1, 1, 4, 4, 1, 4, 1, 1, 4, 1, 1, 4, 4, 4]","[1, 1, 2, 2, 1, 1, 1, 1, 1, 1, 1, 1, 2, 2, 1, 1, 1, 1, 1, 1, 1, 1, 1, 1, 2, 2, 1, 1, 1, 1, 2, 2, 1, 1, 1, 1, 1, 1, 1, 1, 1, 1]","[0, 1, 1, 2, 2, 3, 2, 4, 4, 5, 4, 6, 6, 7, 7, 8, 6, 9, 4, 10, 10, 11, 10, 12, 12, 13, 13, 14, 13, 15, 15, 16, 16, 17, 15, 18, 12, 19, 7, 1, 16, 10]","[1, 0, 2, 1, 3, 2, 4, 2, 5, 4, 6, 4, 7, 6, 8, 7, 9, 6, 10, 4, 11, 10, 12, 10, 13, 12, 14, 13, 15, 13, 16, 15, 17, 16, 18, 15, 19, 12, 1, 7, 10, 16]",-7.2784
17,38,"[3, 1, 2, 1, 1, 1, 1, 1, 1, 3, 2, 1, 1, 1, 1, 1, 1]","[2, 2, 3, 3, 3, 3, 3, 3, 1, 1, 1, 1, 1, 1, 3, 3, 2, 2, 3, 3, 1, 1, 1, 1, 1, 1, 1, 1, 1, 1, 1, 1, 3, 3, 1, 1, 1, 1]","[0, 1, 1, 2, 2, 3, 3, 4, 4, 5, 5, 6, 6, 7, 4, 8, 8, 9, 8, 10, 10, 11, 11, 12, 12, 13, 13, 14, 14, 15, 15, 16, 10, 1, 7, 3, 16, 11]","[1, 0, 2, 1, 3, 2, 4, 3, 5, 4, 6, 5, 7, 6, 8, 4, 9, 8, 10, 8, 11, 10, 12, 11, 13, 12, 14, 13, 15, 14, 16, 15, 1, 10, 3, 7, 11, 16]",-4.5916
21,46,"[2, 8, 3, 3, 1, 1, 1, 1, 1, 2, 1, 1, 1, 1, 1, 1, 1, 3, 1, 1, 4]","[1, 1, 2, 2, 2, 2, 1, 1, 3, 3, 3, 3, 3, 3, 1, 1, 1, 1, 1, 1, 1, 1, 1, 1, 1, 1, 1, 1, 1, 1, 1, 1, 2, 2, 3, 3, 3, 3, 1, 1, 3, 3, 1, 1, 1, 1]","[0, 1, 1, 2, 1, 3, 1, 4, 4, 5, 5, 6, 6, 7, 7, 8, 8, 9, 9, 10, 10, 11, 11, 12, 12, 13, 13, 14, 14, 15, 9, 16, 16, 17, 7, 18, 18, 19, 19, 20, 19, 4, 16, 6, 15, 10]","[1, 0, 2, 1, 3, 1, 4, 1, 5, 4, 6, 5, 7, 6, 8, 7, 9, 8, 10, 9, 11, 10, 12, 11, 13, 12, 14, 13, 15, 14, 16, 9, 17, 16, 18, 7, 19, 18, 20, 19, 4, 19, 6, 16, 10, 15]",-4.3128
13,28,"[3, 1, 1, 2, 1, 8, 2, 1, 1, 1, 1, 1, 1]","[2, 2, 1, 1, 1, 1, 1, 1, 2, 2, 1, 1, 1, 1, 3, 3, 3, 3, 3, 3, 3, 3, 3, 3, 1, 1, 3, 3]","[0, 1, 1, 2, 2, 3, 3, 4, 4, 5, 4, 6, 6, 7, 7, 8, 8, 9, 9, 10, 10, 11, 11, 12, 6, 1, 12, 7]","[1, 0, 2, 1, 3, 2, 4, 3, 5, 4, 6, 4, 7, 6, 8, 7, 9, 8, 10, 9, 11, 10, 12, 11, 1, 6, 7, 12]",-3.2425
17,36,"[1, 1, 1, 1, 1, 1, 1, 2, 1, 3, 2, 1, 1, 1, 1, 1, 1]","[1, 1, 1, 1, 1, 1, 1, 1, 1, 1, 1, 1, 1, 1, 1, 1, 2, 2, 1, 1, 1, 1, 3, 3, 3, 3, 3, 3, 3, 3, 3, 3, 1, 1, 3, 3]","[0, 1, 1, 2, 2, 3, 3, 4, 4, 5, 5, 6, 6, 7, 7, 8, 8, 9, 8, 10, 10, 11, 11, 12, 12, 13, 13, 14, 14, 15, 15, 16, 6, 1, 16, 11]","[1, 0, 2, 1, 3, 2, 4, 3, 5, 4, 6, 5, 7, 6, 8, 7, 9, 8, 10, 8, 11, 10, 12, 11, 13, 12, 14, 13, 15, 14, 16, 15, 1, 6, 11, 16]",-4.1108
18,34,"[30, 4, 1, 2, 1, 1, 1, 1, 1, 1, 3, 1, 1, 1, 1, 1, 1, 4]","[1, 1, 1, 1, 1, 1, 1, 1, 1, 1, 1, 1, 1, 1, 2, 2, 1, 1, 3, 3, 3, 3, 3, 3, 3, 3, 3, 3, 1, 1, 1, 1, 3, 3]","[2, 3, 3, 4, 4, 5, 5, 6, 6, 7, 7, 8, 8, 9, 9, 10, 4, 11, 11, 12, 12, 13, 13, 14, 14, 15, 15, 16, 16, 17, 9, 4, 16, 11]","[3, 2, 4, 3, 5, 4, 6, 5, 7, 6, 8, 7, 9, 8, 10, 9, 11, 4, 12, 11, 13, 12, 14, 13, 15, 14, 16, 15, 17, 16, 4, 9, 11, 16]",-0.1369999999999999
35,78,"[6, 1, 1, 1, 1, 1, 1, 1, 1, 1, 1, 2, 1, 1, 1, 1, 1, 2, 1, 2, 1, 3, 1, 1, 1, 1, 1, 1, 1, 1, 1, 1, 6, 1, 1]","[1, 1, 3, 3, 3, 3, 3, 3, 3, 3, 3, 3, 1, 1, 1, 1, 1, 1, 1, 1, 1, 1, 1, 1, 1, 1, 1, 1, 1, 1, 1, 1, 1, 1, 1, 1, 1, 1, 1, 1, 2, 2, 1, 1, 3, 3, 3, 3, 3, 3, 3, 3, 3, 3, 1, 1, 3, 3, 3, 3, 3, 3, 1, 1, 3, 3, 3, 3, 3, 3, 1, 1, 1, 1, 3, 3, 3, 3]","[0, 1, 1, 2, 2, 3, 3, 4, 4, 5, 5, 6, 4, 7, 7, 8, 8, 9, 9, 10, 10, 11, 11, 12, 12, 13, 13, 14, 14, 15, 15, 16, 14, 17, 17, 18, 18, 19, 19, 20, 20, 21, 17, 22, 22, 23, 23, 24, 24, 25, 25, 26, 26, 27, 7, 28, 28, 29, 29, 30, 30, 31, 31, 32, 31, 33, 33, 34, 6, 1, 16, 11, 20, 14, 27, 22, 34, 28]","[1, 0, 2, 1, 3, 2, 4, 3, 5, 4, 6, 5, 7, 4, 8, 7, 9, 8, 10, 9, 11, 10, 12, 11, 13, 12, 14, 13, 15, 14, 16, 15, 17, 14, 18, 17, 19, 18, 20, 19, 21, 20, 22, 17, 23, 22, 24, 23, 25, 24, 26, 25, 27, 26, 28, 7, 29, 28, 30, 29, 31, 30, 32, 31, 33, 31, 34, 33, 1, 6, 11, 16, 14, 20, 22, 27, 28, 34]",-4.6772
10,22,"[1, 2, 2, 1, 2, 1, 2, 2, 1, 2]","[1, 1, 1, 1, 1, 1, 1, 1, 1, 1, 1, 1, 1, 1, 1, 1, 1, 1, 1, 1, 1, 1]","[0, 1, 1, 2, 2, 3, 3, 4, 4, 5, 5, 6, 6, 7, 7, 8, 8, 9, 9, 0, 9, 4]","[1, 0, 2, 1, 3, 2, 4, 3, 5, 4, 6, 5, 7, 6, 8, 7, 9, 8, 0, 9, 4, 9]",-0.0128
22,48,"[1, 1, 1, 1, 1, 1, 1, 1, 1, 1, 1, 1, 1, 1, 1, 1, 1, 1, 1, 3, 3, 1]","[1, 1, 1, 1, 1, 1, 3, 3, 3, 3, 3, 3, 3, 3, 1, 1, 1, 1, 1, 1, 1, 1, 1, 1, 1, 1, 1, 1, 1, 1, 1, 1, 1, 1, 1, 1, 1, 1, 2, 2, 3, 3, 3, 3, 1, 1, 1, 1]","[0, 1, 1, 2, 1, 3, 3, 4, 4, 5, 5, 6, 6, 7, 7, 8, 8, 9, 9, 10, 10, 11, 11, 12, 11, 13, 13, 14, 14, 15, 15, 16, 16, 17, 11, 18, 18, 19, 18, 20, 7, 21, 21, 3, 16, 6, 16, 10]","[1, 0, 2, 1, 3, 1, 4, 3, 5, 4, 6, 5, 7, 6, 8, 7, 9, 8, 10, 9, 11, 10, 12, 11, 13, 11, 14, 13, 15, 14, 16, 15, 17, 16, 18, 11, 19, 18, 20, 18, 21, 7, 3, 21, 6, 16, 10, 16]",-4.6582
11,26,"[1, 1, 1, 1, 1, 1, 3, 1, 1, 1, 1]","[1, 1, 1, 1, 1, 1, 1, 1, 1, 1, 1, 1, 1, 1, 1, 1, 1, 1, 1, 1, 1, 1, 1, 1, 1, 1]","[0, 1, 1, 2, 1, 3, 3, 4, 4, 5, 5, 6, 6, 7, 7, 8, 7, 9, 9, 10, 9, 1, 10, 3, 7, 5]","[1, 0, 2, 1, 3, 1, 4, 3, 5, 4, 6, 5, 7, 6, 8, 7, 9, 7, 10, 9, 1, 9, 3, 10, 5, 7]",-2.5937
13,28,"[3, 1, 1, 1, 1, 1, 1, 1, 1, 1, 1, 1, 1]","[2, 2, 1, 1, 1, 1, 1, 1, 1, 1, 1, 1, 1, 1, 2, 2, 1, 1, 1, 1, 1, 1, 1, 1, 1, 1, 1, 1]","[0, 1, 1, 2, 2, 3, 3, 4, 4, 5, 5, 6, 6, 7, 7, 8, 8, 9, 9, 10, 10, 11, 11, 12, 6, 1, 12, 7]","[1, 0, 2, 1, 3, 2, 4, 3, 5, 4, 6, 5, 7, 6, 8, 7, 9, 8, 10, 9, 11, 10, 12, 11, 1, 6, 7, 12]",-2.774
25,56,"[1, 1, 2, 1, 1, 3, 1, 1, 1, 1, 1, 1, 1, 1, 1, 1, 1, 1, 1, 1, 1, 1, 1, 1, 1]","[1, 1, 1, 1, 1, 1, 1, 1, 1, 1, 1, 1, 1, 1, 3, 3, 3, 3, 3, 3, 3, 3, 3, 3, 1, 1, 3, 3, 3, 3, 3, 3, 3, 3, 3, 3, 1, 1, 3, 3, 3, 3, 3, 3, 3, 3, 3, 3, 1, 1, 3, 3, 3, 3, 3, 3]","[0, 1, 1, 2, 2, 3, 3, 4, 4, 5, 2, 6, 6, 7, 7, 8, 8, 9, 9, 10, 10, 11, 11, 12, 6, 13, 13, 14, 14, 15, 15, 16, 16, 17, 17, 18, 6, 19, 19, 20, 20, 21, 21, 22, 22, 23, 23, 24, 5, 0, 12, 7, 18, 13, 24, 19]","[1, 0, 2, 1, 3, 2, 4, 3, 5, 4, 6, 2, 7, 6, 8, 7, 9, 8, 10, 9, 11, 10, 12, 11, 13, 6, 14, 13, 15, 14, 16, 15, 17, 16, 18, 17, 19, 6, 20, 19, 21, 20, 22, 21, 23, 22, 24, 23, 0, 5, 7, 12, 13, 18, 19, 24]",-7.2168
30,66,"[3, 1, 1, 3, 1, 1, 3, 1, 3, 1, 3, 1, 1, 1, 1, 1, 1, 3, 1, 1, 3, 1, 1, 3, 1, 1, 1, 3, 1, 1]","[1, 1, 1, 1, 1, 1, 1, 1, 1, 1, 1, 1, 1, 1, 1, 1, 1, 1, 1, 1, 1, 1, 1, 1, 3, 3, 3, 3, 3, 3, 3, 3, 1, 1, 3, 3, 1, 1, 2, 2, 1, 1, 3, 3, 1, 1, 3, 3, 3, 3, 1, 1, 1, 1, 3, 3, 3, 3, 1, 1, 1, 1, 3, 3, 3, 3]","[0, 1, 1, 2, 2, 3, 3, 4, 4, 5, 5, 6, 5, 7, 7, 8, 7, 9, 9, 10, 4, 11, 11, 12, 12, 13, 13, 14, 14, 15, 15, 16, 16, 17, 16, 18, 18, 19, 19, 20, 19, 21, 21, 22, 22, 23, 22, 24, 24, 25, 25, 26, 26, 27, 25, 28, 28, 29, 9, 2, 29, 11, 18, 12, 29, 21]","[1, 0, 2, 1, 3, 2, 4, 3, 5, 4, 6, 5, 7, 5, 8, 7, 9, 7, 10, 9, 11, 4, 12, 11, 13, 12, 14, 13, 15, 14, 16, 15, 17, 16, 18, 16, 19, 18, 20, 19, 21, 19, 22, 21, 23, 22, 24, 22, 25, 24, 26, 25, 27, 26, 28, 25, 29, 28, 2, 9, 11, 29, 12, 18, 21, 29]",-1.7025
35,76,"[1, 1, 1, 1, 3, 3, 1, 3, 1, 1, 1, 3, 1, 1, 3, 1, 3, 1, 1, 3, 1, 1, 3, 1, 3, 1, 3, 1, 3, 1, 3, 1, 1, 3, 1]","[1, 1, 3, 3, 1, 1, 1, 1, 2, 2, 3, 3, 1, 1, 3, 3, 3, 3, 1, 1, 2, 2, 1, 1, 3, 3, 1, 1, 3, 3, 1, 1, 3, 3, 1, 1, 1, 1, 1, 1, 1, 1, 1, 1, 1, 1, 1, 1, 1, 1, 1, 1, 1, 1, 1, 1, 3, 3, 1, 1, 3, 3, 1, 1, 2, 2, 1, 1, 3, 3, 3, 3, 3, 3, 1, 1]","[0, 1, 1, 2, 2, 3, 3, 4, 3, 5, 2, 6, 6, 7, 6, 8, 8, 9, 9, 10, 10, 11, 10, 12, 12, 13, 13, 14, 13, 15, 15, 16, 15, 17, 17, 18, 18, 19, 19, 20, 20, 21, 21, 22, 20, 23, 23, 24, 23, 25, 25, 26, 25, 27, 27, 28, 17, 29, 29, 30, 29, 31, 31, 32, 32, 33, 32, 34, 34, 1, 34, 9, 31, 12, 27, 18]","[1, 0, 2, 1, 3, 2, 4, 3, 5, 3, 6, 2, 7, 6, 8, 6, 9, 8, 10, 9, 11, 10, 12, 10, 13, 12, 14, 13, 15, 13, 16, 15, 17, 15, 18, 17, 19, 18, 20, 19, 21, 20, 22, 21, 23, 20, 24, 23, 25, 23, 26, 25, 27, 25, 28, 27, 29, 17, 30, 29, 31, 29, 32, 31, 33, 32, 34, 32, 1, 34, 9, 34, 12, 31, 18, 27]",-2.5784
35,76,"[1, 1, 1, 1, 3, 3, 1, 3, 1, 1, 1, 3, 1, 1, 3, 1, 3, 1, 1, 3, 1, 1, 3, 1, 3, 1, 3, 1, 3, 1, 3, 1, 1, 3, 1]","[1, 1, 3, 3, 1, 1, 1, 1, 2, 2, 3, 3, 1, 1, 3, 3, 3, 3, 1, 1, 2, 2, 1, 1, 3, 3, 1, 1, 3, 3, 1, 1, 3, 3, 1, 1, 1, 1, 1, 1, 1, 1, 1, 1, 1, 1, 1, 1, 1, 1, 1, 1, 1, 1, 1, 1, 3, 3, 1, 1, 3, 3, 1, 1, 2, 2, 1, 1, 3, 3, 3, 3, 3, 3, 1, 1]","[0, 1, 1, 2, 2, 3, 3, 4, 3, 5, 2, 6, 6, 7, 6, 8, 8, 9, 9, 10, 10, 11, 10, 12, 12, 13, 13, 14, 13, 15, 15, 16, 15, 17, 17, 18, 18, 19, 19, 20, 20, 21, 21, 22, 20, 23, 23, 24, 23, 25, 25, 26, 25, 27, 27, 28, 17, 29, 29, 30, 29, 31, 31, 32, 32, 33, 32, 34, 34, 1, 34, 9, 31, 12, 27, 18]","[1, 0, 2, 1, 3, 2, 4, 3, 5, 3, 6, 2, 7, 6, 8, 6, 9, 8, 10, 9, 11, 10, 12, 10, 13, 12, 14, 13, 15, 13, 16, 15, 17, 15, 18, 17, 19, 18, 20, 19, 21, 20, 22, 21, 23, 20, 24, 23, 25, 23, 26, 25, 27, 25, 28, 27, 29, 17, 30, 29, 31, 29, 32, 31, 33, 32, 34, 32, 1, 34, 9, 34, 12, 31, 18, 27]",-2.5784
29,64,"[1, 2, 2, 1, 3, 1, 1, 1, 1, 1, 1, 1, 2, 1, 2, 1, 3, 1, 1, 1, 1, 1, 1, 1, 1, 1, 1, 1, 1]","[1, 1, 3, 3, 3, 3, 2, 2, 3, 3, 3, 3, 1, 1, 1, 1, 1, 1, 3, 3, 1, 1, 3, 3, 1, 1, 3, 3, 3, 3, 2, 2, 1, 1, 3, 3, 3, 3, 3, 3, 3, 3, 3, 3, 1, 1, 3, 3, 3, 3, 3, 3, 3, 3, 3, 3, 3, 3, 3, 3, 3, 3, 3, 3]","[0, 1, 1, 2, 2, 3, 3, 4, 3, 5, 5, 6, 6, 7, 5, 8, 8, 9, 9, 10, 10, 11, 10, 12, 12, 13, 12, 14, 14, 15, 15, 16, 14, 17, 17, 18, 18, 19, 19, 20, 20, 21, 21, 22, 2, 23, 23, 24, 24, 25, 25, 26, 26, 27, 27, 28, 6, 1, 15, 9, 22, 17, 28, 23]","[1, 0, 2, 1, 3, 2, 4, 3, 5, 3, 6, 5, 7, 6, 8, 5, 9, 8, 10, 9, 11, 10, 12, 10, 13, 12, 14, 12, 15, 14, 16, 15, 17, 14, 18, 17, 19, 18, 20, 19, 21, 20, 22, 21, 23, 2, 24, 23, 25, 24, 26, 25, 27, 26, 28, 27, 1, 6, 9, 15, 17, 22, 23, 28]",-2.9549
25,54,"[0, 1, 1, 2, 1, 1, 1, 2, 1, 1, 1, 1, 1, 1, 1, 2, 1, 1, 1, 1, 1, 1, 1, 1, 1]","[1, 1, 1, 1, 3, 3, 3, 3, 3, 3, 1, 1, 3, 3, 3, 3, 3, 3, 3, 3, 3, 3, 3, 3, 3, 3, 1, 1, 3, 3, 3, 3, 3, 3, 1, 1, 3, 3, 3, 3, 3, 3, 3, 3, 3, 3, 3, 3, 3, 3, 3, 3, 3, 3]","[1, 2, 2, 3, 3, 4, 4, 5, 5, 6, 6, 7, 6, 8, 8, 9, 9, 10, 10, 11, 11, 12, 12, 13, 13, 14, 14, 15, 14, 16, 16, 17, 17, 18, 18, 19, 19, 20, 20, 21, 21, 22, 22, 23, 23, 24, 18, 3, 10, 4, 17, 11, 24, 19]","[2, 1, 3, 2, 4, 3, 5, 4, 6, 5, 7, 6, 8, 6, 9, 8, 10, 9, 11, 10, 12, 11, 13, 12, 14, 13, 15, 14, 16, 14, 17, 16, 18, 17, 19, 18, 20, 19, 21, 20, 22, 21, 23, 22, 24, 23, 3, 18, 4, 10, 11, 17, 19, 24]",-1.2948
19,42,"[1, 1, 1, 3, 1, 1, 1, 1, 1, 1, 1, 1, 1, 1, 1, 1, 1, 1, 1]","[1, 1, 1, 1, 1, 1, 1, 1, 1, 1, 3, 3, 3, 3, 3, 3, 3, 3, 3, 3, 1, 1, 1, 1, 1, 1, 1, 1, 1, 1, 1, 1, 1, 1, 1, 1, 1, 1, 3, 3, 1, 1]","[0, 1, 1, 2, 2, 3, 3, 4, 4, 5, 5, 6, 6, 7, 7, 8, 8, 9, 9, 10, 8, 11, 11, 12, 11, 13, 11, 14, 14, 15, 14, 16, 16, 17, 16, 18, 10, 1, 10, 5, 16, 7]","[1, 0, 2, 1, 3, 2, 4, 3, 5, 4, 6, 5, 7, 6, 8, 7, 9, 8, 10, 9, 11, 8, 12, 11, 13, 11, 14, 11, 15, 14, 16, 14, 17, 16, 18, 16, 1, 10, 5, 10, 7, 16]",-5.1693
39,88,"[1, 3, 1, 1, 3, 1, 1, 3, 1, 3, 1, 1, 1, 1, 1, 3, 1, 1, 1, 1, 1, 1, 1, 1, 1, 1, 1, 1, 1, 3, 1, 1, 1, 3, 3, 1, 1, 1, 3]","[1, 1, 1, 1, 1, 1, 1, 1, 1, 1, 1, 1, 1, 1, 1, 1, 1, 1, 1, 1, 1, 1, 1, 1, 1, 1, 1, 1, 2, 2, 1, 1, 1, 1, 1, 1, 1, 1, 1, 1, 1, 1, 1, 1, 1, 1, 1, 1, 1, 1, 1, 1, 1, 1, 1, 1, 1, 1, 1, 1, 2, 2, 1, 1, 2, 2, 1, 1, 1, 1, 1, 1, 1, 1, 1, 1, 1, 1, 1, 1, 1, 1, 1, 1, 1, 1, 1, 1]","[0, 1, 1, 2, 2, 3, 3, 4, 3, 5, 5, 6, 5, 7, 7, 8, 8, 9, 9, 10, 10, 11, 11, 12, 12, 13, 13, 14, 14, 15, 13, 16, 16, 17, 17, 18, 18, 19, 19, 20, 20, 21, 21, 22, 22, 23, 23, 24, 23, 25, 25, 26, 26, 27, 27, 28, 28, 29, 25, 30, 30, 31, 31, 32, 32, 33, 32, 34, 34, 35, 16, 36, 8, 37, 37, 38, 37, 2, 36, 10, 20, 13, 28, 19, 28, 23, 35, 30]","[1, 0, 2, 1, 3, 2, 4, 3, 5, 3, 6, 5, 7, 5, 8, 7, 9, 8, 10, 9, 11, 10, 12, 11, 13, 12, 14, 13, 15, 14, 16, 13, 17, 16, 18, 17, 19, 18, 20, 19, 21, 20, 22, 21, 23, 22, 24, 23, 25, 23, 26, 25, 27, 26, 28, 27, 29, 28, 30, 25, 31, 30, 32, 31, 33, 32, 34, 32, 35, 34, 36, 16, 37, 8, 38, 37, 2, 37, 10, 36, 13, 20, 19, 28, 23, 28, 30, 35]",-3.1373
21,44,"[1, 1, 1, 1, 1, 1, 1, 8, 3, 3, 2, 1, 3, 2, 2, 1, 1, 1, 1, 1, 1]","[1, 1, 3, 3, 3, 3, 3, 3, 3, 3, 3, 3, 1, 1, 2, 2, 2, 2, 1, 1, 1, 1, 2, 2, 1, 1, 1, 1, 1, 1, 1, 1, 1, 1, 1, 1, 1, 1, 1, 1, 3, 3, 1, 1]","[0, 1, 1, 2, 2, 3, 3, 4, 4, 5, 5, 6, 4, 7, 7, 8, 7, 9, 7, 10, 10, 11, 11, 12, 11, 13, 13, 14, 14, 15, 15, 16, 16, 17, 17, 18, 18, 19, 19, 20, 6, 1, 20, 14]","[1, 0, 2, 1, 3, 2, 4, 3, 5, 4, 6, 5, 7, 4, 8, 7, 9, 7, 10, 7, 11, 10, 12, 11, 13, 11, 14, 13, 15, 14, 16, 15, 17, 16, 18, 17, 19, 18, 20, 19, 1, 6, 14, 20]",-3.6778
15,32,"[4, 25, 4, 1, 1, 1, 1, 1, 1, 1, 1, 1, 1, 1, 1]","[1, 1, 1, 1, 1, 1, 3, 3, 3, 3, 3, 3, 3, 3, 3, 3, 1, 1, 3, 3, 3, 3, 3, 3, 3, 3, 3, 3, 3, 3, 3, 3]","[0, 1, 1, 2, 1, 3, 3, 4, 4, 5, 5, 6, 6, 7, 7, 8, 1, 9, 9, 10, 10, 11, 11, 12, 12, 13, 13, 14, 8, 3, 14, 9]","[1, 0, 2, 1, 3, 1, 4, 3, 5, 4, 6, 5, 7, 6, 8, 7, 9, 1, 10, 9, 11, 10, 12, 11, 13, 12, 14, 13, 3, 8, 9, 14]",-3.8373
7,14,"[8, 1, 2, 2, 1, 8, 8]","[2, 2, 3, 3, 3, 3, 3, 3, 2, 2, 3, 3, 3, 3]","[0, 1, 1, 2, 2, 3, 3, 4, 4, 5, 4, 6, 6, 1]","[1, 0, 2, 1, 3, 2, 4, 3, 5, 4, 6, 4, 1, 6]",-0.7552
20,42,"[1, 2, 1, 7, 3, 2, 1, 1, 2, 2, 1, 2, 1, 2, 1, 1, 1, 1, 1, 1]","[1, 1, 1, 1, 1, 1, 2, 2, 1, 1, 1, 1, 1, 1, 1, 1, 3, 3, 3, 3, 3, 3, 3, 3, 1, 1, 1, 1, 3, 3, 3, 3, 3, 3, 3, 3, 3, 3, 3, 3, 3, 3]","[0, 1, 1, 2, 1, 3, 3, 4, 3, 5, 5, 6, 5, 7, 3, 8, 8, 9, 9, 10, 10, 11, 11, 12, 12, 13, 10, 14, 14, 15, 15, 16, 16, 17, 17, 18, 18, 19, 12, 8, 19, 14]","[1, 0, 2, 1, 3, 1, 4, 3, 5, 3, 6, 5, 7, 5, 8, 3, 9, 8, 10, 9, 11, 10, 12, 11, 13, 12, 14, 10, 15, 14, 16, 15, 17, 16, 18, 17, 19, 18, 8, 12, 14, 19]",-3.0709
18,42,"[4, 1, 1, 3, 1, 1, 1, 1, 4, 1, 1, 4, 1, 4, 1, 4, 4, 4]","[1, 1, 1, 1, 1, 1, 1, 1, 1, 1, 1, 1, 1, 1, 1, 1, 1, 1, 2, 2, 1, 1, 1, 1, 1, 1, 1, 1, 1, 1, 1, 1, 1, 1, 1, 1, 1, 1, 1, 1, 1, 1]","[0, 1, 1, 2, 2, 3, 3, 4, 4, 5, 5, 6, 6, 7, 7, 8, 7, 9, 9, 10, 10, 11, 10, 12, 12, 13, 12, 14, 14, 15, 14, 16, 9, 17, 6, 1, 4, 2, 12, 5, 14, 7]","[1, 0, 2, 1, 3, 2, 4, 3, 5, 4, 6, 5, 7, 6, 8, 7, 9, 7, 10, 9, 11, 10, 12, 10, 13, 12, 14, 12, 15, 14, 16, 14, 17, 9, 1, 6, 2, 4, 5, 12, 7, 14]",-6.2893
17,38,"[3, 1, 3, 1, 2, 1, 1, 1, 1, 1, 1, 1, 1, 1, 1, 1, 1]","[2, 2, 3, 3, 3, 3, 3, 3, 3, 3, 3, 3, 3, 3, 3, 3, 3, 3, 3, 3, 1, 1, 3, 3, 3, 3, 3, 3, 3, 3, 3, 3, 3, 3, 3, 3, 3, 3]","[0, 1, 1, 2, 2, 3, 3, 4, 4, 5, 5, 6, 6, 7, 7, 8, 8, 9, 9, 10, 3, 11, 11, 12, 12, 13, 13, 14, 14, 15, 15, 16, 10, 1, 10, 5, 16, 11]","[1, 0, 2, 1, 3, 2, 4, 3, 5, 4, 6, 5, 7, 6, 8, 7, 9, 8, 10, 9, 11, 3, 12, 11, 13, 12, 14, 13, 15, 14, 16, 15, 1, 10, 5, 10, 11, 16]",-4.6084
12,24,"[3, 1, 1, 1, 1, 1, 1, 1, 1, 1, 1, 2]","[2, 2, 1, 1, 1, 1, 1, 1, 1, 1, 1, 1, 1, 1, 1, 1, 1, 1, 1, 1, 1, 1, 1, 1]","[0, 1, 1, 2, 2, 3, 3, 4, 4, 5, 5, 6, 6, 7, 7, 8, 8, 9, 9, 10, 10, 11, 11, 1]","[1, 0, 2, 1, 3, 2, 4, 3, 5, 4, 6, 5, 7, 6, 8, 7, 9, 8, 10, 9, 11, 10, 1, 11]",-1.8862
11,24,"[3, 8, 3, 2, 1, 1, 1, 1, 1, 1, 1]","[2, 2, 2, 2, 1, 1, 1, 1, 1, 1, 3, 3, 3, 3, 3, 3, 3, 3, 3, 3, 1, 1, 3, 3]","[0, 1, 1, 2, 1, 3, 3, 4, 4, 5, 5, 6, 6, 7, 7, 8, 8, 9, 9, 10, 10, 1, 10, 5]","[1, 0, 2, 1, 3, 1, 4, 3, 5, 4, 6, 5, 7, 6, 8, 7, 9, 8, 10, 9, 1, 10, 5, 10]",-1.5208
10,20,"[3, 1, 1, 1, 1, 1, 1, 1, 1, 2]","[2, 2, 1, 1, 1, 1, 1, 1, 1, 1, 1, 1, 1, 1, 1, 1, 1, 1, 1, 1]","[0, 1, 1, 2, 2, 3, 3, 4, 4, 5, 5, 6, 6, 7, 7, 8, 8, 9, 9, 1]","[1, 0, 2, 1, 3, 2, 4, 3, 5, 4, 6, 5, 7, 6, 8, 7, 9, 8, 1, 9]",0.6329
32,70,"[1, 2, 1, 1, 1, 1, 3, 1, 1, 1, 1, 1, 1, 1, 1, 3, 1, 1, 1, 1, 3, 1, 3, 1, 3, 1, 1, 2, 3, 1, 3, 3]","[1, 1, 1, 1, 1, 1, 1, 1, 1, 1, 1, 1, 1, 1, 1, 1, 2, 2, 1, 1, 3, 3, 3, 3, 3, 3, 3, 3, 1, 1, 3, 3, 1, 1, 2, 2, 1, 1, 2, 2, 1, 1, 1, 1, 1, 1, 2, 2, 1, 1, 2, 2, 1, 1, 1, 1, 1, 1, 2, 2, 1, 1, 1, 1, 1, 1, 1, 1, 3, 3]","[0, 1, 1, 2, 1, 3, 3, 4, 4, 5, 5, 6, 5, 7, 7, 8, 8, 9, 8, 10, 10, 11, 11, 12, 12, 13, 13, 14, 14, 15, 14, 16, 16, 17, 17, 18, 18, 19, 19, 20, 19, 21, 21, 22, 21, 23, 23, 24, 23, 25, 25, 26, 26, 27, 26, 28, 25, 29, 29, 30, 17, 31, 29, 3, 21, 4, 18, 7, 16, 10]","[1, 0, 2, 1, 3, 1, 4, 3, 5, 4, 6, 5, 7, 5, 8, 7, 9, 8, 10, 8, 11, 10, 12, 11, 13, 12, 14, 13, 15, 14, 16, 14, 17, 16, 18, 17, 19, 18, 20, 19, 21, 19, 22, 21, 23, 21, 24, 23, 25, 23, 26, 25, 27, 26, 28, 26, 29, 25, 30, 29, 31, 17, 3, 29, 4, 21, 7, 18, 10, 16]",-1.768
14,32,"[1, 1, 1, 1, 1, 1, 1, 1, 1, 1, 1, 1, 1, 1]","[1, 1, 1, 1, 3, 3, 3, 3, 3, 3, 3, 3, 3, 3, 1, 1, 3, 3, 3, 3, 3, 3, 3, 3, 3, 3, 1, 1, 3, 3, 3, 3]","[0, 1, 1, 2, 2, 3, 3, 4, 4, 5, 5, 6, 6, 7, 7, 8, 8, 9, 9, 10, 10, 11, 11, 12, 12, 13, 13, 0, 7, 2, 13, 8]","[1, 0, 2, 1, 3, 2, 4, 3, 5, 4, 6, 5, 7, 6, 8, 7, 9, 8, 10, 9, 11, 10, 12, 11, 13, 12, 0, 13, 2, 7, 8, 13]",-4.6347
10,22,"[1, 1, 1, 1, 2, 1, 1, 1, 1, 1]","[1, 1, 1, 1, 1, 1, 1, 1, 1, 1, 1, 1, 1, 1, 1, 1, 1, 1, 1, 1, 1, 1]","[0, 1, 1, 2, 2, 3, 3, 4, 4, 5, 5, 6, 6, 7, 7, 8, 8, 9, 9, 0, 8, 3]","[1, 0, 2, 1, 3, 2, 4, 3, 5, 4, 6, 5, 7, 6, 8, 7, 9, 8, 0, 9, 3, 8]",-1.0831
9,18,"[1, 1, 2, 1, 1, 8, 1, 1, 8]","[1, 1, 1, 1, 1, 1, 1, 1, 1, 1, 1, 1, 1, 1, 1, 1, 1, 1]","[0, 1, 1, 2, 2, 3, 3, 4, 3, 5, 5, 6, 6, 7, 6, 8, 8, 1]","[1, 0, 2, 1, 3, 2, 4, 3, 5, 3, 6, 5, 7, 6, 8, 6, 1, 8]",-1.3679
16,36,"[3, 1, 1, 1, 1, 2, 1, 1, 1, 1, 3, 1, 1, 3, 1, 1]","[1, 1, 3, 3, 3, 3, 3, 3, 3, 3, 3, 3, 3, 3, 3, 3, 3, 3, 2, 2, 3, 3, 3, 3, 3, 3, 3, 3, 3, 3, 3, 3, 3, 3, 1, 1]","[0, 1, 1, 2, 2, 3, 3, 4, 4, 5, 5, 6, 6, 7, 7, 8, 8, 9, 9, 10, 9, 11, 11, 12, 12, 13, 13, 14, 14, 15, 15, 1, 14, 4, 12, 6]","[1, 0, 2, 1, 3, 2, 4, 3, 5, 4, 6, 5, 7, 6, 8, 7, 9, 8, 10, 9, 11, 9, 12, 11, 13, 12, 14, 13, 15, 14, 1, 15, 4, 14, 6, 12]",-1.0277
43,92,"[1, 1, 1, 1, 1, 1, 2, 1, 3, 1, 1, 2, 1, 1, 1, 2, 1, 1, 1, 2, 1, 3, 1, 1, 1, 1, 1, 1, 1, 1, 1, 1, 1, 3, 3, 1, 1, 1, 1, 3, 3, 1, 1]","[1, 1, 2, 2, 1, 1, 2, 2, 1, 1, 1, 1, 1, 1, 2, 2, 2, 2, 1, 1, 3, 3, 3, 3, 1, 1, 1, 1, 3, 3, 3, 3, 1, 1, 2, 2, 1, 1, 1, 1, 2, 2, 1, 1, 2, 2, 1, 1, 1, 1, 2, 2, 3, 3, 1, 1, 3, 3, 1, 1, 1, 1, 1, 1, 1, 1, 2, 2, 3, 3, 1, 1, 1, 1, 1, 1, 1, 1, 2, 2, 3, 3, 1, 1, 1, 1, 3, 3, 3, 3, 1, 1]","[0, 1, 1, 2, 2, 3, 3, 4, 2, 5, 5, 6, 6, 7, 7, 8, 5, 9, 9, 10, 10, 11, 11, 12, 12, 13, 13, 14, 14, 15, 15, 16, 16, 17, 17, 18, 18, 19, 19, 20, 20, 21, 20, 22, 22, 23, 23, 24, 22, 25, 25, 26, 16, 27, 27, 28, 27, 29, 29, 30, 30, 31, 31, 32, 32, 33, 32, 34, 12, 35, 35, 36, 36, 37, 37, 38, 38, 39, 38, 40, 35, 41, 41, 42, 7, 1, 41, 10, 29, 14, 23, 18]","[1, 0, 2, 1, 3, 2, 4, 3, 5, 2, 6, 5, 7, 6, 8, 7, 9, 5, 10, 9, 11, 10, 12, 11, 13, 12, 14, 13, 15, 14, 16, 15, 17, 16, 18, 17, 19, 18, 20, 19, 21, 20, 22, 20, 23, 22, 24, 23, 25, 22, 26, 25, 27, 16, 28, 27, 29, 27, 30, 29, 31, 30, 32, 31, 33, 32, 34, 32, 35, 12, 36, 35, 37, 36, 38, 37, 39, 38, 40, 38, 41, 35, 42, 41, 1, 7, 10, 41, 14, 29, 18, 23]",-4.8127
17,36,"[1, 1, 1, 1, 2, 8, 3, 3, 1, 1, 1, 1, 2, 1, 1, 8, 2]","[1, 1, 3, 3, 3, 3, 1, 1, 1, 1, 2, 2, 2, 2, 1, 1, 3, 3, 3, 3, 3, 3, 1, 1, 3, 3, 3, 3, 3, 3, 3, 3, 3, 3, 3, 3]","[0, 1, 1, 2, 2, 3, 3, 4, 4, 5, 5, 6, 5, 7, 5, 8, 8, 9, 9, 10, 10, 11, 11, 12, 11, 13, 13, 14, 3, 15, 15, 16, 16, 1, 14, 8]","[1, 0, 2, 1, 3, 2, 4, 3, 5, 4, 6, 5, 7, 5, 8, 5, 9, 8, 10, 9, 11, 10, 12, 11, 13, 11, 14, 13, 15, 3, 16, 15, 1, 16, 8, 14]",-1.0762
22,48,"[3, 1, 1, 1, 1, 1, 1, 1, 1, 1, 1, 1, 3, 1, 1, 1, 1, 1, 1, 3, 1, 1]","[1, 1, 3, 3, 3, 3, 3, 3, 3, 3, 3, 3, 1, 1, 1, 1, 3, 3, 3, 3, 3, 3, 1, 1, 3, 3, 3, 3, 2, 2, 1, 1, 2, 2, 1, 1, 2, 2, 1, 1, 2, 2, 3, 3, 3, 3, 1, 1]","[0, 1, 1, 2, 2, 3, 3, 4, 4, 5, 5, 6, 4, 7, 7, 8, 8, 9, 9, 10, 10, 11, 11, 12, 11, 13, 13, 14, 7, 15, 15, 16, 16, 17, 17, 18, 18, 19, 18, 20, 20, 21, 6, 1, 14, 8, 21, 15]","[1, 0, 2, 1, 3, 2, 4, 3, 5, 4, 6, 5, 7, 4, 8, 7, 9, 8, 10, 9, 11, 10, 12, 11, 13, 11, 14, 13, 15, 7, 16, 15, 17, 16, 18, 17, 19, 18, 20, 18, 21, 20, 1, 6, 8, 14, 15, 21]",-2.3837
18,38,"[1, 1, 1, 1, 1, 1, 1, 8, 3, 3, 3, 1, 1, 1, 1, 1, 1, 1]","[1, 1, 3, 3, 3, 3, 3, 3, 3, 3, 3, 3, 1, 1, 2, 2, 2, 2, 1, 1, 1, 1, 3, 3, 3, 3, 3, 3, 3, 3, 3, 3, 1, 1, 3, 3, 3, 3]","[0, 1, 1, 2, 2, 3, 3, 4, 4, 5, 5, 6, 4, 7, 7, 8, 7, 9, 7, 10, 10, 11, 11, 12, 12, 13, 13, 14, 14, 15, 15, 16, 16, 17, 6, 1, 16, 11]","[1, 0, 2, 1, 3, 2, 4, 3, 5, 4, 6, 5, 7, 4, 8, 7, 9, 7, 10, 7, 11, 10, 12, 11, 13, 12, 14, 13, 15, 14, 16, 15, 17, 16, 1, 6, 11, 16]",-3.9417
23,48,"[3, 1, 1, 3, 1, 3, 1, 1, 3, 1, 3, 1, 3, 1, 3, 1, 3, 1, 3, 1, 3, 1, 3]","[1, 1, 1, 1, 1, 1, 1, 1, 1, 1, 1, 1, 1, 1, 1, 1, 1, 1, 1, 1, 1, 1, 1, 1, 1, 1, 1, 1, 1, 1, 1, 1, 1, 1, 1, 1, 1, 1, 1, 1, 1, 1, 1, 1, 1, 1, 1, 1]","[0, 1, 1, 2, 2, 3, 3, 4, 4, 5, 5, 6, 6, 7, 7, 8, 8, 9, 9, 10, 9, 11, 11, 12, 11, 13, 13, 14, 13, 15, 15, 16, 4, 17, 17, 18, 17, 19, 19, 20, 19, 21, 21, 22, 21, 2, 15, 7]","[1, 0, 2, 1, 3, 2, 4, 3, 5, 4, 6, 5, 7, 6, 8, 7, 9, 8, 10, 9, 11, 9, 12, 11, 13, 11, 14, 13, 15, 13, 16, 15, 17, 4, 18, 17, 19, 17, 20, 19, 21, 19, 22, 21, 2, 21, 7, 15]",0.4656
10,22,"[8, 1, 2, 1, 1, 2, 1, 2, 1, 2]","[2, 2, 3, 3, 3, 3, 3, 3, 3, 3, 3, 3, 3, 3, 3, 3, 3, 3, 3, 3, 3, 3]","[0, 1, 1, 2, 2, 3, 3, 4, 4, 5, 5, 6, 6, 7, 7, 8, 8, 9, 9, 1, 8, 3]","[1, 0, 2, 1, 3, 2, 4, 3, 5, 4, 6, 5, 7, 6, 8, 7, 9, 8, 1, 9, 3, 8]",-2.5243
12,26,"[1, 1, 1, 1, 2, 1, 1, 1, 1, 1, 2, 1]","[3, 3, 3, 3, 3, 3, 3, 3, 3, 3, 1, 1, 3, 3, 3, 3, 3, 3, 3, 3, 3, 3, 3, 3, 3, 3]","[0, 1, 1, 2, 2, 3, 3, 4, 4, 5, 3, 6, 6, 7, 7, 8, 8, 9, 9, 10, 10, 11, 5, 0, 11, 6]","[1, 0, 2, 1, 3, 2, 4, 3, 5, 4, 6, 3, 7, 6, 8, 7, 9, 8, 10, 9, 11, 10, 0, 5, 6, 11]",-0.5916
12,26,"[1, 2, 1, 1, 1, 1, 1, 1, 1, 1, 2, 1]","[1, 1, 1, 1, 1, 1, 1, 1, 2, 2, 1, 1, 3, 3, 3, 3, 3, 3, 3, 3, 3, 3, 1, 1, 3, 3]","[0, 1, 1, 2, 2, 3, 3, 4, 4, 5, 2, 6, 6, 7, 7, 8, 8, 9, 9, 10, 10, 11, 5, 0, 11, 6]","[1, 0, 2, 1, 3, 2, 4, 3, 5, 4, 6, 2, 7, 6, 8, 7, 9, 8, 10, 9, 11, 10, 0, 5, 6, 11]",0.7953
6,14,"[1, 3, 1, 1, 1, 3]","[1, 1, 1, 1, 1, 1, 1, 1, 1, 1, 1, 1, 1, 1]","[0, 1, 1, 2, 2, 3, 3, 4, 4, 5, 2, 0, 5, 3]","[1, 0, 2, 1, 3, 2, 4, 3, 5, 4, 0, 2, 3, 5]",1.065
16,34,"[3, 2, 3, 1, 3, 1, 1, 1, 1, 2, 2, 1, 1, 2, 1, 3]","[1, 1, 2, 2, 1, 1, 3, 3, 3, 3, 3, 3, 3, 3, 1, 1, 2, 2, 1, 1, 1, 1, 1, 1, 1, 1, 1, 1, 2, 2, 3, 3, 1, 1]","[0, 1, 1, 2, 1, 3, 3, 4, 4, 5, 5, 6, 6, 7, 5, 8, 8, 9, 9, 10, 10, 11, 11, 12, 12, 13, 13, 14, 14, 15, 7, 3, 14, 10]","[1, 0, 2, 1, 3, 1, 4, 3, 5, 4, 6, 5, 7, 6, 8, 5, 9, 8, 10, 9, 11, 10, 12, 11, 13, 12, 14, 13, 15, 14, 3, 7, 10, 14]",-3.3572
11,24,"[1, 2, 1, 1, 1, 1, 1, 1, 1, 3, 1]","[1, 1, 1, 1, 1, 1, 1, 1, 1, 1, 1, 1, 1, 1, 1, 1, 2, 2, 1, 1, 1, 1, 1, 1]","[0, 1, 1, 2, 2, 3, 3, 4, 4, 5, 5, 6, 6, 7, 7, 8, 8, 9, 8, 10, 6, 1, 10, 2]","[1, 0, 2, 1, 3, 2, 4, 3, 5, 4, 6, 5, 7, 6, 8, 7, 9, 8, 10, 8, 1, 6, 2, 10]",0.4167
30,66,"[1, 1, 3, 1, 3, 1, 1, 1, 3, 3, 1, 1, 1, 1, 1, 1, 1, 3, 1, 1, 3, 3, 1, 1, 1, 1, 1, 1, 1, 3]","[1, 1, 1, 1, 1, 1, 2, 2, 1, 1, 1, 1, 3, 3, 1, 1, 3, 3, 3, 3, 3, 3, 3, 3, 3, 3, 3, 3, 3, 3, 3, 3, 2, 2, 1, 1, 3, 3, 1, 1, 3, 3, 3, 3, 3, 3, 3, 3, 3, 3, 3, 3, 3, 3, 3, 3, 2, 2, 3, 3, 3, 3, 3, 3, 3, 3]","[0, 1, 1, 2, 2, 3, 3, 4, 3, 5, 5, 6, 6, 7, 7, 8, 7, 9, 9, 10, 10, 11, 11, 12, 12, 13, 13, 14, 14, 15, 15, 16, 16, 17, 5, 18, 18, 19, 19, 20, 19, 21, 21, 22, 22, 23, 23, 24, 24, 25, 25, 26, 26, 27, 27, 28, 28, 29, 16, 6, 15, 10, 28, 18, 27, 22]","[1, 0, 2, 1, 3, 2, 4, 3, 5, 3, 6, 5, 7, 6, 8, 7, 9, 7, 10, 9, 11, 10, 12, 11, 13, 12, 14, 13, 15, 14, 16, 15, 17, 16, 18, 5, 19, 18, 20, 19, 21, 19, 22, 21, 23, 22, 24, 23, 25, 24, 26, 25, 27, 26, 28, 27, 29, 28, 6, 16, 10, 15, 18, 28, 22, 27]",-3.4264
7,14,"[1, 1, 1, 1, 3, 1, 3]","[2, 2, 1, 1, 1, 1, 1, 1, 1, 1, 2, 2, 1, 1]","[0, 1, 1, 2, 2, 3, 3, 4, 4, 5, 5, 6, 5, 1]","[1, 0, 2, 1, 3, 2, 4, 3, 5, 4, 6, 5, 1, 5]",0.1844
20,40,"[1, 11, 1, 3, 11, 1, 1, 3, 11, 1, 1, 3, 11, 1, 1, 3, 11, 1, 1, 3]","[1, 1, 1, 1, 1, 1, 1, 1, 1, 1, 1, 1, 1, 1, 1, 1, 1, 1, 1, 1, 1, 1, 1, 1, 1, 1, 1, 1, 1, 1, 1, 1, 1, 1, 1, 1, 1, 1, 1, 1]","[0, 1, 1, 2, 1, 3, 3, 4, 4, 5, 4, 6, 4, 7, 7, 8, 8, 9, 8, 10, 8, 11, 11, 12, 12, 13, 12, 14, 12, 15, 15, 16, 16, 17, 16, 18, 16, 19, 19, 1]","[1, 0, 2, 1, 3, 1, 4, 3, 5, 4, 6, 4, 7, 4, 8, 7, 9, 8, 10, 8, 11, 8, 12, 11, 13, 12, 14, 12, 15, 12, 16, 15, 17, 16, 18, 16, 19, 16, 1, 19]",-7.3387
24,48,"[1, 11, 1, 3, 11, 1, 1, 3, 11, 1, 1, 3, 11, 1, 1, 3, 11, 1, 1, 3, 11, 1, 1, 3]","[1, 1, 1, 1, 1, 1, 1, 1, 1, 1, 1, 1, 1, 1, 1, 1, 1, 1, 1, 1, 1, 1, 1, 1, 1, 1, 1, 1, 1, 1, 1, 1, 1, 1, 1, 1, 1, 1, 1, 1, 1, 1, 1, 1, 1, 1, 1, 1]","[0, 1, 1, 2, 1, 3, 3, 4, 4, 5, 4, 6, 4, 7, 7, 8, 8, 9, 8, 10, 8, 11, 11, 12, 12, 13, 12, 14, 12, 15, 15, 16, 16, 17, 16, 18, 16, 19, 19, 20, 20, 21, 20, 22, 20, 23, 23, 1]","[1, 0, 2, 1, 3, 1, 4, 3, 5, 4, 6, 4, 7, 4, 8, 7, 9, 8, 10, 8, 11, 8, 12, 11, 13, 12, 14, 12, 15, 12, 16, 15, 17, 16, 18, 16, 19, 16, 20, 19, 21, 20, 22, 20, 23, 20, 1, 23]",-7.9407
11,22,"[4, 2, 1, 1, 1, 0, 1, 3, 1, 1, 0]","[1, 1, 2, 2, 1, 1, 2, 2, 1, 1, 1, 1, 2, 2, 1, 1, 2, 2, 1, 1, 1, 1]","[0, 1, 1, 2, 2, 3, 3, 4, 4, 5, 4, 6, 6, 7, 6, 8, 8, 9, 8, 10, 9, 2]","[1, 0, 2, 1, 3, 2, 4, 3, 5, 4, 6, 4, 7, 6, 8, 6, 9, 8, 10, 8, 2, 9]",-3.7068
9,18,"[1, 2, 1, 8, 1, 8, 2, 1, 1]","[1, 1, 1, 1, 1, 1, 1, 1, 2, 2, 1, 1, 1, 1, 1, 1, 1, 1]","[0, 1, 1, 2, 2, 3, 3, 4, 4, 5, 4, 6, 6, 7, 6, 8, 8, 1]","[1, 0, 2, 1, 3, 2, 4, 3, 5, 4, 6, 4, 7, 6, 8, 6, 1, 8]",-1.7331
25,58,"[3, 1, 1, 1, 1, 1, 3, 1, 1, 1, 3, 1, 1, 1, 1, 3, 1, 3, 1, 1, 1, 1, 1, 1, 1]","[1, 1, 3, 3, 3, 3, 3, 3, 3, 3, 1, 1, 1, 1, 3, 3, 3, 3, 1, 1, 3, 3, 3, 3, 3, 3, 1, 1, 1, 1, 1, 1, 2, 2, 1, 1, 3, 3, 3, 3, 3, 3, 3, 3, 3, 3, 3, 3, 3, 3, 1, 1, 3, 3, 1, 1, 3, 3]","[0, 1, 1, 2, 2, 3, 3, 4, 4, 5, 5, 6, 6, 7, 7, 8, 8, 9, 9, 10, 9, 11, 11, 12, 12, 13, 13, 14, 14, 15, 15, 16, 16, 17, 16, 18, 18, 19, 19, 20, 20, 21, 21, 22, 22, 23, 5, 24, 24, 1, 14, 4, 13, 7, 23, 14, 23, 18]","[1, 0, 2, 1, 3, 2, 4, 3, 5, 4, 6, 5, 7, 6, 8, 7, 9, 8, 10, 9, 11, 9, 12, 11, 13, 12, 14, 13, 15, 14, 16, 15, 17, 16, 18, 16, 19, 18, 20, 19, 21, 20, 22, 21, 23, 22, 24, 5, 1, 24, 4, 14, 7, 13, 14, 23, 18, 23]",-3.8226
22,48,"[1, 1, 1, 1, 1, 1, 1, 1, 1, 1, 1, 1, 1, 1, 1, 1, 1, 3, 3, 1, 1, 1]","[1, 1, 1, 1, 1, 1, 2, 2, 1, 1, 2, 2, 1, 1, 1, 1, 1, 1, 1, 1, 1, 1, 1, 1, 1, 1, 1, 1, 1, 1, 1, 1, 1, 1, 2, 2, 1, 1, 1, 1, 1, 1, 1, 1, 1, 1, 1, 1]","[0, 1, 1, 2, 1, 3, 3, 4, 4, 5, 5, 6, 6, 7, 7, 8, 8, 9, 9, 10, 9, 11, 11, 12, 12, 13, 13, 14, 14, 15, 14, 16, 16, 17, 16, 18, 9, 19, 19, 20, 20, 21, 21, 3, 19, 5, 14, 8]","[1, 0, 2, 1, 3, 1, 4, 3, 5, 4, 6, 5, 7, 6, 8, 7, 9, 8, 10, 9, 11, 9, 12, 11, 13, 12, 14, 13, 15, 14, 16, 14, 17, 16, 18, 16, 19, 9, 20, 19, 21, 20, 3, 21, 5, 19, 8, 14]",-3.7959
34,72,"[3, 1, 1, 3, 1, 3, 1, 1, 3, 1, 3, 1, 1, 3, 3, 1, 1, 3, 1, 3, 1, 3, 1, 3, 1, 3, 1, 3, 1, 3, 1, 3, 1, 3]","[1, 1, 1, 1, 1, 1, 1, 1, 1, 1, 1, 1, 1, 1, 1, 1, 1, 1, 1, 1, 1, 1, 1, 1, 1, 1, 1, 1, 1, 1, 1, 1, 1, 1, 1, 1, 1, 1, 1, 1, 1, 1, 1, 1, 1, 1, 1, 1, 1, 1, 1, 1, 1, 1, 1, 1, 1, 1, 1, 1, 1, 1, 1, 1, 1, 1, 1, 1, 1, 1, 1, 1]","[0, 1, 1, 2, 2, 3, 3, 4, 4, 5, 5, 6, 6, 7, 7, 8, 8, 9, 9, 10, 10, 11, 11, 12, 12, 13, 11, 14, 14, 15, 15, 16, 16, 17, 15, 18, 18, 19, 18, 20, 20, 21, 9, 22, 22, 23, 22, 24, 24, 25, 24, 26, 26, 27, 4, 28, 28, 29, 28, 30, 30, 31, 30, 32, 32, 33, 32, 2, 26, 7, 20, 11]","[1, 0, 2, 1, 3, 2, 4, 3, 5, 4, 6, 5, 7, 6, 8, 7, 9, 8, 10, 9, 11, 10, 12, 11, 13, 12, 14, 11, 15, 14, 16, 15, 17, 16, 18, 15, 19, 18, 20, 18, 21, 20, 22, 9, 23, 22, 24, 22, 25, 24, 26, 24, 27, 26, 28, 4, 29, 28, 30, 28, 31, 30, 32, 30, 33, 32, 2, 32, 7, 26, 11, 20]",-0.3962
30,70,"[1, 1, 1, 1, 1, 3, 1, 3, 1, 1, 1, 1, 1, 1, 1, 1, 1, 3, 1, 1, 1, 1, 1, 1, 1, 1, 1, 1, 1, 1]","[1, 1, 1, 1, 1, 1, 1, 1, 1, 1, 1, 1, 1, 1, 1, 1, 1, 1, 1, 1, 1, 1, 1, 1, 1, 1, 2, 2, 1, 1, 1, 1, 1, 1, 1, 1, 1, 1, 1, 1, 1, 1, 1, 1, 1, 1, 1, 1, 1, 1, 1, 1, 1, 1, 1, 1, 1, 1, 1, 1, 1, 1, 1, 1, 1, 1, 1, 1, 1, 1]","[0, 1, 1, 2, 2, 3, 3, 4, 4, 5, 5, 6, 4, 7, 7, 8, 8, 9, 9, 10, 10, 11, 11, 12, 12, 13, 13, 14, 14, 15, 15, 16, 16, 17, 16, 18, 18, 19, 19, 20, 20, 21, 20, 22, 22, 23, 23, 24, 24, 25, 25, 26, 25, 27, 27, 28, 28, 29, 6, 1, 28, 4, 27, 8, 25, 10, 22, 11, 20, 14]","[1, 0, 2, 1, 3, 2, 4, 3, 5, 4, 6, 5, 7, 4, 8, 7, 9, 8, 10, 9, 11, 10, 12, 11, 13, 12, 14, 13, 15, 14, 16, 15, 17, 16, 18, 16, 19, 18, 20, 19, 21, 20, 22, 20, 23, 22, 24, 23, 25, 24, 26, 25, 27, 25, 28, 27, 29, 28, 1, 6, 4, 28, 8, 27, 10, 25, 11, 22, 14, 20]",-7.3166
17,36,"[1, 1, 1, 2, 1, 1, 1, 1, 1, 1, 3, 2, 1, 3, 2, 1, 3]","[1, 1, 1, 1, 1, 1, 1, 1, 1, 1, 1, 1, 1, 1, 1, 1, 1, 1, 2, 2, 1, 1, 1, 1, 2, 2, 1, 1, 1, 1, 2, 2, 1, 1, 1, 1]","[0, 1, 1, 2, 2, 3, 3, 4, 4, 5, 5, 6, 6, 7, 7, 8, 2, 9, 9, 10, 9, 11, 11, 12, 12, 13, 12, 14, 14, 15, 15, 16, 15, 2, 8, 3]","[1, 0, 2, 1, 3, 2, 4, 3, 5, 4, 6, 5, 7, 6, 8, 7, 9, 2, 10, 9, 11, 9, 12, 11, 13, 12, 14, 12, 15, 14, 16, 15, 2, 15, 3, 8]",-2.1562
29,68,"[1, 2, 1, 1, 1, 1, 3, 1, 1, 3, 1, 1, 2, 1, 1, 3, 1, 1, 1, 1, 1, 1, 1, 1, 1, 1, 1, 3, 1]","[1, 1, 1, 1, 1, 1, 1, 1, 1, 1, 1, 1, 1, 1, 3, 3, 1, 1, 1, 1, 1, 1, 1, 1, 1, 1, 1, 1, 1, 1, 1, 1, 1, 1, 3, 3, 3, 3, 3, 3, 1, 1, 1, 1, 1, 1, 1, 1, 2, 2, 1, 1, 1, 1, 3, 3, 1, 1, 1, 1, 1, 1, 1, 1, 3, 3, 1, 1]","[0, 1, 1, 2, 2, 3, 3, 4, 4, 5, 5, 6, 6, 7, 7, 8, 8, 9, 9, 10, 10, 11, 11, 12, 12, 13, 13, 14, 14, 15, 15, 16, 16, 17, 8, 18, 18, 19, 19, 20, 20, 21, 21, 22, 22, 23, 23, 24, 24, 25, 25, 26, 26, 27, 20, 28, 22, 1, 23, 4, 28, 4, 26, 5, 28, 7, 17, 12]","[1, 0, 2, 1, 3, 2, 4, 3, 5, 4, 6, 5, 7, 6, 8, 7, 9, 8, 10, 9, 11, 10, 12, 11, 13, 12, 14, 13, 15, 14, 16, 15, 17, 16, 18, 8, 19, 18, 20, 19, 21, 20, 22, 21, 23, 22, 24, 23, 25, 24, 26, 25, 27, 26, 28, 20, 1, 22, 4, 23, 4, 28, 5, 26, 7, 28, 12, 17]",-1.2994
4,8,"[1, 1, 3, 1]","[1, 1, 1, 1, 1, 1, 1, 1]","[0, 1, 1, 2, 2, 3, 3, 0]","[1, 0, 2, 1, 3, 2, 0, 3]",1.236
18,38,"[1, 1, 1, 1, 1, 1, 1, 1, 2, 3, 1, 3, 1, 1, 1, 1, 1, 1]","[1, 1, 1, 1, 1, 1, 1, 1, 1, 1, 1, 1, 1, 1, 1, 1, 1, 1, 1, 1, 2, 2, 1, 1, 3, 3, 3, 3, 3, 3, 3, 3, 3, 3, 1, 1, 3, 3]","[0, 1, 1, 2, 2, 3, 3, 4, 4, 5, 5, 6, 5, 7, 5, 8, 3, 9, 9, 10, 10, 11, 10, 12, 12, 13, 13, 14, 14, 15, 15, 16, 16, 17, 8, 1, 17, 12]","[1, 0, 2, 1, 3, 2, 4, 3, 5, 4, 6, 5, 7, 5, 8, 5, 9, 3, 10, 9, 11, 10, 12, 10, 13, 12, 14, 13, 15, 14, 16, 15, 17, 16, 1, 8, 12, 17]",-1.922
14,28,"[3, 1, 3, 1, 3, 1, 1, 1, 3, 1, 3, 1, 3, 3]","[1, 1, 1, 1, 2, 2, 1, 1, 1, 1, 2, 2, 1, 1, 2, 2, 1, 1, 2, 2, 1, 1, 1, 1, 2, 2, 1, 1]","[0, 1, 1, 2, 1, 3, 3, 4, 4, 5, 5, 6, 6, 7, 7, 8, 7, 9, 9, 10, 5, 11, 11, 12, 11, 13, 9, 3]","[1, 0, 2, 1, 3, 1, 4, 3, 5, 4, 6, 5, 7, 6, 8, 7, 9, 7, 10, 9, 11, 5, 12, 11, 13, 11, 3, 9]",-1.3769999999999998
9,20,"[1, 1, 1, 1, 1, 1, 1, 1, 2]","[1, 1, 1, 1, 3, 3, 3, 3, 3, 3, 3, 3, 3, 3, 1, 1, 1, 1, 3, 3]","[0, 1, 1, 2, 2, 3, 3, 4, 4, 5, 5, 6, 6, 7, 7, 8, 8, 0, 7, 2]","[1, 0, 2, 1, 3, 2, 4, 3, 5, 4, 6, 5, 7, 6, 8, 7, 0, 8, 2, 7]",-1.0427
18,38,"[3, 1, 2, 2, 1, 1, 1, 1, 1, 1, 1, 3, 1, 1, 1, 2, 1, 1]","[2, 2, 1, 1, 1, 1, 1, 1, 2, 2, 1, 1, 2, 2, 1, 1, 2, 2, 1, 1, 2, 2, 1, 1, 3, 3, 3, 3, 3, 3, 3, 3, 3, 3, 1, 1, 3, 3]","[0, 1, 1, 2, 2, 3, 3, 4, 4, 5, 5, 6, 6, 7, 7, 8, 8, 9, 9, 10, 10, 11, 1, 12, 12, 13, 13, 14, 14, 15, 15, 16, 16, 17, 10, 5, 17, 12]","[1, 0, 2, 1, 3, 2, 4, 3, 5, 4, 6, 5, 7, 6, 8, 7, 9, 8, 10, 9, 11, 10, 12, 1, 13, 12, 14, 13, 15, 14, 16, 15, 17, 16, 5, 10, 12, 17]",-3.6835
18,38,"[3, 2, 1, 1, 1, 1, 2, 2, 1, 3, 1, 1, 1, 1, 1, 1, 1, 1]","[2, 2, 1, 1, 3, 3, 3, 3, 3, 3, 1, 1, 1, 1, 1, 1, 2, 2, 1, 1, 3, 3, 3, 3, 3, 3, 3, 3, 3, 3, 3, 3, 3, 3, 3, 3, 3, 3]","[0, 1, 1, 2, 2, 3, 3, 4, 4, 5, 5, 6, 6, 7, 7, 8, 8, 9, 8, 10, 10, 11, 11, 12, 12, 13, 13, 14, 14, 15, 5, 16, 16, 17, 17, 2, 15, 10]","[1, 0, 2, 1, 3, 2, 4, 3, 5, 4, 6, 5, 7, 6, 8, 7, 9, 8, 10, 8, 11, 10, 12, 11, 13, 12, 14, 13, 15, 14, 16, 5, 17, 16, 2, 17, 10, 15]",-4.6835
12,26,"[1, 1, 1, 1, 2, 1, 1, 1, 1, 1, 2, 1]","[1, 1, 1, 1, 1, 1, 1, 1, 1, 1, 1, 1, 3, 3, 3, 3, 3, 3, 3, 3, 3, 3, 1, 1, 3, 3]","[0, 1, 1, 2, 2, 3, 3, 4, 4, 5, 3, 6, 6, 7, 7, 8, 8, 9, 9, 10, 10, 11, 5, 0, 11, 6]","[1, 0, 2, 1, 3, 2, 4, 3, 5, 4, 6, 3, 7, 6, 8, 7, 9, 8, 10, 9, 11, 10, 0, 5, 6, 11]",0.7898
14,30,"[3, 1, 1, 1, 3, 1, 1, 1, 1, 1, 1, 1, 1, 1]","[1, 1, 2, 2, 1, 1, 2, 2, 1, 1, 1, 1, 1, 1, 1, 1, 3, 3, 3, 3, 3, 3, 3, 3, 3, 3, 1, 1, 3, 3]","[0, 1, 1, 2, 2, 3, 3, 4, 3, 5, 5, 6, 6, 7, 6, 8, 8, 9, 9, 10, 10, 11, 11, 12, 12, 13, 7, 1, 13, 8]","[1, 0, 2, 1, 3, 2, 4, 3, 5, 3, 6, 5, 7, 6, 8, 6, 9, 8, 10, 9, 11, 10, 12, 11, 13, 12, 1, 7, 8, 13]",-2.5113
14,30,"[2, 1, 2, 1, 3, 1, 1, 2, 2, 1, 3, 1, 3, 2]","[1, 1, 3, 3, 3, 3, 2, 2, 3, 3, 3, 3, 3, 3, 3, 3, 3, 3, 2, 2, 3, 3, 2, 2, 3, 3, 3, 3, 3, 3]","[0, 1, 1, 2, 2, 3, 3, 4, 3, 5, 5, 6, 6, 7, 6, 8, 8, 9, 9, 10, 9, 11, 11, 12, 11, 13, 7, 1, 13, 5]","[1, 0, 2, 1, 3, 2, 4, 3, 5, 3, 6, 5, 7, 6, 8, 6, 9, 8, 10, 9, 11, 9, 12, 11, 13, 11, 1, 7, 5, 13]",-5.1655
11,24,"[3, 1, 2, 1, 1, 1, 1, 1, 1, 1, 1]","[2, 2, 3, 3, 3, 3, 3, 3, 3, 3, 3, 3, 3, 3, 3, 3, 3, 3, 3, 3, 3, 3, 3, 3]","[0, 1, 1, 2, 2, 3, 3, 4, 4, 5, 5, 6, 6, 7, 7, 8, 8, 9, 9, 10, 10, 1, 10, 5]","[1, 0, 2, 1, 3, 2, 4, 3, 5, 4, 6, 5, 7, 6, 8, 7, 9, 8, 10, 9, 1, 10, 5, 10]",-2.4842
31,66,"[1, 3, 1, 3, 1, 1, 1, 1, 1, 1, 3, 1, 3, 1, 1, 3, 1, 3, 1, 1, 3, 1, 3, 1, 3, 1, 3, 1, 3, 1, 3]","[1, 1, 1, 1, 2, 2, 1, 1, 3, 3, 3, 3, 3, 3, 3, 3, 3, 3, 1, 1, 1, 1, 1, 1, 1, 1, 1, 1, 1, 1, 1, 1, 1, 1, 1, 1, 1, 1, 1, 1, 1, 1, 1, 1, 1, 1, 1, 1, 1, 1, 1, 1, 1, 1, 1, 1, 1, 1, 1, 1, 3, 3, 1, 1, 1, 1]","[0, 1, 1, 2, 2, 3, 2, 4, 4, 5, 5, 6, 6, 7, 7, 8, 8, 9, 9, 10, 10, 11, 11, 12, 12, 13, 13, 14, 14, 15, 15, 16, 16, 17, 17, 18, 18, 19, 19, 20, 19, 21, 21, 22, 21, 23, 23, 24, 13, 25, 25, 26, 25, 27, 27, 28, 27, 29, 29, 30, 9, 4, 29, 11, 23, 16]","[1, 0, 2, 1, 3, 2, 4, 2, 5, 4, 6, 5, 7, 6, 8, 7, 9, 8, 10, 9, 11, 10, 12, 11, 13, 12, 14, 13, 15, 14, 16, 15, 17, 16, 18, 17, 19, 18, 20, 19, 21, 19, 22, 21, 23, 21, 24, 23, 25, 13, 26, 25, 27, 25, 28, 27, 29, 27, 30, 29, 4, 9, 11, 29, 16, 23]",-0.7418
15,32,"[1, 1, 1, 1, 1, 1, 1, 1, 1, 1, 1, 1, 1, 1, 1]","[1, 1, 1, 1, 1, 1, 3, 3, 3, 3, 3, 3, 1, 1, 3, 3, 3, 3, 3, 3, 3, 3, 1, 1, 3, 3, 3, 3, 3, 3, 1, 1]","[0, 1, 1, 2, 1, 3, 3, 4, 4, 5, 5, 6, 6, 7, 6, 8, 8, 9, 9, 10, 10, 11, 11, 12, 11, 13, 13, 14, 14, 3, 13, 8]","[1, 0, 2, 1, 3, 1, 4, 3, 5, 4, 6, 5, 7, 6, 8, 6, 9, 8, 10, 9, 11, 10, 12, 11, 13, 11, 14, 13, 3, 14, 8, 13]",-5.4752
13,26,"[1, 1, 1, 1, 1, 1, 3, 3, 1, 3, 2, 1, 3]","[1, 1, 2, 2, 1, 1, 1, 1, 1, 1, 1, 1, 2, 2, 1, 1, 2, 2, 1, 1, 1, 1, 2, 2, 1, 1]","[0, 1, 1, 2, 2, 3, 3, 4, 4, 5, 5, 6, 5, 7, 2, 8, 8, 9, 8, 10, 10, 11, 11, 12, 11, 1]","[1, 0, 2, 1, 3, 2, 4, 3, 5, 4, 6, 5, 7, 5, 8, 2, 9, 8, 10, 8, 11, 10, 12, 11, 1, 11]",-0.6608
12,26,"[1, 1, 1, 1, 1, 1, 1, 1, 3, 3, 1, 1]","[1, 1, 1, 1, 1, 1, 1, 1, 1, 1, 1, 1, 1, 1, 2, 2, 1, 1, 1, 1, 1, 1, 1, 1, 1, 1]","[0, 1, 1, 2, 2, 3, 3, 4, 4, 5, 5, 6, 5, 7, 7, 8, 7, 9, 9, 10, 10, 11, 11, 1, 11, 4]","[1, 0, 2, 1, 3, 2, 4, 3, 5, 4, 6, 5, 7, 5, 8, 7, 9, 7, 10, 9, 11, 10, 1, 11, 4, 11]",-1.9249
14,30,"[1, 2, 1, 3, 2, 1, 1, 2, 2, 1, 2, 1, 1, 3]","[1, 1, 3, 3, 2, 2, 3, 3, 1, 1, 3, 3, 3, 3, 3, 3, 3, 3, 3, 3, 3, 3, 3, 3, 2, 2, 3, 3, 3, 3]","[0, 1, 1, 2, 2, 3, 2, 4, 4, 5, 4, 6, 6, 7, 7, 8, 8, 9, 9, 10, 10, 11, 11, 12, 12, 13, 12, 1, 11, 6]","[1, 0, 2, 1, 3, 2, 4, 2, 5, 4, 6, 4, 7, 6, 8, 7, 9, 8, 10, 9, 11, 10, 12, 11, 13, 12, 1, 12, 6, 11]",-1.9849
18,40,"[1, 1, 1, 1, 1, 1, 1, 1, 1, 1, 3, 1, 1, 1, 3, 1, 3, 1]","[1, 1, 1, 1, 1, 1, 1, 1, 1, 1, 1, 1, 1, 1, 2, 2, 1, 1, 2, 2, 1, 1, 2, 2, 1, 1, 1, 1, 1, 1, 2, 2, 1, 1, 1, 1, 1, 1, 1, 1]","[0, 1, 1, 2, 2, 3, 3, 4, 4, 5, 5, 6, 5, 7, 7, 8, 8, 9, 9, 10, 9, 11, 11, 12, 12, 13, 13, 14, 14, 15, 15, 16, 11, 17, 15, 1, 13, 2, 12, 5]","[1, 0, 2, 1, 3, 2, 4, 3, 5, 4, 6, 5, 7, 5, 8, 7, 9, 8, 10, 9, 11, 9, 12, 11, 13, 12, 14, 13, 15, 14, 16, 15, 17, 11, 1, 15, 2, 13, 5, 12]",-3.0905
24,52,"[3, 1, 1, 3, 1, 3, 1, 3, 1, 1, 1, 1, 3, 1, 1, 1, 3, 1, 1, 3, 1, 3, 1, 3]","[1, 1, 1, 1, 1, 1, 1, 1, 1, 1, 1, 1, 1, 1, 1, 1, 2, 2, 1, 1, 1, 1, 1, 1, 1, 1, 2, 2, 1, 1, 1, 1, 1, 1, 1, 1, 1, 1, 1, 1, 1, 1, 1, 1, 1, 1, 1, 1, 1, 1, 1, 1]","[0, 1, 1, 2, 2, 3, 3, 4, 4, 5, 5, 6, 6, 7, 7, 8, 8, 9, 9, 10, 10, 11, 11, 12, 11, 13, 13, 14, 14, 15, 15, 16, 14, 17, 4, 18, 18, 19, 18, 20, 20, 21, 20, 22, 22, 23, 22, 2, 17, 6, 17, 10]","[1, 0, 2, 1, 3, 2, 4, 3, 5, 4, 6, 5, 7, 6, 8, 7, 9, 8, 10, 9, 11, 10, 12, 11, 13, 11, 14, 13, 15, 14, 16, 15, 17, 14, 18, 4, 19, 18, 20, 18, 21, 20, 22, 20, 23, 22, 2, 22, 6, 17, 10, 17]",0.0119
25,54,"[4, 1, 1, 1, 1, 2, 1, 1, 1, 1, 2, 1, 1, 1, 2, 1, 1, 1, 1, 1, 1, 1, 1, 1, 2]","[1, 1, 3, 3, 3, 3, 3, 3, 3, 3, 3, 3, 1, 1, 3, 3, 1, 1, 3, 3, 3, 3, 3, 3, 3, 3, 1, 1, 3, 3, 3, 3, 3, 3, 3, 3, 3, 3, 3, 3, 3, 3, 3, 3, 1, 1, 3, 3, 3, 3, 3, 3, 3, 3]","[1, 2, 2, 3, 3, 4, 4, 5, 5, 6, 6, 7, 7, 8, 7, 9, 9, 10, 9, 11, 11, 12, 12, 13, 13, 14, 14, 15, 15, 16, 16, 17, 17, 18, 18, 19, 19, 20, 14, 21, 21, 22, 22, 23, 23, 24, 23, 2, 21, 4, 13, 6, 20, 15]","[2, 1, 3, 2, 4, 3, 5, 4, 6, 5, 7, 6, 8, 7, 9, 7, 10, 9, 11, 9, 12, 11, 13, 12, 14, 13, 15, 14, 16, 15, 17, 16, 18, 17, 19, 18, 20, 19, 21, 14, 22, 21, 23, 22, 24, 23, 2, 23, 4, 21, 6, 13, 15, 20]",-0.8462
30,68,"[1, 3, 1, 1, 1, 1, 1, 3, 1, 1, 3, 1, 1, 1, 1, 1, 3, 1, 3, 1, 3, 1, 1, 1, 3, 1, 3, 1, 1, 1]","[1, 1, 1, 1, 3, 3, 3, 3, 3, 3, 3, 3, 1, 1, 1, 1, 3, 3, 1, 1, 1, 1, 1, 1, 1, 1, 1, 1, 1, 1, 1, 1, 1, 1, 2, 2, 1, 1, 1, 1, 1, 1, 3, 3, 3, 3, 1, 1, 1, 1, 1, 1, 1, 1, 3, 3, 3, 3, 3, 3, 1, 1, 1, 1, 3, 3, 3, 3]","[0, 1, 1, 2, 2, 3, 3, 4, 4, 5, 5, 6, 6, 7, 7, 8, 6, 9, 9, 10, 10, 11, 4, 12, 12, 13, 13, 14, 14, 15, 15, 16, 16, 17, 17, 18, 14, 19, 19, 20, 19, 21, 21, 22, 22, 23, 23, 24, 24, 25, 25, 26, 26, 27, 27, 28, 28, 29, 9, 2, 29, 12, 17, 13, 29, 21, 27, 23]","[1, 0, 2, 1, 3, 2, 4, 3, 5, 4, 6, 5, 7, 6, 8, 7, 9, 6, 10, 9, 11, 10, 12, 4, 13, 12, 14, 13, 15, 14, 16, 15, 17, 16, 18, 17, 19, 14, 20, 19, 21, 19, 22, 21, 23, 22, 24, 23, 25, 24, 26, 25, 27, 26, 28, 27, 29, 28, 2, 9, 12, 29, 13, 17, 21, 29, 23, 27]",-3.6174
22,50,"[3, 1, 1, 1, 1, 1, 3, 1, 1, 3, 1, 1, 1, 1, 3, 1, 1, 1, 1, 3, 1, 3]","[1, 1, 3, 3, 3, 3, 3, 3, 3, 3, 1, 1, 1, 1, 1, 1, 1, 1, 1, 1, 1, 1, 2, 2, 1, 1, 2, 2, 1, 1, 2, 2, 1, 1, 2, 2, 1, 1, 3, 3, 1, 1, 3, 3, 1, 1, 1, 1, 1, 1]","[0, 1, 1, 2, 2, 3, 3, 4, 4, 5, 5, 6, 6, 7, 7, 8, 8, 9, 8, 10, 10, 11, 11, 12, 12, 13, 13, 14, 13, 15, 15, 16, 16, 17, 17, 18, 15, 19, 5, 20, 20, 21, 20, 1, 18, 4, 18, 8, 17, 11]","[1, 0, 2, 1, 3, 2, 4, 3, 5, 4, 6, 5, 7, 6, 8, 7, 9, 8, 10, 8, 11, 10, 12, 11, 13, 12, 14, 13, 15, 13, 16, 15, 17, 16, 18, 17, 19, 15, 20, 5, 21, 20, 1, 20, 4, 18, 8, 18, 11, 17]",-2.6994
20,46,"[1, 1, 1, 1, 1, 1, 1, 1, 1, 1, 1, 3, 1, 1, 1, 1, 1, 1, 1, 3]","[1, 1, 1, 1, 1, 1, 1, 1, 1, 1, 2, 2, 1, 1, 1, 1, 3, 3, 3, 3, 1, 1, 3, 3, 3, 3, 3, 3, 1, 1, 1, 1, 1, 1, 1, 1, 2, 2, 1, 1, 1, 1, 1, 1, 3, 3]","[0, 1, 1, 2, 2, 3, 3, 4, 4, 5, 5, 6, 6, 7, 7, 8, 8, 9, 9, 10, 10, 11, 10, 12, 12, 13, 13, 14, 5, 15, 15, 16, 16, 17, 17, 18, 18, 19, 15, 1, 18, 1, 14, 4, 14, 8]","[1, 0, 2, 1, 3, 2, 4, 3, 5, 4, 6, 5, 7, 6, 8, 7, 9, 8, 10, 9, 11, 10, 12, 10, 13, 12, 14, 13, 15, 5, 16, 15, 17, 16, 18, 17, 19, 18, 1, 15, 1, 18, 4, 14, 8, 14]",-5.2795
16,34,"[2, 1, 1, 1, 1, 1, 1, 8, 3, 3, 1, 8, 1, 2, 2, 1]","[1, 1, 3, 3, 3, 3, 3, 3, 3, 3, 3, 3, 1, 1, 2, 2, 2, 2, 1, 1, 3, 3, 3, 3, 1, 1, 3, 3, 3, 3, 3, 3, 3, 3]","[0, 1, 1, 2, 2, 3, 3, 4, 4, 5, 5, 6, 4, 7, 7, 8, 7, 9, 7, 10, 10, 11, 11, 12, 12, 13, 12, 14, 14, 15, 6, 1, 15, 10]","[1, 0, 2, 1, 3, 2, 4, 3, 5, 4, 6, 5, 7, 4, 8, 7, 9, 7, 10, 7, 11, 10, 12, 11, 13, 12, 14, 12, 15, 14, 1, 6, 10, 15]",-2.805
26,60,"[1, 1, 1, 1, 1, 1, 2, 1, 1, 1, 1, 1, 1, 2, 1, 1, 3, 1, 1, 3, 1, 1, 1, 1, 1, 1]","[1, 1, 1, 1, 1, 1, 1, 1, 1, 1, 1, 1, 1, 1, 1, 1, 1, 1, 1, 1, 1, 1, 1, 1, 1, 1, 1, 1, 1, 1, 2, 2, 1, 1, 3, 3, 1, 1, 1, 1, 3, 3, 3, 3, 3, 3, 3, 3, 1, 1, 1, 1, 1, 1, 1, 1, 1, 1, 3, 3]","[0, 1, 1, 2, 2, 3, 3, 4, 4, 5, 5, 6, 6, 7, 7, 8, 8, 9, 9, 10, 10, 11, 11, 12, 10, 13, 13, 14, 14, 15, 14, 16, 13, 17, 17, 18, 18, 19, 19, 20, 18, 21, 21, 22, 22, 23, 23, 24, 9, 25, 12, 2, 25, 2, 25, 6, 24, 9, 24, 17]","[1, 0, 2, 1, 3, 2, 4, 3, 5, 4, 6, 5, 7, 6, 8, 7, 9, 8, 10, 9, 11, 10, 12, 11, 13, 10, 14, 13, 15, 14, 16, 14, 17, 13, 18, 17, 19, 18, 20, 19, 21, 18, 22, 21, 23, 22, 24, 23, 25, 9, 2, 12, 2, 25, 6, 25, 9, 24, 17, 24]",-1.3269
23,54,"[3, 1, 1, 1, 3, 1, 2, 1, 1, 1, 1, 1, 1, 1, 1, 1, 1, 1, 2, 1, 1, 1, 1]","[1, 1, 1, 1, 1, 1, 1, 1, 1, 1, 1, 1, 1, 1, 3, 3, 3, 3, 3, 3, 3, 3, 3, 3, 1, 1, 1, 1, 1, 1, 1, 1, 1, 1, 1, 1, 1, 1, 1, 1, 1, 1, 2, 2, 1, 1, 1, 1, 3, 3, 1, 1, 1, 1]","[0, 1, 1, 2, 2, 3, 3, 4, 4, 5, 5, 6, 6, 7, 7, 8, 8, 9, 9, 10, 10, 11, 11, 12, 5, 13, 13, 14, 14, 15, 15, 16, 16, 17, 17, 18, 18, 19, 19, 20, 20, 21, 21, 22, 5, 1, 12, 1, 12, 7, 18, 13, 20, 15]","[1, 0, 2, 1, 3, 2, 4, 3, 5, 4, 6, 5, 7, 6, 8, 7, 9, 8, 10, 9, 11, 10, 12, 11, 13, 5, 14, 13, 15, 14, 16, 15, 17, 16, 18, 17, 19, 18, 20, 19, 21, 20, 22, 21, 1, 5, 1, 12, 7, 12, 13, 18, 15, 20]",-2.6706
19,42,"[1, 1, 1, 1, 3, 1, 3, 1, 1, 1, 1, 3, 1, 1, 1, 1, 3, 1, 1]","[1, 1, 1, 1, 1, 1, 1, 1, 1, 1, 2, 2, 1, 1, 1, 1, 1, 1, 1, 1, 1, 1, 1, 1, 2, 2, 1, 1, 1, 1, 2, 2, 1, 1, 1, 1, 1, 1, 1, 1, 1, 1]","[0, 1, 1, 2, 2, 3, 3, 4, 4, 5, 5, 6, 5, 7, 7, 8, 7, 9, 9, 10, 10, 11, 10, 12, 12, 13, 13, 14, 13, 15, 15, 16, 15, 17, 17, 18, 18, 1, 9, 3, 18, 12]","[1, 0, 2, 1, 3, 2, 4, 3, 5, 4, 6, 5, 7, 5, 8, 7, 9, 7, 10, 9, 11, 10, 12, 10, 13, 12, 14, 13, 15, 13, 16, 15, 17, 15, 18, 17, 1, 18, 3, 9, 12, 18]",-1.945
22,50,"[1, 1, 1, 1, 3, 1, 1, 1, 1, 1, 1, 1, 3, 1, 1, 1, 1, 1, 1, 1, 1, 3]","[1, 1, 1, 1, 1, 1, 2, 2, 1, 1, 1, 1, 1, 1, 1, 1, 1, 1, 2, 2, 1, 1, 2, 2, 1, 1, 1, 1, 1, 1, 1, 1, 1, 1, 1, 1, 1, 1, 1, 1, 2, 2, 1, 1, 1, 1, 1, 1, 1, 1]","[0, 1, 1, 2, 2, 3, 3, 4, 3, 5, 5, 6, 6, 7, 7, 8, 8, 9, 9, 10, 10, 11, 11, 12, 11, 13, 13, 14, 14, 15, 15, 16, 6, 17, 17, 18, 18, 19, 19, 20, 20, 21, 17, 1, 20, 1, 15, 5, 15, 9]","[1, 0, 2, 1, 3, 2, 4, 3, 5, 3, 6, 5, 7, 6, 8, 7, 9, 8, 10, 9, 11, 10, 12, 11, 13, 11, 14, 13, 15, 14, 16, 15, 17, 6, 18, 17, 19, 18, 20, 19, 21, 20, 1, 17, 1, 20, 5, 15, 9, 15]",-3.4843
25,52,"[3, 1, 1, 1, 3, 1, 1, 3, 1, 3, 1, 1, 1, 1, 1, 1, 3, 1, 3, 1, 1, 3, 1, 3, 3]","[1, 1, 1, 1, 1, 1, 1, 1, 1, 1, 1, 1, 1, 1, 1, 1, 2, 2, 1, 1, 2, 2, 1, 1, 3, 3, 3, 3, 3, 3, 1, 1, 3, 3, 1, 1, 3, 3, 1, 1, 1, 1, 1, 1, 1, 1, 2, 2, 1, 1, 3, 3]","[0, 1, 1, 2, 2, 3, 3, 4, 3, 5, 5, 6, 6, 7, 7, 8, 8, 9, 8, 10, 10, 11, 11, 12, 12, 13, 13, 14, 14, 15, 15, 16, 15, 17, 17, 18, 17, 19, 6, 20, 20, 21, 3, 22, 22, 23, 22, 24, 20, 1, 19, 12]","[1, 0, 2, 1, 3, 2, 4, 3, 5, 3, 6, 5, 7, 6, 8, 7, 9, 8, 10, 8, 11, 10, 12, 11, 13, 12, 14, 13, 15, 14, 16, 15, 17, 15, 18, 17, 19, 17, 20, 6, 21, 20, 22, 3, 23, 22, 24, 22, 1, 20, 12, 19]",-0.9473
46,104,"[1, 1, 2, 1, 1, 1, 3, 1, 1, 3, 1, 1, 3, 1, 1, 1, 1, 1, 3, 1, 3, 1, 1, 3, 1, 3, 1, 1, 3, 1, 1, 3, 1, 1, 1, 1, 1, 3, 1, 3, 1, 1, 1, 1, 1, 1]","[1, 1, 1, 1, 1, 1, 1, 1, 1, 1, 1, 1, 1, 1, 1, 1, 1, 1, 1, 1, 1, 1, 1, 1, 1, 1, 1, 1, 1, 1, 1, 1, 1, 1, 1, 1, 1, 1, 1, 1, 1, 1, 1, 1, 1, 1, 1, 1, 1, 1, 1, 1, 1, 1, 2, 2, 1, 1, 1, 1, 1, 1, 1, 1, 1, 1, 1, 1, 1, 1, 1, 1, 1, 1, 1, 1, 2, 2, 1, 1, 3, 3, 3, 3, 3, 3, 3, 3, 3, 3, 1, 1, 1, 1, 1, 1, 1, 1, 1, 1, 1, 1, 3, 3]","[0, 1, 1, 2, 2, 3, 3, 4, 4, 5, 5, 6, 6, 7, 4, 8, 8, 9, 8, 10, 10, 11, 11, 12, 12, 13, 11, 14, 14, 15, 15, 16, 16, 17, 17, 18, 17, 19, 19, 20, 20, 21, 19, 22, 22, 23, 22, 24, 24, 25, 25, 26, 26, 27, 26, 28, 24, 29, 29, 30, 30, 31, 31, 32, 30, 33, 29, 34, 24, 35, 35, 36, 36, 37, 37, 38, 38, 39, 38, 40, 40, 41, 41, 42, 42, 43, 43, 44, 44, 45, 34, 2, 33, 4, 33, 14, 34, 14, 35, 15, 36, 17, 45, 40]","[1, 0, 2, 1, 3, 2, 4, 3, 5, 4, 6, 5, 7, 6, 8, 4, 9, 8, 10, 8, 11, 10, 12, 11, 13, 12, 14, 11, 15, 14, 16, 15, 17, 16, 18, 17, 19, 17, 20, 19, 21, 20, 22, 19, 23, 22, 24, 22, 25, 24, 26, 25, 27, 26, 28, 26, 29, 24, 30, 29, 31, 30, 32, 31, 33, 30, 34, 29, 35, 24, 36, 35, 37, 36, 38, 37, 39, 38, 40, 38, 41, 40, 42, 41, 43, 42, 44, 43, 45, 44, 2, 34, 4, 33, 14, 33, 14, 34, 15, 35, 17, 36, 40, 45]",-3.3187
9,20,"[2, 2, 1, 1, 2, 1, 2, 1, 2]","[3, 3, 3, 3, 3, 3, 3, 3, 3, 3, 3, 3, 3, 3, 3, 3, 3, 3, 3, 3]","[0, 1, 1, 2, 2, 3, 3, 4, 4, 5, 5, 6, 6, 7, 7, 8, 8, 0, 7, 2]","[1, 0, 2, 1, 3, 2, 4, 3, 5, 4, 6, 5, 7, 6, 8, 7, 0, 8, 2, 7]",-0.2319
14,32,"[1, 1, 1, 1, 1, 1, 1, 2, 1, 1, 1, 1, 1, 1]","[3, 3, 3, 3, 3, 3, 3, 3, 3, 3, 3, 3, 3, 3, 3, 3, 3, 3, 3, 3, 3, 3, 3, 3, 3, 3, 3, 3, 3, 3, 3, 3]","[0, 1, 1, 2, 2, 3, 3, 4, 4, 5, 4, 6, 6, 7, 7, 8, 8, 9, 9, 10, 10, 11, 11, 12, 12, 13, 5, 0, 13, 3, 13, 8]","[1, 0, 2, 1, 3, 2, 4, 3, 5, 4, 6, 4, 7, 6, 8, 7, 9, 8, 10, 9, 11, 10, 12, 11, 13, 12, 0, 5, 3, 13, 8, 13]",-2.7763
22,52,"[1, 1, 1, 1, 1, 1, 1, 1, 1, 2, 1, 1, 1, 1, 1, 1, 1, 1, 1, 1, 1, 1]","[3, 3, 3, 3, 3, 3, 3, 3, 3, 3, 3, 3, 3, 3, 3, 3, 3, 3, 3, 3, 3, 3, 3, 3, 3, 3, 3, 3, 3, 3, 3, 3, 3, 3, 3, 3, 3, 3, 3, 3, 3, 3, 3, 3, 3, 3, 3, 3, 3, 3, 3, 3]","[0, 1, 1, 2, 2, 3, 3, 4, 4, 5, 4, 6, 6, 7, 7, 8, 8, 9, 9, 10, 10, 11, 11, 12, 12, 13, 13, 14, 14, 15, 15, 16, 16, 17, 17, 18, 18, 19, 11, 20, 20, 21, 5, 0, 21, 3, 21, 8, 19, 10, 19, 14]","[1, 0, 2, 1, 3, 2, 4, 3, 5, 4, 6, 4, 7, 6, 8, 7, 9, 8, 10, 9, 11, 10, 12, 11, 13, 12, 14, 13, 15, 14, 16, 15, 17, 16, 18, 17, 19, 18, 20, 11, 21, 20, 0, 5, 3, 21, 8, 21, 10, 19, 14, 19]",-6.2447
18,42,"[2, 1, 1, 1, 1, 1, 1, 8, 1, 1, 1, 1, 1, 1, 1, 1, 1, 1]","[1, 1, 3, 3, 3, 3, 3, 3, 3, 3, 3, 3, 1, 1, 1, 1, 3, 3, 3, 3, 3, 3, 3, 3, 3, 3, 3, 3, 3, 3, 3, 3, 3, 3, 1, 1, 3, 3, 3, 3, 3, 3]","[0, 1, 1, 2, 2, 3, 3, 4, 4, 5, 5, 6, 6, 7, 7, 8, 8, 9, 9, 10, 10, 11, 11, 12, 12, 13, 13, 14, 14, 15, 15, 16, 16, 17, 9, 0, 6, 1, 17, 8, 17, 12]","[1, 0, 2, 1, 3, 2, 4, 3, 5, 4, 6, 5, 7, 6, 8, 7, 9, 8, 10, 9, 11, 10, 12, 11, 13, 12, 14, 13, 15, 14, 16, 15, 17, 16, 0, 9, 1, 6, 8, 17, 12, 17]",-6.5727
18,42,"[2, 1, 1, 1, 1, 1, 1, 8, 1, 1, 1, 1, 1, 1, 1, 1, 1, 1]","[1, 1, 3, 3, 3, 3, 3, 3, 3, 3, 3, 3, 1, 1, 1, 1, 3, 3, 3, 3, 3, 3, 3, 3, 3, 3, 3, 3, 3, 3, 3, 3, 3, 3, 1, 1, 3, 3, 3, 3, 3, 3]","[0, 1, 1, 2, 2, 3, 3, 4, 4, 5, 5, 6, 6, 7, 7, 8, 8, 9, 9, 10, 10, 11, 11, 12, 12, 13, 13, 14, 14, 15, 15, 16, 16, 17, 17, 0, 6, 1, 17, 8, 16, 11]","[1, 0, 2, 1, 3, 2, 4, 3, 5, 4, 6, 5, 7, 6, 8, 7, 9, 8, 10, 9, 11, 10, 12, 11, 13, 12, 14, 13, 15, 14, 16, 15, 17, 16, 0, 17, 1, 6, 8, 17, 11, 16]",-5.8957
22,52,"[2, 1, 1, 1, 1, 1, 1, 1, 1, 1, 1, 8, 1, 1, 1, 1, 1, 1, 1, 1, 1, 1]","[1, 1, 3, 3, 3, 3, 3, 3, 3, 3, 3, 3, 3, 3, 3, 3, 3, 3, 3, 3, 1, 1, 1, 1, 3, 3, 3, 3, 3, 3, 3, 3, 3, 3, 3, 3, 3, 3, 3, 3, 3, 3, 1, 1, 3, 3, 3, 3, 3, 3, 3, 3]","[0, 1, 1, 2, 2, 3, 3, 4, 4, 5, 5, 6, 6, 7, 7, 8, 8, 9, 9, 10, 10, 11, 11, 12, 12, 13, 13, 14, 14, 15, 15, 16, 16, 17, 17, 18, 18, 19, 19, 20, 20, 21, 13, 0, 10, 1, 9, 4, 21, 12, 21, 16]","[1, 0, 2, 1, 3, 2, 4, 3, 5, 4, 6, 5, 7, 6, 8, 7, 9, 8, 10, 9, 11, 10, 12, 11, 13, 12, 14, 13, 15, 14, 16, 15, 17, 16, 18, 17, 19, 18, 20, 19, 21, 20, 0, 13, 1, 10, 4, 9, 12, 21, 16, 21]",-6.8786
22,52,"[2, 1, 1, 8, 1, 1, 1, 1, 1, 1, 1, 1, 1, 1, 1, 1, 1, 1, 1, 1, 1, 1]","[1, 1, 3, 3, 1, 1, 1, 1, 3, 3, 3, 3, 3, 3, 3, 3, 3, 3, 3, 3, 3, 3, 3, 3, 3, 3, 3, 3, 3, 3, 3, 3, 3, 3, 3, 3, 3, 3, 3, 3, 3, 3, 1, 1, 3, 3, 3, 3, 3, 3, 3, 3]","[0, 1, 1, 2, 2, 3, 3, 4, 4, 5, 5, 6, 6, 7, 7, 8, 8, 9, 9, 10, 10, 11, 11, 12, 12, 13, 2, 14, 14, 15, 15, 16, 16, 17, 17, 18, 18, 19, 19, 20, 20, 21, 13, 0, 21, 1, 13, 4, 12, 7, 21, 16]","[1, 0, 2, 1, 3, 2, 4, 3, 5, 4, 6, 5, 7, 6, 8, 7, 9, 8, 10, 9, 11, 10, 12, 11, 13, 12, 14, 2, 15, 14, 16, 15, 17, 16, 18, 17, 19, 18, 20, 19, 21, 20, 0, 13, 1, 21, 4, 13, 7, 12, 16, 21]",-7.9081
20,48,"[1, 1, 1, 1, 1, 1, 1, 1, 1, 1, 1, 1, 1, 1, 1, 1, 1, 1, 1, 1]","[3, 3, 3, 3, 3, 3, 3, 3, 3, 3, 1, 1, 3, 3, 3, 3, 3, 3, 3, 3, 3, 3, 3, 3, 3, 3, 3, 3, 1, 1, 3, 3, 3, 3, 3, 3, 3, 3, 3, 3, 3, 3, 3, 3, 3, 3, 3, 3]","[0, 1, 1, 2, 2, 3, 3, 4, 4, 5, 5, 6, 6, 7, 7, 8, 8, 9, 9, 10, 10, 11, 11, 12, 12, 13, 13, 14, 14, 15, 15, 16, 16, 17, 17, 18, 14, 19, 18, 0, 17, 3, 15, 5, 19, 6, 19, 10]","[1, 0, 2, 1, 3, 2, 4, 3, 5, 4, 6, 5, 7, 6, 8, 7, 9, 8, 10, 9, 11, 10, 12, 11, 13, 12, 14, 13, 15, 14, 16, 15, 17, 16, 18, 17, 19, 14, 0, 18, 3, 17, 5, 15, 6, 19, 10, 19]",-8.4989
20,48,"[1, 1, 1, 1, 1, 1, 1, 1, 1, 1, 1, 1, 1, 1, 1, 1, 1, 1, 1, 1]","[3, 3, 3, 3, 3, 3, 3, 3, 3, 3, 3, 3, 3, 3, 1, 1, 3, 3, 3, 3, 3, 3, 3, 3, 3, 3, 1, 1, 3, 3, 3, 3, 3, 3, 3, 3, 3, 3, 3, 3, 3, 3, 3, 3, 3, 3, 3, 3]","[0, 1, 1, 2, 2, 3, 3, 4, 4, 5, 4, 6, 6, 7, 7, 8, 8, 9, 9, 10, 10, 11, 11, 12, 12, 13, 13, 14, 14, 15, 15, 16, 16, 17, 17, 18, 18, 19, 5, 0, 18, 3, 19, 7, 13, 8, 19, 14]","[1, 0, 2, 1, 3, 2, 4, 3, 5, 4, 6, 4, 7, 6, 8, 7, 9, 8, 10, 9, 11, 10, 12, 11, 13, 12, 14, 13, 15, 14, 16, 15, 17, 16, 18, 17, 19, 18, 0, 5, 3, 18, 7, 19, 8, 13, 14, 19]",-8.2259
20,48,"[1, 1, 1, 1, 1, 1, 1, 1, 1, 1, 1, 1, 1, 1, 1, 1, 1, 1, 1, 1]","[3, 3, 3, 3, 3, 3, 3, 3, 3, 3, 3, 3, 3, 3, 3, 3, 1, 1, 3, 3, 3, 3, 3, 3, 3, 3, 3, 3, 3, 3, 3, 3, 3, 3, 3, 3, 1, 1, 3, 3, 3, 3, 3, 3, 3, 3, 3, 3]","[0, 1, 1, 2, 2, 3, 3, 4, 4, 5, 4, 6, 6, 7, 7, 8, 8, 9, 9, 10, 10, 11, 11, 12, 12, 13, 13, 14, 14, 15, 15, 16, 16, 17, 17, 18, 17, 19, 5, 0, 19, 3, 19, 8, 18, 9, 18, 13]","[1, 0, 2, 1, 3, 2, 4, 3, 5, 4, 6, 4, 7, 6, 8, 7, 9, 8, 10, 9, 11, 10, 12, 11, 13, 12, 14, 13, 15, 14, 16, 15, 17, 16, 18, 17, 19, 17, 0, 5, 3, 19, 8, 19, 9, 18, 13, 18]",-8.004
15,36,"[1, 1, 1, 1, 1, 1, 1, 1, 1, 1, 1, 1, 1, 1, 1]","[1, 1, 3, 3, 3, 3, 3, 3, 3, 3, 3, 3, 3, 3, 3, 3, 3, 3, 3, 3, 3, 3, 3, 3, 3, 3, 3, 3, 1, 1, 3, 3, 3, 3, 3, 3]","[0, 1, 1, 2, 2, 3, 3, 4, 4, 5, 5, 6, 6, 7, 7, 8, 8, 9, 9, 10, 10, 11, 11, 12, 12, 13, 13, 14, 12, 0, 14, 1, 14, 5, 13, 8]","[1, 0, 2, 1, 3, 2, 4, 3, 5, 4, 6, 5, 7, 6, 8, 7, 9, 8, 10, 9, 11, 10, 12, 11, 13, 12, 14, 13, 0, 12, 1, 14, 5, 14, 8, 13]",-5.2379
24,58,"[1, 1, 1, 1, 1, 1, 1, 1, 1, 1, 1, 1, 1, 1, 1, 1, 1, 1, 1, 1, 1, 1, 1, 1]","[3, 3, 3, 3, 3, 3, 3, 3, 3, 3, 3, 3, 3, 3, 3, 3, 3, 3, 3, 3, 3, 3, 3, 3, 3, 3, 3, 3, 3, 3, 1, 1, 3, 3, 3, 3, 3, 3, 3, 3, 3, 3, 1, 1, 3, 3, 3, 3, 3, 3, 3, 3, 3, 3, 3, 3, 3, 3]","[0, 1, 1, 2, 2, 3, 3, 4, 4, 5, 4, 6, 6, 7, 7, 8, 8, 9, 9, 10, 10, 11, 11, 12, 12, 13, 13, 14, 14, 15, 15, 16, 16, 17, 17, 18, 18, 19, 19, 20, 20, 21, 21, 22, 22, 23, 5, 0, 9, 3, 22, 8, 23, 11, 23, 15, 21, 16]","[1, 0, 2, 1, 3, 2, 4, 3, 5, 4, 6, 4, 7, 6, 8, 7, 9, 8, 10, 9, 11, 10, 12, 11, 13, 12, 14, 13, 15, 14, 16, 15, 17, 16, 18, 17, 19, 18, 20, 19, 21, 20, 22, 21, 23, 22, 0, 5, 3, 9, 8, 22, 11, 23, 15, 23, 16, 21]",-8.4806
18,42,"[1, 1, 1, 1, 1, 1, 1, 1, 1, 1, 1, 1, 1, 1, 1, 1, 1, 1]","[3, 3, 3, 3, 3, 3, 3, 3, 3, 3, 3, 3, 3, 3, 3, 3, 3, 3, 3, 3, 3, 3, 3, 3, 3, 3, 3, 3, 3, 3, 3, 3, 3, 3, 3, 3, 3, 3, 3, 3, 3, 3]","[0, 1, 1, 2, 2, 3, 3, 4, 4, 5, 4, 6, 6, 7, 7, 8, 8, 9, 9, 10, 10, 11, 11, 12, 12, 13, 13, 14, 14, 15, 15, 16, 16, 17, 5, 0, 17, 3, 17, 8, 16, 11]","[1, 0, 2, 1, 3, 2, 4, 3, 5, 4, 6, 4, 7, 6, 8, 7, 9, 8, 10, 9, 11, 10, 12, 11, 13, 12, 14, 13, 15, 14, 16, 15, 17, 16, 0, 5, 3, 17, 8, 17, 11, 16]",-7.8207
21,50,"[2, 1, 1, 1, 1, 1, 1, 1, 1, 1, 1, 1, 1, 1, 1, 1, 1, 1, 1, 1, 1]","[3, 3, 3, 3, 3, 3, 3, 3, 3, 3, 3, 3, 3, 3, 3, 3, 3, 3, 3, 3, 3, 3, 3, 3, 3, 3, 3, 3, 3, 3, 3, 3, 3, 3, 3, 3, 3, 3, 3, 3, 3, 3, 3, 3, 3, 3, 3, 3, 3, 3]","[0, 1, 1, 2, 2, 3, 3, 4, 4, 5, 5, 6, 6, 7, 7, 8, 8, 9, 9, 10, 10, 11, 11, 12, 12, 13, 13, 14, 14, 15, 15, 16, 16, 17, 17, 18, 18, 19, 19, 20, 12, 0, 10, 1, 9, 4, 20, 11, 20, 15]","[1, 0, 2, 1, 3, 2, 4, 3, 5, 4, 6, 5, 7, 6, 8, 7, 9, 8, 10, 9, 11, 10, 12, 11, 13, 12, 14, 13, 15, 14, 16, 15, 17, 16, 18, 17, 19, 18, 20, 19, 0, 12, 1, 10, 4, 9, 11, 20, 15, 20]",-6.6277
22,54,"[1, 1, 1, 1, 1, 1, 1, 1, 1, 1, 1, 1, 1, 1, 1, 1, 1, 1, 1, 1, 1, 1]","[3, 3, 3, 3, 3, 3, 3, 3, 3, 3, 1, 1, 3, 3, 3, 3, 3, 3, 3, 3, 3, 3, 3, 3, 3, 3, 3, 3, 3, 3, 3, 3, 3, 3, 3, 3, 3, 3, 3, 3, 3, 3, 3, 3, 1, 1, 3, 3, 3, 3, 3, 3, 3, 3]","[0, 1, 1, 2, 2, 3, 3, 4, 4, 5, 4, 6, 6, 7, 7, 8, 8, 9, 9, 10, 10, 11, 11, 12, 12, 13, 13, 14, 14, 15, 15, 16, 16, 17, 17, 18, 18, 19, 19, 20, 20, 21, 5, 0, 18, 3, 19, 6, 20, 9, 21, 12, 21, 16]","[1, 0, 2, 1, 3, 2, 4, 3, 5, 4, 6, 4, 7, 6, 8, 7, 9, 8, 10, 9, 11, 10, 12, 11, 13, 12, 14, 13, 15, 14, 16, 15, 17, 16, 18, 17, 19, 18, 20, 19, 21, 20, 0, 5, 3, 18, 6, 19, 9, 20, 12, 21, 16, 21]",-9.1627
21,44,"[2, 1, 2, 1, 3, 1, 1, 2, 2, 3, 1, 3, 1, 1, 3, 1, 3, 1, 3, 1, 3]","[1, 1, 3, 3, 3, 3, 2, 2, 3, 3, 3, 3, 1, 1, 3, 3, 1, 1, 1, 1, 1, 1, 1, 1, 1, 1, 1, 1, 1, 1, 1, 1, 1, 1, 1, 1, 1, 1, 1, 1, 3, 3, 1, 1]","[0, 1, 1, 2, 2, 3, 3, 4, 3, 5, 5, 6, 6, 7, 6, 8, 5, 9, 9, 10, 10, 11, 11, 12, 12, 13, 13, 14, 12, 15, 15, 16, 15, 17, 17, 18, 17, 19, 19, 20, 8, 1, 19, 10]","[1, 0, 2, 1, 3, 2, 4, 3, 5, 3, 6, 5, 7, 6, 8, 6, 9, 5, 10, 9, 11, 10, 12, 11, 13, 12, 14, 13, 15, 12, 16, 15, 17, 15, 18, 17, 19, 17, 20, 19, 1, 8, 10, 19]",-1.4832
20,42,"[2, 8, 3, 3, 1, 1, 1, 1, 2, 1, 2, 8, 3, 3, 1, 1, 1, 6, 6, 6]","[1, 1, 2, 2, 2, 2, 1, 1, 3, 3, 3, 3, 3, 3, 1, 1, 1, 1, 2, 2, 1, 1, 2, 2, 2, 2, 3, 3, 3, 3, 1, 1, 1, 1, 1, 1, 1, 1, 3, 3, 1, 1]","[0, 1, 1, 2, 1, 3, 1, 4, 4, 5, 5, 6, 6, 7, 7, 8, 8, 9, 9, 10, 10, 11, 11, 12, 11, 13, 7, 14, 14, 15, 15, 16, 16, 17, 16, 18, 16, 19, 15, 4, 11, 6]","[1, 0, 2, 1, 3, 1, 4, 1, 5, 4, 6, 5, 7, 6, 8, 7, 9, 8, 10, 9, 11, 10, 12, 11, 13, 11, 14, 7, 15, 14, 16, 15, 17, 16, 18, 16, 19, 16, 4, 15, 6, 11]",-0.8186
14,28,"[3, 1, 3, 1, 1, 1, 1, 3, 3, 3, 1, 3, 1, 3]","[1, 1, 2, 2, 1, 1, 1, 1, 1, 1, 1, 1, 1, 1, 2, 2, 1, 1, 1, 1, 1, 1, 1, 1, 2, 2, 1, 1]","[0, 1, 1, 2, 1, 3, 3, 4, 4, 5, 5, 6, 6, 7, 6, 8, 4, 9, 9, 10, 10, 11, 11, 12, 12, 13, 12, 4]","[1, 0, 2, 1, 3, 1, 4, 3, 5, 4, 6, 5, 7, 6, 8, 6, 9, 4, 10, 9, 11, 10, 12, 11, 13, 12, 4, 12]",-0.611
16,30,"[9, 1, 1, 1, 1, 1, 1, 1, 1, 3, 2, 1, 3, 2, 1, 3]","[1, 1, 1, 1, 1, 1, 1, 1, 1, 1, 1, 1, 1, 1, 2, 2, 1, 1, 1, 1, 2, 2, 1, 1, 1, 1, 2, 2, 1, 1]","[1, 2, 2, 3, 3, 4, 3, 5, 5, 6, 6, 7, 5, 8, 8, 9, 8, 10, 10, 11, 11, 12, 11, 13, 13, 14, 14, 15, 14, 5]","[2, 1, 3, 2, 4, 3, 5, 3, 6, 5, 7, 6, 8, 5, 9, 8, 10, 8, 11, 10, 12, 11, 13, 11, 14, 13, 15, 14, 5, 14]",0.1528
21,50,"[4, 1, 4, 1, 4, 1, 4, 1, 4, 1, 3, 1, 4, 1, 4, 1, 4, 1, 4, 1, 4]","[1, 1, 1, 1, 1, 1, 1, 1, 1, 1, 1, 1, 1, 1, 1, 1, 1, 1, 2, 2, 1, 1, 1, 1, 1, 1, 1, 1, 1, 1, 1, 1, 1, 1, 1, 1, 1, 1, 1, 1, 1, 1, 1, 1, 1, 1, 1, 1, 1, 1]","[0, 1, 1, 2, 1, 3, 3, 4, 3, 5, 5, 6, 5, 7, 7, 8, 7, 9, 9, 10, 9, 11, 11, 12, 11, 13, 13, 14, 13, 15, 15, 16, 15, 17, 17, 18, 17, 19, 19, 20, 15, 1, 19, 3, 13, 5, 19, 7, 17, 11]","[1, 0, 2, 1, 3, 1, 4, 3, 5, 3, 6, 5, 7, 5, 8, 7, 9, 7, 10, 9, 11, 9, 12, 11, 13, 11, 14, 13, 15, 13, 16, 15, 17, 15, 18, 17, 19, 17, 20, 19, 1, 15, 3, 19, 5, 13, 7, 19, 11, 17]",-5.2594
7,14,"[3, 1, 1, 8, 1, 8, 2]","[2, 2, 1, 1, 1, 1, 1, 1, 2, 2, 1, 1, 1, 1]","[0, 1, 1, 2, 2, 3, 3, 4, 4, 5, 4, 6, 6, 1]","[1, 0, 2, 1, 3, 2, 4, 3, 5, 4, 6, 4, 1, 6]",-1.7723
18,38,"[1, 1, 2, 1, 1, 1, 1, 1, 1, 1, 2, 1, 1, 1, 1, 1, 1, 1]","[1, 1, 1, 1, 1, 1, 1, 1, 3, 3, 3, 3, 3, 3, 3, 3, 3, 3, 1, 1, 1, 1, 1, 1, 3, 3, 3, 3, 3, 3, 3, 3, 3, 3, 3, 3, 3, 3]","[0, 1, 1, 2, 2, 3, 3, 4, 4, 5, 5, 6, 6, 7, 7, 8, 8, 9, 0, 10, 10, 11, 11, 12, 12, 13, 13, 14, 14, 15, 15, 16, 16, 17, 9, 4, 17, 12]","[1, 0, 2, 1, 3, 2, 4, 3, 5, 4, 6, 5, 7, 6, 8, 7, 9, 8, 10, 0, 11, 10, 12, 11, 13, 12, 14, 13, 15, 14, 16, 15, 17, 16, 4, 9, 12, 17]",-1.7865
23,50,"[3, 2, 3, 1, 3, 1, 1, 1, 1, 2, 2, 1, 1, 1, 2, 1, 1, 3, 1, 1, 3, 1, 3]","[1, 1, 2, 2, 1, 1, 3, 3, 3, 3, 3, 3, 3, 3, 1, 1, 2, 2, 1, 1, 1, 1, 1, 1, 1, 1, 1, 1, 1, 1, 1, 1, 1, 1, 1, 1, 1, 1, 1, 1, 1, 1, 2, 2, 3, 3, 1, 1, 1, 1]","[0, 1, 1, 2, 1, 3, 3, 4, 4, 5, 5, 6, 6, 7, 5, 8, 8, 9, 9, 10, 10, 11, 11, 12, 12, 13, 13, 14, 14, 15, 15, 16, 16, 17, 17, 18, 18, 19, 12, 20, 20, 21, 21, 22, 7, 3, 21, 10, 19, 14]","[1, 0, 2, 1, 3, 1, 4, 3, 5, 4, 6, 5, 7, 6, 8, 5, 9, 8, 10, 9, 11, 10, 12, 11, 13, 12, 14, 13, 15, 14, 16, 15, 17, 16, 18, 17, 19, 18, 20, 12, 21, 20, 22, 21, 3, 7, 10, 21, 14, 19]",-2.6359
15,32,"[2, 2, 2, 1, 1, 1, 1, 1, 1, 1, 1, 1, 1, 1, 1]","[1, 1, 2, 2, 1, 1, 3, 3, 3, 3, 3, 3, 3, 3, 3, 3, 1, 1, 3, 3, 3, 3, 3, 3, 3, 3, 3, 3, 3, 3, 3, 3]","[0, 1, 1, 2, 2, 3, 3, 4, 4, 5, 5, 6, 6, 7, 7, 8, 0, 9, 9, 10, 10, 11, 11, 12, 12, 13, 13, 14, 8, 3, 14, 9]","[1, 0, 2, 1, 3, 2, 4, 3, 5, 4, 6, 5, 7, 6, 8, 7, 9, 0, 10, 9, 11, 10, 12, 11, 13, 12, 14, 13, 3, 8, 9, 14]",-2.596
19,42,"[3, 1, 3, 1, 1, 1, 2, 1, 1, 1, 1, 1, 1, 1, 1, 1, 1, 1, 1]","[1, 1, 2, 2, 1, 1, 3, 3, 3, 3, 3, 3, 3, 3, 3, 3, 3, 3, 3, 3, 3, 3, 3, 3, 1, 1, 3, 3, 3, 3, 3, 3, 3, 3, 3, 3, 3, 3, 3, 3, 3, 3]","[0, 1, 1, 2, 1, 3, 3, 4, 4, 5, 5, 6, 6, 7, 7, 8, 8, 9, 9, 10, 10, 11, 11, 12, 5, 13, 13, 14, 14, 15, 15, 16, 16, 17, 17, 18, 12, 3, 12, 7, 18, 13]","[1, 0, 2, 1, 3, 1, 4, 3, 5, 4, 6, 5, 7, 6, 8, 7, 9, 8, 10, 9, 11, 10, 12, 11, 13, 5, 14, 13, 15, 14, 16, 15, 17, 16, 18, 17, 3, 12, 7, 12, 13, 18]",-3.1926
30,68,"[1, 3, 1, 1, 1, 1, 1, 3, 1, 3, 1, 1, 3, 1, 1, 2, 1, 1, 1, 1, 1, 1, 3, 1, 3, 1, 1, 3, 1, 1]","[1, 1, 1, 1, 3, 3, 3, 3, 3, 3, 1, 1, 1, 1, 1, 1, 2, 2, 1, 1, 3, 3, 1, 1, 1, 1, 1, 1, 1, 1, 1, 1, 1, 1, 1, 1, 1, 1, 3, 3, 3, 3, 1, 1, 1, 1, 1, 1, 1, 1, 3, 3, 1, 1, 1, 1, 3, 3, 3, 3, 3, 3, 1, 1, 3, 3, 3, 3]","[0, 1, 1, 2, 2, 3, 3, 4, 4, 5, 5, 6, 6, 7, 7, 8, 8, 9, 8, 10, 10, 11, 11, 12, 12, 13, 6, 14, 14, 15, 15, 16, 15, 17, 17, 18, 18, 19, 19, 20, 20, 21, 21, 22, 22, 23, 23, 24, 24, 25, 25, 26, 26, 27, 27, 28, 26, 29, 11, 2, 10, 5, 29, 14, 29, 19, 25, 21]","[1, 0, 2, 1, 3, 2, 4, 3, 5, 4, 6, 5, 7, 6, 8, 7, 9, 8, 10, 8, 11, 10, 12, 11, 13, 12, 14, 6, 15, 14, 16, 15, 17, 15, 18, 17, 19, 18, 20, 19, 21, 20, 22, 21, 23, 22, 24, 23, 25, 24, 26, 25, 27, 26, 28, 27, 29, 26, 2, 11, 5, 10, 14, 29, 19, 29, 21, 25]",-3.1393
10,20,"[1, 1, 1, 1, 1, 3, 1, 1, 3, 1]","[1, 1, 1, 1, 1, 1, 1, 1, 2, 2, 1, 1, 1, 1, 2, 2, 1, 1, 1, 1]","[0, 1, 1, 2, 1, 3, 3, 4, 4, 5, 4, 6, 6, 7, 7, 8, 7, 9, 9, 1]","[1, 0, 2, 1, 3, 1, 4, 3, 5, 4, 6, 4, 7, 6, 8, 7, 9, 7, 1, 9]",-1.5276
43,102,"[1, 1, 1, 1, 1, 3, 1, 3, 1, 1, 3, 1, 1, 3, 1, 1, 3, 3, 1, 1, 1, 1, 1, 1, 3, 1, 1, 3, 1, 3, 1, 1, 3, 1, 1, 3, 1, 1, 3, 3, 1, 1, 1]","[1, 1, 2, 2, 1, 1, 1, 1, 1, 1, 1, 1, 2, 2, 1, 1, 1, 1, 1, 1, 1, 1, 1, 1, 1, 1, 1, 1, 1, 1, 2, 2, 1, 1, 1, 1, 1, 1, 1, 1, 1, 1, 1, 1, 1, 1, 1, 1, 1, 1, 1, 1, 1, 1, 2, 2, 1, 1, 1, 1, 1, 1, 1, 1, 1, 1, 1, 1, 1, 1, 1, 1, 2, 2, 1, 1, 1, 1, 1, 1, 1, 1, 1, 1, 1, 1, 1, 1, 1, 1, 1, 1, 1, 1, 1, 1, 1, 1, 1, 1, 1, 1]","[0, 1, 1, 2, 1, 3, 3, 4, 4, 5, 5, 6, 6, 7, 6, 8, 8, 9, 9, 10, 9, 11, 11, 12, 12, 13, 13, 14, 14, 15, 15, 16, 15, 17, 17, 18, 18, 19, 19, 20, 21, 22, 22, 23, 22, 24, 22, 25, 25, 26, 26, 27, 27, 28, 28, 29, 28, 30, 30, 31, 31, 32, 31, 33, 33, 34, 34, 35, 35, 36, 36, 37, 37, 38, 37, 39, 39, 40, 40, 41, 41, 42, 8, 3, 18, 4, 19, 9, 14, 12, 19, 14, 30, 25, 40, 26, 41, 31, 36, 34, 41, 36]","[1, 0, 2, 1, 3, 1, 4, 3, 5, 4, 6, 5, 7, 6, 8, 6, 9, 8, 10, 9, 11, 9, 12, 11, 13, 12, 14, 13, 15, 14, 16, 15, 17, 15, 18, 17, 19, 18, 20, 19, 22, 21, 23, 22, 24, 22, 25, 22, 26, 25, 27, 26, 28, 27, 29, 28, 30, 28, 31, 30, 32, 31, 33, 31, 34, 33, 35, 34, 36, 35, 37, 36, 38, 37, 39, 37, 40, 39, 41, 40, 42, 41, 3, 8, 4, 18, 9, 19, 12, 14, 14, 19, 25, 30, 26, 40, 31, 41, 34, 36, 36, 41]",-2.1672
14,30,"[2, 2, 1, 1, 1, 1, 1, 1, 1, 1, 1, 1, 1, 1]","[1, 1, 1, 1, 3, 3, 3, 3, 3, 3, 3, 3, 3, 3, 1, 1, 3, 3, 3, 3, 3, 3, 3, 3, 3, 3, 3, 3, 3, 3]","[0, 1, 1, 2, 2, 3, 3, 4, 4, 5, 5, 6, 6, 7, 0, 8, 8, 9, 9, 10, 10, 11, 11, 12, 12, 13, 7, 2, 13, 8]","[1, 0, 2, 1, 3, 2, 4, 3, 5, 4, 6, 5, 7, 6, 8, 0, 9, 8, 10, 9, 11, 10, 12, 11, 13, 12, 2, 7, 8, 13]",-2.9210000000000003
20,46,"[8, 8, 1, 8, 1, 1, 1, 1, 1, 1, 2, 1, 8, 1, 1, 1, 1, 1, 1, 2]","[1, 1, 1, 1, 3, 3, 3, 3, 3, 3, 3, 3, 3, 3, 3, 3, 3, 3, 3, 3, 1, 1, 3, 3, 3, 3, 3, 3, 3, 3, 3, 3, 3, 3, 3, 3, 3, 3, 3, 3, 3, 3, 3, 3, 3, 3]","[0, 1, 1, 2, 2, 3, 3, 4, 4, 5, 5, 6, 6, 7, 7, 8, 8, 9, 9, 10, 0, 11, 11, 12, 12, 13, 13, 14, 14, 15, 15, 16, 16, 17, 17, 18, 18, 19, 10, 2, 9, 4, 19, 11, 18, 13]","[1, 0, 2, 1, 3, 2, 4, 3, 5, 4, 6, 5, 7, 6, 8, 7, 9, 8, 10, 9, 11, 0, 12, 11, 13, 12, 14, 13, 15, 14, 16, 15, 17, 16, 18, 17, 19, 18, 2, 10, 4, 9, 11, 19, 13, 18]",-4.5218
28,58,"[1, 1, 1, 1, 2, 1, 1, 2, 1, 1, 1, 1, 1, 3, 2, 1, 1, 3, 1, 1, 1, 3, 2, 1, 1, 3, 1, 1]","[1, 1, 1, 1, 1, 1, 1, 1, 1, 1, 1, 1, 1, 1, 1, 1, 1, 1, 1, 1, 1, 1, 1, 1, 2, 2, 1, 1, 1, 1, 1, 1, 1, 1, 1, 1, 1, 1, 1, 1, 2, 2, 1, 1, 1, 1, 1, 1, 1, 1, 1, 1, 1, 1, 1, 1, 1, 1]","[0, 1, 1, 2, 2, 3, 3, 4, 4, 5, 5, 6, 6, 7, 7, 8, 8, 9, 9, 10, 10, 11, 7, 12, 12, 13, 12, 14, 14, 15, 15, 16, 16, 17, 17, 18, 18, 19, 4, 20, 20, 21, 20, 22, 22, 23, 23, 24, 24, 25, 25, 26, 26, 27, 19, 14, 27, 22]","[1, 0, 2, 1, 3, 2, 4, 3, 5, 4, 6, 5, 7, 6, 8, 7, 9, 8, 10, 9, 11, 10, 12, 7, 13, 12, 14, 12, 15, 14, 16, 15, 17, 16, 18, 17, 19, 18, 20, 4, 21, 20, 22, 20, 23, 22, 24, 23, 25, 24, 26, 25, 27, 26, 14, 19, 22, 27]",0.0985
12,24,"[1, 1, 3, 1, 1, 3, 1, 1, 3, 1, 1, 3]","[1, 1, 1, 1, 1, 1, 1, 1, 1, 1, 1, 1, 1, 1, 1, 1, 1, 1, 1, 1, 1, 1, 1, 1]","[0, 1, 1, 2, 2, 3, 3, 4, 3, 5, 5, 6, 6, 7, 6, 8, 8, 9, 9, 10, 9, 11, 11, 1]","[1, 0, 2, 1, 3, 2, 4, 3, 5, 3, 6, 5, 7, 6, 8, 6, 9, 8, 10, 9, 11, 9, 1, 11]",-2.8997
7,14,"[1, 1, 3, 1, 3, 1, 1]","[2, 2, 1, 1, 1, 1, 2, 2, 1, 1, 2, 2, 1, 1]","[0, 1, 1, 2, 2, 3, 3, 4, 3, 5, 5, 6, 6, 1]","[1, 0, 2, 1, 3, 2, 4, 3, 5, 3, 6, 5, 1, 6]",-0.9827
16,32,"[3, 1, 1, 1, 1, 3, 1, 1, 3, 1, 1, 1, 1, 3, 1, 1]","[1, 1, 3, 3, 3, 3, 3, 3, 1, 1, 3, 3, 3, 3, 2, 2, 1, 1, 2, 2, 1, 1, 2, 2, 1, 1, 2, 2, 3, 3, 1, 1]","[0, 1, 1, 2, 2, 3, 3, 4, 4, 5, 4, 6, 6, 7, 8, 9, 9, 10, 10, 11, 11, 12, 12, 13, 12, 14, 14, 15, 7, 1, 15, 9]","[1, 0, 2, 1, 3, 2, 4, 3, 5, 4, 6, 4, 7, 6, 9, 8, 10, 9, 11, 10, 12, 11, 13, 12, 14, 12, 15, 14, 1, 7, 9, 15]",-1.7305
21,46,"[1, 2, 1, 1, 1, 1, 1, 1, 1, 3, 1, 3, 1, 1, 3, 1, 1, 1, 1, 1, 1]","[1, 1, 1, 1, 1, 1, 1, 1, 1, 1, 1, 1, 1, 1, 1, 1, 1, 1, 1, 1, 2, 2, 1, 1, 1, 1, 1, 1, 1, 1, 3, 3, 3, 3, 3, 3, 3, 3, 3, 3, 1, 1, 1, 1, 3, 3]","[0, 1, 1, 2, 2, 3, 3, 4, 4, 5, 5, 6, 6, 7, 7, 8, 7, 9, 9, 10, 10, 11, 10, 12, 12, 13, 13, 14, 12, 15, 15, 16, 16, 17, 17, 18, 18, 19, 19, 20, 5, 1, 8, 2, 20, 15]","[1, 0, 2, 1, 3, 2, 4, 3, 5, 4, 6, 5, 7, 6, 8, 7, 9, 7, 10, 9, 11, 10, 12, 10, 13, 12, 14, 13, 15, 12, 16, 15, 17, 16, 18, 17, 19, 18, 20, 19, 1, 5, 2, 8, 15, 20]",-1.91
28,60,"[3, 1, 1, 1, 1, 1, 1, 1, 3, 1, 3, 1, 1, 3, 1, 3, 1, 1, 1, 1, 1, 1, 1, 3, 1, 3, 1, 3]","[1, 1, 1, 1, 3, 3, 3, 3, 3, 3, 3, 3, 3, 3, 1, 1, 1, 1, 1, 1, 1, 1, 1, 1, 1, 1, 1, 1, 2, 2, 1, 1, 3, 3, 3, 3, 3, 3, 3, 3, 3, 3, 1, 1, 1, 1, 1, 1, 1, 1, 1, 1, 1, 1, 3, 3, 1, 1, 3, 3]","[0, 1, 1, 2, 2, 3, 3, 4, 4, 5, 5, 6, 6, 7, 7, 8, 8, 9, 9, 10, 10, 11, 11, 12, 12, 13, 13, 14, 14, 15, 14, 16, 16, 17, 17, 18, 18, 19, 19, 20, 20, 21, 11, 22, 22, 23, 22, 24, 24, 25, 24, 26, 26, 27, 7, 2, 26, 9, 21, 16]","[1, 0, 2, 1, 3, 2, 4, 3, 5, 4, 6, 5, 7, 6, 8, 7, 9, 8, 10, 9, 11, 10, 12, 11, 13, 12, 14, 13, 15, 14, 16, 14, 17, 16, 18, 17, 19, 18, 20, 19, 21, 20, 22, 11, 23, 22, 24, 22, 25, 24, 26, 24, 27, 26, 2, 7, 9, 26, 16, 21]",-2.8925
20,42,"[4, 1, 1, 1, 1, 3, 1, 1, 3, 1, 3, 1, 1, 1, 1, 1, 1, 1, 4, 1]","[1, 1, 3, 3, 3, 3, 3, 3, 1, 1, 1, 1, 1, 1, 1, 1, 1, 1, 2, 2, 1, 1, 3, 3, 3, 3, 3, 3, 3, 3, 3, 3, 3, 3, 1, 1, 3, 3, 3, 3, 3, 3]","[0, 1, 1, 2, 2, 3, 3, 4, 4, 5, 5, 6, 6, 7, 7, 8, 8, 9, 9, 10, 9, 11, 11, 12, 12, 13, 13, 14, 14, 15, 15, 16, 4, 17, 17, 18, 17, 19, 19, 1, 16, 11]","[1, 0, 2, 1, 3, 2, 4, 3, 5, 4, 6, 5, 7, 6, 8, 7, 9, 8, 10, 9, 11, 9, 12, 11, 13, 12, 14, 13, 15, 14, 16, 15, 17, 4, 18, 17, 19, 17, 1, 19, 11, 16]",-3.8118
17,36,"[3, 1, 3, 1, 3, 1, 1, 1, 1, 1, 1, 1, 1, 1, 1, 1, 1]","[2, 2, 1, 1, 1, 1, 2, 2, 1, 1, 3, 3, 3, 3, 3, 3, 3, 3, 3, 3, 1, 1, 3, 3, 3, 3, 3, 3, 3, 3, 3, 3, 3, 3, 3, 3]","[0, 1, 1, 2, 2, 3, 3, 4, 3, 5, 5, 6, 6, 7, 7, 8, 8, 9, 9, 10, 1, 11, 11, 12, 12, 13, 13, 14, 14, 15, 15, 16, 10, 5, 16, 11]","[1, 0, 2, 1, 3, 2, 4, 3, 5, 3, 6, 5, 7, 6, 8, 7, 9, 8, 10, 9, 11, 1, 12, 11, 13, 12, 14, 13, 15, 14, 16, 15, 5, 10, 11, 16]",-4.3546
18,38,"[1, 2, 1, 1, 1, 2, 1, 1, 8, 1, 1, 1, 1, 1, 1, 1, 1, 2]","[1, 1, 1, 1, 1, 1, 1, 1, 1, 1, 1, 1, 1, 1, 3, 3, 3, 3, 3, 3, 3, 3, 1, 1, 3, 3, 3, 3, 3, 3, 3, 3, 3, 3, 3, 3, 3, 3]","[0, 1, 1, 2, 1, 3, 3, 4, 4, 5, 5, 6, 6, 7, 7, 8, 8, 9, 9, 10, 10, 11, 5, 12, 12, 13, 13, 14, 14, 15, 15, 16, 16, 17, 11, 7, 17, 12]","[1, 0, 2, 1, 3, 1, 4, 3, 5, 4, 6, 5, 7, 6, 8, 7, 9, 8, 10, 9, 11, 10, 12, 5, 13, 12, 14, 13, 15, 14, 16, 15, 17, 16, 7, 11, 12, 17]",-2.6383
17,40,"[1, 1, 1, 2, 1, 1, 1, 1, 1, 2, 1, 1, 1, 1, 1, 1, 1]","[1, 1, 1, 1, 1, 1, 1, 1, 1, 1, 1, 1, 1, 1, 1, 1, 1, 1, 1, 1, 1, 1, 1, 1, 1, 1, 1, 1, 1, 1, 1, 1, 1, 1, 1, 1, 1, 1, 1, 1]","[0, 1, 1, 2, 2, 3, 3, 4, 4, 5, 5, 6, 6, 7, 7, 8, 8, 9, 9, 10, 10, 11, 11, 12, 12, 13, 13, 14, 7, 15, 15, 16, 16, 0, 15, 3, 14, 5, 14, 9]","[1, 0, 2, 1, 3, 2, 4, 3, 5, 4, 6, 5, 7, 6, 8, 7, 9, 8, 10, 9, 11, 10, 12, 11, 13, 12, 14, 13, 15, 7, 16, 15, 0, 16, 3, 15, 5, 14, 9, 14]",-1.8871
19,42,"[1, 3, 1, 1, 1, 1, 1, 3, 3, 1, 1, 1, 3, 1, 1, 1, 1, 1, 1]","[1, 1, 1, 1, 3, 3, 3, 3, 3, 3, 3, 3, 2, 2, 3, 3, 3, 3, 3, 3, 3, 3, 1, 1, 1, 1, 1, 1, 1, 1, 1, 1, 2, 2, 1, 1, 3, 3, 3, 3, 3, 3]","[0, 1, 1, 2, 2, 3, 3, 4, 4, 5, 5, 6, 6, 7, 6, 8, 8, 9, 9, 10, 10, 11, 11, 12, 12, 13, 13, 14, 13, 15, 13, 16, 16, 17, 17, 18, 18, 2, 9, 3, 18, 11]","[1, 0, 2, 1, 3, 2, 4, 3, 5, 4, 6, 5, 7, 6, 8, 6, 9, 8, 10, 9, 11, 10, 12, 11, 13, 12, 14, 13, 15, 13, 16, 13, 17, 16, 18, 17, 2, 18, 3, 9, 11, 18]",-3.81
24,52,"[3, 1, 3, 1, 1, 1, 1, 1, 1, 1, 1, 1, 1, 1, 1, 1, 3, 3, 1, 1, 1, 1, 1, 1]","[2, 2, 1, 1, 1, 1, 3, 3, 3, 3, 3, 3, 3, 3, 3, 3, 1, 1, 3, 3, 3, 3, 3, 3, 3, 3, 3, 3, 1, 1, 2, 2, 1, 1, 1, 1, 3, 3, 3, 3, 3, 3, 3, 3, 3, 3, 3, 3, 3, 3, 3, 3]","[0, 1, 1, 2, 2, 3, 3, 4, 4, 5, 5, 6, 6, 7, 7, 8, 1, 9, 9, 10, 10, 11, 11, 12, 12, 13, 13, 14, 14, 15, 15, 16, 15, 17, 17, 18, 18, 19, 19, 20, 20, 21, 21, 22, 22, 23, 8, 3, 14, 9, 23, 18]","[1, 0, 2, 1, 3, 2, 4, 3, 5, 4, 6, 5, 7, 6, 8, 7, 9, 1, 10, 9, 11, 10, 12, 11, 13, 12, 14, 13, 15, 14, 16, 15, 17, 15, 18, 17, 19, 18, 20, 19, 21, 20, 22, 21, 23, 22, 3, 8, 9, 14, 18, 23]",-6.5891
18,40,"[1, 1, 1, 1, 1, 1, 1, 1, 1, 1, 1, 1, 1, 1, 1, 1, 1, 1]","[3, 3, 3, 3, 3, 3, 3, 3, 3, 3, 1, 1, 3, 3, 3, 3, 3, 3, 3, 3, 3, 3, 1, 1, 3, 3, 3, 3, 3, 3, 3, 3, 3, 3, 3, 3, 3, 3, 3, 3]","[0, 1, 1, 2, 2, 3, 3, 4, 4, 5, 3, 6, 6, 7, 7, 8, 8, 9, 9, 10, 10, 11, 11, 12, 12, 13, 13, 14, 14, 15, 15, 16, 16, 17, 5, 0, 11, 6, 17, 12]","[1, 0, 2, 1, 3, 2, 4, 3, 5, 4, 6, 3, 7, 6, 8, 7, 9, 8, 10, 9, 11, 10, 12, 11, 13, 12, 14, 13, 15, 14, 16, 15, 17, 16, 0, 5, 6, 11, 12, 17]",-5.2692
27,58,"[1, 1, 1, 1, 2, 1, 1, 3, 2, 1, 3, 2, 1, 2, 1, 1, 3, 1, 3, 1, 3, 1, 3, 1, 1, 1, 1]","[1, 1, 3, 3, 3, 3, 3, 3, 3, 3, 3, 3, 2, 2, 3, 3, 3, 3, 2, 2, 3, 3, 3, 3, 3, 3, 1, 1, 1, 1, 1, 1, 1, 1, 1, 1, 1, 1, 1, 1, 1, 1, 1, 1, 3, 3, 3, 3, 3, 3, 1, 1, 3, 3, 3, 3, 1, 1]","[0, 1, 1, 2, 2, 3, 3, 4, 4, 5, 5, 6, 6, 7, 6, 8, 8, 9, 9, 10, 9, 11, 11, 12, 12, 13, 13, 14, 14, 15, 15, 16, 15, 17, 17, 18, 17, 19, 19, 20, 19, 21, 21, 22, 13, 23, 23, 24, 24, 25, 25, 26, 25, 1, 23, 3, 12, 5]","[1, 0, 2, 1, 3, 2, 4, 3, 5, 4, 6, 5, 7, 6, 8, 6, 9, 8, 10, 9, 11, 9, 12, 11, 13, 12, 14, 13, 15, 14, 16, 15, 17, 15, 18, 17, 19, 17, 20, 19, 21, 19, 22, 21, 23, 13, 24, 23, 25, 24, 26, 25, 1, 25, 3, 23, 5, 12]",-3.6478
29,66,"[1, 3, 1, 1, 1, 3, 1, 1, 3, 1, 1, 1, 1, 3, 1, 1, 1, 1, 1, 3, 1, 1, 1, 1, 3, 1, 1, 1, 1]","[1, 1, 1, 1, 3, 3, 3, 3, 1, 1, 1, 1, 1, 1, 1, 1, 1, 1, 3, 3, 1, 1, 1, 1, 1, 1, 1, 1, 3, 3, 3, 3, 3, 3, 1, 1, 2, 2, 1, 1, 1, 1, 3, 3, 3, 3, 1, 1, 1, 1, 1, 1, 1, 1, 2, 2, 3, 3, 3, 3, 1, 1, 3, 3, 3, 3]","[0, 1, 1, 2, 2, 3, 3, 4, 4, 5, 5, 6, 6, 7, 7, 8, 8, 9, 9, 10, 10, 11, 11, 12, 12, 13, 13, 14, 14, 15, 15, 16, 16, 17, 17, 18, 18, 19, 18, 20, 20, 21, 21, 22, 22, 23, 23, 24, 24, 25, 12, 26, 26, 27, 26, 28, 23, 2, 21, 4, 20, 7, 17, 9, 14, 10]","[1, 0, 2, 1, 3, 2, 4, 3, 5, 4, 6, 5, 7, 6, 8, 7, 9, 8, 10, 9, 11, 10, 12, 11, 13, 12, 14, 13, 15, 14, 16, 15, 17, 16, 18, 17, 19, 18, 20, 18, 21, 20, 22, 21, 23, 22, 24, 23, 25, 24, 26, 12, 27, 26, 28, 26, 2, 23, 4, 21, 7, 20, 9, 17, 10, 14]",-6.2949
17,36,"[1, 1, 1, 1, 1, 3, 1, 1, 3, 1, 1, 1, 1, 1, 1, 1, 3]","[1, 1, 1, 1, 1, 1, 1, 1, 2, 2, 1, 1, 1, 1, 2, 2, 1, 1, 3, 3, 3, 3, 3, 3, 3, 3, 3, 3, 1, 1, 2, 2, 1, 1, 3, 3]","[0, 1, 1, 2, 1, 3, 1, 4, 4, 5, 4, 6, 6, 7, 7, 8, 7, 9, 9, 10, 10, 11, 11, 12, 12, 13, 13, 14, 14, 15, 15, 16, 15, 6, 14, 9]","[1, 0, 2, 1, 3, 1, 4, 1, 5, 4, 6, 4, 7, 6, 8, 7, 9, 7, 10, 9, 11, 10, 12, 11, 13, 12, 14, 13, 15, 14, 16, 15, 6, 15, 9, 14]",-4.107
20,44,"[1, 2, 1, 1, 2, 1, 1, 1, 1, 1, 1, 1, 1, 1, 1, 1, 1, 1, 1, 1]","[1, 1, 1, 1, 1, 1, 1, 1, 1, 1, 1, 1, 1, 1, 1, 1, 3, 3, 3, 3, 3, 3, 3, 3, 3, 3, 1, 1, 3, 3, 3, 3, 3, 3, 3, 3, 3, 3, 1, 1, 3, 3, 3, 3]","[0, 1, 1, 2, 2, 3, 3, 4, 4, 5, 5, 6, 4, 7, 7, 8, 8, 9, 9, 10, 10, 11, 11, 12, 12, 13, 7, 14, 14, 15, 15, 16, 16, 17, 17, 18, 18, 19, 6, 1, 13, 8, 19, 14]","[1, 0, 2, 1, 3, 2, 4, 3, 5, 4, 6, 5, 7, 4, 8, 7, 9, 8, 10, 9, 11, 10, 12, 11, 13, 12, 14, 7, 15, 14, 16, 15, 17, 16, 18, 17, 19, 18, 1, 6, 8, 13, 14, 19]",-2.4255
17,36,"[1, 2, 1, 1, 1, 1, 1, 4, 1, 1, 8, 3, 3, 1, 1, 1, 3]","[1, 1, 1, 1, 1, 1, 3, 3, 3, 3, 3, 3, 1, 1, 3, 3, 3, 3, 1, 1, 2, 2, 2, 2, 1, 1, 1, 1, 1, 1, 2, 2, 1, 1, 3, 3]","[0, 1, 1, 2, 2, 3, 3, 4, 4, 5, 5, 6, 6, 7, 6, 8, 8, 9, 2, 10, 10, 11, 10, 12, 10, 13, 13, 14, 14, 15, 15, 16, 15, 1, 9, 3]","[1, 0, 2, 1, 3, 2, 4, 3, 5, 4, 6, 5, 7, 6, 8, 6, 9, 8, 10, 2, 11, 10, 12, 10, 13, 10, 14, 13, 15, 14, 16, 15, 1, 15, 3, 9]",-2.0394
20,42,"[1, 1, 1, 3, 3, 1, 1, 1, 1, 1, 1, 1, 1, 1, 1, 1, 1, 1, 1, 1]","[1, 1, 1, 1, 1, 1, 1, 1, 1, 1, 1, 1, 1, 1, 1, 1, 3, 3, 3, 3, 3, 3, 3, 3, 3, 3, 1, 1, 3, 3, 3, 3, 3, 3, 3, 3, 3, 3, 3, 3, 3, 3]","[0, 1, 1, 2, 1, 3, 3, 4, 4, 5, 5, 6, 5, 7, 5, 8, 8, 9, 9, 10, 10, 11, 11, 12, 12, 13, 1, 14, 14, 15, 15, 16, 16, 17, 17, 18, 18, 19, 13, 8, 19, 14]","[1, 0, 2, 1, 3, 1, 4, 3, 5, 4, 6, 5, 7, 5, 8, 5, 9, 8, 10, 9, 11, 10, 12, 11, 13, 12, 14, 1, 15, 14, 16, 15, 17, 16, 18, 17, 19, 18, 8, 13, 14, 19]",-5.7692
22,48,"[2, 8, 3, 3, 1, 1, 1, 1, 1, 1, 4, 1, 3, 2, 1, 3, 1, 1, 1, 1, 1, 1]","[1, 1, 2, 2, 2, 2, 1, 1, 3, 3, 3, 3, 3, 3, 3, 3, 3, 3, 1, 1, 1, 1, 1, 1, 1, 1, 1, 1, 2, 2, 1, 1, 3, 3, 3, 3, 3, 3, 3, 3, 3, 3, 3, 3, 1, 1, 3, 3]","[0, 1, 1, 2, 1, 3, 1, 4, 4, 5, 5, 6, 6, 7, 7, 8, 8, 9, 9, 10, 6, 11, 11, 12, 11, 13, 13, 14, 14, 15, 14, 16, 16, 17, 17, 18, 18, 19, 19, 20, 20, 21, 9, 4, 21, 11, 21, 16]","[1, 0, 2, 1, 3, 1, 4, 1, 5, 4, 6, 5, 7, 6, 8, 7, 9, 8, 10, 9, 11, 6, 12, 11, 13, 11, 14, 13, 15, 14, 16, 14, 17, 16, 18, 17, 19, 18, 20, 19, 21, 20, 4, 9, 11, 21, 16, 21]",-3.4507
20,42,"[3, 1, 1, 3, 2, 1, 3, 2, 1, 3, 1, 3, 1, 3, 2, 1, 3, 2, 1, 3]","[1, 1, 1, 1, 2, 2, 1, 1, 1, 1, 2, 2, 1, 1, 1, 1, 2, 2, 1, 1, 1, 1, 1, 1, 2, 2, 1, 1, 1, 1, 2, 2, 1, 1, 1, 1, 2, 2, 1, 1, 1, 1]","[0, 1, 1, 2, 2, 3, 2, 4, 4, 5, 5, 6, 5, 7, 7, 8, 8, 9, 1, 10, 10, 11, 10, 12, 12, 13, 12, 14, 14, 15, 15, 16, 15, 17, 17, 18, 18, 19, 8, 1, 18, 10]","[1, 0, 2, 1, 3, 2, 4, 2, 5, 4, 6, 5, 7, 5, 8, 7, 9, 8, 10, 1, 11, 10, 12, 10, 13, 12, 14, 12, 15, 14, 16, 15, 17, 15, 18, 17, 19, 18, 1, 8, 10, 18]",-1.9942
18,38,"[1, 1, 1, 2, 1, 3, 1, 1, 1, 1, 4, 1, 1, 2, 8, 2, 3, 3]","[1, 1, 1, 1, 1, 1, 1, 1, 2, 2, 1, 1, 3, 3, 3, 3, 3, 3, 1, 1, 3, 3, 3, 3, 1, 1, 1, 1, 1, 1, 2, 2, 2, 2, 1, 1, 3, 3]","[0, 1, 1, 2, 2, 3, 3, 4, 4, 5, 4, 6, 6, 7, 7, 8, 8, 9, 9, 10, 9, 11, 11, 12, 12, 13, 8, 14, 14, 15, 14, 16, 14, 17, 13, 2, 12, 6]","[1, 0, 2, 1, 3, 2, 4, 3, 5, 4, 6, 4, 7, 6, 8, 7, 9, 8, 10, 9, 11, 9, 12, 11, 13, 12, 14, 8, 15, 14, 16, 14, 17, 14, 2, 13, 6, 12]",-3.2859
27,58,"[2, 8, 3, 3, 1, 1, 1, 1, 2, 1, 1, 1, 1, 1, 1, 1, 1, 2, 8, 3, 3, 1, 1, 1, 6, 6, 6]","[1, 1, 2, 2, 2, 2, 1, 1, 3, 3, 3, 3, 3, 3, 1, 1, 1, 1, 1, 1, 1, 1, 3, 3, 3, 3, 3, 3, 3, 3, 3, 3, 1, 1, 1, 1, 2, 2, 2, 2, 3, 3, 3, 3, 1, 1, 1, 1, 1, 1, 1, 1, 3, 3, 1, 1, 3, 3]","[0, 1, 1, 2, 1, 3, 1, 4, 4, 5, 5, 6, 6, 7, 7, 8, 8, 9, 9, 10, 10, 11, 11, 12, 12, 13, 13, 14, 14, 15, 15, 16, 9, 17, 17, 18, 18, 19, 18, 20, 7, 21, 21, 22, 22, 23, 23, 24, 23, 25, 23, 26, 22, 4, 18, 6, 16, 11]","[1, 0, 2, 1, 3, 1, 4, 1, 5, 4, 6, 5, 7, 6, 8, 7, 9, 8, 10, 9, 11, 10, 12, 11, 13, 12, 14, 13, 15, 14, 16, 15, 17, 9, 18, 17, 19, 18, 20, 18, 21, 7, 22, 21, 23, 22, 24, 23, 25, 23, 26, 23, 4, 22, 6, 18, 11, 16]",-3.5913
23,48,"[3, 1, 1, 3, 1, 3, 1, 1, 3, 1, 3, 1, 3, 3, 1, 1, 3, 1, 3, 1, 3, 1, 3]","[1, 1, 1, 1, 1, 1, 1, 1, 1, 1, 1, 1, 1, 1, 1, 1, 1, 1, 1, 1, 1, 1, 1, 1, 1, 1, 1, 1, 1, 1, 1, 1, 1, 1, 1, 1, 1, 1, 1, 1, 1, 1, 1, 1, 1, 1, 1, 1]","[0, 1, 1, 2, 2, 3, 3, 4, 4, 5, 5, 6, 6, 7, 7, 8, 7, 9, 9, 10, 9, 11, 11, 12, 11, 13, 13, 14, 14, 15, 15, 16, 4, 17, 17, 18, 17, 19, 19, 20, 19, 21, 21, 22, 21, 2, 14, 6]","[1, 0, 2, 1, 3, 2, 4, 3, 5, 4, 6, 5, 7, 6, 8, 7, 9, 7, 10, 9, 11, 9, 12, 11, 13, 11, 14, 13, 15, 14, 16, 15, 17, 4, 18, 17, 19, 17, 20, 19, 21, 19, 22, 21, 2, 21, 6, 14]",0.3577
10,22,"[3, 1, 2, 1, 2, 1, 2, 1, 2, 1]","[2, 2, 3, 3, 3, 3, 3, 3, 3, 3, 3, 3, 3, 3, 3, 3, 3, 3, 3, 3, 3, 3]","[0, 1, 1, 2, 2, 3, 3, 4, 4, 5, 5, 6, 6, 7, 7, 8, 8, 9, 9, 1, 9, 5]","[1, 0, 2, 1, 3, 2, 4, 3, 5, 4, 6, 5, 7, 6, 8, 7, 9, 8, 1, 9, 5, 9]",-2.2888
21,48,"[1, 2, 1, 3, 1, 1, 1, 1, 1, 1, 1, 3, 1, 2, 1, 3, 1, 1, 3, 8, 8]","[1, 1, 1, 1, 2, 2, 1, 1, 1, 1, 1, 1, 2, 2, 1, 1, 2, 2, 1, 1, 1, 1, 1, 1, 1, 1, 1, 1, 2, 2, 1, 1, 1, 1, 1, 1, 1, 1, 1, 1, 1, 1, 1, 1, 1, 1, 1, 1]","[0, 1, 1, 2, 2, 3, 2, 4, 4, 5, 5, 6, 6, 7, 7, 8, 8, 9, 9, 10, 10, 11, 10, 12, 12, 13, 13, 14, 14, 15, 14, 16, 16, 17, 17, 18, 16, 19, 19, 20, 16, 1, 13, 4, 20, 4, 12, 6]","[1, 0, 2, 1, 3, 2, 4, 2, 5, 4, 6, 5, 7, 6, 8, 7, 9, 8, 10, 9, 11, 10, 12, 10, 13, 12, 14, 13, 15, 14, 16, 14, 17, 16, 18, 17, 19, 16, 20, 19, 1, 16, 4, 13, 4, 20, 6, 12]",-3.6687
47,108,"[1, 2, 1, 1, 1, 1, 3, 1, 1, 3, 1, 1, 1, 1, 1, 1, 1, 1, 1, 3, 1, 1, 2, 1, 1, 1, 1, 3, 1, 1, 3, 1, 1, 1, 1, 1, 1, 1, 1, 1, 3, 1, 3, 8, 3, 3, 3]","[1, 1, 1, 1, 1, 1, 1, 1, 1, 1, 1, 1, 1, 1, 3, 3, 1, 1, 3, 3, 3, 3, 3, 3, 1, 1, 1, 1, 1, 1, 1, 1, 2, 2, 1, 1, 1, 1, 3, 3, 1, 1, 1, 1, 1, 1, 1, 1, 1, 1, 1, 1, 1, 1, 3, 3, 1, 1, 3, 3, 3, 3, 3, 3, 1, 1, 1, 1, 1, 1, 1, 1, 2, 2, 1, 1, 1, 1, 3, 3, 1, 1, 1, 1, 2, 2, 2, 2, 1, 1, 1, 1, 1, 1, 1, 1, 3, 3, 1, 1, 1, 1, 1, 1, 1, 1, 3, 3]","[0, 1, 1, 2, 2, 3, 3, 4, 4, 5, 5, 6, 6, 7, 7, 8, 8, 9, 8, 10, 10, 11, 11, 12, 12, 13, 13, 14, 14, 15, 15, 16, 16, 17, 17, 18, 18, 19, 12, 20, 21, 22, 22, 23, 23, 24, 24, 25, 25, 26, 26, 27, 27, 28, 28, 29, 29, 30, 29, 31, 31, 32, 32, 33, 33, 34, 34, 35, 35, 36, 36, 37, 37, 38, 38, 39, 39, 40, 33, 41, 42, 43, 43, 44, 43, 45, 43, 46, 14, 1, 15, 4, 20, 4, 18, 5, 20, 7, 35, 22, 36, 25, 41, 25, 39, 26, 41, 28]","[1, 0, 2, 1, 3, 2, 4, 3, 5, 4, 6, 5, 7, 6, 8, 7, 9, 8, 10, 8, 11, 10, 12, 11, 13, 12, 14, 13, 15, 14, 16, 15, 17, 16, 18, 17, 19, 18, 20, 12, 22, 21, 23, 22, 24, 23, 25, 24, 26, 25, 27, 26, 28, 27, 29, 28, 30, 29, 31, 29, 32, 31, 33, 32, 34, 33, 35, 34, 36, 35, 37, 36, 38, 37, 39, 38, 40, 39, 41, 33, 43, 42, 44, 43, 45, 43, 46, 43, 1, 14, 4, 15, 4, 20, 5, 18, 7, 20, 22, 35, 25, 36, 25, 41, 26, 39, 28, 41]",-1.0157
11,22,"[1, 3, 1, 3, 1, 1, 1, 1, 2, 1, 1]","[1, 1, 1, 1, 2, 2, 1, 1, 2, 2, 1, 1, 1, 1, 1, 1, 1, 1, 1, 1, 1, 1]","[0, 1, 1, 2, 2, 3, 2, 4, 4, 5, 5, 6, 6, 7, 7, 8, 8, 9, 8, 10, 10, 4]","[1, 0, 2, 1, 3, 2, 4, 2, 5, 4, 6, 5, 7, 6, 8, 7, 9, 8, 10, 8, 4, 10]",0.8091
42,96,"[1, 1, 1, 1, 1, 3, 3, 1, 1, 1, 1, 1, 1, 1, 1, 1, 1, 3, 1, 1, 3, 1, 3, 1, 1, 2, 1, 1, 1, 1, 1, 1, 1, 1, 3, 1, 3, 1, 1, 3, 1, 3]","[1, 1, 2, 2, 1, 1, 1, 1, 2, 2, 1, 1, 1, 1, 1, 1, 1, 1, 1, 1, 1, 1, 1, 1, 1, 1, 1, 1, 1, 1, 1, 1, 1, 1, 1, 1, 1, 1, 1, 1, 1, 1, 1, 1, 1, 1, 1, 1, 1, 1, 1, 1, 1, 1, 1, 1, 1, 1, 1, 1, 1, 1, 1, 1, 1, 1, 1, 1, 1, 1, 1, 1, 1, 1, 1, 1, 1, 1, 1, 1, 1, 1, 1, 1, 1, 1, 1, 1, 1, 1, 1, 1, 1, 1, 1, 1]","[0, 1, 1, 2, 2, 3, 2, 4, 4, 5, 4, 6, 6, 7, 7, 8, 8, 9, 9, 10, 10, 11, 10, 12, 12, 13, 13, 14, 14, 15, 15, 16, 16, 17, 16, 18, 18, 19, 19, 20, 19, 21, 21, 22, 21, 23, 23, 24, 24, 25, 25, 26, 26, 27, 27, 28, 27, 29, 29, 30, 30, 31, 31, 32, 32, 33, 32, 34, 23, 35, 35, 36, 35, 37, 37, 38, 38, 39, 39, 40, 40, 41, 40, 7, 38, 10, 40, 12, 38, 15, 35, 16, 32, 21, 31, 25]","[1, 0, 2, 1, 3, 2, 4, 2, 5, 4, 6, 4, 7, 6, 8, 7, 9, 8, 10, 9, 11, 10, 12, 10, 13, 12, 14, 13, 15, 14, 16, 15, 17, 16, 18, 16, 19, 18, 20, 19, 21, 19, 22, 21, 23, 21, 24, 23, 25, 24, 26, 25, 27, 26, 28, 27, 29, 27, 30, 29, 31, 30, 32, 31, 33, 32, 34, 32, 35, 23, 36, 35, 37, 35, 38, 37, 39, 38, 40, 39, 41, 40, 7, 40, 10, 38, 12, 40, 15, 38, 16, 35, 21, 32, 25, 31]",-3.0163
19,46,"[4, 1, 1, 4, 1, 4, 1, 1, 1, 1, 1, 3, 1, 1, 1, 4, 1, 4, 4]","[1, 1, 2, 2, 1, 1, 1, 1, 1, 1, 1, 1, 1, 1, 1, 1, 1, 1, 1, 1, 1, 1, 1, 1, 1, 1, 1, 1, 1, 1, 1, 1, 1, 1, 1, 1, 1, 1, 1, 1, 1, 1, 1, 1, 1, 1]","[0, 1, 1, 2, 2, 3, 2, 4, 4, 5, 4, 6, 6, 7, 7, 8, 8, 9, 9, 10, 10, 11, 11, 12, 9, 13, 13, 14, 14, 15, 14, 16, 16, 17, 16, 18, 14, 1, 16, 4, 13, 6, 12, 7, 12, 10]","[1, 0, 2, 1, 3, 2, 4, 2, 5, 4, 6, 4, 7, 6, 8, 7, 9, 8, 10, 9, 11, 10, 12, 11, 13, 9, 14, 13, 15, 14, 16, 14, 17, 16, 18, 16, 1, 14, 4, 16, 6, 13, 7, 12, 10, 12]",-6.2908
19,38,"[4, 1, 1, 2, 1, 1, 1, 2, 1, 8, 1, 1, 1, 3, 1, 1, 1, 2, 2]","[1, 1, 3, 3, 3, 3, 3, 3, 1, 1, 1, 1, 3, 3, 3, 3, 3, 3, 1, 1, 1, 1, 1, 1, 3, 3, 1, 1, 3, 3, 1, 1, 3, 3, 3, 3, 3, 3]","[1, 2, 2, 3, 3, 4, 4, 5, 5, 6, 6, 7, 7, 8, 8, 9, 9, 10, 10, 11, 11, 12, 12, 13, 10, 14, 14, 15, 5, 16, 16, 17, 16, 18, 18, 2, 14, 7]","[2, 1, 3, 2, 4, 3, 5, 4, 6, 5, 7, 6, 8, 7, 9, 8, 10, 9, 11, 10, 12, 11, 13, 12, 14, 10, 15, 14, 16, 5, 17, 16, 18, 16, 2, 18, 7, 14]",0.2207
21,46,"[2, 1, 1, 1, 1, 1, 1, 8, 3, 3, 2, 1, 1, 2, 1, 1, 1, 1, 1, 1, 2]","[1, 1, 3, 3, 3, 3, 3, 3, 3, 3, 3, 3, 1, 1, 2, 2, 2, 2, 1, 1, 1, 1, 3, 3, 3, 3, 3, 3, 3, 3, 3, 3, 3, 3, 3, 3, 3, 3, 3, 3, 3, 3, 3, 3, 3, 3]","[0, 1, 1, 2, 2, 3, 3, 4, 4, 5, 5, 6, 4, 7, 7, 8, 7, 9, 7, 10, 10, 11, 11, 12, 12, 13, 13, 14, 14, 15, 15, 16, 16, 17, 17, 18, 18, 19, 19, 20, 6, 1, 20, 11, 19, 14]","[1, 0, 2, 1, 3, 2, 4, 3, 5, 4, 6, 5, 7, 4, 8, 7, 9, 7, 10, 7, 11, 10, 12, 11, 13, 12, 14, 13, 15, 14, 16, 15, 17, 16, 18, 17, 19, 18, 20, 19, 1, 6, 11, 20, 14, 19]",-4.6026
21,46,"[1, 2, 1, 1, 2, 3, 1, 1, 1, 1, 4, 1, 1, 1, 2, 1, 1, 1, 1, 1, 1]","[1, 1, 2, 2, 1, 1, 1, 1, 1, 1, 1, 1, 2, 2, 3, 3, 3, 3, 1, 1, 3, 3, 3, 3, 3, 3, 2, 2, 1, 1, 3, 3, 3, 3, 3, 3, 3, 3, 3, 3, 1, 1, 3, 3, 3, 3]","[0, 1, 1, 2, 2, 3, 3, 4, 4, 5, 4, 6, 6, 7, 7, 8, 8, 9, 9, 10, 9, 11, 11, 12, 12, 13, 13, 14, 6, 15, 15, 16, 16, 17, 17, 18, 18, 19, 19, 20, 14, 2, 13, 7, 20, 15]","[1, 0, 2, 1, 3, 2, 4, 3, 5, 4, 6, 4, 7, 6, 8, 7, 9, 8, 10, 9, 11, 9, 12, 11, 13, 12, 14, 13, 15, 6, 16, 15, 17, 16, 18, 17, 19, 18, 20, 19, 2, 14, 7, 13, 15, 20]",-2.1757
18,40,"[4, 1, 1, 1, 1, 1, 4, 1, 4, 1, 1, 4, 1, 4, 1, 4, 4, 4]","[1, 1, 1, 1, 1, 1, 1, 1, 1, 1, 1, 1, 1, 1, 1, 1, 1, 1, 2, 2, 1, 1, 1, 1, 1, 1, 1, 1, 1, 1, 1, 1, 1, 1, 1, 1, 1, 1, 1, 1]","[0, 1, 1, 2, 2, 3, 3, 4, 4, 5, 5, 6, 4, 7, 7, 8, 7, 9, 9, 10, 10, 11, 10, 12, 12, 13, 12, 14, 14, 15, 14, 16, 9, 17, 5, 1, 12, 3, 14, 7]","[1, 0, 2, 1, 3, 2, 4, 3, 5, 4, 6, 5, 7, 4, 8, 7, 9, 7, 10, 9, 11, 10, 12, 10, 13, 12, 14, 12, 15, 14, 16, 14, 17, 9, 1, 5, 3, 12, 7, 14]",-6.8644
14,32,"[1, 1, 1, 1, 1, 1, 3, 1, 1, 1, 3, 3, 1, 3]","[1, 1, 1, 1, 1, 1, 1, 1, 1, 1, 1, 1, 1, 1, 1, 1, 1, 1, 2, 2, 1, 1, 1, 1, 2, 2, 1, 1, 1, 1, 1, 1]","[0, 1, 1, 2, 2, 3, 3, 4, 4, 5, 5, 6, 5, 7, 7, 8, 7, 9, 9, 10, 9, 11, 11, 12, 12, 13, 7, 1, 12, 1, 6, 2]","[1, 0, 2, 1, 3, 2, 4, 3, 5, 4, 6, 5, 7, 5, 8, 7, 9, 7, 10, 9, 11, 9, 12, 11, 13, 12, 1, 7, 1, 12, 2, 6]",-3.8156
12,26,"[1, 2, 1, 1, 1, 1, 1, 1, 1, 1, 2, 1]","[1, 1, 1, 1, 1, 1, 1, 1, 1, 1, 1, 1, 3, 3, 3, 3, 3, 3, 3, 3, 3, 3, 1, 1, 3, 3]","[0, 1, 1, 2, 2, 3, 3, 4, 4, 5, 5, 6, 6, 7, 7, 8, 8, 9, 9, 10, 10, 11, 5, 1, 11, 6]","[1, 0, 2, 1, 3, 2, 4, 3, 5, 4, 6, 5, 7, 6, 8, 7, 9, 8, 10, 9, 11, 10, 1, 5, 6, 11]",0.7898
11,26,"[8, 7, 2, 1, 1, 2, 1, 1, 2, 1, 1]","[2, 2, 1, 1, 1, 1, 1, 1, 1, 1, 1, 1, 1, 1, 1, 1, 1, 1, 1, 1, 1, 1, 1, 1, 1, 1]","[0, 1, 1, 2, 2, 3, 3, 4, 1, 5, 5, 6, 6, 7, 1, 8, 8, 9, 9, 10, 4, 2, 7, 5, 10, 8]","[1, 0, 2, 1, 3, 2, 4, 3, 5, 1, 6, 5, 7, 6, 8, 1, 9, 8, 10, 9, 2, 4, 5, 7, 8, 10]",0.0018
44,98,"[1, 3, 1, 1, 1, 1, 1, 2, 1, 1, 1, 1, 2, 1, 1, 1, 3, 1, 1, 1, 1, 1, 1, 1, 1, 1, 3, 3, 1, 3, 1, 3, 1, 1, 1, 3, 1, 1, 3, 1, 1, 3, 1, 1]","[1, 1, 1, 1, 1, 1, 1, 1, 1, 1, 1, 1, 1, 1, 1, 1, 1, 1, 1, 1, 3, 3, 3, 3, 3, 3, 3, 3, 3, 3, 1, 1, 1, 1, 3, 3, 3, 3, 3, 3, 1, 1, 1, 1, 1, 1, 1, 1, 1, 1, 2, 2, 1, 1, 1, 1, 1, 1, 1, 1, 2, 2, 1, 1, 3, 3, 3, 3, 1, 1, 1, 1, 3, 3, 1, 1, 1, 1, 3, 3, 1, 1, 1, 1, 3, 3, 1, 1, 1, 1, 1, 1, 3, 3, 3, 3, 3, 3]","[0, 1, 1, 2, 2, 3, 3, 4, 4, 5, 5, 6, 6, 7, 7, 8, 8, 9, 9, 10, 10, 11, 11, 12, 12, 13, 13, 14, 14, 15, 15, 16, 16, 17, 15, 18, 18, 19, 19, 20, 11, 21, 21, 22, 22, 23, 23, 24, 24, 25, 25, 26, 25, 27, 27, 28, 3, 29, 29, 30, 30, 31, 30, 32, 32, 33, 33, 34, 34, 35, 35, 36, 34, 37, 37, 38, 38, 39, 37, 40, 40, 41, 41, 42, 40, 43, 24, 2, 23, 5, 21, 7, 20, 10, 20, 13, 43, 32]","[1, 0, 2, 1, 3, 2, 4, 3, 5, 4, 6, 5, 7, 6, 8, 7, 9, 8, 10, 9, 11, 10, 12, 11, 13, 12, 14, 13, 15, 14, 16, 15, 17, 16, 18, 15, 19, 18, 20, 19, 21, 11, 22, 21, 23, 22, 24, 23, 25, 24, 26, 25, 27, 25, 28, 27, 29, 3, 30, 29, 31, 30, 32, 30, 33, 32, 34, 33, 35, 34, 36, 35, 37, 34, 38, 37, 39, 38, 40, 37, 41, 40, 42, 41, 43, 40, 2, 24, 5, 23, 7, 21, 10, 20, 13, 20, 32, 43]",-3.9208
61,124,"[1, 1, 1, 1, 1, 1, 1, 1, 1, 1, 1, 1, 1, 1, 1, 1, 1, 1, 1, 1, 1, 3, 2, 1, 1, 2, 1, 1, 2, 1, 1, 2, 1, 1, 2, 1, 3, 1, 1, 1, 1, 1, 1, 1, 1, 1, 1, 1, 1, 1, 1, 1, 1, 1, 1, 1, 1, 1, 3, 1, 3]","[1, 1, 1, 1, 1, 1, 1, 1, 1, 1, 1, 1, 1, 1, 1, 1, 1, 1, 1, 1, 1, 1, 1, 1, 1, 1, 1, 1, 1, 1, 1, 1, 1, 1, 1, 1, 1, 1, 1, 1, 2, 2, 1, 1, 1, 1, 1, 1, 1, 1, 1, 1, 1, 1, 1, 1, 1, 1, 1, 1, 1, 1, 1, 1, 1, 1, 1, 1, 1, 1, 2, 2, 1, 1, 1, 1, 1, 1, 1, 1, 1, 1, 1, 1, 1, 1, 1, 1, 1, 1, 1, 1, 1, 1, 1, 1, 1, 1, 1, 1, 1, 1, 1, 1, 1, 1, 1, 1, 1, 1, 1, 1, 1, 1, 2, 2, 1, 1, 2, 2, 1, 1, 1, 1]","[0, 1, 1, 2, 2, 3, 3, 4, 4, 5, 5, 6, 6, 7, 7, 8, 8, 9, 9, 10, 10, 11, 11, 12, 12, 13, 13, 14, 14, 15, 15, 16, 16, 17, 17, 18, 18, 19, 19, 20, 20, 21, 20, 22, 22, 23, 23, 24, 24, 25, 25, 26, 26, 27, 27, 28, 28, 29, 29, 30, 30, 31, 31, 32, 32, 33, 33, 34, 34, 35, 35, 36, 35, 37, 37, 38, 38, 39, 39, 40, 40, 41, 41, 42, 42, 43, 43, 44, 44, 45, 45, 46, 46, 47, 47, 48, 48, 49, 49, 50, 50, 51, 51, 52, 52, 53, 53, 54, 54, 55, 55, 56, 38, 57, 57, 58, 22, 59, 59, 60, 59, 18, 57, 34]","[1, 0, 2, 1, 3, 2, 4, 3, 5, 4, 6, 5, 7, 6, 8, 7, 9, 8, 10, 9, 11, 10, 12, 11, 13, 12, 14, 13, 15, 14, 16, 15, 17, 16, 18, 17, 19, 18, 20, 19, 21, 20, 22, 20, 23, 22, 24, 23, 25, 24, 26, 25, 27, 26, 28, 27, 29, 28, 30, 29, 31, 30, 32, 31, 33, 32, 34, 33, 35, 34, 36, 35, 37, 35, 38, 37, 39, 38, 40, 39, 41, 40, 42, 41, 43, 42, 44, 43, 45, 44, 46, 45, 47, 46, 48, 47, 49, 48, 50, 49, 51, 50, 52, 51, 53, 52, 54, 53, 55, 54, 56, 55, 57, 38, 58, 57, 59, 22, 60, 59, 18, 59, 34, 57]",-10.2347171749
30,64,"[1, 2, 1, 3, 1, 2, 2, 1, 1, 1, 1, 1, 3, 8, 3, 3, 1, 1, 1, 1, 1, 1, 1, 1, 1, 1, 2, 1, 3, 1]","[1, 1, 1, 1, 2, 2, 1, 1, 2, 2, 1, 1, 1, 1, 3, 3, 3, 3, 3, 3, 3, 3, 1, 1, 1, 1, 2, 2, 2, 2, 1, 1, 3, 3, 3, 3, 3, 3, 3, 3, 3, 3, 3, 3, 1, 1, 2, 2, 1, 1, 4, 4, 1, 1, 2, 2, 1, 1, 1, 1, 3, 3, 3, 3]","[0, 1, 1, 2, 2, 3, 2, 4, 4, 5, 5, 6, 6, 7, 7, 8, 8, 9, 9, 10, 10, 11, 11, 12, 12, 13, 13, 14, 13, 15, 13, 16, 16, 17, 17, 18, 18, 19, 19, 20, 20, 21, 11, 22, 4, 23, 23, 24, 24, 25, 25, 26, 24, 27, 27, 28, 23, 29, 27, 1, 22, 7, 21, 16]","[1, 0, 2, 1, 3, 2, 4, 2, 5, 4, 6, 5, 7, 6, 8, 7, 9, 8, 10, 9, 11, 10, 12, 11, 13, 12, 14, 13, 15, 13, 16, 13, 17, 16, 18, 17, 19, 18, 20, 19, 21, 20, 22, 11, 23, 4, 24, 23, 25, 24, 26, 25, 27, 24, 28, 27, 29, 23, 1, 27, 7, 22, 16, 21]",-8.782716219400001
42,90,"[1, 1, 1, 1, 1, 1, 1, 1, 3, 1, 3, 1, 1, 1, 1, 1, 1, 1, 1, 1, 3, 1, 3, 1, 1, 1, 1, 3, 1, 1, 1, 1, 1, 1, 1, 1, 1, 1, 1, 1, 1, 1]","[1, 1, 1, 1, 1, 1, 1, 1, 3, 3, 3, 3, 3, 3, 1, 1, 1, 1, 2, 2, 1, 1, 1, 1, 3, 3, 1, 1, 3, 3, 3, 3, 3, 3, 3, 3, 3, 3, 1, 1, 1, 1, 2, 2, 1, 1, 3, 3, 3, 3, 3, 3, 1, 1, 3, 3, 3, 3, 1, 1, 1, 1, 1, 1, 1, 1, 1, 1, 1, 1, 1, 1, 1, 1, 1, 1, 1, 1, 1, 1, 1, 1, 3, 3, 3, 3, 3, 3, 3, 3]","[0, 1, 1, 2, 1, 3, 1, 4, 4, 5, 5, 6, 6, 7, 7, 8, 8, 9, 9, 10, 9, 11, 11, 12, 12, 13, 11, 14, 14, 15, 15, 16, 16, 17, 17, 18, 18, 19, 19, 20, 20, 21, 21, 22, 21, 23, 23, 24, 24, 25, 25, 26, 26, 27, 26, 28, 28, 29, 28, 30, 30, 31, 30, 32, 30, 33, 25, 34, 34, 35, 34, 36, 34, 37, 16, 38, 38, 39, 38, 40, 38, 41, 13, 4, 12, 7, 19, 14, 29, 23]","[1, 0, 2, 1, 3, 1, 4, 1, 5, 4, 6, 5, 7, 6, 8, 7, 9, 8, 10, 9, 11, 9, 12, 11, 13, 12, 14, 11, 15, 14, 16, 15, 17, 16, 18, 17, 19, 18, 20, 19, 21, 20, 22, 21, 23, 21, 24, 23, 25, 24, 26, 25, 27, 26, 28, 26, 29, 28, 30, 28, 31, 30, 32, 30, 33, 30, 34, 25, 35, 34, 36, 34, 37, 34, 38, 16, 39, 38, 40, 38, 41, 38, 4, 13, 7, 12, 14, 19, 23, 29]",-8.848512616699999
50,120,"[3, 1, 1, 1, 1, 1, 1, 1, 1, 3, 1, 1, 2, 1, 1, 1, 1, 1, 1, 3, 1, 1, 2, 1, 1, 1, 1, 1, 1, 3, 1, 1, 1, 1, 1, 1, 1, 3, 1, 1, 1, 1, 1, 1, 3, 1, 1, 1, 1, 1]","[2, 2, 3, 3, 3, 3, 3, 3, 3, 3, 3, 3, 3, 3, 3, 3, 2, 2, 3, 3, 3, 3, 3, 3, 3, 3, 3, 3, 3, 3, 3, 3, 3, 3, 3, 3, 2, 2, 3, 3, 3, 3, 3, 3, 3, 3, 3, 3, 3, 3, 3, 3, 3, 3, 3, 3, 2, 2, 3, 3, 3, 3, 3, 3, 3, 3, 3, 3, 3, 3, 3, 3, 2, 2, 3, 3, 3, 3, 3, 3, 3, 3, 3, 3, 3, 3, 2, 2, 3, 3, 3, 3, 3, 3, 3, 3, 3, 3, 3, 3, 3, 3, 3, 3, 3, 3, 3, 3, 3, 3, 3, 3, 3, 3, 3, 3, 3, 3, 3, 3]","[0, 1, 1, 2, 2, 3, 3, 4, 4, 5, 5, 6, 6, 7, 7, 8, 8, 9, 8, 10, 10, 11, 11, 12, 12, 13, 13, 14, 14, 15, 15, 16, 16, 17, 17, 18, 18, 19, 18, 20, 20, 21, 21, 22, 22, 23, 23, 24, 24, 25, 25, 26, 26, 27, 27, 28, 28, 29, 28, 30, 30, 31, 31, 32, 32, 33, 33, 34, 34, 35, 35, 36, 36, 37, 36, 38, 24, 39, 39, 40, 40, 41, 41, 42, 42, 43, 43, 44, 43, 45, 14, 46, 46, 47, 47, 48, 48, 49, 49, 1, 7, 2, 49, 10, 46, 11, 45, 13, 45, 17, 42, 20, 39, 21, 38, 23, 38, 27, 35, 30]","[1, 0, 2, 1, 3, 2, 4, 3, 5, 4, 6, 5, 7, 6, 8, 7, 9, 8, 10, 8, 11, 10, 12, 11, 13, 12, 14, 13, 15, 14, 16, 15, 17, 16, 18, 17, 19, 18, 20, 18, 21, 20, 22, 21, 23, 22, 24, 23, 25, 24, 26, 25, 27, 26, 28, 27, 29, 28, 30, 28, 31, 30, 32, 31, 33, 32, 34, 33, 35, 34, 36, 35, 37, 36, 38, 36, 39, 24, 40, 39, 41, 40, 42, 41, 43, 42, 44, 43, 45, 43, 46, 14, 47, 46, 48, 47, 49, 48, 1, 49, 2, 7, 10, 49, 11, 46, 13, 45, 17, 45, 20, 42, 21, 39, 23, 38, 27, 38, 30, 35]",-8.8106451034
27,60,"[3, 1, 2, 1, 3, 1, 1, 3, 2, 1, 2, 1, 1, 1, 1, 1, 1, 1, 1, 1, 3, 2, 1, 3, 2, 1, 3]","[2, 2, 1, 1, 1, 1, 2, 2, 1, 1, 1, 1, 2, 2, 1, 1, 2, 2, 3, 3, 3, 3, 3, 3, 3, 3, 3, 3, 3, 3, 3, 3, 3, 3, 2, 2, 1, 1, 2, 2, 1, 1, 1, 1, 2, 2, 1, 1, 1, 1, 2, 2, 1, 1, 3, 3, 3, 3, 1, 1]","[0, 1, 1, 2, 2, 3, 3, 4, 3, 5, 5, 6, 6, 7, 6, 8, 5, 9, 9, 10, 10, 11, 11, 12, 12, 13, 13, 14, 14, 15, 15, 16, 16, 17, 11, 18, 18, 19, 19, 20, 19, 21, 21, 22, 22, 23, 22, 24, 24, 25, 25, 26, 8, 1, 17, 9, 17, 12, 25, 18]","[1, 0, 2, 1, 3, 2, 4, 3, 5, 3, 6, 5, 7, 6, 8, 6, 9, 5, 10, 9, 11, 10, 12, 11, 13, 12, 14, 13, 15, 14, 16, 15, 17, 16, 18, 11, 19, 18, 20, 19, 21, 19, 22, 21, 23, 22, 24, 22, 25, 24, 26, 25, 1, 8, 9, 17, 12, 17, 18, 25]",-7.5649937324
27,60,"[1, 1, 2, 2, 1, 3, 1, 1, 1, 1, 1, 1, 2, 1, 1, 2, 2, 1, 1, 1, 1, 4, 1, 1, 2, 3, 3]","[1, 1, 2, 2, 1, 1, 3, 3, 2, 2, 3, 3, 3, 3, 3, 3, 3, 3, 3, 3, 3, 3, 3, 3, 3, 3, 1, 1, 2, 2, 1, 1, 1, 1, 3, 3, 3, 3, 3, 3, 1, 1, 3, 3, 3, 3, 1, 1, 1, 1, 2, 2, 1, 1, 3, 3, 3, 3, 3, 3]","[0, 1, 1, 2, 2, 3, 3, 4, 4, 5, 4, 6, 6, 7, 7, 8, 8, 9, 9, 10, 10, 11, 11, 12, 12, 13, 13, 14, 14, 15, 15, 16, 16, 17, 17, 18, 18, 19, 19, 20, 20, 21, 20, 22, 22, 23, 23, 24, 24, 25, 24, 26, 14, 1, 13, 3, 11, 6, 23, 17]","[1, 0, 2, 1, 3, 2, 4, 3, 5, 4, 6, 4, 7, 6, 8, 7, 9, 8, 10, 9, 11, 10, 12, 11, 13, 12, 14, 13, 15, 14, 16, 15, 17, 16, 18, 17, 19, 18, 20, 19, 21, 20, 22, 20, 23, 22, 24, 23, 25, 24, 26, 24, 1, 14, 3, 13, 6, 11, 17, 23]",-7.5829344883
25,54,"[1, 2, 1, 3, 1, 1, 2, 1, 2, 1, 1, 1, 1, 1, 1, 1, 1, 1, 3, 2, 1, 3, 2, 1, 3]","[1, 1, 1, 1, 2, 2, 1, 1, 1, 1, 4, 4, 2, 2, 3, 3, 3, 3, 3, 3, 3, 3, 3, 3, 3, 3, 3, 3, 3, 3, 2, 2, 1, 1, 2, 2, 1, 1, 1, 1, 2, 2, 1, 1, 1, 1, 2, 2, 3, 3, 3, 3, 1, 1]","[0, 1, 1, 2, 2, 3, 2, 4, 4, 5, 5, 6, 4, 7, 7, 8, 8, 9, 9, 10, 10, 11, 11, 12, 12, 13, 13, 14, 14, 15, 9, 16, 16, 17, 17, 18, 17, 19, 19, 20, 20, 21, 20, 22, 22, 23, 23, 24, 15, 7, 15, 10, 23, 16]","[1, 0, 2, 1, 3, 2, 4, 2, 5, 4, 6, 5, 7, 4, 8, 7, 9, 8, 10, 9, 11, 10, 12, 11, 13, 12, 14, 13, 15, 14, 16, 9, 17, 16, 18, 17, 19, 17, 20, 19, 21, 20, 22, 20, 23, 22, 24, 23, 7, 15, 10, 15, 16, 23]",-7.5280099033
21,44,"[31, 3, 1, 1, 1, 1, 1, 1, 2, 1, 1, 1, 3, 1, 1, 1, 1, 1, 1, 1, 1]","[1, 1, 3, 3, 3, 3, 3, 3, 3, 3, 3, 3, 1, 1, 2, 2, 1, 1, 3, 3, 1, 1, 3, 3, 3, 3, 3, 3, 3, 3, 3, 3, 3, 3, 3, 3, 3, 3, 3, 3, 3, 3, 3, 3]","[1, 2, 2, 3, 3, 4, 4, 5, 5, 6, 6, 7, 7, 8, 8, 9, 9, 10, 10, 11, 11, 12, 11, 13, 13, 14, 14, 15, 15, 16, 16, 17, 17, 18, 18, 19, 19, 20, 7, 2, 20, 10, 20, 15]","[2, 1, 3, 2, 4, 3, 5, 4, 6, 5, 7, 6, 8, 7, 9, 8, 10, 9, 11, 10, 12, 11, 13, 11, 14, 13, 15, 14, 16, 15, 17, 16, 18, 17, 19, 18, 20, 19, 2, 7, 10, 20, 15, 20]",-7.432469538099999
40,90,"[4, 1, 1, 4, 1, 4, 1, 1, 3, 1, 1, 1, 1, 1, 1, 1, 1, 1, 2, 1, 3, 1, 1, 4, 1, 4, 1, 4, 1, 4, 1, 1, 3, 1, 2, 1, 3, 1, 1, 4]","[1, 1, 3, 3, 1, 1, 3, 3, 1, 1, 3, 3, 1, 1, 2, 2, 1, 1, 1, 1, 3, 3, 3, 3, 3, 3, 3, 3, 3, 3, 3, 3, 3, 3, 1, 1, 1, 1, 2, 2, 1, 1, 3, 3, 1, 1, 3, 3, 1, 1, 3, 3, 1, 1, 3, 3, 1, 1, 3, 3, 1, 1, 2, 2, 3, 3, 3, 3, 1, 1, 2, 2, 1, 1, 3, 3, 1, 1, 3, 3, 3, 3, 3, 3, 3, 3, 1, 1, 3, 3]","[0, 1, 1, 2, 2, 3, 2, 4, 4, 5, 4, 6, 6, 7, 7, 8, 7, 9, 9, 10, 10, 11, 11, 12, 12, 13, 13, 14, 14, 15, 15, 16, 16, 17, 17, 18, 18, 19, 19, 20, 19, 21, 21, 22, 22, 23, 22, 24, 24, 25, 24, 26, 26, 27, 26, 28, 28, 29, 28, 30, 30, 31, 31, 32, 17, 33, 33, 34, 9, 35, 35, 36, 35, 37, 37, 38, 38, 39, 38, 1, 37, 6, 34, 10, 33, 13, 31, 18, 30, 21]","[1, 0, 2, 1, 3, 2, 4, 2, 5, 4, 6, 4, 7, 6, 8, 7, 9, 7, 10, 9, 11, 10, 12, 11, 13, 12, 14, 13, 15, 14, 16, 15, 17, 16, 18, 17, 19, 18, 20, 19, 21, 19, 22, 21, 23, 22, 24, 22, 25, 24, 26, 24, 27, 26, 28, 26, 29, 28, 30, 28, 31, 30, 32, 31, 33, 17, 34, 33, 35, 9, 36, 35, 37, 35, 38, 37, 39, 38, 1, 38, 6, 37, 10, 34, 13, 33, 18, 31, 21, 30]",-7.7273960926
32,66,"[1, 1, 3, 3, 1, 1, 2, 1, 1, 3, 1, 1, 3, 1, 1, 1, 1, 1, 1, 2, 2, 1, 8, 1, 1, 1, 2, 3, 3, 2, 3, 3]","[1, 1, 2, 2, 1, 1, 1, 1, 1, 1, 1, 1, 1, 1, 1, 1, 1, 1, 1, 1, 1, 1, 2, 2, 1, 1, 3, 3, 3, 3, 3, 3, 3, 3, 3, 3, 1, 1, 2, 2, 1, 1, 3, 3, 3, 3, 3, 3, 3, 3, 1, 1, 1, 1, 2, 2, 1, 1, 1, 1, 2, 2, 3, 3, 3, 3]","[0, 1, 1, 2, 1, 3, 3, 4, 4, 5, 5, 6, 6, 7, 7, 8, 8, 9, 9, 10, 10, 11, 10, 12, 6, 13, 13, 14, 14, 15, 15, 16, 16, 17, 17, 18, 16, 19, 19, 20, 20, 21, 21, 22, 22, 23, 23, 24, 24, 25, 25, 26, 26, 27, 26, 28, 23, 29, 29, 30, 29, 31, 18, 13, 25, 21]","[1, 0, 2, 1, 3, 1, 4, 3, 5, 4, 6, 5, 7, 6, 8, 7, 9, 8, 10, 9, 11, 10, 12, 10, 13, 6, 14, 13, 15, 14, 16, 15, 17, 16, 18, 17, 19, 16, 20, 19, 21, 20, 22, 21, 23, 22, 24, 23, 25, 24, 26, 25, 27, 26, 28, 26, 29, 23, 30, 29, 31, 29, 13, 18, 21, 25]",-7.547293505
36,70,"[9, 1, 3, 1, 3, 1, 3, 1, 1, 4, 1, 4, 1, 4, 1, 4, 1, 1, 2, 1, 1, 1, 1, 2, 1, 1, 1, 2, 2, 1, 1, 1, 1, 2, 1, 1]","[1, 1, 1, 1, 1, 1, 2, 2, 1, 1, 3, 3, 1, 1, 3, 3, 1, 1, 3, 3, 1, 1, 3, 3, 1, 1, 3, 3, 1, 1, 4, 4, 1, 1, 3, 3, 3, 3, 1, 1, 3, 3, 3, 3, 3, 3, 1, 1, 2, 2, 1, 1, 3, 3, 3, 3, 3, 3, 1, 1, 3, 3, 3, 3, 3, 3, 3, 3, 3, 3]","[1, 2, 3, 4, 4, 5, 5, 6, 5, 7, 7, 8, 8, 9, 8, 10, 10, 11, 10, 12, 12, 13, 12, 14, 14, 15, 14, 16, 16, 17, 17, 18, 19, 20, 20, 21, 21, 22, 22, 23, 22, 24, 24, 25, 25, 26, 26, 27, 27, 28, 28, 29, 29, 30, 30, 31, 31, 32, 32, 33, 32, 34, 34, 35, 16, 7, 26, 20, 35, 29]","[2, 1, 4, 3, 5, 4, 6, 5, 7, 5, 8, 7, 9, 8, 10, 8, 11, 10, 12, 10, 13, 12, 14, 12, 15, 14, 16, 14, 17, 16, 18, 17, 20, 19, 21, 20, 22, 21, 23, 22, 24, 22, 25, 24, 26, 25, 27, 26, 28, 27, 29, 28, 30, 29, 31, 30, 32, 31, 33, 32, 34, 32, 35, 34, 7, 16, 20, 26, 29, 35]",-7.532414871799999
46,108,"[3, 1, 2, 1, 1, 1, 1, 1, 1, 1, 1, 1, 3, 1, 1, 1, 1, 1, 1, 1, 1, 1, 3, 2, 1, 1, 1, 1, 1, 1, 1, 1, 1, 3, 1, 1, 1, 1, 1, 1, 1, 1, 1, 1, 1, 1]","[2, 2, 1, 1, 1, 1, 1, 1, 1, 1, 3, 3, 3, 3, 3, 3, 3, 3, 3, 3, 1, 1, 2, 2, 1, 1, 3, 3, 3, 3, 3, 3, 3, 3, 3, 3, 3, 3, 3, 3, 1, 1, 2, 2, 1, 1, 1, 1, 1, 1, 1, 1, 3, 3, 3, 3, 3, 3, 3, 3, 3, 3, 1, 1, 2, 2, 1, 1, 3, 3, 3, 3, 3, 3, 3, 3, 3, 3, 3, 3, 3, 3, 3, 3, 3, 3, 3, 3, 3, 3, 1, 1, 3, 3, 3, 3, 3, 3, 3, 3, 3, 3, 3, 3, 3, 3, 3, 3]","[0, 1, 1, 2, 2, 3, 3, 4, 4, 5, 5, 6, 6, 7, 7, 8, 8, 9, 9, 10, 2, 11, 11, 12, 11, 13, 13, 14, 14, 15, 15, 16, 16, 17, 17, 18, 18, 19, 19, 20, 20, 21, 21, 22, 21, 23, 23, 24, 24, 25, 25, 26, 26, 27, 27, 28, 28, 29, 29, 30, 30, 31, 23, 32, 32, 33, 32, 34, 34, 35, 35, 36, 36, 37, 37, 38, 38, 39, 39, 40, 40, 41, 41, 42, 42, 43, 37, 44, 44, 45, 41, 1, 10, 5, 42, 13, 43, 16, 44, 17, 45, 20, 31, 26, 45, 34, 43, 38]","[1, 0, 2, 1, 3, 2, 4, 3, 5, 4, 6, 5, 7, 6, 8, 7, 9, 8, 10, 9, 11, 2, 12, 11, 13, 11, 14, 13, 15, 14, 16, 15, 17, 16, 18, 17, 19, 18, 20, 19, 21, 20, 22, 21, 23, 21, 24, 23, 25, 24, 26, 25, 27, 26, 28, 27, 29, 28, 30, 29, 31, 30, 32, 23, 33, 32, 34, 32, 35, 34, 36, 35, 37, 36, 38, 37, 39, 38, 40, 39, 41, 40, 42, 41, 43, 42, 44, 37, 45, 44, 1, 41, 5, 10, 13, 42, 16, 43, 17, 44, 20, 45, 26, 31, 34, 45, 38, 43]",-8.4761487948
82,176,"[1, 1, 3, 1, 2, 2, 1, 1, 1, 1, 1, 1, 4, 1, 3, 2, 1, 1, 1, 1, 1, 1, 3, 1, 1, 1, 1, 4, 1, 1, 1, 6, 6, 6, 1, 3, 2, 1, 1, 1, 4, 1, 2, 1, 3, 1, 2, 2, 1, 1, 1, 1, 1, 1, 4, 1, 3, 2, 1, 1, 1, 1, 1, 1, 3, 1, 1, 1, 1, 4, 1, 1, 1, 6, 6, 6, 1, 1, 3, 1, 1, 1]","[1, 1, 2, 2, 1, 1, 1, 1, 2, 2, 1, 1, 3, 3, 3, 3, 3, 3, 3, 3, 3, 3, 1, 1, 1, 1, 2, 2, 1, 1, 1, 1, 3, 3, 3, 3, 3, 3, 3, 3, 3, 3, 1, 1, 1, 1, 3, 3, 3, 3, 3, 3, 1, 1, 3, 3, 3, 3, 1, 1, 1, 1, 1, 1, 1, 1, 1, 1, 2, 2, 1, 1, 1, 1, 3, 3, 3, 3, 1, 1, 3, 3, 1, 1, 1, 1, 2, 2, 1, 1, 1, 1, 2, 2, 1, 1, 3, 3, 3, 3, 3, 3, 3, 3, 3, 3, 1, 1, 1, 1, 2, 2, 1, 1, 1, 1, 3, 3, 3, 3, 3, 3, 3, 3, 3, 3, 1, 1, 1, 1, 3, 3, 3, 3, 3, 3, 1, 1, 3, 3, 3, 3, 1, 1, 1, 1, 1, 1, 1, 1, 1, 1, 1, 1, 2, 2, 3, 3, 3, 3, 1, 1, 3, 3, 3, 3, 3, 3, 3, 3, 3, 3, 3, 3, 3, 3]","[0, 1, 1, 2, 1, 3, 3, 4, 4, 5, 5, 6, 6, 7, 7, 8, 8, 9, 9, 10, 10, 11, 11, 12, 8, 13, 13, 14, 13, 15, 15, 16, 16, 17, 17, 18, 18, 19, 19, 20, 20, 21, 21, 22, 22, 23, 23, 24, 24, 25, 25, 26, 26, 27, 26, 28, 28, 29, 18, 30, 30, 31, 30, 32, 30, 33, 3, 34, 34, 35, 34, 36, 36, 37, 37, 38, 38, 39, 39, 40, 39, 41, 41, 42, 42, 43, 43, 44, 43, 45, 45, 46, 46, 47, 47, 48, 48, 49, 49, 50, 50, 51, 51, 52, 52, 53, 53, 54, 50, 55, 55, 56, 55, 57, 57, 58, 58, 59, 59, 60, 60, 61, 61, 62, 62, 63, 63, 64, 64, 65, 65, 66, 66, 67, 67, 68, 68, 69, 68, 70, 70, 71, 60, 72, 72, 73, 72, 74, 72, 75, 45, 76, 76, 77, 76, 78, 41, 79, 79, 80, 80, 81, 11, 6, 21, 16, 29, 23, 80, 37, 53, 48, 63, 58, 71, 65]","[1, 0, 2, 1, 3, 1, 4, 3, 5, 4, 6, 5, 7, 6, 8, 7, 9, 8, 10, 9, 11, 10, 12, 11, 13, 8, 14, 13, 15, 13, 16, 15, 17, 16, 18, 17, 19, 18, 20, 19, 21, 20, 22, 21, 23, 22, 24, 23, 25, 24, 26, 25, 27, 26, 28, 26, 29, 28, 30, 18, 31, 30, 32, 30, 33, 30, 34, 3, 35, 34, 36, 34, 37, 36, 38, 37, 39, 38, 40, 39, 41, 39, 42, 41, 43, 42, 44, 43, 45, 43, 46, 45, 47, 46, 48, 47, 49, 48, 50, 49, 51, 50, 52, 51, 53, 52, 54, 53, 55, 50, 56, 55, 57, 55, 58, 57, 59, 58, 60, 59, 61, 60, 62, 61, 63, 62, 64, 63, 65, 64, 66, 65, 67, 66, 68, 67, 69, 68, 70, 68, 71, 70, 72, 60, 73, 72, 74, 72, 75, 72, 76, 45, 77, 76, 78, 76, 79, 41, 80, 79, 81, 80, 6, 11, 16, 21, 23, 29, 37, 80, 48, 53, 58, 63, 65, 71]",-7.6916832495
33,70,"[3, 2, 3, 1, 1, 1, 1, 1, 1, 2, 2, 1, 1, 1, 1, 1, 1, 2, 1, 1, 3, 1, 3, 1, 1, 1, 1, 1, 1, 1, 1, 1, 2]","[1, 1, 2, 2, 1, 1, 3, 3, 3, 3, 3, 3, 3, 3, 3, 3, 1, 1, 2, 2, 1, 1, 3, 3, 3, 3, 3, 3, 3, 3, 3, 3, 1, 1, 1, 1, 1, 1, 1, 1, 1, 1, 2, 2, 1, 1, 3, 3, 3, 3, 3, 3, 3, 3, 3, 3, 1, 1, 1, 1, 1, 1, 4, 4, 3, 3, 3, 3, 3, 3]","[0, 1, 1, 2, 1, 3, 3, 4, 4, 5, 5, 6, 6, 7, 7, 8, 6, 9, 9, 10, 10, 11, 11, 12, 12, 13, 13, 14, 14, 15, 15, 16, 14, 17, 17, 18, 18, 19, 19, 20, 20, 21, 21, 22, 21, 23, 23, 24, 24, 25, 25, 26, 26, 27, 27, 28, 17, 29, 29, 30, 30, 31, 31, 32, 8, 3, 16, 11, 28, 23]","[1, 0, 2, 1, 3, 1, 4, 3, 5, 4, 6, 5, 7, 6, 8, 7, 9, 6, 10, 9, 11, 10, 12, 11, 13, 12, 14, 13, 15, 14, 16, 15, 17, 14, 18, 17, 19, 18, 20, 19, 21, 20, 22, 21, 23, 21, 24, 23, 25, 24, 26, 25, 27, 26, 28, 27, 29, 17, 30, 29, 31, 30, 32, 31, 3, 8, 11, 16, 23, 28]",-7.1697361359
46,94,"[1, 1, 1, 1, 1, 1, 1, 1, 1, 1, 3, 3, 1, 1, 1, 1, 1, 1, 3, 1, 3, 1, 1, 1, 1, 1, 1, 3, 1, 1, 1, 1, 1, 1, 1, 1, 1, 1, 1, 1, 1, 3, 1, 1, 1, 1]","[1, 1, 1, 1, 1, 1, 1, 1, 3, 3, 3, 3, 1, 1, 1, 1, 1, 1, 2, 2, 1, 1, 1, 1, 1, 1, 1, 1, 1, 1, 1, 1, 1, 1, 1, 1, 1, 1, 2, 2, 1, 1, 1, 1, 1, 1, 3, 3, 3, 3, 3, 3, 1, 1, 3, 3, 3, 3, 1, 1, 1, 1, 1, 1, 1, 1, 1, 1, 1, 1, 1, 1, 1, 1, 3, 3, 3, 3, 3, 3, 1, 1, 1, 1, 1, 1, 1, 1, 1, 1, 3, 3, 3, 3]","[0, 1, 1, 2, 1, 3, 1, 4, 4, 5, 5, 6, 6, 7, 7, 8, 8, 9, 9, 10, 9, 11, 11, 12, 12, 13, 13, 14, 14, 15, 15, 16, 16, 17, 17, 18, 18, 19, 19, 20, 19, 21, 21, 22, 22, 23, 23, 24, 24, 25, 25, 26, 26, 27, 26, 28, 28, 29, 28, 30, 30, 31, 30, 32, 30, 33, 25, 34, 34, 35, 34, 36, 34, 37, 6, 38, 38, 39, 39, 40, 40, 41, 39, 42, 42, 43, 42, 44, 42, 45, 40, 4, 29, 23]","[1, 0, 2, 1, 3, 1, 4, 1, 5, 4, 6, 5, 7, 6, 8, 7, 9, 8, 10, 9, 11, 9, 12, 11, 13, 12, 14, 13, 15, 14, 16, 15, 17, 16, 18, 17, 19, 18, 20, 19, 21, 19, 22, 21, 23, 22, 24, 23, 25, 24, 26, 25, 27, 26, 28, 26, 29, 28, 30, 28, 31, 30, 32, 30, 33, 30, 34, 25, 35, 34, 36, 34, 37, 34, 38, 6, 39, 38, 40, 39, 41, 40, 42, 39, 43, 42, 44, 42, 45, 42, 4, 40, 23, 29]",-8.1064832759
20,46,"[3, 1, 1, 2, 1, 1, 1, 1, 1, 1, 1, 2, 1, 1, 1, 1, 1, 1, 1, 3]","[2, 2, 1, 1, 1, 1, 1, 1, 3, 3, 3, 3, 3, 3, 3, 3, 3, 3, 2, 2, 1, 1, 1, 1, 3, 3, 3, 3, 3, 3, 3, 3, 3, 3, 1, 1, 2, 2, 1, 1, 3, 3, 1, 1, 3, 3]","[0, 1, 1, 2, 2, 3, 3, 4, 4, 5, 5, 6, 6, 7, 7, 8, 8, 9, 2, 10, 10, 11, 11, 12, 12, 13, 13, 14, 14, 15, 15, 16, 16, 17, 17, 18, 18, 19, 9, 1, 9, 4, 18, 10, 17, 12]","[1, 0, 2, 1, 3, 2, 4, 3, 5, 4, 6, 5, 7, 6, 8, 7, 9, 8, 10, 2, 11, 10, 12, 11, 13, 12, 14, 13, 15, 14, 16, 15, 17, 16, 18, 17, 19, 18, 1, 9, 4, 9, 10, 18, 12, 17]",-6.7197753001
54,120,"[3, 1, 1, 1, 1, 1, 1, 1, 1, 1, 1, 1, 3, 2, 2, 2, 1, 1, 1, 4, 1, 1, 1, 4, 1, 1, 1, 1, 1, 1, 1, 1, 1, 4, 1, 2, 2, 2, 1, 3, 1, 1, 1, 1, 1, 1, 1, 1, 1, 1, 3, 1, 1, 4]","[1, 1, 3, 3, 3, 3, 3, 3, 3, 3, 3, 3, 3, 3, 3, 3, 3, 3, 3, 3, 1, 1, 2, 2, 1, 1, 2, 2, 1, 1, 1, 1, 3, 3, 3, 3, 1, 1, 3, 3, 3, 3, 3, 3, 1, 1, 1, 1, 3, 3, 3, 3, 3, 3, 3, 3, 3, 3, 1, 1, 3, 3, 3, 3, 1, 1, 3, 3, 1, 1, 1, 1, 2, 2, 1, 1, 2, 2, 1, 1, 3, 3, 3, 3, 3, 3, 3, 3, 3, 3, 3, 3, 3, 3, 3, 3, 3, 3, 1, 1, 3, 3, 3, 3, 1, 1, 3, 3, 3, 3, 3, 3, 3, 3, 3, 3, 3, 3, 3, 3]","[0, 1, 1, 2, 2, 3, 3, 4, 4, 5, 5, 6, 6, 7, 7, 8, 8, 9, 9, 10, 10, 11, 11, 12, 11, 13, 13, 14, 14, 15, 15, 16, 16, 17, 17, 18, 18, 19, 18, 20, 20, 21, 21, 22, 22, 23, 20, 24, 24, 25, 25, 26, 26, 27, 27, 28, 28, 29, 27, 30, 30, 31, 31, 32, 32, 33, 32, 34, 34, 35, 35, 36, 36, 37, 37, 38, 38, 39, 38, 40, 40, 41, 41, 42, 42, 43, 43, 44, 44, 45, 45, 46, 46, 47, 47, 48, 48, 49, 49, 50, 34, 51, 51, 52, 52, 53, 10, 1, 8, 3, 22, 16, 29, 24, 52, 30, 49, 40, 47, 42]","[1, 0, 2, 1, 3, 2, 4, 3, 5, 4, 6, 5, 7, 6, 8, 7, 9, 8, 10, 9, 11, 10, 12, 11, 13, 11, 14, 13, 15, 14, 16, 15, 17, 16, 18, 17, 19, 18, 20, 18, 21, 20, 22, 21, 23, 22, 24, 20, 25, 24, 26, 25, 27, 26, 28, 27, 29, 28, 30, 27, 31, 30, 32, 31, 33, 32, 34, 32, 35, 34, 36, 35, 37, 36, 38, 37, 39, 38, 40, 38, 41, 40, 42, 41, 43, 42, 44, 43, 45, 44, 46, 45, 47, 46, 48, 47, 49, 48, 50, 49, 51, 34, 52, 51, 53, 52, 1, 10, 3, 8, 16, 22, 24, 29, 30, 52, 40, 49, 42, 47]",-8.0871707055
32,74,"[1, 3, 1, 1, 1, 2, 1, 3, 1, 1, 1, 1, 1, 3, 2, 1, 1, 1, 1, 1, 1, 1, 2, 1, 1, 1, 1, 1, 1, 3, 1, 1]","[1, 1, 1, 1, 1, 1, 1, 1, 1, 1, 1, 1, 2, 2, 1, 1, 3, 3, 3, 3, 3, 3, 3, 3, 2, 2, 3, 3, 3, 3, 3, 3, 3, 3, 3, 3, 1, 1, 3, 3, 3, 3, 3, 3, 3, 3, 3, 3, 3, 3, 3, 3, 3, 3, 1, 1, 2, 2, 3, 3, 3, 3, 1, 1, 3, 3, 3, 3, 3, 3, 3, 3, 3, 3]","[0, 1, 1, 2, 2, 3, 3, 4, 4, 5, 5, 6, 6, 7, 6, 8, 8, 9, 9, 10, 10, 11, 11, 12, 12, 13, 12, 14, 14, 15, 15, 16, 16, 17, 17, 18, 18, 19, 18, 20, 20, 21, 21, 22, 22, 23, 23, 24, 24, 25, 25, 26, 26, 27, 27, 28, 28, 29, 27, 30, 30, 31, 28, 5, 30, 8, 31, 11, 23, 14, 21, 15, 31, 24]","[1, 0, 2, 1, 3, 2, 4, 3, 5, 4, 6, 5, 7, 6, 8, 6, 9, 8, 10, 9, 11, 10, 12, 11, 13, 12, 14, 12, 15, 14, 16, 15, 17, 16, 18, 17, 19, 18, 20, 18, 21, 20, 22, 21, 23, 22, 24, 23, 25, 24, 26, 25, 27, 26, 28, 27, 29, 28, 30, 27, 31, 30, 5, 28, 8, 30, 11, 31, 14, 23, 15, 21, 24, 31]",-6.7715099068
37,80,"[1, 1, 1, 1, 1, 2, 1, 2, 1, 2, 1, 1, 1, 1, 1, 1, 1, 1, 1, 2, 1, 1, 1, 2, 2, 1, 1, 1, 1, 1, 1, 1, 6, 6, 6, 1, 1]","[1, 1, 3, 3, 3, 3, 3, 3, 1, 1, 1, 1, 3, 3, 3, 3, 1, 1, 1, 1, 3, 3, 3, 3, 3, 3, 1, 1, 3, 3, 3, 3, 3, 3, 1, 1, 4, 4, 3, 3, 1, 1, 3, 3, 1, 1, 2, 2, 1, 1, 3, 3, 3, 3, 3, 3, 3, 3, 3, 3, 1, 1, 1, 1, 1, 1, 1, 1, 3, 3, 3, 3, 3, 3, 3, 3, 3, 3, 3, 3]","[0, 1, 1, 2, 2, 3, 3, 4, 4, 5, 5, 6, 6, 7, 7, 8, 8, 9, 9, 10, 10, 11, 11, 12, 12, 13, 13, 14, 13, 15, 15, 16, 8, 17, 17, 18, 18, 19, 17, 20, 20, 21, 20, 22, 22, 23, 23, 24, 24, 25, 25, 26, 26, 27, 27, 28, 28, 29, 29, 30, 30, 31, 31, 32, 31, 33, 31, 34, 4, 35, 35, 36, 36, 1, 22, 6, 16, 10, 30, 25]","[1, 0, 2, 1, 3, 2, 4, 3, 5, 4, 6, 5, 7, 6, 8, 7, 9, 8, 10, 9, 11, 10, 12, 11, 13, 12, 14, 13, 15, 13, 16, 15, 17, 8, 18, 17, 19, 18, 20, 17, 21, 20, 22, 20, 23, 22, 24, 23, 25, 24, 26, 25, 27, 26, 28, 27, 29, 28, 30, 29, 31, 30, 32, 31, 33, 31, 34, 31, 35, 4, 36, 35, 1, 36, 6, 22, 10, 16, 25, 30]",-7.7171571443
22,48,"[1, 1, 1, 1, 2, 1, 3, 2, 1, 1, 1, 2, 2, 1, 1, 3, 2, 1, 3, 2, 1, 3]","[1, 1, 3, 3, 3, 3, 2, 2, 1, 1, 2, 2, 1, 1, 2, 2, 3, 3, 3, 3, 1, 1, 1, 1, 1, 1, 1, 1, 2, 2, 1, 1, 1, 1, 2, 2, 1, 1, 1, 1, 2, 2, 3, 3, 3, 3, 1, 1]","[0, 1, 1, 2, 2, 3, 3, 4, 4, 5, 5, 6, 5, 7, 7, 8, 8, 9, 9, 10, 10, 11, 11, 12, 12, 13, 13, 14, 14, 15, 14, 16, 16, 17, 17, 18, 17, 19, 19, 20, 20, 21, 10, 1, 8, 3, 20, 13]","[1, 0, 2, 1, 3, 2, 4, 3, 5, 4, 6, 5, 7, 5, 8, 7, 9, 8, 10, 9, 11, 10, 12, 11, 13, 12, 14, 13, 15, 14, 16, 14, 17, 16, 18, 17, 19, 17, 20, 19, 21, 20, 1, 10, 3, 8, 13, 20]",-6.4891402338
26,62,"[0, 1, 1, 1, 1, 3, 1, 1, 1, 1, 1, 1, 0, 1, 1, 1, 3, 1, 1, 1, 1, 1, 1, 1, 1, 1]","[1, 1, 3, 3, 3, 3, 3, 3, 2, 2, 3, 3, 3, 3, 3, 3, 3, 3, 3, 3, 3, 3, 1, 1, 3, 3, 3, 3, 3, 3, 2, 2, 3, 3, 3, 3, 3, 3, 3, 3, 3, 3, 3, 3, 3, 3, 1, 1, 3, 3, 3, 3, 3, 3, 3, 3, 3, 3, 3, 3, 3, 3]","[0, 1, 1, 2, 2, 3, 3, 4, 4, 5, 4, 6, 6, 7, 7, 8, 8, 9, 9, 10, 10, 11, 11, 12, 11, 13, 13, 14, 14, 15, 15, 16, 15, 17, 17, 18, 18, 19, 19, 20, 20, 21, 21, 22, 22, 23, 23, 24, 24, 25, 21, 1, 23, 3, 25, 6, 25, 10, 24, 14, 22, 17]","[1, 0, 2, 1, 3, 2, 4, 3, 5, 4, 6, 4, 7, 6, 8, 7, 9, 8, 10, 9, 11, 10, 12, 11, 13, 11, 14, 13, 15, 14, 16, 15, 17, 15, 18, 17, 19, 18, 20, 19, 21, 20, 22, 21, 23, 22, 24, 23, 25, 24, 1, 21, 3, 23, 6, 25, 10, 25, 14, 24, 17, 22]",-7.6331990421
24,54,"[1, 1, 1, 1, 4, 1, 1, 8, 1, 1, 3, 1, 1, 8, 1, 1, 1, 4, 1, 1, 1, 1, 1, 3]","[1, 1, 3, 3, 3, 3, 1, 1, 3, 3, 3, 3, 1, 1, 1, 1, 1, 1, 2, 2, 1, 1, 2, 2, 1, 1, 1, 1, 3, 3, 3, 3, 1, 1, 3, 3, 3, 3, 1, 1, 3, 3, 1, 1, 2, 2, 3, 3, 3, 3, 1, 1, 3, 3]","[0, 1, 1, 2, 2, 3, 3, 4, 3, 5, 5, 6, 6, 7, 7, 8, 8, 9, 9, 10, 9, 11, 8, 12, 12, 13, 13, 14, 14, 15, 15, 16, 16, 17, 16, 18, 18, 19, 19, 20, 19, 21, 21, 22, 22, 23, 11, 1, 11, 6, 22, 12, 21, 14]","[1, 0, 2, 1, 3, 2, 4, 3, 5, 3, 6, 5, 7, 6, 8, 7, 9, 8, 10, 9, 11, 9, 12, 8, 13, 12, 14, 13, 15, 14, 16, 15, 17, 16, 18, 16, 19, 18, 20, 19, 21, 19, 22, 21, 23, 22, 1, 11, 6, 11, 12, 22, 14, 21]",-7.9319837821
14,30,"[1, 1, 3, 43, 3, 1, 1, 3, 43, 3, 3, 1, 1, 3]","[1, 1, 1, 1, 1, 1, 1, 1, 1, 1, 1, 1, 1, 1, 1, 1, 1, 1, 1, 1, 1, 1, 1, 1, 1, 1, 1, 1, 1, 1]","[0, 1, 1, 2, 2, 3, 3, 4, 4, 5, 5, 6, 6, 7, 7, 8, 8, 9, 8, 10, 10, 11, 11, 12, 12, 13, 9, 0, 13, 3]","[1, 0, 2, 1, 3, 2, 4, 3, 5, 4, 6, 5, 7, 6, 8, 7, 9, 8, 10, 8, 11, 10, 12, 11, 13, 12, 0, 9, 3, 13]",-9.0249738719
58,130,"[4, 1, 1, 1, 1, 1, 2, 2, 1, 1, 3, 1, 1, 1, 1, 1, 1, 1, 1, 1, 3, 2, 1, 1, 1, 1, 1, 1, 2, 1, 3, 1, 1, 1, 1, 1, 1, 1, 1, 1, 2, 2, 1, 1, 1, 1, 1, 4, 1, 4, 1, 3, 1, 1, 1, 1, 1, 4]","[1, 1, 3, 3, 3, 3, 3, 3, 3, 3, 1, 1, 1, 1, 2, 2, 1, 1, 2, 2, 1, 1, 2, 2, 1, 1, 3, 3, 3, 3, 3, 3, 3, 3, 3, 3, 1, 1, 2, 2, 1, 1, 1, 1, 3, 3, 3, 3, 3, 3, 3, 3, 3, 3, 1, 1, 1, 1, 2, 2, 1, 1, 2, 2, 1, 1, 3, 3, 3, 3, 3, 3, 3, 3, 3, 3, 1, 1, 2, 2, 1, 1, 1, 1, 3, 3, 3, 3, 3, 3, 3, 3, 1, 1, 3, 3, 1, 1, 1, 1, 2, 2, 3, 3, 3, 3, 3, 3, 3, 3, 3, 3, 1, 1, 3, 3, 1, 1, 3, 3, 3, 3, 3, 3, 1, 1, 3, 3, 3, 3]","[0, 1, 1, 2, 2, 3, 3, 4, 4, 5, 5, 6, 6, 7, 7, 8, 8, 9, 9, 10, 9, 11, 11, 12, 12, 13, 13, 14, 14, 15, 15, 16, 16, 17, 17, 18, 11, 19, 19, 20, 19, 21, 21, 22, 22, 23, 23, 24, 24, 25, 25, 26, 26, 27, 27, 28, 28, 29, 29, 30, 29, 31, 31, 32, 32, 33, 33, 34, 34, 35, 35, 36, 36, 37, 37, 38, 38, 39, 39, 40, 40, 41, 41, 42, 42, 43, 43, 44, 44, 45, 45, 46, 46, 47, 46, 48, 48, 49, 39, 50, 50, 51, 27, 52, 52, 53, 53, 54, 54, 55, 5, 56, 56, 57, 56, 1, 18, 8, 18, 13, 55, 22, 55, 26, 50, 31, 38, 33, 48, 42]","[1, 0, 2, 1, 3, 2, 4, 3, 5, 4, 6, 5, 7, 6, 8, 7, 9, 8, 10, 9, 11, 9, 12, 11, 13, 12, 14, 13, 15, 14, 16, 15, 17, 16, 18, 17, 19, 11, 20, 19, 21, 19, 22, 21, 23, 22, 24, 23, 25, 24, 26, 25, 27, 26, 28, 27, 29, 28, 30, 29, 31, 29, 32, 31, 33, 32, 34, 33, 35, 34, 36, 35, 37, 36, 38, 37, 39, 38, 40, 39, 41, 40, 42, 41, 43, 42, 44, 43, 45, 44, 46, 45, 47, 46, 48, 46, 49, 48, 50, 39, 51, 50, 52, 27, 53, 52, 54, 53, 55, 54, 56, 5, 57, 56, 1, 56, 8, 18, 13, 18, 22, 55, 26, 55, 31, 50, 33, 38, 42, 48]",-9.227651248
50,102,"[1, 1, 1, 1, 1, 1, 1, 1, 1, 1, 3, 3, 1, 1, 2, 1, 3, 1, 3, 2, 1, 1, 3, 1, 3, 1, 1, 1, 1, 1, 1, 3, 1, 1, 1, 1, 1, 1, 1, 1, 1, 1, 1, 1, 1, 3, 1, 1, 1, 1]","[1, 1, 1, 1, 1, 1, 1, 1, 3, 3, 3, 3, 1, 1, 1, 1, 1, 1, 2, 2, 1, 1, 1, 1, 1, 1, 1, 1, 1, 1, 2, 2, 1, 1, 2, 2, 1, 1, 1, 1, 1, 1, 1, 1, 1, 1, 2, 2, 1, 1, 1, 1, 1, 1, 3, 3, 3, 3, 3, 3, 1, 1, 3, 3, 3, 3, 1, 1, 1, 1, 1, 1, 1, 1, 1, 1, 1, 1, 1, 1, 1, 1, 3, 3, 3, 3, 3, 3, 1, 1, 1, 1, 1, 1, 1, 1, 1, 1, 3, 3, 3, 3]","[0, 1, 1, 2, 1, 3, 1, 4, 4, 5, 5, 6, 6, 7, 7, 8, 8, 9, 9, 10, 9, 11, 11, 12, 12, 13, 13, 14, 14, 15, 15, 16, 15, 17, 17, 18, 17, 19, 19, 20, 20, 21, 21, 22, 22, 23, 23, 24, 23, 25, 25, 26, 26, 27, 27, 28, 28, 29, 29, 30, 30, 31, 30, 32, 32, 33, 32, 34, 34, 35, 34, 36, 34, 37, 29, 38, 38, 39, 38, 40, 38, 41, 6, 42, 42, 43, 43, 44, 44, 45, 43, 46, 46, 47, 46, 48, 46, 49, 44, 4, 33, 27]","[1, 0, 2, 1, 3, 1, 4, 1, 5, 4, 6, 5, 7, 6, 8, 7, 9, 8, 10, 9, 11, 9, 12, 11, 13, 12, 14, 13, 15, 14, 16, 15, 17, 15, 18, 17, 19, 17, 20, 19, 21, 20, 22, 21, 23, 22, 24, 23, 25, 23, 26, 25, 27, 26, 28, 27, 29, 28, 30, 29, 31, 30, 32, 30, 33, 32, 34, 32, 35, 34, 36, 34, 37, 34, 38, 29, 39, 38, 40, 38, 41, 38, 42, 6, 43, 42, 44, 43, 45, 44, 46, 43, 47, 46, 48, 46, 49, 46, 4, 44, 27, 33]",-8.6670954079
43,96,"[1, 3, 1, 1, 1, 1, 1, 1, 2, 2, 1, 1, 3, 1, 1, 1, 1, 1, 1, 1, 1, 1, 3, 2, 1, 1, 1, 1, 2, 1, 3, 2, 1, 1, 1, 3, 2, 1, 1, 1, 1, 1, 1]","[1, 1, 1, 1, 3, 3, 3, 3, 3, 3, 3, 3, 3, 3, 1, 1, 1, 1, 2, 2, 1, 1, 2, 2, 1, 1, 2, 2, 1, 1, 3, 3, 3, 3, 3, 3, 3, 3, 3, 3, 1, 1, 2, 2, 1, 1, 1, 1, 3, 3, 3, 3, 3, 3, 3, 3, 3, 3, 2, 2, 3, 3, 3, 3, 3, 3, 1, 1, 2, 2, 1, 1, 1, 1, 3, 3, 3, 3, 3, 3, 3, 3, 3, 3, 3, 3, 1, 1, 3, 3, 3, 3, 3, 3, 3, 3]","[0, 1, 1, 2, 2, 3, 3, 4, 4, 5, 5, 6, 6, 7, 7, 8, 8, 9, 9, 10, 10, 11, 11, 12, 11, 13, 13, 14, 14, 15, 15, 16, 16, 17, 17, 18, 18, 19, 19, 20, 13, 21, 21, 22, 21, 23, 23, 24, 24, 25, 25, 26, 26, 27, 27, 28, 28, 29, 29, 30, 29, 31, 31, 32, 32, 33, 5, 34, 34, 35, 34, 36, 36, 37, 37, 38, 38, 39, 39, 40, 40, 41, 41, 42, 7, 2, 20, 10, 20, 15, 33, 24, 32, 27, 42, 37]","[1, 0, 2, 1, 3, 2, 4, 3, 5, 4, 6, 5, 7, 6, 8, 7, 9, 8, 10, 9, 11, 10, 12, 11, 13, 11, 14, 13, 15, 14, 16, 15, 17, 16, 18, 17, 19, 18, 20, 19, 21, 13, 22, 21, 23, 21, 24, 23, 25, 24, 26, 25, 27, 26, 28, 27, 29, 28, 30, 29, 31, 29, 32, 31, 33, 32, 34, 5, 35, 34, 36, 34, 37, 36, 38, 37, 39, 38, 40, 39, 41, 40, 42, 41, 2, 7, 10, 20, 15, 20, 24, 33, 27, 32, 37, 42]",-8.4790833317
22,46,"[8, 1, 8, 8, 8, 8, 8, 8, 1, 8, 2, 1, 1, 1, 1, 1, 2, 1, 1, 1, 1, 1]","[2, 2, 1, 1, 1, 1, 1, 1, 1, 1, 1, 1, 1, 1, 1, 1, 2, 2, 1, 1, 1, 1, 1, 1, 1, 1, 1, 1, 1, 1, 1, 1, 1, 1, 1, 1, 1, 1, 1, 1, 1, 1, 1, 1, 1, 1]","[0, 1, 1, 2, 2, 3, 3, 4, 4, 5, 5, 6, 6, 7, 7, 8, 8, 9, 8, 10, 10, 11, 11, 12, 12, 13, 13, 14, 14, 15, 1, 16, 16, 17, 17, 18, 18, 19, 19, 20, 20, 21, 15, 10, 21, 16]","[1, 0, 2, 1, 3, 2, 4, 3, 5, 4, 6, 5, 7, 6, 8, 7, 9, 8, 10, 8, 11, 10, 12, 11, 13, 12, 14, 13, 15, 14, 16, 1, 17, 16, 18, 17, 19, 18, 20, 19, 21, 20, 10, 15, 16, 21]",-7.6317322062
37,80,"[1, 1, 3, 1, 2, 2, 1, 1, 1, 1, 1, 1, 1, 3, 2, 1, 1, 1, 1, 1, 1, 1, 2, 3, 1, 3, 2, 1, 1, 1, 1, 2, 1, 3, 2, 1, 1]","[1, 1, 2, 2, 1, 1, 1, 1, 2, 2, 1, 1, 3, 3, 3, 3, 3, 3, 3, 3, 3, 3, 1, 1, 2, 2, 1, 1, 1, 1, 3, 3, 3, 3, 3, 3, 3, 3, 3, 3, 1, 1, 1, 1, 2, 2, 1, 1, 2, 2, 1, 1, 1, 1, 3, 3, 3, 3, 3, 3, 3, 3, 3, 3, 2, 2, 3, 3, 3, 3, 3, 3, 3, 3, 3, 3, 3, 3, 3, 3]","[0, 1, 1, 2, 1, 3, 3, 4, 4, 5, 5, 6, 6, 7, 7, 8, 8, 9, 9, 10, 10, 11, 9, 12, 12, 13, 12, 14, 14, 15, 15, 16, 16, 17, 17, 18, 18, 19, 19, 20, 18, 21, 21, 22, 21, 23, 3, 24, 24, 25, 24, 26, 26, 27, 27, 28, 28, 29, 29, 30, 30, 31, 31, 32, 32, 33, 32, 34, 34, 35, 35, 36, 11, 6, 20, 15, 36, 27, 35, 30]","[1, 0, 2, 1, 3, 1, 4, 3, 5, 4, 6, 5, 7, 6, 8, 7, 9, 8, 10, 9, 11, 10, 12, 9, 13, 12, 14, 12, 15, 14, 16, 15, 17, 16, 18, 17, 19, 18, 20, 19, 21, 18, 22, 21, 23, 21, 24, 3, 25, 24, 26, 24, 27, 26, 28, 27, 29, 28, 30, 29, 31, 30, 32, 31, 33, 32, 34, 32, 35, 34, 36, 35, 6, 11, 15, 20, 27, 36, 30, 35]",-6.672808805599999
55,122,"[4, 1, 1, 1, 1, 4, 1, 2, 2, 1, 1, 3, 1, 1, 1, 1, 1, 1, 1, 1, 1, 3, 2, 1, 1, 1, 1, 2, 1, 3, 1, 1, 1, 1, 1, 1, 1, 1, 1, 2, 2, 1, 1, 1, 4, 1, 1, 1, 4, 1, 3, 1, 4, 1, 1]","[1, 1, 3, 3, 3, 3, 3, 3, 1, 1, 3, 3, 1, 1, 1, 1, 2, 2, 1, 1, 2, 2, 1, 1, 2, 2, 1, 1, 3, 3, 3, 3, 3, 3, 3, 3, 3, 3, 1, 1, 2, 2, 1, 1, 1, 1, 3, 3, 3, 3, 3, 3, 1, 1, 1, 1, 2, 2, 1, 1, 2, 2, 1, 1, 3, 3, 3, 3, 3, 3, 3, 3, 3, 3, 1, 1, 2, 2, 1, 1, 1, 1, 3, 3, 3, 3, 1, 1, 3, 3, 3, 3, 3, 3, 1, 1, 1, 1, 2, 2, 3, 3, 1, 1, 3, 3, 3, 3, 3, 3, 1, 1, 3, 3, 3, 3, 1, 1, 3, 3, 3, 3]","[0, 1, 1, 2, 2, 3, 3, 4, 4, 5, 4, 6, 6, 7, 7, 8, 8, 9, 9, 10, 10, 11, 10, 12, 12, 13, 13, 14, 14, 15, 15, 16, 16, 17, 17, 18, 18, 19, 12, 20, 20, 21, 20, 22, 22, 23, 23, 24, 24, 25, 25, 26, 26, 27, 27, 28, 28, 29, 28, 30, 30, 31, 31, 32, 32, 33, 33, 34, 34, 35, 35, 36, 36, 37, 37, 38, 38, 39, 39, 40, 40, 41, 41, 42, 42, 43, 43, 44, 43, 45, 45, 46, 46, 47, 47, 48, 38, 49, 49, 50, 26, 51, 51, 52, 51, 53, 6, 54, 54, 1, 19, 9, 19, 14, 53, 23, 49, 30, 37, 32, 47, 41]","[1, 0, 2, 1, 3, 2, 4, 3, 5, 4, 6, 4, 7, 6, 8, 7, 9, 8, 10, 9, 11, 10, 12, 10, 13, 12, 14, 13, 15, 14, 16, 15, 17, 16, 18, 17, 19, 18, 20, 12, 21, 20, 22, 20, 23, 22, 24, 23, 25, 24, 26, 25, 27, 26, 28, 27, 29, 28, 30, 28, 31, 30, 32, 31, 33, 32, 34, 33, 35, 34, 36, 35, 37, 36, 38, 37, 39, 38, 40, 39, 41, 40, 42, 41, 43, 42, 44, 43, 45, 43, 46, 45, 47, 46, 48, 47, 49, 38, 50, 49, 51, 26, 52, 51, 53, 51, 54, 6, 1, 54, 9, 19, 14, 19, 23, 53, 30, 49, 32, 37, 41, 47]",-7.869298263099999
89,192,"[13, 1, 3, 1, 1, 1, 1, 2, 1, 3, 1, 1, 1, 1, 1, 1, 1, 1, 1, 2, 2, 1, 1, 1, 1, 1, 1, 1, 1, 3, 2, 1, 1, 1, 1, 1, 1, 8, 3, 3, 3, 1, 3, 1, 1, 1, 3, 1, 1, 1, 1, 2, 1, 3, 1, 1, 1, 1, 1, 1, 1, 1, 1, 2, 2, 1, 1, 1, 1, 1, 1, 1, 1, 3, 2, 1, 1, 1, 1, 1, 1, 8, 3, 3, 3, 1, 3, 1, 1]","[1, 1, 1, 1, 3, 3, 3, 3, 3, 3, 1, 1, 1, 1, 2, 2, 1, 1, 2, 2, 1, 1, 3, 3, 3, 3, 3, 3, 3, 3, 3, 3, 1, 1, 2, 2, 1, 1, 1, 1, 3, 3, 3, 3, 3, 3, 3, 3, 3, 3, 1, 1, 1, 1, 2, 2, 1, 1, 1, 1, 3, 3, 3, 3, 3, 3, 3, 3, 3, 3, 1, 1, 1, 1, 2, 2, 2, 2, 1, 1, 2, 2, 3, 3, 3, 3, 1, 1, 1, 1, 3, 3, 3, 3, 3, 3, 1, 1, 1, 1, 2, 2, 1, 1, 2, 2, 1, 1, 3, 3, 3, 3, 3, 3, 3, 3, 3, 3, 1, 1, 2, 2, 1, 1, 1, 1, 3, 3, 3, 3, 3, 3, 3, 3, 3, 3, 1, 1, 1, 1, 2, 2, 1, 1, 1, 1, 3, 3, 3, 3, 3, 3, 3, 3, 3, 3, 1, 1, 1, 1, 2, 2, 2, 2, 1, 1, 2, 2, 3, 3, 3, 3, 3, 3, 1, 1, 3, 3, 3, 3, 3, 3, 3, 3, 1, 1, 3, 3, 3, 3, 3, 3]","[1, 2, 2, 3, 3, 4, 4, 5, 5, 6, 6, 7, 7, 8, 8, 9, 8, 10, 10, 11, 11, 12, 12, 13, 13, 14, 14, 15, 15, 16, 16, 17, 17, 18, 18, 19, 19, 20, 20, 21, 21, 22, 22, 23, 23, 24, 24, 25, 25, 26, 26, 27, 23, 28, 28, 29, 28, 30, 30, 31, 31, 32, 32, 33, 33, 34, 34, 35, 35, 36, 35, 37, 37, 38, 37, 39, 37, 40, 18, 41, 41, 42, 6, 43, 43, 44, 45, 46, 46, 47, 47, 48, 48, 49, 49, 50, 50, 51, 51, 52, 52, 53, 52, 54, 54, 55, 55, 56, 56, 57, 57, 58, 58, 59, 59, 60, 60, 61, 61, 62, 62, 63, 63, 64, 64, 65, 65, 66, 66, 67, 67, 68, 68, 69, 69, 70, 70, 71, 67, 72, 72, 73, 72, 74, 74, 75, 75, 76, 76, 77, 77, 78, 78, 79, 79, 80, 79, 81, 81, 82, 81, 83, 81, 84, 62, 85, 85, 86, 50, 87, 87, 88, 44, 3, 41, 10, 17, 12, 26, 21, 36, 31, 88, 47, 85, 54, 61, 56, 70, 65, 80, 75]","[2, 1, 3, 2, 4, 3, 5, 4, 6, 5, 7, 6, 8, 7, 9, 8, 10, 8, 11, 10, 12, 11, 13, 12, 14, 13, 15, 14, 16, 15, 17, 16, 18, 17, 19, 18, 20, 19, 21, 20, 22, 21, 23, 22, 24, 23, 25, 24, 26, 25, 27, 26, 28, 23, 29, 28, 30, 28, 31, 30, 32, 31, 33, 32, 34, 33, 35, 34, 36, 35, 37, 35, 38, 37, 39, 37, 40, 37, 41, 18, 42, 41, 43, 6, 44, 43, 46, 45, 47, 46, 48, 47, 49, 48, 50, 49, 51, 50, 52, 51, 53, 52, 54, 52, 55, 54, 56, 55, 57, 56, 58, 57, 59, 58, 60, 59, 61, 60, 62, 61, 63, 62, 64, 63, 65, 64, 66, 65, 67, 66, 68, 67, 69, 68, 70, 69, 71, 70, 72, 67, 73, 72, 74, 72, 75, 74, 76, 75, 77, 76, 78, 77, 79, 78, 80, 79, 81, 79, 82, 81, 83, 81, 84, 81, 85, 62, 86, 85, 87, 50, 88, 87, 3, 44, 10, 41, 12, 17, 21, 26, 31, 36, 47, 88, 54, 85, 56, 61, 65, 70, 75, 80]",-7.050931182699999
37,82,"[32, 3, 1, 1, 1, 1, 1, 1, 1, 1, 1, 1, 1, 2, 1, 1, 1, 2, 1, 3, 2, 1, 1, 1, 2, 1, 1, 1, 3, 1, 1, 1, 1, 1, 1, 1, 1]","[1, 1, 3, 3, 3, 3, 3, 3, 3, 3, 3, 3, 3, 3, 3, 3, 3, 3, 3, 3, 1, 1, 2, 2, 1, 1, 3, 3, 3, 3, 3, 3, 3, 3, 2, 2, 3, 3, 3, 3, 3, 3, 3, 3, 1, 1, 2, 2, 1, 1, 3, 3, 1, 1, 3, 3, 3, 3, 3, 3, 3, 3, 3, 3, 3, 3, 3, 3, 3, 3, 3, 3, 3, 3, 3, 3, 3, 3, 3, 3, 3, 3]","[1, 2, 2, 3, 3, 4, 4, 5, 5, 6, 6, 7, 7, 8, 8, 9, 9, 10, 10, 11, 11, 12, 12, 13, 13, 14, 14, 15, 15, 16, 16, 17, 17, 18, 18, 19, 18, 20, 20, 21, 21, 22, 22, 23, 23, 24, 24, 25, 25, 26, 26, 27, 27, 28, 27, 29, 29, 30, 30, 31, 31, 32, 32, 33, 33, 34, 34, 35, 35, 36, 11, 2, 10, 5, 23, 14, 21, 16, 36, 26, 36, 31]","[2, 1, 3, 2, 4, 3, 5, 4, 6, 5, 7, 6, 8, 7, 9, 8, 10, 9, 11, 10, 12, 11, 13, 12, 14, 13, 15, 14, 16, 15, 17, 16, 18, 17, 19, 18, 20, 18, 21, 20, 22, 21, 23, 22, 24, 23, 25, 24, 26, 25, 27, 26, 28, 27, 29, 27, 30, 29, 31, 30, 32, 31, 33, 32, 34, 33, 35, 34, 36, 35, 2, 11, 5, 10, 14, 23, 16, 21, 26, 36, 31, 36]",-7.6266942296
54,118,"[1, 1, 3, 1, 2, 2, 1, 1, 1, 1, 1, 1, 3, 1, 1, 3, 1, 1, 1, 1, 1, 1, 2, 2, 1, 1, 1, 3, 1, 3, 2, 1, 1, 1, 1, 2, 1, 3, 2, 1, 1, 1, 3, 2, 1, 1, 1, 1, 2, 1, 3, 2, 1, 1]","[1, 1, 2, 2, 1, 1, 1, 1, 2, 2, 1, 1, 3, 3, 3, 3, 3, 3, 3, 3, 3, 3, 1, 1, 1, 1, 1, 1, 1, 1, 1, 1, 3, 3, 3, 3, 3, 3, 3, 3, 3, 3, 1, 1, 2, 2, 1, 1, 1, 1, 1, 1, 2, 2, 1, 1, 2, 2, 1, 1, 1, 1, 3, 3, 3, 3, 3, 3, 3, 3, 3, 3, 2, 2, 3, 3, 3, 3, 3, 3, 1, 1, 2, 2, 1, 1, 1, 1, 3, 3, 3, 3, 3, 3, 3, 3, 3, 3, 2, 2, 3, 3, 3, 3, 3, 3, 3, 3, 3, 3, 3, 3, 3, 3, 3, 3, 3, 3]","[0, 1, 1, 2, 1, 3, 3, 4, 4, 5, 5, 6, 6, 7, 7, 8, 8, 9, 9, 10, 10, 11, 11, 12, 12, 13, 13, 14, 14, 15, 15, 16, 16, 17, 17, 18, 18, 19, 19, 20, 20, 21, 21, 22, 22, 23, 23, 24, 24, 25, 25, 26, 25, 27, 24, 28, 28, 29, 28, 30, 30, 31, 31, 32, 32, 33, 33, 34, 34, 35, 35, 36, 36, 37, 36, 38, 38, 39, 39, 40, 3, 41, 41, 42, 41, 43, 43, 44, 44, 45, 45, 46, 46, 47, 47, 48, 48, 49, 49, 50, 49, 51, 51, 52, 52, 53, 11, 6, 21, 16, 40, 31, 39, 34, 53, 44, 52, 47]","[1, 0, 2, 1, 3, 1, 4, 3, 5, 4, 6, 5, 7, 6, 8, 7, 9, 8, 10, 9, 11, 10, 12, 11, 13, 12, 14, 13, 15, 14, 16, 15, 17, 16, 18, 17, 19, 18, 20, 19, 21, 20, 22, 21, 23, 22, 24, 23, 25, 24, 26, 25, 27, 25, 28, 24, 29, 28, 30, 28, 31, 30, 32, 31, 33, 32, 34, 33, 35, 34, 36, 35, 37, 36, 38, 36, 39, 38, 40, 39, 41, 3, 42, 41, 43, 41, 44, 43, 45, 44, 46, 45, 47, 46, 48, 47, 49, 48, 50, 49, 51, 49, 52, 51, 53, 52, 6, 11, 16, 21, 31, 40, 34, 39, 44, 53, 47, 52]",-7.634485568300001
21,46,"[1, 1, 1, 1, 1, 1, 1, 1, 1, 1, 1, 1, 1, 1, 1, 1, 1, 1, 1, 1, 1]","[1, 1, 3, 3, 3, 3, 3, 3, 3, 3, 1, 1, 1, 1, 3, 3, 3, 3, 3, 3, 3, 3, 3, 3, 3, 3, 1, 1, 1, 1, 3, 3, 3, 3, 3, 3, 3, 3, 3, 3, 3, 3, 3, 3, 3, 3]","[0, 1, 1, 2, 2, 3, 3, 4, 4, 5, 5, 6, 6, 7, 7, 8, 8, 9, 9, 10, 10, 11, 11, 12, 5, 13, 13, 14, 14, 15, 15, 16, 16, 17, 17, 18, 18, 19, 19, 20, 13, 1, 12, 7, 20, 15]","[1, 0, 2, 1, 3, 2, 4, 3, 5, 4, 6, 5, 7, 6, 8, 7, 9, 8, 10, 9, 11, 10, 12, 11, 13, 5, 14, 13, 15, 14, 16, 15, 17, 16, 18, 17, 19, 18, 20, 19, 1, 13, 7, 12, 15, 20]",-7.179920248999999
53,112,"[22, 1, 1, 1, 1, 1, 2, 2, 1, 1, 3, 1, 1, 1, 1, 1, 1, 1, 1, 1, 1, 1, 4, 8, 3, 3, 3, 1, 1, 1, 1, 1, 2, 2, 1, 1, 3, 1, 1, 1, 1, 1, 1, 1, 1, 1, 1, 1, 4, 8, 3, 3, 3]","[1, 1, 1, 1, 3, 3, 3, 3, 1, 1, 1, 1, 2, 2, 1, 1, 2, 2, 1, 1, 2, 2, 1, 1, 3, 3, 3, 3, 3, 3, 3, 3, 3, 3, 3, 3, 3, 3, 3, 3, 1, 1, 1, 1, 1, 1, 2, 2, 2, 2, 1, 1, 1, 1, 3, 3, 3, 3, 1, 1, 1, 1, 2, 2, 1, 1, 2, 2, 1, 1, 2, 2, 1, 1, 3, 3, 3, 3, 3, 3, 3, 3, 3, 3, 3, 3, 3, 3, 3, 3, 1, 1, 1, 1, 1, 1, 2, 2, 2, 2, 3, 3, 1, 1, 3, 3, 3, 3, 1, 1, 3, 3]","[1, 2, 2, 3, 3, 4, 4, 5, 5, 6, 6, 7, 7, 8, 8, 9, 9, 10, 9, 11, 11, 12, 12, 13, 13, 14, 14, 15, 15, 16, 16, 17, 17, 18, 5, 19, 19, 20, 20, 21, 21, 22, 19, 23, 23, 24, 23, 25, 23, 26, 27, 28, 28, 29, 29, 30, 30, 31, 31, 32, 32, 33, 33, 34, 34, 35, 35, 36, 35, 37, 37, 38, 38, 39, 39, 40, 40, 41, 41, 42, 42, 43, 43, 44, 31, 45, 45, 46, 46, 47, 47, 48, 45, 49, 49, 50, 49, 51, 49, 52, 21, 3, 18, 8, 18, 13, 47, 29, 44, 34, 44, 39]","[2, 1, 3, 2, 4, 3, 5, 4, 6, 5, 7, 6, 8, 7, 9, 8, 10, 9, 11, 9, 12, 11, 13, 12, 14, 13, 15, 14, 16, 15, 17, 16, 18, 17, 19, 5, 20, 19, 21, 20, 22, 21, 23, 19, 24, 23, 25, 23, 26, 23, 28, 27, 29, 28, 30, 29, 31, 30, 32, 31, 33, 32, 34, 33, 35, 34, 36, 35, 37, 35, 38, 37, 39, 38, 40, 39, 41, 40, 42, 41, 43, 42, 44, 43, 45, 31, 46, 45, 47, 46, 48, 47, 49, 45, 50, 49, 51, 49, 52, 49, 3, 21, 8, 18, 13, 18, 29, 47, 34, 44, 39, 44]",-5.692860180299999
32,72,"[2, 1, 1, 3, 1, 1, 1, 1, 1, 1, 1, 3, 1, 1, 1, 1, 1, 1, 1, 2, 1, 1, 3, 1, 1, 1, 1, 1, 1, 1, 3, 1]","[1, 1, 3, 3, 1, 1, 1, 1, 3, 3, 3, 3, 3, 3, 3, 3, 3, 3, 3, 3, 1, 1, 1, 1, 3, 3, 3, 3, 3, 3, 3, 3, 3, 3, 3, 3, 1, 1, 3, 3, 1, 1, 2, 2, 1, 1, 3, 3, 3, 3, 3, 3, 3, 3, 3, 3, 1, 1, 2, 2, 1, 1, 3, 3, 3, 3, 3, 3, 3, 3, 3, 3]","[0, 1, 1, 2, 2, 3, 3, 4, 4, 5, 5, 6, 6, 7, 7, 8, 8, 9, 2, 10, 10, 11, 11, 12, 12, 13, 13, 14, 14, 15, 15, 16, 16, 17, 10, 18, 18, 19, 18, 20, 20, 21, 21, 22, 21, 23, 23, 24, 24, 25, 25, 26, 26, 27, 27, 28, 28, 29, 29, 30, 29, 31, 31, 1, 9, 4, 17, 12, 31, 20, 28, 23]","[1, 0, 2, 1, 3, 2, 4, 3, 5, 4, 6, 5, 7, 6, 8, 7, 9, 8, 10, 2, 11, 10, 12, 11, 13, 12, 14, 13, 15, 14, 16, 15, 17, 16, 18, 10, 19, 18, 20, 18, 21, 20, 22, 21, 23, 21, 24, 23, 25, 24, 26, 25, 27, 26, 28, 27, 29, 28, 30, 29, 31, 29, 1, 31, 4, 9, 12, 17, 20, 31, 23, 28]",-8.2716565948
44,98,"[3, 8, 3, 3, 1, 1, 1, 1, 1, 1, 2, 1, 1, 1, 1, 1, 1, 1, 1, 1, 1, 1, 2, 1, 1, 1, 1, 1, 1, 1, 1, 1, 1, 1, 1, 2, 1, 1, 1, 1, 1, 1, 1, 1]","[1, 1, 2, 2, 2, 2, 1, 1, 3, 3, 3, 3, 3, 3, 3, 3, 3, 3, 1, 1, 2, 2, 1, 1, 2, 2, 1, 1, 1, 1, 2, 2, 2, 2, 1, 1, 3, 3, 3, 3, 3, 3, 1, 1, 1, 1, 3, 3, 3, 3, 3, 3, 3, 3, 3, 3, 3, 3, 3, 3, 1, 1, 3, 3, 3, 3, 3, 3, 1, 1, 1, 1, 3, 3, 3, 3, 3, 3, 3, 3, 3, 3, 3, 3, 3, 3, 3, 3, 1, 1, 3, 3, 3, 3, 3, 3, 3, 3]","[0, 1, 1, 2, 1, 3, 1, 4, 4, 5, 5, 6, 6, 7, 7, 8, 8, 9, 9, 10, 10, 11, 11, 12, 12, 13, 13, 14, 14, 15, 15, 16, 14, 17, 17, 18, 18, 19, 19, 20, 20, 21, 21, 22, 22, 23, 23, 24, 24, 25, 25, 26, 26, 27, 27, 28, 21, 29, 29, 30, 17, 31, 31, 32, 32, 33, 33, 34, 34, 35, 35, 36, 36, 37, 37, 38, 38, 39, 39, 40, 40, 41, 34, 42, 42, 43, 9, 4, 16, 11, 30, 18, 28, 23, 43, 31, 41, 36]","[1, 0, 2, 1, 3, 1, 4, 1, 5, 4, 6, 5, 7, 6, 8, 7, 9, 8, 10, 9, 11, 10, 12, 11, 13, 12, 14, 13, 15, 14, 16, 15, 17, 14, 18, 17, 19, 18, 20, 19, 21, 20, 22, 21, 23, 22, 24, 23, 25, 24, 26, 25, 27, 26, 28, 27, 29, 21, 30, 29, 31, 17, 32, 31, 33, 32, 34, 33, 35, 34, 36, 35, 37, 36, 38, 37, 39, 38, 40, 39, 41, 40, 42, 34, 43, 42, 4, 9, 11, 16, 18, 30, 23, 28, 31, 43, 36, 41]",-8.3771050883
31,66,"[13, 3, 1, 3, 1, 1, 1, 1, 1, 1, 1, 1, 1, 2, 2, 1, 1, 1, 1, 1, 1, 1, 1, 1, 1, 8, 3, 3, 3, 1, 3]","[1, 1, 2, 2, 1, 1, 2, 2, 1, 1, 3, 3, 3, 3, 3, 3, 3, 3, 3, 3, 1, 1, 2, 2, 1, 1, 1, 1, 3, 3, 3, 3, 3, 3, 3, 3, 3, 3, 3, 3, 3, 3, 3, 3, 3, 3, 1, 1, 1, 1, 2, 2, 2, 2, 1, 1, 2, 2, 1, 1, 3, 3, 3, 3, 3, 3]","[1, 2, 2, 3, 2, 4, 4, 5, 5, 6, 6, 7, 7, 8, 8, 9, 9, 10, 10, 11, 11, 12, 12, 13, 13, 14, 14, 15, 15, 16, 16, 17, 17, 18, 18, 19, 19, 20, 20, 21, 21, 22, 22, 23, 23, 24, 24, 25, 25, 26, 25, 27, 25, 28, 12, 29, 29, 30, 29, 4, 11, 6, 24, 15, 23, 18]","[2, 1, 3, 2, 4, 2, 5, 4, 6, 5, 7, 6, 8, 7, 9, 8, 10, 9, 11, 10, 12, 11, 13, 12, 14, 13, 15, 14, 16, 15, 17, 16, 18, 17, 19, 18, 20, 19, 21, 20, 22, 21, 23, 22, 24, 23, 25, 24, 26, 25, 27, 25, 28, 25, 29, 12, 30, 29, 4, 29, 6, 11, 15, 24, 18, 23]",-6.2793954063
25,60,"[3, 1, 1, 1, 1, 1, 1, 1, 1, 1, 1, 1, 8, 1, 1, 1, 1, 1, 1, 1, 1, 1, 1, 1, 1]","[2, 2, 3, 3, 3, 3, 3, 3, 3, 3, 3, 3, 3, 3, 3, 3, 3, 3, 3, 3, 3, 3, 3, 3, 3, 3, 3, 3, 3, 3, 3, 3, 3, 3, 3, 3, 3, 3, 3, 3, 3, 3, 3, 3, 3, 3, 3, 3, 3, 3, 3, 3, 3, 3, 3, 3, 3, 3, 3, 3]","[0, 1, 1, 2, 2, 3, 3, 4, 4, 5, 5, 6, 6, 7, 7, 8, 8, 9, 9, 10, 10, 11, 11, 12, 12, 13, 13, 14, 14, 15, 15, 16, 16, 17, 17, 18, 18, 19, 19, 20, 20, 21, 21, 22, 22, 23, 23, 24, 22, 1, 7, 2, 23, 8, 24, 11, 18, 13, 24, 19]","[1, 0, 2, 1, 3, 2, 4, 3, 5, 4, 6, 5, 7, 6, 8, 7, 9, 8, 10, 9, 11, 10, 12, 11, 13, 12, 14, 13, 15, 14, 16, 15, 17, 16, 18, 17, 19, 18, 20, 19, 21, 20, 22, 21, 23, 22, 24, 23, 1, 22, 2, 7, 8, 23, 11, 24, 13, 18, 19, 24]",-7.9828073074
31,68,"[2, 1, 1, 3, 1, 1, 3, 1, 3, 3, 1, 1, 1, 1, 1, 1, 1, 1, 3, 1, 1, 3, 1, 1, 1, 1, 1, 1, 1, 3, 1]","[1, 1, 3, 3, 1, 1, 1, 1, 1, 1, 1, 1, 1, 1, 2, 2, 1, 1, 1, 1, 3, 3, 3, 3, 3, 3, 3, 3, 3, 3, 3, 3, 3, 3, 1, 1, 3, 3, 1, 1, 2, 2, 1, 1, 3, 3, 3, 3, 3, 3, 3, 3, 3, 3, 1, 1, 2, 2, 1, 1, 3, 3, 3, 3, 3, 3, 3, 3]","[0, 1, 1, 2, 2, 3, 3, 4, 4, 5, 5, 6, 6, 7, 7, 8, 7, 9, 9, 10, 10, 11, 11, 12, 12, 13, 13, 14, 14, 15, 2, 16, 16, 17, 17, 18, 17, 19, 19, 20, 20, 21, 20, 22, 22, 23, 23, 24, 24, 25, 25, 26, 26, 27, 27, 28, 28, 29, 28, 30, 30, 1, 15, 10, 30, 19, 27, 22]","[1, 0, 2, 1, 3, 2, 4, 3, 5, 4, 6, 5, 7, 6, 8, 7, 9, 7, 10, 9, 11, 10, 12, 11, 13, 12, 14, 13, 15, 14, 16, 2, 17, 16, 18, 17, 19, 17, 20, 19, 21, 20, 22, 20, 23, 22, 24, 23, 25, 24, 26, 25, 27, 26, 28, 27, 29, 28, 30, 28, 1, 30, 10, 15, 19, 30, 22, 27]",-8.0544153113
22,44,"[1, 1, 1, 1, 1, 1, 1, 1, 1, 3, 3, 1, 3, 3, 1, 1, 1, 1, 1, 1, 1, 1]","[1, 1, 1, 1, 1, 1, 1, 1, 1, 1, 1, 1, 1, 1, 1, 1, 1, 1, 1, 1, 1, 1, 2, 2, 1, 1, 1, 1, 1, 1, 1, 1, 1, 1, 1, 1, 1, 1, 1, 1, 1, 1, 1, 1]","[0, 1, 1, 2, 1, 3, 1, 4, 4, 5, 5, 6, 6, 7, 7, 8, 8, 9, 9, 10, 8, 11, 11, 12, 11, 13, 13, 14, 14, 15, 14, 16, 14, 17, 17, 18, 18, 19, 18, 20, 18, 21, 10, 8]","[1, 0, 2, 1, 3, 1, 4, 1, 5, 4, 6, 5, 7, 6, 8, 7, 9, 8, 10, 9, 11, 8, 12, 11, 13, 11, 14, 13, 15, 14, 16, 14, 17, 14, 18, 17, 19, 18, 20, 18, 21, 18, 8, 10]",-6.9712344191
23,48,"[3, 2, 3, 1, 2, 1, 2, 1, 1, 3, 2, 1, 1, 1, 1, 1, 1, 4, 1, 6, 6, 6, 2]","[1, 1, 2, 2, 1, 1, 3, 3, 3, 3, 3, 3, 1, 1, 1, 1, 2, 2, 1, 1, 1, 1, 3, 3, 3, 3, 3, 3, 3, 3, 3, 3, 1, 1, 1, 1, 1, 1, 1, 1, 1, 1, 3, 3, 3, 3, 3, 3]","[0, 1, 1, 2, 1, 3, 3, 4, 4, 5, 5, 6, 6, 7, 7, 8, 8, 9, 8, 10, 10, 11, 11, 12, 12, 13, 13, 14, 14, 15, 15, 16, 16, 17, 13, 18, 18, 19, 18, 20, 18, 21, 6, 22, 22, 3, 16, 11]","[1, 0, 2, 1, 3, 1, 4, 3, 5, 4, 6, 5, 7, 6, 8, 7, 9, 8, 10, 8, 11, 10, 12, 11, 13, 12, 14, 13, 15, 14, 16, 15, 17, 16, 18, 13, 19, 18, 20, 18, 21, 18, 22, 6, 3, 22, 11, 16]",-5.968106766699999
44,98,"[1, 1, 2, 2, 1, 3, 1, 2, 2, 1, 1, 1, 1, 1, 1, 4, 1, 1, 1, 1, 2, 2, 1, 1, 2, 2, 1, 3, 1, 1, 1, 1, 1, 1, 1, 1, 4, 1, 1, 1, 1, 1, 1, 1]","[1, 1, 2, 2, 1, 1, 1, 1, 2, 2, 1, 1, 2, 2, 1, 1, 1, 1, 3, 3, 3, 3, 3, 3, 3, 3, 3, 3, 1, 1, 1, 1, 3, 3, 3, 3, 3, 3, 1, 1, 1, 1, 2, 2, 1, 1, 2, 2, 1, 1, 1, 1, 2, 2, 1, 1, 3, 3, 3, 3, 3, 3, 3, 3, 3, 3, 1, 1, 3, 3, 1, 1, 3, 3, 1, 1, 3, 3, 3, 3, 3, 3, 3, 3, 3, 3, 1, 1, 3, 3, 3, 3, 1, 1, 3, 3, 3, 3]","[0, 1, 1, 2, 2, 3, 3, 4, 4, 5, 4, 6, 6, 7, 7, 8, 8, 9, 9, 10, 10, 11, 11, 12, 12, 13, 13, 14, 14, 15, 12, 16, 16, 17, 17, 18, 18, 19, 19, 20, 20, 21, 21, 22, 22, 23, 23, 24, 24, 25, 25, 26, 26, 27, 25, 28, 28, 29, 29, 30, 30, 31, 31, 32, 32, 33, 23, 34, 19, 35, 35, 36, 35, 37, 3, 38, 38, 39, 39, 40, 40, 41, 41, 42, 42, 43, 6, 1, 14, 9, 37, 16, 26, 22, 33, 28, 43, 38]","[1, 0, 2, 1, 3, 2, 4, 3, 5, 4, 6, 4, 7, 6, 8, 7, 9, 8, 10, 9, 11, 10, 12, 11, 13, 12, 14, 13, 15, 14, 16, 12, 17, 16, 18, 17, 19, 18, 20, 19, 21, 20, 22, 21, 23, 22, 24, 23, 25, 24, 26, 25, 27, 26, 28, 25, 29, 28, 30, 29, 31, 30, 32, 31, 33, 32, 34, 23, 35, 19, 36, 35, 37, 35, 38, 3, 39, 38, 40, 39, 41, 40, 42, 41, 43, 42, 1, 6, 9, 14, 16, 37, 22, 26, 28, 33, 38, 43]",-8.1416267302
27,60,"[1, 1, 2, 2, 1, 1, 1, 1, 1, 1, 1, 3, 1, 1, 1, 1, 2, 2, 1, 1, 1, 1, 1, 1, 1, 3, 1]","[1, 1, 2, 2, 1, 1, 1, 1, 3, 3, 3, 3, 3, 3, 3, 3, 3, 3, 1, 1, 2, 2, 1, 1, 1, 1, 2, 2, 1, 1, 2, 2, 1, 1, 1, 1, 3, 3, 3, 3, 3, 3, 3, 3, 3, 3, 1, 1, 2, 2, 1, 1, 1, 1, 3, 3, 1, 1, 3, 3]","[0, 1, 1, 2, 2, 3, 3, 4, 4, 5, 5, 6, 6, 7, 7, 8, 8, 9, 3, 10, 10, 11, 10, 12, 12, 13, 13, 14, 14, 15, 15, 16, 16, 17, 17, 18, 18, 19, 19, 20, 20, 21, 21, 22, 22, 23, 17, 24, 24, 25, 15, 26, 12, 1, 9, 4, 24, 14, 23, 18]","[1, 0, 2, 1, 3, 2, 4, 3, 5, 4, 6, 5, 7, 6, 8, 7, 9, 8, 10, 3, 11, 10, 12, 10, 13, 12, 14, 13, 15, 14, 16, 15, 17, 16, 18, 17, 19, 18, 20, 19, 21, 20, 22, 21, 23, 22, 24, 17, 25, 24, 26, 15, 1, 12, 4, 9, 14, 24, 18, 23]",-7.8822713548
17,34,"[1, 1, 1, 1, 1, 1, 1, 1, 1, 1, 1, 1, 1, 1, 1, 3, 1]","[1, 1, 1, 1, 1, 1, 1, 1, 1, 1, 1, 1, 1, 1, 1, 1, 1, 1, 1, 1, 1, 1, 1, 1, 1, 1, 1, 1, 2, 2, 1, 1, 1, 1]","[0, 1, 1, 2, 2, 3, 3, 4, 4, 5, 5, 6, 6, 7, 7, 8, 8, 9, 9, 10, 10, 11, 11, 12, 12, 13, 13, 14, 14, 15, 14, 16, 16, 1]","[1, 0, 2, 1, 3, 2, 4, 3, 5, 4, 6, 5, 7, 6, 8, 7, 9, 8, 10, 9, 11, 10, 12, 11, 13, 12, 14, 13, 15, 14, 16, 14, 1, 16]",-5.7438651202
20,44,"[1, 1, 3, 1, 3, 1, 1, 1, 1, 8, 1, 1, 1, 1, 1, 1, 1, 3, 1, 1]","[1, 1, 1, 1, 1, 1, 2, 2, 1, 1, 3, 3, 3, 3, 3, 3, 3, 3, 3, 3, 3, 3, 3, 3, 3, 3, 3, 3, 3, 3, 3, 3, 2, 2, 3, 3, 3, 3, 3, 3, 3, 3, 3, 3]","[0, 1, 1, 2, 2, 3, 3, 4, 3, 5, 5, 6, 6, 7, 7, 8, 8, 9, 9, 10, 10, 11, 11, 12, 12, 13, 13, 14, 14, 15, 15, 16, 16, 17, 16, 18, 18, 19, 19, 5, 18, 8, 15, 10]","[1, 0, 2, 1, 3, 2, 4, 3, 5, 3, 6, 5, 7, 6, 8, 7, 9, 8, 10, 9, 11, 10, 12, 11, 13, 12, 14, 13, 15, 14, 16, 15, 17, 16, 18, 16, 19, 18, 5, 19, 8, 18, 10, 15]",-6.756602506799999
36,80,"[1, 3, 1, 1, 1, 1, 1, 1, 1, 1, 2, 1, 3, 1, 3, 1, 1, 1, 1, 1, 1, 1, 2, 1, 1, 1, 1, 1, 1, 3, 1, 1, 1, 1, 3, 3]","[1, 1, 1, 1, 3, 3, 3, 3, 3, 3, 3, 3, 3, 3, 1, 1, 2, 2, 1, 1, 2, 2, 1, 1, 1, 1, 2, 2, 1, 1, 3, 3, 3, 3, 3, 3, 3, 3, 3, 3, 1, 1, 2, 2, 1, 1, 2, 2, 1, 1, 3, 3, 3, 3, 3, 3, 1, 1, 1, 1, 3, 3, 3, 3, 1, 1, 2, 2, 1, 1, 3, 3, 1, 1, 3, 3, 1, 1, 3, 3]","[0, 1, 1, 2, 2, 3, 3, 4, 4, 5, 5, 6, 6, 7, 5, 8, 8, 9, 9, 10, 10, 11, 11, 12, 12, 13, 13, 14, 11, 15, 15, 16, 16, 17, 17, 18, 18, 19, 19, 20, 18, 21, 21, 22, 22, 23, 23, 24, 24, 25, 25, 26, 26, 27, 27, 28, 28, 29, 29, 30, 28, 31, 31, 32, 23, 33, 33, 34, 33, 35, 7, 2, 13, 9, 20, 15, 35, 21, 32, 25]","[1, 0, 2, 1, 3, 2, 4, 3, 5, 4, 6, 5, 7, 6, 8, 5, 9, 8, 10, 9, 11, 10, 12, 11, 13, 12, 14, 13, 15, 11, 16, 15, 17, 16, 18, 17, 19, 18, 20, 19, 21, 18, 22, 21, 23, 22, 24, 23, 25, 24, 26, 25, 27, 26, 28, 27, 29, 28, 30, 29, 31, 28, 32, 31, 33, 23, 34, 33, 35, 33, 2, 7, 9, 13, 15, 20, 21, 35, 25, 32]",-6.9835711537
36,80,"[3, 1, 1, 1, 1, 1, 3, 1, 1, 1, 1, 1, 1, 1, 1, 1, 1, 1, 1, 1, 1, 1, 3, 1, 1, 1, 1, 3, 1, 1, 1, 1, 1, 1, 1, 1]","[2, 2, 1, 1, 3, 3, 3, 3, 3, 3, 1, 1, 1, 1, 3, 3, 3, 3, 3, 3, 3, 3, 3, 3, 3, 3, 3, 3, 1, 1, 3, 3, 3, 3, 3, 3, 3, 3, 3, 3, 1, 1, 2, 2, 1, 1, 3, 3, 3, 3, 3, 3, 1, 1, 1, 1, 3, 3, 3, 3, 3, 3, 3, 3, 3, 3, 3, 3, 3, 3, 3, 3, 3, 3, 3, 3, 3, 3, 3, 3]","[0, 1, 1, 2, 2, 3, 3, 4, 4, 5, 5, 6, 6, 7, 7, 8, 8, 9, 9, 10, 10, 11, 11, 12, 5, 13, 13, 14, 1, 15, 15, 16, 16, 17, 17, 18, 18, 19, 19, 20, 18, 21, 21, 22, 21, 23, 23, 24, 24, 25, 25, 26, 26, 27, 27, 28, 28, 29, 29, 30, 30, 31, 31, 32, 32, 33, 26, 34, 34, 35, 14, 2, 12, 7, 20, 15, 35, 23, 33, 28]","[1, 0, 2, 1, 3, 2, 4, 3, 5, 4, 6, 5, 7, 6, 8, 7, 9, 8, 10, 9, 11, 10, 12, 11, 13, 5, 14, 13, 15, 1, 16, 15, 17, 16, 18, 17, 19, 18, 20, 19, 21, 18, 22, 21, 23, 21, 24, 23, 25, 24, 26, 25, 27, 26, 28, 27, 29, 28, 30, 29, 31, 30, 32, 31, 33, 32, 34, 26, 35, 34, 2, 14, 7, 12, 15, 20, 23, 35, 28, 33]",-7.973611776
40,88,"[1, 1, 1, 1, 1, 1, 1, 1, 1, 1, 1, 1, 1, 1, 1, 1, 1, 1, 2, 1, 3, 1, 1, 1, 1, 8, 1, 1, 1, 1, 1, 1, 1, 1, 1, 1, 1, 3, 1, 1]","[1, 1, 1, 1, 1, 1, 1, 1, 1, 1, 1, 1, 1, 1, 1, 1, 1, 1, 1, 1, 1, 1, 1, 1, 1, 1, 1, 1, 1, 1, 1, 1, 1, 1, 1, 1, 3, 3, 2, 2, 3, 3, 3, 3, 3, 3, 3, 3, 3, 3, 3, 3, 3, 3, 3, 3, 3, 3, 3, 3, 3, 3, 3, 3, 3, 3, 3, 3, 3, 3, 3, 3, 2, 2, 3, 3, 3, 3, 3, 3, 3, 3, 3, 3, 3, 3, 3, 3]","[0, 1, 1, 2, 2, 3, 3, 4, 4, 5, 5, 6, 6, 7, 7, 8, 8, 9, 9, 10, 10, 11, 11, 12, 12, 13, 13, 14, 14, 15, 15, 16, 16, 17, 17, 18, 18, 19, 19, 20, 19, 21, 21, 22, 22, 23, 23, 24, 24, 25, 25, 26, 26, 27, 27, 28, 28, 29, 29, 30, 30, 31, 31, 32, 32, 33, 33, 34, 34, 35, 35, 36, 36, 37, 35, 38, 38, 39, 36, 18, 38, 21, 39, 24, 31, 26, 39, 32]","[1, 0, 2, 1, 3, 2, 4, 3, 5, 4, 6, 5, 7, 6, 8, 7, 9, 8, 10, 9, 11, 10, 12, 11, 13, 12, 14, 13, 15, 14, 16, 15, 17, 16, 18, 17, 19, 18, 20, 19, 21, 19, 22, 21, 23, 22, 24, 23, 25, 24, 26, 25, 27, 26, 28, 27, 29, 28, 30, 29, 31, 30, 32, 31, 33, 32, 34, 33, 35, 34, 36, 35, 37, 36, 38, 35, 39, 38, 18, 36, 21, 38, 24, 39, 26, 31, 32, 39]",-7.966789170299999
32,78,"[3, 1, 2, 1, 1, 1, 1, 1, 1, 2, 1, 1, 1, 1, 1, 1, 3, 2, 1, 1, 1, 1, 1, 1, 2, 1, 1, 1, 1, 1, 1, 1]","[2, 2, 3, 3, 3, 3, 3, 3, 3, 3, 3, 3, 3, 3, 3, 3, 3, 3, 3, 3, 3, 3, 3, 3, 3, 3, 3, 3, 3, 3, 2, 2, 3, 3, 3, 3, 3, 3, 3, 3, 3, 3, 3, 3, 3, 3, 3, 3, 3, 3, 3, 3, 3, 3, 3, 3, 3, 3, 3, 3, 3, 3, 3, 3, 3, 3, 3, 3, 3, 3, 3, 3, 3, 3, 3, 3, 3, 3]","[0, 1, 1, 2, 2, 3, 3, 4, 4, 5, 5, 6, 6, 7, 7, 8, 8, 9, 9, 10, 10, 11, 11, 12, 12, 13, 13, 14, 14, 15, 15, 16, 15, 17, 17, 18, 18, 19, 19, 20, 20, 21, 21, 22, 22, 23, 23, 24, 24, 25, 25, 26, 26, 27, 27, 28, 28, 29, 29, 30, 30, 31, 29, 1, 10, 2, 8, 3, 30, 11, 31, 14, 25, 17, 23, 18, 31, 26]","[1, 0, 2, 1, 3, 2, 4, 3, 5, 4, 6, 5, 7, 6, 8, 7, 9, 8, 10, 9, 11, 10, 12, 11, 13, 12, 14, 13, 15, 14, 16, 15, 17, 15, 18, 17, 19, 18, 20, 19, 21, 20, 22, 21, 23, 22, 24, 23, 25, 24, 26, 25, 27, 26, 28, 27, 29, 28, 30, 29, 31, 30, 1, 29, 2, 10, 3, 8, 11, 30, 14, 31, 17, 25, 18, 23, 26, 31]",-7.7579945848
47,102,"[1, 3, 1, 1, 1, 3, 1, 1, 2, 1, 3, 1, 1, 1, 1, 1, 1, 1, 1, 1, 2, 2, 1, 1, 1, 1, 1, 1, 3, 1, 1, 3, 2, 1, 1, 1, 1, 1, 1, 1, 2, 3, 1, 3, 1, 1, 4]","[1, 1, 1, 1, 3, 3, 3, 3, 1, 1, 1, 1, 3, 3, 1, 1, 1, 1, 2, 2, 1, 1, 2, 2, 1, 1, 3, 3, 3, 3, 3, 3, 3, 3, 3, 3, 1, 1, 2, 2, 1, 1, 1, 1, 3, 3, 3, 3, 3, 3, 3, 3, 3, 3, 1, 1, 1, 1, 1, 1, 2, 2, 1, 1, 1, 1, 3, 3, 3, 3, 3, 3, 3, 3, 3, 3, 1, 1, 1, 1, 2, 2, 1, 1, 2, 2, 3, 3, 3, 3, 1, 1, 3, 3, 1, 1, 3, 3, 3, 3, 3, 3]","[0, 1, 1, 2, 2, 3, 3, 4, 4, 5, 5, 6, 4, 7, 7, 8, 8, 9, 9, 10, 9, 11, 11, 12, 12, 13, 13, 14, 14, 15, 15, 16, 16, 17, 17, 18, 18, 19, 19, 20, 20, 21, 21, 22, 22, 23, 23, 24, 24, 25, 25, 26, 26, 27, 27, 28, 28, 29, 24, 30, 30, 31, 30, 32, 32, 33, 33, 34, 34, 35, 35, 36, 36, 37, 37, 38, 36, 39, 39, 40, 39, 41, 19, 42, 42, 43, 7, 44, 44, 45, 45, 46, 45, 2, 42, 11, 18, 13, 27, 22, 38, 33]","[1, 0, 2, 1, 3, 2, 4, 3, 5, 4, 6, 5, 7, 4, 8, 7, 9, 8, 10, 9, 11, 9, 12, 11, 13, 12, 14, 13, 15, 14, 16, 15, 17, 16, 18, 17, 19, 18, 20, 19, 21, 20, 22, 21, 23, 22, 24, 23, 25, 24, 26, 25, 27, 26, 28, 27, 29, 28, 30, 24, 31, 30, 32, 30, 33, 32, 34, 33, 35, 34, 36, 35, 37, 36, 38, 37, 39, 36, 40, 39, 41, 39, 42, 19, 43, 42, 44, 7, 45, 44, 46, 45, 2, 45, 11, 42, 13, 18, 22, 27, 33, 38]",-7.8662401992
66,144,"[1, 1, 1, 3, 1, 3, 1, 1, 1, 1, 1, 1, 1, 2, 2, 1, 1, 3, 1, 1, 1, 1, 1, 1, 1, 1, 1, 3, 2, 1, 1, 1, 4, 1, 2, 1, 3, 1, 1, 1, 1, 1, 1, 1, 1, 1, 2, 2, 1, 1, 1, 1, 1, 1, 1, 1, 3, 3, 1, 1, 1, 1, 3, 1, 1, 4]","[1, 1, 1, 1, 1, 1, 1, 1, 2, 2, 1, 1, 3, 3, 3, 3, 3, 3, 1, 1, 3, 3, 3, 3, 1, 1, 2, 2, 1, 1, 3, 3, 1, 1, 3, 3, 3, 3, 3, 3, 3, 3, 3, 3, 3, 3, 3, 3, 3, 3, 1, 1, 2, 2, 1, 1, 1, 1, 3, 3, 3, 3, 1, 1, 3, 3, 1, 1, 1, 1, 2, 2, 1, 1, 3, 3, 3, 3, 3, 3, 3, 3, 3, 3, 3, 3, 3, 3, 3, 3, 1, 1, 2, 2, 1, 1, 3, 3, 3, 3, 3, 3, 3, 3, 3, 3, 1, 1, 1, 1, 2, 2, 1, 1, 1, 1, 1, 1, 1, 1, 3, 3, 1, 1, 3, 3, 3, 3, 1, 1, 3, 3, 3, 3, 3, 3, 3, 3, 3, 3, 3, 3, 3, 3]","[0, 1, 1, 2, 1, 3, 3, 4, 4, 5, 4, 6, 6, 7, 7, 8, 8, 9, 9, 10, 9, 11, 11, 12, 11, 13, 13, 14, 14, 15, 15, 16, 16, 17, 16, 18, 18, 19, 19, 20, 20, 21, 21, 22, 22, 23, 23, 24, 24, 25, 18, 26, 26, 27, 26, 28, 28, 29, 29, 30, 30, 31, 31, 32, 31, 33, 33, 34, 34, 35, 35, 36, 35, 37, 37, 38, 38, 39, 39, 40, 40, 41, 41, 42, 42, 43, 43, 44, 44, 45, 45, 46, 46, 47, 47, 48, 48, 49, 49, 50, 50, 51, 51, 52, 52, 53, 53, 54, 50, 55, 55, 56, 55, 57, 57, 58, 58, 59, 58, 60, 45, 61, 61, 62, 33, 63, 63, 64, 64, 65, 12, 6, 25, 15, 25, 20, 64, 29, 61, 37, 44, 39, 53, 48]","[1, 0, 2, 1, 3, 1, 4, 3, 5, 4, 6, 4, 7, 6, 8, 7, 9, 8, 10, 9, 11, 9, 12, 11, 13, 11, 14, 13, 15, 14, 16, 15, 17, 16, 18, 16, 19, 18, 20, 19, 21, 20, 22, 21, 23, 22, 24, 23, 25, 24, 26, 18, 27, 26, 28, 26, 29, 28, 30, 29, 31, 30, 32, 31, 33, 31, 34, 33, 35, 34, 36, 35, 37, 35, 38, 37, 39, 38, 40, 39, 41, 40, 42, 41, 43, 42, 44, 43, 45, 44, 46, 45, 47, 46, 48, 47, 49, 48, 50, 49, 51, 50, 52, 51, 53, 52, 54, 53, 55, 50, 56, 55, 57, 55, 58, 57, 59, 58, 60, 58, 61, 45, 62, 61, 63, 33, 64, 63, 65, 64, 6, 12, 15, 25, 20, 25, 29, 64, 37, 61, 39, 44, 48, 53]",-7.0074879806
41,88,"[1, 1, 1, 1, 1, 1, 1, 1, 3, 7, 3, 1, 1, 1, 3, 1, 3, 7, 3, 1, 3, 1, 1, 1, 1, 1, 1, 1, 1, 1, 1, 1, 1, 1, 1, 1, 1, 1, 1, 1, 1]","[1, 1, 1, 1, 1, 1, 1, 1, 3, 3, 3, 3, 3, 3, 1, 1, 1, 1, 1, 1, 1, 1, 1, 1, 1, 1, 1, 1, 1, 1, 1, 1, 1, 1, 1, 1, 1, 1, 1, 1, 1, 1, 3, 3, 3, 3, 3, 3, 3, 3, 3, 3, 1, 1, 1, 1, 1, 1, 1, 1, 1, 1, 1, 1, 1, 1, 1, 1, 3, 3, 3, 3, 1, 1, 1, 1, 1, 1, 1, 1, 3, 3, 1, 1, 1, 1, 3, 3]","[0, 1, 1, 2, 1, 3, 1, 4, 4, 5, 5, 6, 6, 7, 7, 8, 8, 9, 9, 10, 10, 11, 11, 12, 12, 13, 13, 14, 12, 15, 15, 16, 16, 17, 17, 18, 18, 19, 17, 20, 20, 21, 21, 22, 22, 23, 23, 24, 24, 25, 25, 26, 26, 27, 27, 28, 27, 29, 27, 30, 24, 31, 31, 32, 31, 33, 31, 34, 7, 35, 35, 36, 35, 37, 37, 38, 37, 39, 37, 40, 36, 4, 14, 9, 19, 12, 26, 21]","[1, 0, 2, 1, 3, 1, 4, 1, 5, 4, 6, 5, 7, 6, 8, 7, 9, 8, 10, 9, 11, 10, 12, 11, 13, 12, 14, 13, 15, 12, 16, 15, 17, 16, 18, 17, 19, 18, 20, 17, 21, 20, 22, 21, 23, 22, 24, 23, 25, 24, 26, 25, 27, 26, 28, 27, 29, 27, 30, 27, 31, 24, 32, 31, 33, 31, 34, 31, 35, 7, 36, 35, 37, 35, 38, 37, 39, 37, 40, 37, 4, 36, 9, 14, 12, 19, 21, 26]",-6.813060611
56,130,"[4, 1, 1, 1, 4, 1, 1, 2, 1, 2, 1, 2, 31, 2, 1, 2, 1, 2, 1, 2, 1, 1, 1, 4, 1, 4, 1, 4, 1, 4, 1, 1, 1, 4, 1, 4, 1, 4, 1, 4, 1, 1, 1, 4, 1, 4, 1, 4, 1, 4, 1, 1, 2, 1, 1, 4]","[1, 1, 3, 3, 3, 3, 1, 1, 3, 3, 1, 1, 1, 1, 2, 2, 1, 1, 2, 2, 3, 3, 1, 1, 1, 1, 1, 1, 1, 1, 2, 2, 1, 1, 2, 2, 1, 1, 2, 2, 3, 3, 3, 3, 1, 1, 3, 3, 1, 1, 3, 3, 1, 1, 3, 3, 1, 1, 3, 3, 1, 1, 3, 3, 1, 1, 3, 3, 1, 1, 3, 3, 1, 1, 3, 3, 1, 1, 3, 3, 1, 1, 3, 3, 1, 1, 3, 3, 1, 1, 3, 3, 1, 1, 3, 3, 1, 1, 3, 3, 1, 1, 2, 2, 1, 1, 3, 3, 1, 1, 3, 3, 3, 3, 1, 1, 3, 3, 3, 3, 1, 1, 1, 1, 3, 3, 3, 3, 3, 3]","[0, 1, 1, 2, 2, 3, 3, 4, 3, 5, 5, 6, 6, 7, 7, 8, 8, 9, 9, 10, 10, 11, 11, 12, 12, 13, 13, 14, 14, 15, 15, 16, 16, 17, 17, 18, 18, 19, 19, 20, 20, 21, 21, 22, 22, 23, 22, 24, 24, 25, 24, 26, 26, 27, 26, 28, 28, 29, 28, 30, 18, 31, 31, 32, 32, 33, 32, 34, 34, 35, 34, 36, 36, 37, 36, 38, 38, 39, 38, 40, 14, 41, 41, 42, 42, 43, 42, 44, 44, 45, 44, 46, 46, 47, 46, 48, 48, 49, 48, 50, 50, 51, 51, 52, 8, 53, 53, 54, 54, 55, 54, 1, 53, 5, 52, 6, 30, 10, 20, 11, 51, 13, 40, 16, 30, 21, 40, 31, 50, 41]","[1, 0, 2, 1, 3, 2, 4, 3, 5, 3, 6, 5, 7, 6, 8, 7, 9, 8, 10, 9, 11, 10, 12, 11, 13, 12, 14, 13, 15, 14, 16, 15, 17, 16, 18, 17, 19, 18, 20, 19, 21, 20, 22, 21, 23, 22, 24, 22, 25, 24, 26, 24, 27, 26, 28, 26, 29, 28, 30, 28, 31, 18, 32, 31, 33, 32, 34, 32, 35, 34, 36, 34, 37, 36, 38, 36, 39, 38, 40, 38, 41, 14, 42, 41, 43, 42, 44, 42, 45, 44, 46, 44, 47, 46, 48, 46, 49, 48, 50, 48, 51, 50, 52, 51, 53, 8, 54, 53, 55, 54, 1, 54, 5, 53, 6, 52, 10, 30, 11, 20, 13, 51, 16, 40, 21, 30, 31, 40, 41, 50]",-9.039324078
25,56,"[1, 1, 1, 1, 2, 8, 1, 8, 1, 1, 1, 1, 1, 1, 2, 8, 1, 8, 1, 1, 1, 1, 1, 1, 2]","[1, 1, 1, 1, 1, 1, 1, 1, 1, 1, 1, 1, 3, 3, 3, 3, 3, 3, 3, 3, 3, 3, 3, 3, 3, 3, 3, 3, 1, 1, 1, 1, 3, 3, 3, 3, 3, 3, 3, 3, 3, 3, 3, 3, 3, 3, 3, 3, 3, 3, 3, 3, 3, 3, 3, 3]","[0, 1, 1, 2, 1, 3, 1, 4, 4, 5, 5, 6, 6, 7, 7, 8, 8, 9, 9, 10, 10, 11, 11, 12, 12, 13, 13, 14, 4, 15, 15, 16, 16, 17, 17, 18, 18, 19, 19, 20, 20, 21, 21, 22, 22, 23, 23, 24, 14, 6, 13, 8, 24, 16, 23, 18]","[1, 0, 2, 1, 3, 1, 4, 1, 5, 4, 6, 5, 7, 6, 8, 7, 9, 8, 10, 9, 11, 10, 12, 11, 13, 12, 14, 13, 15, 4, 16, 15, 17, 16, 18, 17, 19, 18, 20, 19, 21, 20, 22, 21, 23, 22, 24, 23, 6, 14, 8, 13, 16, 24, 18, 23]",-8.3629378574
46,102,"[1, 1, 1, 1, 1, 1, 1, 1, 1, 1, 1, 1, 1, 1, 3, 1, 1, 1, 1, 1, 1, 1, 1, 1, 1, 1, 1, 1, 3, 1, 1, 1, 1, 1, 1, 1, 1, 1, 1, 1, 1, 1, 3, 1, 1, 1]","[1, 1, 1, 1, 1, 1, 1, 1, 3, 3, 3, 3, 1, 1, 1, 1, 1, 1, 1, 1, 1, 1, 1, 1, 3, 3, 1, 1, 3, 3, 3, 3, 1, 1, 1, 1, 3, 3, 3, 3, 1, 1, 1, 1, 1, 1, 1, 1, 1, 1, 1, 1, 3, 3, 1, 1, 3, 3, 3, 3, 1, 1, 1, 1, 3, 3, 3, 3, 1, 1, 1, 1, 1, 1, 1, 1, 1, 1, 1, 1, 3, 3, 1, 1, 3, 3, 3, 3, 1, 1, 3, 3, 1, 1, 3, 3, 1, 1, 3, 3, 1, 1]","[0, 1, 1, 2, 2, 3, 3, 4, 4, 5, 5, 6, 6, 7, 7, 8, 8, 9, 9, 10, 10, 11, 11, 12, 6, 13, 13, 14, 13, 15, 15, 16, 16, 17, 3, 18, 18, 19, 19, 20, 20, 21, 21, 22, 22, 23, 23, 24, 24, 25, 25, 26, 20, 27, 27, 28, 27, 29, 29, 30, 30, 31, 1, 32, 32, 33, 33, 34, 34, 35, 35, 36, 36, 37, 37, 38, 38, 39, 39, 40, 34, 41, 41, 42, 41, 43, 43, 44, 44, 45, 16, 4, 12, 7, 30, 18, 26, 21, 44, 32, 40, 35]","[1, 0, 2, 1, 3, 2, 4, 3, 5, 4, 6, 5, 7, 6, 8, 7, 9, 8, 10, 9, 11, 10, 12, 11, 13, 6, 14, 13, 15, 13, 16, 15, 17, 16, 18, 3, 19, 18, 20, 19, 21, 20, 22, 21, 23, 22, 24, 23, 25, 24, 26, 25, 27, 20, 28, 27, 29, 27, 30, 29, 31, 30, 32, 1, 33, 32, 34, 33, 35, 34, 36, 35, 37, 36, 38, 37, 39, 38, 40, 39, 41, 34, 42, 41, 43, 41, 44, 43, 45, 44, 4, 16, 7, 12, 18, 30, 21, 26, 32, 44, 35, 40]",-7.396502026799999
59,120,"[13, 1, 1, 1, 1, 1, 1, 1, 2, 1, 3, 1, 1, 3, 1, 2, 2, 1, 1, 1, 1, 1, 1, 2, 3, 3, 8, 3, 3, 3, 1, 1, 1, 1, 1, 1, 1, 2, 1, 3, 1, 1, 3, 1, 2, 2, 1, 1, 1, 1, 1, 1, 2, 3, 3, 8, 3, 3, 3]","[1, 1, 3, 3, 3, 3, 3, 3, 3, 3, 3, 3, 1, 1, 1, 1, 2, 2, 1, 1, 1, 1, 2, 2, 1, 1, 1, 1, 2, 2, 1, 1, 3, 3, 3, 3, 3, 3, 3, 3, 3, 3, 1, 1, 1, 1, 2, 2, 1, 1, 1, 1, 2, 2, 2, 2, 1, 1, 3, 3, 3, 3, 3, 3, 3, 3, 3, 3, 1, 1, 1, 1, 2, 2, 1, 1, 1, 1, 2, 2, 1, 1, 1, 1, 2, 2, 1, 1, 3, 3, 3, 3, 3, 3, 3, 3, 3, 3, 1, 1, 1, 1, 2, 2, 1, 1, 1, 1, 2, 2, 2, 2, 3, 3, 3, 3, 3, 3, 3, 3]","[1, 2, 2, 3, 3, 4, 4, 5, 5, 6, 6, 7, 7, 8, 8, 9, 9, 10, 9, 11, 11, 12, 12, 13, 12, 14, 14, 15, 15, 16, 16, 17, 17, 18, 18, 19, 19, 20, 20, 21, 21, 22, 22, 23, 23, 24, 23, 25, 20, 26, 26, 27, 26, 28, 26, 29, 30, 31, 31, 32, 32, 33, 33, 34, 34, 35, 35, 36, 36, 37, 37, 38, 38, 39, 38, 40, 40, 41, 41, 42, 41, 43, 43, 44, 44, 45, 45, 46, 46, 47, 47, 48, 48, 49, 49, 50, 50, 51, 51, 52, 52, 53, 52, 54, 49, 55, 55, 56, 55, 57, 55, 58, 7, 2, 22, 17, 36, 31, 51, 46]","[2, 1, 3, 2, 4, 3, 5, 4, 6, 5, 7, 6, 8, 7, 9, 8, 10, 9, 11, 9, 12, 11, 13, 12, 14, 12, 15, 14, 16, 15, 17, 16, 18, 17, 19, 18, 20, 19, 21, 20, 22, 21, 23, 22, 24, 23, 25, 23, 26, 20, 27, 26, 28, 26, 29, 26, 31, 30, 32, 31, 33, 32, 34, 33, 35, 34, 36, 35, 37, 36, 38, 37, 39, 38, 40, 38, 41, 40, 42, 41, 43, 41, 44, 43, 45, 44, 46, 45, 47, 46, 48, 47, 49, 48, 50, 49, 51, 50, 52, 51, 53, 52, 54, 52, 55, 49, 56, 55, 57, 55, 58, 55, 2, 7, 17, 22, 31, 36, 46, 51]",-7.7398036692
25,60,"[3, 1, 2, 1, 1, 1, 1, 1, 1, 1, 1, 1, 2, 1, 1, 1, 1, 1, 1, 1, 1, 1, 1, 1, 1]","[2, 2, 3, 3, 3, 3, 3, 3, 3, 3, 3, 3, 3, 3, 3, 3, 3, 3, 3, 3, 3, 3, 3, 3, 3, 3, 3, 3, 3, 3, 3, 3, 3, 3, 3, 3, 3, 3, 3, 3, 3, 3, 3, 3, 3, 3, 3, 3, 3, 3, 3, 3, 3, 3, 3, 3, 3, 3, 3, 3]","[0, 1, 1, 2, 2, 3, 3, 4, 4, 5, 5, 6, 6, 7, 7, 8, 8, 9, 9, 10, 10, 11, 11, 12, 12, 13, 13, 14, 14, 15, 15, 16, 16, 17, 17, 18, 18, 19, 19, 20, 20, 21, 21, 22, 22, 23, 11, 24, 22, 1, 13, 2, 24, 3, 24, 7, 23, 14, 23, 18]","[1, 0, 2, 1, 3, 2, 4, 3, 5, 4, 6, 5, 7, 6, 8, 7, 9, 8, 10, 9, 11, 10, 12, 11, 13, 12, 14, 13, 15, 14, 16, 15, 17, 16, 18, 17, 19, 18, 20, 19, 21, 20, 22, 21, 23, 22, 24, 11, 1, 22, 2, 13, 3, 24, 7, 24, 14, 23, 18, 23]",-7.204596088300001
22,50,"[3, 1, 1, 1, 1, 1, 1, 1, 1, 2, 1, 1, 1, 3, 1, 1, 1, 1, 1, 1, 1, 3]","[1, 1, 2, 2, 1, 1, 3, 3, 3, 3, 3, 3, 3, 3, 3, 3, 1, 1, 1, 1, 2, 2, 1, 1, 2, 2, 1, 1, 3, 3, 3, 3, 3, 3, 3, 3, 3, 3, 1, 1, 2, 2, 1, 1, 3, 3, 1, 1, 3, 3]","[0, 1, 1, 2, 2, 3, 3, 4, 4, 5, 5, 6, 6, 7, 7, 8, 8, 9, 9, 10, 10, 11, 11, 12, 12, 13, 12, 14, 14, 15, 15, 16, 16, 17, 17, 18, 18, 19, 19, 20, 20, 21, 10, 1, 8, 3, 20, 11, 19, 14]","[1, 0, 2, 1, 3, 2, 4, 3, 5, 4, 6, 5, 7, 6, 8, 7, 9, 8, 10, 9, 11, 10, 12, 11, 13, 12, 14, 12, 15, 14, 16, 15, 17, 16, 18, 17, 19, 18, 20, 19, 21, 20, 1, 10, 3, 8, 11, 20, 14, 19]",-7.0463600735
29,66,"[2, 1, 1, 1, 1, 1, 1, 4, 1, 1, 1, 1, 1, 2, 1, 4, 1, 1, 1, 1, 1, 1, 1, 1, 1, 1, 1, 1, 1]","[1, 1, 3, 3, 3, 3, 3, 3, 3, 3, 3, 3, 1, 1, 1, 1, 1, 1, 3, 3, 3, 3, 3, 3, 1, 1, 3, 3, 1, 1, 3, 3, 1, 1, 3, 3, 3, 3, 3, 3, 3, 3, 3, 3, 1, 1, 3, 3, 3, 3, 3, 3, 3, 3, 3, 3, 3, 3, 1, 1, 3, 3, 3, 3, 3, 3]","[0, 1, 1, 2, 2, 3, 3, 4, 4, 5, 5, 6, 6, 7, 4, 8, 8, 9, 9, 10, 10, 11, 11, 12, 12, 13, 12, 14, 14, 15, 14, 16, 8, 17, 17, 18, 18, 19, 19, 20, 20, 21, 21, 22, 22, 23, 23, 24, 24, 25, 25, 26, 26, 27, 27, 28, 6, 1, 28, 8, 16, 9, 22, 17, 28, 23]","[1, 0, 2, 1, 3, 2, 4, 3, 5, 4, 6, 5, 7, 6, 8, 4, 9, 8, 10, 9, 11, 10, 12, 11, 13, 12, 14, 12, 15, 14, 16, 14, 17, 8, 18, 17, 19, 18, 20, 19, 21, 20, 22, 21, 23, 22, 24, 23, 25, 24, 26, 25, 27, 26, 28, 27, 1, 6, 8, 28, 9, 16, 17, 22, 23, 28]",-6.9044856274
41,84,"[4, 4, 49, 1, 1, 1, 1, 1, 1, 7, 1, 1, 1, 1, 1, 1, 1, 1, 1, 1, 1, 1, 1, 1, 1, 1, 1, 1, 7, 1, 1, 1, 1, 1, 1, 1, 1, 1, 1, 1, 1]","[3, 3, 3, 3, 3, 3, 3, 3, 3, 3, 1, 1, 1, 1, 3, 3, 3, 3, 3, 3, 3, 3, 3, 3, 1, 1, 3, 3, 3, 3, 3, 3, 3, 3, 3, 3, 3, 3, 3, 3, 3, 3, 3, 3, 3, 3, 1, 1, 1, 1, 3, 3, 3, 3, 3, 3, 3, 3, 3, 3, 1, 1, 3, 3, 3, 3, 3, 3, 3, 3, 3, 3, 3, 3, 3, 3, 3, 3, 3, 3, 3, 3, 3, 3]","[3, 4, 4, 5, 5, 6, 6, 7, 7, 8, 6, 9, 9, 10, 10, 11, 11, 12, 12, 13, 13, 14, 14, 15, 9, 16, 16, 17, 17, 18, 18, 19, 19, 20, 20, 21, 22, 23, 23, 24, 24, 25, 25, 26, 26, 27, 25, 28, 28, 29, 29, 30, 30, 31, 31, 32, 32, 33, 33, 34, 28, 35, 35, 36, 36, 37, 37, 38, 38, 39, 39, 40, 8, 3, 15, 10, 21, 16, 27, 22, 34, 29, 40, 35]","[4, 3, 5, 4, 6, 5, 7, 6, 8, 7, 9, 6, 10, 9, 11, 10, 12, 11, 13, 12, 14, 13, 15, 14, 16, 9, 17, 16, 18, 17, 19, 18, 20, 19, 21, 20, 23, 22, 24, 23, 25, 24, 26, 25, 27, 26, 28, 25, 29, 28, 30, 29, 31, 30, 32, 31, 33, 32, 34, 33, 35, 28, 36, 35, 37, 36, 38, 37, 39, 38, 40, 39, 3, 8, 10, 15, 16, 21, 22, 27, 29, 34, 35, 40]",-7.0267374942
59,126,"[4, 53, 1, 1, 1, 1, 1, 1, 7, 1, 1, 1, 1, 1, 1, 1, 1, 1, 1, 1, 1, 1, 1, 1, 1, 1, 1, 7, 1, 1, 1, 1, 1, 1, 1, 1, 1, 1, 1, 1, 1, 1, 1, 1, 1, 1, 7, 1, 1, 1, 1, 1, 1, 1, 1, 1, 1, 1, 1]","[3, 3, 3, 3, 3, 3, 3, 3, 3, 3, 1, 1, 1, 1, 3, 3, 3, 3, 3, 3, 3, 3, 3, 3, 1, 1, 3, 3, 3, 3, 3, 3, 3, 3, 3, 3, 3, 3, 3, 3, 3, 3, 3, 3, 3, 3, 1, 1, 1, 1, 3, 3, 3, 3, 3, 3, 3, 3, 3, 3, 1, 1, 3, 3, 3, 3, 3, 3, 3, 3, 3, 3, 3, 3, 3, 3, 3, 3, 3, 3, 3, 3, 1, 1, 1, 1, 3, 3, 3, 3, 3, 3, 3, 3, 3, 3, 1, 1, 3, 3, 3, 3, 3, 3, 3, 3, 3, 3, 3, 3, 3, 3, 3, 3, 3, 3, 3, 3, 3, 3, 3, 3, 3, 3, 3, 3]","[2, 3, 3, 4, 4, 5, 5, 6, 6, 7, 5, 8, 8, 9, 9, 10, 10, 11, 11, 12, 12, 13, 13, 14, 8, 15, 15, 16, 16, 17, 17, 18, 18, 19, 19, 20, 21, 22, 22, 23, 23, 24, 24, 25, 25, 26, 24, 27, 27, 28, 28, 29, 29, 30, 30, 31, 31, 32, 32, 33, 27, 34, 34, 35, 35, 36, 36, 37, 37, 38, 38, 39, 40, 41, 41, 42, 42, 43, 43, 44, 44, 45, 43, 46, 46, 47, 47, 48, 48, 49, 49, 50, 50, 51, 51, 52, 46, 53, 53, 54, 54, 55, 55, 56, 56, 57, 57, 58, 7, 2, 14, 9, 20, 15, 26, 21, 33, 28, 39, 34, 45, 40, 52, 47, 58, 53]","[3, 2, 4, 3, 5, 4, 6, 5, 7, 6, 8, 5, 9, 8, 10, 9, 11, 10, 12, 11, 13, 12, 14, 13, 15, 8, 16, 15, 17, 16, 18, 17, 19, 18, 20, 19, 22, 21, 23, 22, 24, 23, 25, 24, 26, 25, 27, 24, 28, 27, 29, 28, 30, 29, 31, 30, 32, 31, 33, 32, 34, 27, 35, 34, 36, 35, 37, 36, 38, 37, 39, 38, 41, 40, 42, 41, 43, 42, 44, 43, 45, 44, 46, 43, 47, 46, 48, 47, 49, 48, 50, 49, 51, 50, 52, 51, 53, 46, 54, 53, 55, 54, 56, 55, 57, 56, 58, 57, 2, 7, 9, 14, 15, 20, 21, 26, 28, 33, 34, 39, 40, 45, 47, 52, 53, 58]",-7.0120095436000005
17,36,"[1, 1, 1, 1, 1, 1, 1, 1, 1, 1, 1, 1, 1, 1, 3, 1, 1]","[1, 1, 1, 1, 1, 1, 1, 1, 1, 1, 1, 1, 1, 1, 1, 1, 1, 1, 1, 1, 1, 1, 1, 1, 1, 1, 2, 2, 1, 1, 1, 1, 1, 1, 1, 1]","[0, 1, 1, 2, 2, 3, 3, 4, 4, 5, 5, 6, 6, 7, 7, 8, 8, 9, 7, 10, 10, 11, 11, 12, 12, 13, 13, 14, 13, 15, 15, 16, 9, 4, 16, 10]","[1, 0, 2, 1, 3, 2, 4, 3, 5, 4, 6, 5, 7, 6, 8, 7, 9, 8, 10, 7, 11, 10, 12, 11, 13, 12, 14, 13, 15, 13, 16, 15, 4, 9, 10, 16]",-6.3736456351
18,40,"[4, 1, 1, 4, 1, 4, 1, 1, 1, 3, 3, 1, 3, 1, 4, 1, 4, 4]","[1, 1, 2, 2, 1, 1, 1, 1, 1, 1, 1, 1, 1, 1, 1, 1, 2, 2, 1, 1, 1, 1, 2, 2, 1, 1, 1, 1, 1, 1, 1, 1, 1, 1, 1, 1, 1, 1, 1, 1]","[0, 1, 1, 2, 2, 3, 2, 4, 4, 5, 4, 6, 6, 7, 7, 8, 8, 9, 8, 10, 10, 11, 11, 12, 7, 13, 13, 14, 13, 15, 15, 16, 15, 17, 13, 1, 15, 4, 11, 6]","[1, 0, 2, 1, 3, 2, 4, 2, 5, 4, 6, 4, 7, 6, 8, 7, 9, 8, 10, 8, 11, 10, 12, 11, 13, 7, 14, 13, 15, 13, 16, 15, 17, 15, 1, 13, 4, 15, 6, 11]",-5.1712348525
97,204,"[9, 9, 44, 44, 3, 1, 1, 1, 1, 1, 1, 1, 1, 1, 1, 2, 2, 1, 1, 3, 1, 1, 1, 1, 1, 1, 1, 1, 2, 3, 3, 8, 3, 3, 3, 3, 1, 1, 1, 1, 1, 1, 1, 1, 1, 1, 2, 2, 1, 1, 3, 1, 1, 1, 1, 1, 1, 1, 1, 2, 3, 3, 8, 3, 3, 3, 3, 1, 1, 1, 1, 1, 1, 1, 1, 1, 1, 2, 2, 1, 1, 3, 1, 1, 1, 1, 1, 1, 1, 1, 2, 3, 3, 8, 3, 3, 3]","[1, 1, 3, 3, 3, 3, 3, 3, 3, 3, 3, 3, 3, 3, 3, 3, 3, 3, 3, 3, 1, 1, 1, 1, 2, 2, 1, 1, 2, 2, 1, 1, 2, 2, 1, 1, 3, 3, 3, 3, 3, 3, 3, 3, 3, 3, 1, 1, 1, 1, 2, 2, 1, 1, 1, 1, 2, 2, 2, 2, 1, 1, 3, 3, 3, 3, 3, 3, 3, 3, 3, 3, 3, 3, 3, 3, 3, 3, 3, 3, 1, 1, 1, 1, 2, 2, 1, 1, 2, 2, 1, 1, 2, 2, 1, 1, 3, 3, 3, 3, 3, 3, 3, 3, 3, 3, 1, 1, 1, 1, 2, 2, 1, 1, 1, 1, 2, 2, 2, 2, 1, 1, 3, 3, 3, 3, 3, 3, 3, 3, 3, 3, 3, 3, 3, 3, 3, 3, 3, 3, 1, 1, 1, 1, 2, 2, 1, 1, 2, 2, 1, 1, 2, 2, 1, 1, 3, 3, 3, 3, 3, 3, 3, 3, 3, 3, 1, 1, 1, 1, 2, 2, 1, 1, 1, 1, 2, 2, 2, 2, 3, 3, 3, 3, 1, 1, 3, 3, 3, 3, 3, 3, 1, 1, 3, 3, 3, 3, 3, 3, 1, 1, 3, 3]","[4, 5, 5, 6, 6, 7, 7, 8, 8, 9, 9, 10, 10, 11, 11, 12, 12, 13, 13, 14, 14, 15, 15, 16, 16, 17, 17, 18, 18, 19, 18, 20, 20, 21, 21, 22, 22, 23, 23, 24, 24, 25, 25, 26, 26, 27, 24, 28, 28, 29, 28, 30, 21, 31, 31, 32, 31, 33, 31, 34, 35, 36, 36, 37, 37, 38, 38, 39, 39, 40, 40, 41, 41, 42, 42, 43, 43, 44, 44, 45, 45, 46, 46, 47, 47, 48, 48, 49, 49, 50, 49, 51, 51, 52, 52, 53, 53, 54, 54, 55, 55, 56, 56, 57, 57, 58, 55, 59, 59, 60, 59, 61, 52, 62, 62, 63, 62, 64, 62, 65, 66, 67, 67, 68, 68, 69, 69, 70, 70, 71, 71, 72, 72, 73, 73, 74, 74, 75, 75, 76, 76, 77, 77, 78, 78, 79, 79, 80, 80, 81, 80, 82, 82, 83, 83, 84, 84, 85, 85, 86, 86, 87, 87, 88, 88, 89, 86, 90, 90, 91, 90, 92, 83, 93, 93, 94, 93, 95, 93, 96, 14, 5, 13, 8, 27, 17, 27, 22, 45, 36, 44, 39, 58, 48, 58, 53, 76, 67, 75, 70, 89, 79, 89, 84]","[5, 4, 6, 5, 7, 6, 8, 7, 9, 8, 10, 9, 11, 10, 12, 11, 13, 12, 14, 13, 15, 14, 16, 15, 17, 16, 18, 17, 19, 18, 20, 18, 21, 20, 22, 21, 23, 22, 24, 23, 25, 24, 26, 25, 27, 26, 28, 24, 29, 28, 30, 28, 31, 21, 32, 31, 33, 31, 34, 31, 36, 35, 37, 36, 38, 37, 39, 38, 40, 39, 41, 40, 42, 41, 43, 42, 44, 43, 45, 44, 46, 45, 47, 46, 48, 47, 49, 48, 50, 49, 51, 49, 52, 51, 53, 52, 54, 53, 55, 54, 56, 55, 57, 56, 58, 57, 59, 55, 60, 59, 61, 59, 62, 52, 63, 62, 64, 62, 65, 62, 67, 66, 68, 67, 69, 68, 70, 69, 71, 70, 72, 71, 73, 72, 74, 73, 75, 74, 76, 75, 77, 76, 78, 77, 79, 78, 80, 79, 81, 80, 82, 80, 83, 82, 84, 83, 85, 84, 86, 85, 87, 86, 88, 87, 89, 88, 90, 86, 91, 90, 92, 90, 93, 83, 94, 93, 95, 93, 96, 93, 5, 14, 8, 13, 17, 27, 22, 27, 36, 45, 39, 44, 48, 58, 53, 58, 67, 76, 70, 75, 79, 89, 84, 89]",-5.1661846252
20,42,"[1, 3, 1, 1, 1, 1, 1, 1, 1, 1, 2, 1, 1, 1, 3, 1, 1, 1, 1, 1]","[1, 1, 1, 1, 3, 3, 3, 3, 3, 3, 3, 3, 3, 3, 1, 1, 1, 1, 1, 1, 1, 1, 1, 1, 1, 1, 1, 1, 1, 1, 1, 1, 1, 1, 1, 1, 1, 1, 3, 3, 1, 1]","[0, 1, 1, 2, 2, 3, 3, 4, 4, 5, 5, 6, 6, 7, 5, 8, 8, 9, 9, 10, 10, 11, 10, 12, 8, 13, 13, 14, 13, 15, 15, 16, 16, 17, 17, 18, 18, 19, 7, 2, 19, 13]","[1, 0, 2, 1, 3, 2, 4, 3, 5, 4, 6, 5, 7, 6, 8, 5, 9, 8, 10, 9, 11, 10, 12, 10, 13, 8, 14, 13, 15, 13, 16, 15, 17, 16, 18, 17, 19, 18, 2, 7, 13, 19]",0.2567187446
34,82,"[0, 1, 1, 1, 1, 1, 1, 1, 1, 1, 1, 1, 3, 1, 1, 1, 1, 1, 1, 1, 1, 1, 1, 1, 1, 1, 3, 1, 1, 0, 1, 1, 1, 1]","[1, 1, 3, 3, 3, 3, 3, 3, 3, 3, 3, 3, 3, 3, 3, 3, 3, 3, 3, 3, 3, 3, 2, 2, 3, 3, 3, 3, 3, 3, 3, 3, 3, 3, 3, 3, 3, 3, 3, 3, 3, 3, 3, 3, 3, 3, 3, 3, 3, 3, 2, 2, 3, 3, 3, 3, 1, 1, 3, 3, 3, 3, 3, 3, 3, 3, 3, 3, 3, 3, 3, 3, 3, 3, 3, 3, 3, 3, 3, 3, 3, 3]","[0, 1, 1, 2, 2, 3, 3, 4, 4, 5, 5, 6, 6, 7, 7, 8, 8, 9, 9, 10, 10, 11, 11, 12, 11, 13, 13, 14, 14, 15, 15, 16, 16, 17, 17, 18, 18, 19, 19, 20, 20, 21, 21, 22, 22, 23, 23, 24, 24, 25, 25, 26, 25, 27, 27, 28, 28, 29, 24, 30, 30, 31, 31, 32, 32, 33, 28, 1, 27, 4, 30, 5, 32, 7, 33, 10, 18, 13, 33, 19, 31, 21]","[1, 0, 2, 1, 3, 2, 4, 3, 5, 4, 6, 5, 7, 6, 8, 7, 9, 8, 10, 9, 11, 10, 12, 11, 13, 11, 14, 13, 15, 14, 16, 15, 17, 16, 18, 17, 19, 18, 20, 19, 21, 20, 22, 21, 23, 22, 24, 23, 25, 24, 26, 25, 27, 25, 28, 27, 29, 28, 30, 24, 31, 30, 32, 31, 33, 32, 1, 28, 4, 27, 5, 30, 7, 32, 10, 33, 13, 18, 19, 33, 21, 31]",-4.4504277175
51,118,"[3, 1, 2, 1, 1, 1, 1, 2, 1, 1, 1, 1, 2, 1, 3, 1, 1, 1, 1, 1, 1, 1, 1, 3, 1, 1, 1, 1, 1, 1, 1, 3, 1, 1, 1, 3, 1, 1, 1, 1, 1, 1, 1, 3, 1, 1, 1, 1, 1, 1, 1]","[2, 2, 1, 1, 1, 1, 3, 3, 3, 3, 3, 3, 3, 3, 3, 3, 3, 3, 3, 3, 3, 3, 1, 1, 1, 1, 2, 2, 1, 1, 3, 3, 3, 3, 3, 3, 3, 3, 3, 3, 3, 3, 3, 3, 2, 2, 3, 3, 3, 3, 3, 3, 3, 3, 3, 3, 3, 3, 3, 3, 2, 2, 3, 3, 3, 3, 3, 3, 2, 2, 3, 3, 3, 3, 3, 3, 3, 3, 3, 3, 3, 3, 3, 3, 2, 2, 3, 3, 1, 1, 3, 3, 3, 3, 3, 3, 3, 3, 3, 3, 3, 3, 3, 3, 3, 3, 3, 3, 3, 3, 3, 3, 3, 3, 3, 3, 3, 3]","[0, 1, 1, 2, 2, 3, 3, 4, 4, 5, 5, 6, 6, 7, 7, 8, 8, 9, 9, 10, 10, 11, 11, 12, 12, 13, 13, 14, 13, 15, 15, 16, 16, 17, 17, 18, 18, 19, 19, 20, 11, 21, 21, 22, 22, 23, 22, 24, 24, 25, 25, 26, 26, 27, 27, 28, 28, 29, 29, 30, 30, 31, 30, 32, 6, 33, 33, 34, 34, 35, 34, 36, 36, 37, 37, 38, 38, 39, 39, 40, 40, 41, 41, 42, 42, 43, 42, 44, 1, 45, 45, 46, 46, 47, 47, 48, 48, 49, 49, 50, 44, 3, 9, 5, 32, 8, 20, 15, 32, 21, 29, 24, 44, 33, 41, 36, 50, 45]","[1, 0, 2, 1, 3, 2, 4, 3, 5, 4, 6, 5, 7, 6, 8, 7, 9, 8, 10, 9, 11, 10, 12, 11, 13, 12, 14, 13, 15, 13, 16, 15, 17, 16, 18, 17, 19, 18, 20, 19, 21, 11, 22, 21, 23, 22, 24, 22, 25, 24, 26, 25, 27, 26, 28, 27, 29, 28, 30, 29, 31, 30, 32, 30, 33, 6, 34, 33, 35, 34, 36, 34, 37, 36, 38, 37, 39, 38, 40, 39, 41, 40, 42, 41, 43, 42, 44, 42, 45, 1, 46, 45, 47, 46, 48, 47, 49, 48, 50, 49, 3, 44, 5, 9, 8, 32, 15, 20, 21, 32, 24, 29, 33, 44, 36, 41, 45, 50]",-4.5222231174
50,120,"[3, 1, 1, 1, 1, 1, 1, 1, 1, 3, 1, 1, 2, 1, 1, 1, 3, 1, 1, 1, 1, 1, 1, 1, 3, 1, 1, 2, 1, 1, 1, 1, 1, 1, 3, 1, 1, 1, 1, 1, 1, 1, 3, 1, 1, 1, 1, 1, 1, 1]","[2, 2, 3, 3, 3, 3, 3, 3, 3, 3, 3, 3, 3, 3, 3, 3, 2, 2, 3, 3, 3, 3, 3, 3, 3, 3, 3, 3, 3, 3, 2, 2, 3, 3, 3, 3, 3, 3, 3, 3, 3, 3, 3, 3, 3, 3, 2, 2, 3, 3, 3, 3, 3, 3, 3, 3, 3, 3, 3, 3, 3, 3, 3, 3, 3, 3, 2, 2, 3, 3, 3, 3, 3, 3, 3, 3, 3, 3, 3, 3, 3, 3, 2, 2, 3, 3, 3, 3, 3, 3, 3, 3, 3, 3, 3, 3, 3, 3, 3, 3, 3, 3, 3, 3, 3, 3, 3, 3, 3, 3, 3, 3, 3, 3, 3, 3, 3, 3, 3, 3]","[0, 1, 1, 2, 2, 3, 3, 4, 4, 5, 5, 6, 6, 7, 7, 8, 8, 9, 8, 10, 10, 11, 11, 12, 12, 13, 13, 14, 14, 15, 15, 16, 15, 17, 17, 18, 18, 19, 19, 20, 20, 21, 21, 22, 22, 23, 23, 24, 23, 25, 25, 26, 26, 27, 27, 28, 28, 29, 29, 30, 30, 31, 31, 32, 32, 33, 33, 34, 33, 35, 35, 36, 36, 37, 37, 38, 38, 39, 39, 40, 40, 41, 41, 42, 41, 43, 29, 44, 44, 45, 45, 46, 46, 47, 47, 48, 48, 49, 49, 1, 7, 2, 49, 10, 46, 11, 45, 13, 25, 14, 22, 17, 44, 26, 43, 28, 43, 32, 40, 35]","[1, 0, 2, 1, 3, 2, 4, 3, 5, 4, 6, 5, 7, 6, 8, 7, 9, 8, 10, 8, 11, 10, 12, 11, 13, 12, 14, 13, 15, 14, 16, 15, 17, 15, 18, 17, 19, 18, 20, 19, 21, 20, 22, 21, 23, 22, 24, 23, 25, 23, 26, 25, 27, 26, 28, 27, 29, 28, 30, 29, 31, 30, 32, 31, 33, 32, 34, 33, 35, 33, 36, 35, 37, 36, 38, 37, 39, 38, 40, 39, 41, 40, 42, 41, 43, 41, 44, 29, 45, 44, 46, 45, 47, 46, 48, 47, 49, 48, 1, 49, 2, 7, 10, 49, 11, 46, 13, 45, 14, 25, 17, 22, 26, 44, 28, 43, 32, 43, 35, 40]",-4.5096151077
38,90,"[1, 1, 2, 2, 1, 1, 1, 1, 1, 1, 3, 1, 1, 1, 1, 1, 1, 1, 1, 1, 1, 1, 2, 2, 1, 1, 1, 1, 1, 1, 1, 1, 1, 1, 3, 1, 1, 1]","[1, 1, 1, 1, 3, 3, 3, 3, 3, 3, 3, 3, 3, 3, 3, 3, 1, 1, 2, 2, 1, 1, 3, 3, 3, 3, 3, 3, 3, 3, 3, 3, 1, 1, 3, 3, 1, 1, 3, 3, 3, 3, 3, 3, 3, 3, 1, 1, 1, 1, 3, 3, 1, 1, 3, 3, 3, 3, 3, 3, 3, 3, 3, 3, 1, 1, 2, 2, 1, 1, 3, 3, 3, 3, 3, 3, 3, 3, 3, 3, 3, 3, 3, 3, 3, 3, 3, 3, 3, 3]","[0, 1, 1, 2, 2, 3, 3, 4, 4, 5, 5, 6, 6, 7, 7, 8, 8, 9, 9, 10, 9, 11, 11, 12, 12, 13, 13, 14, 14, 15, 15, 16, 16, 17, 17, 18, 6, 19, 19, 20, 20, 21, 21, 22, 22, 23, 23, 24, 24, 25, 23, 26, 26, 27, 27, 28, 28, 29, 29, 30, 30, 31, 31, 32, 32, 33, 33, 34, 33, 35, 35, 36, 35, 37, 17, 2, 18, 4, 18, 8, 16, 11, 36, 19, 37, 21, 37, 26, 32, 27]","[1, 0, 2, 1, 3, 2, 4, 3, 5, 4, 6, 5, 7, 6, 8, 7, 9, 8, 10, 9, 11, 9, 12, 11, 13, 12, 14, 13, 15, 14, 16, 15, 17, 16, 18, 17, 19, 6, 20, 19, 21, 20, 22, 21, 23, 22, 24, 23, 25, 24, 26, 23, 27, 26, 28, 27, 29, 28, 30, 29, 31, 30, 32, 31, 33, 32, 34, 33, 35, 33, 36, 35, 37, 35, 2, 17, 4, 18, 8, 18, 11, 16, 19, 36, 21, 37, 26, 37, 27, 32]",-4.3931837232
36,78,"[1, 1, 2, 1, 1, 1, 1, 1, 3, 1, 1, 1, 2, 1, 1, 1, 1, 1, 1, 1, 1, 1, 1, 1, 1, 1, 1, 1, 1, 1, 1, 1, 1, 3, 3, 1]","[1, 1, 1, 1, 1, 1, 1, 1, 1, 1, 2, 2, 1, 1, 1, 1, 1, 1, 3, 3, 3, 3, 1, 1, 1, 1, 1, 1, 1, 1, 1, 1, 3, 3, 1, 1, 3, 3, 3, 3, 1, 1, 2, 2, 1, 1, 2, 2, 1, 1, 1, 1, 3, 3, 3, 3, 3, 3, 3, 3, 3, 3, 1, 1, 2, 2, 1, 1, 1, 1, 1, 1, 1, 1, 3, 3, 3, 3]","[0, 1, 1, 2, 2, 3, 3, 4, 2, 5, 5, 6, 6, 7, 7, 8, 8, 9, 9, 10, 10, 11, 11, 12, 12, 13, 13, 14, 12, 15, 15, 16, 11, 17, 17, 18, 17, 19, 19, 20, 20, 21, 21, 22, 22, 23, 23, 24, 24, 25, 21, 26, 26, 27, 27, 28, 28, 29, 29, 30, 30, 31, 31, 32, 32, 33, 32, 34, 34, 35, 24, 5, 22, 7, 20, 9, 31, 26]","[1, 0, 2, 1, 3, 2, 4, 3, 5, 2, 6, 5, 7, 6, 8, 7, 9, 8, 10, 9, 11, 10, 12, 11, 13, 12, 14, 13, 15, 12, 16, 15, 17, 11, 18, 17, 19, 17, 20, 19, 21, 20, 22, 21, 23, 22, 24, 23, 25, 24, 26, 21, 27, 26, 28, 27, 29, 28, 30, 29, 31, 30, 32, 31, 33, 32, 34, 32, 35, 34, 5, 24, 7, 22, 9, 20, 26, 31]",-7.6872220822
33,66,"[9, 44, 1, 1, 2, 2, 1, 3, 1, 2, 2, 1, 1, 1, 4, 1, 1, 1, 3, 8, 3, 3, 3, 1, 1, 1, 1, 1, 1, 8, 3, 3, 3]","[1, 1, 3, 3, 3, 3, 3, 3, 1, 1, 3, 3, 1, 1, 2, 2, 1, 1, 3, 3, 3, 3, 1, 1, 3, 3, 3, 3, 3, 3, 1, 1, 1, 1, 1, 1, 2, 2, 2, 2, 1, 1, 3, 3, 3, 3, 3, 3, 3, 3, 3, 3, 1, 1, 1, 1, 2, 2, 2, 2, 3, 3, 3, 3, 3, 3]","[2, 3, 3, 4, 4, 5, 5, 6, 6, 7, 6, 8, 8, 9, 9, 10, 10, 11, 11, 12, 12, 13, 13, 14, 13, 15, 15, 16, 16, 17, 17, 18, 16, 19, 19, 20, 19, 21, 19, 22, 5, 23, 23, 24, 24, 25, 25, 26, 26, 27, 27, 28, 27, 29, 29, 30, 29, 31, 29, 32, 8, 3, 17, 11, 28, 23]","[3, 2, 4, 3, 5, 4, 6, 5, 7, 6, 8, 6, 9, 8, 10, 9, 11, 10, 12, 11, 13, 12, 14, 13, 15, 13, 16, 15, 17, 16, 18, 17, 19, 16, 20, 19, 21, 19, 22, 19, 23, 5, 24, 23, 25, 24, 26, 25, 27, 26, 28, 27, 29, 27, 30, 29, 31, 29, 32, 29, 3, 8, 11, 17, 23, 28]",-1.1331674849
45,90,"[4, 1, 1, 2, 1, 1, 1, 1, 1, 1, 1, 1, 1, 1, 1, 2, 1, 3, 3, 1, 1, 1, 2, 1, 1, 1, 1, 3, 1, 3, 1, 1, 1, 1, 1, 1, 1, 1, 2, 1, 1, 1, 1, 1, 2]","[1, 1, 1, 1, 1, 1, 1, 1, 1, 1, 3, 3, 3, 3, 3, 3, 3, 3, 3, 3, 1, 1, 2, 2, 1, 1, 4, 4, 1, 1, 2, 2, 1, 1, 1, 1, 1, 1, 1, 1, 1, 1, 1, 1, 1, 1, 1, 1, 1, 1, 1, 1, 1, 1, 2, 2, 1, 1, 2, 2, 1, 1, 3, 3, 3, 3, 3, 3, 3, 3, 3, 3, 1, 1, 1, 1, 1, 1, 1, 1, 1, 1, 1, 1, 4, 4, 3, 3, 3, 3]","[1, 2, 2, 3, 3, 4, 4, 5, 3, 6, 6, 7, 7, 8, 8, 9, 9, 10, 10, 11, 9, 12, 12, 13, 13, 14, 14, 15, 13, 16, 16, 17, 16, 18, 18, 19, 19, 20, 20, 21, 21, 22, 22, 23, 22, 24, 22, 25, 25, 26, 26, 27, 27, 28, 28, 29, 28, 30, 30, 31, 31, 32, 32, 33, 33, 34, 34, 35, 35, 36, 36, 37, 35, 38, 38, 39, 39, 40, 38, 41, 41, 42, 30, 43, 43, 44, 11, 6, 37, 32]","[2, 1, 3, 2, 4, 3, 5, 4, 6, 3, 7, 6, 8, 7, 9, 8, 10, 9, 11, 10, 12, 9, 13, 12, 14, 13, 15, 14, 16, 13, 17, 16, 18, 16, 19, 18, 20, 19, 21, 20, 22, 21, 23, 22, 24, 22, 25, 22, 26, 25, 27, 26, 28, 27, 29, 28, 30, 28, 31, 30, 32, 31, 33, 32, 34, 33, 35, 34, 36, 35, 37, 36, 38, 35, 39, 38, 40, 39, 41, 38, 42, 41, 43, 30, 44, 43, 6, 11, 32, 37]",-0.8036189217
53,112,"[9, 23, 2, 1, 1, 1, 1, 2, 1, 1, 1, 1, 1, 1, 2, 1, 2, 1, 6, 2, 1, 2, 1, 1, 1, 1, 1, 1, 8, 3, 3, 3, 8, 3, 3, 3, 2, 1, 1, 3, 1, 1, 1, 1, 1, 1, 1, 3, 1, 8, 3, 3, 3]","[1, 1, 3, 3, 3, 3, 3, 3, 1, 1, 1, 1, 1, 1, 1, 1, 1, 1, 1, 1, 1, 1, 1, 1, 1, 1, 3, 3, 3, 3, 1, 1, 3, 3, 3, 3, 1, 1, 1, 1, 3, 3, 3, 3, 3, 3, 3, 3, 3, 3, 1, 1, 1, 1, 2, 2, 2, 2, 1, 1, 1, 1, 2, 2, 2, 2, 3, 3, 3, 3, 1, 1, 2, 2, 1, 1, 3, 3, 3, 3, 3, 3, 3, 3, 3, 3, 1, 1, 2, 2, 1, 1, 1, 1, 1, 1, 2, 2, 2, 2, 3, 3, 1, 1, 3, 3, 3, 3, 3, 3, 3, 3]","[2, 3, 3, 4, 4, 5, 5, 6, 6, 7, 7, 8, 8, 9, 9, 10, 10, 11, 11, 12, 12, 13, 11, 14, 14, 15, 15, 16, 16, 17, 17, 18, 17, 19, 19, 20, 20, 21, 21, 22, 22, 23, 23, 24, 24, 25, 25, 26, 26, 27, 27, 28, 28, 29, 28, 30, 28, 31, 24, 32, 32, 33, 32, 34, 32, 35, 20, 36, 6, 37, 37, 38, 38, 39, 38, 40, 40, 41, 41, 42, 42, 43, 43, 44, 44, 45, 45, 46, 46, 47, 46, 48, 4, 49, 49, 50, 49, 51, 49, 52, 48, 3, 13, 8, 36, 15, 27, 22, 48, 37, 45, 40]","[3, 2, 4, 3, 5, 4, 6, 5, 7, 6, 8, 7, 9, 8, 10, 9, 11, 10, 12, 11, 13, 12, 14, 11, 15, 14, 16, 15, 17, 16, 18, 17, 19, 17, 20, 19, 21, 20, 22, 21, 23, 22, 24, 23, 25, 24, 26, 25, 27, 26, 28, 27, 29, 28, 30, 28, 31, 28, 32, 24, 33, 32, 34, 32, 35, 32, 36, 20, 37, 6, 38, 37, 39, 38, 40, 38, 41, 40, 42, 41, 43, 42, 44, 43, 45, 44, 46, 45, 47, 46, 48, 46, 49, 4, 50, 49, 51, 49, 52, 49, 3, 48, 8, 13, 15, 36, 22, 27, 37, 48, 40, 45]",-0.7569465698000001
22,44,"[1, 1, 1, 1, 1, 1, 1, 1, 25, 1, 1, 1, 1, 1, 1, 1, 1, 3, 1, 3, 1, 8]","[1, 1, 1, 1, 1, 1, 1, 1, 1, 1, 1, 1, 1, 1, 1, 1, 1, 1, 1, 1, 1, 1, 1, 1, 1, 1, 1, 1, 1, 1, 1, 1, 1, 1, 1, 1, 2, 2, 1, 1, 1, 1, 1, 1]","[0, 1, 1, 2, 2, 3, 3, 4, 4, 5, 5, 6, 6, 7, 7, 8, 8, 9, 9, 10, 10, 11, 11, 12, 12, 13, 13, 14, 14, 15, 15, 16, 8, 17, 17, 18, 18, 19, 18, 20, 20, 21, 21, 8]","[1, 0, 2, 1, 3, 2, 4, 3, 5, 4, 6, 5, 7, 6, 8, 7, 9, 8, 10, 9, 11, 10, 12, 11, 13, 12, 14, 13, 15, 14, 16, 15, 17, 8, 18, 17, 19, 18, 20, 18, 21, 20, 8, 21]",-6.4456261549
57,120,"[9, 9, 2, 1, 1, 1, 1, 2, 2, 1, 1, 1, 1, 2, 1, 3, 1, 1, 1, 1, 1, 1, 2, 2, 1, 1, 2, 1, 1, 3, 1, 2, 2, 1, 1, 1, 1, 1, 1, 1, 1, 1, 1, 1, 8, 3, 3, 3, 8, 3, 3, 3, 1, 1, 1, 2, 1]","[1, 1, 3, 3, 3, 3, 3, 3, 1, 1, 2, 2, 1, 1, 3, 3, 3, 3, 3, 3, 1, 1, 1, 1, 2, 2, 1, 1, 3, 3, 3, 3, 3, 3, 3, 3, 3, 3, 1, 1, 2, 2, 1, 1, 3, 3, 1, 1, 3, 3, 1, 1, 2, 2, 1, 1, 2, 2, 1, 1, 1, 1, 3, 3, 3, 3, 3, 3, 3, 3, 3, 3, 1, 1, 2, 2, 1, 1, 3, 3, 3, 3, 1, 1, 1, 1, 2, 2, 2, 2, 1, 1, 1, 1, 2, 2, 2, 2, 3, 3, 3, 3, 3, 3, 1, 1, 3, 3, 3, 3, 3, 3, 3, 3, 3, 3, 3, 3, 3, 3]","[2, 3, 3, 4, 4, 5, 5, 6, 6, 7, 7, 8, 8, 9, 9, 10, 10, 11, 11, 12, 12, 13, 13, 14, 14, 15, 14, 16, 16, 17, 17, 18, 18, 19, 19, 20, 20, 21, 19, 22, 22, 23, 23, 24, 24, 25, 25, 26, 25, 27, 27, 28, 28, 29, 28, 30, 30, 31, 31, 32, 32, 33, 33, 34, 34, 35, 35, 36, 36, 37, 37, 38, 30, 39, 39, 40, 40, 41, 41, 42, 42, 43, 43, 44, 44, 45, 44, 46, 44, 47, 39, 48, 48, 49, 48, 50, 48, 51, 12, 52, 52, 53, 6, 54, 54, 55, 54, 56, 56, 3, 53, 9, 21, 16, 43, 24, 41, 27, 38, 33]","[3, 2, 4, 3, 5, 4, 6, 5, 7, 6, 8, 7, 9, 8, 10, 9, 11, 10, 12, 11, 13, 12, 14, 13, 15, 14, 16, 14, 17, 16, 18, 17, 19, 18, 20, 19, 21, 20, 22, 19, 23, 22, 24, 23, 25, 24, 26, 25, 27, 25, 28, 27, 29, 28, 30, 28, 31, 30, 32, 31, 33, 32, 34, 33, 35, 34, 36, 35, 37, 36, 38, 37, 39, 30, 40, 39, 41, 40, 42, 41, 43, 42, 44, 43, 45, 44, 46, 44, 47, 44, 48, 39, 49, 48, 50, 48, 51, 48, 52, 12, 53, 52, 54, 6, 55, 54, 56, 54, 3, 56, 9, 53, 16, 21, 24, 43, 27, 41, 33, 38]",-1.3406827143
48,100,"[9, 9, 1, 1, 1, 1, 3, 8, 3, 3, 1, 1, 1, 1, 1, 1, 2, 1, 1, 1, 1, 2, 1, 1, 1, 1, 3, 8, 3, 3, 1, 1, 1, 1, 1, 1, 1, 1, 3, 1, 1, 1, 1, 1, 1, 1, 3, 1]","[1, 1, 1, 1, 1, 1, 1, 1, 1, 1, 2, 2, 2, 2, 1, 1, 3, 3, 3, 3, 3, 3, 3, 3, 3, 3, 1, 1, 1, 1, 3, 3, 3, 3, 3, 3, 1, 1, 1, 1, 1, 1, 1, 1, 1, 1, 1, 1, 1, 1, 2, 2, 2, 2, 1, 1, 3, 3, 3, 3, 3, 3, 3, 3, 3, 3, 3, 3, 1, 1, 2, 2, 1, 1, 3, 3, 3, 3, 3, 3, 3, 3, 3, 3, 1, 1, 2, 2, 1, 1, 3, 3, 3, 3, 3, 3, 3, 3, 3, 3]","[2, 3, 3, 4, 4, 5, 5, 6, 6, 7, 7, 8, 7, 9, 7, 10, 10, 11, 11, 12, 12, 13, 13, 14, 14, 15, 3, 16, 16, 17, 17, 18, 18, 19, 19, 20, 20, 21, 21, 22, 22, 23, 22, 24, 24, 25, 25, 26, 26, 27, 27, 28, 27, 29, 27, 30, 30, 31, 31, 32, 32, 33, 33, 34, 34, 35, 20, 36, 36, 37, 37, 38, 37, 39, 39, 40, 40, 41, 41, 42, 42, 43, 43, 44, 44, 45, 45, 46, 45, 47, 15, 10, 47, 17, 35, 30, 47, 36, 44, 39]","[3, 2, 4, 3, 5, 4, 6, 5, 7, 6, 8, 7, 9, 7, 10, 7, 11, 10, 12, 11, 13, 12, 14, 13, 15, 14, 16, 3, 17, 16, 18, 17, 19, 18, 20, 19, 21, 20, 22, 21, 23, 22, 24, 22, 25, 24, 26, 25, 27, 26, 28, 27, 29, 27, 30, 27, 31, 30, 32, 31, 33, 32, 34, 33, 35, 34, 36, 20, 37, 36, 38, 37, 39, 37, 40, 39, 41, 40, 42, 41, 43, 42, 44, 43, 45, 44, 46, 45, 47, 45, 10, 15, 17, 47, 30, 35, 36, 47, 39, 44]",-0.4376461111999999
16,34,"[3, 1, 2, 1, 1, 1, 2, 2, 1, 3, 1, 1, 1, 1, 1, 1]","[2, 2, 3, 3, 3, 3, 3, 3, 3, 3, 3, 3, 1, 1, 1, 1, 2, 2, 1, 1, 3, 3, 3, 3, 3, 3, 3, 3, 3, 3, 3, 3, 3, 3]","[0, 1, 1, 2, 2, 3, 3, 4, 4, 5, 5, 6, 3, 7, 7, 8, 8, 9, 8, 10, 10, 11, 11, 12, 12, 13, 13, 14, 14, 15, 6, 1, 15, 10]","[1, 0, 2, 1, 3, 2, 4, 3, 5, 4, 6, 5, 7, 3, 8, 7, 9, 8, 10, 8, 11, 10, 12, 11, 13, 12, 14, 13, 15, 14, 1, 6, 10, 15]",-5.1596802151
70,146,"[9, 9, 9, 9, 3, 8, 3, 3, 1, 1, 1, 1, 1, 1, 2, 2, 1, 1, 1, 1, 2, 2, 1, 1, 1, 1, 2, 2, 1, 1, 3, 1, 1, 1, 1, 1, 2, 1, 1, 1, 1, 1, 1, 1, 1, 1, 8, 3, 3, 3, 1, 1, 1, 1, 1, 1, 1, 1, 1, 1, 1, 1, 8, 3, 3, 3, 8, 3, 3, 3]","[1, 1, 2, 2, 2, 2, 1, 1, 3, 3, 3, 3, 3, 3, 3, 3, 3, 3, 1, 1, 2, 2, 1, 1, 3, 3, 3, 3, 3, 3, 1, 1, 2, 2, 1, 1, 3, 3, 3, 3, 3, 3, 1, 1, 1, 1, 2, 2, 1, 1, 2, 2, 1, 1, 2, 2, 1, 1, 3, 3, 3, 3, 1, 1, 1, 1, 3, 3, 3, 3, 3, 3, 3, 3, 3, 3, 3, 3, 3, 3, 3, 3, 1, 1, 1, 1, 2, 2, 2, 2, 3, 3, 3, 3, 3, 3, 3, 3, 3, 3, 3, 3, 3, 3, 3, 3, 3, 3, 3, 3, 3, 3, 3, 3, 1, 1, 1, 1, 2, 2, 2, 2, 1, 1, 1, 1, 2, 2, 2, 2, 3, 3, 3, 3, 3, 3, 1, 1, 3, 3, 3, 3, 3, 3, 3, 3]","[4, 5, 5, 6, 5, 7, 5, 8, 8, 9, 9, 10, 10, 11, 11, 12, 12, 13, 12, 14, 14, 15, 15, 16, 16, 17, 17, 18, 18, 19, 19, 20, 20, 21, 21, 22, 22, 23, 23, 24, 24, 25, 25, 26, 26, 27, 27, 28, 28, 29, 29, 30, 29, 31, 31, 32, 32, 33, 33, 34, 34, 35, 35, 36, 36, 37, 37, 38, 38, 39, 39, 40, 40, 41, 41, 42, 35, 43, 43, 44, 44, 45, 31, 46, 46, 47, 46, 48, 46, 49, 25, 50, 50, 51, 51, 52, 52, 53, 53, 54, 54, 55, 19, 56, 56, 57, 57, 58, 58, 59, 59, 60, 60, 61, 58, 62, 62, 63, 62, 64, 62, 65, 11, 66, 66, 67, 66, 68, 66, 69, 13, 8, 61, 16, 55, 22, 45, 28, 45, 33, 42, 37, 55, 50, 61, 56]","[5, 4, 6, 5, 7, 5, 8, 5, 9, 8, 10, 9, 11, 10, 12, 11, 13, 12, 14, 12, 15, 14, 16, 15, 17, 16, 18, 17, 19, 18, 20, 19, 21, 20, 22, 21, 23, 22, 24, 23, 25, 24, 26, 25, 27, 26, 28, 27, 29, 28, 30, 29, 31, 29, 32, 31, 33, 32, 34, 33, 35, 34, 36, 35, 37, 36, 38, 37, 39, 38, 40, 39, 41, 40, 42, 41, 43, 35, 44, 43, 45, 44, 46, 31, 47, 46, 48, 46, 49, 46, 50, 25, 51, 50, 52, 51, 53, 52, 54, 53, 55, 54, 56, 19, 57, 56, 58, 57, 59, 58, 60, 59, 61, 60, 62, 58, 63, 62, 64, 62, 65, 62, 66, 11, 67, 66, 68, 66, 69, 66, 8, 13, 16, 61, 22, 55, 28, 45, 33, 45, 37, 42, 50, 55, 56, 61]",-2.0236334836000003
20,40,"[23, 3, 7, 3, 3, 1, 1, 1, 1, 1, 1, 1, 3, 1, 1, 1, 1, 1, 1, 1]","[1, 1, 2, 2, 1, 1, 1, 1, 1, 1, 3, 3, 3, 3, 3, 3, 3, 3, 3, 3, 1, 1, 1, 1, 1, 1, 3, 3, 3, 3, 3, 3, 3, 3, 3, 3, 3, 3, 3, 3]","[1, 2, 2, 3, 2, 4, 4, 5, 5, 6, 6, 7, 7, 8, 8, 9, 9, 10, 10, 11, 2, 12, 12, 13, 13, 14, 14, 15, 15, 16, 16, 17, 17, 18, 18, 19, 11, 6, 19, 14]","[2, 1, 3, 2, 4, 2, 5, 4, 6, 5, 7, 6, 8, 7, 9, 8, 10, 9, 11, 10, 12, 2, 13, 12, 14, 13, 15, 14, 16, 15, 17, 16, 18, 17, 19, 18, 6, 11, 14, 19]",0.499854127
8,16,"[3, 1, 1, 1, 1, 1, 1, 3]","[2, 2, 1, 1, 1, 1, 1, 1, 1, 1, 1, 1, 1, 1, 1, 1]","[0, 1, 1, 2, 2, 3, 3, 4, 4, 5, 5, 6, 6, 7, 7, 1]","[1, 0, 2, 1, 3, 2, 4, 3, 5, 4, 6, 5, 7, 6, 1, 7]",0.9425469123
44,96,"[2, 1, 3, 1, 1, 1, 1, 2, 1, 1, 3, 1, 1, 3, 7, 3, 3, 3, 7, 3, 3, 3, 1, 1, 3, 1, 1, 3, 1, 3, 2, 1, 2, 1, 1, 2, 2, 1, 2, 1, 1, 3, 1, 3]","[1, 1, 2, 2, 1, 1, 3, 3, 3, 3, 3, 3, 3, 3, 3, 3, 1, 1, 1, 1, 1, 1, 1, 1, 1, 1, 1, 1, 1, 1, 2, 2, 1, 1, 1, 1, 1, 1, 2, 2, 1, 1, 1, 1, 1, 1, 1, 1, 1, 1, 1, 1, 1, 1, 1, 1, 1, 1, 1, 1, 3, 3, 3, 3, 3, 3, 3, 3, 1, 1, 3, 3, 3, 3, 3, 3, 3, 3, 1, 1, 1, 1, 1, 1, 1, 1, 3, 3, 1, 1, 1, 1, 3, 3, 3, 3]","[0, 1, 1, 2, 1, 3, 3, 4, 4, 5, 5, 6, 6, 7, 7, 8, 7, 9, 9, 10, 10, 11, 11, 12, 12, 13, 13, 14, 14, 15, 14, 16, 14, 17, 17, 18, 18, 19, 18, 20, 18, 21, 21, 22, 22, 23, 23, 24, 24, 25, 25, 26, 26, 27, 26, 28, 28, 29, 25, 30, 30, 31, 31, 32, 32, 33, 33, 34, 34, 35, 34, 36, 36, 37, 37, 38, 38, 39, 11, 40, 40, 41, 40, 42, 42, 43, 8, 3, 42, 9, 28, 23, 39, 30, 39, 33]","[1, 0, 2, 1, 3, 1, 4, 3, 5, 4, 6, 5, 7, 6, 8, 7, 9, 7, 10, 9, 11, 10, 12, 11, 13, 12, 14, 13, 15, 14, 16, 14, 17, 14, 18, 17, 19, 18, 20, 18, 21, 18, 22, 21, 23, 22, 24, 23, 25, 24, 26, 25, 27, 26, 28, 26, 29, 28, 30, 25, 31, 30, 32, 31, 33, 32, 34, 33, 35, 34, 36, 34, 37, 36, 38, 37, 39, 38, 40, 11, 41, 40, 42, 40, 43, 42, 3, 8, 9, 42, 23, 28, 30, 39, 33, 39]",0.1782048937999999
46,96,"[9, 9, 1, 1, 2, 1, 1, 1, 1, 1, 1, 1, 8, 3, 3, 3, 1, 1, 1, 1, 1, 1, 2, 2, 1, 1, 1, 1, 2, 2, 1, 1, 1, 1, 1, 1, 8, 3, 3, 3, 1, 1, 1, 1, 1, 1]","[1, 1, 1, 1, 1, 1, 1, 1, 3, 3, 3, 3, 3, 3, 3, 3, 3, 3, 1, 1, 1, 1, 2, 2, 2, 2, 1, 1, 3, 3, 3, 3, 3, 3, 3, 3, 3, 3, 1, 1, 2, 2, 1, 1, 3, 3, 3, 3, 3, 3, 1, 1, 2, 2, 1, 1, 3, 3, 3, 3, 3, 3, 3, 3, 3, 3, 1, 1, 1, 1, 2, 2, 2, 2, 3, 3, 3, 3, 3, 3, 3, 3, 3, 3, 3, 3, 3, 3, 3, 3, 3, 3, 3, 3, 3, 3]","[2, 3, 3, 4, 4, 5, 5, 6, 6, 7, 7, 8, 8, 9, 9, 10, 10, 11, 10, 12, 12, 13, 12, 14, 12, 15, 4, 16, 16, 17, 17, 18, 18, 19, 19, 20, 20, 21, 19, 22, 22, 23, 23, 24, 24, 25, 25, 26, 26, 27, 27, 28, 28, 29, 29, 30, 30, 31, 31, 32, 32, 33, 33, 34, 34, 35, 34, 36, 36, 37, 36, 38, 36, 39, 27, 40, 40, 41, 41, 42, 42, 43, 43, 44, 44, 45, 11, 6, 21, 16, 45, 24, 35, 30, 45, 40]","[3, 2, 4, 3, 5, 4, 6, 5, 7, 6, 8, 7, 9, 8, 10, 9, 11, 10, 12, 10, 13, 12, 14, 12, 15, 12, 16, 4, 17, 16, 18, 17, 19, 18, 20, 19, 21, 20, 22, 19, 23, 22, 24, 23, 25, 24, 26, 25, 27, 26, 28, 27, 29, 28, 30, 29, 31, 30, 32, 31, 33, 32, 34, 33, 35, 34, 36, 34, 37, 36, 38, 36, 39, 36, 40, 27, 41, 40, 42, 41, 43, 42, 44, 43, 45, 44, 6, 11, 16, 21, 24, 45, 30, 35, 40, 45]",0.1715437669999999
31,60,"[13, 3, 1, 1, 3, 16, 3, 3, 1, 1, 3, 1, 3, 1, 3, 3, 3, 1, 1, 3, 16, 3, 3, 1, 1, 3, 1, 3, 1, 3, 3]","[1, 1, 1, 1, 1, 1, 1, 1, 1, 1, 1, 1, 1, 1, 1, 1, 1, 1, 1, 1, 1, 1, 1, 1, 1, 1, 2, 2, 1, 1, 1, 1, 1, 1, 1, 1, 1, 1, 1, 1, 1, 1, 1, 1, 1, 1, 1, 1, 1, 1, 1, 1, 1, 1, 2, 2, 1, 1, 1, 1]","[1, 2, 2, 3, 3, 4, 4, 5, 5, 6, 5, 7, 7, 8, 8, 9, 9, 10, 9, 11, 11, 12, 11, 13, 13, 14, 13, 15, 16, 17, 17, 18, 18, 19, 19, 20, 20, 21, 20, 22, 22, 23, 23, 24, 24, 25, 24, 26, 26, 27, 26, 28, 28, 29, 28, 30, 8, 3, 23, 18]","[2, 1, 3, 2, 4, 3, 5, 4, 6, 5, 7, 5, 8, 7, 9, 8, 10, 9, 11, 9, 12, 11, 13, 11, 14, 13, 15, 13, 17, 16, 18, 17, 19, 18, 20, 19, 21, 20, 22, 20, 23, 22, 24, 23, 25, 24, 26, 24, 27, 26, 28, 26, 29, 28, 30, 28, 3, 8, 18, 23]",0.3169727848
27,56,"[3, 1, 2, 1, 2, 1, 3, 2, 1, 2, 1, 3, 2, 1, 2, 1, 3, 1, 3, 2, 1, 3, 1, 3, 2, 1, 3]","[1, 1, 1, 1, 1, 1, 1, 1, 1, 1, 2, 2, 1, 1, 1, 1, 1, 1, 1, 1, 2, 2, 1, 1, 1, 1, 1, 1, 1, 1, 1, 1, 1, 1, 2, 2, 1, 1, 1, 1, 2, 2, 1, 1, 2, 2, 1, 1, 1, 1, 2, 2, 1, 1, 1, 1]","[0, 1, 1, 2, 2, 3, 3, 4, 4, 5, 5, 6, 5, 7, 7, 8, 8, 9, 9, 10, 10, 11, 10, 12, 12, 13, 13, 14, 14, 15, 15, 16, 14, 17, 17, 18, 17, 19, 19, 20, 20, 21, 3, 22, 22, 23, 22, 24, 24, 25, 25, 26, 25, 2, 20, 13]","[1, 0, 2, 1, 3, 2, 4, 3, 5, 4, 6, 5, 7, 5, 8, 7, 9, 8, 10, 9, 11, 10, 12, 10, 13, 12, 14, 13, 15, 14, 16, 15, 17, 14, 18, 17, 19, 17, 20, 19, 21, 20, 22, 3, 23, 22, 24, 22, 25, 24, 26, 25, 2, 25, 13, 20]",0.4108359647999999
16,32,"[4, 1, 1, 1, 1, 1, 4, 1, 3, 2, 1, 1, 1, 1, 1, 2]","[1, 1, 3, 3, 1, 1, 1, 1, 1, 1, 3, 3, 2, 2, 3, 3, 1, 1, 1, 1, 1, 1, 1, 1, 1, 1, 3, 3, 3, 3, 3, 3]","[1, 2, 2, 3, 3, 4, 4, 5, 5, 6, 3, 7, 7, 8, 7, 9, 9, 10, 10, 11, 11, 12, 12, 13, 13, 14, 14, 15, 15, 2, 14, 9]","[2, 1, 3, 2, 4, 3, 5, 4, 6, 5, 7, 3, 8, 7, 9, 7, 10, 9, 11, 10, 12, 11, 13, 12, 14, 13, 15, 14, 2, 15, 9, 14]",0.57976692
80,162,"[1, 3, 1, 1, 1, 1, 1, 1, 2, 1, 3, 1, 1, 1, 1, 1, 1, 2, 2, 1, 1, 3, 2, 1, 2, 1, 2, 2, 1, 3, 2, 2, 1, 1, 1, 1, 1, 1, 1, 1, 1, 1, 8, 3, 3, 3, 8, 3, 3, 3, 3, 1, 1, 2, 1, 1, 3, 1, 1, 3, 3, 1, 1, 2, 1, 1, 3, 1, 1, 3, 3, 1, 1, 2, 1, 1, 3, 1, 1, 3]","[1, 1, 1, 1, 3, 3, 3, 3, 3, 3, 3, 3, 3, 3, 1, 1, 1, 1, 2, 2, 1, 1, 3, 3, 3, 3, 3, 3, 3, 3, 3, 3, 1, 1, 2, 2, 1, 1, 3, 3, 1, 1, 3, 3, 3, 3, 1, 1, 1, 1, 4, 4, 3, 3, 3, 3, 1, 1, 1, 1, 2, 2, 1, 1, 3, 3, 3, 3, 3, 3, 3, 3, 3, 3, 3, 3, 3, 3, 3, 3, 3, 3, 1, 1, 1, 1, 2, 2, 2, 2, 1, 1, 1, 1, 2, 2, 2, 2, 1, 1, 1, 1, 1, 1, 1, 1, 1, 1, 1, 1, 1, 1, 1, 1, 1, 1, 1, 1, 1, 1, 1, 1, 1, 1, 1, 1, 1, 1, 1, 1, 1, 1, 1, 1, 1, 1, 1, 1, 1, 1, 1, 1, 1, 1, 1, 1, 1, 1, 1, 1, 1, 1, 3, 3, 3, 3, 3, 3, 3, 3, 3, 3]","[0, 1, 1, 2, 2, 3, 3, 4, 4, 5, 5, 6, 6, 7, 7, 8, 8, 9, 9, 10, 9, 11, 11, 12, 12, 13, 13, 14, 14, 15, 15, 16, 14, 17, 17, 18, 18, 19, 19, 20, 20, 21, 20, 22, 22, 23, 23, 24, 24, 25, 25, 26, 23, 27, 27, 28, 28, 29, 4, 30, 30, 31, 31, 32, 32, 33, 33, 34, 34, 35, 35, 36, 36, 37, 37, 38, 38, 39, 39, 40, 40, 41, 39, 42, 42, 43, 42, 44, 42, 45, 37, 46, 46, 47, 46, 48, 46, 49, 50, 51, 51, 52, 52, 53, 53, 54, 54, 55, 55, 56, 53, 57, 57, 58, 58, 59, 60, 61, 61, 62, 62, 63, 63, 64, 64, 65, 65, 66, 63, 67, 67, 68, 68, 69, 70, 71, 71, 72, 72, 73, 73, 74, 74, 75, 75, 76, 73, 77, 77, 78, 78, 79, 7, 2, 16, 11, 28, 19, 41, 32, 40, 35]","[1, 0, 2, 1, 3, 2, 4, 3, 5, 4, 6, 5, 7, 6, 8, 7, 9, 8, 10, 9, 11, 9, 12, 11, 13, 12, 14, 13, 15, 14, 16, 15, 17, 14, 18, 17, 19, 18, 20, 19, 21, 20, 22, 20, 23, 22, 24, 23, 25, 24, 26, 25, 27, 23, 28, 27, 29, 28, 30, 4, 31, 30, 32, 31, 33, 32, 34, 33, 35, 34, 36, 35, 37, 36, 38, 37, 39, 38, 40, 39, 41, 40, 42, 39, 43, 42, 44, 42, 45, 42, 46, 37, 47, 46, 48, 46, 49, 46, 51, 50, 52, 51, 53, 52, 54, 53, 55, 54, 56, 55, 57, 53, 58, 57, 59, 58, 61, 60, 62, 61, 63, 62, 64, 63, 65, 64, 66, 65, 67, 63, 68, 67, 69, 68, 71, 70, 72, 71, 73, 72, 74, 73, 75, 74, 76, 75, 77, 73, 78, 77, 79, 78, 2, 7, 11, 16, 19, 28, 32, 41, 35, 40]",-0.8216489824
47,100,"[9, 9, 3, 8, 3, 3, 1, 1, 1, 1, 1, 1, 2, 2, 1, 1, 1, 1, 2, 2, 1, 1, 1, 1, 2, 1, 1, 1, 1, 1, 1, 1, 1, 1, 1, 1, 1, 8, 3, 3, 3, 1, 1, 1, 1, 1, 1]","[1, 1, 2, 2, 2, 2, 1, 1, 3, 3, 3, 3, 3, 3, 3, 3, 3, 3, 1, 1, 2, 2, 1, 1, 3, 3, 3, 3, 3, 3, 1, 1, 2, 2, 1, 1, 3, 3, 3, 3, 3, 3, 1, 1, 1, 1, 3, 3, 3, 3, 3, 3, 3, 3, 3, 3, 3, 3, 3, 3, 3, 3, 3, 3, 3, 3, 3, 3, 1, 1, 1, 1, 2, 2, 2, 2, 3, 3, 3, 3, 3, 3, 3, 3, 3, 3, 3, 3, 3, 3, 3, 3, 3, 3, 3, 3, 3, 3, 3, 3]","[2, 3, 3, 4, 3, 5, 3, 6, 6, 7, 7, 8, 8, 9, 9, 10, 10, 11, 10, 12, 12, 13, 13, 14, 14, 15, 15, 16, 16, 17, 17, 18, 18, 19, 19, 20, 20, 21, 21, 22, 22, 23, 23, 24, 24, 25, 25, 26, 26, 27, 27, 28, 28, 29, 29, 30, 23, 31, 31, 32, 32, 33, 33, 34, 34, 35, 35, 36, 36, 37, 37, 38, 37, 39, 37, 40, 17, 41, 41, 42, 42, 43, 43, 44, 44, 45, 45, 46, 11, 6, 46, 14, 32, 20, 30, 25, 36, 31, 46, 41]","[3, 2, 4, 3, 5, 3, 6, 3, 7, 6, 8, 7, 9, 8, 10, 9, 11, 10, 12, 10, 13, 12, 14, 13, 15, 14, 16, 15, 17, 16, 18, 17, 19, 18, 20, 19, 21, 20, 22, 21, 23, 22, 24, 23, 25, 24, 26, 25, 27, 26, 28, 27, 29, 28, 30, 29, 31, 23, 32, 31, 33, 32, 34, 33, 35, 34, 36, 35, 37, 36, 38, 37, 39, 37, 40, 37, 41, 17, 42, 41, 43, 42, 44, 43, 45, 44, 46, 45, 6, 11, 14, 46, 20, 32, 25, 30, 31, 36, 41, 46]",-0.5325397259
77,158,"[9, 9, 9, 9, 3, 1, 1, 1, 3, 1, 1, 1, 2, 2, 1, 1, 1, 1, 2, 1, 1, 1, 1, 1, 1, 8, 3, 3, 3, 2, 3, 3, 1, 1, 2, 2, 1, 1, 1, 1, 1, 1, 1, 1, 2, 2, 1, 1, 1, 1, 2, 1, 1, 1, 1, 1, 1, 8, 3, 3, 3, 2, 3, 3, 1, 1, 1, 3, 1, 8, 3, 3, 3, 8, 3, 3, 3]","[1, 1, 3, 3, 3, 3, 1, 1, 3, 3, 3, 3, 3, 3, 1, 1, 2, 2, 1, 1, 3, 3, 3, 3, 3, 3, 1, 1, 1, 1, 3, 3, 3, 3, 3, 3, 3, 3, 3, 3, 1, 1, 1, 1, 2, 2, 2, 2, 1, 1, 1, 1, 2, 2, 3, 3, 3, 3, 1, 1, 2, 2, 1, 1, 3, 3, 3, 3, 3, 3, 3, 3, 3, 3, 3, 3, 3, 3, 1, 1, 2, 2, 1, 1, 3, 3, 3, 3, 3, 3, 1, 1, 1, 1, 3, 3, 3, 3, 3, 3, 3, 3, 3, 3, 1, 1, 1, 1, 2, 2, 2, 2, 1, 1, 1, 1, 2, 2, 3, 3, 3, 3, 3, 3, 1, 1, 3, 3, 1, 1, 1, 1, 2, 2, 2, 2, 1, 1, 1, 1, 2, 2, 2, 2, 3, 3, 3, 3, 3, 3, 3, 3, 3, 3, 3, 3, 3, 3]","[4, 5, 5, 6, 6, 7, 7, 8, 7, 9, 9, 10, 10, 11, 11, 12, 12, 13, 13, 14, 14, 15, 15, 16, 16, 17, 17, 18, 18, 19, 19, 20, 20, 21, 21, 22, 22, 23, 23, 24, 24, 25, 25, 26, 25, 27, 25, 28, 22, 29, 29, 30, 29, 31, 17, 32, 32, 33, 9, 34, 34, 35, 35, 36, 36, 37, 37, 38, 38, 39, 39, 40, 40, 41, 41, 42, 42, 43, 43, 44, 44, 45, 45, 46, 46, 47, 47, 48, 48, 49, 49, 50, 50, 51, 51, 52, 52, 53, 53, 54, 54, 55, 55, 56, 56, 57, 57, 58, 57, 59, 57, 60, 54, 61, 61, 62, 61, 63, 49, 64, 64, 65, 43, 66, 66, 67, 66, 68, 42, 69, 69, 70, 69, 71, 69, 72, 38, 73, 73, 74, 73, 75, 73, 76, 11, 5, 33, 14, 24, 19, 68, 36, 68, 40, 65, 46, 56, 51]","[5, 4, 6, 5, 7, 6, 8, 7, 9, 7, 10, 9, 11, 10, 12, 11, 13, 12, 14, 13, 15, 14, 16, 15, 17, 16, 18, 17, 19, 18, 20, 19, 21, 20, 22, 21, 23, 22, 24, 23, 25, 24, 26, 25, 27, 25, 28, 25, 29, 22, 30, 29, 31, 29, 32, 17, 33, 32, 34, 9, 35, 34, 36, 35, 37, 36, 38, 37, 39, 38, 40, 39, 41, 40, 42, 41, 43, 42, 44, 43, 45, 44, 46, 45, 47, 46, 48, 47, 49, 48, 50, 49, 51, 50, 52, 51, 53, 52, 54, 53, 55, 54, 56, 55, 57, 56, 58, 57, 59, 57, 60, 57, 61, 54, 62, 61, 63, 61, 64, 49, 65, 64, 66, 43, 67, 66, 68, 66, 69, 42, 70, 69, 71, 69, 72, 69, 73, 38, 74, 73, 75, 73, 76, 73, 5, 11, 14, 33, 19, 24, 36, 68, 40, 68, 46, 65, 51, 56]",-0.7667514499
19,40,"[1, 1, 1, 1, 1, 1, 1, 3, 7, 8, 8, 3, 1, 1, 1, 1, 1, 1, 1]","[1, 1, 3, 3, 3, 3, 3, 3, 3, 3, 3, 3, 1, 1, 1, 1, 1, 1, 2, 2, 1, 1, 1, 1, 3, 3, 3, 3, 3, 3, 3, 3, 3, 3, 1, 1, 3, 3, 3, 3]","[0, 1, 1, 2, 2, 3, 3, 4, 4, 5, 5, 6, 6, 7, 7, 8, 8, 9, 8, 10, 8, 11, 11, 12, 12, 13, 13, 14, 14, 15, 15, 16, 16, 17, 17, 18, 6, 1, 17, 12]","[1, 0, 2, 1, 3, 2, 4, 3, 5, 4, 6, 5, 7, 6, 8, 7, 9, 8, 10, 8, 11, 8, 12, 11, 13, 12, 14, 13, 15, 14, 16, 15, 17, 16, 18, 17, 1, 6, 12, 17]",-1.0605299646
88,178,"[9, 9, 9, 9, 9, 9, 3, 8, 3, 3, 1, 1, 1, 1, 1, 1, 2, 2, 1, 1, 1, 1, 2, 2, 1, 1, 3, 1, 1, 1, 1, 2, 1, 3, 2, 1, 1, 1, 1, 1, 3, 1, 2, 2, 1, 1, 1, 1, 1, 1, 8, 3, 3, 3, 2, 2, 1, 1, 1, 1, 1, 1, 8, 3, 3, 3, 1, 1, 1, 1, 8, 3, 3, 3, 1, 1, 1, 1, 8, 3, 3, 3, 1, 1, 8, 3, 3, 3]","[1, 1, 2, 2, 2, 2, 1, 1, 3, 3, 3, 3, 3, 3, 3, 3, 3, 3, 1, 1, 2, 2, 1, 1, 3, 3, 3, 3, 3, 3, 1, 1, 1, 1, 2, 2, 1, 1, 2, 2, 1, 1, 3, 3, 3, 3, 3, 3, 1, 1, 1, 1, 2, 2, 1, 1, 1, 1, 3, 3, 3, 3, 3, 3, 1, 1, 2, 2, 1, 1, 2, 2, 1, 1, 1, 1, 3, 3, 3, 3, 3, 3, 3, 3, 3, 3, 1, 1, 1, 1, 2, 2, 2, 2, 1, 1, 2, 2, 1, 1, 3, 3, 3, 3, 3, 3, 3, 3, 3, 3, 1, 1, 1, 1, 2, 2, 2, 2, 1, 1, 2, 2, 1, 1, 3, 3, 1, 1, 1, 1, 2, 2, 2, 2, 3, 3, 3, 3, 1, 1, 2, 2, 1, 1, 1, 1, 2, 2, 2, 2, 3, 3, 3, 3, 1, 1, 1, 1, 2, 2, 2, 2, 3, 3, 3, 3, 1, 1, 3, 3, 3, 3, 3, 3, 3, 3, 3, 3]","[6, 7, 7, 8, 7, 9, 7, 10, 10, 11, 11, 12, 12, 13, 13, 14, 14, 15, 13, 16, 16, 17, 17, 18, 18, 19, 19, 20, 20, 21, 21, 22, 22, 23, 23, 24, 24, 25, 25, 26, 25, 27, 27, 28, 28, 29, 29, 30, 30, 31, 31, 32, 32, 33, 32, 34, 34, 35, 35, 36, 36, 37, 37, 38, 38, 39, 39, 40, 39, 41, 41, 42, 42, 43, 43, 44, 44, 45, 45, 46, 46, 47, 47, 48, 48, 49, 49, 50, 50, 51, 50, 52, 50, 53, 47, 54, 54, 55, 55, 56, 56, 57, 57, 58, 58, 59, 59, 60, 60, 61, 59, 62, 62, 63, 62, 64, 62, 65, 41, 66, 66, 67, 67, 68, 68, 69, 66, 70, 70, 71, 70, 72, 70, 73, 30, 74, 74, 75, 75, 76, 76, 77, 77, 78, 78, 79, 78, 80, 78, 81, 21, 82, 82, 83, 82, 84, 84, 85, 84, 86, 84, 87, 15, 10, 83, 18, 77, 24, 75, 27, 69, 35, 68, 38, 49, 44, 61, 56]","[7, 6, 8, 7, 9, 7, 10, 7, 11, 10, 12, 11, 13, 12, 14, 13, 15, 14, 16, 13, 17, 16, 18, 17, 19, 18, 20, 19, 21, 20, 22, 21, 23, 22, 24, 23, 25, 24, 26, 25, 27, 25, 28, 27, 29, 28, 30, 29, 31, 30, 32, 31, 33, 32, 34, 32, 35, 34, 36, 35, 37, 36, 38, 37, 39, 38, 40, 39, 41, 39, 42, 41, 43, 42, 44, 43, 45, 44, 46, 45, 47, 46, 48, 47, 49, 48, 50, 49, 51, 50, 52, 50, 53, 50, 54, 47, 55, 54, 56, 55, 57, 56, 58, 57, 59, 58, 60, 59, 61, 60, 62, 59, 63, 62, 64, 62, 65, 62, 66, 41, 67, 66, 68, 67, 69, 68, 70, 66, 71, 70, 72, 70, 73, 70, 74, 30, 75, 74, 76, 75, 77, 76, 78, 77, 79, 78, 80, 78, 81, 78, 82, 21, 83, 82, 84, 82, 85, 84, 86, 84, 87, 84, 10, 15, 18, 83, 24, 77, 27, 75, 35, 69, 38, 68, 44, 49, 56, 61]",-0.5694985454
77,154,"[9, 9, 9, 9, 9, 2, 1, 3, 2, 1, 1, 1, 2, 1, 2, 1, 4, 2, 1, 2, 1, 1, 1, 2, 1, 1, 1, 2, 2, 1, 1, 1, 1, 1, 1, 8, 3, 3, 1, 1, 3, 8, 3, 3, 3, 8, 3, 3, 3, 2, 1, 1, 1, 2, 2, 1, 1, 1, 1, 1, 1, 1, 1, 8, 3, 3, 3, 8, 3, 3, 3, 1, 1, 8, 3, 3, 3]","[1, 1, 2, 2, 1, 1, 1, 1, 3, 3, 3, 3, 1, 1, 1, 1, 3, 3, 3, 3, 1, 1, 3, 3, 3, 3, 1, 1, 1, 1, 3, 3, 3, 3, 1, 1, 3, 3, 3, 3, 3, 3, 1, 1, 2, 2, 1, 1, 3, 3, 3, 3, 3, 3, 3, 3, 3, 3, 1, 1, 2, 2, 2, 2, 1, 1, 1, 1, 1, 1, 1, 1, 1, 1, 2, 2, 2, 2, 1, 1, 1, 1, 2, 2, 2, 2, 3, 3, 3, 3, 3, 3, 3, 3, 1, 1, 2, 2, 1, 1, 3, 3, 3, 3, 3, 3, 3, 3, 3, 3, 3, 3, 3, 3, 1, 1, 1, 1, 2, 2, 2, 2, 1, 1, 1, 1, 2, 2, 2, 2, 3, 3, 3, 3, 1, 1, 1, 1, 2, 2, 2, 2, 3, 3, 3, 3, 3, 3, 3, 3, 3, 3, 3, 3]","[5, 6, 6, 7, 6, 8, 8, 9, 9, 10, 10, 11, 11, 12, 12, 13, 13, 14, 14, 15, 15, 16, 15, 17, 17, 18, 18, 19, 19, 20, 20, 21, 21, 22, 22, 23, 22, 24, 24, 25, 25, 26, 26, 27, 27, 28, 28, 29, 29, 30, 30, 31, 31, 32, 32, 33, 33, 34, 32, 35, 35, 36, 35, 37, 35, 38, 38, 39, 39, 40, 40, 41, 41, 42, 41, 43, 41, 44, 24, 45, 45, 46, 45, 47, 45, 48, 18, 49, 11, 50, 50, 51, 51, 52, 52, 53, 53, 54, 54, 55, 55, 56, 56, 57, 57, 58, 58, 59, 59, 60, 60, 61, 61, 62, 62, 63, 63, 64, 63, 65, 63, 66, 60, 67, 67, 68, 67, 69, 67, 70, 58, 71, 71, 72, 72, 73, 73, 74, 73, 75, 73, 76, 52, 9, 49, 13, 26, 20, 34, 29, 72, 55, 62, 57]","[6, 5, 7, 6, 8, 6, 9, 8, 10, 9, 11, 10, 12, 11, 13, 12, 14, 13, 15, 14, 16, 15, 17, 15, 18, 17, 19, 18, 20, 19, 21, 20, 22, 21, 23, 22, 24, 22, 25, 24, 26, 25, 27, 26, 28, 27, 29, 28, 30, 29, 31, 30, 32, 31, 33, 32, 34, 33, 35, 32, 36, 35, 37, 35, 38, 35, 39, 38, 40, 39, 41, 40, 42, 41, 43, 41, 44, 41, 45, 24, 46, 45, 47, 45, 48, 45, 49, 18, 50, 11, 51, 50, 52, 51, 53, 52, 54, 53, 55, 54, 56, 55, 57, 56, 58, 57, 59, 58, 60, 59, 61, 60, 62, 61, 63, 62, 64, 63, 65, 63, 66, 63, 67, 60, 68, 67, 69, 67, 70, 67, 71, 58, 72, 71, 73, 72, 74, 73, 75, 73, 76, 73, 9, 52, 13, 49, 20, 26, 29, 34, 55, 72, 57, 62]",-0.5105575438000001
51,108,"[9, 23, 3, 1, 1, 1, 1, 1, 1, 1, 1, 1, 1, 2, 2, 1, 1, 1, 1, 1, 1, 2, 2, 1, 1, 1, 1, 1, 1, 8, 3, 3, 2, 1, 1, 1, 1, 1, 1, 1, 1, 1, 1, 8, 3, 3, 3, 8, 3, 3, 3]","[1, 1, 3, 3, 3, 3, 3, 3, 3, 3, 3, 3, 3, 3, 3, 3, 3, 3, 3, 3, 1, 1, 2, 2, 1, 1, 3, 3, 3, 3, 3, 3, 3, 3, 3, 3, 1, 1, 2, 2, 1, 1, 3, 3, 3, 3, 3, 3, 3, 3, 3, 3, 1, 1, 2, 2, 2, 2, 1, 1, 1, 1, 3, 3, 3, 3, 3, 3, 3, 3, 3, 3, 3, 3, 3, 3, 3, 3, 3, 3, 1, 1, 1, 1, 2, 2, 2, 2, 1, 1, 1, 1, 2, 2, 2, 2, 3, 3, 3, 3, 3, 3, 3, 3, 3, 3, 3, 3]","[2, 3, 3, 4, 4, 5, 5, 6, 6, 7, 7, 8, 8, 9, 9, 10, 10, 11, 11, 12, 12, 13, 13, 14, 14, 15, 15, 16, 16, 17, 17, 18, 18, 19, 19, 20, 18, 21, 21, 22, 22, 23, 23, 24, 24, 25, 25, 26, 26, 27, 27, 28, 27, 29, 29, 30, 29, 31, 29, 32, 32, 33, 33, 34, 34, 35, 35, 36, 36, 37, 37, 38, 38, 39, 39, 40, 40, 41, 41, 42, 40, 43, 43, 44, 43, 45, 43, 46, 38, 47, 47, 48, 47, 49, 47, 50, 12, 3, 11, 6, 20, 15, 28, 23, 42, 33, 41, 36]","[3, 2, 4, 3, 5, 4, 6, 5, 7, 6, 8, 7, 9, 8, 10, 9, 11, 10, 12, 11, 13, 12, 14, 13, 15, 14, 16, 15, 17, 16, 18, 17, 19, 18, 20, 19, 21, 18, 22, 21, 23, 22, 24, 23, 25, 24, 26, 25, 27, 26, 28, 27, 29, 27, 30, 29, 31, 29, 32, 29, 33, 32, 34, 33, 35, 34, 36, 35, 37, 36, 38, 37, 39, 38, 40, 39, 41, 40, 42, 41, 43, 40, 44, 43, 45, 43, 46, 43, 47, 38, 48, 47, 49, 47, 50, 47, 3, 12, 6, 11, 15, 20, 23, 28, 33, 42, 36, 41]",-1.2096462437
23,46,"[1, 1, 1, 1, 1, 1, 1, 8, 3, 3, 3, 1, 1, 1, 1, 1, 2, 1, 1, 1, 1, 2, 1]","[1, 1, 3, 3, 3, 3, 3, 3, 3, 3, 3, 3, 1, 1, 1, 1, 2, 2, 2, 2, 1, 1, 1, 1, 1, 1, 1, 1, 1, 1, 1, 1, 1, 1, 1, 1, 1, 1, 1, 1, 1, 1, 3, 3, 1, 1]","[0, 1, 1, 2, 2, 3, 3, 4, 4, 5, 5, 6, 4, 7, 7, 8, 7, 9, 7, 10, 11, 12, 12, 13, 12, 14, 14, 15, 15, 16, 15, 17, 17, 18, 18, 19, 18, 20, 20, 21, 18, 22, 6, 1, 22, 12]","[1, 0, 2, 1, 3, 2, 4, 3, 5, 4, 6, 5, 7, 4, 8, 7, 9, 7, 10, 7, 12, 11, 13, 12, 14, 12, 15, 14, 16, 15, 17, 15, 18, 17, 19, 18, 20, 18, 21, 20, 22, 18, 1, 6, 12, 22]",0.1572981869
71,148,"[9, 9, 9, 3, 1, 1, 1, 3, 1, 1, 1, 2, 2, 1, 1, 1, 1, 2, 2, 1, 1, 1, 1, 2, 1, 1, 1, 1, 1, 1, 8, 3, 3, 3, 2, 3, 3, 1, 1, 1, 1, 1, 1, 1, 1, 8, 3, 3, 3, 2, 2, 1, 1, 1, 1, 2, 1, 1, 1, 1, 1, 1, 8, 3, 3, 3, 2, 3, 3, 1, 1]","[1, 1, 2, 2, 1, 1, 2, 2, 1, 1, 1, 1, 2, 2, 1, 1, 2, 2, 1, 1, 3, 3, 3, 3, 3, 3, 1, 1, 2, 2, 1, 1, 3, 3, 3, 3, 3, 3, 1, 1, 1, 1, 3, 3, 3, 3, 3, 3, 3, 3, 3, 3, 1, 1, 1, 1, 2, 2, 2, 2, 1, 1, 1, 1, 2, 2, 3, 3, 3, 3, 3, 3, 3, 3, 3, 3, 3, 3, 3, 3, 3, 3, 1, 1, 1, 1, 2, 2, 2, 2, 2, 2, 1, 1, 1, 1, 3, 3, 3, 3, 3, 3, 1, 1, 1, 1, 3, 3, 3, 3, 3, 3, 3, 3, 3, 3, 1, 1, 1, 1, 2, 2, 2, 2, 1, 1, 1, 1, 2, 2, 3, 3, 3, 3, 1, 1, 3, 3, 3, 3, 3, 3, 3, 3, 3, 3, 3, 3]","[3, 4, 4, 5, 5, 6, 6, 7, 6, 8, 8, 9, 9, 10, 10, 11, 11, 12, 12, 13, 13, 14, 14, 15, 15, 16, 16, 17, 17, 18, 18, 19, 19, 20, 20, 21, 21, 22, 22, 23, 23, 24, 24, 25, 25, 26, 26, 27, 27, 28, 28, 29, 29, 30, 30, 31, 30, 32, 30, 33, 27, 34, 34, 35, 34, 36, 22, 37, 37, 38, 16, 39, 39, 40, 40, 41, 41, 42, 42, 43, 43, 44, 44, 45, 45, 46, 45, 47, 45, 48, 8, 49, 49, 50, 50, 51, 51, 52, 52, 53, 53, 54, 54, 55, 55, 56, 56, 57, 57, 58, 58, 59, 59, 60, 60, 61, 61, 62, 62, 63, 62, 64, 62, 65, 59, 66, 66, 67, 66, 68, 54, 69, 69, 70, 10, 4, 40, 13, 38, 19, 29, 24, 44, 39, 70, 51, 61, 56]","[4, 3, 5, 4, 6, 5, 7, 6, 8, 6, 9, 8, 10, 9, 11, 10, 12, 11, 13, 12, 14, 13, 15, 14, 16, 15, 17, 16, 18, 17, 19, 18, 20, 19, 21, 20, 22, 21, 23, 22, 24, 23, 25, 24, 26, 25, 27, 26, 28, 27, 29, 28, 30, 29, 31, 30, 32, 30, 33, 30, 34, 27, 35, 34, 36, 34, 37, 22, 38, 37, 39, 16, 40, 39, 41, 40, 42, 41, 43, 42, 44, 43, 45, 44, 46, 45, 47, 45, 48, 45, 49, 8, 50, 49, 51, 50, 52, 51, 53, 52, 54, 53, 55, 54, 56, 55, 57, 56, 58, 57, 59, 58, 60, 59, 61, 60, 62, 61, 63, 62, 64, 62, 65, 62, 66, 59, 67, 66, 68, 66, 69, 54, 70, 69, 4, 10, 13, 40, 19, 38, 24, 29, 39, 44, 51, 70, 56, 61]",-0.3225773366
9,18,"[1, 1, 3, 1, 1, 1, 3, 3, 3]","[1, 1, 1, 1, 1, 1, 1, 1, 1, 1, 1, 1, 1, 1, 1, 1, 1, 1]","[0, 1, 1, 2, 1, 3, 3, 4, 4, 5, 4, 6, 4, 7, 7, 8, 8, 1]","[1, 0, 2, 1, 3, 1, 4, 3, 5, 4, 6, 4, 7, 4, 8, 7, 1, 8]",0.5714408419
120,248,"[1, 1, 3, 1, 3, 1, 1, 1, 3, 1, 3, 1, 3, 8, 3, 3, 3, 1, 3, 8, 3, 3, 3, 1, 3, 8, 3, 3, 3, 1, 3, 1, 3, 1, 1, 1, 3, 1, 3, 1, 1, 1, 3, 1, 3, 1, 3, 1, 1, 1, 3, 1, 3, 8, 3, 3, 3, 1, 3, 8, 3, 3, 3, 1, 3, 8, 3, 3, 3, 1, 3, 8, 3, 3, 3, 1, 3, 8, 3, 3, 3, 1, 3, 3, 1, 1, 3, 1, 3, 1, 3, 1, 3, 1, 3, 3, 1, 3, 1, 1, 3, 1, 3, 1, 1, 3, 1, 3, 1, 3, 1, 3, 3, 1, 3, 1, 3, 1, 3, 3]","[1, 1, 1, 1, 1, 1, 1, 1, 1, 1, 1, 1, 1, 1, 1, 1, 1, 1, 1, 1, 1, 1, 1, 1, 1, 1, 1, 1, 2, 2, 2, 2, 1, 1, 1, 1, 1, 1, 1, 1, 2, 2, 2, 2, 1, 1, 1, 1, 1, 1, 1, 1, 2, 2, 2, 2, 1, 1, 1, 1, 1, 1, 1, 1, 1, 1, 1, 1, 1, 1, 1, 1, 1, 1, 1, 1, 1, 1, 1, 1, 1, 1, 1, 1, 1, 1, 1, 1, 1, 1, 1, 1, 1, 1, 1, 1, 1, 1, 1, 1, 1, 1, 1, 1, 1, 1, 1, 1, 2, 2, 2, 2, 1, 1, 1, 1, 1, 1, 1, 1, 2, 2, 2, 2, 1, 1, 1, 1, 1, 1, 1, 1, 2, 2, 2, 2, 1, 1, 1, 1, 1, 1, 1, 1, 2, 2, 2, 2, 1, 1, 1, 1, 1, 1, 1, 1, 2, 2, 2, 2, 1, 1, 1, 1, 1, 1, 1, 1, 1, 1, 1, 1, 1, 1, 1, 1, 1, 1, 1, 1, 1, 1, 1, 1, 1, 1, 1, 1, 1, 1, 1, 1, 1, 1, 1, 1, 1, 1, 1, 1, 1, 1, 1, 1, 1, 1, 1, 1, 1, 1, 1, 1, 1, 1, 1, 1, 1, 1, 2, 2, 1, 1, 1, 1, 1, 1, 1, 1, 1, 1, 1, 1, 2, 2, 1, 1, 1, 1, 1, 1, 1, 1, 1, 1, 1, 1, 1, 1]","[0, 1, 1, 2, 2, 3, 3, 4, 4, 5, 5, 6, 6, 7, 6, 8, 8, 9, 9, 10, 9, 11, 11, 12, 12, 13, 13, 14, 13, 15, 13, 16, 11, 17, 17, 18, 18, 19, 19, 20, 19, 21, 19, 22, 3, 23, 23, 24, 24, 25, 25, 26, 25, 27, 25, 28, 23, 29, 29, 30, 30, 31, 31, 32, 32, 33, 33, 34, 33, 35, 35, 36, 36, 37, 37, 38, 38, 39, 39, 40, 39, 41, 41, 42, 41, 43, 43, 44, 44, 45, 45, 46, 46, 47, 47, 48, 47, 49, 49, 50, 49, 51, 51, 52, 52, 53, 53, 54, 53, 55, 53, 56, 51, 57, 57, 58, 58, 59, 59, 60, 59, 61, 59, 62, 43, 63, 63, 64, 64, 65, 65, 66, 65, 67, 65, 68, 35, 69, 69, 70, 70, 71, 71, 72, 71, 73, 71, 74, 69, 75, 75, 76, 76, 77, 77, 78, 77, 79, 77, 80, 29, 81, 81, 82, 83, 84, 84, 85, 85, 86, 85, 87, 87, 88, 87, 89, 89, 90, 89, 91, 91, 92, 91, 93, 93, 94, 95, 96, 96, 97, 97, 98, 98, 99, 99, 100, 100, 101, 101, 102, 102, 103, 103, 104, 104, 105, 104, 106, 106, 107, 106, 108, 108, 109, 103, 110, 110, 111, 110, 112, 99, 113, 113, 114, 113, 115, 115, 116, 98, 117, 117, 118, 117, 119, 81, 1, 17, 5, 75, 31, 63, 37, 57, 45, 115, 96, 108, 101]","[1, 0, 2, 1, 3, 2, 4, 3, 5, 4, 6, 5, 7, 6, 8, 6, 9, 8, 10, 9, 11, 9, 12, 11, 13, 12, 14, 13, 15, 13, 16, 13, 17, 11, 18, 17, 19, 18, 20, 19, 21, 19, 22, 19, 23, 3, 24, 23, 25, 24, 26, 25, 27, 25, 28, 25, 29, 23, 30, 29, 31, 30, 32, 31, 33, 32, 34, 33, 35, 33, 36, 35, 37, 36, 38, 37, 39, 38, 40, 39, 41, 39, 42, 41, 43, 41, 44, 43, 45, 44, 46, 45, 47, 46, 48, 47, 49, 47, 50, 49, 51, 49, 52, 51, 53, 52, 54, 53, 55, 53, 56, 53, 57, 51, 58, 57, 59, 58, 60, 59, 61, 59, 62, 59, 63, 43, 64, 63, 65, 64, 66, 65, 67, 65, 68, 65, 69, 35, 70, 69, 71, 70, 72, 71, 73, 71, 74, 71, 75, 69, 76, 75, 77, 76, 78, 77, 79, 77, 80, 77, 81, 29, 82, 81, 84, 83, 85, 84, 86, 85, 87, 85, 88, 87, 89, 87, 90, 89, 91, 89, 92, 91, 93, 91, 94, 93, 96, 95, 97, 96, 98, 97, 99, 98, 100, 99, 101, 100, 102, 101, 103, 102, 104, 103, 105, 104, 106, 104, 107, 106, 108, 106, 109, 108, 110, 103, 111, 110, 112, 110, 113, 99, 114, 113, 115, 113, 116, 115, 117, 98, 118, 117, 119, 117, 1, 81, 5, 17, 31, 75, 37, 63, 45, 57, 96, 115, 101, 108]",-0.5892058636
31,62,"[4, 1, 1, 1, 1, 1, 1, 1, 1, 1, 1, 1, 1, 3, 1, 1, 3, 1, 1, 2, 1, 1, 1, 1, 1, 1, 1, 1, 1, 1, 1]","[1, 1, 1, 1, 1, 1, 1, 1, 1, 1, 1, 1, 1, 1, 1, 1, 3, 3, 3, 3, 3, 3, 1, 1, 1, 1, 1, 1, 1, 1, 1, 1, 1, 1, 1, 1, 1, 1, 1, 1, 1, 1, 1, 1, 3, 3, 3, 3, 3, 3, 3, 3, 3, 3, 3, 3, 3, 3, 3, 3, 3, 3]","[1, 2, 2, 3, 2, 4, 2, 5, 5, 6, 6, 7, 6, 8, 6, 9, 9, 10, 10, 11, 11, 12, 12, 13, 13, 14, 14, 15, 15, 16, 16, 17, 17, 18, 18, 19, 19, 20, 19, 21, 19, 22, 22, 23, 23, 24, 24, 25, 25, 26, 26, 27, 27, 28, 12, 29, 29, 30, 30, 9, 28, 23]","[2, 1, 3, 2, 4, 2, 5, 2, 6, 5, 7, 6, 8, 6, 9, 6, 10, 9, 11, 10, 12, 11, 13, 12, 14, 13, 15, 14, 16, 15, 17, 16, 18, 17, 19, 18, 20, 19, 21, 19, 22, 19, 23, 22, 24, 23, 25, 24, 26, 25, 27, 26, 28, 27, 29, 12, 30, 29, 9, 30, 23, 28]",0.0729096485
60,118,"[9, 9, 9, 9, 2, 1, 1, 2, 2, 1, 1, 1, 1, 1, 1, 8, 3, 3, 1, 1, 3, 8, 3, 3, 3, 1, 1, 1, 1, 1, 1, 2, 2, 1, 1, 1, 1, 1, 1, 8, 3, 3, 1, 1, 3, 8, 3, 3, 3, 1, 3, 1, 8, 3, 3, 3, 8, 3, 3, 3]","[1, 1, 3, 3, 1, 1, 2, 2, 1, 1, 3, 3, 3, 3, 3, 3, 3, 3, 3, 3, 1, 1, 2, 2, 2, 2, 1, 1, 1, 1, 1, 1, 1, 1, 1, 1, 2, 2, 2, 2, 3, 3, 3, 3, 3, 3, 1, 1, 2, 2, 1, 1, 2, 2, 1, 1, 1, 1, 3, 3, 3, 3, 3, 3, 3, 3, 3, 3, 1, 1, 2, 2, 2, 2, 1, 1, 1, 1, 1, 1, 1, 1, 1, 1, 2, 2, 2, 2, 1, 1, 2, 2, 1, 1, 1, 1, 1, 1, 2, 2, 2, 2, 1, 1, 1, 1, 2, 2, 2, 2, 3, 3, 3, 3, 3, 3, 3, 3]","[4, 5, 5, 6, 6, 7, 7, 8, 8, 9, 9, 10, 10, 11, 11, 12, 12, 13, 13, 14, 12, 15, 15, 16, 15, 17, 15, 18, 18, 19, 19, 20, 20, 21, 21, 22, 21, 23, 21, 24, 6, 25, 25, 26, 26, 27, 27, 28, 28, 29, 29, 30, 30, 31, 31, 32, 32, 33, 33, 34, 34, 35, 35, 36, 36, 37, 37, 38, 36, 39, 39, 40, 39, 41, 39, 42, 42, 43, 43, 44, 44, 45, 45, 46, 45, 47, 45, 48, 30, 49, 49, 50, 49, 51, 29, 52, 52, 53, 52, 54, 52, 55, 25, 56, 56, 57, 56, 58, 56, 59, 51, 5, 14, 9, 51, 27, 38, 33]","[5, 4, 6, 5, 7, 6, 8, 7, 9, 8, 10, 9, 11, 10, 12, 11, 13, 12, 14, 13, 15, 12, 16, 15, 17, 15, 18, 15, 19, 18, 20, 19, 21, 20, 22, 21, 23, 21, 24, 21, 25, 6, 26, 25, 27, 26, 28, 27, 29, 28, 30, 29, 31, 30, 32, 31, 33, 32, 34, 33, 35, 34, 36, 35, 37, 36, 38, 37, 39, 36, 40, 39, 41, 39, 42, 39, 43, 42, 44, 43, 45, 44, 46, 45, 47, 45, 48, 45, 49, 30, 50, 49, 51, 49, 52, 29, 53, 52, 54, 52, 55, 52, 56, 25, 57, 56, 58, 56, 59, 56, 5, 51, 9, 14, 27, 51, 33, 38]",-0.2552865172
56,116,"[9, 44, 1, 1, 2, 2, 1, 3, 1, 2, 2, 1, 1, 1, 4, 1, 1, 1, 3, 8, 2, 3, 3, 1, 1, 1, 1, 1, 1, 1, 1, 2, 2, 1, 3, 1, 2, 2, 1, 1, 1, 4, 1, 1, 1, 3, 8, 2, 3, 3, 1, 1, 1, 1, 1, 1]","[1, 1, 3, 3, 3, 3, 3, 3, 1, 1, 3, 3, 1, 1, 2, 2, 1, 1, 3, 3, 3, 3, 1, 1, 3, 3, 3, 3, 3, 3, 1, 1, 1, 1, 1, 1, 2, 2, 2, 2, 1, 1, 3, 3, 3, 3, 3, 3, 3, 3, 3, 3, 1, 1, 3, 3, 3, 3, 3, 3, 1, 1, 3, 3, 1, 1, 2, 2, 1, 1, 3, 3, 3, 3, 1, 1, 3, 3, 3, 3, 3, 3, 1, 1, 1, 1, 1, 1, 2, 2, 2, 2, 1, 1, 3, 3, 3, 3, 3, 3, 3, 3, 3, 3, 3, 3, 3, 3, 3, 3, 3, 3, 3, 3, 3, 3]","[2, 3, 3, 4, 4, 5, 5, 6, 6, 7, 6, 8, 8, 9, 9, 10, 10, 11, 11, 12, 12, 13, 13, 14, 13, 15, 15, 16, 16, 17, 17, 18, 15, 19, 19, 20, 19, 21, 19, 22, 5, 23, 23, 24, 24, 25, 25, 26, 26, 27, 27, 28, 29, 30, 30, 31, 31, 32, 32, 33, 33, 34, 33, 35, 35, 36, 36, 37, 37, 38, 38, 39, 39, 40, 40, 41, 40, 42, 42, 43, 43, 44, 44, 45, 42, 46, 46, 47, 46, 48, 46, 49, 32, 50, 50, 51, 51, 52, 52, 53, 53, 54, 54, 55, 8, 3, 17, 11, 28, 23, 35, 30, 44, 38, 55, 50]","[3, 2, 4, 3, 5, 4, 6, 5, 7, 6, 8, 6, 9, 8, 10, 9, 11, 10, 12, 11, 13, 12, 14, 13, 15, 13, 16, 15, 17, 16, 18, 17, 19, 15, 20, 19, 21, 19, 22, 19, 23, 5, 24, 23, 25, 24, 26, 25, 27, 26, 28, 27, 30, 29, 31, 30, 32, 31, 33, 32, 34, 33, 35, 33, 36, 35, 37, 36, 38, 37, 39, 38, 40, 39, 41, 40, 42, 40, 43, 42, 44, 43, 45, 44, 46, 42, 47, 46, 48, 46, 49, 46, 50, 32, 51, 50, 52, 51, 53, 52, 54, 53, 55, 54, 3, 8, 11, 17, 23, 28, 30, 35, 38, 44, 50, 55]",-2.6924708965
31,64,"[9, 1, 1, 2, 2, 1, 3, 1, 2, 2, 1, 1, 1, 1, 1, 4, 1, 3, 2, 3, 3, 1, 1, 1, 1, 1, 1, 8, 3, 3, 3]","[1, 1, 2, 2, 1, 1, 1, 1, 2, 2, 1, 1, 1, 1, 1, 1, 2, 2, 1, 1, 2, 2, 1, 1, 2, 2, 1, 1, 1, 1, 2, 2, 1, 1, 1, 1, 2, 2, 1, 1, 3, 3, 3, 3, 3, 3, 3, 3, 3, 3, 1, 1, 1, 1, 2, 2, 2, 2, 1, 1, 1, 1, 3, 3]","[1, 2, 2, 3, 3, 4, 4, 5, 5, 6, 5, 7, 7, 8, 8, 9, 9, 10, 10, 11, 11, 12, 12, 13, 13, 14, 14, 15, 14, 16, 16, 17, 12, 18, 18, 19, 18, 20, 4, 21, 21, 22, 22, 23, 23, 24, 24, 25, 25, 26, 24, 27, 27, 28, 27, 29, 27, 30, 7, 2, 16, 10, 26, 21]","[2, 1, 3, 2, 4, 3, 5, 4, 6, 5, 7, 5, 8, 7, 9, 8, 10, 9, 11, 10, 12, 11, 13, 12, 14, 13, 15, 14, 16, 14, 17, 16, 18, 12, 19, 18, 20, 18, 21, 4, 22, 21, 23, 22, 24, 23, 25, 24, 26, 25, 27, 24, 28, 27, 29, 27, 30, 27, 2, 7, 10, 16, 21, 26]",-0.8385771725
21,48,"[3, 1, 2, 1, 1, 1, 3, 1, 3, 2, 1, 1, 1, 3, 1, 3, 2, 1, 1, 1, 3]","[2, 2, 3, 3, 1, 1, 1, 1, 1, 1, 1, 1, 3, 3, 2, 2, 3, 3, 1, 1, 1, 1, 1, 1, 1, 1, 3, 3, 2, 2, 3, 3, 1, 1, 1, 1, 1, 1, 1, 1, 3, 3, 1, 1, 1, 1, 1, 1]","[0, 1, 1, 2, 2, 3, 3, 4, 4, 5, 5, 6, 2, 7, 7, 8, 7, 9, 9, 10, 10, 11, 11, 12, 12, 13, 9, 14, 14, 15, 14, 16, 16, 17, 17, 18, 18, 19, 19, 20, 16, 1, 6, 4, 13, 11, 20, 18]","[1, 0, 2, 1, 3, 2, 4, 3, 5, 4, 6, 5, 7, 2, 8, 7, 9, 7, 10, 9, 11, 10, 12, 11, 13, 12, 14, 9, 15, 14, 16, 14, 17, 16, 18, 17, 19, 18, 20, 19, 1, 16, 4, 6, 11, 13, 18, 20]",-1.495423095
21,40,"[3, 44, 3, 3, 3, 44, 3, 3, 3, 1, 1, 1, 2, 1, 1, 1, 1, 1, 2, 1, 1]","[1, 1, 2, 2, 2, 2, 1, 1, 1, 1, 1, 1, 2, 2, 2, 2, 3, 3, 3, 3, 3, 3, 3, 3, 3, 3, 3, 3, 3, 3, 3, 3, 3, 3, 3, 3, 3, 3, 3, 3]","[0, 1, 1, 2, 1, 3, 1, 4, 4, 5, 5, 6, 5, 7, 5, 8, 9, 10, 10, 11, 11, 12, 12, 13, 13, 14, 15, 16, 16, 17, 17, 18, 18, 19, 19, 20, 14, 9, 20, 15]","[1, 0, 2, 1, 3, 1, 4, 1, 5, 4, 6, 5, 7, 5, 8, 5, 10, 9, 11, 10, 12, 11, 13, 12, 14, 13, 16, 15, 17, 16, 18, 17, 19, 18, 20, 19, 9, 14, 15, 20]",0.3990871293999999
17,38,"[3, 1, 1, 2, 1, 1, 1, 1, 1, 1, 1, 1, 1, 1, 1, 1, 1]","[3, 3, 3, 3, 3, 3, 3, 3, 1, 1, 3, 3, 3, 3, 3, 3, 3, 3, 3, 3, 1, 1, 3, 3, 3, 3, 3, 3, 3, 3, 3, 3, 3, 3, 3, 3, 3, 3]","[0, 1, 1, 2, 2, 3, 3, 4, 4, 5, 5, 6, 6, 7, 7, 8, 8, 9, 9, 10, 1, 11, 11, 12, 12, 13, 13, 14, 14, 15, 15, 16, 4, 0, 10, 5, 16, 11]","[1, 0, 2, 1, 3, 2, 4, 3, 5, 4, 6, 5, 7, 6, 8, 7, 9, 8, 10, 9, 11, 1, 12, 11, 13, 12, 14, 13, 15, 14, 16, 15, 0, 4, 5, 10, 11, 16]",-5.5532102962
7,14,"[3, 8, 3, 1, 1, 1, 1]","[2, 2, 2, 2, 1, 1, 1, 1, 1, 1, 1, 1, 1, 1]","[0, 1, 1, 2, 1, 3, 3, 4, 4, 5, 5, 6, 6, 1]","[1, 0, 2, 1, 3, 1, 4, 3, 5, 4, 6, 5, 1, 6]",-0.079806903
11,24,"[1, 1, 1, 1, 3, 2, 2, 1, 2, 1, 2]","[1, 1, 3, 3, 3, 3, 2, 2, 3, 3, 3, 3, 3, 3, 3, 3, 3, 3, 3, 3, 3, 3, 3, 3]","[0, 1, 1, 2, 2, 3, 3, 4, 3, 5, 5, 6, 6, 7, 7, 8, 8, 9, 9, 10, 10, 1, 9, 5]","[1, 0, 2, 1, 3, 2, 4, 3, 5, 3, 6, 5, 7, 6, 8, 7, 9, 8, 10, 9, 1, 10, 5, 9]",-1.3471955313
22,48,"[1, 1, 1, 1, 1, 8, 1, 1, 1, 1, 1, 1, 1, 3, 1, 1, 1, 1, 1, 1, 1, 1]","[1, 1, 3, 3, 3, 3, 3, 3, 1, 1, 1, 1, 3, 3, 3, 3, 3, 3, 3, 3, 3, 3, 1, 1, 2, 2, 1, 1, 3, 3, 3, 3, 3, 3, 3, 3, 3, 3, 3, 3, 3, 3, 3, 3, 3, 3, 3, 3]","[0, 1, 1, 2, 2, 3, 3, 4, 4, 5, 5, 6, 6, 7, 7, 8, 8, 9, 9, 10, 10, 11, 9, 12, 12, 13, 12, 14, 14, 15, 15, 16, 16, 17, 17, 18, 18, 19, 4, 20, 20, 21, 21, 1, 11, 6, 19, 14]","[1, 0, 2, 1, 3, 2, 4, 3, 5, 4, 6, 5, 7, 6, 8, 7, 9, 8, 10, 9, 11, 10, 12, 9, 13, 12, 14, 12, 15, 14, 16, 15, 17, 16, 18, 17, 19, 18, 20, 4, 21, 20, 1, 21, 6, 11, 14, 19]",-7.6154082599
35,76,"[3, 1, 1, 1, 1, 1, 1, 2, 1, 3, 2, 1, 1, 1, 1, 1, 1, 1, 1, 1, 2, 1, 3, 2, 1, 1, 1, 1, 1, 1, 3, 1, 1, 1, 1]","[2, 2, 1, 1, 1, 1, 1, 1, 1, 1, 1, 1, 1, 1, 1, 1, 2, 2, 1, 1, 1, 1, 3, 3, 3, 3, 3, 3, 1, 1, 1, 1, 3, 3, 3, 3, 3, 3, 1, 1, 1, 1, 2, 2, 1, 1, 1, 1, 1, 1, 1, 1, 1, 1, 1, 1, 1, 1, 2, 2, 3, 3, 3, 3, 3, 3, 3, 3, 1, 1, 3, 3, 3, 3, 1, 1]","[0, 1, 1, 2, 2, 3, 3, 4, 4, 5, 5, 6, 6, 7, 7, 8, 8, 9, 8, 10, 10, 11, 11, 12, 12, 13, 13, 14, 14, 15, 15, 16, 16, 17, 17, 18, 18, 19, 19, 20, 20, 21, 21, 22, 21, 23, 23, 24, 24, 25, 25, 26, 26, 27, 27, 28, 28, 29, 29, 30, 19, 31, 31, 32, 14, 33, 33, 34, 7, 1, 34, 11, 32, 16, 29, 23]","[1, 0, 2, 1, 3, 2, 4, 3, 5, 4, 6, 5, 7, 6, 8, 7, 9, 8, 10, 8, 11, 10, 12, 11, 13, 12, 14, 13, 15, 14, 16, 15, 17, 16, 18, 17, 19, 18, 20, 19, 21, 20, 22, 21, 23, 21, 24, 23, 25, 24, 26, 25, 27, 26, 28, 27, 29, 28, 30, 29, 31, 19, 32, 31, 33, 14, 34, 33, 1, 7, 11, 34, 16, 32, 23, 29]",-7.763261261599999
32,70,"[1, 1, 3, 1, 3, 1, 2, 2, 1, 1, 1, 1, 3, 1, 1, 1, 1, 1, 3, 2, 1, 1, 1, 1, 1, 1, 1, 1, 1, 2, 3, 3]","[1, 1, 1, 1, 1, 1, 2, 2, 1, 1, 3, 3, 3, 3, 1, 1, 3, 3, 3, 3, 3, 3, 1, 1, 1, 1, 3, 3, 3, 3, 3, 3, 1, 1, 2, 2, 1, 1, 1, 1, 1, 1, 1, 1, 1, 1, 3, 3, 3, 3, 3, 3, 3, 3, 3, 3, 1, 1, 1, 1, 2, 2, 3, 3, 3, 3, 3, 3, 3, 3]","[0, 1, 1, 2, 2, 3, 3, 4, 3, 5, 5, 6, 6, 7, 7, 8, 8, 9, 9, 10, 10, 11, 11, 12, 12, 13, 11, 14, 14, 15, 7, 16, 16, 17, 17, 18, 17, 19, 19, 20, 20, 21, 21, 22, 19, 23, 23, 24, 24, 25, 25, 26, 26, 27, 27, 28, 26, 29, 29, 30, 29, 31, 22, 5, 15, 8, 22, 16, 28, 23]","[1, 0, 2, 1, 3, 2, 4, 3, 5, 3, 6, 5, 7, 6, 8, 7, 9, 8, 10, 9, 11, 10, 12, 11, 13, 12, 14, 11, 15, 14, 16, 7, 17, 16, 18, 17, 19, 17, 20, 19, 21, 20, 22, 21, 23, 19, 24, 23, 25, 24, 26, 25, 27, 26, 28, 27, 29, 26, 30, 29, 31, 29, 5, 22, 8, 15, 16, 22, 23, 28]",-6.6187193264
28,62,"[1, 1, 3, 3, 1, 1, 1, 1, 1, 1, 1, 1, 1, 1, 1, 3, 1, 1, 1, 1, 1, 1, 1, 1, 1, 1, 1, 3]","[1, 1, 2, 2, 1, 1, 1, 1, 1, 1, 1, 1, 1, 1, 1, 1, 1, 1, 1, 1, 2, 2, 1, 1, 2, 2, 1, 1, 2, 2, 1, 1, 1, 1, 1, 1, 1, 1, 1, 1, 1, 1, 1, 1, 1, 1, 1, 1, 1, 1, 1, 1, 2, 2, 1, 1, 1, 1, 1, 1, 1, 1]","[0, 1, 1, 2, 1, 3, 3, 4, 4, 5, 5, 6, 6, 7, 7, 8, 8, 9, 9, 10, 10, 11, 10, 12, 12, 13, 13, 14, 14, 15, 14, 16, 16, 17, 17, 18, 18, 19, 18, 20, 20, 21, 21, 22, 22, 23, 23, 24, 4, 25, 25, 26, 25, 27, 23, 4, 23, 7, 20, 8, 18, 12]","[1, 0, 2, 1, 3, 1, 4, 3, 5, 4, 6, 5, 7, 6, 8, 7, 9, 8, 10, 9, 11, 10, 12, 10, 13, 12, 14, 13, 15, 14, 16, 14, 17, 16, 18, 17, 19, 18, 20, 18, 21, 20, 22, 21, 23, 22, 24, 23, 25, 4, 26, 25, 27, 25, 4, 23, 7, 23, 8, 20, 12, 18]",-6.1077931611
22,50,"[1, 1, 1, 1, 1, 1, 1, 1, 1, 1, 1, 1, 1, 1, 1, 3, 1, 1, 1, 1, 1, 3]","[1, 1, 1, 1, 1, 1, 1, 1, 1, 1, 1, 1, 1, 1, 1, 1, 1, 1, 2, 2, 1, 1, 1, 1, 2, 2, 1, 1, 1, 1, 1, 1, 1, 1, 1, 1, 1, 1, 1, 1, 2, 2, 1, 1, 1, 1, 1, 1, 1, 1]","[0, 1, 1, 2, 2, 3, 3, 4, 4, 5, 5, 6, 6, 7, 7, 8, 8, 9, 9, 10, 10, 11, 11, 12, 12, 13, 13, 14, 13, 15, 15, 16, 6, 17, 17, 18, 18, 19, 19, 20, 20, 21, 17, 2, 20, 2, 10, 5, 14, 9]","[1, 0, 2, 1, 3, 2, 4, 3, 5, 4, 6, 5, 7, 6, 8, 7, 9, 8, 10, 9, 11, 10, 12, 11, 13, 12, 14, 13, 15, 13, 16, 15, 17, 6, 18, 17, 19, 18, 20, 19, 21, 20, 2, 17, 2, 20, 5, 10, 9, 14]",-5.363817292
23,52,"[1, 1, 1, 1, 1, 1, 1, 3, 1, 1, 1, 3, 1, 3, 1, 3, 1, 1, 1, 1, 1, 1, 1]","[1, 1, 1, 1, 1, 1, 1, 1, 2, 2, 1, 1, 1, 1, 1, 1, 1, 1, 1, 1, 1, 1, 1, 1, 1, 1, 1, 1, 1, 1, 1, 1, 1, 1, 1, 1, 1, 1, 1, 1, 2, 2, 1, 1, 1, 1, 1, 1, 1, 1, 1, 1]","[0, 1, 1, 2, 2, 3, 3, 4, 4, 5, 2, 6, 6, 7, 7, 8, 8, 9, 9, 10, 10, 11, 9, 12, 12, 13, 13, 14, 14, 15, 15, 16, 14, 17, 17, 18, 18, 19, 19, 20, 20, 21, 21, 22, 5, 0, 11, 6, 16, 9, 22, 17]","[1, 0, 2, 1, 3, 2, 4, 3, 5, 4, 6, 2, 7, 6, 8, 7, 9, 8, 10, 9, 11, 10, 12, 9, 13, 12, 14, 13, 15, 14, 16, 15, 17, 14, 18, 17, 19, 18, 20, 19, 21, 20, 22, 21, 0, 5, 6, 11, 9, 16, 17, 22]",-5.2397354439
17,36,"[1, 1, 1, 1, 1, 1, 1, 1, 1, 1, 1, 1, 1, 3, 1, 3, 1]","[1, 1, 1, 1, 1, 1, 1, 1, 1, 1, 1, 1, 2, 2, 1, 1, 1, 1, 1, 1, 1, 1, 1, 1, 1, 1, 1, 1, 2, 2, 1, 1, 1, 1, 1, 1]","[0, 1, 1, 2, 2, 3, 3, 4, 4, 5, 4, 6, 6, 7, 7, 8, 8, 9, 9, 10, 10, 11, 10, 12, 12, 13, 13, 14, 14, 15, 6, 16, 12, 1, 10, 4]","[1, 0, 2, 1, 3, 2, 4, 3, 5, 4, 6, 4, 7, 6, 8, 7, 9, 8, 10, 9, 11, 10, 12, 10, 13, 12, 14, 13, 15, 14, 16, 6, 1, 12, 4, 10]",-5.0311421132
21,48,"[1, 3, 1, 1, 1, 1, 1, 1, 1, 1, 1, 1, 1, 1, 1, 1, 1, 1, 1, 3, 1]","[1, 1, 1, 1, 2, 2, 1, 1, 1, 1, 2, 2, 1, 1, 1, 1, 1, 1, 1, 1, 1, 1, 1, 1, 1, 1, 1, 1, 1, 1, 1, 1, 1, 1, 1, 1, 2, 2, 1, 1, 1, 1, 1, 1, 1, 1, 1, 1]","[0, 1, 1, 2, 2, 3, 3, 4, 4, 5, 5, 6, 6, 7, 7, 8, 8, 9, 9, 10, 10, 11, 11, 12, 12, 13, 13, 14, 13, 15, 15, 16, 16, 17, 17, 18, 18, 19, 6, 20, 20, 2, 10, 5, 15, 9, 18, 13]","[1, 0, 2, 1, 3, 2, 4, 3, 5, 4, 6, 5, 7, 6, 8, 7, 9, 8, 10, 9, 11, 10, 12, 11, 13, 12, 14, 13, 15, 13, 16, 15, 17, 16, 18, 17, 19, 18, 20, 6, 2, 20, 5, 10, 9, 15, 13, 18]",-4.9798745042000006
23,50,"[1, 1, 1, 1, 1, 1, 1, 1, 1, 1, 1, 1, 3, 1, 1, 1, 1, 1, 3, 1, 1, 1, 3]","[1, 1, 1, 1, 1, 1, 1, 1, 2, 2, 1, 1, 1, 1, 1, 1, 1, 1, 3, 3, 3, 3, 1, 1, 1, 1, 3, 3, 3, 3, 3, 3, 1, 1, 2, 2, 1, 1, 1, 1, 1, 1, 2, 2, 1, 1, 1, 1, 3, 3]","[0, 1, 1, 2, 2, 3, 3, 4, 4, 5, 5, 6, 6, 7, 7, 8, 8, 9, 9, 10, 10, 11, 11, 12, 12, 13, 11, 14, 14, 15, 15, 16, 2, 17, 17, 18, 17, 19, 19, 20, 20, 21, 21, 22, 21, 2, 16, 5, 16, 9]","[1, 0, 2, 1, 3, 2, 4, 3, 5, 4, 6, 5, 7, 6, 8, 7, 9, 8, 10, 9, 11, 10, 12, 11, 13, 12, 14, 11, 15, 14, 16, 15, 17, 2, 18, 17, 19, 17, 20, 19, 21, 20, 22, 21, 2, 21, 5, 16, 9, 16]",-4.838817118500001
22,50,"[1, 1, 1, 1, 1, 1, 1, 1, 1, 1, 1, 1, 3, 1, 1, 1, 1, 1, 1, 1, 1, 3]","[1, 1, 1, 1, 1, 1, 1, 1, 1, 1, 2, 2, 1, 1, 1, 1, 1, 1, 3, 3, 3, 3, 1, 1, 1, 1, 3, 3, 3, 3, 3, 3, 1, 1, 1, 1, 1, 1, 1, 1, 2, 2, 1, 1, 1, 1, 1, 1, 3, 3]","[0, 1, 1, 2, 2, 3, 3, 4, 4, 5, 5, 6, 6, 7, 7, 8, 8, 9, 9, 10, 10, 11, 11, 12, 12, 13, 11, 14, 14, 15, 15, 16, 6, 17, 17, 18, 18, 19, 19, 20, 20, 21, 17, 2, 20, 2, 16, 5, 16, 9]","[1, 0, 2, 1, 3, 2, 4, 3, 5, 4, 6, 5, 7, 6, 8, 7, 9, 8, 10, 9, 11, 10, 12, 11, 13, 12, 14, 11, 15, 14, 16, 15, 17, 6, 18, 17, 19, 18, 20, 19, 21, 20, 2, 17, 2, 20, 5, 16, 9, 16]",-4.772922847
64,132,"[9, 9, 9, 44, 1, 1, 2, 2, 1, 3, 1, 2, 2, 1, 1, 3, 1, 1, 1, 1, 1, 1, 1, 1, 8, 3, 3, 3, 1, 1, 1, 1, 1, 1, 1, 1, 2, 2, 1, 3, 1, 2, 2, 1, 1, 3, 1, 1, 1, 1, 1, 1, 1, 1, 8, 3, 3, 3, 1, 1, 1, 1, 1, 1]","[1, 1, 3, 3, 3, 3, 3, 3, 1, 1, 3, 3, 1, 1, 2, 2, 1, 1, 3, 3, 1, 1, 3, 3, 3, 3, 3, 3, 3, 3, 3, 3, 3, 3, 3, 3, 3, 3, 1, 1, 1, 1, 2, 2, 2, 2, 1, 1, 3, 3, 3, 3, 3, 3, 3, 3, 3, 3, 1, 1, 3, 3, 3, 3, 3, 3, 1, 1, 3, 3, 1, 1, 2, 2, 1, 1, 3, 3, 1, 1, 3, 3, 3, 3, 3, 3, 3, 3, 3, 3, 3, 3, 3, 3, 3, 3, 1, 1, 1, 1, 2, 2, 2, 2, 1, 1, 3, 3, 3, 3, 3, 3, 3, 3, 3, 3, 3, 3, 3, 3, 3, 3, 3, 3, 3, 3, 3, 3, 3, 3, 3, 3]","[4, 5, 5, 6, 6, 7, 7, 8, 8, 9, 8, 10, 10, 11, 11, 12, 12, 13, 13, 14, 14, 15, 14, 16, 16, 17, 17, 18, 18, 19, 19, 20, 20, 21, 21, 22, 22, 23, 17, 24, 24, 25, 24, 26, 24, 27, 7, 28, 28, 29, 29, 30, 30, 31, 31, 32, 32, 33, 34, 35, 35, 36, 36, 37, 37, 38, 38, 39, 38, 40, 40, 41, 41, 42, 42, 43, 43, 44, 44, 45, 44, 46, 46, 47, 47, 48, 48, 49, 49, 50, 50, 51, 51, 52, 52, 53, 47, 54, 54, 55, 54, 56, 54, 57, 37, 58, 58, 59, 59, 60, 60, 61, 61, 62, 62, 63, 10, 5, 23, 13, 23, 18, 33, 28, 40, 35, 53, 43, 53, 48, 63, 58]","[5, 4, 6, 5, 7, 6, 8, 7, 9, 8, 10, 8, 11, 10, 12, 11, 13, 12, 14, 13, 15, 14, 16, 14, 17, 16, 18, 17, 19, 18, 20, 19, 21, 20, 22, 21, 23, 22, 24, 17, 25, 24, 26, 24, 27, 24, 28, 7, 29, 28, 30, 29, 31, 30, 32, 31, 33, 32, 35, 34, 36, 35, 37, 36, 38, 37, 39, 38, 40, 38, 41, 40, 42, 41, 43, 42, 44, 43, 45, 44, 46, 44, 47, 46, 48, 47, 49, 48, 50, 49, 51, 50, 52, 51, 53, 52, 54, 47, 55, 54, 56, 54, 57, 54, 58, 37, 59, 58, 60, 59, 61, 60, 62, 61, 63, 62, 5, 10, 13, 23, 18, 23, 28, 33, 35, 40, 43, 53, 48, 53, 58, 63]",-1.2121028981
21,46,"[3, 2, 1, 1, 3, 2, 1, 1, 1, 1, 1, 1, 1, 1, 1, 1, 1, 1, 1, 4, 4]","[1, 1, 1, 1, 1, 1, 2, 2, 1, 1, 2, 2, 3, 3, 3, 3, 3, 3, 3, 3, 3, 3, 2, 2, 1, 1, 3, 3, 3, 3, 3, 3, 3, 3, 3, 3, 1, 1, 1, 1, 1, 1, 3, 3, 3, 3]","[0, 1, 1, 2, 2, 3, 3, 4, 3, 5, 5, 6, 6, 7, 7, 8, 8, 9, 9, 10, 10, 11, 11, 12, 12, 13, 13, 14, 14, 15, 15, 16, 16, 17, 17, 18, 18, 19, 9, 20, 12, 1, 11, 6, 18, 13]","[1, 0, 2, 1, 3, 2, 4, 3, 5, 3, 6, 5, 7, 6, 8, 7, 9, 8, 10, 9, 11, 10, 12, 11, 13, 12, 14, 13, 15, 14, 16, 15, 17, 16, 18, 17, 19, 18, 20, 9, 1, 12, 6, 11, 13, 18]",-4.4653328209
36,80,"[1, 1, 3, 1, 3, 1, 2, 2, 1, 1, 1, 1, 3, 1, 1, 1, 1, 1, 3, 2, 1, 1, 1, 1, 1, 1, 1, 1, 1, 2, 1, 1, 1, 1, 1, 3]","[1, 1, 1, 1, 1, 1, 2, 2, 1, 1, 3, 3, 3, 3, 1, 1, 3, 3, 3, 3, 3, 3, 1, 1, 1, 1, 3, 3, 3, 3, 3, 3, 1, 1, 2, 2, 1, 1, 1, 1, 1, 1, 1, 1, 1, 1, 3, 3, 3, 3, 3, 3, 3, 3, 3, 3, 1, 1, 1, 1, 1, 1, 1, 1, 1, 1, 1, 1, 2, 2, 3, 3, 3, 3, 3, 3, 3, 3, 1, 1]","[0, 1, 1, 2, 2, 3, 3, 4, 3, 5, 5, 6, 6, 7, 7, 8, 8, 9, 9, 10, 10, 11, 11, 12, 12, 13, 11, 14, 14, 15, 7, 16, 16, 17, 17, 18, 17, 19, 19, 20, 20, 21, 21, 22, 19, 23, 23, 24, 24, 25, 25, 26, 26, 27, 27, 28, 26, 29, 29, 30, 30, 31, 31, 32, 32, 33, 33, 34, 34, 35, 22, 5, 15, 8, 22, 16, 28, 23, 34, 29]","[1, 0, 2, 1, 3, 2, 4, 3, 5, 3, 6, 5, 7, 6, 8, 7, 9, 8, 10, 9, 11, 10, 12, 11, 13, 12, 14, 11, 15, 14, 16, 7, 17, 16, 18, 17, 19, 17, 20, 19, 21, 20, 22, 21, 23, 19, 24, 23, 25, 24, 26, 25, 27, 26, 28, 27, 29, 26, 30, 29, 31, 30, 32, 31, 33, 32, 34, 33, 35, 34, 5, 22, 8, 15, 16, 22, 23, 28, 29, 34]",-4.6282058436
38,82,"[1, 1, 3, 1, 3, 1, 1, 1, 3, 1, 1, 2, 1, 3, 1, 1, 1, 1, 1, 1, 1, 3, 2, 1, 1, 1, 1, 1, 1, 1, 1, 1, 4, 1, 3, 3, 1, 1]","[1, 1, 1, 1, 1, 1, 2, 2, 1, 1, 2, 2, 1, 1, 1, 1, 1, 1, 1, 1, 1, 1, 1, 1, 2, 2, 1, 1, 3, 3, 3, 3, 3, 3, 3, 3, 3, 3, 1, 1, 2, 2, 1, 1, 1, 1, 2, 2, 1, 1, 1, 1, 3, 3, 3, 3, 3, 3, 3, 3, 3, 3, 1, 1, 1, 1, 2, 2, 1, 1, 1, 1, 1, 1, 1, 1, 1, 1, 3, 3, 3, 3]","[0, 1, 1, 2, 2, 3, 3, 4, 3, 5, 5, 6, 6, 7, 7, 8, 8, 9, 9, 10, 10, 11, 11, 12, 12, 13, 12, 14, 14, 15, 15, 16, 16, 17, 17, 18, 18, 19, 19, 20, 20, 21, 6, 22, 22, 23, 23, 24, 24, 25, 25, 26, 26, 27, 27, 28, 28, 29, 29, 30, 30, 31, 31, 32, 24, 33, 33, 34, 33, 35, 35, 36, 23, 37, 25, 5, 20, 11, 19, 14, 31, 26]","[1, 0, 2, 1, 3, 2, 4, 3, 5, 3, 6, 5, 7, 6, 8, 7, 9, 8, 10, 9, 11, 10, 12, 11, 13, 12, 14, 12, 15, 14, 16, 15, 17, 16, 18, 17, 19, 18, 20, 19, 21, 20, 22, 6, 23, 22, 24, 23, 25, 24, 26, 25, 27, 26, 28, 27, 29, 28, 30, 29, 31, 30, 32, 31, 33, 24, 34, 33, 35, 33, 36, 35, 37, 23, 5, 25, 11, 20, 14, 19, 26, 31]",-4.5011269518
60,126,"[1, 2, 1, 1, 1, 1, 1, 1, 1, 1, 1, 3, 1, 3, 1, 1, 1, 1, 1, 3, 3, 1, 1, 1, 1, 1, 2, 1, 1, 1, 1, 1, 1, 3, 3, 1, 1, 1, 1, 1, 2, 1, 1, 1, 1, 1, 1, 3, 3, 1, 1, 1, 1, 1, 2, 1, 1, 1, 1, 1]","[1, 1, 1, 1, 1, 1, 1, 1, 1, 1, 1, 1, 1, 1, 1, 1, 1, 1, 1, 1, 1, 1, 1, 1, 2, 2, 1, 1, 1, 1, 1, 1, 1, 1, 1, 1, 2, 2, 1, 1, 1, 1, 1, 1, 1, 1, 1, 1, 1, 1, 1, 1, 1, 1, 1, 1, 1, 1, 1, 1, 1, 1, 1, 1, 2, 2, 1, 1, 1, 1, 1, 1, 1, 1, 1, 1, 1, 1, 1, 1, 1, 1, 1, 1, 1, 1, 1, 1, 1, 1, 1, 1, 2, 2, 1, 1, 1, 1, 1, 1, 1, 1, 1, 1, 1, 1, 1, 1, 1, 1, 1, 1, 1, 1, 1, 1, 1, 1, 1, 1, 1, 1, 1, 1, 1, 1]","[0, 1, 1, 2, 2, 3, 2, 4, 2, 5, 5, 6, 6, 7, 7, 8, 8, 9, 8, 10, 6, 11, 11, 12, 12, 13, 12, 14, 14, 15, 15, 16, 16, 17, 17, 18, 18, 19, 18, 20, 20, 21, 21, 22, 22, 23, 23, 24, 23, 25, 23, 26, 26, 27, 26, 28, 28, 29, 28, 30, 28, 31, 16, 32, 32, 33, 32, 34, 34, 35, 35, 36, 36, 37, 37, 38, 37, 39, 37, 40, 40, 41, 40, 42, 42, 43, 42, 44, 42, 45, 15, 46, 46, 47, 46, 48, 48, 49, 49, 50, 50, 51, 51, 52, 51, 53, 51, 54, 54, 55, 54, 56, 56, 57, 56, 58, 56, 59, 8, 1, 31, 21, 45, 35, 59, 49]","[1, 0, 2, 1, 3, 2, 4, 2, 5, 2, 6, 5, 7, 6, 8, 7, 9, 8, 10, 8, 11, 6, 12, 11, 13, 12, 14, 12, 15, 14, 16, 15, 17, 16, 18, 17, 19, 18, 20, 18, 21, 20, 22, 21, 23, 22, 24, 23, 25, 23, 26, 23, 27, 26, 28, 26, 29, 28, 30, 28, 31, 28, 32, 16, 33, 32, 34, 32, 35, 34, 36, 35, 37, 36, 38, 37, 39, 37, 40, 37, 41, 40, 42, 40, 43, 42, 44, 42, 45, 42, 46, 15, 47, 46, 48, 46, 49, 48, 50, 49, 51, 50, 52, 51, 53, 51, 54, 51, 55, 54, 56, 54, 57, 56, 58, 56, 59, 56, 1, 8, 21, 31, 35, 45, 49, 59]",-4.672731896
8,16,"[1, 1, 1, 1, 1, 1, 1, 1]","[1, 1, 1, 1, 1, 1, 1, 1, 2, 2, 1, 1, 1, 1, 1, 1]","[0, 1, 1, 2, 2, 3, 3, 4, 4, 5, 5, 6, 6, 7, 7, 0]","[1, 0, 2, 1, 3, 2, 4, 3, 5, 4, 6, 5, 7, 6, 0, 7]",-3.770339988
25,58,"[1, 1, 1, 1, 1, 3, 1, 1, 1, 1, 1, 1, 1, 1, 1, 1, 1, 1, 1, 1, 1, 1, 1, 3, 3]","[1, 1, 1, 1, 1, 1, 1, 1, 2, 2, 1, 1, 2, 2, 1, 1, 2, 2, 1, 1, 1, 1, 1, 1, 1, 1, 1, 1, 1, 1, 1, 1, 1, 1, 1, 1, 1, 1, 1, 1, 1, 1, 1, 1, 2, 2, 1, 1, 1, 1, 1, 1, 1, 1, 1, 1, 1, 1]","[0, 1, 1, 2, 2, 3, 3, 4, 4, 5, 4, 6, 6, 7, 7, 8, 8, 9, 9, 10, 10, 11, 11, 12, 12, 13, 13, 14, 14, 15, 14, 16, 16, 17, 17, 18, 18, 19, 19, 20, 20, 21, 21, 22, 22, 23, 22, 24, 7, 1, 11, 1, 16, 10, 19, 14, 24, 19]","[1, 0, 2, 1, 3, 2, 4, 3, 5, 4, 6, 4, 7, 6, 8, 7, 9, 8, 10, 9, 11, 10, 12, 11, 13, 12, 14, 13, 15, 14, 16, 14, 17, 16, 18, 17, 19, 18, 20, 19, 21, 20, 22, 21, 23, 22, 24, 22, 1, 7, 1, 11, 10, 16, 14, 19, 19, 24]",-4.1007061575
20,40,"[1, 1, 1, 1, 1, 1, 1, 1, 1, 1, 1, 1, 8, 8, 1, 2, 2, 1, 8, 8]","[1, 1, 1, 1, 1, 1, 1, 1, 1, 1, 1, 1, 1, 1, 1, 1, 1, 1, 1, 1, 1, 1, 1, 1, 1, 1, 1, 1, 3, 3, 3, 3, 3, 3, 2, 2, 3, 3, 3, 3]","[0, 1, 1, 2, 2, 3, 3, 4, 4, 5, 5, 6, 6, 7, 7, 8, 8, 9, 9, 10, 9, 11, 9, 12, 12, 13, 13, 14, 14, 15, 15, 16, 16, 17, 17, 18, 17, 19, 19, 14]","[1, 0, 2, 1, 3, 2, 4, 3, 5, 4, 6, 5, 7, 6, 8, 7, 9, 8, 10, 9, 11, 9, 12, 9, 13, 12, 14, 13, 15, 14, 16, 15, 17, 16, 18, 17, 19, 17, 14, 19]",-3.9885639112
18,38,"[1, 1, 1, 1, 1, 1, 1, 1, 2, 1, 3, 1, 2, 1, 1, 2, 1, 1]","[1, 1, 3, 3, 3, 3, 3, 3, 3, 3, 1, 1, 3, 3, 1, 1, 1, 1, 2, 2, 1, 1, 1, 1, 1, 1, 1, 1, 1, 1, 1, 1, 1, 1, 3, 3, 1, 1]","[0, 1, 1, 2, 2, 3, 3, 4, 4, 5, 5, 6, 5, 7, 7, 8, 8, 9, 9, 10, 9, 11, 11, 12, 12, 13, 13, 14, 14, 15, 15, 16, 16, 17, 7, 1, 17, 12]","[1, 0, 2, 1, 3, 2, 4, 3, 5, 4, 6, 5, 7, 5, 8, 7, 9, 8, 10, 9, 11, 9, 12, 11, 13, 12, 14, 13, 15, 14, 16, 15, 17, 16, 1, 7, 12, 17]",0.4432827885
57,118,"[9, 9, 44, 1, 1, 2, 2, 1, 3, 1, 2, 2, 1, 1, 1, 1, 1, 1, 3, 8, 3, 3, 3, 1, 1, 1, 1, 1, 1, 3, 1, 1, 1, 1, 1, 1, 2, 2, 1, 1, 3, 1, 1, 1, 1, 1, 1, 1, 1, 2, 2, 1, 1, 1, 1, 1, 1]","[1, 1, 3, 3, 3, 3, 3, 3, 1, 1, 3, 3, 1, 1, 2, 2, 1, 1, 3, 3, 3, 3, 3, 3, 3, 3, 3, 3, 1, 1, 1, 1, 1, 1, 2, 2, 2, 2, 1, 1, 3, 3, 3, 3, 3, 3, 3, 3, 3, 3, 1, 1, 3, 3, 3, 3, 3, 3, 3, 3, 3, 3, 1, 1, 2, 2, 1, 1, 3, 3, 1, 1, 3, 3, 3, 3, 3, 3, 3, 3, 3, 3, 3, 3, 3, 3, 3, 3, 1, 1, 2, 2, 1, 1, 3, 3, 3, 3, 3, 3, 3, 3, 3, 3, 3, 3, 3, 3, 3, 3, 3, 3, 3, 3, 3, 3, 3, 3]","[3, 4, 4, 5, 5, 6, 6, 7, 7, 8, 7, 9, 9, 10, 10, 11, 11, 12, 12, 13, 13, 14, 14, 15, 15, 16, 16, 17, 17, 18, 14, 19, 19, 20, 19, 21, 19, 22, 6, 23, 23, 24, 24, 25, 25, 26, 26, 27, 27, 28, 29, 30, 30, 31, 31, 32, 32, 33, 33, 34, 34, 35, 35, 36, 36, 37, 37, 38, 38, 39, 39, 40, 39, 41, 41, 42, 42, 43, 43, 44, 44, 45, 45, 46, 46, 47, 47, 48, 33, 49, 49, 50, 50, 51, 51, 52, 52, 53, 53, 54, 54, 55, 55, 56, 9, 4, 17, 12, 28, 23, 35, 30, 48, 38, 48, 43, 56, 51]","[4, 3, 5, 4, 6, 5, 7, 6, 8, 7, 9, 7, 10, 9, 11, 10, 12, 11, 13, 12, 14, 13, 15, 14, 16, 15, 17, 16, 18, 17, 19, 14, 20, 19, 21, 19, 22, 19, 23, 6, 24, 23, 25, 24, 26, 25, 27, 26, 28, 27, 30, 29, 31, 30, 32, 31, 33, 32, 34, 33, 35, 34, 36, 35, 37, 36, 38, 37, 39, 38, 40, 39, 41, 39, 42, 41, 43, 42, 44, 43, 45, 44, 46, 45, 47, 46, 48, 47, 49, 33, 50, 49, 51, 50, 52, 51, 53, 52, 54, 53, 55, 54, 56, 55, 4, 9, 12, 17, 23, 28, 30, 35, 38, 48, 43, 48, 51, 56]",-2.6916066775
15,32,"[8, 1, 8, 2, 1, 1, 3, 1, 1, 2, 1, 1, 3, 1, 1]","[2, 2, 1, 1, 1, 1, 1, 1, 1, 1, 1, 1, 1, 1, 1, 1, 1, 1, 1, 1, 1, 1, 1, 1, 1, 1, 1, 1, 1, 1, 1, 1]","[0, 1, 1, 2, 2, 3, 3, 4, 4, 5, 5, 6, 6, 7, 7, 8, 1, 9, 9, 10, 10, 11, 11, 12, 12, 13, 13, 14, 8, 3, 14, 9]","[1, 0, 2, 1, 3, 2, 4, 3, 5, 4, 6, 5, 7, 6, 8, 7, 9, 1, 10, 9, 11, 10, 12, 11, 13, 12, 14, 13, 3, 8, 9, 14]",-3.2913006621
14,30,"[1, 1, 2, 1, 1, 3, 8, 8, 2, 1, 1, 3, 1, 1]","[1, 1, 1, 1, 1, 1, 1, 1, 1, 1, 1, 1, 1, 1, 1, 1, 1, 1, 1, 1, 1, 1, 1, 1, 1, 1, 1, 1, 1, 1]","[0, 1, 1, 2, 2, 3, 3, 4, 4, 5, 2, 6, 6, 7, 7, 8, 8, 9, 9, 10, 10, 11, 11, 12, 12, 13, 5, 0, 13, 8]","[1, 0, 2, 1, 3, 2, 4, 3, 5, 4, 6, 2, 7, 6, 8, 7, 9, 8, 10, 9, 11, 10, 12, 11, 13, 12, 0, 5, 8, 13]",-3.2596343038
66,142,"[9, 9, 3, 8, 3, 3, 1, 1, 1, 2, 1, 2, 1, 2, 1, 1, 1, 1, 1, 1, 2, 1, 2, 1, 1, 1, 1, 1, 1, 2, 1, 1, 1, 1, 1, 1, 1, 1, 1, 2, 1, 2, 1, 2, 1, 1, 1, 1, 1, 1, 2, 1, 2, 1, 1, 1, 1, 1, 1, 2, 1, 1, 8, 3, 3, 3]","[1, 1, 2, 2, 2, 2, 1, 1, 3, 3, 3, 3, 1, 1, 1, 1, 3, 3, 3, 3, 1, 1, 1, 1, 3, 3, 3, 3, 3, 3, 3, 3, 3, 3, 3, 3, 3, 3, 1, 1, 1, 1, 3, 3, 3, 3, 3, 3, 3, 3, 3, 3, 3, 3, 3, 3, 3, 3, 3, 3, 1, 1, 2, 2, 1, 1, 3, 3, 3, 3, 3, 3, 1, 1, 1, 1, 3, 3, 3, 3, 1, 1, 1, 1, 3, 3, 3, 3, 3, 3, 3, 3, 3, 3, 3, 3, 3, 3, 1, 1, 1, 1, 3, 3, 3, 3, 3, 3, 3, 3, 3, 3, 3, 3, 3, 3, 3, 3, 1, 1, 1, 1, 2, 2, 2, 2, 3, 3, 3, 3, 3, 3, 3, 3, 3, 3, 3, 3, 3, 3, 3, 3]","[2, 3, 3, 4, 3, 5, 3, 6, 6, 7, 7, 8, 8, 9, 9, 10, 10, 11, 11, 12, 12, 13, 13, 14, 14, 15, 15, 16, 16, 17, 17, 18, 18, 19, 12, 20, 20, 21, 21, 22, 22, 23, 23, 24, 24, 25, 25, 26, 26, 27, 27, 28, 21, 29, 8, 30, 30, 31, 31, 32, 32, 33, 33, 34, 34, 35, 35, 36, 36, 37, 37, 38, 38, 39, 39, 40, 40, 41, 41, 42, 42, 43, 43, 44, 44, 45, 45, 46, 46, 47, 47, 48, 48, 49, 42, 50, 50, 51, 51, 52, 52, 53, 53, 54, 54, 55, 55, 56, 56, 57, 57, 58, 51, 59, 38, 60, 60, 61, 61, 62, 62, 63, 62, 64, 62, 65, 32, 6, 29, 10, 19, 14, 28, 23, 61, 35, 59, 40, 49, 44, 58, 53]","[3, 2, 4, 3, 5, 3, 6, 3, 7, 6, 8, 7, 9, 8, 10, 9, 11, 10, 12, 11, 13, 12, 14, 13, 15, 14, 16, 15, 17, 16, 18, 17, 19, 18, 20, 12, 21, 20, 22, 21, 23, 22, 24, 23, 25, 24, 26, 25, 27, 26, 28, 27, 29, 21, 30, 8, 31, 30, 32, 31, 33, 32, 34, 33, 35, 34, 36, 35, 37, 36, 38, 37, 39, 38, 40, 39, 41, 40, 42, 41, 43, 42, 44, 43, 45, 44, 46, 45, 47, 46, 48, 47, 49, 48, 50, 42, 51, 50, 52, 51, 53, 52, 54, 53, 55, 54, 56, 55, 57, 56, 58, 57, 59, 51, 60, 38, 61, 60, 62, 61, 63, 62, 64, 62, 65, 62, 6, 32, 10, 29, 14, 19, 23, 28, 35, 61, 40, 59, 44, 49, 53, 58]",-3.8255874528
6,14,"[3, 7, 3, 16, 3, 3]","[2, 2, 1, 1, 1, 1, 1, 1, 1, 1, 1, 1, 1, 1]","[0, 1, 1, 2, 2, 3, 3, 4, 3, 5, 4, 1, 5, 1]","[1, 0, 2, 1, 3, 2, 4, 3, 5, 3, 1, 4, 1, 5]",-2.8690757364
14,30,"[1, 1, 1, 2, 1, 8, 1, 1, 2, 1, 3, 1, 3, 3]","[1, 1, 2, 2, 1, 1, 1, 1, 1, 1, 1, 1, 1, 1, 1, 1, 1, 1, 2, 2, 1, 1, 1, 1, 2, 2, 1, 1, 1, 1]","[0, 1, 1, 2, 2, 3, 3, 4, 4, 5, 5, 6, 4, 7, 7, 8, 7, 9, 9, 10, 2, 11, 11, 12, 11, 13, 6, 1, 9, 3]","[1, 0, 2, 1, 3, 2, 4, 3, 5, 4, 6, 5, 7, 4, 8, 7, 9, 7, 10, 9, 11, 2, 12, 11, 13, 11, 1, 6, 3, 9]",-3.0453554133
17,36,"[1, 1, 1, 1, 3, 1, 3, 1, 1, 1, 1, 1, 1, 1, 3, 3, 1]","[1, 1, 1, 1, 1, 1, 1, 1, 1, 1, 2, 2, 1, 1, 1, 1, 1, 1, 2, 2, 1, 1, 1, 1, 1, 1, 2, 2, 1, 1, 1, 1, 1, 1, 1, 1]","[0, 1, 1, 2, 1, 3, 3, 4, 4, 5, 5, 6, 5, 7, 7, 8, 8, 9, 9, 10, 10, 11, 11, 12, 12, 13, 13, 14, 13, 15, 15, 16, 16, 1, 12, 7]","[1, 0, 2, 1, 3, 1, 4, 3, 5, 4, 6, 5, 7, 5, 8, 7, 9, 8, 10, 9, 11, 10, 12, 11, 13, 12, 14, 13, 15, 13, 16, 15, 1, 16, 7, 12]",-3.0041810563
19,42,"[3, 8, 3, 3, 1, 1, 1, 1, 2, 1, 2, 1, 1, 1, 1, 1, 1, 1, 1]","[1, 1, 2, 2, 2, 2, 1, 1, 3, 3, 3, 3, 3, 3, 3, 3, 3, 3, 3, 3, 3, 3, 3, 3, 1, 1, 3, 3, 3, 3, 3, 3, 3, 3, 3, 3, 3, 3, 3, 3, 3, 3]","[0, 1, 1, 2, 1, 3, 1, 4, 4, 5, 5, 6, 6, 7, 7, 8, 8, 9, 9, 10, 10, 11, 11, 12, 9, 13, 13, 14, 14, 15, 15, 16, 16, 17, 17, 18, 12, 4, 11, 7, 18, 13]","[1, 0, 2, 1, 3, 1, 4, 1, 5, 4, 6, 5, 7, 6, 8, 7, 9, 8, 10, 9, 11, 10, 12, 11, 13, 9, 14, 13, 15, 14, 16, 15, 17, 16, 18, 17, 4, 12, 7, 11, 13, 18]",-2.9611061362
33,64,"[1, 1, 1, 1, 1, 1, 1, 1, 1, 1, 1, 1, 1, 1, 1, 1, 1, 1, 1, 1, 1, 1, 1, 1, 1, 1, 1, 1, 1, 1, 1, 1, 1]","[1, 1, 1, 1, 1, 1, 1, 1, 1, 1, 1, 1, 3, 3, 3, 3, 3, 3, 3, 3, 3, 3, 1, 1, 3, 3, 3, 3, 3, 3, 3, 3, 3, 3, 1, 1, 3, 3, 3, 3, 3, 3, 3, 3, 1, 1, 3, 3, 1, 1, 1, 1, 1, 1, 1, 1, 3, 3, 3, 3, 3, 3, 1, 1]","[0, 1, 1, 2, 2, 3, 3, 4, 5, 6, 6, 7, 7, 8, 8, 9, 9, 10, 10, 11, 11, 12, 13, 14, 14, 15, 15, 16, 16, 17, 17, 18, 18, 19, 20, 21, 21, 22, 22, 23, 23, 24, 24, 25, 25, 26, 25, 27, 28, 29, 29, 30, 30, 31, 31, 32, 12, 7, 19, 14, 27, 21, 32, 28]","[1, 0, 2, 1, 3, 2, 4, 3, 6, 5, 7, 6, 8, 7, 9, 8, 10, 9, 11, 10, 12, 11, 14, 13, 15, 14, 16, 15, 17, 16, 18, 17, 19, 18, 21, 20, 22, 21, 23, 22, 24, 23, 25, 24, 26, 25, 27, 25, 29, 28, 30, 29, 31, 30, 32, 31, 7, 12, 14, 19, 21, 27, 28, 32]",-3.1729559438
79,166,"[1, 1, 1, 1, 1, 1, 1, 1, 1, 1, 1, 1, 1, 1, 1, 1, 1, 1, 1, 1, 1, 1, 1, 1, 1, 1, 1, 1, 1, 1, 1, 1, 1, 1, 1, 1, 1, 1, 1, 1, 1, 1, 1, 1, 1, 1, 1, 1, 1, 1, 1, 1, 1, 1, 1, 1, 1, 1, 1, 1, 1, 1, 1, 1, 1, 1, 1, 1, 1, 1, 1, 1, 1, 1, 1, 1, 1, 1, 1]","[1, 1, 1, 1, 3, 3, 3, 3, 3, 3, 1, 1, 1, 1, 3, 3, 3, 3, 1, 1, 1, 1, 1, 1, 3, 3, 3, 3, 3, 3, 3, 3, 3, 3, 1, 1, 3, 3, 3, 3, 3, 3, 3, 3, 3, 3, 1, 1, 3, 3, 3, 3, 1, 1, 3, 3, 3, 3, 1, 1, 3, 3, 1, 1, 1, 1, 1, 1, 3, 3, 3, 3, 3, 3, 3, 3, 3, 3, 1, 1, 1, 1, 1, 1, 3, 3, 3, 3, 3, 3, 3, 3, 3, 3, 1, 1, 1, 1, 2, 2, 1, 1, 3, 3, 3, 3, 3, 3, 3, 3, 3, 3, 3, 3, 3, 3, 3, 3, 3, 3, 3, 3, 3, 3, 3, 3, 3, 3, 3, 3, 3, 3, 3, 3, 3, 3, 3, 3, 3, 3, 3, 3, 3, 3, 3, 3, 3, 3, 1, 1, 3, 3, 1, 1, 3, 3, 1, 1, 3, 3, 3, 3, 3, 3, 3, 3]","[0, 1, 1, 2, 2, 3, 3, 4, 4, 5, 5, 6, 6, 7, 5, 8, 8, 9, 10, 11, 11, 12, 11, 13, 13, 14, 14, 15, 15, 16, 16, 17, 17, 18, 19, 20, 20, 21, 21, 22, 22, 23, 23, 24, 24, 25, 26, 27, 27, 28, 28, 29, 29, 30, 29, 31, 31, 32, 32, 33, 32, 34, 35, 36, 36, 37, 37, 38, 38, 39, 39, 40, 40, 41, 41, 42, 42, 43, 43, 44, 45, 46, 46, 47, 47, 48, 48, 49, 49, 50, 50, 51, 51, 52, 52, 53, 54, 55, 55, 56, 56, 57, 57, 58, 58, 59, 59, 60, 60, 61, 61, 62, 63, 64, 64, 65, 65, 66, 66, 67, 67, 68, 69, 70, 70, 71, 71, 72, 72, 73, 73, 74, 74, 75, 75, 76, 76, 77, 77, 78, 9, 2, 18, 13, 25, 20, 34, 27, 44, 35, 43, 38, 53, 45, 52, 47, 62, 54, 62, 57, 68, 63, 78, 69, 77, 72]","[1, 0, 2, 1, 3, 2, 4, 3, 5, 4, 6, 5, 7, 6, 8, 5, 9, 8, 11, 10, 12, 11, 13, 11, 14, 13, 15, 14, 16, 15, 17, 16, 18, 17, 20, 19, 21, 20, 22, 21, 23, 22, 24, 23, 25, 24, 27, 26, 28, 27, 29, 28, 30, 29, 31, 29, 32, 31, 33, 32, 34, 32, 36, 35, 37, 36, 38, 37, 39, 38, 40, 39, 41, 40, 42, 41, 43, 42, 44, 43, 46, 45, 47, 46, 48, 47, 49, 48, 50, 49, 51, 50, 52, 51, 53, 52, 55, 54, 56, 55, 57, 56, 58, 57, 59, 58, 60, 59, 61, 60, 62, 61, 64, 63, 65, 64, 66, 65, 67, 66, 68, 67, 70, 69, 71, 70, 72, 71, 73, 72, 74, 73, 75, 74, 76, 75, 77, 76, 78, 77, 2, 9, 13, 18, 20, 25, 27, 34, 35, 44, 38, 43, 45, 53, 47, 52, 54, 62, 57, 62, 63, 68, 69, 78, 72, 77]",-3.5397404208
21,46,"[6, 1, 1, 1, 1, 1, 1, 1, 2, 1, 1, 2, 1, 1, 1, 1, 1, 1, 6, 1, 1]","[1, 1, 3, 3, 3, 3, 3, 3, 3, 3, 3, 3, 1, 1, 1, 1, 1, 1, 1, 1, 1, 1, 1, 1, 1, 1, 1, 1, 3, 3, 3, 3, 3, 3, 1, 1, 3, 3, 3, 3, 3, 3, 1, 1, 3, 3]","[0, 1, 1, 2, 2, 3, 3, 4, 4, 5, 5, 6, 4, 7, 7, 8, 8, 9, 9, 10, 10, 11, 11, 12, 12, 13, 7, 14, 14, 15, 15, 16, 16, 17, 17, 18, 17, 19, 19, 20, 6, 1, 13, 8, 20, 14]","[1, 0, 2, 1, 3, 2, 4, 3, 5, 4, 6, 5, 7, 4, 8, 7, 9, 8, 10, 9, 11, 10, 12, 11, 13, 12, 14, 7, 15, 14, 16, 15, 17, 16, 18, 17, 19, 17, 20, 19, 1, 6, 8, 13, 14, 20]",-2.8786010762
43,92,"[1, 3, 1, 1, 1, 1, 1, 1, 1, 3, 1, 1, 3, 1, 1, 3, 1, 3, 1, 1, 3, 1, 3, 1, 3, 1, 3, 1, 3, 1, 1, 1, 3, 1, 3, 1, 3, 1, 1, 3, 1, 1, 3]","[1, 1, 1, 1, 3, 3, 3, 3, 3, 3, 1, 1, 1, 1, 1, 1, 2, 2, 1, 1, 3, 3, 1, 1, 3, 3, 3, 3, 1, 1, 1, 1, 1, 1, 1, 1, 1, 1, 1, 1, 1, 1, 1, 1, 1, 1, 1, 1, 1, 1, 1, 1, 1, 1, 1, 1, 1, 1, 1, 1, 1, 1, 1, 1, 1, 1, 1, 1, 1, 1, 1, 1, 3, 3, 3, 3, 1, 1, 3, 3, 3, 3, 1, 1, 3, 3, 3, 3, 1, 1, 1, 1]","[0, 1, 1, 2, 2, 3, 3, 4, 4, 5, 5, 6, 6, 7, 7, 8, 8, 9, 8, 10, 10, 11, 11, 12, 11, 13, 13, 14, 14, 15, 15, 16, 16, 17, 17, 18, 18, 19, 19, 20, 18, 21, 21, 22, 21, 23, 23, 24, 23, 25, 25, 26, 26, 27, 27, 28, 28, 29, 29, 30, 29, 31, 31, 32, 31, 33, 33, 34, 33, 35, 35, 36, 14, 37, 37, 38, 38, 39, 5, 40, 40, 41, 41, 42, 41, 2, 38, 10, 25, 16, 35, 27]","[1, 0, 2, 1, 3, 2, 4, 3, 5, 4, 6, 5, 7, 6, 8, 7, 9, 8, 10, 8, 11, 10, 12, 11, 13, 11, 14, 13, 15, 14, 16, 15, 17, 16, 18, 17, 19, 18, 20, 19, 21, 18, 22, 21, 23, 21, 24, 23, 25, 23, 26, 25, 27, 26, 28, 27, 29, 28, 30, 29, 31, 29, 32, 31, 33, 31, 34, 33, 35, 33, 36, 35, 37, 14, 38, 37, 39, 38, 40, 5, 41, 40, 42, 41, 2, 41, 10, 38, 16, 25, 27, 35]",-3.1851035311
15,32,"[1, 1, 2, 1, 1, 1, 1, 1, 1, 1, 1, 1, 1, 3, 3]","[1, 1, 2, 2, 1, 1, 3, 3, 3, 3, 3, 3, 3, 3, 3, 3, 1, 1, 1, 1, 1, 1, 1, 1, 1, 1, 2, 2, 1, 1, 3, 3]","[0, 1, 1, 2, 2, 3, 3, 4, 4, 5, 5, 6, 6, 7, 7, 8, 8, 9, 9, 10, 9, 11, 6, 12, 12, 13, 12, 14, 9, 1, 8, 3]","[1, 0, 2, 1, 3, 2, 4, 3, 5, 4, 6, 5, 7, 6, 8, 7, 9, 8, 10, 9, 11, 9, 12, 6, 13, 12, 14, 12, 1, 9, 3, 8]",-2.6625890537
11,22,"[1, 1, 1, 1, 1, 1, 1, 1, 1, 1, 3]","[1, 1, 1, 1, 2, 2, 1, 1, 1, 1, 1, 1, 2, 2, 1, 1, 1, 1, 1, 1, 1, 1]","[0, 1, 1, 2, 1, 3, 3, 4, 4, 5, 5, 6, 6, 7, 6, 8, 8, 9, 9, 10, 10, 4]","[1, 0, 2, 1, 3, 1, 4, 3, 5, 4, 6, 5, 7, 6, 8, 6, 9, 8, 10, 9, 4, 10]",-2.5104223592
12,26,"[1, 1, 1, 1, 2, 1, 1, 1, 1, 1, 1, 1]","[1, 1, 1, 1, 1, 1, 1, 1, 1, 1, 1, 1, 1, 1, 1, 1, 1, 1, 1, 1, 1, 1, 1, 1, 1, 1]","[0, 1, 1, 2, 2, 3, 3, 4, 2, 5, 5, 6, 6, 7, 7, 8, 8, 9, 9, 10, 9, 11, 8, 1, 9, 6]","[1, 0, 2, 1, 3, 2, 4, 3, 5, 2, 6, 5, 7, 6, 8, 7, 9, 8, 10, 9, 11, 9, 1, 8, 6, 9]",-2.5159153811
20,44,"[1, 1, 2, 1, 1, 1, 1, 1, 1, 1, 1, 1, 1, 1, 2, 1, 1, 3, 1, 1]","[1, 1, 1, 1, 1, 1, 3, 3, 3, 3, 3, 3, 3, 3, 3, 3, 3, 3, 3, 3, 3, 3, 3, 3, 1, 1, 1, 1, 1, 1, 1, 1, 1, 1, 1, 1, 1, 1, 3, 3, 3, 3, 1, 1]","[0, 1, 1, 2, 2, 3, 3, 4, 4, 5, 5, 6, 6, 7, 7, 8, 8, 9, 9, 10, 10, 11, 11, 12, 0, 13, 13, 14, 14, 15, 15, 16, 16, 17, 17, 18, 18, 19, 12, 3, 12, 7, 19, 14]","[1, 0, 2, 1, 3, 2, 4, 3, 5, 4, 6, 5, 7, 6, 8, 7, 9, 8, 10, 9, 11, 10, 12, 11, 13, 0, 14, 13, 15, 14, 16, 15, 17, 16, 18, 17, 19, 18, 3, 12, 7, 12, 14, 19]",-2.702803349
31,64,"[9, 1, 1, 1, 1, 3, 1, 1, 1, 2, 2, 1, 1, 1, 1, 2, 1, 1, 1, 1, 1, 1, 2, 3, 3, 8, 3, 3, 3, 1, 1]","[1, 1, 2, 2, 1, 1, 2, 2, 1, 1, 2, 2, 1, 1, 2, 2, 1, 1, 1, 1, 3, 3, 3, 3, 3, 3, 1, 1, 1, 1, 3, 3, 3, 3, 3, 3, 3, 3, 3, 3, 1, 1, 1, 1, 2, 2, 1, 1, 1, 1, 2, 2, 2, 2, 3, 3, 3, 3, 1, 1, 3, 3, 3, 3]","[1, 2, 2, 3, 3, 4, 4, 5, 4, 6, 6, 7, 7, 8, 8, 9, 9, 10, 10, 11, 11, 12, 12, 13, 13, 14, 14, 15, 15, 16, 16, 17, 17, 18, 18, 19, 19, 20, 20, 21, 21, 22, 22, 23, 22, 24, 19, 25, 25, 26, 25, 27, 25, 28, 14, 29, 29, 30, 8, 2, 30, 11, 21, 16]","[2, 1, 3, 2, 4, 3, 5, 4, 6, 4, 7, 6, 8, 7, 9, 8, 10, 9, 11, 10, 12, 11, 13, 12, 14, 13, 15, 14, 16, 15, 17, 16, 18, 17, 19, 18, 20, 19, 21, 20, 22, 21, 23, 22, 24, 22, 25, 19, 26, 25, 27, 25, 28, 25, 29, 14, 30, 29, 2, 8, 11, 30, 16, 21]",-2.6993635863
21,44,"[0, 1, 2, 1, 1, 3, 1, 1, 1, 1, 1, 1, 1, 1, 1, 1, 1, 1, 1, 1, 1]","[1, 1, 1, 1, 2, 2, 1, 1, 1, 1, 1, 1, 1, 1, 1, 1, 3, 3, 3, 3, 3, 3, 3, 3, 3, 3, 1, 1, 3, 3, 3, 3, 3, 3, 3, 3, 3, 3, 1, 1, 3, 3, 3, 3]","[1, 2, 2, 3, 2, 4, 4, 5, 5, 6, 6, 7, 7, 8, 8, 9, 9, 10, 10, 11, 11, 12, 12, 13, 13, 14, 8, 15, 15, 16, 16, 17, 17, 18, 18, 19, 19, 20, 8, 4, 14, 9, 20, 15]","[2, 1, 3, 2, 4, 2, 5, 4, 6, 5, 7, 6, 8, 7, 9, 8, 10, 9, 11, 10, 12, 11, 13, 12, 14, 13, 15, 8, 16, 15, 17, 16, 18, 17, 19, 18, 20, 19, 4, 8, 9, 14, 15, 20]",-2.5265751338
73,156,"[9, 9, 1, 1, 1, 1, 1, 1, 1, 3, 8, 3, 3, 1, 1, 1, 1, 1, 2, 2, 1, 1, 1, 3, 1, 1, 1, 1, 1, 1, 1, 2, 8, 3, 3, 3, 1, 1, 1, 1, 1, 1, 1, 3, 8, 3, 3, 1, 1, 1, 1, 1, 2, 2, 1, 1, 1, 3, 1, 1, 1, 1, 1, 1, 1, 2, 8, 3, 3, 3, 1, 1, 1]","[1, 1, 1, 1, 1, 1, 3, 3, 3, 3, 3, 3, 1, 1, 1, 1, 2, 2, 2, 2, 1, 1, 3, 3, 3, 3, 3, 3, 3, 3, 1, 1, 1, 1, 1, 1, 2, 2, 1, 1, 2, 2, 1, 1, 2, 2, 1, 1, 2, 2, 1, 1, 2, 2, 1, 1, 2, 2, 1, 1, 1, 1, 2, 2, 2, 2, 3, 3, 3, 3, 3, 3, 1, 1, 3, 3, 3, 3, 3, 3, 1, 1, 1, 1, 2, 2, 2, 2, 1, 1, 3, 3, 3, 3, 3, 3, 3, 3, 1, 1, 1, 1, 1, 1, 2, 2, 1, 1, 2, 2, 1, 1, 2, 2, 1, 1, 2, 2, 1, 1, 2, 2, 1, 1, 2, 2, 1, 1, 1, 1, 2, 2, 2, 2, 3, 3, 3, 3, 3, 3, 3, 3, 3, 3, 1, 1, 1, 1, 3, 3, 3, 3, 1, 1, 1, 1]","[2, 3, 3, 4, 3, 5, 5, 6, 6, 7, 7, 8, 8, 9, 9, 10, 10, 11, 10, 12, 10, 13, 13, 14, 14, 15, 15, 16, 16, 17, 17, 18, 18, 19, 19, 20, 20, 21, 21, 22, 22, 23, 22, 24, 24, 25, 25, 26, 26, 27, 27, 28, 28, 29, 29, 30, 30, 31, 25, 32, 32, 33, 32, 34, 32, 35, 17, 36, 8, 37, 37, 38, 3, 39, 39, 40, 40, 41, 41, 42, 42, 43, 43, 44, 44, 45, 44, 46, 44, 47, 47, 48, 48, 49, 49, 50, 50, 51, 51, 52, 52, 53, 53, 54, 54, 55, 55, 56, 56, 57, 56, 58, 58, 59, 59, 60, 60, 61, 61, 62, 62, 63, 63, 64, 64, 65, 59, 66, 66, 67, 66, 68, 66, 69, 51, 70, 42, 71, 71, 72, 38, 5, 36, 13, 30, 20, 27, 21, 72, 39, 70, 47, 64, 54, 61, 55]","[3, 2, 4, 3, 5, 3, 6, 5, 7, 6, 8, 7, 9, 8, 10, 9, 11, 10, 12, 10, 13, 10, 14, 13, 15, 14, 16, 15, 17, 16, 18, 17, 19, 18, 20, 19, 21, 20, 22, 21, 23, 22, 24, 22, 25, 24, 26, 25, 27, 26, 28, 27, 29, 28, 30, 29, 31, 30, 32, 25, 33, 32, 34, 32, 35, 32, 36, 17, 37, 8, 38, 37, 39, 3, 40, 39, 41, 40, 42, 41, 43, 42, 44, 43, 45, 44, 46, 44, 47, 44, 48, 47, 49, 48, 50, 49, 51, 50, 52, 51, 53, 52, 54, 53, 55, 54, 56, 55, 57, 56, 58, 56, 59, 58, 60, 59, 61, 60, 62, 61, 63, 62, 64, 63, 65, 64, 66, 59, 67, 66, 68, 66, 69, 66, 70, 51, 71, 42, 72, 71, 5, 38, 13, 36, 20, 30, 21, 27, 39, 72, 47, 70, 54, 64, 55, 61]",-2.9562873167
40,86,"[9, 1, 1, 1, 1, 1, 1, 1, 8, 3, 3, 3, 1, 1, 1, 1, 2, 1, 1, 1, 1, 2, 1, 1, 3, 1, 1, 1, 1, 1, 1, 1, 3, 1, 8, 3, 3, 3, 1, 1]","[1, 1, 3, 3, 3, 3, 3, 3, 3, 3, 3, 3, 1, 1, 2, 2, 2, 2, 1, 1, 1, 1, 3, 3, 3, 3, 3, 3, 1, 1, 1, 1, 3, 3, 3, 3, 3, 3, 1, 1, 3, 3, 1, 1, 2, 2, 1, 1, 3, 3, 3, 3, 3, 3, 3, 3, 3, 3, 1, 1, 2, 2, 1, 1, 1, 1, 1, 1, 2, 2, 2, 2, 3, 3, 3, 3, 3, 3, 3, 3, 3, 3, 3, 3, 3, 3]","[1, 2, 2, 3, 3, 4, 4, 5, 5, 6, 6, 7, 5, 8, 8, 9, 8, 10, 8, 11, 11, 12, 12, 13, 13, 14, 14, 15, 15, 16, 16, 17, 17, 18, 18, 19, 19, 20, 20, 21, 20, 22, 22, 23, 23, 24, 23, 25, 25, 26, 26, 27, 27, 28, 28, 29, 29, 30, 30, 31, 31, 32, 31, 33, 19, 34, 34, 35, 34, 36, 34, 37, 15, 38, 38, 39, 7, 2, 39, 12, 33, 17, 33, 22, 30, 25]","[2, 1, 3, 2, 4, 3, 5, 4, 6, 5, 7, 6, 8, 5, 9, 8, 10, 8, 11, 8, 12, 11, 13, 12, 14, 13, 15, 14, 16, 15, 17, 16, 18, 17, 19, 18, 20, 19, 21, 20, 22, 20, 23, 22, 24, 23, 25, 23, 26, 25, 27, 26, 28, 27, 29, 28, 30, 29, 31, 30, 32, 31, 33, 31, 34, 19, 35, 34, 36, 34, 37, 34, 38, 15, 39, 38, 2, 7, 12, 39, 17, 33, 22, 33, 25, 30]",-2.6221984752000003
10,20,"[1, 3, 1, 3, 1, 1, 1, 1, 1, 1]","[1, 1, 1, 1, 2, 2, 1, 1, 2, 2, 1, 1, 1, 1, 1, 1, 1, 1, 1, 1]","[0, 1, 1, 2, 2, 3, 2, 4, 4, 5, 5, 6, 6, 7, 7, 8, 8, 9, 9, 5]","[1, 0, 2, 1, 3, 2, 4, 2, 5, 4, 6, 5, 7, 6, 8, 7, 9, 8, 5, 9]",-1.9425722692
21,46,"[2, 1, 1, 1, 1, 2, 1, 1, 1, 1, 1, 1, 1, 1, 1, 2, 1, 1, 1, 1, 1]","[4, 4, 1, 1, 1, 1, 1, 1, 1, 1, 1, 1, 1, 1, 1, 1, 1, 1, 3, 3, 3, 3, 3, 3, 3, 3, 3, 3, 1, 1, 1, 1, 1, 1, 1, 1, 1, 1, 1, 1, 1, 1, 3, 3, 1, 1]","[0, 1, 1, 2, 2, 3, 3, 4, 4, 5, 5, 6, 6, 7, 5, 8, 8, 9, 9, 10, 10, 11, 11, 12, 12, 13, 13, 14, 2, 15, 15, 16, 16, 17, 17, 18, 18, 19, 19, 20, 7, 2, 14, 9, 20, 15]","[1, 0, 2, 1, 3, 2, 4, 3, 5, 4, 6, 5, 7, 6, 8, 5, 9, 8, 10, 9, 11, 10, 12, 11, 13, 12, 14, 13, 15, 2, 16, 15, 17, 16, 18, 17, 19, 18, 20, 19, 2, 7, 9, 14, 15, 20]",-2.2459922106
20,46,"[1, 3, 1, 1, 3, 1, 1, 1, 1, 1, 1, 2, 1, 1, 1, 3, 1, 1, 1, 3]","[1, 1, 1, 1, 1, 1, 1, 1, 1, 1, 3, 3, 3, 3, 3, 3, 3, 3, 3, 3, 1, 1, 1, 1, 1, 1, 1, 1, 1, 1, 1, 1, 1, 1, 1, 1, 1, 1, 1, 1, 3, 3, 1, 1, 1, 1]","[0, 1, 1, 2, 2, 3, 3, 4, 4, 5, 5, 6, 6, 7, 7, 8, 8, 9, 9, 10, 9, 11, 11, 12, 12, 13, 13, 14, 14, 15, 11, 16, 16, 17, 17, 18, 18, 19, 2, 0, 10, 5, 15, 13, 19, 17]","[1, 0, 2, 1, 3, 2, 4, 3, 5, 4, 6, 5, 7, 6, 8, 7, 9, 8, 10, 9, 11, 9, 12, 11, 13, 12, 14, 13, 15, 14, 16, 11, 17, 16, 18, 17, 19, 18, 0, 2, 5, 10, 13, 15, 17, 19]",-2.1925611892
11,24,"[2, 1, 1, 2, 1, 1, 1, 1, 1, 1, 1]","[3, 3, 3, 3, 3, 3, 3, 3, 1, 1, 3, 3, 3, 3, 3, 3, 3, 3, 3, 3, 3, 3, 3, 3]","[0, 1, 1, 2, 2, 3, 3, 4, 4, 5, 5, 6, 6, 7, 7, 8, 8, 9, 9, 10, 4, 0, 10, 5]","[1, 0, 2, 1, 3, 2, 4, 3, 5, 4, 6, 5, 7, 6, 8, 7, 9, 8, 10, 9, 0, 4, 5, 10]",-1.8893830404
16,34,"[3, 1, 3, 1, 1, 1, 0, 2, 2, 1, 2, 1, 1, 1, 1, 4]","[1, 1, 2, 2, 1, 1, 3, 3, 3, 3, 1, 1, 3, 3, 3, 3, 1, 1, 3, 3, 3, 3, 3, 3, 3, 3, 3, 3, 1, 1, 3, 3, 3, 3]","[0, 1, 1, 2, 1, 3, 3, 4, 4, 5, 5, 6, 5, 7, 7, 8, 8, 9, 9, 10, 10, 11, 11, 12, 12, 13, 13, 14, 14, 15, 8, 3, 14, 9]","[1, 0, 2, 1, 3, 1, 4, 3, 5, 4, 6, 5, 7, 5, 8, 7, 9, 8, 10, 9, 11, 10, 12, 11, 13, 12, 14, 13, 15, 14, 3, 8, 9, 14]",-1.4489346424
7,14,"[3, 8, 3, 1, 1, 1, 3]","[2, 2, 2, 2, 1, 1, 1, 1, 1, 1, 1, 1, 1, 1]","[0, 1, 1, 2, 1, 3, 3, 4, 4, 5, 5, 6, 6, 1]","[1, 0, 2, 1, 3, 1, 4, 3, 5, 4, 6, 5, 1, 6]",-0.0868756938
14,26,"[1, 3, 8, 3, 3, 3, 1, 2, 1, 1, 2, 1, 1, 1]","[1, 1, 1, 1, 1, 1, 2, 2, 2, 2, 1, 1, 3, 3, 3, 3, 3, 3, 1, 1, 2, 2, 3, 3, 3, 3]","[0, 1, 1, 2, 2, 3, 2, 4, 2, 5, 6, 7, 7, 8, 8, 9, 9, 10, 10, 11, 11, 12, 10, 13, 13, 7]","[1, 0, 2, 1, 3, 2, 4, 2, 5, 2, 7, 6, 8, 7, 9, 8, 10, 9, 11, 10, 12, 11, 13, 10, 7, 13]",0.6570840829
48,100,"[9, 9, 2, 1, 1, 1, 1, 2, 2, 1, 1, 1, 1, 1, 1, 2, 2, 1, 1, 2, 1, 1, 3, 1, 2, 2, 1, 1, 1, 1, 1, 1, 1, 1, 1, 1, 1, 8, 3, 3, 3, 8, 3, 3, 3, 1, 2, 1]","[1, 1, 3, 3, 3, 3, 3, 3, 1, 1, 2, 2, 1, 1, 3, 3, 3, 3, 3, 3, 3, 3, 3, 3, 1, 1, 2, 2, 1, 1, 3, 3, 1, 1, 3, 3, 1, 1, 2, 2, 1, 1, 2, 2, 1, 1, 1, 1, 3, 3, 3, 3, 3, 3, 3, 3, 3, 3, 1, 1, 2, 2, 1, 1, 3, 3, 3, 3, 1, 1, 1, 1, 2, 2, 2, 2, 1, 1, 1, 1, 2, 2, 2, 2, 3, 3, 1, 1, 3, 3, 3, 3, 3, 3, 3, 3, 3, 3, 3, 3]","[2, 3, 3, 4, 4, 5, 5, 6, 6, 7, 7, 8, 8, 9, 9, 10, 10, 11, 11, 12, 12, 13, 13, 14, 12, 15, 15, 16, 16, 17, 17, 18, 18, 19, 18, 20, 20, 21, 21, 22, 21, 23, 23, 24, 24, 25, 25, 26, 26, 27, 27, 28, 28, 29, 29, 30, 30, 31, 23, 32, 32, 33, 33, 34, 34, 35, 35, 36, 36, 37, 37, 38, 37, 39, 37, 40, 32, 41, 41, 42, 41, 43, 41, 44, 6, 45, 45, 46, 45, 47, 47, 3, 14, 9, 36, 17, 34, 20, 31, 26]","[3, 2, 4, 3, 5, 4, 6, 5, 7, 6, 8, 7, 9, 8, 10, 9, 11, 10, 12, 11, 13, 12, 14, 13, 15, 12, 16, 15, 17, 16, 18, 17, 19, 18, 20, 18, 21, 20, 22, 21, 23, 21, 24, 23, 25, 24, 26, 25, 27, 26, 28, 27, 29, 28, 30, 29, 31, 30, 32, 23, 33, 32, 34, 33, 35, 34, 36, 35, 37, 36, 38, 37, 39, 37, 40, 37, 41, 32, 42, 41, 43, 41, 44, 41, 45, 6, 46, 45, 47, 45, 3, 47, 9, 14, 17, 36, 20, 34, 26, 31]",-0.827397585
11,24,"[1, 1, 2, 1, 2, 1, 1, 1, 1, 1, 1]","[1, 1, 1, 1, 2, 2, 1, 1, 1, 1, 3, 3, 3, 3, 3, 3, 3, 3, 3, 3, 1, 1, 3, 3]","[0, 1, 1, 2, 2, 3, 3, 4, 3, 5, 5, 6, 6, 7, 7, 8, 8, 9, 9, 10, 4, 0, 10, 5]","[1, 0, 2, 1, 3, 2, 4, 3, 5, 3, 6, 5, 7, 6, 8, 7, 9, 8, 10, 9, 0, 4, 5, 10]",-1.1265180752
58,120,"[52, 9, 9, 3, 8, 3, 3, 1, 1, 1, 2, 1, 3, 1, 1, 1, 1, 1, 1, 1, 1, 3, 1, 2, 2, 1, 1, 1, 1, 1, 1, 2, 1, 2, 1, 6, 2, 1, 6, 1, 4, 1, 1, 1, 1, 1, 8, 3, 3, 3, 1, 1, 1, 1, 8, 3, 3, 3]","[1, 1, 2, 2, 2, 2, 1, 1, 3, 3, 3, 3, 1, 1, 1, 1, 2, 2, 1, 1, 3, 3, 3, 3, 3, 3, 3, 3, 3, 3, 3, 3, 1, 1, 2, 2, 1, 1, 2, 2, 1, 1, 1, 1, 3, 3, 3, 3, 3, 3, 3, 3, 1, 1, 1, 1, 1, 1, 3, 3, 3, 3, 1, 1, 3, 3, 3, 3, 1, 1, 3, 3, 1, 1, 3, 3, 3, 3, 3, 3, 3, 3, 3, 3, 1, 1, 1, 1, 2, 2, 2, 2, 1, 1, 2, 2, 1, 1, 3, 3, 1, 1, 1, 1, 2, 2, 2, 2, 3, 3, 3, 3, 3, 3, 3, 3, 3, 3, 3, 3]","[3, 4, 4, 5, 4, 6, 4, 7, 7, 8, 8, 9, 9, 10, 10, 11, 11, 12, 11, 13, 13, 14, 14, 15, 15, 16, 16, 17, 17, 18, 9, 19, 19, 20, 20, 21, 20, 22, 22, 23, 23, 24, 24, 25, 25, 26, 26, 27, 27, 28, 28, 29, 29, 30, 30, 31, 31, 32, 32, 33, 33, 34, 34, 35, 34, 36, 36, 37, 37, 38, 37, 39, 39, 40, 29, 41, 41, 42, 42, 43, 43, 44, 44, 45, 45, 46, 46, 47, 46, 48, 46, 49, 22, 50, 50, 51, 51, 52, 52, 53, 50, 54, 54, 55, 54, 56, 54, 57, 53, 7, 18, 13, 52, 19, 45, 25, 44, 28, 39, 32]","[4, 3, 5, 4, 6, 4, 7, 4, 8, 7, 9, 8, 10, 9, 11, 10, 12, 11, 13, 11, 14, 13, 15, 14, 16, 15, 17, 16, 18, 17, 19, 9, 20, 19, 21, 20, 22, 20, 23, 22, 24, 23, 25, 24, 26, 25, 27, 26, 28, 27, 29, 28, 30, 29, 31, 30, 32, 31, 33, 32, 34, 33, 35, 34, 36, 34, 37, 36, 38, 37, 39, 37, 40, 39, 41, 29, 42, 41, 43, 42, 44, 43, 45, 44, 46, 45, 47, 46, 48, 46, 49, 46, 50, 22, 51, 50, 52, 51, 53, 52, 54, 50, 55, 54, 56, 54, 57, 54, 7, 53, 13, 18, 19, 52, 25, 45, 28, 44, 32, 39]",-0.8900865081
41,88,"[1, 1, 2, 1, 1, 1, 1, 1, 1, 1, 1, 1, 1, 1, 1, 1, 1, 1, 2, 1, 1, 1, 1, 1, 1, 1, 1, 1, 1, 1, 1, 1, 1, 8, 3, 3, 3, 8, 3, 3, 3]","[1, 1, 1, 1, 1, 1, 1, 1, 1, 1, 3, 3, 3, 3, 3, 3, 3, 3, 3, 3, 1, 1, 1, 1, 3, 3, 3, 3, 3, 3, 3, 3, 3, 3, 1, 1, 1, 1, 1, 1, 1, 1, 1, 1, 1, 1, 3, 3, 3, 3, 3, 3, 3, 3, 3, 3, 3, 3, 3, 3, 3, 3, 3, 3, 1, 1, 1, 1, 2, 2, 2, 2, 1, 1, 1, 1, 2, 2, 2, 2, 3, 3, 3, 3, 3, 3, 3, 3]","[0, 1, 1, 2, 2, 3, 3, 4, 2, 5, 5, 6, 6, 7, 7, 8, 8, 9, 9, 10, 8, 11, 11, 12, 12, 13, 13, 14, 14, 15, 15, 16, 16, 17, 15, 18, 18, 19, 19, 20, 18, 21, 21, 22, 11, 23, 23, 24, 24, 25, 25, 26, 26, 27, 27, 28, 28, 29, 29, 30, 30, 31, 31, 32, 32, 33, 33, 34, 33, 35, 33, 36, 26, 37, 37, 38, 37, 39, 37, 40, 10, 5, 17, 12, 32, 23, 29, 24]","[1, 0, 2, 1, 3, 2, 4, 3, 5, 2, 6, 5, 7, 6, 8, 7, 9, 8, 10, 9, 11, 8, 12, 11, 13, 12, 14, 13, 15, 14, 16, 15, 17, 16, 18, 15, 19, 18, 20, 19, 21, 18, 22, 21, 23, 11, 24, 23, 25, 24, 26, 25, 27, 26, 28, 27, 29, 28, 30, 29, 31, 30, 32, 31, 33, 32, 34, 33, 35, 33, 36, 33, 37, 26, 38, 37, 39, 37, 40, 37, 5, 10, 12, 17, 23, 32, 24, 29]",-0.6984761494
20,44,"[3, 1, 3, 1, 1, 1, 3, 1, 1, 1, 1, 1, 1, 1, 3, 3, 1, 1, 1, 3]","[2, 2, 1, 1, 1, 1, 1, 1, 1, 1, 1, 1, 1, 1, 1, 1, 1, 1, 2, 2, 1, 1, 1, 1, 1, 1, 2, 2, 1, 1, 1, 1, 1, 1, 1, 1, 1, 1, 1, 1, 1, 1, 1, 1]","[0, 1, 1, 2, 2, 3, 3, 4, 4, 5, 5, 6, 1, 7, 7, 8, 8, 9, 9, 10, 10, 11, 11, 12, 12, 13, 13, 14, 13, 15, 15, 16, 16, 17, 17, 18, 18, 19, 6, 4, 12, 7, 19, 17]","[1, 0, 2, 1, 3, 2, 4, 3, 5, 4, 6, 5, 7, 1, 8, 7, 9, 8, 10, 9, 11, 10, 12, 11, 13, 12, 14, 13, 15, 13, 16, 15, 17, 16, 18, 17, 19, 18, 4, 6, 7, 12, 17, 19]",-1.3401088604
64,128,"[52, 52, 9, 9, 2, 1, 1, 2, 2, 1, 1, 1, 1, 1, 1, 8, 3, 3, 1, 1, 3, 8, 3, 3, 3, 1, 1, 1, 1, 1, 1, 2, 2, 1, 1, 1, 2, 1, 2, 1, 6, 2, 1, 6, 1, 4, 1, 1, 1, 8, 3, 3, 3, 1, 3, 1, 8, 3, 3, 3, 8, 3, 3, 3]","[1, 1, 3, 3, 1, 1, 2, 2, 1, 1, 3, 3, 3, 3, 3, 3, 3, 3, 3, 3, 1, 1, 2, 2, 2, 2, 1, 1, 1, 1, 1, 1, 1, 1, 1, 1, 2, 2, 2, 2, 3, 3, 3, 3, 3, 3, 1, 1, 2, 2, 1, 1, 2, 2, 1, 1, 1, 1, 3, 3, 3, 3, 1, 1, 1, 1, 3, 3, 3, 3, 1, 1, 3, 3, 3, 3, 1, 1, 3, 3, 1, 1, 3, 3, 3, 3, 3, 3, 1, 1, 1, 1, 2, 2, 2, 2, 1, 1, 2, 2, 1, 1, 1, 1, 1, 1, 2, 2, 2, 2, 1, 1, 1, 1, 2, 2, 2, 2, 3, 3, 3, 3, 3, 3, 3, 3, 3, 3]","[4, 5, 5, 6, 6, 7, 7, 8, 8, 9, 9, 10, 10, 11, 11, 12, 12, 13, 13, 14, 12, 15, 15, 16, 15, 17, 15, 18, 18, 19, 19, 20, 20, 21, 21, 22, 21, 23, 21, 24, 6, 25, 25, 26, 26, 27, 27, 28, 28, 29, 29, 30, 30, 31, 31, 32, 32, 33, 33, 34, 34, 35, 35, 36, 36, 37, 37, 38, 38, 39, 39, 40, 39, 41, 41, 42, 42, 43, 42, 44, 44, 45, 35, 46, 46, 47, 47, 48, 48, 49, 49, 50, 49, 51, 49, 52, 30, 53, 53, 54, 53, 55, 29, 56, 56, 57, 56, 58, 56, 59, 25, 60, 60, 61, 60, 62, 60, 63, 55, 5, 14, 9, 55, 27, 48, 33, 44, 37]","[5, 4, 6, 5, 7, 6, 8, 7, 9, 8, 10, 9, 11, 10, 12, 11, 13, 12, 14, 13, 15, 12, 16, 15, 17, 15, 18, 15, 19, 18, 20, 19, 21, 20, 22, 21, 23, 21, 24, 21, 25, 6, 26, 25, 27, 26, 28, 27, 29, 28, 30, 29, 31, 30, 32, 31, 33, 32, 34, 33, 35, 34, 36, 35, 37, 36, 38, 37, 39, 38, 40, 39, 41, 39, 42, 41, 43, 42, 44, 42, 45, 44, 46, 35, 47, 46, 48, 47, 49, 48, 50, 49, 51, 49, 52, 49, 53, 30, 54, 53, 55, 53, 56, 29, 57, 56, 58, 56, 59, 56, 60, 25, 61, 60, 62, 60, 63, 60, 5, 55, 9, 14, 27, 55, 33, 48, 37, 44]",-0.9138010179
67,136,"[52, 52, 9, 9, 1, 3, 1, 1, 1, 1, 1, 1, 2, 2, 1, 1, 3, 1, 1, 3, 1, 1, 1, 1, 1, 1, 8, 3, 3, 3, 8, 3, 3, 3, 2, 3, 2, 1, 1, 1, 1, 2, 2, 1, 1, 3, 1, 1, 3, 1, 1, 1, 1, 1, 1, 8, 3, 3, 3, 8, 3, 3, 3, 1, 1, 3, 1]","[1, 1, 1, 1, 3, 3, 3, 3, 3, 3, 3, 3, 3, 3, 1, 1, 1, 1, 2, 2, 1, 1, 2, 2, 1, 1, 3, 3, 1, 1, 3, 3, 3, 3, 3, 3, 3, 3, 1, 1, 2, 2, 1, 1, 1, 1, 2, 2, 2, 2, 1, 1, 1, 1, 2, 2, 2, 2, 1, 1, 1, 1, 1, 1, 2, 2, 1, 1, 2, 2, 1, 1, 2, 2, 1, 1, 2, 2, 1, 1, 2, 2, 1, 1, 3, 3, 1, 1, 3, 3, 3, 3, 3, 3, 3, 3, 1, 1, 2, 2, 1, 1, 1, 1, 2, 2, 2, 2, 1, 1, 1, 1, 2, 2, 2, 2, 1, 1, 2, 2, 1, 1, 1, 1, 3, 3, 1, 1, 3, 3, 1, 1, 1, 1, 3, 3]","[4, 5, 5, 6, 6, 7, 7, 8, 8, 9, 9, 10, 10, 11, 11, 12, 12, 13, 13, 14, 14, 15, 15, 16, 15, 17, 17, 18, 18, 19, 18, 20, 20, 21, 21, 22, 22, 23, 23, 24, 24, 25, 25, 26, 26, 27, 26, 28, 26, 29, 21, 30, 30, 31, 30, 32, 30, 33, 8, 34, 34, 35, 34, 36, 36, 37, 37, 38, 38, 39, 39, 40, 40, 41, 41, 42, 42, 43, 43, 44, 44, 45, 44, 46, 46, 47, 47, 48, 47, 49, 49, 50, 50, 51, 51, 52, 52, 53, 53, 54, 54, 55, 55, 56, 55, 57, 55, 58, 50, 59, 59, 60, 59, 61, 59, 62, 40, 63, 63, 64, 63, 65, 65, 66, 11, 6, 25, 14, 23, 17, 64, 37, 54, 43, 52, 46]","[5, 4, 6, 5, 7, 6, 8, 7, 9, 8, 10, 9, 11, 10, 12, 11, 13, 12, 14, 13, 15, 14, 16, 15, 17, 15, 18, 17, 19, 18, 20, 18, 21, 20, 22, 21, 23, 22, 24, 23, 25, 24, 26, 25, 27, 26, 28, 26, 29, 26, 30, 21, 31, 30, 32, 30, 33, 30, 34, 8, 35, 34, 36, 34, 37, 36, 38, 37, 39, 38, 40, 39, 41, 40, 42, 41, 43, 42, 44, 43, 45, 44, 46, 44, 47, 46, 48, 47, 49, 47, 50, 49, 51, 50, 52, 51, 53, 52, 54, 53, 55, 54, 56, 55, 57, 55, 58, 55, 59, 50, 60, 59, 61, 59, 62, 59, 63, 40, 64, 63, 65, 63, 66, 65, 6, 11, 14, 25, 17, 23, 37, 64, 43, 54, 46, 52]",-0.9094796777
13,28,"[1, 1, 1, 1, 1, 3, 1, 1, 3, 1, 3, 1, 1]","[1, 1, 3, 3, 3, 3, 3, 3, 1, 1, 1, 1, 1, 1, 2, 2, 1, 1, 1, 1, 1, 1, 3, 3, 3, 3, 3, 3]","[0, 1, 1, 2, 2, 3, 3, 4, 4, 5, 5, 6, 6, 7, 7, 8, 7, 9, 9, 10, 10, 11, 11, 12, 12, 1, 11, 4]","[1, 0, 2, 1, 3, 2, 4, 3, 5, 4, 6, 5, 7, 6, 8, 7, 9, 7, 10, 9, 11, 10, 12, 11, 1, 12, 4, 11]",-1.1141554489
46,94,"[9, 9, 1, 3, 1, 1, 1, 1, 1, 1, 2, 1, 3, 2, 1, 1, 1, 1, 1, 1, 3, 1, 2, 2, 1, 1, 1, 1, 1, 1, 8, 3, 3, 3, 2, 2, 1, 1, 1, 1, 1, 1, 8, 3, 3, 3]","[1, 1, 1, 1, 3, 3, 3, 3, 3, 3, 3, 3, 3, 3, 1, 1, 1, 1, 2, 2, 1, 1, 1, 1, 3, 3, 3, 3, 3, 3, 3, 3, 3, 3, 1, 1, 1, 1, 1, 1, 2, 2, 1, 1, 3, 3, 3, 3, 3, 3, 3, 3, 3, 3, 1, 1, 1, 1, 2, 2, 2, 2, 1, 1, 2, 2, 1, 1, 3, 3, 3, 3, 3, 3, 3, 3, 3, 3, 1, 1, 1, 1, 2, 2, 2, 2, 3, 3, 3, 3, 3, 3, 3, 3]","[2, 3, 3, 4, 4, 5, 5, 6, 6, 7, 7, 8, 8, 9, 9, 10, 10, 11, 11, 12, 11, 13, 13, 14, 14, 15, 15, 16, 16, 17, 17, 18, 18, 19, 19, 20, 20, 21, 17, 22, 22, 23, 23, 24, 24, 25, 25, 26, 26, 27, 27, 28, 28, 29, 28, 30, 30, 31, 30, 32, 30, 33, 6, 34, 34, 35, 35, 36, 36, 37, 37, 38, 38, 39, 39, 40, 40, 41, 40, 42, 42, 43, 42, 44, 42, 45, 9, 4, 19, 14, 29, 24, 41, 36]","[3, 2, 4, 3, 5, 4, 6, 5, 7, 6, 8, 7, 9, 8, 10, 9, 11, 10, 12, 11, 13, 11, 14, 13, 15, 14, 16, 15, 17, 16, 18, 17, 19, 18, 20, 19, 21, 20, 22, 17, 23, 22, 24, 23, 25, 24, 26, 25, 27, 26, 28, 27, 29, 28, 30, 28, 31, 30, 32, 30, 33, 30, 34, 6, 35, 34, 36, 35, 37, 36, 38, 37, 39, 38, 40, 39, 41, 40, 42, 40, 43, 42, 44, 42, 45, 42, 4, 9, 14, 19, 24, 29, 36, 41]",-0.714875651
28,60,"[4, 1, 1, 2, 1, 1, 1, 1, 1, 1, 1, 1, 1, 3, 3, 1, 1, 1, 2, 1, 1, 1, 1, 1, 1, 1, 2, 1]","[1, 1, 1, 1, 1, 1, 1, 1, 1, 1, 3, 3, 3, 3, 3, 3, 3, 3, 3, 3, 3, 3, 2, 2, 3, 3, 3, 3, 3, 3, 1, 1, 3, 3, 1, 1, 3, 3, 3, 3, 3, 3, 3, 3, 3, 3, 3, 3, 3, 3, 1, 1, 3, 3, 3, 3, 3, 3, 3, 3]","[1, 2, 2, 3, 3, 4, 4, 5, 3, 6, 6, 7, 7, 8, 8, 9, 9, 10, 10, 11, 11, 12, 12, 13, 12, 14, 14, 15, 15, 16, 11, 17, 17, 18, 18, 19, 18, 20, 20, 21, 21, 22, 22, 23, 23, 24, 24, 25, 25, 26, 26, 27, 16, 6, 15, 9, 26, 17, 25, 20]","[2, 1, 3, 2, 4, 3, 5, 4, 6, 3, 7, 6, 8, 7, 9, 8, 10, 9, 11, 10, 12, 11, 13, 12, 14, 12, 15, 14, 16, 15, 17, 11, 18, 17, 19, 18, 20, 18, 21, 20, 22, 21, 23, 22, 24, 23, 25, 24, 26, 25, 27, 26, 6, 16, 9, 15, 17, 26, 20, 25]",-1.4505613752000002
158,320,"[9, 9, 9, 9, 9, 9, 9, 9, 9, 9, 3, 8, 3, 3, 1, 1, 1, 1, 1, 1, 2, 2, 1, 1, 1, 1, 1, 1, 2, 2, 1, 1, 1, 1, 1, 1, 1, 1, 1, 1, 1, 1, 8, 3, 3, 3, 2, 2, 1, 1, 1, 1, 1, 1, 2, 2, 1, 1, 1, 1, 1, 1, 8, 3, 3, 3, 1, 1, 8, 3, 3, 3, 3, 8, 3, 3, 1, 1, 1, 1, 1, 1, 2, 2, 1, 1, 1, 1, 1, 1, 2, 2, 1, 1, 1, 1, 1, 1, 1, 1, 1, 1, 1, 1, 8, 3, 3, 3, 2, 2, 1, 1, 1, 1, 1, 1, 1, 1, 1, 1, 1, 1, 8, 3, 3, 3, 2, 2, 1, 1, 1, 1, 1, 1, 2, 2, 1, 1, 1, 1, 1, 1, 8, 3, 3, 3, 1, 1, 8, 3, 3, 3, 1, 1, 8, 3, 3, 3]","[1, 1, 2, 2, 2, 2, 1, 1, 3, 3, 3, 3, 3, 3, 3, 3, 3, 3, 1, 1, 2, 2, 1, 1, 3, 3, 3, 3, 3, 3, 3, 3, 3, 3, 1, 1, 2, 2, 1, 1, 3, 3, 3, 3, 3, 3, 1, 1, 2, 2, 1, 1, 3, 3, 3, 3, 3, 3, 3, 3, 3, 3, 1, 1, 1, 1, 2, 2, 2, 2, 1, 1, 2, 2, 1, 1, 3, 3, 3, 3, 3, 3, 3, 3, 3, 3, 1, 1, 2, 2, 1, 1, 3, 3, 3, 3, 3, 3, 3, 3, 3, 3, 1, 1, 1, 1, 2, 2, 2, 2, 3, 3, 3, 3, 1, 1, 1, 1, 2, 2, 2, 2, 1, 1, 2, 2, 2, 2, 1, 1, 3, 3, 3, 3, 3, 3, 3, 3, 3, 3, 1, 1, 2, 2, 1, 1, 3, 3, 3, 3, 3, 3, 3, 3, 3, 3, 1, 1, 2, 2, 1, 1, 3, 3, 3, 3, 3, 3, 1, 1, 2, 2, 1, 1, 3, 3, 3, 3, 3, 3, 3, 3, 3, 3, 1, 1, 1, 1, 2, 2, 2, 2, 1, 1, 2, 2, 1, 1, 3, 3, 3, 3, 3, 3, 1, 1, 2, 2, 1, 1, 3, 3, 3, 3, 3, 3, 3, 3, 3, 3, 1, 1, 1, 1, 2, 2, 2, 2, 1, 1, 2, 2, 1, 1, 3, 3, 3, 3, 3, 3, 3, 3, 3, 3, 1, 1, 2, 2, 1, 1, 3, 3, 3, 3, 3, 3, 3, 3, 3, 3, 1, 1, 1, 1, 2, 2, 2, 2, 3, 3, 3, 3, 1, 1, 1, 1, 2, 2, 2, 2, 3, 3, 3, 3, 1, 1, 1, 1, 2, 2, 2, 2, 3, 3, 3, 3, 3, 3, 3, 3, 3, 3, 3, 3, 3, 3, 3, 3, 3, 3, 3, 3, 3, 3, 3, 3, 3, 3, 3, 3]","[10, 11, 11, 12, 11, 13, 11, 14, 14, 15, 15, 16, 16, 17, 17, 18, 18, 19, 17, 20, 20, 21, 21, 22, 22, 23, 23, 24, 24, 25, 25, 26, 26, 27, 25, 28, 28, 29, 29, 30, 30, 31, 31, 32, 32, 33, 33, 34, 34, 35, 35, 36, 36, 37, 37, 38, 38, 39, 39, 40, 40, 41, 41, 42, 42, 43, 42, 44, 42, 45, 39, 46, 46, 47, 47, 48, 48, 49, 49, 50, 50, 51, 51, 52, 52, 53, 51, 54, 54, 55, 55, 56, 56, 57, 57, 58, 58, 59, 59, 60, 60, 61, 59, 62, 62, 63, 62, 64, 62, 65, 33, 66, 66, 67, 66, 68, 68, 69, 68, 70, 68, 71, 72, 73, 73, 74, 73, 75, 73, 76, 76, 77, 77, 78, 78, 79, 79, 80, 80, 81, 79, 82, 82, 83, 83, 84, 84, 85, 85, 86, 86, 87, 87, 88, 88, 89, 87, 90, 90, 91, 91, 92, 92, 93, 93, 94, 94, 95, 95, 96, 96, 97, 97, 98, 98, 99, 99, 100, 100, 101, 101, 102, 102, 103, 103, 104, 104, 105, 104, 106, 104, 107, 101, 108, 108, 109, 109, 110, 110, 111, 111, 112, 112, 113, 113, 114, 114, 115, 115, 116, 116, 117, 117, 118, 118, 119, 119, 120, 120, 121, 121, 122, 122, 123, 122, 124, 122, 125, 119, 126, 126, 127, 127, 128, 128, 129, 129, 130, 130, 131, 131, 132, 132, 133, 131, 134, 134, 135, 135, 136, 136, 137, 137, 138, 138, 139, 139, 140, 140, 141, 139, 142, 142, 143, 142, 144, 142, 145, 113, 146, 146, 147, 146, 148, 148, 149, 148, 150, 148, 151, 95, 152, 152, 153, 152, 154, 154, 155, 154, 156, 154, 157, 19, 14, 27, 22, 67, 30, 41, 36, 53, 48, 61, 56, 81, 76, 89, 84, 153, 92, 103, 98, 147, 110, 121, 116, 133, 128, 141, 136]","[11, 10, 12, 11, 13, 11, 14, 11, 15, 14, 16, 15, 17, 16, 18, 17, 19, 18, 20, 17, 21, 20, 22, 21, 23, 22, 24, 23, 25, 24, 26, 25, 27, 26, 28, 25, 29, 28, 30, 29, 31, 30, 32, 31, 33, 32, 34, 33, 35, 34, 36, 35, 37, 36, 38, 37, 39, 38, 40, 39, 41, 40, 42, 41, 43, 42, 44, 42, 45, 42, 46, 39, 47, 46, 48, 47, 49, 48, 50, 49, 51, 50, 52, 51, 53, 52, 54, 51, 55, 54, 56, 55, 57, 56, 58, 57, 59, 58, 60, 59, 61, 60, 62, 59, 63, 62, 64, 62, 65, 62, 66, 33, 67, 66, 68, 66, 69, 68, 70, 68, 71, 68, 73, 72, 74, 73, 75, 73, 76, 73, 77, 76, 78, 77, 79, 78, 80, 79, 81, 80, 82, 79, 83, 82, 84, 83, 85, 84, 86, 85, 87, 86, 88, 87, 89, 88, 90, 87, 91, 90, 92, 91, 93, 92, 94, 93, 95, 94, 96, 95, 97, 96, 98, 97, 99, 98, 100, 99, 101, 100, 102, 101, 103, 102, 104, 103, 105, 104, 106, 104, 107, 104, 108, 101, 109, 108, 110, 109, 111, 110, 112, 111, 113, 112, 114, 113, 115, 114, 116, 115, 117, 116, 118, 117, 119, 118, 120, 119, 121, 120, 122, 121, 123, 122, 124, 122, 125, 122, 126, 119, 127, 126, 128, 127, 129, 128, 130, 129, 131, 130, 132, 131, 133, 132, 134, 131, 135, 134, 136, 135, 137, 136, 138, 137, 139, 138, 140, 139, 141, 140, 142, 139, 143, 142, 144, 142, 145, 142, 146, 113, 147, 146, 148, 146, 149, 148, 150, 148, 151, 148, 152, 95, 153, 152, 154, 152, 155, 154, 156, 154, 157, 154, 14, 19, 22, 27, 30, 67, 36, 41, 48, 53, 56, 61, 76, 81, 84, 89, 92, 153, 98, 103, 110, 147, 116, 121, 128, 133, 136, 141]",-1.2315456851
10,20,"[1, 1, 3, 1, 3, 1, 1, 3, 1, 3]","[1, 1, 1, 1, 1, 1, 2, 2, 1, 1, 1, 1, 1, 1, 1, 1, 2, 2, 1, 1]","[0, 1, 1, 2, 2, 3, 3, 4, 3, 5, 5, 6, 5, 7, 7, 8, 8, 9, 8, 1]","[1, 0, 2, 1, 3, 2, 4, 3, 5, 3, 6, 5, 7, 5, 8, 7, 9, 8, 1, 8]",-0.9360258625
61,124,"[9, 9, 9, 1, 1, 2, 1, 3, 1, 2, 2, 1, 1, 1, 2, 1, 2, 1, 4, 2, 1, 2, 1, 1, 1, 1, 1, 2, 1, 2, 1, 2, 2, 1, 4, 2, 1, 8, 3, 3, 3, 2, 1, 1, 1, 8, 3, 3, 3, 8, 3, 3, 3, 1, 1, 1, 2, 3, 1, 3, 1]","[1, 1, 1, 1, 1, 1, 2, 2, 1, 1, 2, 2, 1, 1, 1, 1, 3, 3, 3, 3, 1, 1, 1, 1, 3, 3, 3, 3, 1, 1, 3, 3, 3, 3, 1, 1, 1, 1, 3, 3, 3, 3, 3, 3, 3, 3, 1, 1, 1, 1, 3, 3, 3, 3, 1, 1, 3, 3, 3, 3, 1, 1, 3, 3, 3, 3, 1, 1, 1, 1, 2, 2, 2, 2, 3, 3, 3, 3, 3, 3, 3, 3, 1, 1, 1, 1, 2, 2, 2, 2, 1, 1, 1, 1, 2, 2, 2, 2, 1, 1, 2, 2, 1, 1, 1, 1, 2, 2, 1, 1, 2, 2, 1, 1, 1, 1, 3, 3, 3, 3, 3, 3, 3, 3]","[3, 4, 4, 5, 5, 6, 6, 7, 6, 8, 8, 9, 9, 10, 10, 11, 11, 12, 12, 13, 13, 14, 14, 15, 15, 16, 16, 17, 17, 18, 17, 19, 19, 20, 20, 21, 21, 22, 22, 23, 23, 24, 24, 25, 25, 26, 26, 27, 27, 28, 28, 29, 29, 30, 30, 31, 30, 32, 32, 33, 33, 34, 33, 35, 26, 36, 25, 37, 37, 38, 37, 39, 37, 40, 20, 41, 13, 42, 42, 43, 43, 44, 44, 45, 45, 46, 45, 47, 45, 48, 42, 49, 49, 50, 49, 51, 49, 52, 8, 53, 53, 54, 54, 55, 55, 56, 55, 57, 54, 58, 58, 59, 53, 60, 58, 5, 44, 11, 41, 15, 36, 22, 35, 28]","[4, 3, 5, 4, 6, 5, 7, 6, 8, 6, 9, 8, 10, 9, 11, 10, 12, 11, 13, 12, 14, 13, 15, 14, 16, 15, 17, 16, 18, 17, 19, 17, 20, 19, 21, 20, 22, 21, 23, 22, 24, 23, 25, 24, 26, 25, 27, 26, 28, 27, 29, 28, 30, 29, 31, 30, 32, 30, 33, 32, 34, 33, 35, 33, 36, 26, 37, 25, 38, 37, 39, 37, 40, 37, 41, 20, 42, 13, 43, 42, 44, 43, 45, 44, 46, 45, 47, 45, 48, 45, 49, 42, 50, 49, 51, 49, 52, 49, 53, 8, 54, 53, 55, 54, 56, 55, 57, 55, 58, 54, 59, 58, 60, 53, 5, 58, 11, 44, 15, 41, 22, 36, 28, 35]",-0.7590012125
38,78,"[9, 9, 3, 8, 3, 3, 1, 1, 1, 1, 1, 1, 1, 1, 1, 1, 1, 1, 1, 1, 1, 1, 1, 1, 1, 1, 1, 1, 1, 1, 1, 1, 1, 1, 8, 3, 3, 3]","[1, 1, 2, 2, 2, 2, 1, 1, 3, 3, 3, 3, 3, 3, 3, 3, 3, 3, 1, 1, 2, 2, 1, 1, 3, 3, 3, 3, 3, 3, 3, 3, 3, 3, 1, 1, 3, 3, 3, 3, 3, 3, 3, 3, 3, 3, 1, 1, 2, 2, 1, 1, 3, 3, 3, 3, 3, 3, 3, 3, 3, 3, 1, 1, 1, 1, 2, 2, 2, 2, 3, 3, 3, 3, 3, 3, 3, 3]","[2, 3, 3, 4, 3, 5, 3, 6, 6, 7, 7, 8, 8, 9, 9, 10, 10, 11, 11, 12, 12, 13, 13, 14, 14, 15, 15, 16, 16, 17, 17, 18, 18, 19, 17, 20, 20, 21, 21, 22, 22, 23, 23, 24, 24, 25, 23, 26, 26, 27, 27, 28, 28, 29, 29, 30, 30, 31, 31, 32, 32, 33, 33, 34, 34, 35, 34, 36, 34, 37, 11, 6, 19, 14, 25, 20, 33, 28]","[3, 2, 4, 3, 5, 3, 6, 3, 7, 6, 8, 7, 9, 8, 10, 9, 11, 10, 12, 11, 13, 12, 14, 13, 15, 14, 16, 15, 17, 16, 18, 17, 19, 18, 20, 17, 21, 20, 22, 21, 23, 22, 24, 23, 25, 24, 26, 23, 27, 26, 28, 27, 29, 28, 30, 29, 31, 30, 32, 31, 33, 32, 34, 33, 35, 34, 36, 34, 37, 34, 6, 11, 14, 19, 20, 25, 28, 33]",-1.504668533
54,108,"[9, 9, 9, 3, 1, 3, 1, 1, 1, 1, 1, 1, 3, 2, 1, 2, 1, 2, 1, 1, 1, 1, 3, 1, 1, 1, 3, 3, 8, 3, 3, 3, 2, 1, 2, 1, 1, 1, 1, 3, 1, 1, 1, 3, 3, 8, 3, 3, 3, 2, 8, 3, 3, 3]","[1, 1, 2, 2, 1, 1, 2, 2, 1, 1, 1, 1, 1, 1, 2, 2, 1, 1, 1, 1, 1, 1, 3, 3, 3, 3, 1, 1, 1, 1, 1, 1, 1, 1, 2, 2, 1, 1, 1, 1, 2, 2, 1, 1, 1, 1, 2, 2, 1, 1, 1, 1, 2, 2, 2, 2, 3, 3, 3, 3, 1, 1, 1, 1, 1, 1, 1, 1, 2, 2, 1, 1, 1, 1, 2, 2, 1, 1, 1, 1, 2, 2, 1, 1, 1, 1, 2, 2, 2, 2, 3, 3, 1, 1, 1, 1, 2, 2, 2, 2, 1, 1, 3, 3, 1, 1, 1, 1]","[3, 4, 4, 5, 4, 6, 6, 7, 7, 8, 8, 9, 9, 10, 10, 11, 11, 12, 8, 13, 13, 14, 14, 15, 15, 16, 16, 17, 17, 18, 18, 19, 19, 20, 20, 21, 21, 22, 21, 23, 23, 24, 23, 25, 25, 26, 25, 27, 18, 28, 28, 29, 28, 30, 28, 31, 16, 32, 32, 33, 33, 34, 34, 35, 35, 36, 36, 37, 37, 38, 38, 39, 38, 40, 40, 41, 40, 42, 42, 43, 42, 44, 35, 45, 45, 46, 45, 47, 45, 48, 33, 49, 8, 50, 50, 51, 50, 52, 50, 53, 11, 6, 49, 14, 24, 18, 41, 35]","[4, 3, 5, 4, 6, 4, 7, 6, 8, 7, 9, 8, 10, 9, 11, 10, 12, 11, 13, 8, 14, 13, 15, 14, 16, 15, 17, 16, 18, 17, 19, 18, 20, 19, 21, 20, 22, 21, 23, 21, 24, 23, 25, 23, 26, 25, 27, 25, 28, 18, 29, 28, 30, 28, 31, 28, 32, 16, 33, 32, 34, 33, 35, 34, 36, 35, 37, 36, 38, 37, 39, 38, 40, 38, 41, 40, 42, 40, 43, 42, 44, 42, 45, 35, 46, 45, 47, 45, 48, 45, 49, 33, 50, 8, 51, 50, 52, 50, 53, 50, 6, 11, 14, 49, 18, 24, 35, 41]",-0.6896460114
14,30,"[3, 1, 1, 1, 2, 1, 1, 1, 1, 1, 1, 1, 1, 1]","[2, 2, 1, 1, 1, 1, 1, 1, 1, 1, 1, 1, 1, 1, 1, 1, 3, 3, 3, 3, 3, 3, 3, 3, 3, 3, 1, 1, 3, 3]","[0, 1, 1, 2, 2, 3, 3, 4, 4, 5, 5, 6, 4, 7, 7, 8, 8, 9, 9, 10, 10, 11, 11, 12, 12, 13, 6, 1, 13, 8]","[1, 0, 2, 1, 3, 2, 4, 3, 5, 4, 6, 5, 7, 4, 8, 7, 9, 8, 10, 9, 11, 10, 12, 11, 13, 12, 1, 6, 8, 13]",-1.0169828584
17,36,"[1, 1, 2, 2, 1, 2, 1, 1, 1, 1, 1, 1, 1, 8, 3, 3, 3]","[1, 1, 2, 2, 1, 1, 1, 1, 2, 2, 1, 1, 1, 1, 3, 3, 3, 3, 3, 3, 3, 3, 3, 3, 1, 1, 1, 1, 2, 2, 2, 2, 1, 1, 3, 3]","[0, 1, 1, 2, 2, 3, 3, 4, 4, 5, 4, 6, 3, 7, 7, 8, 8, 9, 9, 10, 10, 11, 11, 12, 11, 13, 13, 14, 13, 15, 13, 16, 6, 1, 12, 7]","[1, 0, 2, 1, 3, 2, 4, 3, 5, 4, 6, 4, 7, 3, 8, 7, 9, 8, 10, 9, 11, 10, 12, 11, 13, 11, 14, 13, 15, 13, 16, 13, 1, 6, 7, 12]",-1.1387882185
36,78,"[1, 3, 1, 1, 1, 2, 1, 1, 1, 2, 1, 1, 1, 3, 1, 1, 1, 2, 1, 1, 2, 1, 1, 1, 1, 3, 1, 1, 1, 1, 2, 1, 4, 1, 1, 4]","[1, 1, 1, 1, 3, 3, 3, 3, 1, 1, 1, 1, 3, 3, 3, 3, 3, 3, 3, 3, 3, 3, 3, 3, 1, 1, 1, 1, 1, 1, 1, 1, 1, 1, 1, 1, 1, 1, 1, 1, 1, 1, 1, 1, 1, 1, 3, 3, 1, 1, 1, 1, 3, 3, 3, 3, 1, 1, 4, 4, 3, 3, 1, 1, 3, 3, 3, 3, 1, 1, 3, 3, 3, 3, 3, 3, 1, 1]","[0, 1, 1, 2, 2, 3, 3, 4, 4, 5, 5, 6, 6, 7, 7, 8, 8, 9, 9, 10, 10, 11, 11, 12, 12, 13, 13, 14, 14, 15, 15, 16, 16, 17, 17, 18, 18, 19, 19, 20, 20, 21, 20, 22, 22, 23, 12, 24, 24, 25, 25, 26, 24, 27, 27, 28, 7, 29, 29, 30, 4, 31, 31, 32, 31, 33, 33, 34, 34, 35, 34, 2, 28, 6, 28, 10, 23, 17]","[1, 0, 2, 1, 3, 2, 4, 3, 5, 4, 6, 5, 7, 6, 8, 7, 9, 8, 10, 9, 11, 10, 12, 11, 13, 12, 14, 13, 15, 14, 16, 15, 17, 16, 18, 17, 19, 18, 20, 19, 21, 20, 22, 20, 23, 22, 24, 12, 25, 24, 26, 25, 27, 24, 28, 27, 29, 7, 30, 29, 31, 4, 32, 31, 33, 31, 34, 33, 35, 34, 2, 34, 6, 28, 10, 28, 17, 23]",-4.8795513261000005
58,122,"[1, 1, 2, 1, 1, 1, 1, 1, 2, 1, 2, 1, 2, 1, 1, 1, 2, 1, 1, 1, 1, 2, 1, 2, 1, 1, 1, 1, 1, 3, 1, 2, 2, 1, 1, 1, 1, 2, 1, 3, 2, 1, 1, 1, 1, 1, 1, 8, 3, 3, 3, 2, 1, 1, 3, 1, 3, 3]","[1, 1, 1, 1, 1, 1, 1, 1, 1, 1, 1, 1, 1, 1, 1, 1, 1, 1, 3, 3, 3, 3, 1, 1, 1, 1, 1, 1, 1, 1, 1, 1, 1, 1, 1, 1, 1, 1, 1, 1, 3, 3, 3, 3, 1, 1, 1, 1, 3, 3, 3, 3, 3, 3, 3, 3, 1, 1, 3, 3, 1, 1, 2, 2, 1, 1, 3, 3, 3, 3, 3, 3, 3, 3, 3, 3, 2, 2, 3, 3, 3, 3, 3, 3, 3, 3, 3, 3, 3, 3, 3, 3, 1, 1, 1, 1, 2, 2, 2, 2, 3, 3, 1, 1, 1, 1, 1, 1, 1, 1, 2, 2, 3, 3, 3, 3, 3, 3, 3, 3, 3, 3]","[0, 1, 1, 2, 2, 3, 3, 4, 2, 5, 5, 6, 6, 7, 7, 8, 8, 9, 9, 10, 10, 11, 11, 12, 12, 13, 13, 14, 14, 15, 15, 16, 16, 17, 17, 18, 16, 19, 19, 20, 11, 21, 21, 22, 22, 23, 23, 24, 24, 25, 25, 26, 26, 27, 27, 28, 28, 29, 28, 30, 30, 31, 31, 32, 32, 33, 33, 34, 34, 35, 35, 36, 36, 37, 37, 38, 38, 39, 38, 40, 40, 41, 41, 42, 30, 43, 43, 44, 44, 45, 45, 46, 43, 47, 47, 48, 47, 49, 47, 50, 22, 51, 52, 53, 53, 54, 53, 55, 55, 56, 55, 57, 51, 9, 46, 24, 45, 27, 42, 33, 41, 36]","[1, 0, 2, 1, 3, 2, 4, 3, 5, 2, 6, 5, 7, 6, 8, 7, 9, 8, 10, 9, 11, 10, 12, 11, 13, 12, 14, 13, 15, 14, 16, 15, 17, 16, 18, 17, 19, 16, 20, 19, 21, 11, 22, 21, 23, 22, 24, 23, 25, 24, 26, 25, 27, 26, 28, 27, 29, 28, 30, 28, 31, 30, 32, 31, 33, 32, 34, 33, 35, 34, 36, 35, 37, 36, 38, 37, 39, 38, 40, 38, 41, 40, 42, 41, 43, 30, 44, 43, 45, 44, 46, 45, 47, 43, 48, 47, 49, 47, 50, 47, 51, 22, 53, 52, 54, 53, 55, 53, 56, 55, 57, 55, 9, 51, 24, 46, 27, 45, 33, 42, 36, 41]",-0.64043406
44,90,"[9, 9, 3, 1, 1, 1, 1, 1, 2, 1, 2, 1, 4, 2, 1, 4, 2, 1, 1, 1, 1, 1, 2, 2, 1, 1, 1, 1, 1, 1, 8, 3, 3, 1, 1, 3, 8, 3, 3, 3, 8, 3, 3, 3]","[1, 1, 3, 3, 3, 3, 3, 3, 3, 3, 1, 1, 1, 1, 3, 3, 3, 3, 1, 1, 3, 3, 3, 3, 1, 1, 3, 3, 3, 3, 3, 3, 3, 3, 3, 3, 3, 3, 1, 1, 2, 2, 1, 1, 3, 3, 3, 3, 3, 3, 3, 3, 3, 3, 1, 1, 2, 2, 2, 2, 1, 1, 1, 1, 1, 1, 1, 1, 1, 1, 2, 2, 2, 2, 1, 1, 1, 1, 2, 2, 2, 2, 3, 3, 3, 3, 3, 3, 3, 3]","[2, 3, 3, 4, 4, 5, 5, 6, 6, 7, 7, 8, 8, 9, 9, 10, 10, 11, 11, 12, 11, 13, 13, 14, 14, 15, 14, 16, 7, 17, 17, 18, 18, 19, 19, 20, 20, 21, 21, 22, 22, 23, 23, 24, 24, 25, 25, 26, 26, 27, 27, 28, 28, 29, 27, 30, 30, 31, 30, 32, 30, 33, 33, 34, 34, 35, 35, 36, 36, 37, 36, 38, 36, 39, 20, 40, 40, 41, 40, 42, 40, 43, 21, 3, 18, 4, 16, 9, 29, 24]","[3, 2, 4, 3, 5, 4, 6, 5, 7, 6, 8, 7, 9, 8, 10, 9, 11, 10, 12, 11, 13, 11, 14, 13, 15, 14, 16, 14, 17, 7, 18, 17, 19, 18, 20, 19, 21, 20, 22, 21, 23, 22, 24, 23, 25, 24, 26, 25, 27, 26, 28, 27, 29, 28, 30, 27, 31, 30, 32, 30, 33, 30, 34, 33, 35, 34, 36, 35, 37, 36, 38, 36, 39, 36, 40, 20, 41, 40, 42, 40, 43, 40, 3, 21, 4, 18, 9, 16, 24, 29]",-1.5783823574
56,114,"[2, 1, 1, 1, 1, 1, 3, 1, 2, 2, 1, 1, 1, 1, 1, 1, 2, 2, 1, 1, 1, 1, 1, 1, 8, 3, 3, 3, 1, 1, 1, 1, 8, 3, 3, 3, 3, 1, 1, 2, 1, 1, 3, 1, 1, 3, 3, 1, 1, 2, 1, 1, 3, 1, 1, 3]","[1, 1, 3, 3, 3, 3, 3, 3, 1, 1, 2, 2, 1, 1, 2, 2, 1, 1, 1, 1, 3, 3, 3, 3, 3, 3, 3, 3, 3, 3, 1, 1, 2, 2, 1, 1, 3, 3, 3, 3, 3, 3, 3, 3, 3, 3, 1, 1, 1, 1, 2, 2, 2, 2, 1, 1, 2, 2, 1, 1, 3, 3, 1, 1, 1, 1, 2, 2, 2, 2, 1, 1, 1, 1, 1, 1, 1, 1, 1, 1, 1, 1, 1, 1, 1, 1, 1, 1, 1, 1, 1, 1, 1, 1, 1, 1, 1, 1, 1, 1, 1, 1, 1, 1, 1, 1, 3, 3, 3, 3, 3, 3, 3, 3]","[0, 1, 1, 2, 2, 3, 3, 4, 4, 5, 5, 6, 5, 7, 7, 8, 8, 9, 9, 10, 10, 11, 11, 12, 12, 13, 13, 14, 14, 15, 13, 16, 16, 17, 17, 18, 18, 19, 19, 20, 20, 21, 21, 22, 22, 23, 21, 24, 24, 25, 24, 26, 24, 27, 7, 28, 28, 29, 29, 30, 30, 31, 28, 32, 32, 33, 32, 34, 32, 35, 36, 37, 37, 38, 38, 39, 39, 40, 40, 41, 41, 42, 39, 43, 43, 44, 44, 45, 46, 47, 47, 48, 48, 49, 49, 50, 50, 51, 51, 52, 49, 53, 53, 54, 54, 55, 31, 1, 30, 4, 15, 10, 23, 18]","[1, 0, 2, 1, 3, 2, 4, 3, 5, 4, 6, 5, 7, 5, 8, 7, 9, 8, 10, 9, 11, 10, 12, 11, 13, 12, 14, 13, 15, 14, 16, 13, 17, 16, 18, 17, 19, 18, 20, 19, 21, 20, 22, 21, 23, 22, 24, 21, 25, 24, 26, 24, 27, 24, 28, 7, 29, 28, 30, 29, 31, 30, 32, 28, 33, 32, 34, 32, 35, 32, 37, 36, 38, 37, 39, 38, 40, 39, 41, 40, 42, 41, 43, 39, 44, 43, 45, 44, 47, 46, 48, 47, 49, 48, 50, 49, 51, 50, 52, 51, 53, 49, 54, 53, 55, 54, 1, 31, 4, 30, 10, 15, 18, 23]",-0.6359046156
90,184,"[9, 9, 9, 9, 9, 9, 3, 8, 3, 3, 1, 1, 1, 1, 2, 1, 2, 1, 4, 2, 1, 2, 1, 1, 2, 1, 1, 1, 1, 2, 1, 1, 1, 3, 1, 1, 1, 1, 1, 2, 1, 1, 2, 1, 2, 1, 4, 2, 1, 2, 1, 1, 1, 1, 1, 1, 8, 3, 3, 3, 8, 3, 3, 3, 2, 1, 8, 3, 3, 3, 2, 1, 1, 1, 3, 1, 1, 8, 3, 3, 3, 4, 4, 2, 1, 1, 8, 3, 3, 3]","[1, 1, 2, 2, 2, 2, 1, 1, 3, 3, 3, 3, 3, 3, 1, 1, 1, 1, 3, 3, 3, 3, 1, 1, 3, 3, 3, 3, 1, 1, 1, 1, 1, 1, 1, 1, 1, 1, 3, 3, 3, 3, 3, 3, 1, 1, 2, 2, 3, 3, 3, 3, 1, 1, 1, 1, 3, 3, 3, 3, 3, 3, 3, 3, 1, 1, 1, 1, 1, 1, 1, 1, 1, 1, 3, 3, 3, 3, 1, 1, 3, 3, 3, 3, 1, 1, 1, 1, 3, 3, 3, 3, 3, 3, 3, 3, 3, 3, 1, 1, 1, 1, 2, 2, 2, 2, 1, 1, 1, 1, 2, 2, 2, 2, 3, 3, 3, 3, 1, 1, 1, 1, 2, 2, 2, 2, 1, 1, 2, 2, 3, 3, 3, 3, 1, 1, 1, 1, 3, 3, 1, 1, 1, 1, 2, 2, 2, 2, 1, 1, 1, 1, 3, 3, 3, 3, 3, 3, 1, 1, 1, 1, 2, 2, 2, 2, 3, 3, 3, 3, 3, 3, 3, 3, 3, 3, 3, 3, 3, 3, 3, 3, 3, 3]","[6, 7, 7, 8, 7, 9, 7, 10, 10, 11, 11, 12, 12, 13, 13, 14, 14, 15, 15, 16, 16, 17, 17, 18, 17, 19, 19, 20, 20, 21, 21, 22, 22, 23, 23, 24, 24, 25, 25, 26, 26, 27, 27, 28, 28, 29, 29, 30, 30, 31, 31, 32, 32, 33, 33, 34, 34, 35, 35, 36, 36, 37, 37, 38, 38, 39, 39, 40, 40, 41, 41, 42, 42, 43, 43, 44, 44, 45, 45, 46, 45, 47, 47, 48, 48, 49, 49, 50, 50, 51, 51, 52, 52, 53, 53, 54, 54, 55, 55, 56, 56, 57, 56, 58, 56, 59, 53, 60, 60, 61, 60, 62, 60, 63, 48, 64, 38, 65, 65, 66, 66, 67, 66, 68, 66, 69, 35, 70, 70, 71, 71, 72, 72, 73, 73, 74, 74, 75, 75, 76, 76, 77, 77, 78, 77, 79, 77, 80, 72, 81, 31, 82, 20, 83, 13, 84, 84, 85, 84, 86, 86, 87, 86, 88, 86, 89, 85, 10, 83, 15, 76, 25, 75, 28, 73, 30, 71, 32, 65, 34, 64, 43, 55, 50]","[7, 6, 8, 7, 9, 7, 10, 7, 11, 10, 12, 11, 13, 12, 14, 13, 15, 14, 16, 15, 17, 16, 18, 17, 19, 17, 20, 19, 21, 20, 22, 21, 23, 22, 24, 23, 25, 24, 26, 25, 27, 26, 28, 27, 29, 28, 30, 29, 31, 30, 32, 31, 33, 32, 34, 33, 35, 34, 36, 35, 37, 36, 38, 37, 39, 38, 40, 39, 41, 40, 42, 41, 43, 42, 44, 43, 45, 44, 46, 45, 47, 45, 48, 47, 49, 48, 50, 49, 51, 50, 52, 51, 53, 52, 54, 53, 55, 54, 56, 55, 57, 56, 58, 56, 59, 56, 60, 53, 61, 60, 62, 60, 63, 60, 64, 48, 65, 38, 66, 65, 67, 66, 68, 66, 69, 66, 70, 35, 71, 70, 72, 71, 73, 72, 74, 73, 75, 74, 76, 75, 77, 76, 78, 77, 79, 77, 80, 77, 81, 72, 82, 31, 83, 20, 84, 13, 85, 84, 86, 84, 87, 86, 88, 86, 89, 86, 10, 85, 15, 83, 25, 76, 28, 75, 30, 73, 32, 71, 34, 65, 43, 64, 50, 55]",-0.8795540191
38,78,"[9, 9, 2, 1, 1, 1, 1, 1, 3, 1, 2, 2, 1, 1, 1, 1, 1, 1, 2, 2, 1, 1, 1, 1, 1, 1, 8, 3, 3, 3, 1, 1, 1, 1, 8, 3, 3, 3]","[1, 1, 3, 3, 3, 3, 3, 3, 3, 3, 1, 1, 3, 3, 1, 1, 2, 2, 1, 1, 3, 3, 3, 3, 3, 3, 3, 3, 3, 3, 1, 1, 2, 2, 1, 1, 3, 3, 3, 3, 3, 3, 3, 3, 3, 3, 1, 1, 1, 1, 2, 2, 2, 2, 3, 3, 3, 3, 3, 3, 3, 3, 1, 1, 1, 1, 2, 2, 2, 2, 3, 3, 3, 3, 3, 3, 3, 3]","[2, 3, 3, 4, 4, 5, 5, 6, 6, 7, 7, 8, 7, 9, 9, 10, 10, 11, 11, 12, 12, 13, 13, 14, 14, 15, 15, 16, 16, 17, 15, 18, 18, 19, 19, 20, 20, 21, 21, 22, 22, 23, 23, 24, 24, 25, 23, 26, 26, 27, 26, 28, 26, 29, 9, 30, 30, 31, 31, 32, 32, 33, 30, 34, 34, 35, 34, 36, 34, 37, 33, 3, 32, 6, 17, 12, 25, 20]","[3, 2, 4, 3, 5, 4, 6, 5, 7, 6, 8, 7, 9, 7, 10, 9, 11, 10, 12, 11, 13, 12, 14, 13, 15, 14, 16, 15, 17, 16, 18, 15, 19, 18, 20, 19, 21, 20, 22, 21, 23, 22, 24, 23, 25, 24, 26, 23, 27, 26, 28, 26, 29, 26, 30, 9, 31, 30, 32, 31, 33, 32, 34, 30, 35, 34, 36, 34, 37, 34, 3, 33, 6, 32, 12, 17, 20, 25]",-0.4603540840999999
26,58,"[3, 1, 3, 1, 1, 1, 1, 1, 1, 1, 1, 1, 1, 1, 1, 1, 1, 1, 1, 1, 1, 1, 3, 3, 1, 1]","[1, 1, 2, 2, 1, 1, 3, 3, 3, 3, 3, 3, 3, 3, 3, 3, 3, 3, 3, 3, 3, 3, 1, 1, 3, 3, 3, 3, 3, 3, 3, 3, 3, 3, 3, 3, 3, 3, 3, 3, 1, 1, 1, 1, 2, 2, 3, 3, 3, 3, 3, 3, 3, 3, 3, 3, 3, 3]","[0, 1, 1, 2, 1, 3, 3, 4, 4, 5, 5, 6, 6, 7, 7, 8, 8, 9, 9, 10, 10, 11, 11, 12, 12, 13, 13, 14, 14, 15, 15, 16, 16, 17, 17, 18, 18, 19, 19, 20, 20, 21, 21, 22, 21, 23, 20, 24, 11, 25, 25, 3, 25, 7, 24, 12, 24, 16]","[1, 0, 2, 1, 3, 1, 4, 3, 5, 4, 6, 5, 7, 6, 8, 7, 9, 8, 10, 9, 11, 10, 12, 11, 13, 12, 14, 13, 15, 14, 16, 15, 17, 16, 18, 17, 19, 18, 20, 19, 21, 20, 22, 21, 23, 21, 24, 20, 25, 11, 3, 25, 7, 25, 12, 24, 16, 24]",-2.2334403365
14,30,"[1, 1, 1, 8, 1, 1, 2, 1, 3, 2, 1, 1, 3, 3]","[1, 1, 1, 1, 1, 1, 1, 1, 1, 1, 1, 1, 1, 1, 2, 2, 1, 1, 1, 1, 1, 1, 1, 1, 2, 2, 1, 1, 1, 1]","[0, 1, 1, 2, 1, 3, 3, 4, 4, 5, 5, 6, 5, 7, 7, 8, 7, 9, 9, 10, 10, 11, 11, 12, 11, 13, 10, 1, 9, 4]","[1, 0, 2, 1, 3, 1, 4, 3, 5, 4, 6, 5, 7, 5, 8, 7, 9, 7, 10, 9, 11, 10, 12, 11, 13, 11, 1, 10, 4, 9]",-1.9440451079
20,40,"[1, 1, 1, 1, 1, 1, 1, 1, 1, 1, 1, 1, 1, 1, 1, 1, 1, 1, 1, 1]","[1, 1, 1, 1, 1, 1, 1, 1, 1, 1, 1, 1, 2, 2, 1, 1, 1, 1, 1, 1, 1, 1, 1, 1, 1, 1, 1, 1, 1, 1, 2, 2, 1, 1, 1, 1, 1, 1, 1, 1]","[0, 1, 1, 2, 1, 3, 3, 4, 4, 5, 5, 6, 6, 7, 7, 8, 6, 9, 10, 11, 11, 12, 11, 13, 13, 14, 14, 15, 15, 16, 16, 17, 17, 18, 16, 19, 8, 3, 18, 13]","[1, 0, 2, 1, 3, 1, 4, 3, 5, 4, 6, 5, 7, 6, 8, 7, 9, 6, 11, 10, 12, 11, 13, 11, 14, 13, 15, 14, 16, 15, 17, 16, 18, 17, 19, 16, 3, 8, 13, 18]",-5.495255435900001
12,26,"[1, 1, 3, 1, 1, 3, 1, 1, 1, 1, 1, 1]","[1, 1, 1, 1, 1, 1, 1, 1, 1, 1, 1, 1, 3, 3, 3, 3, 3, 3, 3, 3, 3, 3, 1, 1, 3, 3]","[0, 1, 1, 2, 2, 3, 3, 4, 4, 5, 4, 6, 6, 7, 7, 8, 8, 9, 9, 10, 10, 11, 5, 1, 11, 6]","[1, 0, 2, 1, 3, 2, 4, 3, 5, 4, 6, 4, 7, 6, 8, 7, 9, 8, 10, 9, 11, 10, 1, 5, 6, 11]",-1.805450609
33,72,"[1, 1, 3, 1, 3, 1, 2, 2, 1, 1, 1, 1, 1, 1, 2, 3, 3, 1, 3, 1, 2, 2, 1, 2, 1, 3, 1, 1, 1, 1, 1, 1, 8]","[1, 1, 1, 1, 1, 1, 2, 2, 1, 1, 2, 2, 1, 1, 1, 1, 3, 3, 3, 3, 3, 3, 3, 3, 3, 3, 1, 1, 1, 1, 2, 2, 1, 1, 2, 2, 1, 1, 3, 3, 3, 3, 3, 3, 3, 3, 3, 3, 2, 2, 3, 3, 3, 3, 3, 3, 3, 3, 3, 3, 3, 3, 3, 3, 3, 3, 3, 3, 3, 3, 3, 3]","[0, 1, 1, 2, 2, 3, 3, 4, 3, 5, 5, 6, 6, 7, 7, 8, 8, 9, 9, 10, 10, 11, 11, 12, 12, 13, 11, 14, 14, 15, 14, 16, 5, 17, 17, 18, 17, 19, 19, 20, 20, 21, 21, 22, 22, 23, 23, 24, 24, 25, 24, 26, 26, 27, 27, 28, 28, 29, 29, 30, 30, 31, 22, 32, 13, 8, 32, 19, 31, 21, 31, 26]","[1, 0, 2, 1, 3, 2, 4, 3, 5, 3, 6, 5, 7, 6, 8, 7, 9, 8, 10, 9, 11, 10, 12, 11, 13, 12, 14, 11, 15, 14, 16, 14, 17, 5, 18, 17, 19, 17, 20, 19, 21, 20, 22, 21, 23, 22, 24, 23, 25, 24, 26, 24, 27, 26, 28, 27, 29, 28, 30, 29, 31, 30, 32, 22, 8, 13, 19, 32, 21, 31, 26, 31]",-2.2216330999
65,128,"[9, 9, 21, 2, 1, 1, 1, 1, 1, 1, 2, 3, 3, 2, 1, 1, 1, 1, 1, 1, 8, 3, 3, 3, 2, 1, 1, 1, 1, 2, 1, 1, 1, 1, 1, 1, 1, 1, 8, 3, 3, 3, 3, 1, 1, 1, 3, 1, 1, 1, 2, 2, 1, 1, 1, 1, 1, 1, 3, 2, 3, 3, 2, 3, 3]","[1, 1, 3, 3, 3, 3, 3, 3, 3, 3, 3, 3, 1, 1, 1, 1, 2, 2, 1, 1, 3, 3, 3, 3, 3, 3, 3, 3, 3, 3, 1, 1, 1, 1, 2, 2, 2, 2, 1, 1, 3, 3, 3, 3, 3, 3, 1, 1, 1, 1, 3, 3, 3, 3, 3, 3, 3, 3, 3, 3, 3, 3, 3, 3, 1, 1, 1, 1, 2, 2, 2, 2, 1, 1, 2, 2, 1, 1, 2, 2, 1, 1, 2, 2, 1, 1, 2, 2, 1, 1, 1, 1, 3, 3, 3, 3, 3, 3, 3, 3, 3, 3, 1, 1, 1, 1, 1, 1, 2, 2, 1, 1, 1, 1, 2, 2, 3, 3, 3, 3, 3, 3, 3, 3, 1, 1, 3, 3]","[3, 4, 4, 5, 5, 6, 6, 7, 7, 8, 8, 9, 7, 10, 10, 11, 10, 12, 13, 14, 14, 15, 15, 16, 16, 17, 17, 18, 18, 19, 18, 20, 20, 21, 20, 22, 20, 23, 24, 25, 25, 26, 26, 27, 27, 28, 28, 29, 29, 30, 30, 31, 31, 32, 32, 33, 33, 34, 34, 35, 28, 36, 36, 37, 36, 38, 38, 39, 38, 40, 38, 41, 42, 43, 43, 44, 44, 45, 45, 46, 45, 47, 47, 48, 48, 49, 49, 50, 50, 51, 51, 52, 52, 53, 53, 54, 54, 55, 55, 56, 56, 57, 57, 58, 56, 59, 59, 60, 59, 61, 54, 62, 62, 63, 62, 64, 9, 4, 19, 14, 37, 25, 35, 30, 49, 43, 57, 52]","[4, 3, 5, 4, 6, 5, 7, 6, 8, 7, 9, 8, 10, 7, 11, 10, 12, 10, 14, 13, 15, 14, 16, 15, 17, 16, 18, 17, 19, 18, 20, 18, 21, 20, 22, 20, 23, 20, 25, 24, 26, 25, 27, 26, 28, 27, 29, 28, 30, 29, 31, 30, 32, 31, 33, 32, 34, 33, 35, 34, 36, 28, 37, 36, 38, 36, 39, 38, 40, 38, 41, 38, 43, 42, 44, 43, 45, 44, 46, 45, 47, 45, 48, 47, 49, 48, 50, 49, 51, 50, 52, 51, 53, 52, 54, 53, 55, 54, 56, 55, 57, 56, 58, 57, 59, 56, 60, 59, 61, 59, 62, 54, 63, 62, 64, 62, 4, 9, 14, 19, 25, 37, 30, 35, 43, 49, 52, 57]",-2.5268154232
11,22,"[1, 1, 1, 1, 3, 1, 1, 1, 1, 1, 3]","[1, 1, 2, 2, 1, 1, 2, 2, 1, 1, 1, 1, 1, 1, 1, 1, 1, 1, 2, 2, 1, 1]","[0, 1, 1, 2, 2, 3, 3, 4, 3, 5, 5, 6, 6, 7, 6, 8, 6, 9, 9, 10, 9, 1]","[1, 0, 2, 1, 3, 2, 4, 3, 5, 3, 6, 5, 7, 6, 8, 6, 9, 6, 10, 9, 1, 9]",-0.8779041501
84,166,"[9, 9, 9, 9, 9, 31, 3, 1, 3, 1, 1, 1, 1, 1, 1, 2, 2, 1, 2, 2, 1, 1, 1, 1, 1, 2, 1, 2, 1, 4, 2, 1, 2, 2, 1, 1, 1, 1, 1, 1, 8, 3, 3, 3, 2, 1, 2, 1, 4, 2, 1, 2, 1, 1, 1, 1, 1, 1, 8, 3, 3, 3, 2, 8, 3, 3, 3, 1, 3, 8, 3, 3, 3, 1, 1, 1, 1, 1, 1, 8, 3, 3, 3, 30]","[1, 1, 2, 2, 1, 1, 3, 3, 3, 3, 3, 3, 3, 3, 3, 3, 1, 1, 1, 1, 1, 1, 2, 2, 1, 1, 1, 1, 3, 3, 3, 3, 3, 3, 3, 3, 1, 1, 1, 1, 3, 3, 3, 3, 1, 1, 3, 3, 3, 3, 3, 3, 1, 1, 2, 2, 1, 1, 2, 2, 1, 1, 1, 1, 2, 2, 1, 1, 1, 1, 2, 2, 2, 2, 2, 2, 1, 1, 3, 3, 3, 3, 1, 1, 3, 3, 3, 3, 1, 1, 1, 1, 3, 3, 3, 3, 3, 3, 3, 3, 3, 3, 1, 1, 1, 1, 2, 2, 2, 2, 3, 3, 1, 1, 1, 1, 2, 2, 2, 2, 3, 3, 1, 1, 1, 1, 1, 1, 2, 2, 2, 2, 1, 1, 3, 3, 3, 3, 3, 3, 3, 3, 3, 3, 1, 1, 1, 1, 2, 2, 2, 2, 3, 3, 3, 3, 3, 3, 1, 1, 3, 3, 3, 3, 3, 3]","[6, 7, 7, 8, 7, 9, 9, 10, 10, 11, 11, 12, 12, 13, 13, 14, 14, 15, 15, 16, 16, 17, 17, 18, 18, 19, 19, 20, 20, 21, 21, 22, 22, 23, 23, 24, 24, 25, 25, 26, 26, 27, 27, 28, 28, 29, 28, 30, 30, 31, 31, 32, 31, 33, 33, 34, 34, 35, 35, 36, 36, 37, 37, 38, 38, 39, 39, 40, 40, 41, 40, 42, 40, 43, 37, 44, 44, 45, 45, 46, 46, 47, 47, 48, 47, 49, 49, 50, 50, 51, 51, 52, 52, 53, 53, 54, 54, 55, 55, 56, 56, 57, 56, 58, 58, 59, 58, 60, 58, 61, 50, 62, 36, 63, 63, 64, 63, 65, 63, 66, 24, 67, 67, 68, 22, 69, 69, 70, 69, 71, 69, 72, 17, 73, 73, 74, 74, 75, 75, 76, 76, 77, 77, 78, 11, 79, 79, 80, 79, 81, 79, 82, 14, 9, 67, 20, 32, 26, 39, 34, 62, 45, 57, 52, 78, 73]","[7, 6, 8, 7, 9, 7, 10, 9, 11, 10, 12, 11, 13, 12, 14, 13, 15, 14, 16, 15, 17, 16, 18, 17, 19, 18, 20, 19, 21, 20, 22, 21, 23, 22, 24, 23, 25, 24, 26, 25, 27, 26, 28, 27, 29, 28, 30, 28, 31, 30, 32, 31, 33, 31, 34, 33, 35, 34, 36, 35, 37, 36, 38, 37, 39, 38, 40, 39, 41, 40, 42, 40, 43, 40, 44, 37, 45, 44, 46, 45, 47, 46, 48, 47, 49, 47, 50, 49, 51, 50, 52, 51, 53, 52, 54, 53, 55, 54, 56, 55, 57, 56, 58, 56, 59, 58, 60, 58, 61, 58, 62, 50, 63, 36, 64, 63, 65, 63, 66, 63, 67, 24, 68, 67, 69, 22, 70, 69, 71, 69, 72, 69, 73, 17, 74, 73, 75, 74, 76, 75, 77, 76, 78, 77, 79, 11, 80, 79, 81, 79, 82, 79, 9, 14, 20, 67, 26, 32, 34, 39, 45, 62, 52, 57, 73, 78]",-0.8254112341
57,118,"[9, 9, 1, 3, 1, 1, 1, 1, 1, 1, 2, 1, 2, 1, 2, 1, 1, 1, 1, 1, 1, 3, 1, 2, 2, 1, 1, 1, 1, 1, 1, 8, 3, 3, 3, 2, 1, 2, 2, 1, 1, 3, 1, 1, 3, 2, 2, 1, 1, 1, 1, 1, 1, 8, 3, 3, 3]","[1, 1, 1, 1, 3, 3, 3, 3, 3, 3, 3, 3, 3, 3, 1, 1, 1, 1, 3, 3, 3, 3, 1, 1, 1, 1, 3, 3, 3, 3, 3, 3, 3, 3, 3, 3, 1, 1, 1, 1, 1, 1, 2, 2, 1, 1, 3, 3, 3, 3, 3, 3, 3, 3, 3, 3, 1, 1, 1, 1, 2, 2, 2, 2, 3, 3, 3, 3, 3, 3, 1, 1, 1, 1, 1, 1, 1, 1, 1, 1, 1, 1, 1, 1, 1, 1, 2, 2, 1, 1, 3, 3, 3, 3, 3, 3, 3, 3, 3, 3, 1, 1, 1, 1, 2, 2, 2, 2, 3, 3, 3, 3, 3, 3, 3, 3, 3, 3]","[2, 3, 3, 4, 4, 5, 5, 6, 6, 7, 7, 8, 8, 9, 9, 10, 10, 11, 11, 12, 12, 13, 13, 14, 14, 15, 15, 16, 16, 17, 17, 18, 18, 19, 19, 20, 20, 21, 21, 22, 18, 23, 23, 24, 24, 25, 25, 26, 26, 27, 27, 28, 28, 29, 29, 30, 29, 31, 31, 32, 31, 33, 31, 34, 13, 35, 35, 36, 36, 37, 36, 38, 38, 39, 39, 40, 40, 41, 38, 42, 42, 43, 43, 44, 6, 45, 45, 46, 46, 47, 47, 48, 48, 49, 49, 50, 50, 51, 51, 52, 51, 53, 53, 54, 53, 55, 53, 56, 9, 4, 37, 11, 20, 15, 30, 25, 52, 47]","[3, 2, 4, 3, 5, 4, 6, 5, 7, 6, 8, 7, 9, 8, 10, 9, 11, 10, 12, 11, 13, 12, 14, 13, 15, 14, 16, 15, 17, 16, 18, 17, 19, 18, 20, 19, 21, 20, 22, 21, 23, 18, 24, 23, 25, 24, 26, 25, 27, 26, 28, 27, 29, 28, 30, 29, 31, 29, 32, 31, 33, 31, 34, 31, 35, 13, 36, 35, 37, 36, 38, 36, 39, 38, 40, 39, 41, 40, 42, 38, 43, 42, 44, 43, 45, 6, 46, 45, 47, 46, 48, 47, 49, 48, 50, 49, 51, 50, 52, 51, 53, 51, 54, 53, 55, 53, 56, 53, 4, 9, 11, 37, 15, 20, 25, 30, 47, 52]",-1.6008155248
70,146,"[9, 9, 9, 9, 3, 8, 3, 3, 1, 1, 1, 1, 1, 1, 1, 2, 2, 1, 1, 1, 3, 1, 1, 1, 1, 1, 1, 1, 8, 3, 3, 3, 2, 1, 3, 2, 1, 1, 1, 1, 1, 3, 1, 2, 2, 1, 1, 1, 1, 1, 1, 1, 1, 1, 1, 8, 3, 3, 3, 1, 1, 1, 1, 8, 3, 3, 3, 1, 1, 1]","[1, 1, 2, 2, 2, 2, 1, 1, 3, 3, 3, 3, 3, 3, 3, 3, 3, 3, 3, 3, 1, 1, 1, 1, 1, 1, 2, 2, 1, 1, 2, 2, 1, 1, 2, 2, 1, 1, 1, 1, 2, 2, 1, 1, 2, 2, 1, 1, 1, 1, 2, 2, 2, 2, 2, 2, 1, 1, 2, 2, 1, 1, 1, 1, 3, 3, 3, 3, 3, 3, 1, 1, 2, 2, 1, 1, 2, 2, 1, 1, 1, 1, 3, 3, 3, 3, 3, 3, 3, 3, 3, 3, 3, 3, 3, 3, 3, 3, 3, 3, 1, 1, 1, 1, 2, 2, 2, 2, 1, 1, 2, 2, 1, 1, 3, 3, 1, 1, 1, 1, 2, 2, 2, 2, 3, 3, 3, 3, 3, 3, 3, 3, 3, 3, 1, 1, 1, 1, 3, 3, 3, 3, 3, 3, 3, 3]","[4, 5, 5, 6, 5, 7, 5, 8, 8, 9, 9, 10, 10, 11, 11, 12, 12, 13, 13, 14, 14, 15, 15, 16, 16, 17, 17, 18, 18, 19, 19, 20, 19, 21, 21, 22, 22, 23, 23, 24, 24, 25, 25, 26, 26, 27, 27, 28, 28, 29, 28, 30, 28, 31, 23, 32, 32, 33, 33, 34, 33, 35, 35, 36, 36, 37, 37, 38, 38, 39, 39, 40, 40, 41, 40, 42, 42, 43, 43, 44, 44, 45, 45, 46, 46, 47, 47, 48, 48, 49, 49, 50, 50, 51, 51, 52, 52, 53, 53, 54, 52, 55, 55, 56, 55, 57, 55, 58, 42, 59, 59, 60, 60, 61, 61, 62, 59, 63, 63, 64, 63, 65, 63, 66, 14, 67, 67, 68, 68, 69, 69, 8, 69, 12, 27, 17, 26, 21, 62, 36, 61, 39, 54, 45, 53, 48]","[5, 4, 6, 5, 7, 5, 8, 5, 9, 8, 10, 9, 11, 10, 12, 11, 13, 12, 14, 13, 15, 14, 16, 15, 17, 16, 18, 17, 19, 18, 20, 19, 21, 19, 22, 21, 23, 22, 24, 23, 25, 24, 26, 25, 27, 26, 28, 27, 29, 28, 30, 28, 31, 28, 32, 23, 33, 32, 34, 33, 35, 33, 36, 35, 37, 36, 38, 37, 39, 38, 40, 39, 41, 40, 42, 40, 43, 42, 44, 43, 45, 44, 46, 45, 47, 46, 48, 47, 49, 48, 50, 49, 51, 50, 52, 51, 53, 52, 54, 53, 55, 52, 56, 55, 57, 55, 58, 55, 59, 42, 60, 59, 61, 60, 62, 61, 63, 59, 64, 63, 65, 63, 66, 63, 67, 14, 68, 67, 69, 68, 8, 69, 12, 69, 17, 27, 21, 26, 36, 62, 39, 61, 45, 54, 48, 53]",-0.6872171371
13,24,"[9, 1, 1, 3, 1, 1, 3, 3, 1, 1, 1, 3, 1]","[1, 1, 2, 2, 1, 1, 3, 3, 2, 2, 3, 3, 3, 3, 3, 3, 3, 3, 2, 2, 1, 1, 3, 3]","[1, 2, 2, 3, 2, 4, 4, 5, 5, 6, 5, 7, 7, 8, 8, 9, 9, 10, 10, 11, 8, 12, 10, 4]","[2, 1, 3, 2, 4, 2, 5, 4, 6, 5, 7, 5, 8, 7, 9, 8, 10, 9, 11, 10, 12, 8, 4, 10]",0.0845613317
54,106,"[9, 9, 9, 9, 31, 2, 1, 2, 1, 4, 2, 1, 2, 1, 1, 1, 1, 1, 1, 1, 1, 2, 2, 1, 1, 1, 1, 1, 1, 1, 1, 1, 1, 3, 8, 3, 3, 3, 8, 3, 3, 3, 1, 3, 1, 8, 3, 3, 3, 8, 3, 3, 3, 2]","[1, 1, 3, 3, 3, 3, 1, 1, 3, 3, 3, 3, 1, 1, 1, 1, 3, 3, 3, 3, 3, 3, 3, 3, 3, 3, 3, 3, 3, 3, 1, 1, 2, 2, 1, 1, 3, 3, 3, 3, 3, 3, 3, 3, 3, 3, 3, 3, 3, 3, 3, 3, 3, 3, 1, 1, 1, 1, 1, 1, 2, 2, 2, 2, 1, 1, 1, 1, 2, 2, 2, 2, 3, 3, 1, 1, 3, 3, 1, 1, 1, 1, 2, 2, 2, 2, 1, 1, 1, 1, 2, 2, 2, 2, 3, 3, 3, 3, 3, 3, 3, 3, 3, 3, 3, 3]","[5, 6, 6, 7, 7, 8, 8, 9, 8, 10, 10, 11, 11, 12, 12, 13, 13, 14, 14, 15, 15, 16, 16, 17, 17, 18, 18, 19, 19, 20, 20, 21, 21, 22, 22, 23, 23, 24, 24, 25, 25, 26, 26, 27, 27, 28, 28, 29, 29, 30, 30, 31, 31, 32, 32, 33, 30, 34, 34, 35, 34, 36, 34, 37, 25, 38, 38, 39, 38, 40, 38, 41, 20, 42, 42, 43, 42, 44, 19, 45, 45, 46, 45, 47, 45, 48, 15, 49, 49, 50, 49, 51, 49, 52, 11, 53, 53, 6, 44, 13, 44, 17, 32, 23, 31, 26]","[6, 5, 7, 6, 8, 7, 9, 8, 10, 8, 11, 10, 12, 11, 13, 12, 14, 13, 15, 14, 16, 15, 17, 16, 18, 17, 19, 18, 20, 19, 21, 20, 22, 21, 23, 22, 24, 23, 25, 24, 26, 25, 27, 26, 28, 27, 29, 28, 30, 29, 31, 30, 32, 31, 33, 32, 34, 30, 35, 34, 36, 34, 37, 34, 38, 25, 39, 38, 40, 38, 41, 38, 42, 20, 43, 42, 44, 42, 45, 19, 46, 45, 47, 45, 48, 45, 49, 15, 50, 49, 51, 49, 52, 49, 53, 11, 6, 53, 13, 44, 17, 44, 23, 32, 26, 31]",-0.5907814418999999
39,78,"[9, 9, 1, 1, 3, 2, 1, 1, 1, 1, 1, 3, 1, 2, 2, 1, 1, 1, 1, 1, 1, 8, 3, 3, 1, 1, 3, 8, 3, 3, 3, 1, 1, 1, 1, 8, 3, 3, 3]","[1, 1, 2, 2, 1, 1, 1, 1, 3, 3, 3, 3, 3, 3, 1, 1, 2, 2, 1, 1, 2, 2, 1, 1, 1, 1, 3, 3, 3, 3, 3, 3, 3, 3, 3, 3, 1, 1, 2, 2, 2, 2, 1, 1, 1, 1, 1, 1, 1, 1, 1, 1, 2, 2, 2, 2, 1, 1, 2, 2, 1, 1, 3, 3, 1, 1, 1, 1, 2, 2, 2, 2, 3, 3, 3, 3, 3, 3]","[2, 3, 3, 4, 3, 5, 5, 6, 6, 7, 7, 8, 8, 9, 9, 10, 10, 11, 10, 12, 12, 13, 13, 14, 14, 15, 15, 16, 16, 17, 17, 18, 18, 19, 19, 20, 18, 21, 21, 22, 21, 23, 21, 24, 24, 25, 25, 26, 26, 27, 27, 28, 27, 29, 27, 30, 12, 31, 31, 32, 32, 33, 33, 34, 31, 35, 35, 36, 35, 37, 35, 38, 34, 6, 33, 9, 20, 15]","[3, 2, 4, 3, 5, 3, 6, 5, 7, 6, 8, 7, 9, 8, 10, 9, 11, 10, 12, 10, 13, 12, 14, 13, 15, 14, 16, 15, 17, 16, 18, 17, 19, 18, 20, 19, 21, 18, 22, 21, 23, 21, 24, 21, 25, 24, 26, 25, 27, 26, 28, 27, 29, 27, 30, 27, 31, 12, 32, 31, 33, 32, 34, 33, 35, 31, 36, 35, 37, 35, 38, 35, 6, 34, 9, 33, 15, 20]",-0.3963934895
43,88,"[9, 9, 1, 2, 1, 1, 8, 3, 3, 3, 1, 1, 1, 1, 1, 1, 1, 1, 1, 2, 1, 3, 2, 1, 1, 1, 1, 1, 1, 1, 8, 1, 1, 1, 1, 1, 1, 1, 8, 3, 3, 3, 2]","[1, 1, 1, 1, 1, 1, 1, 1, 1, 1, 2, 2, 2, 2, 1, 1, 3, 3, 3, 3, 3, 3, 3, 3, 3, 3, 1, 1, 2, 2, 1, 1, 4, 4, 1, 1, 2, 2, 1, 1, 1, 1, 3, 3, 3, 3, 3, 3, 3, 3, 3, 3, 1, 1, 3, 3, 3, 3, 3, 3, 3, 3, 3, 3, 3, 3, 1, 1, 3, 3, 1, 1, 1, 1, 2, 2, 2, 2, 3, 3, 3, 3, 3, 3, 3, 3, 3, 3]","[2, 3, 3, 4, 4, 5, 5, 6, 6, 7, 6, 8, 6, 9, 3, 10, 10, 11, 11, 12, 12, 13, 13, 14, 14, 15, 13, 16, 16, 17, 17, 18, 18, 19, 17, 20, 20, 21, 20, 22, 22, 23, 23, 24, 24, 25, 25, 26, 26, 27, 27, 28, 26, 29, 29, 30, 30, 31, 31, 32, 32, 33, 33, 34, 34, 35, 35, 36, 35, 37, 37, 38, 38, 39, 38, 40, 38, 41, 32, 42, 15, 10, 28, 23, 42, 29, 37, 31]","[3, 2, 4, 3, 5, 4, 6, 5, 7, 6, 8, 6, 9, 6, 10, 3, 11, 10, 12, 11, 13, 12, 14, 13, 15, 14, 16, 13, 17, 16, 18, 17, 19, 18, 20, 17, 21, 20, 22, 20, 23, 22, 24, 23, 25, 24, 26, 25, 27, 26, 28, 27, 29, 26, 30, 29, 31, 30, 32, 31, 33, 32, 34, 33, 35, 34, 36, 35, 37, 35, 38, 37, 39, 38, 40, 38, 41, 38, 42, 32, 10, 15, 23, 28, 29, 42, 31, 37]",-0.415949942
62,122,"[9, 9, 9, 9, 9, 2, 1, 2, 1, 4, 2, 1, 2, 1, 1, 1, 1, 1, 2, 2, 1, 1, 3, 1, 1, 2, 1, 2, 2, 1, 1, 1, 1, 1, 1, 8, 3, 3, 3, 8, 3, 3, 3, 1, 1, 1, 1, 1, 8, 3, 3, 3, 8, 3, 3, 3, 1, 8, 3, 3, 3, 2]","[1, 1, 3, 3, 3, 3, 1, 1, 3, 3, 3, 3, 1, 1, 1, 1, 3, 3, 3, 3, 3, 3, 3, 3, 1, 1, 1, 1, 2, 2, 1, 1, 2, 2, 1, 1, 3, 3, 1, 1, 3, 3, 1, 1, 2, 2, 1, 1, 3, 3, 3, 3, 3, 3, 3, 3, 3, 3, 1, 1, 1, 1, 2, 2, 2, 2, 1, 1, 1, 1, 2, 2, 2, 2, 3, 3, 3, 3, 3, 3, 1, 1, 2, 2, 1, 1, 1, 1, 2, 2, 2, 2, 1, 1, 1, 1, 2, 2, 2, 2, 3, 3, 1, 1, 1, 1, 2, 2, 2, 2, 3, 3, 3, 3, 3, 3, 1, 1, 3, 3, 3, 3]","[5, 6, 6, 7, 7, 8, 8, 9, 8, 10, 10, 11, 11, 12, 12, 13, 13, 14, 14, 15, 15, 16, 16, 17, 17, 18, 18, 19, 19, 20, 20, 21, 21, 22, 21, 23, 23, 24, 24, 25, 24, 26, 26, 27, 27, 28, 28, 29, 29, 30, 30, 31, 31, 32, 32, 33, 33, 34, 34, 35, 35, 36, 35, 37, 35, 38, 31, 39, 39, 40, 39, 41, 39, 42, 26, 43, 43, 44, 44, 45, 45, 46, 46, 47, 47, 48, 48, 49, 48, 50, 48, 51, 43, 52, 52, 53, 52, 54, 52, 55, 17, 56, 16, 57, 57, 58, 57, 59, 57, 60, 11, 61, 61, 6, 56, 13, 47, 20, 45, 23, 34, 29]","[6, 5, 7, 6, 8, 7, 9, 8, 10, 8, 11, 10, 12, 11, 13, 12, 14, 13, 15, 14, 16, 15, 17, 16, 18, 17, 19, 18, 20, 19, 21, 20, 22, 21, 23, 21, 24, 23, 25, 24, 26, 24, 27, 26, 28, 27, 29, 28, 30, 29, 31, 30, 32, 31, 33, 32, 34, 33, 35, 34, 36, 35, 37, 35, 38, 35, 39, 31, 40, 39, 41, 39, 42, 39, 43, 26, 44, 43, 45, 44, 46, 45, 47, 46, 48, 47, 49, 48, 50, 48, 51, 48, 52, 43, 53, 52, 54, 52, 55, 52, 56, 17, 57, 16, 58, 57, 59, 57, 60, 57, 61, 11, 6, 61, 13, 56, 20, 47, 23, 45, 29, 34]",-0.5908005839
7,14,"[1, 1, 1, 3, 1, 3, 1]","[1, 1, 1, 1, 1, 1, 1, 1, 1, 1, 1, 1, 1, 1]","[0, 1, 1, 2, 2, 3, 3, 4, 4, 5, 5, 6, 6, 0]","[1, 0, 2, 1, 3, 2, 4, 3, 5, 4, 6, 5, 0, 6]",0.4107896597
15,24,"[9, 9, 9, 3, 7, 3, 3, 7, 3, 3, 3, 7, 3, 3, 3]","[1, 1, 2, 2, 1, 1, 1, 1, 1, 1, 2, 2, 1, 1, 1, 1, 1, 1, 2, 2, 1, 1, 1, 1]","[3, 4, 4, 5, 4, 6, 6, 7, 7, 8, 7, 9, 7, 10, 10, 11, 11, 12, 11, 13, 11, 14, 14, 4]","[4, 3, 5, 4, 6, 4, 7, 6, 8, 7, 9, 7, 10, 7, 11, 10, 12, 11, 13, 11, 14, 11, 4, 14]",-0.062309467
26,54,"[9, 3, 1, 1, 1, 1, 1, 1, 2, 2, 1, 1, 1, 1, 1, 3, 1, 1, 1, 1, 1, 3, 8, 3, 3, 3]","[1, 1, 3, 3, 3, 3, 3, 3, 3, 3, 3, 3, 1, 1, 1, 1, 1, 1, 2, 2, 1, 1, 2, 2, 1, 1, 2, 2, 1, 1, 2, 2, 1, 1, 2, 2, 1, 1, 2, 2, 1, 1, 1, 1, 2, 2, 2, 2, 3, 3, 1, 1, 1, 1]","[1, 2, 2, 3, 3, 4, 4, 5, 5, 6, 6, 7, 7, 8, 8, 9, 9, 10, 10, 11, 11, 12, 12, 13, 13, 14, 14, 15, 14, 16, 16, 17, 17, 18, 18, 19, 19, 20, 20, 21, 5, 22, 22, 23, 22, 24, 22, 25, 7, 2, 20, 10, 19, 13]","[2, 1, 3, 2, 4, 3, 5, 4, 6, 5, 7, 6, 8, 7, 9, 8, 10, 9, 11, 10, 12, 11, 13, 12, 14, 13, 15, 14, 16, 14, 17, 16, 18, 17, 19, 18, 20, 19, 21, 20, 22, 5, 23, 22, 24, 22, 25, 22, 2, 7, 10, 20, 13, 19]",-0.9011960035
45,92,"[9, 23, 1, 1, 2, 2, 1, 3, 1, 2, 2, 1, 1, 1, 1, 1, 1, 1, 1, 1, 8, 3, 3, 3, 1, 8, 3, 3, 3, 1, 1, 1, 1, 1, 1, 8, 3, 3, 1, 1, 3, 8, 3, 3, 3]","[1, 1, 2, 2, 1, 1, 1, 1, 1, 1, 1, 1, 1, 1, 2, 2, 1, 1, 3, 3, 3, 3, 3, 3, 3, 3, 3, 3, 3, 3, 3, 3, 3, 3, 1, 1, 1, 1, 2, 2, 2, 2, 3, 3, 1, 1, 1, 1, 2, 2, 2, 2, 1, 1, 3, 3, 3, 3, 3, 3, 3, 3, 3, 3, 1, 1, 2, 2, 2, 2, 1, 1, 1, 1, 1, 1, 1, 1, 1, 1, 2, 2, 2, 2, 1, 1, 3, 3, 3, 3, 3, 3]","[2, 3, 3, 4, 4, 5, 5, 6, 6, 7, 6, 8, 8, 9, 9, 10, 10, 11, 11, 12, 12, 13, 13, 14, 14, 15, 15, 16, 16, 17, 17, 18, 18, 19, 19, 20, 20, 21, 20, 22, 20, 23, 15, 24, 24, 25, 25, 26, 25, 27, 25, 28, 5, 29, 29, 30, 30, 31, 31, 32, 32, 33, 33, 34, 32, 35, 35, 36, 35, 37, 35, 38, 38, 39, 39, 40, 40, 41, 41, 42, 41, 43, 41, 44, 8, 3, 24, 11, 19, 14, 34, 29]","[3, 2, 4, 3, 5, 4, 6, 5, 7, 6, 8, 6, 9, 8, 10, 9, 11, 10, 12, 11, 13, 12, 14, 13, 15, 14, 16, 15, 17, 16, 18, 17, 19, 18, 20, 19, 21, 20, 22, 20, 23, 20, 24, 15, 25, 24, 26, 25, 27, 25, 28, 25, 29, 5, 30, 29, 31, 30, 32, 31, 33, 32, 34, 33, 35, 32, 36, 35, 37, 35, 38, 35, 39, 38, 40, 39, 41, 40, 42, 41, 43, 41, 44, 41, 3, 8, 11, 24, 14, 19, 29, 34]",-0.3928398265
29,60,"[3, 1, 3, 1, 1, 1, 1, 3, 3, 1, 1, 1, 1, 3, 3, 1, 3, 3, 1, 1, 2, 1, 2, 1, 1, 1, 1, 1, 1]","[1, 1, 2, 2, 1, 1, 3, 3, 3, 3, 1, 1, 1, 1, 2, 2, 3, 3, 3, 3, 3, 3, 1, 1, 1, 1, 2, 2, 1, 1, 1, 1, 2, 2, 1, 1, 1, 1, 2, 2, 1, 1, 1, 1, 3, 3, 3, 3, 3, 3, 3, 3, 3, 3, 3, 3, 1, 1, 3, 3]","[0, 1, 1, 2, 1, 3, 3, 4, 4, 5, 5, 6, 6, 7, 6, 8, 5, 9, 9, 10, 10, 11, 11, 12, 12, 13, 12, 14, 9, 15, 15, 16, 15, 17, 18, 19, 19, 20, 20, 21, 21, 22, 21, 23, 23, 24, 24, 25, 25, 26, 26, 27, 27, 28, 11, 3, 22, 18, 28, 23]","[1, 0, 2, 1, 3, 1, 4, 3, 5, 4, 6, 5, 7, 6, 8, 6, 9, 5, 10, 9, 11, 10, 12, 11, 13, 12, 14, 12, 15, 9, 16, 15, 17, 15, 19, 18, 20, 19, 21, 20, 22, 21, 23, 21, 24, 23, 25, 24, 26, 25, 27, 26, 28, 27, 3, 11, 18, 22, 23, 28]",-2.1253109845
20,46,"[1, 3, 1, 1, 3, 1, 1, 1, 1, 1, 1, 2, 1, 1, 1, 3, 1, 1, 1, 3]","[1, 1, 1, 1, 1, 1, 1, 1, 1, 1, 3, 3, 3, 3, 3, 3, 3, 3, 3, 3, 1, 1, 1, 1, 1, 1, 1, 1, 1, 1, 1, 1, 1, 1, 1, 1, 1, 1, 1, 1, 3, 3, 1, 1, 1, 1]","[0, 1, 1, 2, 2, 3, 3, 4, 4, 5, 5, 6, 6, 7, 7, 8, 8, 9, 9, 10, 8, 11, 11, 12, 12, 13, 13, 14, 14, 15, 11, 16, 16, 17, 17, 18, 18, 19, 2, 0, 10, 5, 15, 13, 19, 17]","[1, 0, 2, 1, 3, 2, 4, 3, 5, 4, 6, 5, 7, 6, 8, 7, 9, 8, 10, 9, 11, 8, 12, 11, 13, 12, 14, 13, 15, 14, 16, 11, 17, 16, 18, 17, 19, 18, 0, 2, 5, 10, 13, 15, 17, 19]",-1.9192347247
16,34,"[1, 1, 3, 2, 1, 1, 2, 1, 1, 1, 1, 1, 1, 3, 1, 1]","[1, 1, 2, 2, 1, 1, 1, 1, 1, 1, 1, 1, 1, 1, 1, 1, 1, 1, 3, 3, 3, 3, 3, 3, 1, 1, 3, 3, 3, 3, 1, 1, 3, 3]","[0, 1, 1, 2, 1, 3, 3, 4, 4, 5, 5, 6, 6, 7, 7, 8, 6, 9, 9, 10, 10, 11, 11, 12, 12, 13, 12, 14, 14, 15, 8, 3, 15, 9]","[1, 0, 2, 1, 3, 1, 4, 3, 5, 4, 6, 5, 7, 6, 8, 7, 9, 6, 10, 9, 11, 10, 12, 11, 13, 12, 14, 12, 15, 14, 3, 8, 9, 15]",-1.817914488
13,30,"[1, 3, 1, 1, 1, 1, 1, 1, 1, 1, 1, 1, 3]","[1, 1, 1, 1, 1, 1, 1, 1, 1, 1, 3, 3, 3, 3, 3, 3, 3, 3, 3, 3, 1, 1, 1, 1, 1, 1, 1, 1, 3, 3]","[0, 1, 1, 2, 2, 3, 3, 4, 4, 5, 5, 6, 6, 7, 7, 8, 8, 9, 9, 10, 10, 11, 11, 12, 12, 0, 11, 3, 10, 5]","[1, 0, 2, 1, 3, 2, 4, 3, 5, 4, 6, 5, 7, 6, 8, 7, 9, 8, 10, 9, 11, 10, 12, 11, 0, 12, 3, 11, 5, 10]",-1.6560932729
110,230,"[1, 2, 1, 1, 3, 1, 1, 2, 1, 2, 1, 2, 2, 1, 1, 1, 3, 1, 2, 2, 1, 1, 1, 1, 1, 1, 1, 1, 1, 1, 1, 1, 8, 3, 3, 3, 8, 3, 3, 3, 2, 1, 1, 1, 1, 1, 1, 1, 1, 1, 1, 1, 1, 1, 1, 2, 1, 2, 1, 2, 1, 2, 2, 1, 1, 3, 1, 1, 2, 1, 1, 1, 3, 1, 2, 2, 1, 1, 1, 1, 1, 1, 1, 1, 1, 1, 1, 1, 8, 3, 3, 3, 8, 3, 3, 3, 8, 3, 3, 3, 8, 3, 3, 3, 9, 9, 9, 9, 9, 9]","[1, 1, 1, 1, 1, 1, 1, 1, 1, 1, 1, 1, 3, 3, 3, 3, 3, 3, 3, 3, 3, 3, 1, 1, 1, 1, 3, 3, 1, 1, 2, 2, 1, 1, 2, 2, 1, 1, 1, 1, 3, 3, 3, 3, 3, 3, 3, 3, 3, 3, 1, 1, 2, 2, 1, 1, 3, 3, 3, 3, 3, 3, 1, 1, 2, 2, 2, 2, 1, 1, 1, 1, 2, 2, 2, 2, 1, 1, 1, 1, 1, 1, 3, 3, 3, 3, 3, 3, 3, 3, 3, 3, 1, 1, 2, 2, 1, 1, 3, 3, 3, 3, 3, 3, 3, 3, 3, 3, 1, 1, 1, 1, 3, 3, 3, 3, 3, 3, 3, 3, 3, 3, 1, 1, 1, 1, 1, 1, 1, 1, 1, 1, 1, 1, 1, 1, 1, 1, 3, 3, 1, 1, 2, 2, 1, 1, 2, 2, 1, 1, 1, 1, 3, 3, 3, 3, 3, 3, 3, 3, 3, 3, 1, 1, 2, 2, 1, 1, 3, 3, 3, 3, 3, 3, 1, 1, 2, 2, 2, 2, 1, 1, 1, 1, 2, 2, 2, 2, 1, 1, 1, 1, 2, 2, 2, 2, 1, 1, 1, 1, 2, 2, 2, 2, 1, 1, 1, 1, 3, 3, 3, 3, 3, 3, 3, 3, 3, 3, 3, 3, 3, 3, 3, 3, 3, 3, 3, 3, 1, 1]","[0, 1, 1, 2, 2, 3, 3, 4, 4, 5, 1, 6, 6, 7, 7, 8, 8, 9, 9, 10, 10, 11, 10, 12, 12, 13, 13, 14, 14, 15, 15, 16, 15, 17, 17, 18, 18, 19, 19, 20, 20, 21, 21, 22, 22, 23, 23, 24, 24, 25, 17, 26, 26, 27, 27, 28, 28, 29, 29, 30, 30, 31, 30, 32, 32, 33, 32, 34, 32, 35, 26, 36, 36, 37, 36, 38, 36, 39, 8, 40, 40, 41, 41, 42, 42, 43, 43, 44, 44, 45, 45, 46, 44, 47, 47, 48, 48, 49, 49, 50, 50, 51, 51, 52, 52, 53, 53, 54, 52, 55, 55, 56, 56, 57, 57, 58, 58, 59, 59, 60, 60, 61, 60, 62, 62, 63, 63, 64, 64, 65, 65, 66, 66, 67, 58, 68, 68, 69, 69, 70, 70, 71, 71, 72, 71, 73, 73, 74, 74, 75, 75, 76, 76, 77, 77, 78, 78, 79, 79, 80, 80, 81, 73, 82, 82, 83, 83, 84, 84, 85, 85, 86, 86, 87, 86, 88, 88, 89, 88, 90, 88, 91, 82, 92, 92, 93, 92, 94, 92, 95, 50, 96, 96, 97, 96, 98, 96, 99, 43, 100, 100, 101, 100, 102, 100, 103, 5, 0, 87, 69, 11, 6, 84, 70, 31, 13, 81, 76, 28, 14, 25, 20, 46, 41, 54, 49, 61, 56, 67, 62]","[1, 0, 2, 1, 3, 2, 4, 3, 5, 4, 6, 1, 7, 6, 8, 7, 9, 8, 10, 9, 11, 10, 12, 10, 13, 12, 14, 13, 15, 14, 16, 15, 17, 15, 18, 17, 19, 18, 20, 19, 21, 20, 22, 21, 23, 22, 24, 23, 25, 24, 26, 17, 27, 26, 28, 27, 29, 28, 30, 29, 31, 30, 32, 30, 33, 32, 34, 32, 35, 32, 36, 26, 37, 36, 38, 36, 39, 36, 40, 8, 41, 40, 42, 41, 43, 42, 44, 43, 45, 44, 46, 45, 47, 44, 48, 47, 49, 48, 50, 49, 51, 50, 52, 51, 53, 52, 54, 53, 55, 52, 56, 55, 57, 56, 58, 57, 59, 58, 60, 59, 61, 60, 62, 60, 63, 62, 64, 63, 65, 64, 66, 65, 67, 66, 68, 58, 69, 68, 70, 69, 71, 70, 72, 71, 73, 71, 74, 73, 75, 74, 76, 75, 77, 76, 78, 77, 79, 78, 80, 79, 81, 80, 82, 73, 83, 82, 84, 83, 85, 84, 86, 85, 87, 86, 88, 86, 89, 88, 90, 88, 91, 88, 92, 82, 93, 92, 94, 92, 95, 92, 96, 50, 97, 96, 98, 96, 99, 96, 100, 43, 101, 100, 102, 100, 103, 100, 0, 5, 69, 87, 6, 11, 70, 84, 13, 31, 76, 81, 14, 28, 20, 25, 41, 46, 49, 54, 56, 61, 62, 67]",-1.144796153
52,106,"[9, 9, 9, 1, 1, 1, 1, 2, 2, 1, 1, 1, 1, 1, 1, 8, 3, 3, 3, 8, 3, 3, 3, 1, 1, 1, 1, 2, 2, 1, 1, 1, 1, 2, 1, 2, 1, 2, 2, 1, 4, 2, 1, 1, 1, 1, 1, 1, 8, 3, 3, 3]","[1, 1, 3, 3, 3, 3, 1, 1, 2, 2, 1, 1, 3, 3, 3, 3, 3, 3, 3, 3, 3, 3, 1, 1, 1, 1, 2, 2, 2, 2, 1, 1, 1, 1, 2, 2, 2, 2, 3, 3, 1, 1, 3, 3, 3, 3, 1, 1, 2, 2, 1, 1, 3, 3, 3, 3, 3, 3, 1, 1, 1, 1, 3, 3, 3, 3, 1, 1, 3, 3, 3, 3, 1, 1, 3, 3, 3, 3, 3, 3, 3, 3, 3, 3, 3, 3, 3, 3, 1, 1, 1, 1, 2, 2, 2, 2, 3, 3, 3, 3, 3, 3, 3, 3, 3, 3]","[3, 4, 4, 5, 5, 6, 6, 7, 7, 8, 8, 9, 9, 10, 10, 11, 11, 12, 12, 13, 13, 14, 14, 15, 15, 16, 15, 17, 15, 18, 11, 19, 19, 20, 19, 21, 19, 22, 6, 23, 23, 24, 23, 25, 25, 26, 26, 27, 27, 28, 28, 29, 29, 30, 30, 31, 31, 32, 32, 33, 33, 34, 34, 35, 35, 36, 36, 37, 36, 38, 38, 39, 39, 40, 39, 41, 32, 42, 42, 43, 43, 44, 44, 45, 45, 46, 46, 47, 47, 48, 48, 49, 48, 50, 48, 51, 26, 4, 14, 9, 43, 29, 41, 34, 47, 42]","[4, 3, 5, 4, 6, 5, 7, 6, 8, 7, 9, 8, 10, 9, 11, 10, 12, 11, 13, 12, 14, 13, 15, 14, 16, 15, 17, 15, 18, 15, 19, 11, 20, 19, 21, 19, 22, 19, 23, 6, 24, 23, 25, 23, 26, 25, 27, 26, 28, 27, 29, 28, 30, 29, 31, 30, 32, 31, 33, 32, 34, 33, 35, 34, 36, 35, 37, 36, 38, 36, 39, 38, 40, 39, 41, 39, 42, 32, 43, 42, 44, 43, 45, 44, 46, 45, 47, 46, 48, 47, 49, 48, 50, 48, 51, 48, 4, 26, 9, 14, 29, 43, 34, 41, 42, 47]",-0.3869456913
92,188,"[9, 9, 9, 9, 9, 9, 3, 8, 3, 3, 1, 1, 1, 2, 1, 2, 1, 4, 2, 1, 2, 1, 1, 1, 1, 2, 1, 2, 1, 4, 2, 1, 2, 1, 1, 1, 1, 1, 1, 1, 1, 2, 2, 1, 1, 1, 1, 1, 1, 8, 3, 3, 3, 1, 3, 1, 8, 3, 3, 3, 8, 3, 3, 3, 2, 1, 1, 2, 1, 1, 3, 1, 2, 2, 1, 1, 1, 1, 1, 1, 8, 3, 3, 3, 1, 1, 1, 1, 8, 3, 3, 3]","[1, 1, 2, 2, 2, 2, 1, 1, 3, 3, 3, 3, 1, 1, 1, 1, 3, 3, 3, 3, 1, 1, 3, 3, 3, 3, 1, 1, 1, 1, 3, 3, 3, 3, 3, 3, 1, 1, 1, 1, 3, 3, 3, 3, 1, 1, 3, 3, 3, 3, 1, 1, 1, 1, 3, 3, 3, 3, 3, 3, 3, 3, 1, 1, 2, 2, 1, 1, 2, 2, 1, 1, 1, 1, 3, 3, 3, 3, 3, 3, 3, 3, 3, 3, 1, 1, 1, 1, 2, 2, 2, 2, 1, 1, 2, 2, 1, 1, 1, 1, 1, 1, 2, 2, 2, 2, 1, 1, 1, 1, 2, 2, 2, 2, 3, 3, 3, 3, 3, 3, 3, 3, 3, 3, 1, 1, 2, 2, 1, 1, 2, 2, 1, 1, 1, 1, 3, 3, 3, 3, 3, 3, 3, 3, 3, 3, 1, 1, 1, 1, 2, 2, 2, 2, 1, 1, 2, 2, 1, 1, 3, 3, 1, 1, 1, 1, 2, 2, 2, 2, 3, 3, 3, 3, 3, 3, 3, 3, 3, 3, 3, 3, 3, 3, 3, 3, 3, 3]","[6, 7, 7, 8, 7, 9, 7, 10, 10, 11, 11, 12, 12, 13, 13, 14, 14, 15, 15, 16, 16, 17, 16, 18, 18, 19, 19, 20, 20, 21, 21, 22, 22, 23, 23, 24, 24, 25, 25, 26, 26, 27, 27, 28, 28, 29, 28, 30, 30, 31, 31, 32, 32, 33, 33, 34, 34, 35, 35, 36, 36, 37, 37, 38, 38, 39, 39, 40, 40, 41, 41, 42, 42, 43, 43, 44, 44, 45, 45, 46, 46, 47, 47, 48, 48, 49, 49, 50, 49, 51, 49, 52, 40, 53, 53, 54, 53, 55, 39, 56, 56, 57, 56, 58, 56, 59, 35, 60, 60, 61, 60, 62, 60, 63, 31, 64, 24, 65, 65, 66, 19, 67, 12, 68, 68, 69, 69, 70, 69, 71, 71, 72, 72, 73, 73, 74, 74, 75, 75, 76, 76, 77, 77, 78, 78, 79, 79, 80, 80, 81, 80, 82, 80, 83, 71, 84, 84, 85, 85, 86, 86, 87, 84, 88, 88, 89, 88, 90, 88, 91, 87, 10, 67, 14, 66, 21, 64, 26, 55, 33, 55, 37, 48, 43, 86, 68, 79, 74]","[7, 6, 8, 7, 9, 7, 10, 7, 11, 10, 12, 11, 13, 12, 14, 13, 15, 14, 16, 15, 17, 16, 18, 16, 19, 18, 20, 19, 21, 20, 22, 21, 23, 22, 24, 23, 25, 24, 26, 25, 27, 26, 28, 27, 29, 28, 30, 28, 31, 30, 32, 31, 33, 32, 34, 33, 35, 34, 36, 35, 37, 36, 38, 37, 39, 38, 40, 39, 41, 40, 42, 41, 43, 42, 44, 43, 45, 44, 46, 45, 47, 46, 48, 47, 49, 48, 50, 49, 51, 49, 52, 49, 53, 40, 54, 53, 55, 53, 56, 39, 57, 56, 58, 56, 59, 56, 60, 35, 61, 60, 62, 60, 63, 60, 64, 31, 65, 24, 66, 65, 67, 19, 68, 12, 69, 68, 70, 69, 71, 69, 72, 71, 73, 72, 74, 73, 75, 74, 76, 75, 77, 76, 78, 77, 79, 78, 80, 79, 81, 80, 82, 80, 83, 80, 84, 71, 85, 84, 86, 85, 87, 86, 88, 84, 89, 88, 90, 88, 91, 88, 10, 87, 14, 67, 21, 66, 26, 64, 33, 55, 37, 55, 43, 48, 68, 86, 74, 79]",-0.6303809029
13,26,"[4, 2, 1, 1, 2, 2, 3, 2, 1, 1, 3, 1, 1]","[1, 1, 3, 3, 3, 3, 3, 3, 3, 3, 1, 1, 1, 1, 1, 1, 1, 1, 1, 1, 1, 1, 3, 3, 1, 1]","[1, 2, 2, 3, 3, 4, 4, 5, 5, 6, 4, 7, 7, 8, 8, 9, 9, 10, 10, 11, 11, 12, 6, 2, 12, 7]","[2, 1, 3, 2, 4, 3, 5, 4, 6, 5, 7, 4, 8, 7, 9, 8, 10, 9, 11, 10, 12, 11, 2, 6, 7, 12]",0.1471983169
76,156,"[9, 9, 9, 9, 1, 2, 1, 1, 1, 1, 1, 1, 1, 1, 1, 1, 2, 1, 2, 1, 2, 1, 1, 1, 1, 1, 1, 8, 3, 3, 3, 2, 1, 2, 2, 1, 1, 3, 1, 1, 1, 1, 8, 3, 3, 3, 1, 1, 8, 3, 3, 3, 1, 1, 2, 1, 2, 1, 1, 1, 1, 1, 1, 8, 3, 3, 3, 2, 1, 2, 2, 1, 1, 3, 1, 1]","[1, 1, 1, 1, 3, 3, 3, 3, 3, 3, 1, 1, 2, 2, 1, 1, 3, 3, 3, 3, 3, 3, 1, 1, 1, 1, 3, 3, 3, 3, 1, 1, 1, 1, 3, 3, 3, 3, 3, 3, 3, 3, 3, 3, 1, 1, 1, 1, 2, 2, 2, 2, 3, 3, 3, 3, 3, 3, 1, 1, 1, 1, 1, 1, 1, 1, 1, 1, 1, 1, 3, 3, 3, 3, 1, 1, 1, 1, 2, 2, 2, 2, 3, 3, 3, 3, 1, 1, 1, 1, 2, 2, 2, 2, 1, 1, 3, 3, 3, 3, 1, 1, 1, 1, 3, 3, 3, 3, 3, 3, 3, 3, 3, 3, 1, 1, 1, 1, 2, 2, 2, 2, 3, 3, 3, 3, 3, 3, 1, 1, 1, 1, 1, 1, 1, 1, 1, 1, 1, 1, 3, 3, 3, 3, 3, 3, 3, 3, 1, 1, 3, 3, 3, 3, 1, 1]","[4, 5, 5, 6, 6, 7, 7, 8, 8, 9, 9, 10, 10, 11, 11, 12, 12, 13, 13, 14, 14, 15, 15, 16, 16, 17, 17, 18, 18, 19, 19, 20, 20, 21, 21, 22, 22, 23, 23, 24, 24, 25, 25, 26, 24, 27, 27, 28, 27, 29, 27, 30, 19, 31, 31, 32, 32, 33, 32, 34, 34, 35, 35, 36, 36, 37, 37, 38, 38, 39, 15, 40, 40, 41, 41, 42, 42, 43, 42, 44, 42, 45, 9, 46, 46, 47, 46, 48, 48, 49, 48, 50, 48, 51, 52, 53, 53, 54, 54, 55, 55, 56, 56, 57, 57, 58, 58, 59, 59, 60, 60, 61, 61, 62, 60, 63, 63, 64, 63, 65, 63, 66, 55, 67, 67, 68, 68, 69, 68, 70, 70, 71, 71, 72, 72, 73, 73, 74, 74, 75, 47, 6, 41, 12, 33, 17, 26, 21, 39, 34, 69, 53, 62, 57, 75, 70]","[5, 4, 6, 5, 7, 6, 8, 7, 9, 8, 10, 9, 11, 10, 12, 11, 13, 12, 14, 13, 15, 14, 16, 15, 17, 16, 18, 17, 19, 18, 20, 19, 21, 20, 22, 21, 23, 22, 24, 23, 25, 24, 26, 25, 27, 24, 28, 27, 29, 27, 30, 27, 31, 19, 32, 31, 33, 32, 34, 32, 35, 34, 36, 35, 37, 36, 38, 37, 39, 38, 40, 15, 41, 40, 42, 41, 43, 42, 44, 42, 45, 42, 46, 9, 47, 46, 48, 46, 49, 48, 50, 48, 51, 48, 53, 52, 54, 53, 55, 54, 56, 55, 57, 56, 58, 57, 59, 58, 60, 59, 61, 60, 62, 61, 63, 60, 64, 63, 65, 63, 66, 63, 67, 55, 68, 67, 69, 68, 70, 68, 71, 70, 72, 71, 73, 72, 74, 73, 75, 74, 6, 47, 12, 41, 17, 33, 21, 26, 34, 39, 53, 69, 57, 62, 70, 75]",-0.4843358104999999
58,116,"[9, 9, 9, 9, 3, 8, 3, 3, 3, 1, 1, 8, 3, 3, 1, 1, 1, 1, 1, 1, 1, 1, 2, 2, 1, 1, 3, 1, 1, 2, 1, 3, 1, 1, 1, 1, 1, 1, 1, 1, 1, 1, 1, 1, 8, 3, 3, 3, 8, 3, 3, 3, 1, 8, 3, 3, 3, 1]","[1, 1, 2, 2, 2, 2, 1, 1, 1, 1, 1, 1, 1, 1, 2, 2, 2, 2, 1, 1, 3, 3, 3, 3, 3, 3, 3, 3, 3, 3, 3, 3, 3, 3, 1, 1, 1, 1, 2, 2, 1, 1, 2, 2, 1, 1, 3, 3, 1, 1, 1, 1, 2, 2, 1, 1, 3, 3, 3, 3, 3, 3, 3, 3, 3, 3, 3, 3, 3, 3, 3, 3, 3, 3, 1, 1, 2, 2, 1, 1, 1, 1, 2, 2, 2, 2, 1, 1, 1, 1, 2, 2, 2, 2, 3, 3, 1, 1, 1, 1, 2, 2, 2, 2, 3, 3, 3, 3, 3, 3, 1, 1, 3, 3, 3, 3]","[4, 5, 5, 6, 5, 7, 5, 8, 8, 9, 9, 10, 10, 11, 11, 12, 11, 13, 11, 14, 14, 15, 15, 16, 16, 17, 17, 18, 18, 19, 19, 20, 20, 21, 21, 22, 22, 23, 23, 24, 24, 25, 25, 26, 25, 27, 27, 28, 28, 29, 29, 30, 30, 31, 30, 32, 32, 33, 33, 34, 34, 35, 35, 36, 36, 37, 28, 38, 38, 39, 39, 40, 40, 41, 41, 42, 42, 43, 43, 44, 44, 45, 44, 46, 44, 47, 39, 48, 48, 49, 48, 50, 48, 51, 21, 52, 52, 53, 53, 54, 53, 55, 53, 56, 18, 57, 57, 14, 52, 17, 43, 24, 41, 27, 37, 32]","[5, 4, 6, 5, 7, 5, 8, 5, 9, 8, 10, 9, 11, 10, 12, 11, 13, 11, 14, 11, 15, 14, 16, 15, 17, 16, 18, 17, 19, 18, 20, 19, 21, 20, 22, 21, 23, 22, 24, 23, 25, 24, 26, 25, 27, 25, 28, 27, 29, 28, 30, 29, 31, 30, 32, 30, 33, 32, 34, 33, 35, 34, 36, 35, 37, 36, 38, 28, 39, 38, 40, 39, 41, 40, 42, 41, 43, 42, 44, 43, 45, 44, 46, 44, 47, 44, 48, 39, 49, 48, 50, 48, 51, 48, 52, 21, 53, 52, 54, 53, 55, 53, 56, 53, 57, 18, 14, 57, 17, 52, 24, 43, 27, 41, 32, 37]",-0.3893149412
89,184,"[9, 9, 9, 9, 9, 1, 3, 1, 1, 1, 2, 2, 1, 1, 1, 1, 1, 1, 1, 1, 1, 3, 1, 8, 3, 3, 3, 8, 3, 3, 3, 1, 1, 1, 1, 2, 2, 1, 1, 3, 1, 1, 2, 1, 2, 1, 2, 1, 1, 1, 1, 1, 1, 2, 1, 2, 1, 1, 1, 1, 1, 1, 2, 2, 1, 1, 1, 1, 3, 1, 1, 1, 3, 3, 2, 1, 1, 1, 1, 1, 1, 8, 3, 3, 3, 8, 3, 3, 3]","[1, 1, 1, 1, 3, 3, 3, 3, 1, 1, 2, 2, 1, 1, 3, 3, 3, 3, 3, 3, 3, 3, 3, 3, 3, 3, 3, 3, 3, 3, 1, 1, 3, 3, 1, 1, 1, 1, 2, 2, 2, 2, 1, 1, 1, 1, 2, 2, 2, 2, 3, 3, 1, 1, 3, 3, 3, 3, 1, 1, 2, 2, 1, 1, 3, 3, 1, 1, 3, 3, 3, 3, 1, 1, 1, 1, 3, 3, 3, 3, 1, 1, 1, 1, 3, 3, 3, 3, 3, 3, 3, 3, 3, 3, 3, 3, 3, 3, 1, 1, 1, 1, 3, 3, 3, 3, 3, 3, 3, 3, 3, 3, 1, 1, 2, 2, 1, 1, 3, 3, 3, 3, 3, 3, 1, 1, 3, 3, 3, 3, 1, 1, 1, 1, 2, 2, 3, 3, 3, 3, 3, 3, 3, 3, 3, 3, 3, 3, 3, 3, 1, 1, 1, 1, 2, 2, 2, 2, 1, 1, 1, 1, 2, 2, 2, 2, 3, 3, 3, 3, 3, 3, 3, 3, 3, 3, 3, 3, 3, 3, 3, 3, 3, 3]","[5, 6, 6, 7, 7, 8, 8, 9, 9, 10, 10, 11, 11, 12, 12, 13, 13, 14, 14, 15, 15, 16, 16, 17, 17, 18, 18, 19, 19, 20, 20, 21, 20, 22, 18, 23, 23, 24, 23, 25, 23, 26, 14, 27, 27, 28, 27, 29, 27, 30, 9, 31, 31, 32, 31, 33, 33, 34, 34, 35, 35, 36, 36, 37, 37, 38, 38, 39, 38, 40, 40, 41, 41, 42, 42, 43, 43, 44, 44, 45, 45, 46, 46, 47, 47, 48, 48, 49, 49, 50, 50, 51, 51, 52, 45, 53, 53, 54, 54, 55, 55, 56, 56, 57, 57, 58, 58, 59, 59, 60, 60, 61, 59, 62, 62, 63, 63, 64, 64, 65, 65, 66, 66, 67, 67, 68, 67, 69, 69, 70, 69, 71, 71, 72, 71, 73, 54, 74, 41, 75, 75, 76, 76, 77, 77, 78, 78, 79, 79, 80, 80, 81, 81, 82, 81, 83, 81, 84, 76, 85, 85, 86, 85, 87, 85, 88, 34, 7, 22, 12, 22, 16, 80, 37, 78, 40, 74, 43, 52, 47, 61, 56, 70, 64]","[6, 5, 7, 6, 8, 7, 9, 8, 10, 9, 11, 10, 12, 11, 13, 12, 14, 13, 15, 14, 16, 15, 17, 16, 18, 17, 19, 18, 20, 19, 21, 20, 22, 20, 23, 18, 24, 23, 25, 23, 26, 23, 27, 14, 28, 27, 29, 27, 30, 27, 31, 9, 32, 31, 33, 31, 34, 33, 35, 34, 36, 35, 37, 36, 38, 37, 39, 38, 40, 38, 41, 40, 42, 41, 43, 42, 44, 43, 45, 44, 46, 45, 47, 46, 48, 47, 49, 48, 50, 49, 51, 50, 52, 51, 53, 45, 54, 53, 55, 54, 56, 55, 57, 56, 58, 57, 59, 58, 60, 59, 61, 60, 62, 59, 63, 62, 64, 63, 65, 64, 66, 65, 67, 66, 68, 67, 69, 67, 70, 69, 71, 69, 72, 71, 73, 71, 74, 54, 75, 41, 76, 75, 77, 76, 78, 77, 79, 78, 80, 79, 81, 80, 82, 81, 83, 81, 84, 81, 85, 76, 86, 85, 87, 85, 88, 85, 7, 34, 12, 22, 16, 22, 37, 80, 40, 78, 43, 74, 47, 52, 56, 61, 64, 70]",-2.4833879664
73,152,"[9, 9, 9, 9, 2, 1, 1, 1, 1, 1, 1, 8, 3, 3, 3, 2, 2, 1, 1, 1, 1, 2, 2, 1, 1, 1, 1, 2, 2, 1, 1, 3, 1, 1, 1, 1, 2, 1, 3, 1, 1, 1, 1, 1, 1, 1, 1, 1, 1, 8, 3, 3, 3, 1, 1, 1, 1, 1, 1, 8, 3, 3, 3, 1, 1, 1, 1, 1, 1, 8, 3, 3, 3]","[1, 1, 3, 3, 3, 3, 3, 3, 3, 3, 3, 3, 1, 1, 1, 1, 2, 2, 2, 2, 1, 1, 2, 2, 1, 1, 3, 3, 3, 3, 3, 3, 1, 1, 2, 2, 1, 1, 3, 3, 3, 3, 3, 3, 1, 1, 1, 1, 2, 2, 1, 1, 2, 2, 1, 1, 3, 3, 3, 3, 3, 3, 1, 1, 1, 1, 2, 2, 1, 1, 3, 3, 3, 3, 3, 3, 3, 3, 3, 3, 3, 3, 3, 3, 1, 1, 2, 2, 1, 1, 1, 1, 2, 2, 2, 2, 3, 3, 3, 3, 3, 3, 3, 3, 3, 3, 3, 3, 1, 1, 1, 1, 2, 2, 2, 2, 3, 3, 3, 3, 3, 3, 3, 3, 3, 3, 3, 3, 1, 1, 1, 1, 2, 2, 2, 2, 3, 3, 3, 3, 3, 3, 1, 1, 3, 3, 3, 3, 3, 3, 3, 3]","[4, 5, 5, 6, 6, 7, 7, 8, 8, 9, 9, 10, 10, 11, 11, 12, 11, 13, 11, 14, 8, 15, 15, 16, 16, 17, 17, 18, 18, 19, 19, 20, 20, 21, 21, 22, 22, 23, 23, 24, 24, 25, 25, 26, 26, 27, 27, 28, 28, 29, 29, 30, 30, 31, 30, 32, 32, 33, 33, 34, 34, 35, 35, 36, 36, 37, 37, 38, 37, 39, 39, 40, 40, 41, 41, 42, 42, 43, 43, 44, 35, 45, 45, 46, 46, 47, 47, 48, 48, 49, 49, 50, 49, 51, 49, 52, 26, 53, 53, 54, 54, 55, 55, 56, 56, 57, 57, 58, 56, 59, 59, 60, 59, 61, 59, 62, 20, 63, 63, 64, 64, 65, 65, 66, 66, 67, 67, 68, 66, 69, 69, 70, 69, 71, 69, 72, 10, 5, 68, 17, 58, 23, 48, 29, 46, 32, 44, 39, 58, 53, 68, 63]","[5, 4, 6, 5, 7, 6, 8, 7, 9, 8, 10, 9, 11, 10, 12, 11, 13, 11, 14, 11, 15, 8, 16, 15, 17, 16, 18, 17, 19, 18, 20, 19, 21, 20, 22, 21, 23, 22, 24, 23, 25, 24, 26, 25, 27, 26, 28, 27, 29, 28, 30, 29, 31, 30, 32, 30, 33, 32, 34, 33, 35, 34, 36, 35, 37, 36, 38, 37, 39, 37, 40, 39, 41, 40, 42, 41, 43, 42, 44, 43, 45, 35, 46, 45, 47, 46, 48, 47, 49, 48, 50, 49, 51, 49, 52, 49, 53, 26, 54, 53, 55, 54, 56, 55, 57, 56, 58, 57, 59, 56, 60, 59, 61, 59, 62, 59, 63, 20, 64, 63, 65, 64, 66, 65, 67, 66, 68, 67, 69, 66, 70, 69, 71, 69, 72, 69, 5, 10, 17, 68, 23, 58, 29, 48, 32, 46, 39, 44, 53, 58, 63, 68]",-2.3935953584
17,34,"[1, 1, 1, 1, 2, 2, 1, 3, 2, 1, 1, 1, 1, 1, 3, 2, 2]","[1, 1, 1, 1, 1, 1, 3, 3, 3, 3, 1, 1, 2, 2, 1, 1, 1, 1, 1, 1, 1, 1, 1, 1, 3, 3, 2, 2, 3, 3, 1, 1, 3, 3]","[0, 1, 1, 2, 1, 3, 3, 4, 4, 5, 5, 6, 6, 7, 6, 8, 8, 9, 9, 10, 9, 11, 9, 12, 5, 13, 13, 14, 13, 15, 15, 16, 15, 3]","[1, 0, 2, 1, 3, 1, 4, 3, 5, 4, 6, 5, 7, 6, 8, 6, 9, 8, 10, 9, 11, 9, 12, 9, 13, 5, 14, 13, 15, 13, 16, 15, 3, 15]",-1.7188473974
50,104,"[9, 18, 2, 8, 3, 3, 1, 1, 1, 1, 3, 1, 1, 2, 2, 1, 1, 3, 1, 1, 1, 1, 1, 1, 1, 1, 2, 8, 3, 3, 1, 1, 1, 1, 3, 1, 1, 2, 2, 1, 1, 3, 1, 1, 1, 1, 1, 1, 1, 1]","[1, 1, 2, 2, 2, 2, 1, 1, 3, 3, 3, 3, 3, 3, 1, 1, 3, 3, 3, 3, 1, 1, 2, 2, 1, 1, 3, 3, 1, 1, 3, 3, 3, 3, 3, 3, 3, 3, 3, 3, 3, 3, 3, 3, 3, 3, 1, 1, 2, 2, 2, 2, 1, 1, 3, 3, 3, 3, 3, 3, 1, 1, 3, 3, 3, 3, 1, 1, 2, 2, 1, 1, 3, 3, 1, 1, 3, 3, 3, 3, 3, 3, 3, 3, 3, 3, 3, 3, 3, 3, 3, 3, 3, 3, 3, 3, 3, 3, 3, 3, 3, 3, 3, 3]","[2, 3, 3, 4, 3, 5, 3, 6, 6, 7, 7, 8, 8, 9, 9, 10, 9, 11, 11, 12, 11, 13, 13, 14, 14, 15, 15, 16, 16, 17, 16, 18, 18, 19, 19, 20, 20, 21, 21, 22, 22, 23, 23, 24, 24, 25, 26, 27, 27, 28, 27, 29, 27, 30, 30, 31, 31, 32, 32, 33, 33, 34, 33, 35, 35, 36, 35, 37, 37, 38, 38, 39, 39, 40, 40, 41, 40, 42, 42, 43, 43, 44, 44, 45, 45, 46, 46, 47, 47, 48, 48, 49, 12, 6, 25, 15, 25, 20, 36, 30, 49, 39, 49, 44]","[3, 2, 4, 3, 5, 3, 6, 3, 7, 6, 8, 7, 9, 8, 10, 9, 11, 9, 12, 11, 13, 11, 14, 13, 15, 14, 16, 15, 17, 16, 18, 16, 19, 18, 20, 19, 21, 20, 22, 21, 23, 22, 24, 23, 25, 24, 27, 26, 28, 27, 29, 27, 30, 27, 31, 30, 32, 31, 33, 32, 34, 33, 35, 33, 36, 35, 37, 35, 38, 37, 39, 38, 40, 39, 41, 40, 42, 40, 43, 42, 44, 43, 45, 44, 46, 45, 47, 46, 48, 47, 49, 48, 6, 12, 15, 25, 20, 25, 30, 36, 39, 49, 44, 49]",-2.2022038482
44,94,"[9, 9, 1, 1, 1, 1, 1, 2, 1, 8, 1, 1, 8, 3, 3, 3, 1, 1, 1, 1, 1, 1, 2, 2, 1, 1, 1, 1, 1, 1, 1, 8, 1, 1, 1, 1, 1, 1, 1, 8, 3, 3, 3, 2]","[1, 1, 3, 3, 3, 3, 3, 3, 3, 3, 3, 3, 3, 3, 3, 3, 3, 3, 1, 1, 1, 1, 2, 2, 2, 2, 1, 1, 3, 3, 3, 3, 3, 3, 3, 3, 3, 3, 1, 1, 2, 2, 1, 1, 3, 3, 3, 3, 3, 3, 3, 3, 3, 3, 1, 1, 3, 3, 3, 3, 3, 3, 3, 3, 3, 3, 3, 3, 1, 1, 3, 3, 1, 1, 1, 1, 2, 2, 2, 2, 3, 3, 3, 3, 3, 3, 3, 3, 3, 3, 3, 3, 3, 3]","[2, 3, 3, 4, 4, 5, 5, 6, 6, 7, 7, 8, 8, 9, 9, 10, 10, 11, 11, 12, 12, 13, 12, 14, 12, 15, 8, 16, 16, 17, 17, 18, 18, 19, 19, 20, 20, 21, 19, 22, 22, 23, 23, 24, 24, 25, 25, 26, 26, 27, 27, 28, 28, 29, 27, 30, 30, 31, 31, 32, 32, 33, 33, 34, 34, 35, 35, 36, 36, 37, 36, 38, 38, 39, 39, 40, 39, 41, 39, 42, 33, 43, 11, 3, 10, 6, 21, 16, 29, 24, 43, 30, 38, 32]","[3, 2, 4, 3, 5, 4, 6, 5, 7, 6, 8, 7, 9, 8, 10, 9, 11, 10, 12, 11, 13, 12, 14, 12, 15, 12, 16, 8, 17, 16, 18, 17, 19, 18, 20, 19, 21, 20, 22, 19, 23, 22, 24, 23, 25, 24, 26, 25, 27, 26, 28, 27, 29, 28, 30, 27, 31, 30, 32, 31, 33, 32, 34, 33, 35, 34, 36, 35, 37, 36, 38, 36, 39, 38, 40, 39, 41, 39, 42, 39, 43, 33, 3, 11, 6, 10, 16, 21, 24, 29, 30, 43, 32, 38]",-1.2223096235
52,108,"[9, 9, 3, 1, 1, 2, 1, 2, 1, 2, 1, 1, 3, 2, 1, 2, 1, 1, 1, 1, 1, 3, 1, 2, 2, 1, 1, 1, 1, 1, 1, 2, 2, 1, 1, 1, 1, 1, 1, 8, 3, 3, 3, 1, 1, 1, 1, 8, 3, 3, 3, 2]","[1, 1, 1, 1, 1, 1, 1, 1, 3, 3, 3, 3, 1, 1, 1, 1, 1, 1, 1, 1, 3, 3, 3, 3, 1, 1, 1, 1, 3, 3, 3, 3, 3, 3, 1, 1, 2, 2, 1, 1, 2, 2, 1, 1, 1, 1, 3, 3, 3, 3, 3, 3, 3, 3, 3, 3, 1, 1, 2, 2, 1, 1, 3, 3, 3, 3, 3, 3, 3, 3, 3, 3, 1, 1, 1, 1, 2, 2, 2, 2, 1, 1, 2, 2, 1, 1, 3, 3, 1, 1, 1, 1, 2, 2, 2, 2, 3, 3, 3, 3, 3, 3, 3, 3, 3, 3, 3, 3]","[2, 3, 3, 4, 4, 5, 5, 6, 6, 7, 7, 8, 8, 9, 9, 10, 10, 11, 11, 12, 8, 13, 13, 14, 14, 15, 15, 16, 16, 17, 17, 18, 18, 19, 19, 20, 20, 21, 20, 22, 22, 23, 23, 24, 24, 25, 25, 26, 26, 27, 27, 28, 28, 29, 29, 30, 28, 31, 31, 32, 32, 33, 33, 34, 34, 35, 35, 36, 36, 37, 37, 38, 36, 39, 39, 40, 39, 41, 39, 42, 22, 43, 43, 44, 44, 45, 45, 46, 43, 47, 47, 48, 47, 49, 47, 50, 14, 51, 51, 6, 46, 16, 45, 19, 30, 25, 38, 33]","[3, 2, 4, 3, 5, 4, 6, 5, 7, 6, 8, 7, 9, 8, 10, 9, 11, 10, 12, 11, 13, 8, 14, 13, 15, 14, 16, 15, 17, 16, 18, 17, 19, 18, 20, 19, 21, 20, 22, 20, 23, 22, 24, 23, 25, 24, 26, 25, 27, 26, 28, 27, 29, 28, 30, 29, 31, 28, 32, 31, 33, 32, 34, 33, 35, 34, 36, 35, 37, 36, 38, 37, 39, 36, 40, 39, 41, 39, 42, 39, 43, 22, 44, 43, 45, 44, 46, 45, 47, 43, 48, 47, 49, 47, 50, 47, 51, 14, 6, 51, 16, 46, 19, 45, 25, 30, 33, 38]",-0.2836980196999999
7,14,"[3, 1, 3, 1, 3, 1, 1]","[2, 2, 1, 1, 1, 1, 2, 2, 1, 1, 2, 2, 1, 1]","[0, 1, 1, 2, 2, 3, 3, 4, 3, 5, 5, 6, 6, 1]","[1, 0, 2, 1, 3, 2, 4, 3, 5, 3, 6, 5, 1, 6]",0.6181158071
30,64,"[9, 3, 1, 3, 1, 1, 1, 1, 1, 1, 1, 1, 1, 1, 1, 1, 3, 1, 1, 1, 1, 1, 1, 1, 1, 1, 3, 3, 1, 3]","[1, 1, 2, 2, 1, 1, 3, 3, 3, 3, 3, 3, 3, 3, 3, 3, 3, 3, 3, 3, 3, 3, 1, 1, 1, 1, 3, 3, 1, 1, 3, 3, 3, 3, 3, 3, 3, 3, 3, 3, 3, 3, 3, 3, 3, 3, 1, 1, 1, 1, 2, 2, 3, 3, 1, 1, 3, 3, 3, 3, 3, 3, 3, 3]","[1, 2, 2, 3, 2, 4, 4, 5, 5, 6, 6, 7, 7, 8, 8, 9, 9, 10, 10, 11, 11, 12, 12, 13, 13, 14, 14, 15, 15, 16, 15, 17, 17, 18, 18, 19, 19, 20, 20, 21, 21, 22, 22, 23, 23, 24, 17, 25, 25, 26, 25, 27, 12, 28, 28, 29, 28, 4, 11, 6, 24, 14, 24, 19]","[2, 1, 3, 2, 4, 2, 5, 4, 6, 5, 7, 6, 8, 7, 9, 8, 10, 9, 11, 10, 12, 11, 13, 12, 14, 13, 15, 14, 16, 15, 17, 15, 18, 17, 19, 18, 20, 19, 21, 20, 22, 21, 23, 22, 24, 23, 25, 17, 26, 25, 27, 25, 28, 12, 29, 28, 4, 28, 6, 11, 14, 24, 19, 24]",-0.9807588825
30,60,"[4, 4, 1, 1, 1, 1, 1, 2, 1, 1, 1, 1, 1, 1, 3, 2, 1, 1, 1, 1, 1, 2, 1, 3, 1, 1, 1, 1, 1, 2]","[1, 1, 1, 1, 1, 1, 1, 1, 2, 2, 1, 1, 1, 1, 1, 1, 1, 1, 1, 1, 1, 1, 2, 2, 1, 1, 1, 1, 1, 1, 1, 1, 1, 1, 2, 2, 1, 1, 2, 2, 1, 1, 1, 1, 1, 1, 1, 1, 1, 1, 1, 1, 1, 1, 1, 1, 1, 1, 1, 1]","[2, 3, 3, 4, 4, 5, 5, 6, 6, 7, 7, 8, 8, 9, 9, 10, 10, 11, 11, 12, 8, 13, 13, 14, 13, 15, 16, 17, 17, 18, 18, 19, 19, 20, 20, 21, 21, 22, 22, 23, 22, 24, 24, 25, 25, 26, 26, 27, 27, 28, 24, 29, 15, 6, 12, 8, 29, 20, 28, 24]","[3, 2, 4, 3, 5, 4, 6, 5, 7, 6, 8, 7, 9, 8, 10, 9, 11, 10, 12, 11, 13, 8, 14, 13, 15, 13, 17, 16, 18, 17, 19, 18, 20, 19, 21, 20, 22, 21, 23, 22, 24, 22, 25, 24, 26, 25, 27, 26, 28, 27, 29, 24, 6, 15, 8, 12, 20, 29, 24, 28]",-1.019613944
86,172,"[9, 9, 9, 9, 9, 44, 2, 1, 2, 1, 4, 2, 1, 2, 1, 1, 1, 1, 1, 1, 1, 1, 2, 2, 1, 1, 1, 1, 1, 1, 3, 2, 3, 3, 1, 3, 1, 8, 3, 3, 3, 8, 3, 3, 3, 2, 2, 1, 2, 1, 4, 2, 1, 2, 1, 1, 1, 1, 1, 1, 1, 1, 2, 2, 1, 1, 1, 1, 1, 1, 3, 2, 3, 3, 1, 3, 1, 8, 3, 3, 3, 8, 3, 3, 3, 2]","[1, 1, 3, 3, 3, 3, 1, 1, 3, 3, 3, 3, 1, 1, 1, 1, 3, 3, 3, 3, 3, 3, 3, 3, 3, 3, 3, 3, 3, 3, 1, 1, 2, 2, 1, 1, 3, 3, 3, 3, 3, 3, 3, 3, 3, 3, 1, 1, 1, 1, 1, 1, 2, 2, 3, 3, 1, 1, 3, 3, 1, 1, 1, 1, 2, 2, 2, 2, 1, 1, 1, 1, 2, 2, 2, 2, 3, 3, 1, 1, 3, 3, 3, 3, 1, 1, 3, 3, 3, 3, 1, 1, 1, 1, 3, 3, 3, 3, 3, 3, 3, 3, 3, 3, 3, 3, 3, 3, 1, 1, 2, 2, 1, 1, 3, 3, 3, 3, 3, 3, 3, 3, 3, 3, 1, 1, 1, 1, 1, 1, 2, 2, 3, 3, 1, 1, 3, 3, 1, 1, 1, 1, 2, 2, 2, 2, 1, 1, 1, 1, 2, 2, 2, 2, 3, 3, 3, 3, 3, 3, 3, 3, 3, 3, 3, 3, 3, 3, 3, 3, 3, 3]","[6, 7, 7, 8, 8, 9, 9, 10, 9, 11, 11, 12, 12, 13, 13, 14, 14, 15, 15, 16, 16, 17, 17, 18, 18, 19, 19, 20, 20, 21, 21, 22, 22, 23, 23, 24, 24, 25, 25, 26, 26, 27, 27, 28, 28, 29, 29, 30, 26, 31, 31, 32, 31, 33, 21, 34, 34, 35, 34, 36, 20, 37, 37, 38, 37, 39, 37, 40, 16, 41, 41, 42, 41, 43, 41, 44, 12, 45, 46, 47, 47, 48, 48, 49, 49, 50, 49, 51, 51, 52, 52, 53, 53, 54, 54, 55, 55, 56, 56, 57, 57, 58, 58, 59, 59, 60, 60, 61, 61, 62, 62, 63, 63, 64, 64, 65, 65, 66, 66, 67, 67, 68, 68, 69, 69, 70, 66, 71, 71, 72, 71, 73, 61, 74, 74, 75, 74, 76, 60, 77, 77, 78, 77, 79, 77, 80, 56, 81, 81, 82, 81, 83, 81, 84, 52, 85, 45, 7, 36, 14, 36, 18, 29, 24, 85, 47, 76, 54, 76, 58, 69, 64]","[7, 6, 8, 7, 9, 8, 10, 9, 11, 9, 12, 11, 13, 12, 14, 13, 15, 14, 16, 15, 17, 16, 18, 17, 19, 18, 20, 19, 21, 20, 22, 21, 23, 22, 24, 23, 25, 24, 26, 25, 27, 26, 28, 27, 29, 28, 30, 29, 31, 26, 32, 31, 33, 31, 34, 21, 35, 34, 36, 34, 37, 20, 38, 37, 39, 37, 40, 37, 41, 16, 42, 41, 43, 41, 44, 41, 45, 12, 47, 46, 48, 47, 49, 48, 50, 49, 51, 49, 52, 51, 53, 52, 54, 53, 55, 54, 56, 55, 57, 56, 58, 57, 59, 58, 60, 59, 61, 60, 62, 61, 63, 62, 64, 63, 65, 64, 66, 65, 67, 66, 68, 67, 69, 68, 70, 69, 71, 66, 72, 71, 73, 71, 74, 61, 75, 74, 76, 74, 77, 60, 78, 77, 79, 77, 80, 77, 81, 56, 82, 81, 83, 81, 84, 81, 85, 52, 7, 45, 14, 36, 18, 36, 24, 29, 47, 85, 54, 76, 58, 76, 64, 69]",-0.4949751746
32,68,"[1, 1, 1, 1, 1, 3, 2, 1, 1, 1, 1, 1, 1, 1, 1, 1, 1, 1, 1, 1, 1, 2, 2, 2, 2, 1, 1, 1, 1, 1, 3, 3]","[1, 1, 1, 1, 1, 1, 1, 1, 2, 2, 1, 1, 1, 1, 1, 1, 3, 3, 3, 3, 3, 3, 3, 3, 3, 3, 1, 1, 3, 3, 3, 3, 3, 3, 3, 3, 3, 3, 1, 1, 3, 3, 3, 3, 3, 3, 3, 3, 1, 1, 1, 1, 1, 1, 1, 1, 1, 1, 1, 1, 2, 2, 3, 3, 3, 3, 3, 3]","[0, 1, 1, 2, 2, 3, 3, 4, 4, 5, 4, 6, 6, 7, 7, 8, 8, 9, 9, 10, 10, 11, 11, 12, 12, 13, 11, 14, 14, 15, 15, 16, 16, 17, 17, 18, 18, 19, 19, 20, 20, 21, 21, 22, 22, 23, 23, 24, 6, 25, 25, 26, 26, 27, 26, 28, 25, 29, 29, 30, 29, 31, 13, 8, 19, 14, 24, 20]","[1, 0, 2, 1, 3, 2, 4, 3, 5, 4, 6, 4, 7, 6, 8, 7, 9, 8, 10, 9, 11, 10, 12, 11, 13, 12, 14, 11, 15, 14, 16, 15, 17, 16, 18, 17, 19, 18, 20, 19, 21, 20, 22, 21, 23, 22, 24, 23, 25, 6, 26, 25, 27, 26, 28, 26, 29, 25, 30, 29, 31, 29, 8, 13, 14, 19, 20, 24]",-2.7359260939
11,22,"[2, 2, 1, 1, 3, 2, 1, 3, 2, 1, 3]","[2, 2, 2, 2, 1, 1, 2, 2, 1, 1, 1, 1, 2, 2, 1, 1, 1, 1, 2, 2, 1, 1]","[0, 1, 1, 2, 2, 3, 3, 4, 3, 5, 5, 6, 6, 7, 6, 8, 8, 9, 9, 10, 9, 2]","[1, 0, 2, 1, 3, 2, 4, 3, 5, 3, 6, 5, 7, 6, 8, 6, 9, 8, 10, 9, 2, 9]",-1.4717570191
38,82,"[9, 1, 1, 3, 1, 1, 1, 1, 1, 1, 3, 1, 1, 2, 1, 1, 1, 1, 1, 1, 8, 3, 3, 3, 1, 1, 1, 2, 1, 1, 1, 1, 1, 1, 1, 1, 3, 1]","[1, 1, 1, 1, 1, 1, 3, 3, 3, 3, 3, 3, 3, 3, 1, 1, 2, 2, 1, 1, 3, 3, 1, 1, 1, 1, 3, 3, 3, 3, 3, 3, 3, 3, 3, 3, 1, 1, 1, 1, 2, 2, 2, 2, 3, 3, 3, 3, 3, 3, 1, 1, 1, 1, 1, 1, 1, 1, 1, 1, 1, 1, 1, 1, 3, 3, 1, 1, 2, 2, 1, 1, 3, 3, 3, 3, 3, 3, 3, 3, 1, 1]","[1, 2, 2, 3, 3, 4, 4, 5, 5, 6, 6, 7, 7, 8, 8, 9, 9, 10, 9, 11, 11, 12, 12, 13, 13, 14, 14, 15, 15, 16, 16, 17, 17, 18, 18, 19, 19, 20, 20, 21, 20, 22, 20, 23, 12, 24, 24, 25, 25, 26, 26, 27, 27, 28, 28, 29, 29, 30, 30, 31, 31, 32, 32, 33, 26, 34, 34, 35, 35, 36, 35, 37, 37, 4, 37, 8, 34, 11, 19, 14, 33, 28]","[2, 1, 3, 2, 4, 3, 5, 4, 6, 5, 7, 6, 8, 7, 9, 8, 10, 9, 11, 9, 12, 11, 13, 12, 14, 13, 15, 14, 16, 15, 17, 16, 18, 17, 19, 18, 20, 19, 21, 20, 22, 20, 23, 20, 24, 12, 25, 24, 26, 25, 27, 26, 28, 27, 29, 28, 30, 29, 31, 30, 32, 31, 33, 32, 34, 26, 35, 34, 36, 35, 37, 35, 4, 37, 8, 37, 11, 34, 14, 19, 28, 33]",-1.9878367861
62,128,"[9, 9, 9, 1, 1, 3, 1, 2, 2, 1, 1, 1, 1, 1, 1, 2, 2, 1, 1, 2, 1, 1, 1, 1, 8, 3, 3, 3, 1, 1, 1, 2, 2, 1, 1, 1, 1, 1, 1, 1, 1, 1, 1, 8, 3, 3, 3, 1, 3, 8, 3, 3, 3, 1, 3, 2, 1, 1, 1, 1, 1, 1]","[1, 1, 2, 2, 1, 1, 1, 1, 2, 2, 1, 1, 3, 3, 3, 3, 3, 3, 3, 3, 3, 3, 1, 1, 2, 2, 1, 1, 3, 3, 1, 1, 3, 3, 3, 3, 3, 3, 3, 3, 1, 1, 1, 1, 2, 2, 2, 2, 1, 1, 2, 2, 1, 1, 2, 2, 1, 1, 1, 1, 3, 3, 3, 3, 3, 3, 3, 3, 3, 3, 3, 3, 3, 3, 3, 3, 3, 3, 1, 1, 1, 1, 2, 2, 2, 2, 1, 1, 2, 2, 1, 1, 1, 1, 2, 2, 2, 2, 1, 1, 2, 2, 1, 1, 1, 1, 3, 3, 3, 3, 3, 3, 3, 3, 3, 3, 3, 3, 3, 3, 1, 1, 3, 3, 3, 3, 3, 3]","[3, 4, 4, 5, 4, 6, 6, 7, 7, 8, 8, 9, 9, 10, 10, 11, 11, 12, 12, 13, 13, 14, 12, 15, 15, 16, 16, 17, 17, 18, 18, 19, 18, 20, 20, 21, 21, 22, 22, 23, 23, 24, 24, 25, 24, 26, 24, 27, 21, 28, 28, 29, 29, 30, 30, 31, 31, 32, 32, 33, 33, 34, 34, 35, 35, 36, 36, 37, 37, 38, 38, 39, 39, 40, 40, 41, 41, 42, 36, 43, 43, 44, 43, 45, 43, 46, 30, 47, 47, 48, 29, 49, 49, 50, 49, 51, 49, 52, 6, 53, 53, 54, 53, 55, 55, 56, 56, 57, 57, 58, 58, 59, 59, 60, 60, 61, 14, 9, 23, 17, 47, 20, 42, 33, 42, 37, 61, 56]","[4, 3, 5, 4, 6, 4, 7, 6, 8, 7, 9, 8, 10, 9, 11, 10, 12, 11, 13, 12, 14, 13, 15, 12, 16, 15, 17, 16, 18, 17, 19, 18, 20, 18, 21, 20, 22, 21, 23, 22, 24, 23, 25, 24, 26, 24, 27, 24, 28, 21, 29, 28, 30, 29, 31, 30, 32, 31, 33, 32, 34, 33, 35, 34, 36, 35, 37, 36, 38, 37, 39, 38, 40, 39, 41, 40, 42, 41, 43, 36, 44, 43, 45, 43, 46, 43, 47, 30, 48, 47, 49, 29, 50, 49, 51, 49, 52, 49, 53, 6, 54, 53, 55, 53, 56, 55, 57, 56, 58, 57, 59, 58, 60, 59, 61, 60, 9, 14, 17, 23, 20, 47, 33, 42, 37, 42, 56, 61]",-2.2180283184
5,10,"[1, 1, 1, 8, 1]","[1, 1, 1, 1, 1, 1, 1, 1, 1, 1]","[0, 1, 1, 2, 2, 3, 3, 4, 4, 0]","[1, 0, 2, 1, 3, 2, 4, 3, 0, 4]",-1.1819174748
17,36,"[1, 1, 1, 1, 2, 1, 3, 1, 1, 1, 1, 1, 1, 1, 1, 1, 2]","[1, 1, 1, 1, 1, 1, 1, 1, 1, 1, 2, 2, 1, 1, 1, 1, 1, 1, 1, 1, 1, 1, 1, 1, 1, 1, 1, 1, 1, 1, 1, 1, 1, 1, 1, 1]","[0, 1, 1, 2, 1, 3, 1, 4, 4, 5, 5, 6, 5, 7, 7, 8, 8, 9, 9, 10, 10, 11, 11, 12, 12, 13, 13, 14, 14, 15, 15, 16, 16, 7, 14, 9]","[1, 0, 2, 1, 3, 1, 4, 1, 5, 4, 6, 5, 7, 5, 8, 7, 9, 8, 10, 9, 11, 10, 12, 11, 13, 12, 14, 13, 15, 14, 16, 15, 7, 16, 9, 14]",-2.1616093611
8,16,"[1, 1, 2, 1, 3, 1, 1, 2]","[1, 1, 3, 3, 3, 3, 3, 3, 3, 3, 1, 1, 4, 4, 3, 3]","[0, 1, 1, 2, 2, 3, 3, 4, 4, 5, 5, 6, 6, 7, 5, 1]","[1, 0, 2, 1, 3, 2, 4, 3, 5, 4, 6, 5, 7, 6, 1, 5]",-0.324555733
6,12,"[3, 1, 3, 1, 1, 3]","[2, 2, 3, 3, 3, 3, 3, 3, 3, 3, 3, 3]","[0, 1, 1, 2, 2, 3, 3, 4, 4, 5, 5, 1]","[1, 0, 2, 1, 3, 2, 4, 3, 5, 4, 1, 5]",0.7770765429000001
14,30,"[1, 1, 1, 3, 1, 1, 1, 3, 1, 3, 1, 1, 1, 3]","[1, 1, 1, 1, 1, 1, 1, 1, 1, 1, 1, 1, 1, 1, 1, 1, 1, 1, 1, 1, 1, 1, 1, 1, 1, 1, 1, 1, 1, 1]","[0, 1, 1, 2, 2, 3, 3, 4, 4, 5, 5, 6, 6, 7, 0, 8, 8, 9, 9, 10, 10, 11, 11, 12, 12, 13, 7, 5, 13, 11]","[1, 0, 2, 1, 3, 2, 4, 3, 5, 4, 6, 5, 7, 6, 8, 0, 9, 8, 10, 9, 11, 10, 12, 11, 13, 12, 5, 7, 11, 13]",-0.5608137387
40,84,"[3, 1, 3, 1, 1, 1, 1, 3, 3, 1, 1, 1, 1, 3, 3, 1, 3, 3, 1, 1, 2, 1, 2, 1, 1, 1, 1, 1, 1, 1, 1, 2, 1, 2, 1, 1, 1, 1, 1, 1]","[1, 1, 2, 2, 1, 1, 3, 3, 3, 3, 1, 1, 1, 1, 2, 2, 3, 3, 3, 3, 3, 3, 1, 1, 1, 1, 2, 2, 1, 1, 1, 1, 2, 2, 1, 1, 1, 1, 2, 2, 1, 1, 1, 1, 3, 3, 3, 3, 3, 3, 3, 3, 3, 3, 1, 1, 1, 1, 2, 2, 1, 1, 1, 1, 3, 3, 3, 3, 3, 3, 3, 3, 3, 3, 3, 3, 1, 1, 3, 3, 1, 1, 3, 3]","[0, 1, 1, 2, 1, 3, 3, 4, 4, 5, 5, 6, 6, 7, 6, 8, 5, 9, 9, 10, 10, 11, 11, 12, 12, 13, 12, 14, 9, 15, 15, 16, 15, 17, 18, 19, 19, 20, 20, 21, 21, 22, 21, 23, 23, 24, 24, 25, 25, 26, 26, 27, 27, 28, 29, 30, 30, 31, 31, 32, 32, 33, 32, 34, 34, 35, 35, 36, 36, 37, 37, 38, 38, 39, 11, 3, 22, 18, 28, 23, 33, 29, 39, 34]","[1, 0, 2, 1, 3, 1, 4, 3, 5, 4, 6, 5, 7, 6, 8, 6, 9, 5, 10, 9, 11, 10, 12, 11, 13, 12, 14, 12, 15, 9, 16, 15, 17, 15, 19, 18, 20, 19, 21, 20, 22, 21, 23, 21, 24, 23, 25, 24, 26, 25, 27, 26, 28, 27, 30, 29, 31, 30, 32, 31, 33, 32, 34, 32, 35, 34, 36, 35, 37, 36, 38, 37, 39, 38, 3, 11, 18, 22, 23, 28, 29, 33, 34, 39]",-1.9594675236
64,136,"[52, 9, 23, 1, 1, 1, 1, 1, 1, 1, 1, 1, 1, 8, 3, 3, 2, 1, 1, 1, 1, 1, 1, 1, 1, 1, 1, 8, 3, 3, 1, 1, 1, 2, 1, 1, 1, 3, 1, 1, 1, 1, 1, 2, 1, 8, 3, 3, 3, 2, 1, 1, 1, 3, 1, 1, 1, 2, 8, 3, 3, 3, 4, 4]","[1, 1, 1, 1, 1, 1, 1, 1, 3, 3, 3, 3, 3, 3, 3, 3, 3, 3, 1, 1, 2, 2, 2, 2, 1, 1, 1, 1, 3, 3, 3, 3, 3, 3, 3, 3, 3, 3, 3, 3, 3, 3, 3, 3, 3, 3, 1, 1, 2, 2, 2, 2, 1, 1, 3, 3, 3, 3, 1, 1, 2, 2, 3, 3, 3, 3, 1, 1, 1, 1, 3, 3, 3, 3, 3, 3, 3, 3, 1, 1, 3, 3, 1, 1, 1, 1, 2, 2, 2, 2, 1, 1, 2, 2, 3, 3, 3, 3, 1, 1, 1, 1, 3, 3, 3, 3, 1, 1, 1, 1, 1, 1, 2, 2, 2, 2, 1, 1, 1, 1, 3, 3, 3, 3, 3, 3, 3, 3, 3, 3, 3, 3, 3, 3, 3, 3]","[3, 4, 4, 5, 4, 6, 4, 7, 7, 8, 8, 9, 9, 10, 10, 11, 11, 12, 10, 13, 13, 14, 13, 15, 13, 16, 16, 17, 17, 18, 18, 19, 19, 20, 20, 21, 21, 22, 22, 23, 23, 24, 24, 25, 25, 26, 22, 27, 27, 28, 27, 29, 27, 30, 30, 31, 31, 32, 32, 33, 33, 34, 34, 35, 35, 36, 36, 37, 37, 38, 38, 39, 39, 40, 40, 41, 41, 42, 42, 43, 42, 44, 44, 45, 45, 46, 45, 47, 45, 48, 39, 49, 49, 50, 50, 51, 51, 52, 52, 53, 53, 54, 54, 55, 55, 56, 56, 57, 55, 58, 58, 59, 58, 60, 58, 61, 51, 62, 35, 63, 12, 7, 26, 17, 25, 20, 56, 30, 54, 32, 52, 34, 50, 36, 44, 38]","[4, 3, 5, 4, 6, 4, 7, 4, 8, 7, 9, 8, 10, 9, 11, 10, 12, 11, 13, 10, 14, 13, 15, 13, 16, 13, 17, 16, 18, 17, 19, 18, 20, 19, 21, 20, 22, 21, 23, 22, 24, 23, 25, 24, 26, 25, 27, 22, 28, 27, 29, 27, 30, 27, 31, 30, 32, 31, 33, 32, 34, 33, 35, 34, 36, 35, 37, 36, 38, 37, 39, 38, 40, 39, 41, 40, 42, 41, 43, 42, 44, 42, 45, 44, 46, 45, 47, 45, 48, 45, 49, 39, 50, 49, 51, 50, 52, 51, 53, 52, 54, 53, 55, 54, 56, 55, 57, 56, 58, 55, 59, 58, 60, 58, 61, 58, 62, 51, 63, 35, 7, 12, 17, 26, 20, 25, 30, 56, 32, 54, 34, 52, 36, 50, 38, 44]",-2.1807658976
11,22,"[9, 1, 1, 1, 1, 1, 1, 2, 2, 2, 1]","[1, 1, 3, 3, 3, 3, 3, 3, 3, 3, 3, 3, 3, 3, 3, 3, 3, 3, 3, 3, 3, 3]","[1, 2, 2, 3, 3, 4, 4, 5, 5, 6, 6, 7, 7, 8, 8, 9, 9, 10, 10, 2, 10, 6]","[2, 1, 3, 2, 4, 3, 5, 4, 6, 5, 7, 6, 8, 7, 9, 8, 10, 9, 2, 10, 6, 10]",0.6051674279
13,24,"[9, 3, 1, 1, 3, 1, 3, 1, 3, 1, 3, 1, 3]","[1, 1, 1, 1, 1, 1, 1, 1, 1, 1, 1, 1, 2, 2, 1, 1, 1, 1, 1, 1, 2, 2, 1, 1]","[1, 2, 2, 3, 3, 4, 3, 5, 5, 6, 6, 7, 7, 8, 7, 9, 9, 10, 9, 11, 11, 12, 11, 5]","[2, 1, 3, 2, 4, 3, 5, 3, 6, 5, 7, 6, 8, 7, 9, 7, 10, 9, 11, 9, 12, 11, 5, 11]",0.5110430921
9,16,"[9, 3, 2, 1, 1, 1, 1, 1, 8]","[1, 1, 3, 3, 3, 3, 3, 3, 3, 3, 3, 3, 2, 2, 3, 3]","[1, 2, 2, 3, 3, 4, 4, 5, 5, 6, 6, 7, 7, 8, 7, 2]","[2, 1, 3, 2, 4, 3, 5, 4, 6, 5, 7, 6, 8, 7, 2, 7]",0.6370124426
31,64,"[9, 1, 3, 1, 1, 1, 1, 1, 1, 2, 2, 1, 1, 1, 1, 1, 1, 3, 1, 2, 2, 1, 1, 1, 1, 1, 1, 8, 3, 3, 3]","[1, 1, 1, 1, 3, 3, 3, 3, 3, 3, 3, 3, 3, 3, 1, 1, 2, 2, 1, 1, 3, 3, 3, 3, 3, 3, 3, 3, 3, 3, 1, 1, 1, 1, 1, 1, 2, 2, 1, 1, 3, 3, 3, 3, 3, 3, 3, 3, 3, 3, 1, 1, 1, 1, 2, 2, 2, 2, 3, 3, 3, 3, 3, 3]","[1, 2, 2, 3, 3, 4, 4, 5, 5, 6, 6, 7, 7, 8, 6, 9, 9, 10, 10, 11, 11, 12, 12, 13, 13, 14, 14, 15, 15, 16, 16, 17, 17, 18, 14, 19, 19, 20, 20, 21, 21, 22, 22, 23, 23, 24, 24, 25, 25, 26, 25, 27, 27, 28, 27, 29, 27, 30, 8, 3, 16, 11, 26, 21]","[2, 1, 3, 2, 4, 3, 5, 4, 6, 5, 7, 6, 8, 7, 9, 6, 10, 9, 11, 10, 12, 11, 13, 12, 14, 13, 15, 14, 16, 15, 17, 16, 18, 17, 19, 14, 20, 19, 21, 20, 22, 21, 23, 22, 24, 23, 25, 24, 26, 25, 27, 25, 28, 27, 29, 27, 30, 27, 3, 8, 11, 16, 21, 26]",-0.8354591701
9,16,"[4, 1, 2, 1, 2, 1, 1, 1, 1]","[1, 1, 1, 1, 1, 1, 1, 1, 2, 2, 1, 1, 2, 2, 1, 1]","[1, 2, 2, 3, 3, 4, 4, 5, 5, 6, 4, 7, 7, 8, 8, 2]","[2, 1, 3, 2, 4, 3, 5, 4, 6, 5, 7, 4, 8, 7, 2, 8]",0.6585802853
48,102,"[9, 9, 3, 8, 3, 3, 1, 1, 1, 1, 1, 1, 1, 1, 3, 1, 2, 2, 1, 1, 1, 1, 2, 2, 1, 1, 1, 1, 2, 1, 1, 1, 1, 1, 1, 1, 1, 8, 3, 3, 3, 1, 1, 1, 1, 1, 1, 1]","[1, 1, 2, 2, 2, 2, 1, 1, 3, 3, 3, 3, 3, 3, 3, 3, 1, 1, 2, 2, 1, 1, 2, 2, 1, 1, 2, 2, 1, 1, 1, 1, 3, 3, 3, 3, 3, 3, 1, 1, 2, 2, 1, 1, 3, 3, 3, 3, 3, 3, 1, 1, 1, 1, 3, 3, 3, 3, 3, 3, 3, 3, 3, 3, 3, 3, 3, 3, 1, 1, 1, 1, 2, 2, 2, 2, 3, 3, 3, 3, 3, 3, 3, 3, 3, 3, 3, 3, 3, 3, 3, 3, 1, 1, 3, 3, 3, 3, 3, 3, 3, 3]","[2, 3, 3, 4, 3, 5, 3, 6, 6, 7, 7, 8, 8, 9, 9, 10, 10, 11, 11, 12, 12, 13, 13, 14, 13, 15, 15, 16, 16, 17, 17, 18, 18, 19, 19, 20, 20, 21, 21, 22, 22, 23, 23, 24, 24, 25, 25, 26, 26, 27, 27, 28, 28, 29, 29, 30, 30, 31, 31, 32, 32, 33, 33, 34, 27, 35, 35, 36, 35, 37, 37, 38, 37, 39, 37, 40, 21, 41, 41, 42, 42, 43, 43, 44, 44, 45, 45, 46, 10, 47, 47, 6, 15, 9, 46, 18, 36, 24, 34, 29, 46, 41]","[3, 2, 4, 3, 5, 3, 6, 3, 7, 6, 8, 7, 9, 8, 10, 9, 11, 10, 12, 11, 13, 12, 14, 13, 15, 13, 16, 15, 17, 16, 18, 17, 19, 18, 20, 19, 21, 20, 22, 21, 23, 22, 24, 23, 25, 24, 26, 25, 27, 26, 28, 27, 29, 28, 30, 29, 31, 30, 32, 31, 33, 32, 34, 33, 35, 27, 36, 35, 37, 35, 38, 37, 39, 37, 40, 37, 41, 21, 42, 41, 43, 42, 44, 43, 45, 44, 46, 45, 47, 10, 6, 47, 9, 15, 18, 46, 24, 36, 29, 34, 41, 46]",-1.0156300044
42,90,"[9, 1, 2, 1, 1, 1, 1, 1, 2, 1, 1, 1, 1, 2, 1, 1, 3, 1, 1, 1, 1, 1, 1, 1, 3, 1, 8, 3, 3, 3, 1, 1, 8, 3, 3, 1, 1, 1, 1, 1, 1, 1]","[1, 1, 1, 1, 1, 1, 3, 3, 3, 3, 3, 3, 1, 1, 1, 1, 3, 3, 3, 3, 3, 3, 1, 1, 3, 3, 1, 1, 2, 2, 1, 1, 3, 3, 3, 3, 3, 3, 3, 3, 3, 3, 1, 1, 2, 2, 1, 1, 1, 1, 1, 1, 2, 2, 2, 2, 3, 3, 3, 3, 1, 1, 2, 2, 2, 2, 1, 1, 3, 3, 3, 3, 3, 3, 1, 1, 3, 3, 3, 3, 3, 3, 3, 3, 3, 3, 3, 3, 3, 3]","[1, 2, 2, 3, 3, 4, 4, 5, 5, 6, 6, 7, 7, 8, 8, 9, 9, 10, 10, 11, 11, 12, 12, 13, 12, 14, 14, 15, 15, 16, 15, 17, 17, 18, 18, 19, 19, 20, 20, 21, 21, 22, 22, 23, 23, 24, 23, 25, 11, 26, 26, 27, 26, 28, 26, 29, 7, 30, 30, 31, 2, 32, 32, 33, 32, 34, 32, 35, 35, 36, 36, 37, 37, 38, 38, 39, 38, 40, 40, 41, 31, 4, 25, 9, 25, 14, 22, 17, 41, 35]","[2, 1, 3, 2, 4, 3, 5, 4, 6, 5, 7, 6, 8, 7, 9, 8, 10, 9, 11, 10, 12, 11, 13, 12, 14, 12, 15, 14, 16, 15, 17, 15, 18, 17, 19, 18, 20, 19, 21, 20, 22, 21, 23, 22, 24, 23, 25, 23, 26, 11, 27, 26, 28, 26, 29, 26, 30, 7, 31, 30, 32, 2, 33, 32, 34, 32, 35, 32, 36, 35, 37, 36, 38, 37, 39, 38, 40, 38, 41, 40, 4, 31, 9, 25, 14, 25, 17, 22, 35, 41]",-1.9428219908
35,74,"[9, 1, 1, 3, 1, 1, 1, 1, 1, 1, 1, 2, 2, 1, 1, 1, 1, 2, 2, 1, 1, 1, 1, 1, 1, 8, 3, 3, 3, 1, 1, 1, 1, 1, 1]","[1, 1, 1, 1, 1, 1, 3, 3, 3, 3, 3, 3, 1, 1, 3, 3, 3, 3, 1, 1, 2, 2, 1, 1, 3, 3, 3, 3, 3, 3, 1, 1, 2, 2, 1, 1, 3, 3, 3, 3, 3, 3, 3, 3, 3, 3, 1, 1, 1, 1, 2, 2, 2, 2, 3, 3, 3, 3, 3, 3, 3, 3, 3, 3, 3, 3, 3, 3, 3, 3, 3, 3, 3, 3]","[1, 2, 2, 3, 3, 4, 4, 5, 5, 6, 6, 7, 7, 8, 7, 9, 9, 10, 10, 11, 11, 12, 12, 13, 13, 14, 14, 15, 15, 16, 16, 17, 17, 18, 18, 19, 19, 20, 20, 21, 21, 22, 22, 23, 23, 24, 23, 25, 25, 26, 25, 27, 25, 28, 16, 29, 29, 30, 30, 31, 31, 32, 32, 33, 33, 34, 10, 4, 34, 13, 24, 19, 34, 29]","[2, 1, 3, 2, 4, 3, 5, 4, 6, 5, 7, 6, 8, 7, 9, 7, 10, 9, 11, 10, 12, 11, 13, 12, 14, 13, 15, 14, 16, 15, 17, 16, 18, 17, 19, 18, 20, 19, 21, 20, 22, 21, 23, 22, 24, 23, 25, 23, 26, 25, 27, 25, 28, 25, 29, 16, 30, 29, 31, 30, 32, 31, 33, 32, 34, 33, 4, 10, 13, 34, 19, 24, 29, 34]",-1.8471355444
31,68,"[4, 1, 2, 1, 1, 1, 1, 1, 1, 1, 1, 1, 1, 2, 1, 1, 1, 1, 1, 1, 1, 1, 1, 1, 1, 1, 1, 1, 1, 1, 1]","[1, 1, 3, 3, 3, 3, 3, 3, 3, 3, 3, 3, 3, 3, 3, 3, 1, 1, 2, 2, 1, 1, 2, 2, 1, 1, 1, 1, 3, 3, 3, 3, 3, 3, 3, 3, 3, 3, 1, 1, 1, 1, 1, 1, 3, 3, 1, 1, 3, 3, 3, 3, 3, 3, 3, 3, 3, 3, 3, 3, 3, 3, 1, 1, 3, 3, 3, 3]","[1, 2, 2, 3, 3, 4, 4, 5, 5, 6, 6, 7, 7, 8, 8, 9, 9, 10, 10, 11, 11, 12, 12, 13, 13, 14, 13, 15, 15, 16, 16, 17, 17, 18, 18, 19, 19, 20, 20, 21, 21, 22, 21, 23, 9, 24, 24, 25, 25, 26, 26, 27, 27, 28, 28, 29, 29, 30, 24, 2, 8, 3, 21, 12, 20, 15, 30, 25]","[2, 1, 3, 2, 4, 3, 5, 4, 6, 5, 7, 6, 8, 7, 9, 8, 10, 9, 11, 10, 12, 11, 13, 12, 14, 13, 15, 13, 16, 15, 17, 16, 18, 17, 19, 18, 20, 19, 21, 20, 22, 21, 23, 21, 24, 9, 25, 24, 26, 25, 27, 26, 28, 27, 29, 28, 30, 29, 2, 24, 3, 8, 12, 21, 15, 20, 25, 30]",-1.743927996
30,64,"[1, 3, 1, 1, 1, 1, 1, 1, 3, 1, 1, 1, 2, 1, 1, 1, 1, 1, 1, 1, 2, 1, 8, 1, 3, 3, 1, 1, 3, 3]","[1, 1, 1, 1, 3, 3, 3, 3, 3, 3, 3, 3, 3, 3, 3, 3, 3, 3, 3, 3, 1, 1, 1, 1, 1, 1, 1, 1, 3, 3, 3, 3, 3, 3, 3, 3, 3, 3, 1, 1, 1, 1, 1, 1, 1, 1, 2, 2, 2, 2, 1, 1, 1, 1, 2, 2, 3, 3, 3, 3, 1, 1, 3, 3]","[0, 1, 1, 2, 2, 3, 3, 4, 4, 5, 5, 6, 6, 7, 7, 8, 8, 9, 9, 10, 7, 11, 11, 12, 12, 13, 12, 14, 14, 15, 15, 16, 16, 17, 17, 18, 18, 19, 19, 20, 20, 21, 16, 22, 22, 23, 22, 24, 22, 25, 26, 27, 27, 28, 27, 29, 10, 2, 9, 5, 20, 11, 19, 14]","[1, 0, 2, 1, 3, 2, 4, 3, 5, 4, 6, 5, 7, 6, 8, 7, 9, 8, 10, 9, 11, 7, 12, 11, 13, 12, 14, 12, 15, 14, 16, 15, 17, 16, 18, 17, 19, 18, 20, 19, 21, 20, 22, 16, 23, 22, 24, 22, 25, 22, 27, 26, 28, 27, 29, 27, 2, 10, 5, 9, 11, 20, 14, 19]",0.2125744685999999
70,144,"[9, 9, 9, 9, 1, 1, 1, 1, 2, 1, 2, 1, 2, 1, 1, 3, 2, 1, 2, 1, 1, 1, 1, 2, 2, 1, 1, 1, 1, 1, 1, 1, 1, 8, 3, 3, 3, 1, 1, 8, 3, 3, 3, 1, 1, 1, 2, 1, 1, 1, 2, 2, 1, 1, 1, 1, 1, 1, 1, 1, 8, 3, 3, 3, 1, 1, 8, 3, 3, 3]","[1, 1, 3, 3, 3, 3, 1, 1, 1, 1, 3, 3, 3, 3, 1, 1, 1, 1, 1, 1, 1, 1, 3, 3, 3, 3, 1, 1, 1, 1, 3, 3, 3, 3, 3, 3, 1, 1, 2, 2, 1, 1, 3, 3, 3, 3, 3, 3, 3, 3, 3, 3, 3, 3, 3, 3, 1, 1, 1, 1, 2, 2, 2, 2, 3, 3, 3, 3, 1, 1, 1, 1, 2, 2, 2, 2, 3, 3, 1, 1, 3, 3, 3, 3, 3, 3, 3, 3, 3, 3, 1, 1, 2, 2, 1, 1, 3, 3, 3, 3, 3, 3, 3, 3, 3, 3, 3, 3, 3, 3, 1, 1, 1, 1, 2, 2, 2, 2, 3, 3, 3, 3, 1, 1, 1, 1, 2, 2, 2, 2, 3, 3, 3, 3, 3, 3, 3, 3, 3, 3, 3, 3, 3, 3]","[4, 5, 5, 6, 6, 7, 7, 8, 8, 9, 9, 10, 10, 11, 11, 12, 12, 13, 13, 14, 14, 15, 11, 16, 16, 17, 17, 18, 18, 19, 19, 20, 20, 21, 21, 22, 22, 23, 23, 24, 24, 25, 25, 26, 26, 27, 27, 28, 28, 29, 29, 30, 30, 31, 31, 32, 32, 33, 33, 34, 33, 35, 33, 36, 28, 37, 37, 38, 37, 39, 39, 40, 39, 41, 39, 42, 22, 43, 43, 44, 43, 45, 17, 46, 7, 47, 47, 48, 48, 49, 49, 50, 50, 51, 51, 52, 52, 53, 53, 54, 54, 55, 55, 56, 56, 57, 57, 58, 58, 59, 59, 60, 60, 61, 60, 62, 60, 63, 55, 64, 64, 65, 64, 66, 66, 67, 66, 68, 66, 69, 49, 5, 46, 9, 45, 19, 38, 25, 32, 27, 65, 52, 59, 54]","[5, 4, 6, 5, 7, 6, 8, 7, 9, 8, 10, 9, 11, 10, 12, 11, 13, 12, 14, 13, 15, 14, 16, 11, 17, 16, 18, 17, 19, 18, 20, 19, 21, 20, 22, 21, 23, 22, 24, 23, 25, 24, 26, 25, 27, 26, 28, 27, 29, 28, 30, 29, 31, 30, 32, 31, 33, 32, 34, 33, 35, 33, 36, 33, 37, 28, 38, 37, 39, 37, 40, 39, 41, 39, 42, 39, 43, 22, 44, 43, 45, 43, 46, 17, 47, 7, 48, 47, 49, 48, 50, 49, 51, 50, 52, 51, 53, 52, 54, 53, 55, 54, 56, 55, 57, 56, 58, 57, 59, 58, 60, 59, 61, 60, 62, 60, 63, 60, 64, 55, 65, 64, 66, 64, 67, 66, 68, 66, 69, 66, 5, 49, 9, 46, 19, 45, 25, 38, 27, 32, 52, 65, 54, 59]",-1.1748734719
37,78,"[9, 1, 1, 2, 2, 1, 3, 1, 2, 2, 1, 1, 1, 1, 1, 1, 1, 8, 3, 3, 2, 1, 1, 1, 1, 1, 1, 1, 1, 1, 1, 1, 1, 8, 3, 3, 3]","[1, 1, 2, 2, 1, 1, 1, 1, 2, 2, 1, 1, 1, 1, 2, 2, 1, 1, 3, 3, 3, 3, 3, 3, 1, 1, 3, 3, 3, 3, 1, 1, 2, 2, 2, 2, 1, 1, 1, 1, 3, 3, 3, 3, 3, 3, 3, 3, 3, 3, 1, 1, 3, 3, 3, 3, 3, 3, 3, 3, 3, 3, 1, 1, 1, 1, 2, 2, 2, 2, 1, 1, 3, 3, 3, 3, 3, 3]","[1, 2, 2, 3, 3, 4, 4, 5, 5, 6, 5, 7, 7, 8, 8, 9, 9, 10, 10, 11, 11, 12, 12, 13, 13, 14, 13, 15, 15, 16, 15, 17, 17, 18, 17, 19, 17, 20, 20, 21, 21, 22, 22, 23, 23, 24, 24, 25, 25, 26, 4, 27, 27, 28, 28, 29, 29, 30, 30, 31, 31, 32, 30, 33, 33, 34, 33, 35, 33, 36, 7, 2, 16, 10, 26, 21, 32, 27]","[2, 1, 3, 2, 4, 3, 5, 4, 6, 5, 7, 5, 8, 7, 9, 8, 10, 9, 11, 10, 12, 11, 13, 12, 14, 13, 15, 13, 16, 15, 17, 15, 18, 17, 19, 17, 20, 17, 21, 20, 22, 21, 23, 22, 24, 23, 25, 24, 26, 25, 27, 4, 28, 27, 29, 28, 30, 29, 31, 30, 32, 31, 33, 30, 34, 33, 35, 33, 36, 33, 2, 7, 10, 16, 21, 26, 27, 32]",-0.8725523685
25,50,"[9, 3, 8, 3, 3, 1, 1, 1, 3, 3, 1, 1, 1, 1, 1, 1, 1, 3, 3, 1, 1, 1, 1, 1, 1]","[1, 1, 2, 2, 2, 2, 1, 1, 1, 1, 1, 1, 2, 2, 1, 1, 1, 1, 1, 1, 1, 1, 1, 1, 1, 1, 1, 1, 1, 1, 2, 2, 1, 1, 1, 1, 1, 1, 1, 1, 1, 1, 1, 1, 1, 1, 1, 1, 1, 1]","[1, 2, 2, 3, 2, 4, 2, 5, 5, 6, 6, 7, 7, 8, 7, 9, 9, 10, 10, 11, 11, 12, 12, 13, 13, 14, 14, 15, 5, 16, 16, 17, 16, 18, 18, 19, 19, 20, 20, 21, 21, 22, 22, 23, 23, 24, 15, 10, 24, 19]","[2, 1, 3, 2, 4, 2, 5, 2, 6, 5, 7, 6, 8, 7, 9, 7, 10, 9, 11, 10, 12, 11, 13, 12, 14, 13, 15, 14, 16, 5, 17, 16, 18, 16, 19, 18, 20, 19, 21, 20, 22, 21, 23, 22, 24, 23, 10, 15, 19, 24]",-0.7147015973999999
27,58,"[4, 1, 1, 1, 1, 1, 1, 1, 7, 1, 1, 1, 1, 1, 1, 1, 1, 1, 1, 1, 1, 1, 1, 1, 1, 1, 1]","[1, 1, 3, 3, 3, 3, 3, 3, 3, 3, 3, 3, 1, 1, 1, 1, 3, 3, 3, 3, 3, 3, 3, 3, 3, 3, 1, 1, 3, 3, 3, 3, 3, 3, 3, 3, 3, 3, 1, 1, 3, 3, 3, 3, 3, 3, 3, 3, 3, 3, 3, 3, 3, 3, 3, 3, 3, 3]","[1, 2, 2, 3, 3, 4, 4, 5, 5, 6, 6, 7, 1, 8, 8, 9, 9, 10, 10, 11, 11, 12, 12, 13, 13, 14, 8, 15, 15, 16, 16, 17, 17, 18, 18, 19, 19, 20, 8, 21, 21, 22, 22, 23, 23, 24, 24, 25, 25, 26, 7, 2, 14, 9, 20, 15, 26, 21]","[2, 1, 3, 2, 4, 3, 5, 4, 6, 5, 7, 6, 8, 1, 9, 8, 10, 9, 11, 10, 12, 11, 13, 12, 14, 13, 15, 8, 16, 15, 17, 16, 18, 17, 19, 18, 20, 19, 21, 8, 22, 21, 23, 22, 24, 23, 25, 24, 26, 25, 2, 7, 9, 14, 15, 20, 21, 26]",-0.7188245606999999
16,36,"[3, 1, 3, 1, 3, 1, 1, 1, 1, 3, 3, 1, 3, 1, 1, 1]","[2, 2, 3, 3, 3, 3, 2, 2, 3, 3, 3, 3, 3, 3, 3, 3, 2, 2, 3, 3, 3, 3, 2, 2, 3, 3, 3, 3, 3, 3, 3, 3, 3, 3, 3, 3]","[0, 1, 1, 2, 2, 3, 3, 4, 3, 5, 5, 6, 6, 7, 7, 8, 8, 9, 8, 10, 10, 11, 11, 12, 11, 13, 13, 14, 14, 15, 15, 1, 15, 5, 13, 7]","[1, 0, 2, 1, 3, 2, 4, 3, 5, 3, 6, 5, 7, 6, 8, 7, 9, 8, 10, 8, 11, 10, 12, 11, 13, 11, 14, 13, 15, 14, 1, 15, 5, 15, 7, 13]",-1.4062217243
20,32,"[4, 4, 53, 53, 1, 1, 1, 1, 1, 1, 1, 1, 1, 1, 1, 1, 1, 1, 1, 1]","[1, 1, 1, 1, 2, 2, 1, 1, 1, 1, 1, 1, 2, 2, 1, 1, 1, 1, 2, 2, 1, 1, 1, 1, 1, 1, 2, 2, 1, 1, 1, 1]","[4, 5, 5, 6, 6, 7, 7, 8, 8, 9, 9, 10, 10, 11, 12, 13, 13, 14, 14, 15, 15, 16, 16, 17, 17, 18, 18, 19, 11, 4, 19, 12]","[5, 4, 6, 5, 7, 6, 8, 7, 9, 8, 10, 9, 11, 10, 13, 12, 14, 13, 15, 14, 16, 15, 17, 16, 18, 17, 19, 18, 4, 11, 12, 19]",-2.4997980736
10,24,"[1, 2, 1, 2, 1, 2, 1, 2, 1, 1]","[1, 1, 1, 1, 1, 1, 1, 1, 1, 1, 1, 1, 1, 1, 1, 1, 1, 1, 1, 1, 1, 1, 1, 1]","[0, 1, 1, 2, 2, 3, 3, 4, 4, 5, 5, 6, 6, 7, 7, 8, 7, 9, 5, 0, 8, 1, 9, 3]","[1, 0, 2, 1, 3, 2, 4, 3, 5, 4, 6, 5, 7, 6, 8, 7, 9, 7, 0, 5, 1, 8, 3, 9]",0.7924026819
48,98,"[9, 9, 1, 1, 2, 1, 3, 1, 2, 2, 1, 1, 1, 2, 1, 2, 1, 6, 2, 1, 2, 1, 1, 1, 1, 1, 1, 4, 8, 3, 3, 3, 2, 1, 1, 1, 8, 3, 3, 3, 1, 1, 1, 2, 3, 1, 3, 1]","[1, 1, 1, 1, 1, 1, 2, 2, 1, 1, 2, 2, 1, 1, 1, 1, 3, 3, 3, 3, 1, 1, 1, 1, 3, 3, 3, 3, 1, 1, 3, 3, 3, 3, 1, 1, 1, 1, 3, 3, 3, 3, 3, 3, 3, 3, 3, 3, 1, 1, 1, 1, 1, 1, 2, 2, 2, 2, 3, 3, 3, 3, 3, 3, 3, 3, 1, 1, 1, 1, 2, 2, 2, 2, 1, 1, 2, 2, 1, 1, 1, 1, 2, 2, 1, 1, 2, 2, 1, 1, 1, 1, 3, 3, 3, 3, 3, 3]","[2, 3, 3, 4, 4, 5, 5, 6, 5, 7, 7, 8, 8, 9, 9, 10, 10, 11, 11, 12, 12, 13, 13, 14, 14, 15, 15, 16, 16, 17, 16, 18, 18, 19, 19, 20, 20, 21, 21, 22, 22, 23, 23, 24, 24, 25, 25, 26, 26, 27, 23, 28, 28, 29, 28, 30, 28, 31, 19, 32, 12, 33, 33, 34, 34, 35, 35, 36, 36, 37, 36, 38, 36, 39, 7, 40, 40, 41, 41, 42, 42, 43, 42, 44, 41, 45, 45, 46, 40, 47, 45, 4, 35, 10, 32, 14, 26, 21]","[3, 2, 4, 3, 5, 4, 6, 5, 7, 5, 8, 7, 9, 8, 10, 9, 11, 10, 12, 11, 13, 12, 14, 13, 15, 14, 16, 15, 17, 16, 18, 16, 19, 18, 20, 19, 21, 20, 22, 21, 23, 22, 24, 23, 25, 24, 26, 25, 27, 26, 28, 23, 29, 28, 30, 28, 31, 28, 32, 19, 33, 12, 34, 33, 35, 34, 36, 35, 37, 36, 38, 36, 39, 36, 40, 7, 41, 40, 42, 41, 43, 42, 44, 42, 45, 41, 46, 45, 47, 40, 4, 45, 10, 35, 14, 32, 21, 26]",-0.9210343837
45,92,"[9, 9, 1, 1, 1, 1, 1, 1, 1, 8, 3, 3, 3, 8, 3, 3, 1, 1, 1, 2, 1, 3, 1, 0, 1, 1, 1, 1, 2, 2, 1, 1, 2, 1, 1, 1, 1, 1, 1, 1, 1, 8, 3, 3, 3]","[1, 1, 3, 3, 3, 3, 3, 3, 3, 3, 3, 3, 1, 1, 1, 1, 2, 2, 2, 2, 1, 1, 2, 2, 2, 2, 1, 1, 3, 3, 3, 3, 1, 1, 1, 1, 2, 2, 1, 1, 1, 1, 2, 2, 3, 3, 3, 3, 3, 3, 1, 1, 2, 2, 1, 1, 3, 3, 1, 1, 3, 3, 3, 3, 3, 3, 3, 3, 3, 3, 3, 3, 3, 3, 3, 3, 1, 1, 1, 1, 2, 2, 2, 2, 3, 3, 3, 3, 3, 3, 3, 3]","[2, 3, 3, 4, 4, 5, 5, 6, 6, 7, 7, 8, 8, 9, 9, 10, 9, 11, 9, 12, 6, 13, 13, 14, 13, 15, 13, 16, 16, 17, 17, 18, 18, 19, 19, 20, 20, 21, 20, 22, 22, 23, 22, 24, 18, 25, 25, 26, 26, 27, 27, 28, 28, 29, 29, 30, 30, 31, 31, 32, 31, 33, 33, 34, 34, 35, 35, 36, 36, 37, 37, 38, 38, 39, 39, 40, 37, 41, 41, 42, 41, 43, 41, 44, 8, 3, 27, 16, 40, 30, 40, 35]","[3, 2, 4, 3, 5, 4, 6, 5, 7, 6, 8, 7, 9, 8, 10, 9, 11, 9, 12, 9, 13, 6, 14, 13, 15, 13, 16, 13, 17, 16, 18, 17, 19, 18, 20, 19, 21, 20, 22, 20, 23, 22, 24, 22, 25, 18, 26, 25, 27, 26, 28, 27, 29, 28, 30, 29, 31, 30, 32, 31, 33, 31, 34, 33, 35, 34, 36, 35, 37, 36, 38, 37, 39, 38, 40, 39, 41, 37, 42, 41, 43, 41, 44, 41, 3, 8, 16, 27, 30, 40, 35, 40]",-1.8948362305
40,84,"[1, 1, 1, 1, 1, 1, 1, 1, 1, 1, 1, 1, 1, 1, 1, 1, 3, 1, 1, 1, 1, 1, 1, 1, 3, 1, 1, 3, 2, 1, 8, 1, 1, 2, 1, 1, 1, 1, 1, 1]","[1, 1, 1, 1, 1, 1, 1, 1, 1, 1, 1, 1, 1, 1, 1, 1, 1, 1, 1, 1, 1, 1, 1, 1, 1, 1, 1, 1, 1, 1, 1, 1, 1, 1, 3, 3, 3, 3, 3, 3, 3, 3, 3, 3, 1, 1, 2, 2, 1, 1, 1, 1, 2, 2, 1, 1, 1, 1, 3, 3, 3, 3, 3, 3, 3, 3, 1, 1, 3, 3, 3, 3, 3, 3, 3, 3, 3, 3, 3, 3, 3, 3, 3, 3]","[0, 1, 1, 2, 2, 3, 3, 4, 4, 5, 5, 6, 6, 7, 7, 8, 8, 9, 9, 10, 10, 11, 11, 12, 12, 13, 13, 14, 14, 15, 15, 16, 16, 17, 17, 18, 18, 19, 19, 20, 20, 21, 21, 22, 22, 23, 23, 24, 23, 25, 25, 26, 26, 27, 26, 28, 28, 29, 29, 30, 30, 31, 31, 32, 32, 33, 32, 34, 34, 35, 35, 36, 36, 37, 37, 38, 38, 39, 22, 17, 33, 29, 39, 34]","[1, 0, 2, 1, 3, 2, 4, 3, 5, 4, 6, 5, 7, 6, 8, 7, 9, 8, 10, 9, 11, 10, 12, 11, 13, 12, 14, 13, 15, 14, 16, 15, 17, 16, 18, 17, 19, 18, 20, 19, 21, 20, 22, 21, 23, 22, 24, 23, 25, 23, 26, 25, 27, 26, 28, 26, 29, 28, 30, 29, 31, 30, 32, 31, 33, 32, 34, 32, 35, 34, 36, 35, 37, 36, 38, 37, 39, 38, 17, 22, 29, 33, 34, 39]",-4.8472795348
22,48,"[2, 1, 2, 1, 2, 1, 1, 1, 1, 1, 1, 1, 1, 1, 1, 1, 3, 3, 1, 1, 3, 2]","[1, 1, 3, 3, 3, 3, 3, 3, 3, 3, 3, 3, 1, 1, 1, 1, 1, 1, 3, 3, 3, 3, 3, 3, 3, 3, 3, 3, 1, 1, 1, 1, 2, 2, 3, 3, 3, 3, 2, 2, 3, 3, 3, 3, 3, 3, 3, 3]","[0, 1, 1, 2, 2, 3, 3, 4, 4, 5, 5, 6, 6, 7, 7, 8, 8, 9, 9, 10, 10, 11, 11, 12, 12, 13, 13, 14, 12, 15, 15, 16, 15, 17, 6, 18, 18, 19, 19, 20, 19, 21, 21, 1, 18, 3, 14, 9]","[1, 0, 2, 1, 3, 2, 4, 3, 5, 4, 6, 5, 7, 6, 8, 7, 9, 8, 10, 9, 11, 10, 12, 11, 13, 12, 14, 13, 15, 12, 16, 15, 17, 15, 18, 6, 19, 18, 20, 19, 21, 19, 1, 21, 3, 18, 9, 14]",-3.5742890365
17,38,"[4, 1, 1, 1, 1, 2, 1, 1, 1, 2, 1, 1, 1, 3, 2, 1, 1]","[1, 1, 3, 3, 3, 3, 3, 3, 3, 3, 1, 1, 1, 1, 1, 1, 1, 1, 1, 1, 1, 1, 3, 3, 2, 2, 3, 3, 3, 3, 3, 3, 3, 3, 3, 3, 1, 1]","[0, 1, 1, 2, 2, 3, 3, 4, 4, 5, 5, 6, 6, 7, 7, 8, 8, 9, 9, 10, 10, 11, 5, 12, 12, 13, 12, 14, 14, 15, 15, 16, 16, 1, 15, 4, 11, 6]","[1, 0, 2, 1, 3, 2, 4, 3, 5, 4, 6, 5, 7, 6, 8, 7, 9, 8, 10, 9, 11, 10, 12, 5, 13, 12, 14, 12, 15, 14, 16, 15, 1, 16, 4, 15, 6, 11]",-2.6630758608
31,66,"[3, 1, 1, 3, 1, 3, 1, 1, 1, 3, 1, 1, 3, 1, 1, 3, 1, 1, 1, 1, 1, 1, 3, 1, 1, 1, 3, 1, 3, 1, 3]","[1, 1, 1, 1, 1, 1, 1, 1, 1, 1, 1, 1, 3, 3, 3, 3, 1, 1, 3, 3, 3, 3, 1, 1, 3, 3, 1, 1, 2, 2, 1, 1, 1, 1, 1, 1, 3, 3, 3, 3, 3, 3, 1, 1, 3, 3, 3, 3, 1, 1, 1, 1, 1, 1, 1, 1, 1, 1, 1, 1, 1, 1, 3, 3, 3, 3]","[0, 1, 1, 2, 2, 3, 3, 4, 4, 5, 5, 6, 6, 7, 7, 8, 8, 9, 8, 10, 10, 11, 11, 12, 11, 13, 13, 14, 14, 15, 14, 16, 16, 17, 17, 18, 18, 19, 19, 20, 20, 21, 21, 22, 21, 23, 23, 24, 4, 25, 25, 26, 25, 27, 27, 28, 27, 29, 29, 30, 29, 2, 13, 6, 24, 18]","[1, 0, 2, 1, 3, 2, 4, 3, 5, 4, 6, 5, 7, 6, 8, 7, 9, 8, 10, 8, 11, 10, 12, 11, 13, 11, 14, 13, 15, 14, 16, 14, 17, 16, 18, 17, 19, 18, 20, 19, 21, 20, 22, 21, 23, 21, 24, 23, 25, 4, 26, 25, 27, 25, 28, 27, 29, 27, 30, 29, 2, 29, 6, 13, 18, 24]",-2.639897679
58,124,"[9, 9, 1, 1, 1, 1, 1, 1, 1, 2, 2, 1, 1, 1, 1, 1, 1, 1, 3, 1, 1, 1, 3, 8, 3, 3, 3, 1, 1, 1, 1, 1, 1, 1, 1, 1, 1, 2, 2, 1, 1, 1, 1, 1, 1, 1, 3, 1, 1, 1, 3, 8, 3, 3, 3, 1, 1, 1]","[1, 1, 3, 3, 3, 3, 3, 3, 3, 3, 3, 3, 1, 1, 1, 1, 1, 1, 2, 2, 1, 1, 2, 2, 1, 1, 2, 2, 1, 1, 2, 2, 1, 1, 2, 2, 1, 1, 2, 2, 1, 1, 1, 1, 2, 2, 2, 2, 1, 1, 1, 1, 1, 1, 1, 1, 1, 1, 1, 1, 1, 1, 3, 3, 3, 3, 3, 3, 1, 1, 1, 1, 1, 1, 2, 2, 1, 1, 2, 2, 1, 1, 2, 2, 1, 1, 2, 2, 1, 1, 2, 2, 1, 1, 2, 2, 1, 1, 1, 1, 2, 2, 2, 2, 3, 3, 1, 1, 3, 3, 3, 3, 1, 1, 1, 1, 1, 1, 3, 3, 1, 1, 1, 1]","[2, 3, 3, 4, 4, 5, 5, 6, 6, 7, 7, 8, 8, 9, 9, 10, 10, 11, 11, 12, 12, 13, 13, 14, 14, 15, 15, 16, 16, 17, 17, 18, 17, 19, 19, 20, 20, 21, 21, 22, 12, 23, 23, 24, 23, 25, 23, 26, 5, 27, 27, 28, 28, 29, 29, 30, 30, 31, 31, 32, 27, 33, 33, 34, 34, 35, 35, 36, 36, 37, 37, 38, 38, 39, 39, 40, 40, 41, 41, 42, 42, 43, 43, 44, 44, 45, 45, 46, 45, 47, 47, 48, 48, 49, 49, 50, 40, 51, 51, 52, 51, 53, 51, 54, 36, 55, 55, 56, 55, 57, 8, 3, 21, 11, 20, 14, 32, 27, 57, 33, 49, 39, 48, 42]","[3, 2, 4, 3, 5, 4, 6, 5, 7, 6, 8, 7, 9, 8, 10, 9, 11, 10, 12, 11, 13, 12, 14, 13, 15, 14, 16, 15, 17, 16, 18, 17, 19, 17, 20, 19, 21, 20, 22, 21, 23, 12, 24, 23, 25, 23, 26, 23, 27, 5, 28, 27, 29, 28, 30, 29, 31, 30, 32, 31, 33, 27, 34, 33, 35, 34, 36, 35, 37, 36, 38, 37, 39, 38, 40, 39, 41, 40, 42, 41, 43, 42, 44, 43, 45, 44, 46, 45, 47, 45, 48, 47, 49, 48, 50, 49, 51, 40, 52, 51, 53, 51, 54, 51, 55, 36, 56, 55, 57, 55, 3, 8, 11, 21, 14, 20, 27, 32, 33, 57, 39, 49, 42, 48]",-0.8547884607999999
38,80,"[9, 1, 1, 1, 1, 1, 2, 8, 3, 3, 1, 1, 1, 2, 2, 1, 1, 1, 3, 1, 1, 1, 1, 1, 1, 1, 2, 8, 3, 3, 3, 1, 1, 1, 4, 1, 1, 1]","[1, 1, 3, 3, 3, 3, 3, 3, 1, 1, 1, 1, 2, 2, 2, 2, 1, 1, 3, 3, 3, 3, 1, 1, 1, 1, 1, 1, 2, 2, 1, 1, 2, 2, 1, 1, 2, 2, 1, 1, 2, 2, 1, 1, 2, 2, 1, 1, 2, 2, 1, 1, 1, 1, 2, 2, 2, 2, 3, 3, 3, 3, 3, 3, 1, 1, 3, 3, 1, 1, 3, 3, 3, 3, 3, 3, 1, 1, 1, 1]","[1, 2, 2, 3, 3, 4, 4, 5, 5, 6, 6, 7, 7, 8, 7, 9, 7, 10, 10, 11, 11, 12, 12, 13, 13, 14, 14, 15, 15, 16, 16, 17, 17, 18, 17, 19, 19, 20, 20, 21, 21, 22, 22, 23, 23, 24, 24, 25, 25, 26, 20, 27, 27, 28, 27, 29, 27, 30, 12, 31, 31, 32, 32, 33, 33, 34, 5, 35, 35, 36, 35, 37, 37, 2, 33, 10, 25, 15, 22, 16]","[2, 1, 3, 2, 4, 3, 5, 4, 6, 5, 7, 6, 8, 7, 9, 7, 10, 7, 11, 10, 12, 11, 13, 12, 14, 13, 15, 14, 16, 15, 17, 16, 18, 17, 19, 17, 20, 19, 21, 20, 22, 21, 23, 22, 24, 23, 25, 24, 26, 25, 27, 20, 28, 27, 29, 27, 30, 27, 31, 12, 32, 31, 33, 32, 34, 33, 35, 5, 36, 35, 37, 35, 2, 37, 10, 33, 15, 25, 16, 22]",-0.6308713175
88,178,"[9, 9, 9, 9, 9, 9, 2, 1, 1, 2, 2, 1, 1, 1, 2, 1, 2, 1, 4, 2, 1, 2, 1, 1, 1, 1, 1, 1, 8, 3, 3, 3, 2, 1, 1, 1, 8, 3, 3, 3, 1, 1, 1, 1, 1, 1, 2, 2, 1, 1, 1, 2, 1, 2, 1, 4, 2, 1, 2, 1, 1, 1, 1, 1, 1, 8, 3, 3, 3, 2, 1, 1, 1, 8, 3, 3, 3, 1, 3, 1, 8, 3, 3, 3, 8, 3, 3, 3]","[1, 1, 3, 3, 1, 1, 2, 2, 1, 1, 3, 3, 3, 3, 1, 1, 1, 1, 3, 3, 3, 3, 1, 1, 3, 3, 3, 3, 1, 1, 1, 1, 3, 3, 3, 3, 3, 3, 3, 3, 3, 3, 1, 1, 1, 1, 2, 2, 2, 2, 3, 3, 3, 3, 3, 3, 3, 3, 1, 1, 1, 1, 2, 2, 2, 2, 3, 3, 3, 3, 3, 3, 1, 1, 2, 2, 1, 1, 2, 2, 1, 1, 1, 1, 3, 3, 3, 3, 1, 1, 1, 1, 3, 3, 3, 3, 1, 1, 3, 3, 3, 3, 1, 1, 1, 1, 3, 3, 3, 3, 3, 3, 3, 3, 3, 3, 1, 1, 1, 1, 2, 2, 2, 2, 3, 3, 3, 3, 3, 3, 3, 3, 1, 1, 1, 1, 2, 2, 2, 2, 1, 1, 2, 2, 1, 1, 1, 1, 1, 1, 2, 2, 2, 2, 1, 1, 1, 1, 2, 2, 2, 2, 3, 3, 3, 3, 3, 3, 3, 3, 3, 3, 3, 3, 3, 3, 3, 3]","[6, 7, 7, 8, 8, 9, 9, 10, 10, 11, 11, 12, 12, 13, 13, 14, 14, 15, 15, 16, 16, 17, 17, 18, 17, 19, 19, 20, 20, 21, 21, 22, 22, 23, 23, 24, 24, 25, 25, 26, 26, 27, 26, 28, 28, 29, 28, 30, 28, 31, 20, 32, 13, 33, 33, 34, 34, 35, 35, 36, 36, 37, 36, 38, 36, 39, 8, 40, 40, 41, 41, 42, 42, 43, 43, 44, 44, 45, 45, 46, 46, 47, 47, 48, 48, 49, 49, 50, 50, 51, 51, 52, 52, 53, 53, 54, 54, 55, 54, 56, 56, 57, 57, 58, 58, 59, 59, 60, 60, 61, 61, 62, 62, 63, 63, 64, 63, 65, 65, 66, 65, 67, 65, 68, 57, 69, 50, 70, 70, 71, 71, 72, 72, 73, 73, 74, 73, 75, 73, 76, 45, 77, 77, 78, 77, 79, 44, 80, 80, 81, 80, 82, 80, 83, 40, 84, 84, 85, 84, 86, 84, 87, 79, 7, 35, 11, 32, 15, 27, 22, 79, 42, 72, 48, 69, 52, 64, 59]","[7, 6, 8, 7, 9, 8, 10, 9, 11, 10, 12, 11, 13, 12, 14, 13, 15, 14, 16, 15, 17, 16, 18, 17, 19, 17, 20, 19, 21, 20, 22, 21, 23, 22, 24, 23, 25, 24, 26, 25, 27, 26, 28, 26, 29, 28, 30, 28, 31, 28, 32, 20, 33, 13, 34, 33, 35, 34, 36, 35, 37, 36, 38, 36, 39, 36, 40, 8, 41, 40, 42, 41, 43, 42, 44, 43, 45, 44, 46, 45, 47, 46, 48, 47, 49, 48, 50, 49, 51, 50, 52, 51, 53, 52, 54, 53, 55, 54, 56, 54, 57, 56, 58, 57, 59, 58, 60, 59, 61, 60, 62, 61, 63, 62, 64, 63, 65, 63, 66, 65, 67, 65, 68, 65, 69, 57, 70, 50, 71, 70, 72, 71, 73, 72, 74, 73, 75, 73, 76, 73, 77, 45, 78, 77, 79, 77, 80, 44, 81, 80, 82, 80, 83, 80, 84, 40, 85, 84, 86, 84, 87, 84, 7, 79, 11, 35, 15, 32, 22, 27, 42, 79, 48, 72, 52, 69, 59, 64]",-0.9572055168
26,50,"[30, 4, 1, 1, 1, 1, 2, 1, 1, 3, 1, 1, 1, 1, 3, 1, 1, 3, 1, 1, 1, 1, 1, 1, 1, 1]","[1, 1, 1, 1, 1, 1, 1, 1, 1, 1, 1, 1, 2, 2, 1, 1, 3, 3, 3, 3, 3, 3, 1, 1, 3, 3, 1, 1, 1, 1, 3, 3, 1, 1, 1, 1, 3, 3, 3, 3, 3, 3, 3, 3, 3, 3, 3, 3, 3, 3]","[2, 3, 3, 4, 3, 5, 3, 6, 6, 7, 7, 8, 8, 9, 8, 10, 10, 11, 11, 12, 12, 13, 13, 14, 13, 15, 15, 16, 16, 17, 15, 18, 6, 19, 19, 20, 20, 21, 21, 22, 22, 23, 23, 24, 24, 25, 18, 10, 25, 20]","[3, 2, 4, 3, 5, 3, 6, 3, 7, 6, 8, 7, 9, 8, 10, 8, 11, 10, 12, 11, 13, 12, 14, 13, 15, 13, 16, 15, 17, 16, 18, 15, 19, 6, 20, 19, 21, 20, 22, 21, 23, 22, 24, 23, 25, 24, 10, 18, 20, 25]",-1.3487765491
48,100,"[9, 9, 1, 1, 1, 1, 1, 1, 1, 8, 3, 3, 2, 1, 1, 1, 1, 1, 1, 1, 1, 2, 2, 1, 1, 1, 4, 1, 1, 1, 3, 1, 1, 1, 1, 1, 1, 1, 3, 1, 8, 3, 3, 3, 8, 3, 3, 3]","[1, 1, 3, 3, 3, 3, 3, 3, 3, 3, 3, 3, 1, 1, 2, 2, 2, 2, 1, 1, 1, 1, 3, 3, 3, 3, 3, 3, 3, 3, 1, 1, 2, 2, 1, 1, 2, 2, 1, 1, 1, 1, 3, 3, 3, 3, 1, 1, 3, 3, 3, 3, 3, 3, 1, 1, 1, 1, 3, 3, 3, 3, 3, 3, 3, 3, 3, 3, 1, 1, 2, 2, 1, 1, 1, 1, 1, 1, 2, 2, 2, 2, 1, 1, 1, 1, 2, 2, 2, 2, 3, 3, 3, 3, 3, 3, 3, 3, 3, 3]","[2, 3, 3, 4, 4, 5, 5, 6, 6, 7, 7, 8, 6, 9, 9, 10, 9, 11, 9, 12, 12, 13, 13, 14, 14, 15, 15, 16, 16, 17, 17, 18, 18, 19, 19, 20, 20, 21, 21, 22, 22, 23, 23, 24, 24, 25, 25, 26, 25, 27, 27, 28, 28, 29, 29, 30, 30, 31, 31, 32, 32, 33, 33, 34, 34, 35, 35, 36, 20, 37, 37, 38, 37, 39, 19, 40, 40, 41, 40, 42, 40, 43, 15, 44, 44, 45, 44, 46, 44, 47, 8, 3, 39, 13, 39, 17, 29, 23, 36, 31]","[3, 2, 4, 3, 5, 4, 6, 5, 7, 6, 8, 7, 9, 6, 10, 9, 11, 9, 12, 9, 13, 12, 14, 13, 15, 14, 16, 15, 17, 16, 18, 17, 19, 18, 20, 19, 21, 20, 22, 21, 23, 22, 24, 23, 25, 24, 26, 25, 27, 25, 28, 27, 29, 28, 30, 29, 31, 30, 32, 31, 33, 32, 34, 33, 35, 34, 36, 35, 37, 20, 38, 37, 39, 37, 40, 19, 41, 40, 42, 40, 43, 40, 44, 15, 45, 44, 46, 44, 47, 44, 3, 8, 13, 39, 17, 39, 23, 29, 31, 36]",-0.6679306861
76,158,"[9, 9, 9, 9, 1, 3, 1, 1, 1, 1, 2, 2, 1, 1, 3, 1, 1, 1, 1, 2, 1, 2, 1, 2, 1, 1, 1, 1, 1, 3, 1, 2, 2, 1, 1, 1, 1, 3, 1, 1, 1, 8, 3, 3, 3, 1, 1, 1, 1, 8, 3, 3, 3, 2, 1, 2, 2, 1, 1, 3, 1, 1, 1, 1, 1, 1, 8, 3, 3, 3, 1, 1, 8, 3, 3, 3]","[1, 1, 1, 1, 3, 3, 3, 3, 3, 3, 1, 1, 1, 1, 2, 2, 1, 1, 2, 2, 1, 1, 3, 3, 3, 3, 3, 3, 1, 1, 1, 1, 3, 3, 3, 3, 1, 1, 1, 1, 3, 3, 3, 3, 3, 3, 1, 1, 2, 2, 1, 1, 2, 2, 1, 1, 1, 1, 3, 3, 3, 3, 3, 3, 1, 1, 1, 1, 3, 3, 3, 3, 1, 1, 1, 1, 2, 2, 2, 2, 1, 1, 2, 2, 1, 1, 3, 3, 1, 1, 1, 1, 2, 2, 2, 2, 3, 3, 3, 3, 3, 3, 1, 1, 1, 1, 1, 1, 1, 1, 1, 1, 1, 1, 3, 3, 3, 3, 1, 1, 2, 2, 1, 1, 1, 1, 2, 2, 2, 2, 3, 3, 3, 3, 1, 1, 1, 1, 2, 2, 2, 2, 3, 3, 1, 1, 3, 3, 3, 3, 3, 3, 3, 3, 3, 3, 1, 1]","[4, 5, 5, 6, 6, 7, 7, 8, 8, 9, 9, 10, 10, 11, 11, 12, 12, 13, 13, 14, 13, 15, 15, 16, 16, 17, 17, 18, 18, 19, 19, 20, 20, 21, 21, 22, 22, 23, 23, 24, 24, 25, 25, 26, 26, 27, 27, 28, 28, 29, 28, 30, 30, 31, 31, 32, 32, 33, 33, 34, 34, 35, 35, 36, 36, 37, 37, 38, 36, 39, 39, 40, 40, 41, 41, 42, 41, 43, 41, 44, 30, 45, 45, 46, 46, 47, 47, 48, 45, 49, 49, 50, 49, 51, 49, 52, 22, 53, 53, 54, 54, 55, 54, 56, 56, 57, 57, 58, 58, 59, 59, 60, 60, 61, 18, 62, 62, 63, 63, 64, 64, 65, 65, 66, 66, 67, 66, 68, 66, 69, 9, 70, 70, 71, 70, 72, 72, 73, 72, 74, 72, 75, 71, 6, 65, 12, 63, 15, 55, 20, 48, 24, 47, 27, 40, 33, 61, 56]","[5, 4, 6, 5, 7, 6, 8, 7, 9, 8, 10, 9, 11, 10, 12, 11, 13, 12, 14, 13, 15, 13, 16, 15, 17, 16, 18, 17, 19, 18, 20, 19, 21, 20, 22, 21, 23, 22, 24, 23, 25, 24, 26, 25, 27, 26, 28, 27, 29, 28, 30, 28, 31, 30, 32, 31, 33, 32, 34, 33, 35, 34, 36, 35, 37, 36, 38, 37, 39, 36, 40, 39, 41, 40, 42, 41, 43, 41, 44, 41, 45, 30, 46, 45, 47, 46, 48, 47, 49, 45, 50, 49, 51, 49, 52, 49, 53, 22, 54, 53, 55, 54, 56, 54, 57, 56, 58, 57, 59, 58, 60, 59, 61, 60, 62, 18, 63, 62, 64, 63, 65, 64, 66, 65, 67, 66, 68, 66, 69, 66, 70, 9, 71, 70, 72, 70, 73, 72, 74, 72, 75, 72, 6, 71, 12, 65, 15, 63, 20, 55, 24, 48, 27, 47, 33, 40, 56, 61]",-1.8252827514
79,172,"[1, 1, 1, 1, 1, 3, 3, 1, 1, 1, 1, 1, 1, 1, 1, 1, 1, 1, 1, 1, 1, 1, 1, 1, 1, 1, 1, 1, 1, 1, 1, 3, 1, 1, 1, 1, 3, 3, 1, 1, 1, 1, 1, 3, 1, 3, 3, 3, 1, 1, 1, 1, 1, 3, 1, 3, 3, 3, 3, 3, 3, 1, 1, 1, 1, 1, 3, 1, 3, 3, 3, 3, 1, 1, 3, 3, 1, 3, 1]","[1, 1, 2, 2, 1, 1, 1, 1, 2, 2, 1, 1, 1, 1, 1, 1, 1, 1, 1, 1, 1, 1, 1, 1, 1, 1, 1, 1, 1, 1, 2, 2, 1, 1, 1, 1, 1, 1, 1, 1, 1, 1, 1, 1, 1, 1, 1, 1, 1, 1, 1, 1, 1, 1, 1, 1, 1, 1, 1, 1, 1, 1, 1, 1, 1, 1, 1, 1, 1, 1, 1, 1, 1, 1, 1, 1, 1, 1, 1, 1, 1, 1, 1, 1, 1, 1, 1, 1, 2, 2, 1, 1, 1, 1, 1, 1, 1, 1, 1, 1, 1, 1, 1, 1, 1, 1, 1, 1, 1, 1, 1, 1, 1, 1, 1, 1, 1, 1, 1, 1, 1, 1, 1, 1, 1, 1, 1, 1, 1, 1, 1, 1, 1, 1, 1, 1, 1, 1, 1, 1, 1, 1, 1, 1, 1, 1, 1, 1, 1, 1, 1, 1, 2, 2, 1, 1, 1, 1, 1, 1, 1, 1, 1, 1, 1, 1, 1, 1, 1, 1, 1, 1]","[0, 1, 1, 2, 2, 3, 2, 4, 4, 5, 4, 6, 6, 7, 7, 8, 8, 9, 9, 10, 10, 11, 11, 12, 12, 13, 12, 14, 10, 15, 15, 16, 16, 17, 17, 18, 18, 19, 19, 20, 20, 21, 21, 22, 22, 23, 23, 24, 24, 25, 25, 26, 26, 27, 27, 28, 28, 29, 29, 30, 30, 31, 28, 32, 27, 33, 23, 34, 23, 35, 35, 36, 22, 37, 37, 38, 38, 39, 39, 40, 40, 41, 41, 42, 42, 43, 42, 44, 44, 45, 44, 46, 41, 47, 47, 48, 48, 49, 49, 50, 50, 51, 51, 52, 52, 53, 52, 54, 54, 55, 51, 56, 50, 57, 49, 58, 40, 59, 39, 60, 60, 61, 61, 62, 62, 63, 63, 64, 64, 65, 65, 66, 65, 67, 67, 68, 64, 69, 63, 70, 62, 71, 19, 72, 9, 73, 73, 74, 8, 75, 75, 76, 76, 77, 76, 78, 12, 7, 30, 9, 28, 15, 27, 18, 24, 19, 43, 38, 53, 48, 66, 61]","[1, 0, 2, 1, 3, 2, 4, 2, 5, 4, 6, 4, 7, 6, 8, 7, 9, 8, 10, 9, 11, 10, 12, 11, 13, 12, 14, 12, 15, 10, 16, 15, 17, 16, 18, 17, 19, 18, 20, 19, 21, 20, 22, 21, 23, 22, 24, 23, 25, 24, 26, 25, 27, 26, 28, 27, 29, 28, 30, 29, 31, 30, 32, 28, 33, 27, 34, 23, 35, 23, 36, 35, 37, 22, 38, 37, 39, 38, 40, 39, 41, 40, 42, 41, 43, 42, 44, 42, 45, 44, 46, 44, 47, 41, 48, 47, 49, 48, 50, 49, 51, 50, 52, 51, 53, 52, 54, 52, 55, 54, 56, 51, 57, 50, 58, 49, 59, 40, 60, 39, 61, 60, 62, 61, 63, 62, 64, 63, 65, 64, 66, 65, 67, 65, 68, 67, 69, 64, 70, 63, 71, 62, 72, 19, 73, 9, 74, 73, 75, 8, 76, 75, 77, 76, 78, 76, 7, 12, 9, 30, 15, 28, 18, 27, 19, 24, 38, 43, 48, 53, 61, 66]",-1.1031036675
106,220,"[9, 9, 9, 9, 9, 9, 3, 1, 3, 1, 1, 1, 1, 2, 1, 1, 2, 1, 2, 1, 1, 2, 1, 1, 1, 1, 2, 1, 1, 1, 3, 1, 1, 1, 1, 1, 2, 1, 1, 2, 1, 2, 1, 2, 1, 1, 1, 1, 1, 1, 8, 3, 3, 3, 8, 3, 3, 3, 2, 1, 2, 2, 1, 1, 1, 1, 1, 1, 3, 3, 1, 8, 3, 3, 3, 2, 1, 1, 1, 3, 1, 1, 8, 3, 3, 3, 4, 4, 2, 1, 2, 1, 1, 1, 1, 1, 1, 8, 3, 3, 3, 8, 3, 3, 3, 2]","[1, 1, 2, 2, 1, 1, 3, 3, 3, 3, 3, 3, 3, 3, 3, 3, 1, 1, 3, 3, 3, 3, 1, 1, 1, 1, 1, 1, 1, 1, 1, 1, 3, 3, 3, 3, 3, 3, 1, 1, 2, 2, 3, 3, 3, 3, 1, 1, 1, 1, 3, 3, 3, 3, 3, 3, 3, 3, 1, 1, 1, 1, 1, 1, 1, 1, 1, 1, 3, 3, 3, 3, 1, 1, 1, 1, 3, 3, 3, 3, 3, 3, 3, 3, 3, 3, 1, 1, 1, 1, 2, 2, 2, 2, 1, 1, 1, 1, 2, 2, 2, 2, 3, 3, 3, 3, 3, 3, 1, 1, 3, 3, 3, 3, 3, 3, 3, 3, 3, 3, 1, 1, 1, 1, 2, 2, 3, 3, 1, 1, 1, 1, 2, 2, 2, 2, 1, 1, 2, 2, 3, 3, 3, 3, 1, 1, 1, 1, 3, 3, 1, 1, 1, 1, 2, 2, 2, 2, 1, 1, 1, 1, 3, 3, 3, 3, 1, 1, 1, 1, 3, 3, 3, 3, 3, 3, 3, 3, 3, 3, 1, 1, 1, 1, 2, 2, 2, 2, 1, 1, 1, 1, 2, 2, 2, 2, 3, 3, 3, 3, 3, 3, 3, 3, 3, 3, 3, 3, 3, 3, 3, 3, 3, 3, 3, 3, 3, 3, 3, 3]","[6, 7, 7, 8, 7, 9, 9, 10, 10, 11, 11, 12, 12, 13, 13, 14, 13, 15, 15, 16, 16, 17, 17, 18, 18, 19, 19, 20, 20, 21, 21, 22, 22, 23, 23, 24, 24, 25, 25, 26, 26, 27, 27, 28, 28, 29, 29, 30, 30, 31, 31, 32, 32, 33, 33, 34, 34, 35, 35, 36, 36, 37, 37, 38, 38, 39, 39, 40, 40, 41, 41, 42, 42, 43, 43, 44, 44, 45, 45, 46, 46, 47, 47, 48, 48, 49, 49, 50, 50, 51, 50, 52, 50, 53, 46, 54, 54, 55, 54, 56, 54, 57, 42, 58, 58, 59, 59, 60, 59, 61, 61, 62, 62, 63, 63, 64, 64, 65, 65, 66, 65, 67, 67, 68, 67, 69, 35, 70, 70, 71, 71, 72, 71, 73, 71, 74, 32, 75, 75, 76, 76, 77, 77, 78, 78, 79, 79, 80, 80, 81, 81, 82, 82, 83, 82, 84, 82, 85, 77, 86, 28, 87, 17, 88, 88, 89, 89, 90, 90, 91, 91, 92, 92, 93, 93, 94, 94, 95, 95, 96, 96, 97, 97, 98, 97, 99, 97, 100, 93, 101, 101, 102, 101, 103, 101, 104, 89, 105, 14, 9, 105, 15, 81, 22, 80, 25, 78, 27, 76, 29, 70, 31, 60, 40, 49, 44, 66, 61, 96, 91]","[7, 6, 8, 7, 9, 7, 10, 9, 11, 10, 12, 11, 13, 12, 14, 13, 15, 13, 16, 15, 17, 16, 18, 17, 19, 18, 20, 19, 21, 20, 22, 21, 23, 22, 24, 23, 25, 24, 26, 25, 27, 26, 28, 27, 29, 28, 30, 29, 31, 30, 32, 31, 33, 32, 34, 33, 35, 34, 36, 35, 37, 36, 38, 37, 39, 38, 40, 39, 41, 40, 42, 41, 43, 42, 44, 43, 45, 44, 46, 45, 47, 46, 48, 47, 49, 48, 50, 49, 51, 50, 52, 50, 53, 50, 54, 46, 55, 54, 56, 54, 57, 54, 58, 42, 59, 58, 60, 59, 61, 59, 62, 61, 63, 62, 64, 63, 65, 64, 66, 65, 67, 65, 68, 67, 69, 67, 70, 35, 71, 70, 72, 71, 73, 71, 74, 71, 75, 32, 76, 75, 77, 76, 78, 77, 79, 78, 80, 79, 81, 80, 82, 81, 83, 82, 84, 82, 85, 82, 86, 77, 87, 28, 88, 17, 89, 88, 90, 89, 91, 90, 92, 91, 93, 92, 94, 93, 95, 94, 96, 95, 97, 96, 98, 97, 99, 97, 100, 97, 101, 93, 102, 101, 103, 101, 104, 101, 105, 89, 9, 14, 15, 105, 22, 81, 25, 80, 27, 78, 29, 76, 31, 70, 40, 60, 44, 49, 61, 66, 91, 96]",-0.9522048024
20,46,"[1, 1, 1, 1, 1, 1, 1, 1, 1, 1, 1, 1, 1, 3, 1, 1, 1, 1, 1, 3]","[1, 1, 1, 1, 1, 1, 1, 1, 1, 1, 1, 1, 1, 1, 1, 1, 2, 2, 1, 1, 1, 1, 1, 1, 2, 2, 1, 1, 1, 1, 1, 1, 1, 1, 1, 1, 1, 1, 1, 1, 1, 1, 1, 1, 1, 1]","[0, 1, 1, 2, 2, 3, 3, 4, 4, 5, 5, 6, 6, 7, 7, 8, 8, 9, 9, 10, 10, 11, 11, 12, 12, 13, 12, 14, 5, 15, 15, 16, 16, 17, 17, 18, 18, 19, 15, 1, 18, 1, 9, 4, 14, 8]","[1, 0, 2, 1, 3, 2, 4, 3, 5, 4, 6, 5, 7, 6, 8, 7, 9, 8, 10, 9, 11, 10, 12, 11, 13, 12, 14, 12, 15, 5, 16, 15, 17, 16, 18, 17, 19, 18, 1, 15, 1, 18, 4, 9, 8, 14]",-4.947028744
10,22,"[3, 1, 2, 1, 3, 1, 1, 1, 1, 1]","[2, 2, 1, 1, 1, 1, 2, 2, 1, 1, 1, 1, 1, 1, 1, 1, 1, 1, 1, 1, 1, 1]","[0, 1, 1, 2, 2, 3, 3, 4, 3, 5, 5, 6, 6, 7, 7, 8, 8, 9, 9, 1, 9, 5]","[1, 0, 2, 1, 3, 2, 4, 3, 5, 3, 6, 5, 7, 6, 8, 7, 9, 8, 1, 9, 5, 9]",0.1553573817
68,138,"[9, 9, 9, 9, 1, 3, 1, 1, 1, 2, 2, 1, 1, 1, 1, 1, 1, 1, 1, 1, 3, 1, 8, 3, 3, 3, 8, 3, 3, 3, 1, 1, 1, 1, 2, 1, 3, 2, 1, 1, 1, 1, 1, 1, 1, 3, 1, 2, 2, 1, 1, 1, 1, 1, 1, 1, 1, 1, 3, 1, 8, 3, 3, 3, 8, 3, 3, 3]","[1, 1, 1, 1, 3, 3, 3, 3, 1, 1, 2, 2, 1, 1, 3, 3, 3, 3, 3, 3, 3, 3, 3, 3, 3, 3, 3, 3, 3, 3, 1, 1, 3, 3, 1, 1, 1, 1, 2, 2, 2, 2, 1, 1, 1, 1, 2, 2, 2, 2, 3, 3, 1, 1, 3, 3, 3, 3, 1, 1, 1, 1, 2, 2, 1, 1, 1, 1, 3, 3, 3, 3, 1, 1, 3, 3, 3, 3, 3, 3, 1, 1, 1, 1, 1, 1, 2, 2, 1, 1, 3, 3, 3, 3, 3, 3, 3, 3, 3, 3, 3, 3, 3, 3, 3, 3, 1, 1, 3, 3, 1, 1, 1, 1, 2, 2, 2, 2, 1, 1, 1, 1, 2, 2, 2, 2, 3, 3, 3, 3, 3, 3, 3, 3, 3, 3, 3, 3]","[4, 5, 5, 6, 6, 7, 7, 8, 8, 9, 9, 10, 10, 11, 11, 12, 12, 13, 13, 14, 14, 15, 15, 16, 16, 17, 17, 18, 18, 19, 19, 20, 19, 21, 17, 22, 22, 23, 22, 24, 22, 25, 13, 26, 26, 27, 26, 28, 26, 29, 8, 30, 30, 31, 30, 32, 32, 33, 33, 34, 34, 35, 35, 36, 35, 37, 37, 38, 38, 39, 39, 40, 40, 41, 40, 42, 42, 43, 43, 44, 44, 45, 45, 46, 42, 47, 47, 48, 48, 49, 49, 50, 50, 51, 51, 52, 52, 53, 53, 54, 54, 55, 55, 56, 56, 57, 57, 58, 57, 59, 55, 60, 60, 61, 60, 62, 60, 63, 51, 64, 64, 65, 64, 66, 64, 67, 33, 6, 21, 11, 21, 15, 44, 38, 59, 49, 59, 53]","[5, 4, 6, 5, 7, 6, 8, 7, 9, 8, 10, 9, 11, 10, 12, 11, 13, 12, 14, 13, 15, 14, 16, 15, 17, 16, 18, 17, 19, 18, 20, 19, 21, 19, 22, 17, 23, 22, 24, 22, 25, 22, 26, 13, 27, 26, 28, 26, 29, 26, 30, 8, 31, 30, 32, 30, 33, 32, 34, 33, 35, 34, 36, 35, 37, 35, 38, 37, 39, 38, 40, 39, 41, 40, 42, 40, 43, 42, 44, 43, 45, 44, 46, 45, 47, 42, 48, 47, 49, 48, 50, 49, 51, 50, 52, 51, 53, 52, 54, 53, 55, 54, 56, 55, 57, 56, 58, 57, 59, 57, 60, 55, 61, 60, 62, 60, 63, 60, 64, 51, 65, 64, 66, 64, 67, 64, 6, 33, 11, 21, 15, 21, 38, 44, 49, 59, 53, 59]",-2.6903136873
56,118,"[9, 9, 1, 1, 1, 1, 1, 1, 1, 8, 3, 3, 2, 1, 1, 1, 1, 1, 1, 1, 1, 2, 2, 1, 1, 1, 1, 3, 1, 1, 1, 1, 1, 1, 1, 1, 1, 3, 1, 1, 1, 1, 1, 1, 1, 1, 3, 1, 8, 3, 3, 3, 8, 3, 3, 3]","[1, 1, 3, 3, 3, 3, 3, 3, 3, 3, 3, 3, 1, 1, 2, 2, 2, 2, 1, 1, 1, 1, 3, 3, 3, 3, 3, 3, 3, 3, 1, 1, 2, 2, 1, 1, 2, 2, 1, 1, 1, 1, 3, 3, 3, 3, 3, 3, 1, 1, 1, 1, 3, 3, 3, 3, 3, 3, 3, 3, 3, 3, 1, 1, 3, 3, 3, 3, 1, 1, 1, 1, 3, 3, 3, 3, 3, 3, 3, 3, 3, 3, 1, 1, 1, 1, 2, 2, 1, 1, 1, 1, 1, 1, 2, 2, 2, 2, 1, 1, 1, 1, 2, 2, 2, 2, 3, 3, 3, 3, 3, 3, 3, 3, 3, 3, 3, 3]","[2, 3, 3, 4, 4, 5, 5, 6, 6, 7, 7, 8, 6, 9, 9, 10, 9, 11, 9, 12, 12, 13, 13, 14, 14, 15, 15, 16, 16, 17, 17, 18, 18, 19, 19, 20, 20, 21, 21, 22, 22, 23, 23, 24, 24, 25, 25, 26, 26, 27, 27, 28, 28, 29, 29, 30, 30, 31, 31, 32, 32, 33, 33, 34, 26, 35, 35, 36, 36, 37, 37, 38, 38, 39, 39, 40, 40, 41, 41, 42, 42, 43, 43, 44, 20, 45, 45, 46, 45, 47, 19, 48, 48, 49, 48, 50, 48, 51, 15, 52, 52, 53, 52, 54, 52, 55, 8, 3, 47, 13, 47, 17, 36, 23, 33, 28, 43, 38]","[3, 2, 4, 3, 5, 4, 6, 5, 7, 6, 8, 7, 9, 6, 10, 9, 11, 9, 12, 9, 13, 12, 14, 13, 15, 14, 16, 15, 17, 16, 18, 17, 19, 18, 20, 19, 21, 20, 22, 21, 23, 22, 24, 23, 25, 24, 26, 25, 27, 26, 28, 27, 29, 28, 30, 29, 31, 30, 32, 31, 33, 32, 34, 33, 35, 26, 36, 35, 37, 36, 38, 37, 39, 38, 40, 39, 41, 40, 42, 41, 43, 42, 44, 43, 45, 20, 46, 45, 47, 45, 48, 19, 49, 48, 50, 48, 51, 48, 52, 15, 53, 52, 54, 52, 55, 52, 3, 8, 13, 47, 17, 47, 23, 36, 28, 33, 38, 43]",-2.5669690772
40,84,"[9, 1, 1, 2, 2, 1, 3, 1, 2, 2, 1, 1, 1, 1, 1, 1, 8, 3, 3, 2, 1, 1, 1, 1, 1, 1, 1, 1, 1, 1, 1, 4, 1, 1, 1, 4, 8, 3, 3, 3]","[1, 1, 2, 2, 1, 1, 1, 1, 2, 2, 1, 1, 1, 1, 2, 2, 1, 1, 3, 3, 3, 3, 3, 3, 3, 3, 3, 3, 1, 1, 2, 2, 2, 2, 1, 1, 1, 1, 1, 1, 1, 1, 3, 3, 3, 3, 3, 3, 3, 3, 3, 3, 1, 1, 3, 3, 3, 3, 1, 1, 3, 3, 3, 3, 3, 3, 1, 1, 1, 1, 1, 1, 2, 2, 2, 2, 1, 1, 3, 3, 3, 3, 3, 3]","[1, 2, 2, 3, 3, 4, 4, 5, 5, 6, 5, 7, 7, 8, 8, 9, 9, 10, 10, 11, 11, 12, 12, 13, 13, 14, 14, 15, 14, 16, 16, 17, 16, 18, 16, 19, 19, 20, 20, 21, 21, 22, 22, 23, 23, 24, 24, 25, 25, 26, 26, 27, 4, 28, 28, 29, 29, 30, 30, 31, 30, 32, 32, 33, 33, 34, 34, 35, 32, 36, 36, 37, 36, 38, 36, 39, 7, 2, 15, 10, 27, 22, 34, 28]","[2, 1, 3, 2, 4, 3, 5, 4, 6, 5, 7, 5, 8, 7, 9, 8, 10, 9, 11, 10, 12, 11, 13, 12, 14, 13, 15, 14, 16, 14, 17, 16, 18, 16, 19, 16, 20, 19, 21, 20, 22, 21, 23, 22, 24, 23, 25, 24, 26, 25, 27, 26, 28, 4, 29, 28, 30, 29, 31, 30, 32, 30, 33, 32, 34, 33, 35, 34, 36, 32, 37, 36, 38, 36, 39, 36, 2, 7, 10, 15, 22, 27, 28, 34]",-2.4299809947
36,76,"[9, 1, 1, 2, 2, 1, 3, 1, 2, 2, 1, 1, 1, 4, 1, 1, 1, 3, 1, 1, 1, 1, 1, 1, 4, 1, 1, 1, 1, 1, 1, 4, 8, 3, 3, 3]","[1, 1, 2, 2, 1, 1, 1, 1, 2, 2, 1, 1, 1, 1, 2, 2, 1, 1, 3, 3, 3, 3, 1, 1, 3, 3, 3, 3, 3, 3, 1, 1, 1, 1, 3, 3, 3, 3, 3, 3, 3, 3, 3, 3, 1, 1, 1, 1, 3, 3, 3, 3, 3, 3, 3, 3, 3, 3, 1, 1, 1, 1, 1, 1, 2, 2, 2, 2, 1, 1, 3, 3, 3, 3, 3, 3]","[1, 2, 2, 3, 3, 4, 4, 5, 5, 6, 5, 7, 7, 8, 8, 9, 9, 10, 10, 11, 11, 12, 12, 13, 12, 14, 14, 15, 15, 16, 16, 17, 17, 18, 18, 19, 19, 20, 20, 21, 21, 22, 22, 23, 23, 24, 4, 25, 25, 26, 26, 27, 27, 28, 28, 29, 29, 30, 30, 31, 27, 32, 32, 33, 32, 34, 32, 35, 7, 2, 16, 10, 23, 18, 30, 25]","[2, 1, 3, 2, 4, 3, 5, 4, 6, 5, 7, 5, 8, 7, 9, 8, 10, 9, 11, 10, 12, 11, 13, 12, 14, 12, 15, 14, 16, 15, 17, 16, 18, 17, 19, 18, 20, 19, 21, 20, 22, 21, 23, 22, 24, 23, 25, 4, 26, 25, 27, 26, 28, 27, 29, 28, 30, 29, 31, 30, 32, 27, 33, 32, 34, 32, 35, 32, 2, 7, 10, 16, 18, 23, 25, 30]",-2.3162215849
29,62,"[9, 2, 1, 1, 1, 1, 2, 1, 1, 1, 1, 1, 1, 1, 1, 3, 1, 1, 1, 1, 1, 1, 1, 3, 1, 8, 3, 3, 3]","[1, 1, 3, 3, 3, 3, 3, 3, 1, 1, 1, 1, 1, 1, 1, 1, 1, 1, 1, 1, 1, 1, 3, 3, 1, 1, 2, 2, 1, 1, 3, 3, 3, 3, 3, 3, 3, 3, 3, 3, 1, 1, 2, 2, 1, 1, 1, 1, 1, 1, 2, 2, 2, 2, 3, 3, 1, 1, 3, 3, 3, 3]","[1, 2, 2, 3, 3, 4, 4, 5, 5, 6, 6, 7, 7, 8, 8, 9, 9, 10, 10, 11, 11, 12, 5, 13, 13, 14, 14, 15, 14, 16, 16, 17, 17, 18, 18, 19, 19, 20, 20, 21, 21, 22, 22, 23, 22, 24, 3, 25, 25, 26, 25, 27, 25, 28, 24, 2, 12, 7, 24, 13, 21, 16]","[2, 1, 3, 2, 4, 3, 5, 4, 6, 5, 7, 6, 8, 7, 9, 8, 10, 9, 11, 10, 12, 11, 13, 5, 14, 13, 15, 14, 16, 14, 17, 16, 18, 17, 19, 18, 20, 19, 21, 20, 22, 21, 23, 22, 24, 22, 25, 3, 26, 25, 27, 25, 28, 25, 2, 24, 7, 12, 13, 24, 16, 21]",-1.2963650985
58,122,"[9, 9, 2, 1, 1, 1, 1, 2, 2, 1, 1, 1, 1, 1, 1, 8, 3, 3, 2, 1, 1, 1, 1, 1, 1, 2, 2, 1, 1, 2, 1, 1, 3, 1, 2, 2, 1, 1, 1, 1, 1, 1, 1, 1, 1, 1, 1, 8, 3, 3, 3, 8, 3, 3, 3, 1, 2, 1]","[1, 1, 3, 3, 3, 3, 3, 3, 1, 1, 2, 2, 1, 1, 3, 3, 3, 3, 3, 3, 3, 3, 3, 3, 1, 1, 2, 2, 2, 2, 1, 1, 1, 1, 3, 3, 3, 3, 3, 3, 3, 3, 3, 3, 1, 1, 2, 2, 1, 1, 3, 3, 1, 1, 3, 3, 3, 3, 1, 1, 3, 3, 1, 1, 2, 2, 1, 1, 3, 3, 3, 3, 3, 3, 3, 3, 3, 3, 3, 3, 3, 3, 3, 3, 3, 3, 3, 3, 1, 1, 1, 1, 2, 2, 2, 2, 1, 1, 1, 1, 2, 2, 2, 2, 3, 3, 1, 1, 3, 3, 3, 3, 3, 3, 3, 3, 3, 3, 3, 3, 3, 3]","[2, 3, 3, 4, 4, 5, 5, 6, 6, 7, 7, 8, 8, 9, 9, 10, 10, 11, 11, 12, 12, 13, 13, 14, 12, 15, 15, 16, 15, 17, 15, 18, 18, 19, 19, 20, 20, 21, 21, 22, 22, 23, 23, 24, 22, 25, 25, 26, 26, 27, 27, 28, 28, 29, 28, 30, 30, 31, 31, 32, 31, 33, 33, 34, 34, 35, 35, 36, 36, 37, 37, 38, 38, 39, 39, 40, 40, 41, 33, 42, 42, 43, 43, 44, 44, 45, 45, 46, 46, 47, 47, 48, 47, 49, 47, 50, 42, 51, 51, 52, 51, 53, 51, 54, 6, 55, 55, 56, 55, 57, 57, 3, 14, 9, 24, 19, 46, 27, 44, 30, 41, 36]","[3, 2, 4, 3, 5, 4, 6, 5, 7, 6, 8, 7, 9, 8, 10, 9, 11, 10, 12, 11, 13, 12, 14, 13, 15, 12, 16, 15, 17, 15, 18, 15, 19, 18, 20, 19, 21, 20, 22, 21, 23, 22, 24, 23, 25, 22, 26, 25, 27, 26, 28, 27, 29, 28, 30, 28, 31, 30, 32, 31, 33, 31, 34, 33, 35, 34, 36, 35, 37, 36, 38, 37, 39, 38, 40, 39, 41, 40, 42, 33, 43, 42, 44, 43, 45, 44, 46, 45, 47, 46, 48, 47, 49, 47, 50, 47, 51, 42, 52, 51, 53, 51, 54, 51, 55, 6, 56, 55, 57, 55, 3, 57, 9, 14, 19, 24, 27, 46, 30, 44, 36, 41]",-0.6029811942000001
58,122,"[9, 9, 2, 1, 1, 1, 1, 2, 2, 1, 1, 1, 1, 2, 2, 1, 1, 3, 1, 1, 2, 1, 2, 2, 1, 1, 1, 1, 1, 1, 2, 2, 1, 1, 1, 1, 2, 1, 1, 2, 1, 1, 1, 1, 1, 8, 3, 3, 3, 8, 3, 3, 3, 1, 1, 1, 2, 1]","[1, 1, 3, 3, 3, 3, 3, 3, 1, 1, 2, 2, 1, 1, 3, 3, 3, 3, 3, 3, 1, 1, 1, 1, 2, 2, 1, 1, 2, 2, 1, 1, 3, 3, 1, 1, 3, 3, 1, 1, 2, 2, 1, 1, 3, 3, 3, 3, 3, 3, 3, 3, 3, 3, 1, 1, 2, 2, 1, 1, 3, 3, 3, 3, 3, 3, 1, 1, 3, 3, 3, 3, 1, 1, 3, 3, 3, 3, 3, 3, 1, 1, 2, 2, 1, 1, 1, 1, 2, 2, 2, 2, 1, 1, 1, 1, 2, 2, 2, 2, 3, 3, 3, 3, 3, 3, 1, 1, 3, 3, 3, 3, 3, 3, 1, 1, 3, 3, 3, 3, 3, 3]","[2, 3, 3, 4, 4, 5, 5, 6, 6, 7, 7, 8, 8, 9, 9, 10, 10, 11, 11, 12, 12, 13, 13, 14, 14, 15, 15, 16, 16, 17, 16, 18, 18, 19, 19, 20, 19, 21, 21, 22, 22, 23, 23, 24, 24, 25, 25, 26, 26, 27, 27, 28, 28, 29, 27, 30, 30, 31, 31, 32, 32, 33, 33, 34, 34, 35, 35, 36, 35, 37, 37, 38, 38, 39, 21, 40, 40, 41, 41, 42, 42, 43, 43, 44, 44, 45, 45, 46, 45, 47, 45, 48, 40, 49, 49, 50, 49, 51, 49, 52, 12, 53, 53, 54, 6, 55, 55, 56, 55, 57, 57, 3, 54, 9, 44, 15, 42, 18, 29, 24, 38, 32]","[3, 2, 4, 3, 5, 4, 6, 5, 7, 6, 8, 7, 9, 8, 10, 9, 11, 10, 12, 11, 13, 12, 14, 13, 15, 14, 16, 15, 17, 16, 18, 16, 19, 18, 20, 19, 21, 19, 22, 21, 23, 22, 24, 23, 25, 24, 26, 25, 27, 26, 28, 27, 29, 28, 30, 27, 31, 30, 32, 31, 33, 32, 34, 33, 35, 34, 36, 35, 37, 35, 38, 37, 39, 38, 40, 21, 41, 40, 42, 41, 43, 42, 44, 43, 45, 44, 46, 45, 47, 45, 48, 45, 49, 40, 50, 49, 51, 49, 52, 49, 53, 12, 54, 53, 55, 6, 56, 55, 57, 55, 3, 57, 9, 54, 15, 44, 18, 42, 24, 29, 32, 38]",-1.5687181444
57,120,"[9, 9, 1, 1, 1, 1, 1, 1, 1, 8, 3, 3, 3, 1, 1, 1, 1, 1, 1, 2, 2, 1, 1, 1, 1, 2, 2, 1, 1, 1, 1, 2, 1, 1, 1, 1, 1, 1, 8, 3, 3, 3, 2, 3, 3, 1, 1, 1, 1, 1, 1, 1, 1, 8, 3, 3, 3]","[1, 1, 3, 3, 3, 3, 3, 3, 3, 3, 3, 3, 1, 1, 2, 2, 2, 2, 1, 1, 1, 1, 3, 3, 3, 3, 3, 3, 3, 3, 3, 3, 1, 1, 2, 2, 1, 1, 3, 3, 3, 3, 3, 3, 1, 1, 2, 2, 1, 1, 3, 3, 3, 3, 3, 3, 1, 1, 1, 1, 3, 3, 3, 3, 3, 3, 3, 3, 3, 3, 1, 1, 1, 1, 2, 2, 2, 2, 1, 1, 1, 1, 2, 2, 3, 3, 3, 3, 3, 3, 3, 3, 3, 3, 3, 3, 3, 3, 3, 3, 1, 1, 1, 1, 2, 2, 2, 2, 3, 3, 3, 3, 3, 3, 3, 3, 3, 3, 3, 3]","[2, 3, 3, 4, 4, 5, 5, 6, 6, 7, 7, 8, 6, 9, 9, 10, 9, 11, 9, 12, 12, 13, 13, 14, 14, 15, 15, 16, 16, 17, 17, 18, 16, 19, 19, 20, 20, 21, 21, 22, 22, 23, 23, 24, 24, 25, 25, 26, 26, 27, 27, 28, 28, 29, 29, 30, 30, 31, 31, 32, 32, 33, 33, 34, 34, 35, 35, 36, 36, 37, 37, 38, 38, 39, 38, 40, 38, 41, 35, 42, 42, 43, 42, 44, 30, 45, 45, 46, 24, 47, 47, 48, 48, 49, 49, 50, 50, 51, 51, 52, 50, 53, 53, 54, 53, 55, 53, 56, 8, 3, 18, 13, 52, 21, 46, 27, 37, 32, 52, 47]","[3, 2, 4, 3, 5, 4, 6, 5, 7, 6, 8, 7, 9, 6, 10, 9, 11, 9, 12, 9, 13, 12, 14, 13, 15, 14, 16, 15, 17, 16, 18, 17, 19, 16, 20, 19, 21, 20, 22, 21, 23, 22, 24, 23, 25, 24, 26, 25, 27, 26, 28, 27, 29, 28, 30, 29, 31, 30, 32, 31, 33, 32, 34, 33, 35, 34, 36, 35, 37, 36, 38, 37, 39, 38, 40, 38, 41, 38, 42, 35, 43, 42, 44, 42, 45, 30, 46, 45, 47, 24, 48, 47, 49, 48, 50, 49, 51, 50, 52, 51, 53, 50, 54, 53, 55, 53, 56, 53, 3, 8, 13, 18, 21, 52, 27, 46, 32, 37, 47, 52]",-1.5709847474
28,58,"[52, 1, 1, 2, 2, 1, 2, 1, 2, 2, 1, 1, 1, 4, 1, 1, 1, 4, 8, 3, 3, 3, 1, 1, 1, 1, 1, 1]","[1, 1, 2, 2, 1, 1, 1, 1, 2, 2, 1, 1, 2, 2, 1, 1, 1, 1, 3, 3, 3, 3, 1, 1, 3, 3, 3, 3, 3, 3, 1, 1, 1, 1, 1, 1, 2, 2, 2, 2, 1, 1, 3, 3, 3, 3, 3, 3, 3, 3, 3, 3, 1, 1, 3, 3, 3, 3]","[1, 2, 2, 3, 3, 4, 4, 5, 5, 6, 5, 7, 7, 8, 8, 9, 9, 10, 10, 11, 11, 12, 12, 13, 12, 14, 14, 15, 15, 16, 16, 17, 14, 18, 18, 19, 18, 20, 18, 21, 4, 22, 22, 23, 23, 24, 24, 25, 25, 26, 26, 27, 7, 2, 16, 10, 27, 22]","[2, 1, 3, 2, 4, 3, 5, 4, 6, 5, 7, 5, 8, 7, 9, 8, 10, 9, 11, 10, 12, 11, 13, 12, 14, 12, 15, 14, 16, 15, 17, 16, 18, 14, 19, 18, 20, 18, 21, 18, 22, 4, 23, 22, 24, 23, 25, 24, 26, 25, 27, 26, 2, 7, 10, 16, 22, 27]",-1.2370685249
51,110,"[9, 9, 3, 8, 3, 3, 1, 1, 1, 1, 1, 1, 1, 1, 1, 1, 2, 2, 1, 1, 1, 1, 2, 2, 1, 1, 1, 1, 2, 1, 1, 1, 1, 1, 1, 1, 1, 1, 1, 1, 1, 8, 3, 3, 3, 1, 1, 1, 1, 1, 1]","[1, 1, 2, 2, 2, 2, 1, 1, 3, 3, 3, 3, 3, 3, 3, 3, 3, 3, 3, 3, 3, 3, 3, 3, 3, 3, 1, 1, 2, 2, 1, 1, 3, 3, 3, 3, 3, 3, 1, 1, 2, 2, 1, 1, 3, 3, 3, 3, 3, 3, 1, 1, 1, 1, 3, 3, 3, 3, 3, 3, 3, 3, 3, 3, 3, 3, 3, 3, 3, 3, 3, 3, 3, 3, 3, 3, 1, 1, 1, 1, 2, 2, 2, 2, 3, 3, 3, 3, 3, 3, 3, 3, 3, 3, 3, 3, 3, 3, 3, 3, 3, 3, 3, 3, 3, 3, 3, 3, 3, 3]","[2, 3, 3, 4, 3, 5, 3, 6, 6, 7, 7, 8, 8, 9, 9, 10, 10, 11, 11, 12, 12, 13, 13, 14, 14, 15, 11, 16, 16, 17, 17, 18, 18, 19, 19, 20, 20, 21, 21, 22, 22, 23, 23, 24, 24, 25, 25, 26, 26, 27, 27, 28, 28, 29, 29, 30, 30, 31, 31, 32, 32, 33, 33, 34, 27, 35, 35, 36, 36, 37, 37, 38, 38, 39, 39, 40, 40, 41, 41, 42, 41, 43, 41, 44, 21, 45, 45, 46, 46, 47, 47, 48, 48, 49, 49, 50, 15, 6, 15, 10, 50, 18, 36, 24, 34, 29, 40, 35, 50, 45]","[3, 2, 4, 3, 5, 3, 6, 3, 7, 6, 8, 7, 9, 8, 10, 9, 11, 10, 12, 11, 13, 12, 14, 13, 15, 14, 16, 11, 17, 16, 18, 17, 19, 18, 20, 19, 21, 20, 22, 21, 23, 22, 24, 23, 25, 24, 26, 25, 27, 26, 28, 27, 29, 28, 30, 29, 31, 30, 32, 31, 33, 32, 34, 33, 35, 27, 36, 35, 37, 36, 38, 37, 39, 38, 40, 39, 41, 40, 42, 41, 43, 41, 44, 41, 45, 21, 46, 45, 47, 46, 48, 47, 49, 48, 50, 49, 6, 15, 10, 15, 18, 50, 24, 36, 29, 34, 35, 40, 45, 50]",-1.4631185388
30,60,"[1, 3, 8, 3, 3, 3, 1, 1, 1, 2, 1, 1, 1, 1, 8, 1, 2, 2, 1, 1, 1, 1, 1, 1, 2, 1, 1, 2, 1, 2]","[1, 1, 1, 1, 1, 1, 2, 2, 2, 2, 1, 1, 1, 1, 1, 1, 1, 1, 1, 1, 1, 1, 1, 1, 3, 3, 3, 3, 1, 1, 2, 2, 1, 1, 3, 3, 3, 3, 3, 3, 3, 3, 3, 3, 1, 1, 1, 1, 1, 1, 3, 3, 1, 1, 3, 3, 3, 3, 3, 3]","[0, 1, 1, 2, 2, 3, 2, 4, 2, 5, 6, 7, 7, 8, 7, 9, 9, 10, 10, 11, 10, 12, 9, 13, 13, 14, 14, 15, 15, 16, 16, 17, 17, 18, 18, 19, 19, 20, 20, 21, 21, 22, 22, 23, 21, 24, 24, 25, 24, 26, 15, 27, 27, 28, 27, 29, 29, 13, 23, 18]","[1, 0, 2, 1, 3, 2, 4, 2, 5, 2, 7, 6, 8, 7, 9, 7, 10, 9, 11, 10, 12, 10, 13, 9, 14, 13, 15, 14, 16, 15, 17, 16, 18, 17, 19, 18, 20, 19, 21, 20, 22, 21, 23, 22, 24, 21, 25, 24, 26, 24, 27, 15, 28, 27, 29, 27, 13, 29, 18, 23]",-1.2596984381
62,122,"[9, 9, 9, 9, 31, 31, 3, 1, 1, 1, 1, 1, 1, 2, 2, 1, 1, 3, 1, 1, 1, 1, 1, 1, 1, 1, 8, 3, 3, 3, 8, 3, 3, 3, 1, 1, 1, 1, 2, 2, 1, 1, 3, 1, 1, 1, 1, 1, 1, 1, 1, 8, 3, 3, 3, 8, 3, 3, 3, 1, 3, 1]","[1, 1, 3, 3, 3, 3, 3, 3, 3, 3, 3, 3, 1, 1, 2, 2, 1, 1, 3, 3, 1, 1, 3, 3, 3, 3, 3, 3, 3, 3, 3, 3, 3, 3, 3, 3, 3, 3, 1, 1, 1, 1, 2, 2, 2, 2, 1, 1, 1, 1, 2, 2, 2, 2, 1, 1, 3, 3, 3, 3, 3, 3, 1, 1, 2, 2, 1, 1, 3, 3, 1, 1, 3, 3, 3, 3, 3, 3, 3, 3, 3, 3, 3, 3, 3, 3, 3, 3, 1, 1, 1, 1, 2, 2, 2, 2, 1, 1, 1, 1, 2, 2, 2, 2, 3, 3, 1, 1, 3, 3, 3, 3, 3, 3, 3, 3, 3, 3, 3, 3, 3, 3]","[6, 7, 7, 8, 8, 9, 9, 10, 10, 11, 11, 12, 12, 13, 13, 14, 14, 15, 15, 16, 16, 17, 16, 18, 18, 19, 19, 20, 20, 21, 21, 22, 22, 23, 23, 24, 24, 25, 22, 26, 26, 27, 26, 28, 26, 29, 18, 30, 30, 31, 30, 32, 30, 33, 9, 34, 34, 35, 35, 36, 36, 37, 37, 38, 38, 39, 39, 40, 40, 41, 41, 42, 41, 43, 43, 44, 44, 45, 45, 46, 46, 47, 47, 48, 48, 49, 49, 50, 47, 51, 51, 52, 51, 53, 51, 54, 43, 55, 55, 56, 55, 57, 55, 58, 37, 59, 59, 60, 59, 61, 12, 7, 25, 15, 25, 20, 61, 34, 50, 40, 50, 45]","[7, 6, 8, 7, 9, 8, 10, 9, 11, 10, 12, 11, 13, 12, 14, 13, 15, 14, 16, 15, 17, 16, 18, 16, 19, 18, 20, 19, 21, 20, 22, 21, 23, 22, 24, 23, 25, 24, 26, 22, 27, 26, 28, 26, 29, 26, 30, 18, 31, 30, 32, 30, 33, 30, 34, 9, 35, 34, 36, 35, 37, 36, 38, 37, 39, 38, 40, 39, 41, 40, 42, 41, 43, 41, 44, 43, 45, 44, 46, 45, 47, 46, 48, 47, 49, 48, 50, 49, 51, 47, 52, 51, 53, 51, 54, 51, 55, 43, 56, 55, 57, 55, 58, 55, 59, 37, 60, 59, 61, 59, 7, 12, 15, 25, 20, 25, 34, 61, 40, 50, 45, 50]",-1.6074287478
50,102,"[9, 9, 9, 1, 1, 1, 1, 1, 1, 1, 2, 1, 2, 1, 4, 2, 1, 2, 1, 1, 1, 1, 1, 1, 1, 1, 2, 2, 1, 1, 1, 1, 1, 1, 8, 3, 3, 3, 1, 3, 1, 8, 3, 3, 3, 8, 3, 3, 3, 2]","[1, 1, 3, 3, 3, 3, 3, 3, 3, 3, 3, 3, 1, 1, 1, 1, 3, 3, 3, 3, 1, 1, 3, 3, 3, 3, 1, 1, 1, 1, 3, 3, 3, 3, 3, 3, 3, 3, 1, 1, 2, 2, 1, 1, 2, 2, 1, 1, 1, 1, 3, 3, 3, 3, 3, 3, 3, 3, 3, 3, 1, 1, 1, 1, 2, 2, 2, 2, 1, 1, 2, 2, 1, 1, 1, 1, 1, 1, 2, 2, 2, 2, 1, 1, 1, 1, 2, 2, 2, 2, 3, 3, 3, 3, 3, 3, 3, 3, 3, 3, 3, 3]","[3, 4, 4, 5, 5, 6, 6, 7, 7, 8, 8, 9, 9, 10, 10, 11, 11, 12, 12, 13, 13, 14, 13, 15, 15, 16, 16, 17, 17, 18, 18, 19, 19, 20, 20, 21, 21, 22, 22, 23, 23, 24, 24, 25, 25, 26, 26, 27, 27, 28, 28, 29, 29, 30, 30, 31, 31, 32, 32, 33, 33, 34, 34, 35, 34, 36, 34, 37, 25, 38, 38, 39, 38, 40, 24, 41, 41, 42, 41, 43, 41, 44, 20, 45, 45, 46, 45, 47, 45, 48, 16, 49, 9, 4, 49, 11, 40, 18, 40, 22, 33, 28]","[4, 3, 5, 4, 6, 5, 7, 6, 8, 7, 9, 8, 10, 9, 11, 10, 12, 11, 13, 12, 14, 13, 15, 13, 16, 15, 17, 16, 18, 17, 19, 18, 20, 19, 21, 20, 22, 21, 23, 22, 24, 23, 25, 24, 26, 25, 27, 26, 28, 27, 29, 28, 30, 29, 31, 30, 32, 31, 33, 32, 34, 33, 35, 34, 36, 34, 37, 34, 38, 25, 39, 38, 40, 38, 41, 24, 42, 41, 43, 41, 44, 41, 45, 20, 46, 45, 47, 45, 48, 45, 49, 16, 4, 9, 11, 49, 18, 40, 22, 40, 28, 33]",-0.4572403676
43,90,"[9, 9, 2, 1, 1, 1, 1, 1, 3, 1, 2, 2, 1, 1, 1, 1, 1, 3, 1, 2, 2, 1, 1, 1, 1, 1, 1, 1, 1, 1, 1, 8, 3, 3, 3, 1, 1, 1, 1, 8, 3, 3, 3]","[1, 1, 3, 3, 3, 3, 3, 3, 1, 1, 2, 2, 1, 1, 2, 2, 1, 1, 1, 1, 3, 3, 3, 3, 3, 3, 1, 1, 2, 2, 1, 1, 2, 2, 1, 1, 1, 1, 3, 3, 3, 3, 3, 3, 3, 3, 3, 3, 1, 1, 2, 2, 1, 1, 3, 3, 1, 1, 1, 1, 2, 2, 2, 2, 1, 1, 2, 2, 1, 1, 3, 3, 1, 1, 1, 1, 2, 2, 2, 2, 3, 3, 3, 3, 3, 3, 3, 3, 3, 3]","[2, 3, 3, 4, 4, 5, 5, 6, 6, 7, 7, 8, 7, 9, 9, 10, 10, 11, 11, 12, 12, 13, 13, 14, 14, 15, 15, 16, 16, 17, 16, 18, 18, 19, 19, 20, 20, 21, 21, 22, 22, 23, 23, 24, 24, 25, 25, 26, 18, 27, 27, 28, 28, 29, 29, 30, 27, 31, 31, 32, 31, 33, 31, 34, 9, 35, 35, 36, 36, 37, 37, 38, 35, 39, 39, 40, 39, 41, 39, 42, 38, 3, 37, 6, 30, 12, 29, 15, 26, 21]","[3, 2, 4, 3, 5, 4, 6, 5, 7, 6, 8, 7, 9, 7, 10, 9, 11, 10, 12, 11, 13, 12, 14, 13, 15, 14, 16, 15, 17, 16, 18, 16, 19, 18, 20, 19, 21, 20, 22, 21, 23, 22, 24, 23, 25, 24, 26, 25, 27, 18, 28, 27, 29, 28, 30, 29, 31, 27, 32, 31, 33, 31, 34, 31, 35, 9, 36, 35, 37, 36, 38, 37, 39, 35, 40, 39, 41, 39, 42, 39, 3, 38, 6, 37, 12, 30, 15, 29, 21, 26]",-2.2101305551
17,36,"[1, 1, 1, 3, 2, 1, 1, 1, 2, 1, 1, 1, 1, 1, 1, 1, 1]","[1, 1, 1, 1, 2, 2, 1, 1, 1, 1, 1, 1, 1, 1, 1, 1, 1, 1, 1, 1, 1, 1, 3, 3, 3, 3, 3, 3, 3, 3, 3, 3, 1, 1, 3, 3]","[0, 1, 1, 2, 2, 3, 2, 4, 4, 5, 5, 6, 6, 7, 7, 8, 8, 9, 9, 10, 4, 11, 11, 12, 12, 13, 13, 14, 14, 15, 15, 16, 10, 5, 16, 11]","[1, 0, 2, 1, 3, 2, 4, 2, 5, 4, 6, 5, 7, 6, 8, 7, 9, 8, 10, 9, 11, 4, 12, 11, 13, 12, 14, 13, 15, 14, 16, 15, 5, 10, 11, 16]",-0.8352255084
34,72,"[9, 3, 8, 3, 3, 1, 1, 1, 3, 1, 1, 2, 2, 1, 1, 1, 1, 1, 1, 8, 3, 3, 1, 1, 1, 1, 1, 1, 1, 2, 1, 1, 1, 1]","[1, 1, 2, 2, 2, 2, 1, 1, 2, 2, 1, 1, 2, 2, 1, 1, 2, 2, 1, 1, 1, 1, 1, 1, 3, 3, 3, 3, 3, 3, 3, 3, 3, 3, 1, 1, 2, 2, 2, 2, 1, 1, 3, 3, 3, 3, 3, 3, 3, 3, 3, 3, 1, 1, 2, 2, 1, 1, 2, 2, 1, 1, 2, 2, 1, 1, 1, 1, 3, 3, 3, 3]","[1, 2, 2, 3, 2, 4, 2, 5, 5, 6, 6, 7, 7, 8, 7, 9, 9, 10, 10, 11, 11, 12, 12, 13, 13, 14, 14, 15, 15, 16, 16, 17, 17, 18, 18, 19, 19, 20, 19, 21, 19, 22, 22, 23, 23, 24, 24, 25, 25, 26, 26, 27, 10, 28, 28, 29, 28, 30, 30, 31, 31, 32, 32, 33, 33, 5, 32, 9, 18, 13, 27, 22]","[2, 1, 3, 2, 4, 2, 5, 2, 6, 5, 7, 6, 8, 7, 9, 7, 10, 9, 11, 10, 12, 11, 13, 12, 14, 13, 15, 14, 16, 15, 17, 16, 18, 17, 19, 18, 20, 19, 21, 19, 22, 19, 23, 22, 24, 23, 25, 24, 26, 25, 27, 26, 28, 10, 29, 28, 30, 28, 31, 30, 32, 31, 33, 32, 5, 33, 9, 32, 13, 18, 22, 27]",-2.0888316761000003
46,96,"[9, 9, 3, 8, 3, 3, 1, 1, 1, 1, 1, 1, 2, 2, 1, 1, 1, 1, 2, 2, 1, 1, 3, 1, 1, 1, 1, 2, 1, 3, 1, 1, 1, 1, 1, 1, 1, 1, 1, 1, 8, 3, 3, 3, 1, 1]","[1, 1, 2, 2, 2, 2, 1, 1, 3, 3, 3, 3, 3, 3, 3, 3, 3, 3, 1, 1, 2, 2, 1, 1, 3, 3, 3, 3, 3, 3, 1, 1, 1, 1, 2, 2, 1, 1, 2, 2, 1, 1, 3, 3, 3, 3, 3, 3, 1, 1, 1, 1, 2, 2, 1, 1, 3, 3, 3, 3, 3, 3, 3, 3, 3, 3, 3, 3, 3, 3, 1, 1, 2, 2, 1, 1, 1, 1, 2, 2, 2, 2, 3, 3, 3, 3, 3, 3, 3, 3, 1, 1, 3, 3, 3, 3]","[2, 3, 3, 4, 3, 5, 3, 6, 6, 7, 7, 8, 8, 9, 9, 10, 10, 11, 9, 12, 12, 13, 13, 14, 14, 15, 15, 16, 16, 17, 17, 18, 18, 19, 19, 20, 20, 21, 21, 22, 21, 23, 23, 24, 24, 25, 25, 26, 26, 27, 27, 28, 28, 29, 28, 30, 30, 31, 31, 32, 32, 33, 33, 34, 34, 35, 26, 36, 36, 37, 37, 38, 38, 39, 39, 40, 40, 41, 40, 42, 40, 43, 17, 44, 44, 45, 11, 6, 45, 14, 39, 20, 37, 23, 35, 30]","[3, 2, 4, 3, 5, 3, 6, 3, 7, 6, 8, 7, 9, 8, 10, 9, 11, 10, 12, 9, 13, 12, 14, 13, 15, 14, 16, 15, 17, 16, 18, 17, 19, 18, 20, 19, 21, 20, 22, 21, 23, 21, 24, 23, 25, 24, 26, 25, 27, 26, 28, 27, 29, 28, 30, 28, 31, 30, 32, 31, 33, 32, 34, 33, 35, 34, 36, 26, 37, 36, 38, 37, 39, 38, 40, 39, 41, 40, 42, 40, 43, 40, 44, 17, 45, 44, 6, 11, 14, 45, 20, 39, 23, 37, 30, 35]",-2.1566764476
110,224,"[9, 9, 9, 9, 9, 9, 9, 9, 3, 1, 1, 2, 1, 2, 1, 4, 2, 1, 2, 1, 1, 1, 1, 2, 1, 2, 1, 4, 2, 1, 2, 1, 1, 3, 1, 1, 1, 1, 1, 1, 2, 2, 1, 1, 1, 1, 1, 1, 1, 1, 1, 8, 3, 3, 3, 1, 8, 3, 3, 3, 8, 3, 3, 3, 1, 1, 8, 3, 3, 3, 2, 1, 1, 2, 1, 1, 1, 1, 1, 1, 1, 2, 2, 1, 1, 1, 1, 1, 1, 1, 1, 1, 8, 3, 3, 3, 1, 8, 3, 3, 3, 1, 8, 3, 3, 3, 8, 3, 3, 3]","[1, 1, 3, 3, 1, 1, 1, 1, 3, 3, 3, 3, 1, 1, 3, 3, 3, 3, 1, 1, 1, 1, 3, 3, 3, 3, 3, 3, 1, 1, 1, 1, 3, 3, 3, 3, 1, 1, 3, 3, 3, 3, 1, 1, 1, 1, 3, 3, 1, 1, 3, 3, 3, 3, 3, 3, 3, 3, 3, 3, 3, 3, 1, 1, 2, 2, 1, 1, 3, 3, 3, 3, 3, 3, 3, 3, 3, 3, 3, 3, 3, 3, 3, 3, 1, 1, 1, 1, 2, 2, 2, 2, 3, 3, 1, 1, 1, 1, 2, 2, 2, 2, 1, 1, 1, 1, 2, 2, 2, 2, 3, 3, 3, 3, 1, 1, 1, 1, 2, 2, 2, 2, 3, 3, 3, 3, 3, 3, 3, 3, 3, 3, 3, 3, 3, 3, 3, 3, 3, 3, 3, 3, 3, 3, 1, 1, 2, 2, 1, 1, 3, 3, 3, 3, 3, 3, 3, 3, 3, 3, 3, 3, 3, 3, 3, 3, 1, 1, 1, 1, 2, 2, 2, 2, 3, 3, 1, 1, 1, 1, 2, 2, 2, 2, 3, 3, 1, 1, 1, 1, 2, 2, 2, 2, 1, 1, 1, 1, 2, 2, 2, 2, 3, 3, 3, 3, 3, 3, 3, 3, 3, 3, 3, 3, 3, 3, 3, 3, 3, 3, 3, 3, 3, 3]","[8, 9, 9, 10, 10, 11, 11, 12, 12, 13, 13, 14, 14, 15, 14, 16, 16, 17, 17, 18, 18, 19, 19, 20, 20, 21, 21, 22, 22, 23, 23, 24, 24, 25, 25, 26, 26, 27, 26, 28, 28, 29, 29, 30, 30, 31, 31, 32, 32, 33, 32, 34, 34, 35, 35, 36, 36, 37, 37, 38, 38, 39, 39, 40, 40, 41, 41, 42, 42, 43, 43, 44, 44, 45, 45, 46, 46, 47, 47, 48, 48, 49, 49, 50, 50, 51, 51, 52, 51, 53, 51, 54, 46, 55, 55, 56, 56, 57, 56, 58, 56, 59, 37, 60, 60, 61, 60, 62, 60, 63, 35, 64, 64, 65, 65, 66, 66, 67, 66, 68, 66, 69, 29, 70, 22, 71, 71, 72, 17, 73, 10, 74, 74, 75, 75, 76, 76, 77, 77, 78, 78, 79, 79, 80, 80, 81, 81, 82, 82, 83, 83, 84, 84, 85, 85, 86, 86, 87, 87, 88, 88, 89, 89, 90, 90, 91, 91, 92, 92, 93, 92, 94, 92, 95, 87, 96, 96, 97, 97, 98, 97, 99, 97, 100, 80, 101, 78, 102, 102, 103, 102, 104, 102, 105, 74, 106, 106, 107, 106, 108, 106, 109, 101, 9, 73, 12, 72, 19, 70, 24, 65, 31, 39, 34, 55, 42, 50, 45, 101, 76, 96, 83, 91, 86]","[9, 8, 10, 9, 11, 10, 12, 11, 13, 12, 14, 13, 15, 14, 16, 14, 17, 16, 18, 17, 19, 18, 20, 19, 21, 20, 22, 21, 23, 22, 24, 23, 25, 24, 26, 25, 27, 26, 28, 26, 29, 28, 30, 29, 31, 30, 32, 31, 33, 32, 34, 32, 35, 34, 36, 35, 37, 36, 38, 37, 39, 38, 40, 39, 41, 40, 42, 41, 43, 42, 44, 43, 45, 44, 46, 45, 47, 46, 48, 47, 49, 48, 50, 49, 51, 50, 52, 51, 53, 51, 54, 51, 55, 46, 56, 55, 57, 56, 58, 56, 59, 56, 60, 37, 61, 60, 62, 60, 63, 60, 64, 35, 65, 64, 66, 65, 67, 66, 68, 66, 69, 66, 70, 29, 71, 22, 72, 71, 73, 17, 74, 10, 75, 74, 76, 75, 77, 76, 78, 77, 79, 78, 80, 79, 81, 80, 82, 81, 83, 82, 84, 83, 85, 84, 86, 85, 87, 86, 88, 87, 89, 88, 90, 89, 91, 90, 92, 91, 93, 92, 94, 92, 95, 92, 96, 87, 97, 96, 98, 97, 99, 97, 100, 97, 101, 80, 102, 78, 103, 102, 104, 102, 105, 102, 106, 74, 107, 106, 108, 106, 109, 106, 9, 101, 12, 73, 19, 72, 24, 70, 31, 65, 34, 39, 42, 55, 45, 50, 76, 101, 83, 96, 86, 91]",-0.634868411
56,110,"[9, 9, 21, 2, 1, 1, 1, 1, 1, 1, 2, 3, 3, 2, 1, 1, 1, 1, 1, 1, 3, 2, 3, 3, 2, 3, 3, 3, 1, 1, 1, 3, 1, 1, 1, 2, 2, 1, 1, 1, 1, 1, 1, 1, 1, 1, 3, 1, 8, 3, 3, 3, 8, 3, 3, 3]","[1, 1, 3, 3, 3, 3, 3, 3, 3, 3, 3, 3, 1, 1, 1, 1, 2, 2, 1, 1, 3, 3, 3, 3, 3, 3, 3, 3, 3, 3, 1, 1, 1, 1, 1, 1, 2, 2, 1, 1, 1, 1, 2, 2, 1, 1, 2, 2, 1, 1, 2, 2, 1, 1, 2, 2, 1, 1, 2, 2, 1, 1, 1, 1, 3, 3, 3, 3, 3, 3, 3, 3, 3, 3, 3, 3, 3, 3, 3, 3, 1, 1, 3, 3, 1, 1, 1, 1, 2, 2, 2, 2, 1, 1, 1, 1, 2, 2, 2, 2, 3, 3, 3, 3, 1, 1, 3, 3, 3, 3]","[3, 4, 4, 5, 5, 6, 6, 7, 7, 8, 8, 9, 7, 10, 10, 11, 10, 12, 13, 14, 14, 15, 15, 16, 16, 17, 17, 18, 18, 19, 19, 20, 18, 21, 21, 22, 21, 23, 16, 24, 24, 25, 24, 26, 27, 28, 28, 29, 29, 30, 30, 31, 30, 32, 32, 33, 33, 34, 34, 35, 35, 36, 36, 37, 37, 38, 38, 39, 39, 40, 40, 41, 41, 42, 42, 43, 43, 44, 44, 45, 45, 46, 45, 47, 43, 48, 48, 49, 48, 50, 48, 51, 39, 52, 52, 53, 52, 54, 52, 55, 9, 4, 19, 14, 34, 28, 47, 37, 47, 41]","[4, 3, 5, 4, 6, 5, 7, 6, 8, 7, 9, 8, 10, 7, 11, 10, 12, 10, 14, 13, 15, 14, 16, 15, 17, 16, 18, 17, 19, 18, 20, 19, 21, 18, 22, 21, 23, 21, 24, 16, 25, 24, 26, 24, 28, 27, 29, 28, 30, 29, 31, 30, 32, 30, 33, 32, 34, 33, 35, 34, 36, 35, 37, 36, 38, 37, 39, 38, 40, 39, 41, 40, 42, 41, 43, 42, 44, 43, 45, 44, 46, 45, 47, 45, 48, 43, 49, 48, 50, 48, 51, 48, 52, 39, 53, 52, 54, 52, 55, 52, 4, 9, 14, 19, 28, 34, 37, 47, 41, 47]",-1.3075465248
21,40,"[9, 1, 1, 1, 1, 1, 1, 1, 1, 2, 1, 1, 3, 1, 1, 2, 1, 1, 1, 3, 3]","[1, 1, 1, 1, 1, 1, 1, 1, 1, 1, 1, 1, 1, 1, 1, 1, 1, 1, 1, 1, 1, 1, 1, 1, 2, 2, 1, 1, 1, 1, 1, 1, 1, 1, 1, 1, 2, 2, 1, 1]","[1, 2, 2, 3, 3, 4, 4, 5, 5, 6, 6, 7, 7, 8, 8, 9, 9, 10, 10, 11, 11, 12, 9, 13, 13, 14, 14, 15, 15, 16, 16, 17, 17, 18, 18, 19, 18, 20, 15, 8]","[2, 1, 3, 2, 4, 3, 5, 4, 6, 5, 7, 6, 8, 7, 9, 8, 10, 9, 11, 10, 12, 11, 13, 9, 14, 13, 15, 14, 16, 15, 17, 16, 18, 17, 19, 18, 20, 18, 8, 15]",0.2127067575
9,18,"[3, 1, 1, 1, 1, 1, 1, 1, 2]","[1, 1, 1, 1, 1, 1, 1, 1, 1, 1, 1, 1, 1, 1, 1, 1, 1, 1]","[0, 1, 1, 2, 2, 3, 3, 4, 4, 5, 5, 6, 6, 7, 7, 8, 8, 3]","[1, 0, 2, 1, 3, 2, 4, 3, 5, 4, 6, 5, 7, 6, 8, 7, 3, 8]",0.6427483546
114,230,"[9, 9, 9, 9, 9, 9, 9, 9, 2, 1, 3, 2, 1, 1, 1, 2, 1, 2, 1, 4, 2, 1, 2, 1, 1, 1, 1, 1, 1, 1, 1, 2, 1, 2, 1, 4, 2, 1, 2, 1, 1, 1, 1, 2, 2, 1, 1, 1, 1, 1, 1, 1, 1, 8, 3, 3, 3, 8, 3, 3, 3, 1, 1, 8, 3, 3, 3, 1, 2, 1, 2, 3, 1, 2, 1, 1, 8, 3, 3, 3, 1, 1, 8, 3, 3, 3, 2, 1, 1, 1, 2, 2, 1, 1, 1, 1, 1, 1, 1, 1, 8, 3, 3, 3, 8, 3, 3, 3, 1, 1, 8, 3, 3, 3]","[1, 1, 2, 2, 1, 1, 1, 1, 3, 3, 3, 3, 1, 1, 1, 1, 3, 3, 3, 3, 1, 1, 3, 3, 3, 3, 1, 1, 1, 1, 3, 3, 3, 3, 3, 3, 1, 1, 3, 3, 3, 3, 3, 3, 1, 1, 1, 1, 3, 3, 3, 3, 1, 1, 3, 3, 3, 3, 1, 1, 1, 1, 3, 3, 3, 3, 3, 3, 1, 1, 2, 2, 1, 1, 3, 3, 3, 3, 3, 3, 3, 3, 3, 3, 3, 3, 3, 3, 1, 1, 1, 1, 2, 2, 2, 2, 1, 1, 1, 1, 2, 2, 2, 2, 3, 3, 3, 3, 1, 1, 1, 1, 2, 2, 2, 2, 3, 3, 1, 1, 1, 1, 1, 1, 2, 2, 3, 3, 3, 3, 3, 3, 3, 3, 1, 1, 1, 1, 2, 2, 2, 2, 3, 3, 3, 3, 1, 1, 1, 1, 2, 2, 2, 2, 3, 3, 3, 3, 3, 3, 3, 3, 1, 1, 2, 2, 1, 1, 3, 3, 3, 3, 3, 3, 3, 3, 3, 3, 3, 3, 3, 3, 1, 1, 1, 1, 2, 2, 2, 2, 1, 1, 1, 1, 2, 2, 2, 2, 3, 3, 3, 3, 1, 1, 1, 1, 2, 2, 2, 2, 3, 3, 3, 3, 3, 3, 3, 3, 3, 3, 3, 3, 3, 3, 3, 3, 3, 3, 3, 3]","[8, 9, 9, 10, 9, 11, 11, 12, 12, 13, 13, 14, 14, 15, 15, 16, 16, 17, 17, 18, 18, 19, 18, 20, 20, 21, 21, 22, 22, 23, 23, 24, 24, 25, 25, 26, 26, 27, 27, 28, 28, 29, 29, 30, 30, 31, 31, 32, 32, 33, 33, 34, 34, 35, 34, 36, 36, 37, 37, 38, 38, 39, 39, 40, 40, 41, 41, 42, 42, 43, 43, 44, 44, 45, 45, 46, 46, 47, 47, 48, 48, 49, 49, 50, 50, 51, 51, 52, 52, 53, 53, 54, 53, 55, 53, 56, 50, 57, 57, 58, 57, 59, 57, 60, 48, 61, 61, 62, 62, 63, 63, 64, 63, 65, 63, 66, 42, 67, 67, 68, 68, 69, 69, 70, 69, 71, 67, 72, 37, 73, 30, 74, 74, 75, 75, 76, 76, 77, 76, 78, 76, 79, 26, 80, 80, 81, 80, 82, 82, 83, 82, 84, 82, 85, 21, 86, 14, 87, 87, 88, 88, 89, 89, 90, 90, 91, 91, 92, 92, 93, 93, 94, 94, 95, 95, 96, 96, 97, 97, 98, 98, 99, 99, 100, 100, 101, 100, 102, 100, 103, 97, 104, 104, 105, 104, 106, 104, 107, 95, 108, 108, 109, 109, 110, 110, 111, 110, 112, 110, 113, 89, 12, 86, 16, 81, 23, 75, 27, 73, 32, 72, 39, 62, 45, 52, 47, 109, 92, 99, 94]","[9, 8, 10, 9, 11, 9, 12, 11, 13, 12, 14, 13, 15, 14, 16, 15, 17, 16, 18, 17, 19, 18, 20, 18, 21, 20, 22, 21, 23, 22, 24, 23, 25, 24, 26, 25, 27, 26, 28, 27, 29, 28, 30, 29, 31, 30, 32, 31, 33, 32, 34, 33, 35, 34, 36, 34, 37, 36, 38, 37, 39, 38, 40, 39, 41, 40, 42, 41, 43, 42, 44, 43, 45, 44, 46, 45, 47, 46, 48, 47, 49, 48, 50, 49, 51, 50, 52, 51, 53, 52, 54, 53, 55, 53, 56, 53, 57, 50, 58, 57, 59, 57, 60, 57, 61, 48, 62, 61, 63, 62, 64, 63, 65, 63, 66, 63, 67, 42, 68, 67, 69, 68, 70, 69, 71, 69, 72, 67, 73, 37, 74, 30, 75, 74, 76, 75, 77, 76, 78, 76, 79, 76, 80, 26, 81, 80, 82, 80, 83, 82, 84, 82, 85, 82, 86, 21, 87, 14, 88, 87, 89, 88, 90, 89, 91, 90, 92, 91, 93, 92, 94, 93, 95, 94, 96, 95, 97, 96, 98, 97, 99, 98, 100, 99, 101, 100, 102, 100, 103, 100, 104, 97, 105, 104, 106, 104, 107, 104, 108, 95, 109, 108, 110, 109, 111, 110, 112, 110, 113, 110, 12, 89, 16, 86, 23, 81, 27, 75, 32, 73, 39, 72, 45, 62, 47, 52, 92, 109, 94, 99]",-1.4981682805
46,96,"[9, 9, 1, 1, 1, 1, 1, 1, 1, 3, 1, 1, 1, 1, 1, 1, 2, 2, 1, 1, 3, 1, 1, 2, 1, 3, 1, 1, 1, 1, 1, 1, 1, 1, 1, 1, 1, 1, 8, 3, 3, 3, 8, 3, 3, 3]","[1, 1, 3, 3, 3, 3, 3, 3, 3, 3, 3, 3, 1, 1, 1, 1, 3, 3, 3, 3, 3, 3, 3, 3, 3, 3, 1, 1, 1, 1, 2, 2, 1, 1, 2, 2, 1, 1, 3, 3, 1, 1, 1, 1, 2, 2, 1, 1, 3, 3, 3, 3, 3, 3, 3, 3, 3, 3, 3, 3, 3, 3, 3, 3, 3, 3, 1, 1, 2, 2, 1, 1, 1, 1, 2, 2, 2, 2, 1, 1, 1, 1, 2, 2, 2, 2, 3, 3, 3, 3, 1, 1, 3, 3, 3, 3]","[2, 3, 3, 4, 4, 5, 5, 6, 6, 7, 7, 8, 8, 9, 9, 10, 10, 11, 11, 12, 12, 13, 13, 14, 14, 15, 15, 16, 16, 17, 17, 18, 18, 19, 19, 20, 19, 21, 21, 22, 22, 23, 23, 24, 24, 25, 24, 26, 26, 27, 27, 28, 28, 29, 29, 30, 30, 31, 22, 32, 32, 33, 33, 34, 34, 35, 35, 36, 36, 37, 37, 38, 38, 39, 38, 40, 38, 41, 33, 42, 42, 43, 42, 44, 42, 45, 8, 3, 15, 10, 37, 18, 35, 21, 31, 26]","[3, 2, 4, 3, 5, 4, 6, 5, 7, 6, 8, 7, 9, 8, 10, 9, 11, 10, 12, 11, 13, 12, 14, 13, 15, 14, 16, 15, 17, 16, 18, 17, 19, 18, 20, 19, 21, 19, 22, 21, 23, 22, 24, 23, 25, 24, 26, 24, 27, 26, 28, 27, 29, 28, 30, 29, 31, 30, 32, 22, 33, 32, 34, 33, 35, 34, 36, 35, 37, 36, 38, 37, 39, 38, 40, 38, 41, 38, 42, 33, 43, 42, 44, 42, 45, 42, 3, 8, 10, 15, 18, 37, 21, 35, 26, 31]",-2.0506714672
47,98,"[9, 9, 1, 3, 1, 1, 1, 2, 2, 1, 1, 1, 1, 1, 1, 8, 3, 3, 3, 1, 1, 1, 1, 2, 2, 1, 1, 3, 1, 1, 1, 1, 2, 1, 1, 1, 1, 1, 1, 1, 1, 1, 1, 8, 3, 3, 3]","[1, 1, 1, 1, 3, 3, 3, 3, 1, 1, 2, 2, 1, 1, 3, 3, 3, 3, 3, 3, 3, 3, 3, 3, 1, 1, 1, 1, 2, 2, 2, 2, 3, 3, 1, 1, 3, 3, 3, 3, 1, 1, 1, 1, 2, 2, 1, 1, 2, 2, 1, 1, 3, 3, 3, 3, 3, 3, 1, 1, 1, 1, 3, 3, 3, 3, 3, 3, 3, 3, 3, 3, 3, 3, 3, 3, 1, 1, 2, 2, 1, 1, 1, 1, 2, 2, 2, 2, 3, 3, 3, 3, 1, 1, 3, 3, 3, 3]","[2, 3, 3, 4, 4, 5, 5, 6, 6, 7, 7, 8, 8, 9, 9, 10, 10, 11, 11, 12, 12, 13, 13, 14, 12, 15, 15, 16, 15, 17, 15, 18, 6, 19, 19, 20, 19, 21, 21, 22, 22, 23, 23, 24, 24, 25, 25, 26, 26, 27, 26, 28, 28, 29, 29, 30, 30, 31, 31, 32, 32, 33, 33, 34, 34, 35, 35, 36, 36, 37, 37, 38, 31, 39, 39, 40, 40, 41, 41, 42, 42, 43, 43, 44, 43, 45, 43, 46, 22, 4, 14, 9, 42, 25, 40, 28, 38, 33]","[3, 2, 4, 3, 5, 4, 6, 5, 7, 6, 8, 7, 9, 8, 10, 9, 11, 10, 12, 11, 13, 12, 14, 13, 15, 12, 16, 15, 17, 15, 18, 15, 19, 6, 20, 19, 21, 19, 22, 21, 23, 22, 24, 23, 25, 24, 26, 25, 27, 26, 28, 26, 29, 28, 30, 29, 31, 30, 32, 31, 33, 32, 34, 33, 35, 34, 36, 35, 37, 36, 38, 37, 39, 31, 40, 39, 41, 40, 42, 41, 43, 42, 44, 43, 45, 43, 46, 43, 4, 22, 9, 14, 25, 42, 28, 40, 33, 38]",-2.0454014742
36,76,"[9, 1, 1, 2, 1, 1, 1, 1, 2, 2, 1, 1, 1, 1, 1, 1, 1, 1, 1, 1, 3, 8, 3, 3, 3, 1, 1, 1, 1, 3, 1, 1, 1, 1, 1, 1]","[1, 1, 1, 1, 1, 1, 3, 3, 3, 3, 3, 3, 1, 1, 1, 1, 2, 2, 1, 1, 2, 2, 1, 1, 3, 3, 3, 3, 3, 3, 3, 3, 3, 3, 1, 1, 2, 2, 1, 1, 1, 1, 2, 2, 2, 2, 3, 3, 1, 1, 3, 3, 1, 1, 2, 2, 1, 1, 3, 3, 3, 3, 3, 3, 3, 3, 3, 3, 3, 3, 1, 1, 3, 3, 3, 3]","[1, 2, 2, 3, 3, 4, 4, 5, 5, 6, 6, 7, 7, 8, 8, 9, 9, 10, 10, 11, 11, 12, 12, 13, 13, 14, 14, 15, 15, 16, 16, 17, 17, 18, 18, 19, 19, 20, 12, 21, 21, 22, 21, 23, 21, 24, 7, 25, 25, 26, 25, 27, 2, 28, 28, 29, 28, 30, 30, 31, 31, 32, 32, 33, 33, 34, 34, 35, 27, 4, 19, 10, 18, 13, 35, 30]","[2, 1, 3, 2, 4, 3, 5, 4, 6, 5, 7, 6, 8, 7, 9, 8, 10, 9, 11, 10, 12, 11, 13, 12, 14, 13, 15, 14, 16, 15, 17, 16, 18, 17, 19, 18, 20, 19, 21, 12, 22, 21, 23, 21, 24, 21, 25, 7, 26, 25, 27, 25, 28, 2, 29, 28, 30, 28, 31, 30, 32, 31, 33, 32, 34, 33, 35, 34, 4, 27, 10, 19, 13, 18, 30, 35]",-1.8129006218
48,102,"[9, 9, 3, 8, 3, 3, 1, 1, 1, 2, 2, 1, 1, 3, 1, 1, 1, 1, 1, 1, 1, 1, 1, 1, 1, 1, 1, 1, 1, 2, 2, 1, 1, 3, 1, 1, 1, 1, 1, 1, 1, 1, 1, 1, 8, 3, 3, 3]","[1, 1, 2, 2, 2, 2, 1, 1, 3, 3, 3, 3, 1, 1, 1, 1, 2, 2, 1, 1, 2, 2, 1, 1, 2, 2, 1, 1, 3, 3, 3, 3, 3, 3, 3, 3, 3, 3, 3, 3, 3, 3, 3, 3, 1, 1, 3, 3, 3, 3, 3, 3, 1, 1, 1, 1, 2, 2, 1, 1, 2, 2, 1, 1, 2, 2, 1, 1, 3, 3, 3, 3, 3, 3, 3, 3, 3, 3, 3, 3, 3, 3, 1, 1, 1, 1, 2, 2, 2, 2, 3, 3, 1, 1, 3, 3, 3, 3, 1, 1, 3, 3]","[2, 3, 3, 4, 3, 5, 3, 6, 6, 7, 7, 8, 8, 9, 9, 10, 10, 11, 11, 12, 12, 13, 12, 14, 14, 15, 15, 16, 16, 17, 17, 18, 18, 19, 19, 20, 20, 21, 8, 22, 22, 23, 23, 24, 24, 25, 25, 26, 26, 27, 27, 28, 28, 29, 29, 30, 30, 31, 31, 32, 32, 33, 32, 34, 34, 35, 35, 36, 36, 37, 37, 38, 38, 39, 39, 40, 40, 41, 28, 42, 42, 43, 43, 44, 44, 45, 44, 46, 44, 47, 24, 6, 21, 11, 21, 16, 43, 25, 41, 31, 41, 36]","[3, 2, 4, 3, 5, 3, 6, 3, 7, 6, 8, 7, 9, 8, 10, 9, 11, 10, 12, 11, 13, 12, 14, 12, 15, 14, 16, 15, 17, 16, 18, 17, 19, 18, 20, 19, 21, 20, 22, 8, 23, 22, 24, 23, 25, 24, 26, 25, 27, 26, 28, 27, 29, 28, 30, 29, 31, 30, 32, 31, 33, 32, 34, 32, 35, 34, 36, 35, 37, 36, 38, 37, 39, 38, 40, 39, 41, 40, 42, 28, 43, 42, 44, 43, 45, 44, 46, 44, 47, 44, 6, 24, 11, 21, 16, 21, 25, 43, 31, 41, 36, 41]",-1.8973139062
52,110,"[9, 9, 3, 1, 1, 1, 1, 1, 2, 1, 3, 2, 1, 1, 1, 1, 1, 3, 1, 2, 2, 1, 1, 1, 1, 1, 1, 1, 1, 1, 1, 8, 3, 3, 3, 1, 1, 1, 1, 1, 2, 2, 1, 1, 1, 1, 1, 1, 8, 3, 3, 3]","[1, 1, 3, 3, 3, 3, 3, 3, 3, 3, 1, 1, 1, 1, 2, 2, 1, 1, 1, 1, 3, 3, 3, 3, 3, 3, 3, 3, 1, 1, 3, 3, 1, 1, 2, 2, 1, 1, 3, 3, 3, 3, 3, 3, 3, 3, 3, 3, 3, 3, 3, 3, 3, 3, 3, 3, 1, 1, 1, 1, 2, 2, 2, 2, 3, 3, 3, 3, 3, 3, 3, 3, 3, 3, 1, 1, 2, 2, 1, 1, 3, 3, 3, 3, 3, 3, 3, 3, 3, 3, 1, 1, 1, 1, 2, 2, 2, 2, 3, 3, 3, 3, 3, 3, 3, 3, 3, 3, 3, 3]","[2, 3, 3, 4, 4, 5, 5, 6, 6, 7, 7, 8, 8, 9, 9, 10, 9, 11, 11, 12, 12, 13, 13, 14, 14, 15, 15, 16, 16, 17, 16, 18, 18, 19, 19, 20, 20, 21, 21, 22, 22, 23, 23, 24, 24, 25, 25, 26, 18, 27, 27, 28, 28, 29, 29, 30, 27, 31, 31, 32, 31, 33, 31, 34, 7, 35, 35, 36, 36, 37, 37, 38, 38, 39, 39, 40, 40, 41, 41, 42, 42, 43, 43, 44, 44, 45, 45, 46, 46, 47, 38, 48, 48, 49, 48, 50, 48, 51, 39, 3, 36, 4, 30, 12, 29, 15, 26, 21, 47, 42]","[3, 2, 4, 3, 5, 4, 6, 5, 7, 6, 8, 7, 9, 8, 10, 9, 11, 9, 12, 11, 13, 12, 14, 13, 15, 14, 16, 15, 17, 16, 18, 16, 19, 18, 20, 19, 21, 20, 22, 21, 23, 22, 24, 23, 25, 24, 26, 25, 27, 18, 28, 27, 29, 28, 30, 29, 31, 27, 32, 31, 33, 31, 34, 31, 35, 7, 36, 35, 37, 36, 38, 37, 39, 38, 40, 39, 41, 40, 42, 41, 43, 42, 44, 43, 45, 44, 46, 45, 47, 46, 48, 38, 49, 48, 50, 48, 51, 48, 3, 39, 4, 36, 12, 30, 15, 29, 21, 26, 42, 47]",-1.8872466915
57,118,"[9, 9, 3, 1, 1, 1, 1, 1, 1, 1, 1, 1, 2, 2, 1, 1, 1, 2, 2, 1, 1, 1, 1, 1, 1, 3, 2, 3, 3, 2, 3, 3, 1, 3, 1, 2, 2, 1, 1, 1, 1, 1, 1, 2, 3, 3, 1, 3, 1, 8, 3, 3, 3, 8, 3, 3, 3]","[1, 1, 3, 3, 3, 3, 3, 3, 3, 3, 3, 3, 3, 3, 3, 3, 3, 3, 1, 1, 2, 2, 1, 1, 3, 3, 3, 3, 1, 1, 2, 2, 1, 1, 3, 3, 3, 3, 3, 3, 3, 3, 3, 3, 1, 1, 1, 1, 1, 1, 2, 2, 1, 1, 1, 1, 2, 2, 3, 3, 1, 1, 3, 3, 1, 1, 2, 2, 1, 1, 3, 3, 3, 3, 3, 3, 3, 3, 3, 3, 1, 1, 1, 1, 2, 2, 3, 3, 1, 1, 3, 3, 1, 1, 1, 1, 2, 2, 2, 2, 1, 1, 1, 1, 2, 2, 2, 2, 3, 3, 3, 3, 3, 3, 3, 3, 3, 3]","[2, 3, 3, 4, 4, 5, 5, 6, 6, 7, 7, 8, 8, 9, 9, 10, 10, 11, 11, 12, 12, 13, 13, 14, 14, 15, 15, 16, 16, 17, 17, 18, 18, 19, 19, 20, 20, 21, 21, 22, 22, 23, 23, 24, 24, 25, 23, 26, 26, 27, 26, 28, 21, 29, 29, 30, 29, 31, 16, 32, 32, 33, 32, 34, 34, 35, 35, 36, 36, 37, 37, 38, 38, 39, 39, 40, 40, 41, 41, 42, 40, 43, 43, 44, 43, 45, 34, 46, 46, 47, 11, 48, 9, 49, 49, 50, 49, 51, 49, 52, 5, 53, 53, 54, 53, 55, 53, 56, 48, 3, 48, 7, 46, 14, 24, 19, 42, 37]","[3, 2, 4, 3, 5, 4, 6, 5, 7, 6, 8, 7, 9, 8, 10, 9, 11, 10, 12, 11, 13, 12, 14, 13, 15, 14, 16, 15, 17, 16, 18, 17, 19, 18, 20, 19, 21, 20, 22, 21, 23, 22, 24, 23, 25, 24, 26, 23, 27, 26, 28, 26, 29, 21, 30, 29, 31, 29, 32, 16, 33, 32, 34, 32, 35, 34, 36, 35, 37, 36, 38, 37, 39, 38, 40, 39, 41, 40, 42, 41, 43, 40, 44, 43, 45, 43, 46, 34, 47, 46, 48, 11, 49, 9, 50, 49, 51, 49, 52, 49, 53, 5, 54, 53, 55, 53, 56, 53, 3, 48, 7, 48, 14, 46, 19, 24, 37, 42]",-0.9675670249
17,32,"[30, 4, 6, 1, 1, 1, 1, 1, 1, 1, 3, 1, 1, 1, 2, 1, 1]","[1, 1, 3, 3, 3, 3, 3, 3, 3, 3, 3, 3, 1, 1, 2, 2, 1, 1, 1, 1, 1, 1, 1, 1, 1, 1, 1, 1, 3, 3, 1, 1]","[2, 3, 3, 4, 4, 5, 5, 6, 6, 7, 7, 8, 6, 9, 9, 10, 9, 11, 11, 12, 12, 13, 13, 14, 14, 15, 15, 16, 8, 3, 16, 11]","[3, 2, 4, 3, 5, 4, 6, 5, 7, 6, 8, 7, 9, 6, 10, 9, 11, 9, 12, 11, 13, 12, 14, 13, 15, 14, 16, 15, 3, 8, 11, 16]",0.5890195686999999
16,34,"[1, 1, 1, 3, 1, 1, 1, 1, 1, 1, 2, 1, 3, 1, 4, 4]","[1, 1, 1, 1, 1, 1, 1, 1, 3, 3, 3, 3, 3, 3, 3, 3, 3, 3, 1, 1, 1, 1, 2, 2, 1, 1, 1, 1, 1, 1, 1, 1, 3, 3]","[0, 1, 1, 2, 2, 3, 3, 4, 4, 5, 5, 6, 6, 7, 7, 8, 8, 9, 9, 10, 10, 11, 11, 12, 11, 13, 13, 14, 13, 15, 10, 1, 9, 4]","[1, 0, 2, 1, 3, 2, 4, 3, 5, 4, 6, 5, 7, 6, 8, 7, 9, 8, 10, 9, 11, 10, 12, 11, 13, 11, 14, 13, 15, 13, 1, 10, 4, 9]",-3.8353901487
32,70,"[1, 1, 1, 1, 1, 1, 3, 1, 1, 1, 1, 1, 3, 1, 1, 2, 1, 2, 1, 2, 1, 1, 1, 1, 1, 1, 1, 1, 1, 1, 1, 1]","[1, 1, 1, 1, 1, 1, 1, 1, 1, 1, 1, 1, 1, 1, 3, 3, 3, 3, 3, 3, 3, 3, 1, 1, 3, 3, 1, 1, 3, 3, 3, 3, 3, 3, 3, 3, 3, 3, 1, 1, 3, 3, 3, 3, 3, 3, 3, 3, 3, 3, 1, 1, 3, 3, 3, 3, 3, 3, 3, 3, 3, 3, 3, 3, 3, 3, 3, 3, 3, 3]","[0, 1, 1, 2, 2, 3, 3, 4, 4, 5, 5, 6, 6, 7, 7, 8, 8, 9, 9, 10, 10, 11, 11, 12, 11, 13, 10, 14, 14, 15, 15, 16, 16, 17, 17, 18, 18, 19, 18, 20, 20, 21, 21, 22, 22, 23, 23, 24, 24, 25, 16, 26, 26, 27, 27, 28, 28, 29, 29, 30, 30, 31, 13, 7, 19, 14, 25, 20, 31, 26]","[1, 0, 2, 1, 3, 2, 4, 3, 5, 4, 6, 5, 7, 6, 8, 7, 9, 8, 10, 9, 11, 10, 12, 11, 13, 11, 14, 10, 15, 14, 16, 15, 17, 16, 18, 17, 19, 18, 20, 18, 21, 20, 22, 21, 23, 22, 24, 23, 25, 24, 26, 16, 27, 26, 28, 27, 29, 28, 30, 29, 31, 30, 7, 13, 14, 19, 20, 25, 26, 31]",-9.1518109699
26,56,"[2, 1, 1, 1, 1, 1, 1, 1, 1, 1, 1, 1, 1, 1, 1, 1, 1, 1, 1, 1, 1, 1, 1, 2, 1, 1]","[4, 4, 1, 1, 3, 3, 3, 3, 3, 3, 1, 1, 2, 2, 1, 1, 3, 3, 3, 3, 3, 3, 3, 3, 3, 3, 1, 1, 2, 2, 1, 1, 3, 3, 3, 3, 3, 3, 3, 3, 3, 3, 1, 1, 4, 4, 3, 3, 3, 3, 3, 3, 3, 3, 3, 3]","[0, 1, 1, 2, 2, 3, 3, 4, 4, 5, 5, 6, 6, 7, 7, 8, 8, 9, 9, 10, 10, 11, 11, 12, 12, 13, 11, 14, 14, 15, 15, 16, 16, 17, 17, 18, 18, 19, 19, 20, 20, 21, 20, 22, 22, 23, 5, 24, 24, 25, 25, 2, 13, 8, 21, 16]","[1, 0, 2, 1, 3, 2, 4, 3, 5, 4, 6, 5, 7, 6, 8, 7, 9, 8, 10, 9, 11, 10, 12, 11, 13, 12, 14, 11, 15, 14, 16, 15, 17, 16, 18, 17, 19, 18, 20, 19, 21, 20, 22, 20, 23, 22, 24, 5, 25, 24, 2, 25, 8, 13, 16, 21]",-8.123728845599999
27,60,"[1, 1, 2, 1, 1, 1, 1, 1, 1, 1, 3, 1, 3, 1, 1, 1, 2, 1, 8, 1, 1, 1, 1, 1, 1, 2, 1]","[1, 1, 1, 1, 1, 1, 1, 1, 1, 1, 3, 3, 3, 3, 3, 3, 3, 3, 3, 3, 3, 3, 2, 2, 3, 3, 3, 3, 1, 1, 4, 4, 1, 1, 3, 3, 3, 3, 3, 3, 3, 3, 3, 3, 3, 3, 3, 3, 3, 3, 3, 3, 3, 3, 3, 3, 3, 3, 3, 3]","[0, 1, 1, 2, 2, 3, 3, 4, 2, 5, 5, 6, 6, 7, 7, 8, 8, 9, 9, 10, 10, 11, 11, 12, 11, 13, 13, 14, 14, 15, 15, 16, 13, 17, 17, 18, 18, 19, 19, 20, 20, 21, 21, 22, 22, 23, 23, 24, 24, 25, 9, 26, 26, 5, 14, 8, 25, 17, 24, 19]","[1, 0, 2, 1, 3, 2, 4, 3, 5, 2, 6, 5, 7, 6, 8, 7, 9, 8, 10, 9, 11, 10, 12, 11, 13, 11, 14, 13, 15, 14, 16, 15, 17, 13, 18, 17, 19, 18, 20, 19, 21, 20, 22, 21, 23, 22, 24, 23, 25, 24, 26, 9, 5, 26, 8, 14, 17, 25, 19, 24]",-8.0974343241
37,76,"[24, 6, 1, 1, 1, 1, 2, 1, 1, 1, 1, 1, 6, 1, 6, 1, 1, 1, 1, 2, 1, 1, 1, 1, 1, 6, 1, 1, 1, 1, 1, 1, 1, 1, 1, 1, 1]","[1, 1, 3, 3, 3, 3, 3, 3, 1, 1, 3, 3, 3, 3, 3, 3, 3, 3, 3, 3, 1, 1, 3, 3, 1, 1, 3, 3, 3, 3, 3, 3, 1, 1, 3, 3, 3, 3, 3, 3, 3, 3, 3, 3, 1, 1, 3, 3, 3, 3, 3, 3, 3, 3, 3, 3, 3, 3, 3, 3, 3, 3, 3, 3, 3, 3, 3, 3, 3, 3, 3, 3, 3, 3, 3, 3]","[1, 2, 2, 3, 3, 4, 4, 5, 5, 6, 6, 7, 7, 8, 8, 9, 9, 10, 5, 11, 11, 12, 11, 13, 14, 15, 15, 16, 16, 17, 17, 18, 18, 19, 19, 20, 20, 21, 21, 22, 22, 23, 18, 24, 24, 25, 24, 26, 27, 28, 28, 29, 29, 30, 30, 31, 32, 33, 33, 34, 34, 35, 35, 36, 13, 2, 10, 6, 26, 15, 23, 19, 31, 27, 36, 32]","[2, 1, 3, 2, 4, 3, 5, 4, 6, 5, 7, 6, 8, 7, 9, 8, 10, 9, 11, 5, 12, 11, 13, 11, 15, 14, 16, 15, 17, 16, 18, 17, 19, 18, 20, 19, 21, 20, 22, 21, 23, 22, 24, 18, 25, 24, 26, 24, 28, 27, 29, 28, 30, 29, 31, 30, 33, 32, 34, 33, 35, 34, 36, 35, 2, 13, 6, 10, 15, 26, 19, 23, 27, 31, 32, 36]",-8.1257893916
53,112,"[1, 1, 1, 1, 1, 1, 1, 3, 3, 1, 1, 1, 1, 1, 3, 1, 1, 1, 3, 1, 3, 1, 3, 1, 1, 1, 1, 1, 3, 1, 3, 1, 1, 1, 1, 1, 1, 1, 3, 1, 1, 1, 1, 1, 1, 1, 1, 1, 3, 1, 1, 1, 1]","[1, 1, 3, 3, 3, 3, 1, 1, 1, 1, 1, 1, 2, 2, 1, 1, 1, 1, 1, 1, 1, 1, 1, 1, 1, 1, 1, 1, 1, 1, 1, 1, 1, 1, 1, 1, 1, 1, 1, 1, 1, 1, 1, 1, 1, 1, 1, 1, 1, 1, 1, 1, 1, 1, 1, 1, 1, 1, 2, 2, 1, 1, 1, 1, 1, 1, 3, 3, 3, 3, 1, 1, 3, 3, 1, 1, 3, 3, 3, 3, 1, 1, 1, 1, 1, 1, 1, 1, 3, 3, 3, 3, 3, 3, 1, 1, 1, 1, 1, 1, 1, 1, 1, 1, 3, 3, 1, 1, 1, 1, 3, 3]","[0, 1, 1, 2, 2, 3, 3, 4, 4, 5, 5, 6, 6, 7, 6, 8, 8, 9, 9, 10, 10, 11, 10, 12, 10, 13, 13, 14, 14, 15, 15, 16, 16, 17, 17, 18, 16, 19, 19, 20, 20, 21, 21, 22, 22, 23, 21, 24, 24, 25, 24, 26, 24, 27, 27, 28, 28, 29, 29, 30, 29, 31, 31, 32, 32, 33, 33, 34, 34, 35, 35, 36, 35, 37, 37, 38, 37, 39, 39, 40, 39, 41, 41, 42, 41, 43, 41, 44, 3, 45, 45, 46, 46, 47, 47, 48, 46, 49, 49, 50, 49, 51, 49, 52, 47, 1, 18, 13, 23, 16, 40, 33]","[1, 0, 2, 1, 3, 2, 4, 3, 5, 4, 6, 5, 7, 6, 8, 6, 9, 8, 10, 9, 11, 10, 12, 10, 13, 10, 14, 13, 15, 14, 16, 15, 17, 16, 18, 17, 19, 16, 20, 19, 21, 20, 22, 21, 23, 22, 24, 21, 25, 24, 26, 24, 27, 24, 28, 27, 29, 28, 30, 29, 31, 29, 32, 31, 33, 32, 34, 33, 35, 34, 36, 35, 37, 35, 38, 37, 39, 37, 40, 39, 41, 39, 42, 41, 43, 41, 44, 41, 45, 3, 46, 45, 47, 46, 48, 47, 49, 46, 50, 49, 51, 49, 52, 49, 1, 47, 13, 18, 16, 23, 33, 40]",-8.2677435641
34,80,"[3, 1, 1, 1, 1, 1, 1, 1, 1, 3, 1, 1, 2, 1, 1, 1, 1, 1, 3, 1, 1, 1, 1, 1, 1, 1, 3, 1, 1, 2, 1, 1, 1, 1]","[2, 2, 3, 3, 3, 3, 3, 3, 3, 3, 3, 3, 3, 3, 3, 3, 2, 2, 3, 3, 3, 3, 3, 3, 3, 3, 3, 3, 3, 3, 3, 3, 3, 3, 2, 2, 3, 3, 3, 3, 3, 3, 3, 3, 3, 3, 3, 3, 3, 3, 2, 2, 3, 3, 3, 3, 3, 3, 3, 3, 3, 3, 3, 3, 3, 3, 3, 3, 3, 3, 3, 3, 3, 3, 3, 3, 3, 3, 3, 3]","[0, 1, 1, 2, 2, 3, 3, 4, 4, 5, 5, 6, 6, 7, 7, 8, 8, 9, 8, 10, 10, 11, 11, 12, 12, 13, 13, 14, 14, 15, 15, 16, 16, 17, 17, 18, 17, 19, 19, 20, 20, 21, 21, 22, 22, 23, 23, 24, 24, 25, 25, 26, 25, 27, 27, 28, 28, 29, 29, 30, 30, 31, 31, 32, 32, 33, 33, 1, 7, 2, 33, 10, 30, 11, 28, 13, 27, 16, 24, 19]","[1, 0, 2, 1, 3, 2, 4, 3, 5, 4, 6, 5, 7, 6, 8, 7, 9, 8, 10, 8, 11, 10, 12, 11, 13, 12, 14, 13, 15, 14, 16, 15, 17, 16, 18, 17, 19, 17, 20, 19, 21, 20, 22, 21, 23, 22, 24, 23, 25, 24, 26, 25, 27, 25, 28, 27, 29, 28, 30, 29, 31, 30, 32, 31, 33, 32, 1, 33, 2, 7, 10, 33, 11, 30, 13, 28, 16, 27, 19, 24]",-7.946874563300001
57,120,"[1, 1, 1, 1, 1, 1, 1, 1, 3, 1, 1, 1, 1, 1, 1, 1, 1, 1, 1, 1, 1, 1, 1, 1, 1, 1, 1, 3, 1, 1, 1, 1, 1, 1, 1, 1, 1, 1, 1, 1, 1, 1, 1, 1, 1, 1, 3, 1, 1, 1, 1, 1, 1, 1, 1, 1, 1]","[1, 1, 3, 3, 1, 1, 1, 1, 3, 3, 3, 3, 3, 3, 1, 1, 3, 3, 3, 3, 1, 1, 1, 1, 1, 1, 1, 1, 1, 1, 1, 1, 1, 1, 1, 1, 3, 3, 1, 1, 3, 3, 1, 1, 1, 1, 3, 3, 3, 3, 3, 3, 1, 1, 3, 3, 3, 3, 1, 1, 1, 1, 1, 1, 1, 1, 1, 1, 1, 1, 1, 1, 1, 1, 3, 3, 1, 1, 3, 3, 1, 1, 1, 1, 3, 3, 3, 3, 3, 3, 1, 1, 3, 3, 3, 3, 1, 1, 1, 1, 1, 1, 1, 1, 1, 1, 1, 1, 1, 1, 1, 1, 3, 3, 3, 3, 3, 3, 3, 3]","[0, 1, 1, 2, 2, 3, 3, 4, 4, 5, 5, 6, 6, 7, 7, 8, 7, 9, 9, 10, 9, 11, 11, 12, 11, 13, 11, 14, 6, 15, 15, 16, 15, 17, 15, 18, 2, 19, 19, 20, 19, 21, 21, 22, 22, 23, 23, 24, 24, 25, 25, 26, 26, 27, 26, 28, 28, 29, 28, 30, 30, 31, 30, 32, 30, 33, 25, 34, 34, 35, 34, 36, 34, 37, 21, 38, 38, 39, 38, 40, 40, 41, 41, 42, 42, 43, 43, 44, 44, 45, 45, 46, 45, 47, 47, 48, 47, 49, 49, 50, 49, 51, 49, 52, 44, 53, 53, 54, 53, 55, 53, 56, 40, 1, 10, 4, 29, 23, 48, 42]","[1, 0, 2, 1, 3, 2, 4, 3, 5, 4, 6, 5, 7, 6, 8, 7, 9, 7, 10, 9, 11, 9, 12, 11, 13, 11, 14, 11, 15, 6, 16, 15, 17, 15, 18, 15, 19, 2, 20, 19, 21, 19, 22, 21, 23, 22, 24, 23, 25, 24, 26, 25, 27, 26, 28, 26, 29, 28, 30, 28, 31, 30, 32, 30, 33, 30, 34, 25, 35, 34, 36, 34, 37, 34, 38, 21, 39, 38, 40, 38, 41, 40, 42, 41, 43, 42, 44, 43, 45, 44, 46, 45, 47, 45, 48, 47, 49, 47, 50, 49, 51, 49, 52, 49, 53, 44, 54, 53, 55, 53, 56, 53, 1, 40, 4, 10, 23, 29, 42, 48]",-7.9814736459
54,120,"[1, 1, 3, 1, 1, 1, 2, 1, 1, 1, 3, 1, 1, 1, 2, 1, 3, 1, 1, 1, 1, 1, 1, 1, 3, 1, 1, 1, 1, 2, 1, 1, 1, 3, 1, 1, 1, 2, 1, 3, 1, 1, 1, 1, 1, 1, 2, 1, 1, 3, 2, 1, 1, 3]","[1, 1, 1, 1, 1, 1, 3, 3, 3, 3, 1, 1, 2, 2, 3, 3, 3, 3, 1, 1, 1, 1, 3, 3, 3, 3, 1, 1, 1, 1, 2, 2, 1, 1, 3, 3, 3, 3, 3, 3, 3, 3, 3, 3, 3, 3, 1, 1, 1, 1, 1, 1, 3, 3, 3, 3, 1, 1, 2, 2, 3, 3, 3, 3, 1, 1, 1, 1, 3, 3, 3, 3, 1, 1, 1, 1, 2, 2, 1, 1, 3, 3, 3, 3, 3, 3, 3, 3, 3, 3, 1, 1, 1, 1, 1, 1, 2, 2, 1, 1, 1, 1, 1, 1, 2, 2, 3, 3, 3, 3, 3, 3, 3, 3, 3, 3, 3, 3, 3, 3]","[0, 1, 1, 2, 2, 3, 3, 4, 4, 5, 5, 6, 6, 7, 7, 8, 8, 9, 9, 10, 10, 11, 11, 12, 12, 13, 13, 14, 14, 15, 15, 16, 15, 17, 17, 18, 18, 19, 19, 20, 20, 21, 21, 22, 13, 23, 23, 24, 24, 25, 25, 26, 23, 27, 27, 28, 28, 29, 29, 30, 30, 31, 31, 32, 32, 33, 33, 34, 34, 35, 35, 36, 36, 37, 37, 38, 38, 39, 38, 40, 40, 41, 41, 42, 42, 43, 43, 44, 44, 45, 31, 46, 46, 47, 47, 48, 47, 49, 8, 50, 50, 51, 51, 52, 51, 53, 36, 3, 34, 5, 32, 7, 30, 9, 28, 11, 22, 17, 45, 40]","[1, 0, 2, 1, 3, 2, 4, 3, 5, 4, 6, 5, 7, 6, 8, 7, 9, 8, 10, 9, 11, 10, 12, 11, 13, 12, 14, 13, 15, 14, 16, 15, 17, 15, 18, 17, 19, 18, 20, 19, 21, 20, 22, 21, 23, 13, 24, 23, 25, 24, 26, 25, 27, 23, 28, 27, 29, 28, 30, 29, 31, 30, 32, 31, 33, 32, 34, 33, 35, 34, 36, 35, 37, 36, 38, 37, 39, 38, 40, 38, 41, 40, 42, 41, 43, 42, 44, 43, 45, 44, 46, 31, 47, 46, 48, 47, 49, 47, 50, 8, 51, 50, 52, 51, 53, 51, 3, 36, 5, 34, 7, 32, 9, 30, 11, 28, 17, 22, 40, 45]",-7.861382650099999
58,136,"[3, 1, 2, 1, 1, 1, 1, 1, 1, 2, 2, 1, 1, 1, 1, 1, 1, 1, 3, 1, 1, 1, 1, 1, 1, 1, 1, 1, 3, 2, 1, 1, 1, 1, 1, 1, 2, 2, 1, 1, 1, 1, 1, 1, 1, 3, 1, 1, 1, 1, 1, 1, 1, 1, 1, 1, 1, 1]","[2, 2, 1, 1, 1, 1, 3, 3, 3, 3, 3, 3, 3, 3, 3, 3, 1, 1, 2, 2, 1, 1, 3, 3, 3, 3, 3, 3, 3, 3, 3, 3, 1, 1, 2, 2, 1, 1, 3, 3, 3, 3, 3, 3, 3, 3, 3, 3, 3, 3, 3, 3, 1, 1, 2, 2, 1, 1, 1, 1, 3, 3, 3, 3, 3, 3, 3, 3, 3, 3, 1, 1, 2, 2, 1, 1, 3, 3, 3, 3, 3, 3, 3, 3, 3, 3, 1, 1, 2, 2, 1, 1, 3, 3, 3, 3, 3, 3, 3, 3, 3, 3, 3, 3, 3, 3, 3, 3, 3, 3, 3, 3, 3, 3, 1, 1, 3, 3, 3, 3, 3, 3, 3, 3, 3, 3, 3, 3, 3, 3, 3, 3, 3, 3, 3, 3]","[0, 1, 1, 2, 2, 3, 3, 4, 4, 5, 5, 6, 6, 7, 7, 8, 6, 9, 9, 10, 10, 11, 11, 12, 12, 13, 13, 14, 14, 15, 15, 16, 2, 17, 17, 18, 17, 19, 19, 20, 20, 21, 21, 22, 22, 23, 23, 24, 24, 25, 25, 26, 26, 27, 27, 28, 27, 29, 29, 30, 30, 31, 31, 32, 32, 33, 33, 34, 34, 35, 33, 36, 36, 37, 37, 38, 38, 39, 39, 40, 40, 41, 41, 42, 42, 43, 29, 44, 44, 45, 44, 46, 46, 47, 47, 48, 48, 49, 49, 50, 50, 51, 51, 52, 52, 53, 53, 54, 54, 55, 49, 56, 56, 57, 53, 1, 8, 3, 16, 11, 54, 19, 55, 22, 56, 23, 57, 26, 35, 30, 43, 38, 57, 46, 55, 50]","[1, 0, 2, 1, 3, 2, 4, 3, 5, 4, 6, 5, 7, 6, 8, 7, 9, 6, 10, 9, 11, 10, 12, 11, 13, 12, 14, 13, 15, 14, 16, 15, 17, 2, 18, 17, 19, 17, 20, 19, 21, 20, 22, 21, 23, 22, 24, 23, 25, 24, 26, 25, 27, 26, 28, 27, 29, 27, 30, 29, 31, 30, 32, 31, 33, 32, 34, 33, 35, 34, 36, 33, 37, 36, 38, 37, 39, 38, 40, 39, 41, 40, 42, 41, 43, 42, 44, 29, 45, 44, 46, 44, 47, 46, 48, 47, 49, 48, 50, 49, 51, 50, 52, 51, 53, 52, 54, 53, 55, 54, 56, 49, 57, 56, 1, 53, 3, 8, 11, 16, 19, 54, 22, 55, 23, 56, 26, 57, 30, 35, 38, 43, 46, 57, 50, 55]",-7.8755092242
46,102,"[3, 7, 3, 1, 1, 1, 1, 1, 1, 3, 1, 1, 1, 1, 1, 1, 3, 1, 1, 1, 1, 1, 1, 1, 1, 1, 1, 3, 7, 3, 3, 1, 1, 1, 1, 1, 1, 3, 1, 1, 1, 1, 1, 1, 1, 1]","[2, 2, 1, 1, 1, 1, 3, 3, 3, 3, 3, 3, 3, 3, 3, 3, 1, 1, 1, 1, 3, 3, 3, 3, 3, 3, 3, 3, 3, 3, 1, 1, 1, 1, 3, 3, 3, 3, 3, 3, 3, 3, 3, 3, 1, 1, 3, 3, 3, 3, 3, 3, 1, 1, 1, 1, 2, 2, 1, 1, 1, 1, 3, 3, 3, 3, 3, 3, 3, 3, 3, 3, 1, 1, 1, 1, 3, 3, 3, 3, 3, 3, 3, 3, 3, 3, 3, 3, 3, 3, 3, 3, 3, 3, 3, 3, 3, 3, 3, 3, 3, 3]","[0, 1, 1, 2, 2, 3, 3, 4, 4, 5, 5, 6, 6, 7, 7, 8, 1, 9, 9, 10, 10, 11, 11, 12, 12, 13, 13, 14, 14, 15, 1, 16, 16, 17, 17, 18, 18, 19, 19, 20, 20, 21, 21, 22, 20, 23, 23, 24, 24, 25, 25, 26, 26, 27, 27, 28, 28, 29, 28, 30, 30, 31, 31, 32, 32, 33, 33, 34, 34, 35, 35, 36, 28, 37, 37, 38, 38, 39, 39, 40, 40, 41, 41, 42, 42, 43, 26, 44, 44, 45, 8, 3, 15, 10, 22, 17, 45, 23, 36, 31, 43, 38]","[1, 0, 2, 1, 3, 2, 4, 3, 5, 4, 6, 5, 7, 6, 8, 7, 9, 1, 10, 9, 11, 10, 12, 11, 13, 12, 14, 13, 15, 14, 16, 1, 17, 16, 18, 17, 19, 18, 20, 19, 21, 20, 22, 21, 23, 20, 24, 23, 25, 24, 26, 25, 27, 26, 28, 27, 29, 28, 30, 28, 31, 30, 32, 31, 33, 32, 34, 33, 35, 34, 36, 35, 37, 28, 38, 37, 39, 38, 40, 39, 41, 40, 42, 41, 43, 42, 44, 26, 45, 44, 3, 8, 10, 15, 17, 22, 23, 45, 31, 36, 38, 43]",-7.813287357
46,94,"[1, 1, 1, 1, 1, 1, 1, 1, 1, 1, 3, 2, 1, 1, 1, 1, 1, 1, 2, 1, 3, 1, 1, 1, 1, 1, 1, 3, 1, 1, 1, 1, 1, 1, 1, 1, 1, 1, 1, 1, 1, 3, 1, 1, 1, 1]","[1, 1, 1, 1, 1, 1, 1, 1, 3, 3, 3, 3, 1, 1, 1, 1, 1, 1, 2, 2, 1, 1, 1, 1, 1, 1, 1, 1, 1, 1, 1, 1, 1, 1, 1, 1, 1, 1, 2, 2, 1, 1, 1, 1, 1, 1, 3, 3, 3, 3, 3, 3, 1, 1, 3, 3, 3, 3, 1, 1, 1, 1, 1, 1, 1, 1, 1, 1, 1, 1, 1, 1, 1, 1, 3, 3, 3, 3, 3, 3, 1, 1, 1, 1, 1, 1, 1, 1, 1, 1, 3, 3, 3, 3]","[0, 1, 1, 2, 1, 3, 1, 4, 4, 5, 5, 6, 6, 7, 7, 8, 8, 9, 9, 10, 9, 11, 11, 12, 12, 13, 13, 14, 14, 15, 15, 16, 16, 17, 17, 18, 18, 19, 19, 20, 19, 21, 21, 22, 22, 23, 23, 24, 24, 25, 25, 26, 26, 27, 26, 28, 28, 29, 28, 30, 30, 31, 30, 32, 30, 33, 25, 34, 34, 35, 34, 36, 34, 37, 6, 38, 38, 39, 39, 40, 40, 41, 39, 42, 42, 43, 42, 44, 42, 45, 40, 4, 29, 23]","[1, 0, 2, 1, 3, 1, 4, 1, 5, 4, 6, 5, 7, 6, 8, 7, 9, 8, 10, 9, 11, 9, 12, 11, 13, 12, 14, 13, 15, 14, 16, 15, 17, 16, 18, 17, 19, 18, 20, 19, 21, 19, 22, 21, 23, 22, 24, 23, 25, 24, 26, 25, 27, 26, 28, 26, 29, 28, 30, 28, 31, 30, 32, 30, 33, 30, 34, 25, 35, 34, 36, 34, 37, 34, 38, 6, 39, 38, 40, 39, 41, 40, 42, 39, 43, 42, 44, 42, 45, 42, 4, 40, 23, 29]",-7.8041135239
35,76,"[2, 1, 1, 1, 1, 1, 1, 1, 1, 1, 1, 3, 1, 1, 1, 1, 1, 1, 1, 1, 2, 1, 1, 1, 1, 1, 1, 1, 1, 1, 1, 1, 1, 1, 1]","[1, 1, 1, 1, 1, 1, 3, 3, 3, 3, 3, 3, 3, 3, 3, 3, 2, 2, 1, 1, 2, 2, 1, 1, 1, 1, 1, 1, 3, 3, 3, 3, 3, 3, 3, 3, 3, 3, 1, 1, 1, 1, 1, 1, 3, 3, 3, 3, 3, 3, 3, 3, 3, 3, 1, 1, 1, 1, 3, 3, 3, 3, 3, 3, 3, 3, 3, 3, 3, 3, 3, 3, 3, 3, 3, 3]","[0, 1, 1, 2, 2, 3, 3, 4, 4, 5, 5, 6, 6, 7, 7, 8, 1, 9, 9, 10, 10, 11, 10, 12, 12, 13, 13, 14, 14, 15, 15, 16, 16, 17, 17, 18, 18, 19, 12, 20, 20, 21, 21, 22, 22, 23, 23, 24, 24, 25, 25, 26, 26, 27, 20, 28, 28, 29, 29, 30, 30, 31, 31, 32, 32, 33, 33, 34, 8, 3, 19, 14, 27, 22, 34, 29]","[1, 0, 2, 1, 3, 2, 4, 3, 5, 4, 6, 5, 7, 6, 8, 7, 9, 1, 10, 9, 11, 10, 12, 10, 13, 12, 14, 13, 15, 14, 16, 15, 17, 16, 18, 17, 19, 18, 20, 12, 21, 20, 22, 21, 23, 22, 24, 23, 25, 24, 26, 25, 27, 26, 28, 20, 29, 28, 30, 29, 31, 30, 32, 31, 33, 32, 34, 33, 3, 8, 14, 19, 22, 27, 29, 34]",-7.6633437338
40,82,"[1, 1, 1, 1, 1, 1, 1, 1, 1, 1, 1, 1, 1, 1, 1, 1, 1, 1, 1, 1, 1, 1, 1, 1, 1, 1, 1, 1, 1, 1, 1, 1, 1, 1, 1, 1, 1, 1, 1, 1]","[1, 1, 2, 2, 1, 1, 2, 2, 1, 1, 1, 1, 2, 2, 1, 1, 2, 2, 1, 1, 1, 1, 2, 2, 1, 1, 2, 2, 1, 1, 2, 2, 1, 1, 1, 1, 2, 2, 1, 1, 2, 2, 1, 1, 1, 1, 2, 2, 1, 1, 2, 2, 1, 1, 1, 1, 1, 1, 1, 1, 1, 1, 1, 1, 1, 1, 1, 1, 1, 1, 1, 1, 1, 1, 1, 1, 1, 1, 1, 1, 1, 1]","[0, 1, 1, 2, 2, 3, 3, 4, 4, 5, 5, 6, 5, 7, 7, 8, 8, 9, 9, 10, 10, 11, 10, 12, 12, 13, 13, 14, 14, 15, 15, 16, 16, 17, 16, 18, 18, 19, 19, 20, 20, 21, 21, 22, 21, 23, 23, 24, 24, 25, 25, 26, 26, 27, 26, 28, 28, 29, 29, 30, 30, 31, 31, 32, 31, 33, 2, 34, 34, 35, 34, 36, 34, 37, 37, 38, 38, 39, 39, 1, 31, 25]","[1, 0, 2, 1, 3, 2, 4, 3, 5, 4, 6, 5, 7, 5, 8, 7, 9, 8, 10, 9, 11, 10, 12, 10, 13, 12, 14, 13, 15, 14, 16, 15, 17, 16, 18, 16, 19, 18, 20, 19, 21, 20, 22, 21, 23, 21, 24, 23, 25, 24, 26, 25, 27, 26, 28, 26, 29, 28, 30, 29, 31, 30, 32, 31, 33, 31, 34, 2, 35, 34, 36, 34, 37, 34, 38, 37, 39, 38, 1, 39, 25, 31]",-7.553792438099999
23,50,"[1, 1, 1, 1, 1, 1, 1, 1, 1, 1, 1, 1, 1, 1, 1, 1, 1, 1, 1, 1, 1, 1, 1]","[1, 1, 1, 1, 1, 1, 1, 1, 1, 1, 1, 1, 1, 1, 1, 1, 1, 1, 3, 3, 3, 3, 3, 3, 3, 3, 3, 3, 1, 1, 3, 3, 3, 3, 3, 3, 1, 1, 1, 1, 3, 3, 3, 3, 1, 1, 3, 3, 3, 3]","[0, 1, 1, 2, 2, 3, 3, 4, 4, 5, 5, 6, 6, 7, 7, 8, 6, 9, 9, 10, 10, 11, 11, 12, 12, 13, 13, 14, 12, 15, 15, 16, 16, 17, 17, 18, 18, 19, 19, 20, 18, 21, 21, 22, 8, 3, 14, 9, 22, 15]","[1, 0, 2, 1, 3, 2, 4, 3, 5, 4, 6, 5, 7, 6, 8, 7, 9, 6, 10, 9, 11, 10, 12, 11, 13, 12, 14, 13, 15, 12, 16, 15, 17, 16, 18, 17, 19, 18, 20, 19, 21, 18, 22, 21, 3, 8, 9, 14, 15, 22]",-7.1853905644000005
29,62,"[1, 1, 2, 1, 1, 1, 3, 3, 1, 1, 1, 1, 1, 1, 1, 2, 2, 1, 8, 2, 1, 1, 1, 1, 1, 1, 2, 3, 3]","[1, 1, 1, 1, 1, 1, 1, 1, 1, 1, 2, 2, 1, 1, 1, 1, 1, 1, 3, 3, 3, 3, 3, 3, 3, 3, 3, 3, 1, 1, 2, 2, 1, 1, 3, 3, 3, 3, 3, 3, 3, 3, 3, 3, 3, 3, 3, 3, 3, 3, 1, 1, 1, 1, 2, 2, 3, 3, 3, 3, 3, 3]","[0, 1, 1, 2, 2, 3, 3, 4, 4, 5, 5, 6, 5, 7, 7, 8, 2, 9, 9, 10, 10, 11, 11, 12, 12, 13, 13, 14, 12, 15, 15, 16, 16, 17, 17, 18, 18, 19, 19, 20, 20, 21, 21, 22, 22, 23, 23, 24, 24, 25, 23, 26, 26, 27, 26, 28, 14, 9, 25, 17, 25, 20]","[1, 0, 2, 1, 3, 2, 4, 3, 5, 4, 6, 5, 7, 5, 8, 7, 9, 2, 10, 9, 11, 10, 12, 11, 13, 12, 14, 13, 15, 12, 16, 15, 17, 16, 18, 17, 19, 18, 20, 19, 21, 20, 22, 21, 23, 22, 24, 23, 25, 24, 26, 23, 27, 26, 28, 26, 9, 14, 17, 25, 20, 25]",-7.315402454199999
46,108,"[1, 1, 1, 1, 1, 1, 1, 1, 2, 1, 3, 1, 1, 1, 1, 1, 1, 1, 1, 1, 3, 2, 1, 1, 1, 1, 1, 1, 1, 1, 1, 3, 1, 1, 1, 1, 1, 1, 1, 1, 1, 3, 1, 1, 1, 1]","[1, 1, 3, 3, 3, 3, 1, 1, 3, 3, 3, 3, 3, 3, 1, 1, 1, 1, 2, 2, 1, 1, 3, 3, 3, 3, 3, 3, 3, 3, 3, 3, 3, 3, 3, 3, 1, 1, 2, 2, 1, 1, 1, 1, 3, 3, 3, 3, 1, 1, 3, 3, 3, 3, 1, 1, 3, 3, 1, 1, 2, 2, 1, 1, 3, 3, 3, 3, 3, 3, 3, 3, 3, 3, 3, 3, 3, 3, 1, 1, 2, 2, 3, 3, 3, 3, 3, 3, 3, 3, 3, 3, 1, 1, 3, 3, 3, 3, 3, 3, 3, 3, 3, 3, 3, 3, 3, 3]","[0, 1, 1, 2, 2, 3, 3, 4, 3, 5, 5, 6, 6, 7, 6, 8, 8, 9, 9, 10, 9, 11, 11, 12, 12, 13, 13, 14, 14, 15, 15, 16, 16, 17, 17, 18, 18, 19, 19, 20, 19, 21, 21, 22, 22, 23, 23, 24, 24, 25, 24, 26, 26, 27, 27, 28, 27, 29, 21, 30, 30, 31, 30, 32, 32, 33, 33, 34, 34, 35, 35, 36, 36, 37, 37, 38, 38, 39, 39, 40, 40, 41, 39, 42, 42, 43, 35, 44, 44, 45, 7, 1, 40, 8, 42, 11, 43, 14, 44, 15, 45, 18, 29, 22, 45, 32, 43, 36]","[1, 0, 2, 1, 3, 2, 4, 3, 5, 3, 6, 5, 7, 6, 8, 6, 9, 8, 10, 9, 11, 9, 12, 11, 13, 12, 14, 13, 15, 14, 16, 15, 17, 16, 18, 17, 19, 18, 20, 19, 21, 19, 22, 21, 23, 22, 24, 23, 25, 24, 26, 24, 27, 26, 28, 27, 29, 27, 30, 21, 31, 30, 32, 30, 33, 32, 34, 33, 35, 34, 36, 35, 37, 36, 38, 37, 39, 38, 40, 39, 41, 40, 42, 39, 43, 42, 44, 35, 45, 44, 1, 7, 8, 40, 11, 42, 14, 43, 15, 44, 18, 45, 22, 29, 32, 45, 36, 43]",-7.4761487948
29,66,"[1, 1, 2, 1, 1, 1, 1, 1, 1, 1, 1, 1, 1, 1, 2, 1, 3, 2, 1, 1, 1, 1, 1, 1, 2, 1, 3, 1, 1]","[1, 1, 1, 1, 1, 1, 1, 1, 1, 1, 3, 3, 3, 3, 3, 3, 3, 3, 3, 3, 3, 3, 3, 3, 1, 1, 4, 4, 3, 3, 2, 2, 3, 3, 3, 3, 3, 3, 3, 3, 3, 3, 3, 3, 3, 3, 3, 3, 3, 3, 3, 3, 3, 3, 3, 3, 3, 3, 3, 3, 3, 3, 3, 3, 3, 3]","[0, 1, 1, 2, 2, 3, 3, 4, 2, 5, 5, 6, 6, 7, 7, 8, 8, 9, 9, 10, 10, 11, 11, 12, 12, 13, 13, 14, 12, 15, 15, 16, 15, 17, 17, 18, 18, 19, 19, 20, 20, 21, 21, 22, 22, 23, 23, 24, 24, 25, 11, 26, 26, 27, 27, 28, 28, 5, 27, 8, 25, 10, 25, 17, 23, 18]","[1, 0, 2, 1, 3, 2, 4, 3, 5, 2, 6, 5, 7, 6, 8, 7, 9, 8, 10, 9, 11, 10, 12, 11, 13, 12, 14, 13, 15, 12, 16, 15, 17, 15, 18, 17, 19, 18, 20, 19, 21, 20, 22, 21, 23, 22, 24, 23, 25, 24, 26, 11, 27, 26, 28, 27, 5, 28, 8, 27, 10, 25, 17, 25, 18, 23]",-7.2023327624
31,68,"[1, 1, 1, 1, 1, 1, 1, 3, 1, 1, 1, 1, 2, 1, 1, 1, 1, 1, 1, 1, 1, 3, 1, 1, 1, 1, 2, 1, 1, 1, 1]","[1, 1, 1, 1, 1, 1, 3, 3, 3, 3, 3, 3, 1, 1, 1, 1, 3, 3, 3, 3, 3, 3, 1, 1, 3, 3, 3, 3, 3, 3, 3, 3, 1, 1, 3, 3, 3, 3, 3, 3, 1, 1, 1, 1, 3, 3, 3, 3, 3, 3, 1, 1, 3, 3, 3, 3, 3, 3, 3, 3, 3, 3, 3, 3, 3, 3, 3, 3]","[0, 1, 1, 2, 1, 3, 3, 4, 4, 5, 5, 6, 6, 7, 7, 8, 8, 9, 9, 10, 10, 11, 11, 12, 11, 13, 13, 14, 6, 15, 15, 16, 1, 17, 17, 18, 18, 19, 19, 20, 20, 21, 21, 22, 22, 23, 23, 24, 24, 25, 25, 26, 25, 27, 27, 28, 20, 29, 29, 30, 16, 3, 14, 8, 30, 17, 28, 22]","[1, 0, 2, 1, 3, 1, 4, 3, 5, 4, 6, 5, 7, 6, 8, 7, 9, 8, 10, 9, 11, 10, 12, 11, 13, 11, 14, 13, 15, 6, 16, 15, 17, 1, 18, 17, 19, 18, 20, 19, 21, 20, 22, 21, 23, 22, 24, 23, 25, 24, 26, 25, 27, 25, 28, 27, 29, 20, 30, 29, 3, 16, 8, 14, 17, 30, 22, 28]",-7.191727219600001
37,80,"[3, 7, 3, 1, 1, 1, 1, 1, 1, 1, 3, 1, 1, 1, 1, 1, 1, 1, 3, 7, 3, 3, 1, 1, 1, 1, 1, 1, 1, 3, 1, 1, 1, 1, 1, 1, 1]","[2, 2, 1, 1, 1, 1, 1, 1, 3, 3, 3, 3, 3, 3, 3, 3, 3, 3, 1, 1, 1, 1, 1, 1, 3, 3, 3, 3, 3, 3, 3, 3, 3, 3, 1, 1, 1, 1, 2, 2, 1, 1, 1, 1, 1, 1, 3, 3, 3, 3, 3, 3, 3, 3, 3, 3, 1, 1, 1, 1, 1, 1, 3, 3, 3, 3, 3, 3, 3, 3, 3, 3, 3, 3, 3, 3, 3, 3, 3, 3]","[0, 1, 1, 2, 2, 3, 3, 4, 4, 5, 5, 6, 6, 7, 7, 8, 8, 9, 1, 10, 10, 11, 11, 12, 12, 13, 13, 14, 14, 15, 15, 16, 16, 17, 1, 18, 18, 19, 19, 20, 19, 21, 21, 22, 22, 23, 23, 24, 24, 25, 25, 26, 26, 27, 27, 28, 19, 29, 29, 30, 30, 31, 31, 32, 32, 33, 33, 34, 34, 35, 35, 36, 9, 4, 17, 12, 28, 23, 36, 31]","[1, 0, 2, 1, 3, 2, 4, 3, 5, 4, 6, 5, 7, 6, 8, 7, 9, 8, 10, 1, 11, 10, 12, 11, 13, 12, 14, 13, 15, 14, 16, 15, 17, 16, 18, 1, 19, 18, 20, 19, 21, 19, 22, 21, 23, 22, 24, 23, 25, 24, 26, 25, 27, 26, 28, 27, 29, 19, 30, 29, 31, 30, 32, 31, 33, 32, 34, 33, 35, 34, 36, 35, 4, 9, 12, 17, 23, 28, 31, 36]",-7.2540426772
36,78,"[3, 1, 1, 3, 1, 1, 1, 1, 1, 3, 1, 1, 3, 1, 1, 1, 1, 1, 1, 1, 3, 1, 1, 1, 1, 1, 3, 1, 1, 3, 1, 1, 1, 1, 1, 1]","[1, 1, 1, 1, 1, 1, 1, 1, 3, 3, 3, 3, 3, 3, 3, 3, 1, 1, 3, 3, 1, 1, 2, 2, 1, 1, 3, 3, 3, 3, 3, 3, 3, 3, 3, 3, 1, 1, 1, 1, 1, 1, 3, 3, 3, 3, 3, 3, 3, 3, 1, 1, 3, 3, 1, 1, 2, 2, 1, 1, 3, 3, 3, 3, 3, 3, 3, 3, 3, 3, 3, 3, 3, 3, 3, 3, 3, 3]","[0, 1, 1, 2, 2, 3, 3, 4, 4, 5, 5, 6, 6, 7, 7, 8, 8, 9, 8, 10, 7, 11, 11, 12, 11, 13, 13, 14, 14, 15, 15, 16, 16, 17, 17, 18, 1, 19, 19, 20, 20, 21, 21, 22, 22, 23, 23, 24, 24, 25, 25, 26, 25, 27, 24, 28, 28, 29, 28, 30, 30, 31, 31, 32, 32, 33, 33, 34, 34, 35, 10, 4, 18, 13, 27, 21, 35, 30]","[1, 0, 2, 1, 3, 2, 4, 3, 5, 4, 6, 5, 7, 6, 8, 7, 9, 8, 10, 8, 11, 7, 12, 11, 13, 11, 14, 13, 15, 14, 16, 15, 17, 16, 18, 17, 19, 1, 20, 19, 21, 20, 22, 21, 23, 22, 24, 23, 25, 24, 26, 25, 27, 25, 28, 24, 29, 28, 30, 28, 31, 30, 32, 31, 33, 32, 34, 33, 35, 34, 4, 10, 13, 18, 21, 27, 30, 35]",-7.1387547034
40,84,"[1, 1, 1, 1, 1, 1, 1, 1, 3, 1, 1, 1, 1, 1, 1, 1, 1, 1, 1, 1, 3, 1, 1, 1, 1, 1, 1, 1, 1, 1, 1, 1, 3, 1, 1, 1, 1, 1, 1, 1]","[1, 1, 1, 1, 1, 1, 1, 1, 3, 3, 3, 3, 3, 3, 1, 1, 3, 3, 3, 3, 1, 1, 1, 1, 1, 1, 1, 1, 1, 1, 1, 1, 3, 3, 3, 3, 3, 3, 1, 1, 3, 3, 3, 3, 1, 1, 1, 1, 1, 1, 1, 1, 1, 1, 1, 1, 3, 3, 3, 3, 3, 3, 1, 1, 3, 3, 3, 3, 1, 1, 1, 1, 1, 1, 1, 1, 1, 1, 3, 3, 3, 3, 3, 3]","[0, 1, 1, 2, 2, 3, 3, 4, 4, 5, 5, 6, 6, 7, 7, 8, 7, 9, 9, 10, 10, 11, 6, 12, 12, 13, 12, 14, 12, 15, 3, 16, 16, 17, 17, 18, 18, 19, 19, 20, 19, 21, 21, 22, 22, 23, 18, 24, 24, 25, 24, 26, 24, 27, 1, 28, 28, 29, 29, 30, 30, 31, 31, 32, 31, 33, 33, 34, 34, 35, 30, 36, 36, 37, 36, 38, 36, 39, 10, 4, 22, 16, 34, 28]","[1, 0, 2, 1, 3, 2, 4, 3, 5, 4, 6, 5, 7, 6, 8, 7, 9, 7, 10, 9, 11, 10, 12, 6, 13, 12, 14, 12, 15, 12, 16, 3, 17, 16, 18, 17, 19, 18, 20, 19, 21, 19, 22, 21, 23, 22, 24, 18, 25, 24, 26, 24, 27, 24, 28, 1, 29, 28, 30, 29, 31, 30, 32, 31, 33, 31, 34, 33, 35, 34, 36, 30, 37, 36, 38, 36, 39, 36, 4, 10, 16, 22, 28, 34]",-7.1341930505
34,76,"[1, 1, 1, 1, 1, 1, 1, 1, 1, 1, 1, 1, 2, 2, 1, 1, 1, 1, 1, 1, 2, 1, 3, 1, 1, 1, 1, 1, 1, 1, 1, 1, 1, 1]","[1, 1, 1, 1, 1, 1, 3, 3, 3, 3, 3, 3, 3, 3, 3, 3, 1, 1, 3, 3, 3, 3, 1, 1, 3, 3, 3, 3, 3, 3, 3, 3, 3, 3, 3, 3, 3, 3, 3, 3, 3, 3, 1, 1, 3, 3, 3, 3, 1, 1, 1, 1, 1, 1, 1, 1, 3, 3, 3, 3, 3, 3, 3, 3, 3, 3, 3, 3, 3, 3, 3, 3, 3, 3, 3, 3]","[0, 1, 1, 2, 1, 3, 3, 4, 4, 5, 5, 6, 6, 7, 7, 8, 1, 9, 9, 10, 10, 11, 11, 12, 12, 13, 13, 14, 14, 15, 15, 16, 16, 17, 17, 18, 18, 19, 19, 20, 11, 21, 21, 22, 21, 23, 23, 24, 23, 25, 25, 26, 25, 27, 25, 28, 28, 29, 29, 30, 30, 31, 31, 32, 32, 33, 8, 3, 24, 9, 20, 12, 19, 14, 33, 28]","[1, 0, 2, 1, 3, 1, 4, 3, 5, 4, 6, 5, 7, 6, 8, 7, 9, 1, 10, 9, 11, 10, 12, 11, 13, 12, 14, 13, 15, 14, 16, 15, 17, 16, 18, 17, 19, 18, 20, 19, 21, 11, 22, 21, 23, 21, 24, 23, 25, 23, 26, 25, 27, 25, 28, 25, 29, 28, 30, 29, 31, 30, 32, 31, 33, 32, 3, 8, 9, 24, 12, 20, 14, 19, 28, 33]",-7.0488126213
27,56,"[1, 1, 1, 1, 1, 1, 1, 1, 1, 1, 1, 1, 2, 1, 2, 1, 1, 1, 1, 1, 1, 1, 1, 1, 1, 1, 1]","[1, 1, 1, 1, 1, 1, 3, 3, 3, 3, 3, 3, 3, 3, 1, 1, 1, 1, 1, 1, 3, 3, 1, 1, 2, 2, 2, 2, 1, 1, 3, 3, 3, 3, 3, 3, 3, 3, 3, 3, 1, 1, 1, 1, 1, 1, 1, 1, 1, 1, 1, 1, 3, 3, 3, 3]","[0, 1, 1, 2, 1, 3, 3, 4, 4, 5, 5, 6, 6, 7, 7, 8, 8, 9, 8, 10, 7, 11, 11, 12, 12, 13, 13, 14, 14, 15, 15, 16, 16, 17, 17, 18, 18, 19, 19, 20, 20, 21, 21, 22, 21, 23, 16, 24, 24, 25, 24, 26, 11, 3, 20, 15]","[1, 0, 2, 1, 3, 1, 4, 3, 5, 4, 6, 5, 7, 6, 8, 7, 9, 8, 10, 8, 11, 7, 12, 11, 13, 12, 14, 13, 15, 14, 16, 15, 17, 16, 18, 17, 19, 18, 20, 19, 21, 20, 22, 21, 23, 21, 24, 16, 25, 24, 26, 24, 3, 11, 15, 20]",-6.8604110817
40,82,"[1, 1, 1, 1, 1, 1, 1, 1, 1, 1, 3, 2, 2, 1, 3, 1, 1, 1, 1, 1, 1, 3, 1, 1, 1, 1, 1, 1, 1, 1, 1, 1, 1, 1, 1, 3, 1, 1, 1, 1]","[1, 1, 1, 1, 1, 1, 1, 1, 3, 3, 3, 3, 1, 1, 1, 1, 1, 1, 2, 2, 1, 1, 1, 1, 1, 1, 2, 2, 1, 1, 1, 1, 1, 1, 3, 3, 3, 3, 3, 3, 1, 1, 3, 3, 3, 3, 1, 1, 1, 1, 1, 1, 1, 1, 1, 1, 1, 1, 1, 1, 1, 1, 3, 3, 3, 3, 3, 3, 1, 1, 1, 1, 1, 1, 1, 1, 1, 1, 3, 3, 3, 3]","[0, 1, 1, 2, 1, 3, 1, 4, 4, 5, 5, 6, 6, 7, 7, 8, 8, 9, 9, 10, 9, 11, 11, 12, 12, 13, 13, 14, 13, 15, 15, 16, 16, 17, 17, 18, 18, 19, 19, 20, 20, 21, 20, 22, 22, 23, 22, 24, 24, 25, 24, 26, 24, 27, 19, 28, 28, 29, 28, 30, 28, 31, 6, 32, 32, 33, 33, 34, 34, 35, 33, 36, 36, 37, 36, 38, 36, 39, 34, 4, 23, 17]","[1, 0, 2, 1, 3, 1, 4, 1, 5, 4, 6, 5, 7, 6, 8, 7, 9, 8, 10, 9, 11, 9, 12, 11, 13, 12, 14, 13, 15, 13, 16, 15, 17, 16, 18, 17, 19, 18, 20, 19, 21, 20, 22, 20, 23, 22, 24, 22, 25, 24, 26, 24, 27, 24, 28, 19, 29, 28, 30, 28, 31, 28, 32, 6, 33, 32, 34, 33, 35, 34, 36, 33, 37, 36, 38, 36, 39, 36, 4, 34, 17, 23]",-7.04359803
41,96,"[5, 2, 1, 2, 1, 2, 1, 2, 1, 2, 1, 2, 1, 2, 1, 2, 1, 1, 1, 1, 1, 1, 1, 1, 1, 1, 1, 1, 1, 1, 1, 1, 1, 1, 1, 1, 1, 1, 1, 1, 1]","[3, 3, 3, 3, 3, 3, 3, 3, 3, 3, 3, 3, 3, 3, 3, 3, 3, 3, 3, 3, 3, 3, 3, 3, 3, 3, 3, 3, 3, 3, 3, 3, 3, 3, 3, 3, 3, 3, 3, 3, 3, 3, 1, 1, 3, 3, 3, 3, 3, 3, 3, 3, 3, 3, 1, 1, 3, 3, 3, 3, 3, 3, 3, 3, 3, 3, 3, 3, 3, 3, 3, 3, 3, 3, 3, 3, 3, 3, 3, 3, 3, 3, 3, 3, 1, 1, 1, 1, 3, 3, 3, 3, 3, 3, 3, 3]","[1, 2, 2, 3, 3, 4, 4, 5, 5, 6, 6, 7, 7, 8, 8, 9, 9, 10, 10, 11, 11, 12, 12, 13, 13, 14, 14, 15, 15, 16, 16, 17, 17, 18, 18, 19, 19, 20, 20, 21, 21, 22, 14, 23, 23, 24, 24, 25, 25, 26, 26, 27, 27, 28, 10, 29, 29, 30, 30, 31, 31, 32, 32, 33, 33, 34, 6, 35, 35, 36, 36, 37, 37, 38, 38, 39, 39, 40, 16, 1, 22, 2, 40, 4, 34, 8, 28, 12, 22, 17, 28, 23, 34, 29, 40, 35]","[2, 1, 3, 2, 4, 3, 5, 4, 6, 5, 7, 6, 8, 7, 9, 8, 10, 9, 11, 10, 12, 11, 13, 12, 14, 13, 15, 14, 16, 15, 17, 16, 18, 17, 19, 18, 20, 19, 21, 20, 22, 21, 23, 14, 24, 23, 25, 24, 26, 25, 27, 26, 28, 27, 29, 10, 30, 29, 31, 30, 32, 31, 33, 32, 34, 33, 35, 6, 36, 35, 37, 36, 38, 37, 39, 38, 40, 39, 1, 16, 2, 22, 4, 40, 8, 34, 12, 28, 17, 22, 23, 28, 29, 34, 35, 40]",-6.9837209828
29,68,"[1, 1, 3, 1, 1, 3, 1, 1, 1, 1, 1, 1, 1, 1, 1, 1, 1, 1, 1, 1, 1, 1, 1, 1, 1, 3, 1, 1, 3]","[1, 1, 1, 1, 1, 1, 1, 1, 1, 1, 1, 1, 1, 1, 1, 1, 1, 1, 1, 1, 2, 2, 1, 1, 2, 2, 1, 1, 1, 1, 1, 1, 1, 1, 1, 1, 1, 1, 1, 1, 1, 1, 1, 1, 1, 1, 1, 1, 1, 1, 1, 1, 1, 1, 1, 1, 1, 1, 1, 1, 1, 1, 1, 1, 1, 1, 1, 1]","[0, 1, 1, 2, 2, 3, 3, 4, 4, 5, 1, 6, 6, 7, 7, 8, 8, 9, 9, 10, 10, 11, 11, 12, 12, 13, 13, 14, 14, 15, 15, 16, 16, 17, 17, 18, 18, 19, 18, 20, 20, 21, 21, 22, 22, 23, 23, 24, 15, 25, 25, 26, 26, 27, 27, 28, 5, 1, 23, 6, 23, 9, 20, 10, 18, 13, 28, 15]","[1, 0, 2, 1, 3, 2, 4, 3, 5, 4, 6, 1, 7, 6, 8, 7, 9, 8, 10, 9, 11, 10, 12, 11, 13, 12, 14, 13, 15, 14, 16, 15, 17, 16, 18, 17, 19, 18, 20, 18, 21, 20, 22, 21, 23, 22, 24, 23, 25, 15, 26, 25, 27, 26, 28, 27, 1, 5, 6, 23, 9, 23, 10, 20, 13, 18, 15, 28]",-6.7001197149000005
30,64,"[1, 1, 1, 1, 1, 1, 1, 1, 1, 1, 3, 7, 3, 1, 3, 1, 1, 1, 1, 1, 1, 1, 1, 1, 1, 1, 1, 1, 1, 1]","[1, 1, 3, 3, 3, 3, 1, 1, 3, 3, 3, 3, 1, 1, 3, 3, 1, 1, 2, 2, 1, 1, 2, 2, 1, 1, 2, 2, 1, 1, 3, 3, 1, 1, 3, 3, 3, 3, 1, 1, 3, 3, 3, 3, 1, 1, 1, 1, 3, 3, 3, 3, 3, 3, 3, 3, 3, 3, 3, 3, 3, 3, 3, 3]","[0, 1, 1, 2, 2, 3, 3, 4, 3, 5, 5, 6, 6, 7, 6, 8, 5, 9, 9, 10, 9, 11, 11, 12, 11, 13, 13, 14, 13, 15, 15, 16, 16, 17, 16, 18, 18, 19, 19, 20, 19, 21, 21, 22, 22, 23, 11, 24, 24, 25, 25, 26, 26, 27, 27, 28, 28, 29, 8, 1, 22, 15, 29, 24]","[1, 0, 2, 1, 3, 2, 4, 3, 5, 3, 6, 5, 7, 6, 8, 6, 9, 5, 10, 9, 11, 9, 12, 11, 13, 11, 14, 13, 15, 13, 16, 15, 17, 16, 18, 16, 19, 18, 20, 19, 21, 19, 22, 21, 23, 22, 24, 11, 25, 24, 26, 25, 27, 26, 28, 27, 29, 28, 1, 8, 15, 22, 24, 29]",-6.6216674424
85,176,"[1, 1, 1, 1, 1, 1, 1, 1, 1, 1, 3, 3, 1, 1, 1, 3, 1, 3, 1, 1, 1, 1, 1, 1, 3, 1, 1, 1, 1, 1, 1, 1, 1, 1, 1, 1, 3, 1, 3, 1, 1, 1, 1, 1, 1, 3, 1, 1, 1, 1, 1, 1, 1, 1, 1, 1, 1, 3, 1, 3, 1, 1, 1, 1, 1, 1, 3, 1, 1, 1, 1, 1, 1, 1, 1, 1, 1, 1, 1, 1, 3, 1, 1, 1, 1]","[1, 1, 1, 1, 1, 1, 1, 1, 3, 3, 3, 3, 1, 1, 1, 1, 1, 1, 2, 2, 1, 1, 1, 1, 1, 1, 1, 1, 1, 1, 1, 1, 2, 2, 1, 1, 1, 1, 1, 1, 3, 3, 3, 3, 3, 3, 1, 1, 3, 3, 3, 3, 1, 1, 1, 1, 1, 1, 1, 1, 1, 1, 1, 1, 1, 1, 1, 1, 1, 1, 1, 1, 1, 1, 2, 2, 1, 1, 1, 1, 1, 1, 3, 3, 3, 3, 3, 3, 1, 1, 3, 3, 3, 3, 1, 1, 1, 1, 1, 1, 1, 1, 1, 1, 1, 1, 1, 1, 1, 1, 1, 1, 1, 1, 1, 1, 2, 2, 1, 1, 1, 1, 1, 1, 3, 3, 3, 3, 3, 3, 1, 1, 3, 3, 3, 3, 1, 1, 1, 1, 1, 1, 1, 1, 1, 1, 1, 1, 1, 1, 1, 1, 3, 3, 3, 3, 3, 3, 1, 1, 1, 1, 1, 1, 1, 1, 1, 1, 3, 3, 3, 3, 3, 3, 3, 3]","[0, 1, 1, 2, 1, 3, 1, 4, 4, 5, 5, 6, 6, 7, 7, 8, 8, 9, 9, 10, 9, 11, 11, 12, 12, 13, 13, 14, 14, 15, 15, 16, 16, 17, 16, 18, 18, 19, 19, 20, 20, 21, 21, 22, 22, 23, 23, 24, 23, 25, 25, 26, 25, 27, 27, 28, 27, 29, 27, 30, 22, 31, 31, 32, 31, 33, 31, 34, 13, 35, 35, 36, 36, 37, 37, 38, 37, 39, 39, 40, 40, 41, 41, 42, 42, 43, 43, 44, 44, 45, 44, 46, 46, 47, 46, 48, 48, 49, 48, 50, 48, 51, 43, 52, 52, 53, 52, 54, 52, 55, 13, 56, 56, 57, 57, 58, 58, 59, 58, 60, 60, 61, 61, 62, 62, 63, 63, 64, 64, 65, 65, 66, 65, 67, 67, 68, 67, 69, 69, 70, 69, 71, 69, 72, 64, 73, 73, 74, 73, 75, 73, 76, 6, 77, 77, 78, 78, 79, 79, 80, 78, 81, 81, 82, 81, 83, 81, 84, 79, 4, 26, 20, 47, 41, 68, 62]","[1, 0, 2, 1, 3, 1, 4, 1, 5, 4, 6, 5, 7, 6, 8, 7, 9, 8, 10, 9, 11, 9, 12, 11, 13, 12, 14, 13, 15, 14, 16, 15, 17, 16, 18, 16, 19, 18, 20, 19, 21, 20, 22, 21, 23, 22, 24, 23, 25, 23, 26, 25, 27, 25, 28, 27, 29, 27, 30, 27, 31, 22, 32, 31, 33, 31, 34, 31, 35, 13, 36, 35, 37, 36, 38, 37, 39, 37, 40, 39, 41, 40, 42, 41, 43, 42, 44, 43, 45, 44, 46, 44, 47, 46, 48, 46, 49, 48, 50, 48, 51, 48, 52, 43, 53, 52, 54, 52, 55, 52, 56, 13, 57, 56, 58, 57, 59, 58, 60, 58, 61, 60, 62, 61, 63, 62, 64, 63, 65, 64, 66, 65, 67, 65, 68, 67, 69, 67, 70, 69, 71, 69, 72, 69, 73, 64, 74, 73, 75, 73, 76, 73, 77, 6, 78, 77, 79, 78, 80, 79, 81, 78, 82, 81, 83, 81, 84, 81, 4, 79, 20, 26, 41, 47, 62, 68]",-7.0710180803
15,34,"[3, 1, 3, 1, 3, 1, 1, 1, 1, 1, 1, 1, 1, 1, 1]","[2, 2, 1, 1, 1, 1, 2, 2, 1, 1, 3, 3, 3, 3, 3, 3, 3, 3, 3, 3, 3, 3, 3, 3, 3, 3, 3, 3, 1, 1, 3, 3, 3, 3]","[0, 1, 1, 2, 2, 3, 3, 4, 3, 5, 5, 6, 6, 7, 7, 8, 8, 9, 9, 10, 10, 11, 11, 12, 12, 13, 13, 14, 13, 1, 14, 5, 14, 9]","[1, 0, 2, 1, 3, 2, 4, 3, 5, 3, 6, 5, 7, 6, 8, 7, 9, 8, 10, 9, 11, 10, 12, 11, 13, 12, 14, 13, 1, 13, 5, 14, 9, 14]",-6.2970532498
31,68,"[1, 1, 1, 1, 1, 1, 1, 1, 1, 1, 1, 1, 1, 1, 1, 1, 1, 1, 1, 1, 6, 1, 1, 1, 1, 6, 1, 6, 1, 6, 1]","[1, 1, 1, 1, 1, 1, 1, 1, 1, 1, 1, 1, 1, 1, 1, 1, 1, 1, 1, 1, 1, 1, 1, 1, 1, 1, 1, 1, 1, 1, 3, 3, 3, 3, 3, 3, 3, 3, 1, 1, 3, 3, 1, 1, 3, 3, 3, 3, 1, 1, 3, 3, 1, 1, 3, 3, 1, 1, 3, 3, 1, 1, 1, 1, 3, 3, 3, 3]","[0, 1, 1, 2, 2, 3, 3, 4, 4, 5, 5, 6, 6, 7, 7, 8, 6, 9, 9, 10, 10, 11, 11, 12, 12, 13, 13, 14, 12, 15, 15, 16, 16, 17, 17, 18, 18, 19, 19, 20, 19, 21, 18, 22, 22, 23, 23, 24, 24, 25, 24, 26, 26, 27, 26, 28, 28, 29, 28, 30, 8, 3, 14, 9, 21, 15, 30, 22]","[1, 0, 2, 1, 3, 2, 4, 3, 5, 4, 6, 5, 7, 6, 8, 7, 9, 6, 10, 9, 11, 10, 12, 11, 13, 12, 14, 13, 15, 12, 16, 15, 17, 16, 18, 17, 19, 18, 20, 19, 21, 19, 22, 18, 23, 22, 24, 23, 25, 24, 26, 24, 27, 26, 28, 26, 29, 28, 30, 28, 3, 8, 9, 14, 15, 21, 22, 30]",-6.6360312962
28,64,"[3, 1, 3, 1, 2, 1, 1, 1, 1, 1, 1, 1, 1, 1, 1, 1, 1, 1, 2, 1, 1, 1, 1, 1, 1, 1, 3, 3]","[2, 2, 3, 3, 3, 3, 3, 3, 3, 3, 3, 3, 3, 3, 3, 3, 3, 3, 3, 3, 1, 1, 3, 3, 3, 3, 3, 3, 3, 3, 3, 3, 1, 1, 3, 3, 3, 3, 3, 3, 3, 3, 3, 3, 3, 3, 3, 3, 3, 3, 2, 2, 3, 3, 3, 3, 3, 3, 3, 3, 3, 3, 3, 3]","[0, 1, 1, 2, 2, 3, 3, 4, 4, 5, 5, 6, 6, 7, 7, 8, 8, 9, 9, 10, 3, 11, 11, 12, 12, 13, 13, 14, 14, 15, 15, 16, 14, 17, 17, 18, 18, 19, 19, 20, 20, 21, 21, 22, 22, 23, 23, 24, 24, 25, 25, 26, 25, 27, 10, 1, 10, 5, 16, 11, 27, 17, 24, 19]","[1, 0, 2, 1, 3, 2, 4, 3, 5, 4, 6, 5, 7, 6, 8, 7, 9, 8, 10, 9, 11, 3, 12, 11, 13, 12, 14, 13, 15, 14, 16, 15, 17, 14, 18, 17, 19, 18, 20, 19, 21, 20, 22, 21, 23, 22, 24, 23, 25, 24, 26, 25, 27, 25, 1, 10, 5, 10, 11, 16, 17, 27, 19, 24]",-6.5170402935
65,144,"[2, 2, 1, 1, 1, 1, 1, 1, 1, 1, 1, 8, 3, 3, 3, 1, 1, 1, 1, 1, 3, 1, 1, 1, 1, 1, 1, 1, 3, 8, 3, 3, 1, 1, 1, 1, 1, 1, 3, 1, 1, 1, 1, 2, 2, 1, 3, 8, 3, 3, 1, 1, 1, 1, 1, 1, 3, 1, 1, 1, 1, 2, 2, 1, 3]","[2, 2, 2, 2, 1, 1, 2, 2, 1, 1, 3, 3, 3, 3, 3, 3, 3, 3, 3, 3, 1, 1, 2, 2, 2, 2, 1, 1, 1, 1, 3, 3, 3, 3, 3, 3, 1, 1, 2, 2, 1, 1, 3, 3, 3, 3, 3, 3, 3, 3, 3, 3, 3, 3, 1, 1, 1, 1, 2, 2, 2, 2, 1, 1, 3, 3, 3, 3, 3, 3, 3, 3, 1, 1, 2, 2, 1, 1, 1, 1, 2, 2, 1, 1, 2, 2, 2, 2, 3, 3, 1, 1, 1, 1, 2, 2, 2, 2, 1, 1, 3, 3, 3, 3, 3, 3, 3, 3, 1, 1, 2, 2, 1, 1, 1, 1, 2, 2, 1, 1, 2, 2, 2, 2, 1, 1, 2, 2, 1, 1, 3, 3, 3, 3, 3, 3, 3, 3, 3, 3, 3, 3, 3, 3]","[0, 1, 1, 2, 2, 3, 3, 4, 4, 5, 5, 6, 6, 7, 7, 8, 8, 9, 9, 10, 10, 11, 11, 12, 11, 13, 11, 14, 14, 15, 15, 16, 16, 17, 17, 18, 18, 19, 19, 20, 19, 21, 21, 22, 22, 23, 23, 24, 24, 25, 25, 26, 18, 27, 27, 28, 28, 29, 29, 30, 29, 31, 29, 32, 32, 33, 33, 34, 34, 35, 35, 36, 36, 37, 37, 38, 37, 39, 39, 40, 40, 41, 41, 42, 39, 43, 43, 44, 27, 45, 45, 46, 46, 47, 47, 48, 47, 49, 47, 50, 50, 51, 51, 52, 52, 53, 53, 54, 54, 55, 55, 56, 55, 57, 57, 58, 58, 59, 59, 60, 57, 61, 61, 62, 6, 63, 63, 64, 63, 2, 10, 5, 45, 15, 26, 21, 42, 32, 42, 36, 60, 50, 60, 54]","[1, 0, 2, 1, 3, 2, 4, 3, 5, 4, 6, 5, 7, 6, 8, 7, 9, 8, 10, 9, 11, 10, 12, 11, 13, 11, 14, 11, 15, 14, 16, 15, 17, 16, 18, 17, 19, 18, 20, 19, 21, 19, 22, 21, 23, 22, 24, 23, 25, 24, 26, 25, 27, 18, 28, 27, 29, 28, 30, 29, 31, 29, 32, 29, 33, 32, 34, 33, 35, 34, 36, 35, 37, 36, 38, 37, 39, 37, 40, 39, 41, 40, 42, 41, 43, 39, 44, 43, 45, 27, 46, 45, 47, 46, 48, 47, 49, 47, 50, 47, 51, 50, 52, 51, 53, 52, 54, 53, 55, 54, 56, 55, 57, 55, 58, 57, 59, 58, 60, 59, 61, 57, 62, 61, 63, 6, 64, 63, 2, 63, 5, 10, 15, 45, 21, 26, 32, 42, 36, 42, 50, 60, 54, 60]",-6.820895006900001
22,46,"[1, 1, 1, 1, 1, 1, 1, 1, 1, 3, 1, 1, 1, 1, 1, 1, 1, 1, 1, 1, 1, 1]","[1, 1, 1, 1, 2, 2, 1, 1, 3, 3, 3, 3, 3, 3, 1, 1, 3, 3, 3, 3, 1, 1, 2, 2, 1, 1, 1, 1, 1, 1, 1, 1, 1, 1, 2, 2, 1, 1, 3, 3, 1, 1, 1, 1, 1, 1]","[0, 1, 1, 2, 1, 3, 4, 5, 5, 6, 6, 7, 7, 8, 8, 9, 8, 10, 10, 11, 12, 13, 13, 14, 14, 15, 15, 16, 16, 17, 17, 18, 18, 19, 19, 20, 18, 21, 11, 5, 21, 12, 21, 15, 20, 16]","[1, 0, 2, 1, 3, 1, 5, 4, 6, 5, 7, 6, 8, 7, 9, 8, 10, 8, 11, 10, 13, 12, 14, 13, 15, 14, 16, 15, 17, 16, 18, 17, 19, 18, 20, 19, 21, 18, 5, 11, 12, 21, 15, 21, 16, 20]",-6.1709273189
22,46,"[1, 2, 1, 8, 8, 8, 1, 8, 2, 1, 1, 1, 1, 1, 1, 1, 1, 1, 1, 1, 1, 1]","[1, 1, 1, 1, 2, 2, 1, 1, 1, 1, 1, 1, 2, 2, 1, 1, 1, 1, 1, 1, 3, 3, 3, 3, 3, 3, 3, 3, 3, 3, 1, 1, 3, 3, 3, 3, 3, 3, 3, 3, 3, 3, 3, 3, 3, 3]","[0, 1, 1, 2, 2, 3, 2, 4, 4, 5, 5, 6, 6, 7, 6, 8, 8, 9, 8, 10, 10, 11, 11, 12, 12, 13, 13, 14, 14, 15, 1, 16, 16, 17, 17, 18, 18, 19, 19, 20, 20, 21, 15, 10, 21, 16]","[1, 0, 2, 1, 3, 2, 4, 2, 5, 4, 6, 5, 7, 6, 8, 6, 9, 8, 10, 8, 11, 10, 12, 11, 13, 12, 14, 13, 15, 14, 16, 1, 17, 16, 18, 17, 19, 18, 20, 19, 21, 20, 10, 15, 16, 21]",-6.2607699922
40,90,"[1, 1, 1, 1, 1, 1, 1, 2, 1, 1, 1, 1, 1, 1, 1, 1, 1, 1, 1, 1, 1, 1, 1, 1, 1, 1, 2, 1, 1, 1, 1, 1, 1, 1, 1, 1, 1, 1, 1, 1]","[1, 1, 3, 3, 3, 3, 3, 3, 3, 3, 3, 3, 1, 1, 1, 1, 3, 3, 3, 3, 3, 3, 3, 3, 3, 3, 1, 1, 3, 3, 3, 3, 3, 3, 3, 3, 3, 3, 1, 1, 3, 3, 3, 3, 3, 3, 3, 3, 3, 3, 1, 1, 1, 1, 3, 3, 3, 3, 3, 3, 3, 3, 3, 3, 1, 1, 3, 3, 3, 3, 3, 3, 3, 3, 1, 1, 3, 3, 3, 3, 3, 3, 3, 3, 3, 3, 3, 3, 3, 3]","[0, 1, 1, 2, 2, 3, 3, 4, 4, 5, 5, 6, 5, 7, 7, 8, 8, 9, 9, 10, 10, 11, 11, 12, 12, 13, 7, 14, 14, 15, 15, 16, 16, 17, 17, 18, 18, 19, 17, 20, 20, 21, 21, 22, 22, 23, 23, 24, 24, 25, 23, 26, 26, 27, 27, 28, 28, 29, 29, 30, 30, 31, 31, 32, 26, 33, 33, 34, 34, 35, 35, 36, 36, 37, 37, 38, 37, 39, 6, 1, 13, 8, 19, 14, 25, 20, 32, 27, 39, 33]","[1, 0, 2, 1, 3, 2, 4, 3, 5, 4, 6, 5, 7, 5, 8, 7, 9, 8, 10, 9, 11, 10, 12, 11, 13, 12, 14, 7, 15, 14, 16, 15, 17, 16, 18, 17, 19, 18, 20, 17, 21, 20, 22, 21, 23, 22, 24, 23, 25, 24, 26, 23, 27, 26, 28, 27, 29, 28, 30, 29, 31, 30, 32, 31, 33, 26, 34, 33, 35, 34, 36, 35, 37, 36, 38, 37, 39, 37, 1, 6, 8, 13, 14, 19, 20, 25, 27, 32, 33, 39]",-6.4121983796
26,56,"[1, 1, 1, 1, 1, 1, 1, 1, 1, 1, 1, 1, 1, 1, 1, 3, 1, 1, 1, 1, 1, 1, 1, 3, 1, 1]","[1, 1, 1, 1, 1, 1, 3, 3, 3, 3, 3, 3, 3, 3, 1, 1, 1, 1, 1, 1, 1, 1, 3, 3, 3, 3, 3, 3, 1, 1, 3, 3, 3, 3, 3, 3, 1, 1, 3, 3, 3, 3, 3, 3, 1, 1, 3, 3, 3, 3, 3, 3, 3, 3, 3, 3]","[0, 1, 1, 2, 2, 3, 3, 4, 4, 5, 5, 6, 6, 7, 7, 8, 8, 9, 9, 10, 9, 11, 11, 12, 12, 13, 13, 14, 14, 15, 14, 16, 16, 17, 7, 18, 1, 19, 19, 20, 20, 21, 21, 22, 22, 23, 22, 24, 24, 25, 18, 3, 17, 11, 25, 19]","[1, 0, 2, 1, 3, 2, 4, 3, 5, 4, 6, 5, 7, 6, 8, 7, 9, 8, 10, 9, 11, 9, 12, 11, 13, 12, 14, 13, 15, 14, 16, 14, 17, 16, 18, 7, 19, 1, 20, 19, 21, 20, 22, 21, 23, 22, 24, 22, 25, 24, 3, 18, 11, 17, 19, 25]",-6.238635640399999
7,24,"[2, 11, 2, 11, 2, 11, 2]","[1, 1, 1, 1, 1, 1, 1, 1, 1, 1, 1, 1, 1, 1, 1, 1, 1, 1, 1, 1, 1, 1, 1, 1]","[0, 1, 1, 2, 2, 3, 3, 4, 4, 5, 5, 6, 3, 0, 5, 0, 4, 1, 6, 1, 5, 2, 6, 3]","[1, 0, 2, 1, 3, 2, 4, 3, 5, 4, 6, 5, 0, 3, 0, 5, 1, 4, 1, 6, 2, 5, 3, 6]",-5.6698930776
42,86,"[1, 1, 1, 1, 1, 1, 1, 1, 1, 1, 3, 2, 1, 1, 3, 1, 3, 2, 1, 1, 1, 1, 1, 1, 2, 1, 3, 3, 1, 1, 2, 3, 1, 1, 1, 1, 1, 1, 1, 1, 1, 1]","[1, 1, 1, 1, 1, 1, 1, 1, 1, 1, 1, 1, 1, 1, 1, 1, 1, 1, 1, 1, 1, 1, 1, 1, 1, 1, 1, 1, 1, 1, 2, 2, 1, 1, 1, 1, 1, 1, 1, 1, 1, 1, 1, 1, 1, 1, 1, 1, 1, 1, 2, 2, 1, 1, 1, 1, 1, 1, 1, 1, 1, 1, 1, 1, 1, 1, 1, 1, 1, 1, 1, 1, 1, 1, 1, 1, 1, 1, 1, 1, 1, 1, 1, 1, 1, 1]","[0, 1, 1, 2, 2, 3, 3, 4, 4, 5, 5, 6, 4, 7, 7, 8, 8, 9, 9, 10, 10, 11, 11, 12, 12, 13, 13, 14, 14, 15, 15, 16, 15, 17, 17, 18, 18, 19, 19, 20, 20, 21, 21, 22, 22, 23, 23, 24, 24, 25, 25, 26, 25, 27, 27, 28, 28, 29, 29, 30, 30, 31, 31, 32, 32, 33, 33, 34, 34, 35, 35, 36, 36, 37, 35, 38, 38, 39, 39, 40, 40, 41, 11, 7, 34, 30]","[1, 0, 2, 1, 3, 2, 4, 3, 5, 4, 6, 5, 7, 4, 8, 7, 9, 8, 10, 9, 11, 10, 12, 11, 13, 12, 14, 13, 15, 14, 16, 15, 17, 15, 18, 17, 19, 18, 20, 19, 21, 20, 22, 21, 23, 22, 24, 23, 25, 24, 26, 25, 27, 25, 28, 27, 29, 28, 30, 29, 31, 30, 32, 31, 33, 32, 34, 33, 35, 34, 36, 35, 37, 36, 38, 35, 39, 38, 40, 39, 41, 40, 7, 11, 30, 34]",-5.7905608237
388,800,"[1, 3, 1, 3, 1, 1, 1, 1, 1, 1, 1, 1, 3, 3, 1, 1, 3, 1, 3, 1, 1, 1, 1, 1, 1, 1, 3, 1, 3, 1, 1, 1, 1, 1, 1, 1, 1, 3, 1, 3, 1, 1, 1, 1, 1, 3, 1, 1, 1, 3, 1, 3, 1, 1, 1, 1, 1, 3, 1, 3, 1, 1, 1, 1, 1, 1, 1, 1, 1, 1, 3, 1, 3, 1, 1, 1, 1, 1, 3, 1, 3, 1, 1, 1, 1, 1, 1, 1, 3, 3, 1, 1, 1, 1, 3, 1, 3, 1, 1, 1, 1, 1, 3, 1, 1, 1, 3, 1, 3, 1, 1, 1, 1, 1, 1, 1, 3, 3, 1, 3, 1, 3, 1, 1, 1, 1, 1, 1, 1, 3, 3, 1, 1, 3, 1, 3, 1, 1, 1, 1, 1, 1, 1, 3, 3, 1, 1, 1, 1, 1, 1, 1, 1, 1, 3, 1, 3, 1, 1, 1, 1, 1, 1, 1, 1, 1, 1, 1, 1, 1, 3, 3, 1, 1, 3, 1, 3, 1, 1, 1, 1, 1, 1, 1, 1, 1, 1, 1, 1, 1, 3, 3, 1, 1, 3, 1, 3, 1, 1, 1, 1, 1, 1, 1, 1, 1, 1, 1, 1, 1, 3, 3, 1, 1, 3, 1, 3, 1, 1, 1, 1, 1, 1, 1, 1, 1, 1, 1, 1, 1, 1, 3, 3, 1, 1, 3, 1, 3, 1, 1, 1, 1, 1, 1, 1, 1, 1, 1, 1, 1, 1, 3, 3, 1, 1, 3, 3, 1, 1, 3, 1, 3, 1, 1, 1, 1, 1, 1, 1, 3, 3, 1, 1, 3, 1, 3, 1, 1, 1, 1, 1, 3, 3, 1, 1, 1, 1, 3, 3, 1, 1, 3, 1, 3, 1, 1, 1, 1, 1, 1, 1, 3, 1, 1, 1, 1, 1, 1, 1, 3, 3, 1, 1, 3, 1, 3, 1, 1, 1, 1, 1, 1, 1, 3, 1, 3, 1, 1, 1, 1, 1, 1, 1, 3, 1, 3, 1, 1, 1, 1, 1, 1, 1, 3, 3, 1, 1, 3, 1, 3, 1, 1, 1, 1, 1, 1, 1, 1, 3, 3, 1, 1, 1, 1, 1, 1, 1, 1, 1, 1, 1, 1, 1, 1, 1, 1, 1, 3, 3, 3, 1, 3, 1, 1, 1, 1, 1, 1]","[1, 1, 1, 1, 1, 1, 1, 1, 1, 1, 3, 3, 3, 3, 3, 3, 3, 3, 3, 3, 1, 1, 2, 2, 1, 1, 1, 1, 1, 1, 1, 1, 2, 2, 1, 1, 3, 3, 3, 3, 3, 3, 3, 3, 3, 3, 1, 1, 1, 1, 2, 2, 1, 1, 3, 3, 3, 3, 3, 3, 1, 1, 3, 3, 3, 3, 1, 1, 1, 1, 2, 2, 1, 1, 3, 3, 3, 3, 3, 3, 1, 1, 1, 1, 3, 3, 3, 3, 1, 1, 1, 1, 2, 2, 1, 1, 3, 3, 3, 3, 3, 3, 1, 1, 1, 1, 1, 1, 2, 2, 1, 1, 3, 3, 3, 3, 3, 3, 1, 1, 3, 3, 3, 3, 3, 3, 3, 3, 1, 1, 1, 1, 2, 2, 1, 1, 3, 3, 3, 3, 3, 3, 1, 1, 1, 1, 1, 1, 2, 2, 1, 1, 3, 3, 3, 3, 3, 3, 3, 3, 3, 3, 1, 1, 2, 2, 1, 1, 1, 1, 3, 3, 3, 3, 1, 1, 1, 1, 2, 2, 1, 1, 3, 3, 3, 3, 3, 3, 1, 1, 2, 2, 3, 3, 3, 3, 1, 1, 1, 1, 2, 2, 1, 1, 3, 3, 3, 3, 3, 3, 3, 3, 3, 3, 1, 1, 1, 1, 2, 2, 1, 1, 1, 1, 2, 2, 1, 1, 3, 3, 3, 3, 3, 3, 3, 3, 3, 3, 1, 1, 2, 2, 1, 1, 1, 1, 1, 1, 1, 1, 2, 2, 1, 1, 3, 3, 3, 3, 3, 3, 3, 3, 3, 3, 1, 1, 2, 2, 1, 1, 1, 1, 1, 1, 3, 3, 3, 3, 3, 3, 1, 1, 3, 3, 3, 3, 1, 1, 1, 1, 2, 2, 1, 1, 3, 3, 3, 3, 3, 3, 3, 3, 3, 3, 1, 1, 3, 3, 3, 3, 3, 3, 3, 3, 3, 3, 1, 1, 2, 2, 1, 1, 1, 1, 1, 1, 1, 1, 2, 2, 1, 1, 3, 3, 3, 3, 3, 3, 3, 3, 3, 3, 1, 1, 3, 3, 3, 3, 3, 3, 3, 3, 3, 3, 1, 1, 2, 2, 1, 1, 1, 1, 1, 1, 1, 1, 2, 2, 1, 1, 3, 3, 3, 3, 3, 3, 3, 3, 3, 3, 1, 1, 3, 3, 3, 3, 3, 3, 3, 3, 3, 3, 1, 1, 2, 2, 1, 1, 1, 1, 1, 1, 1, 1, 2, 2, 1, 1, 3, 3, 3, 3, 3, 3, 3, 3, 3, 3, 1, 1, 3, 3, 3, 3, 1, 1, 3, 3, 3, 3, 3, 3, 1, 1, 2, 2, 1, 1, 1, 1, 1, 1, 1, 1, 2, 2, 1, 1, 3, 3, 3, 3, 3, 3, 3, 3, 3, 3, 1, 1, 3, 3, 3, 3, 3, 3, 3, 3, 3, 3, 1, 1, 2, 2, 1, 1, 1, 1, 1, 1, 2, 2, 1, 1, 1, 1, 1, 1, 1, 1, 2, 2, 1, 1, 3, 3, 3, 3, 3, 3, 3, 3, 3, 3, 1, 1, 2, 2, 1, 1, 1, 1, 1, 1, 1, 1, 2, 2, 1, 1, 3, 3, 3, 3, 3, 3, 1, 1, 2, 2, 1, 1, 1, 1, 3, 3, 3, 3, 1, 1, 2, 2, 1, 1, 1, 1, 1, 1, 1, 1, 2, 2, 1, 1, 3, 3, 3, 3, 3, 3, 3, 3, 3, 3, 1, 1, 2, 2, 1, 1, 3, 3, 3, 3, 3, 3, 3, 3, 3, 3, 1, 1, 2, 2, 1, 1, 1, 1, 1, 1, 1, 1, 2, 2, 1, 1, 3, 3, 3, 3, 3, 3, 1, 1, 3, 3, 3, 3, 3, 3, 3, 3, 2, 2, 3, 3, 3, 3, 3, 3, 3, 3, 3, 3, 3, 3, 1, 1, 1, 1, 2, 2, 1, 1, 3, 3, 3, 3, 3, 3, 3, 3, 3, 3, 1, 1, 2, 2, 1, 1, 1, 1, 1, 1, 1, 1, 2, 2, 1, 1, 3, 3, 3, 3, 3, 3, 1, 1, 3, 3, 3, 3, 1, 1, 2, 2, 1, 1, 1, 1, 1, 1, 3, 3, 3, 3, 3, 3, 1, 1, 3, 3, 3, 3, 1, 1, 3, 3, 3, 3, 3, 3, 3, 3, 3, 3, 1, 1, 1, 1, 2, 2, 1, 1, 2, 2, 1, 1, 3, 3, 3, 3, 3, 3, 3, 3, 3, 3, 3, 3, 3, 3, 3, 3, 3, 3, 3, 3, 3, 3, 3, 3, 3, 3, 3, 3, 3, 3, 3, 3, 3, 3, 3, 3, 3, 3, 3, 3, 3, 3, 3, 3, 3, 3, 3, 3, 3, 3, 3, 3, 3, 3, 3, 3, 3, 3, 3, 3, 3, 3, 1, 1, 3, 3, 3, 3, 3, 3, 3, 3, 3, 3, 3, 3, 3, 3, 3, 3, 3, 3]","[0, 1, 1, 2, 2, 3, 3, 4, 2, 5, 5, 6, 6, 7, 7, 8, 8, 9, 9, 10, 8, 11, 11, 12, 11, 13, 13, 14, 15, 16, 16, 17, 17, 18, 17, 19, 19, 20, 20, 21, 21, 22, 22, 23, 23, 24, 25, 26, 26, 27, 27, 28, 27, 29, 29, 30, 30, 31, 31, 32, 32, 33, 32, 34, 34, 35, 36, 37, 37, 38, 38, 39, 38, 40, 40, 41, 41, 42, 42, 43, 43, 44, 44, 45, 43, 46, 46, 47, 48, 49, 49, 50, 50, 51, 50, 52, 52, 53, 53, 54, 54, 55, 55, 56, 56, 57, 57, 58, 58, 59, 58, 60, 60, 61, 61, 62, 62, 63, 63, 64, 63, 65, 65, 66, 55, 67, 67, 68, 69, 70, 70, 71, 71, 72, 71, 73, 73, 74, 74, 75, 75, 76, 76, 77, 77, 78, 78, 79, 79, 80, 79, 81, 81, 82, 82, 83, 83, 84, 84, 85, 85, 86, 84, 87, 87, 88, 87, 89, 89, 90, 76, 91, 91, 92, 93, 94, 94, 95, 95, 96, 95, 97, 97, 98, 98, 99, 99, 100, 100, 101, 101, 102, 100, 103, 103, 104, 105, 106, 106, 107, 107, 108, 107, 109, 109, 110, 110, 111, 111, 112, 112, 113, 113, 114, 112, 115, 115, 116, 115, 117, 118, 119, 119, 120, 120, 121, 120, 122, 122, 123, 123, 124, 124, 125, 125, 126, 126, 127, 125, 128, 128, 129, 128, 130, 130, 131, 132, 133, 133, 134, 134, 135, 134, 136, 136, 137, 137, 138, 138, 139, 139, 140, 140, 141, 139, 142, 142, 143, 142, 144, 144, 145, 145, 146, 146, 147, 147, 148, 148, 149, 149, 150, 149, 151, 151, 152, 153, 154, 154, 155, 155, 156, 155, 157, 157, 158, 158, 159, 159, 160, 160, 161, 161, 162, 160, 163, 163, 164, 164, 165, 165, 166, 166, 167, 167, 168, 166, 169, 169, 170, 169, 171, 171, 172, 173, 174, 174, 175, 175, 176, 175, 177, 177, 178, 178, 179, 179, 180, 180, 181, 181, 182, 180, 183, 183, 184, 184, 185, 185, 186, 186, 187, 187, 188, 187, 189, 189, 190, 189, 191, 191, 192, 193, 194, 194, 195, 195, 196, 195, 197, 197, 198, 198, 199, 199, 200, 200, 201, 201, 202, 200, 203, 203, 204, 204, 205, 205, 206, 206, 207, 207, 208, 208, 209, 209, 210, 209, 211, 211, 212, 213, 214, 214, 215, 215, 216, 215, 217, 217, 218, 218, 219, 219, 220, 220, 221, 221, 222, 220, 223, 223, 224, 224, 225, 225, 226, 225, 227, 227, 228, 228, 229, 229, 230, 230, 231, 230, 232, 232, 233, 234, 235, 235, 236, 236, 237, 236, 238, 238, 239, 239, 240, 240, 241, 241, 242, 242, 243, 241, 244, 244, 245, 245, 246, 246, 247, 247, 248, 248, 249, 249, 250, 250, 251, 250, 252, 252, 253, 246, 254, 254, 255, 254, 256, 256, 257, 258, 259, 259, 260, 260, 261, 260, 262, 262, 263, 263, 264, 264, 265, 265, 266, 266, 267, 266, 268, 268, 269, 268, 270, 270, 271, 272, 273, 273, 274, 274, 275, 274, 276, 276, 277, 277, 278, 278, 279, 279, 280, 280, 281, 280, 282, 282, 283, 279, 284, 284, 285, 284, 286, 286, 287, 286, 288, 288, 289, 290, 291, 291, 292, 292, 293, 292, 294, 294, 295, 295, 296, 296, 297, 297, 298, 298, 299, 298, 300, 300, 301, 300, 302, 302, 303, 303, 304, 304, 305, 305, 306, 306, 307, 305, 308, 308, 309, 308, 310, 310, 311, 312, 313, 313, 314, 314, 315, 314, 316, 316, 317, 317, 318, 318, 319, 319, 320, 319, 321, 321, 322, 322, 323, 323, 324, 324, 325, 324, 326, 326, 327, 327, 328, 328, 329, 329, 330, 330, 331, 332, 333, 333, 334, 334, 335, 334, 336, 336, 337, 337, 338, 338, 339, 339, 340, 340, 341, 341, 342, 342, 343, 342, 344, 344, 345, 346, 347, 347, 348, 348, 349, 348, 350, 350, 351, 351, 352, 352, 353, 353, 354, 353, 355, 355, 356, 356, 357, 357, 358, 357, 359, 359, 360, 361, 362, 362, 363, 363, 364, 364, 365, 365, 366, 365, 367, 367, 368, 369, 370, 370, 371, 371, 372, 372, 373, 373, 374, 374, 375, 373, 376, 376, 377, 376, 378, 379, 380, 380, 381, 380, 382, 382, 383, 383, 384, 384, 385, 385, 386, 386, 387, 10, 5, 24, 19, 35, 29, 47, 40, 68, 52, 66, 60, 92, 73, 86, 81, 104, 97, 114, 109, 127, 122, 141, 136, 152, 146, 162, 157, 168, 163, 182, 177, 188, 183, 202, 197, 208, 203, 222, 217, 229, 223, 243, 238, 249, 244, 267, 262, 285, 276, 299, 294, 307, 297, 307, 302, 322, 316, 331, 321, 331, 326, 341, 336, 356, 350, 368, 362, 375, 370, 387, 382]","[1, 0, 2, 1, 3, 2, 4, 3, 5, 2, 6, 5, 7, 6, 8, 7, 9, 8, 10, 9, 11, 8, 12, 11, 13, 11, 14, 13, 16, 15, 17, 16, 18, 17, 19, 17, 20, 19, 21, 20, 22, 21, 23, 22, 24, 23, 26, 25, 27, 26, 28, 27, 29, 27, 30, 29, 31, 30, 32, 31, 33, 32, 34, 32, 35, 34, 37, 36, 38, 37, 39, 38, 40, 38, 41, 40, 42, 41, 43, 42, 44, 43, 45, 44, 46, 43, 47, 46, 49, 48, 50, 49, 51, 50, 52, 50, 53, 52, 54, 53, 55, 54, 56, 55, 57, 56, 58, 57, 59, 58, 60, 58, 61, 60, 62, 61, 63, 62, 64, 63, 65, 63, 66, 65, 67, 55, 68, 67, 70, 69, 71, 70, 72, 71, 73, 71, 74, 73, 75, 74, 76, 75, 77, 76, 78, 77, 79, 78, 80, 79, 81, 79, 82, 81, 83, 82, 84, 83, 85, 84, 86, 85, 87, 84, 88, 87, 89, 87, 90, 89, 91, 76, 92, 91, 94, 93, 95, 94, 96, 95, 97, 95, 98, 97, 99, 98, 100, 99, 101, 100, 102, 101, 103, 100, 104, 103, 106, 105, 107, 106, 108, 107, 109, 107, 110, 109, 111, 110, 112, 111, 113, 112, 114, 113, 115, 112, 116, 115, 117, 115, 119, 118, 120, 119, 121, 120, 122, 120, 123, 122, 124, 123, 125, 124, 126, 125, 127, 126, 128, 125, 129, 128, 130, 128, 131, 130, 133, 132, 134, 133, 135, 134, 136, 134, 137, 136, 138, 137, 139, 138, 140, 139, 141, 140, 142, 139, 143, 142, 144, 142, 145, 144, 146, 145, 147, 146, 148, 147, 149, 148, 150, 149, 151, 149, 152, 151, 154, 153, 155, 154, 156, 155, 157, 155, 158, 157, 159, 158, 160, 159, 161, 160, 162, 161, 163, 160, 164, 163, 165, 164, 166, 165, 167, 166, 168, 167, 169, 166, 170, 169, 171, 169, 172, 171, 174, 173, 175, 174, 176, 175, 177, 175, 178, 177, 179, 178, 180, 179, 181, 180, 182, 181, 183, 180, 184, 183, 185, 184, 186, 185, 187, 186, 188, 187, 189, 187, 190, 189, 191, 189, 192, 191, 194, 193, 195, 194, 196, 195, 197, 195, 198, 197, 199, 198, 200, 199, 201, 200, 202, 201, 203, 200, 204, 203, 205, 204, 206, 205, 207, 206, 208, 207, 209, 208, 210, 209, 211, 209, 212, 211, 214, 213, 215, 214, 216, 215, 217, 215, 218, 217, 219, 218, 220, 219, 221, 220, 222, 221, 223, 220, 224, 223, 225, 224, 226, 225, 227, 225, 228, 227, 229, 228, 230, 229, 231, 230, 232, 230, 233, 232, 235, 234, 236, 235, 237, 236, 238, 236, 239, 238, 240, 239, 241, 240, 242, 241, 243, 242, 244, 241, 245, 244, 246, 245, 247, 246, 248, 247, 249, 248, 250, 249, 251, 250, 252, 250, 253, 252, 254, 246, 255, 254, 256, 254, 257, 256, 259, 258, 260, 259, 261, 260, 262, 260, 263, 262, 264, 263, 265, 264, 266, 265, 267, 266, 268, 266, 269, 268, 270, 268, 271, 270, 273, 272, 274, 273, 275, 274, 276, 274, 277, 276, 278, 277, 279, 278, 280, 279, 281, 280, 282, 280, 283, 282, 284, 279, 285, 284, 286, 284, 287, 286, 288, 286, 289, 288, 291, 290, 292, 291, 293, 292, 294, 292, 295, 294, 296, 295, 297, 296, 298, 297, 299, 298, 300, 298, 301, 300, 302, 300, 303, 302, 304, 303, 305, 304, 306, 305, 307, 306, 308, 305, 309, 308, 310, 308, 311, 310, 313, 312, 314, 313, 315, 314, 316, 314, 317, 316, 318, 317, 319, 318, 320, 319, 321, 319, 322, 321, 323, 322, 324, 323, 325, 324, 326, 324, 327, 326, 328, 327, 329, 328, 330, 329, 331, 330, 333, 332, 334, 333, 335, 334, 336, 334, 337, 336, 338, 337, 339, 338, 340, 339, 341, 340, 342, 341, 343, 342, 344, 342, 345, 344, 347, 346, 348, 347, 349, 348, 350, 348, 351, 350, 352, 351, 353, 352, 354, 353, 355, 353, 356, 355, 357, 356, 358, 357, 359, 357, 360, 359, 362, 361, 363, 362, 364, 363, 365, 364, 366, 365, 367, 365, 368, 367, 370, 369, 371, 370, 372, 371, 373, 372, 374, 373, 375, 374, 376, 373, 377, 376, 378, 376, 380, 379, 381, 380, 382, 380, 383, 382, 384, 383, 385, 384, 386, 385, 387, 386, 5, 10, 19, 24, 29, 35, 40, 47, 52, 68, 60, 66, 73, 92, 81, 86, 97, 104, 109, 114, 122, 127, 136, 141, 146, 152, 157, 162, 163, 168, 177, 182, 183, 188, 197, 202, 203, 208, 217, 222, 223, 229, 238, 243, 244, 249, 262, 267, 276, 285, 294, 299, 297, 307, 302, 307, 316, 322, 321, 331, 326, 331, 336, 341, 350, 356, 362, 368, 370, 375, 382, 387]",-6.7316777728
30,72,"[3, 1, 3, 1, 3, 1, 1, 1, 1, 1, 1, 1, 1, 1, 3, 3, 1, 3, 1, 1, 1, 1, 1, 1, 1, 1, 1, 1, 1, 1]","[2, 2, 1, 1, 1, 1, 2, 2, 1, 1, 3, 3, 3, 3, 3, 3, 3, 3, 3, 3, 3, 3, 3, 3, 1, 1, 2, 2, 1, 1, 1, 1, 2, 2, 1, 1, 3, 3, 3, 3, 3, 3, 3, 3, 3, 3, 3, 3, 3, 3, 3, 3, 3, 3, 3, 3, 3, 3, 1, 1, 3, 3, 3, 3, 3, 3, 3, 3, 3, 3, 3, 3]","[0, 1, 1, 2, 2, 3, 3, 4, 3, 5, 5, 6, 6, 7, 7, 8, 8, 9, 9, 10, 10, 11, 11, 12, 12, 13, 13, 14, 13, 15, 15, 16, 16, 17, 16, 18, 18, 19, 19, 20, 20, 21, 21, 22, 22, 23, 23, 24, 24, 25, 25, 26, 26, 27, 21, 28, 28, 29, 25, 1, 26, 5, 27, 8, 28, 9, 29, 12, 29, 18, 27, 22]","[1, 0, 2, 1, 3, 2, 4, 3, 5, 3, 6, 5, 7, 6, 8, 7, 9, 8, 10, 9, 11, 10, 12, 11, 13, 12, 14, 13, 15, 13, 16, 15, 17, 16, 18, 16, 19, 18, 20, 19, 21, 20, 22, 21, 23, 22, 24, 23, 25, 24, 26, 25, 27, 26, 28, 21, 29, 28, 1, 25, 5, 26, 8, 27, 9, 28, 12, 29, 18, 29, 22, 27]",-5.5936426625
31,70,"[1, 1, 1, 1, 1, 1, 1, 1, 3, 1, 2, 1, 1, 1, 8, 1, 1, 1, 1, 3, 1, 1, 1, 1, 1, 1, 2, 1, 1, 1, 1]","[1, 1, 1, 1, 1, 1, 1, 1, 3, 3, 3, 3, 3, 3, 3, 3, 3, 3, 3, 3, 3, 3, 3, 3, 1, 1, 3, 3, 3, 3, 3, 3, 3, 3, 1, 1, 3, 3, 3, 3, 3, 3, 3, 3, 3, 3, 3, 3, 3, 3, 3, 3, 1, 1, 1, 1, 1, 1, 1, 1, 3, 3, 3, 3, 3, 3, 3, 3, 3, 3]","[0, 1, 1, 2, 1, 3, 1, 4, 4, 5, 5, 6, 6, 7, 7, 8, 8, 9, 9, 10, 10, 11, 11, 12, 9, 13, 13, 14, 14, 15, 15, 16, 16, 17, 15, 18, 18, 19, 19, 20, 20, 21, 21, 22, 22, 23, 23, 24, 24, 25, 25, 26, 23, 27, 27, 28, 27, 29, 27, 30, 12, 4, 11, 7, 17, 13, 26, 18, 25, 20]","[1, 0, 2, 1, 3, 1, 4, 1, 5, 4, 6, 5, 7, 6, 8, 7, 9, 8, 10, 9, 11, 10, 12, 11, 13, 9, 14, 13, 15, 14, 16, 15, 17, 16, 18, 15, 19, 18, 20, 19, 21, 20, 22, 21, 23, 22, 24, 23, 25, 24, 26, 25, 27, 23, 28, 27, 29, 27, 30, 27, 4, 12, 7, 11, 13, 17, 18, 26, 20, 25]",-5.634046793
42,86,"[1, 1, 1, 1, 1, 1, 1, 3, 3, 1, 1, 3, 1, 1, 3, 1, 1, 3, 1, 3, 1, 1, 1, 1, 1, 1, 1, 3, 1, 1, 1, 1, 1, 1, 1, 1, 1, 3, 1, 1, 1, 1]","[1, 1, 3, 3, 3, 3, 1, 1, 1, 1, 1, 1, 2, 2, 1, 1, 1, 1, 1, 1, 1, 1, 1, 1, 1, 1, 1, 1, 1, 1, 1, 1, 1, 1, 1, 1, 2, 2, 1, 1, 1, 1, 1, 1, 3, 3, 3, 3, 1, 1, 3, 3, 1, 1, 3, 3, 3, 3, 1, 1, 1, 1, 1, 1, 1, 1, 3, 3, 3, 3, 3, 3, 1, 1, 1, 1, 1, 1, 1, 1, 1, 1, 3, 3, 3, 3]","[0, 1, 1, 2, 2, 3, 3, 4, 4, 5, 5, 6, 6, 7, 6, 8, 8, 9, 9, 10, 10, 11, 11, 12, 12, 13, 13, 14, 14, 15, 15, 16, 16, 17, 17, 18, 18, 19, 18, 20, 20, 21, 21, 22, 22, 23, 23, 24, 24, 25, 24, 26, 26, 27, 26, 28, 28, 29, 28, 30, 30, 31, 30, 32, 30, 33, 3, 34, 34, 35, 35, 36, 36, 37, 35, 38, 38, 39, 38, 40, 38, 41, 36, 1, 29, 22]","[1, 0, 2, 1, 3, 2, 4, 3, 5, 4, 6, 5, 7, 6, 8, 6, 9, 8, 10, 9, 11, 10, 12, 11, 13, 12, 14, 13, 15, 14, 16, 15, 17, 16, 18, 17, 19, 18, 20, 18, 21, 20, 22, 21, 23, 22, 24, 23, 25, 24, 26, 24, 27, 26, 28, 26, 29, 28, 30, 28, 31, 30, 32, 30, 33, 30, 34, 3, 35, 34, 36, 35, 37, 36, 38, 35, 39, 38, 40, 38, 41, 38, 1, 36, 22, 29]",-5.7684649408
45,92,"[1, 1, 1, 1, 1, 1, 1, 1, 1, 1, 3, 3, 1, 1, 8, 1, 1, 3, 1, 3, 1, 1, 1, 1, 1, 1, 3, 1, 1, 1, 1, 1, 1, 1, 1, 1, 1, 1, 1, 1, 3, 1, 1, 1, 1]","[1, 1, 1, 1, 1, 1, 1, 1, 3, 3, 3, 3, 1, 1, 1, 1, 1, 1, 2, 2, 1, 1, 1, 1, 1, 1, 1, 1, 1, 1, 1, 1, 1, 1, 1, 1, 2, 2, 1, 1, 1, 1, 1, 1, 3, 3, 3, 3, 3, 3, 1, 1, 3, 3, 3, 3, 1, 1, 1, 1, 1, 1, 1, 1, 1, 1, 1, 1, 1, 1, 1, 1, 3, 3, 3, 3, 3, 3, 1, 1, 1, 1, 1, 1, 1, 1, 1, 1, 3, 3, 3, 3]","[0, 1, 1, 2, 1, 3, 1, 4, 4, 5, 5, 6, 6, 7, 7, 8, 8, 9, 9, 10, 9, 11, 11, 12, 12, 13, 13, 14, 14, 15, 15, 16, 16, 17, 17, 18, 18, 19, 18, 20, 20, 21, 21, 22, 22, 23, 23, 24, 24, 25, 25, 26, 25, 27, 27, 28, 27, 29, 29, 30, 29, 31, 29, 32, 24, 33, 33, 34, 33, 35, 33, 36, 6, 37, 37, 38, 38, 39, 39, 40, 38, 41, 41, 42, 41, 43, 41, 44, 39, 4, 28, 22]","[1, 0, 2, 1, 3, 1, 4, 1, 5, 4, 6, 5, 7, 6, 8, 7, 9, 8, 10, 9, 11, 9, 12, 11, 13, 12, 14, 13, 15, 14, 16, 15, 17, 16, 18, 17, 19, 18, 20, 18, 21, 20, 22, 21, 23, 22, 24, 23, 25, 24, 26, 25, 27, 25, 28, 27, 29, 27, 30, 29, 31, 29, 32, 29, 33, 24, 34, 33, 35, 33, 36, 33, 37, 6, 38, 37, 39, 38, 40, 39, 41, 38, 42, 41, 43, 41, 44, 41, 4, 39, 22, 28]",-5.8081724723
5,16,"[16, 16, 16, 16, 1]","[1, 1, 1, 1, 1, 1, 1, 1, 1, 1, 1, 1, 1, 1, 1, 1]","[0, 1, 1, 2, 2, 3, 3, 4, 3, 0, 4, 0, 4, 1, 4, 2]","[1, 0, 2, 1, 3, 2, 4, 3, 0, 3, 0, 4, 1, 4, 2, 4]",-4.7424030214
16,36,"[1, 1, 1, 1, 1, 1, 1, 1, 1, 1, 1, 1, 1, 1, 1, 1]","[1, 1, 1, 1, 3, 3, 3, 3, 3, 3, 1, 1, 1, 1, 1, 1, 3, 3, 3, 3, 3, 3, 3, 3, 3, 3, 3, 3, 3, 3, 1, 1, 3, 3, 3, 3]","[0, 1, 1, 2, 2, 3, 3, 4, 4, 5, 5, 6, 6, 7, 7, 8, 8, 9, 9, 10, 10, 11, 11, 12, 12, 13, 5, 14, 14, 15, 11, 0, 15, 2, 13, 8]","[1, 0, 2, 1, 3, 2, 4, 3, 5, 4, 6, 5, 7, 6, 8, 7, 9, 8, 10, 9, 11, 10, 12, 11, 13, 12, 14, 5, 15, 14, 0, 11, 2, 15, 8, 13]",-5.169478497
64,146,"[3, 1, 2, 1, 1, 1, 1, 1, 1, 3, 1, 1, 1, 1, 1, 1, 1, 3, 1, 1, 1, 1, 1, 1, 1, 1, 1, 1, 1, 1, 1, 2, 2, 1, 1, 1, 1, 1, 1, 1, 1, 1, 1, 1, 1, 1, 3, 2, 1, 1, 1, 1, 1, 1, 3, 1, 1, 1, 1, 1, 1, 1, 3, 1]","[2, 2, 1, 1, 1, 1, 3, 3, 3, 3, 3, 3, 3, 3, 1, 1, 2, 2, 1, 1, 3, 3, 3, 3, 3, 3, 3, 3, 3, 3, 1, 1, 2, 2, 1, 1, 1, 1, 3, 3, 3, 3, 3, 3, 3, 3, 3, 3, 1, 1, 3, 3, 3, 3, 3, 3, 3, 3, 3, 3, 1, 1, 2, 2, 1, 1, 3, 3, 3, 3, 3, 3, 3, 3, 3, 3, 1, 1, 3, 3, 3, 3, 3, 3, 3, 3, 3, 3, 1, 1, 2, 2, 1, 1, 1, 1, 3, 3, 3, 3, 3, 3, 3, 3, 1, 1, 2, 2, 1, 1, 3, 3, 3, 3, 3, 3, 3, 3, 3, 3, 1, 1, 2, 2, 1, 1, 3, 3, 3, 3, 3, 3, 3, 3, 3, 3, 3, 3, 3, 3, 3, 3, 3, 3, 3, 3]","[0, 1, 1, 2, 2, 3, 3, 4, 4, 5, 5, 6, 6, 7, 7, 8, 8, 9, 8, 10, 10, 11, 11, 12, 12, 13, 13, 14, 14, 15, 15, 16, 16, 17, 16, 18, 1, 19, 19, 20, 20, 21, 21, 22, 22, 23, 23, 24, 22, 25, 25, 26, 26, 27, 27, 28, 28, 29, 29, 30, 28, 31, 31, 32, 32, 33, 33, 34, 34, 35, 35, 36, 36, 37, 37, 38, 36, 39, 39, 40, 40, 41, 41, 42, 42, 43, 43, 44, 42, 45, 45, 46, 45, 47, 47, 48, 48, 49, 49, 50, 50, 51, 51, 52, 52, 53, 53, 54, 53, 55, 55, 56, 56, 57, 57, 58, 58, 59, 59, 60, 60, 61, 61, 62, 61, 63, 18, 3, 18, 7, 15, 10, 24, 19, 30, 25, 38, 33, 44, 39, 63, 48, 63, 52, 60, 55]","[1, 0, 2, 1, 3, 2, 4, 3, 5, 4, 6, 5, 7, 6, 8, 7, 9, 8, 10, 8, 11, 10, 12, 11, 13, 12, 14, 13, 15, 14, 16, 15, 17, 16, 18, 16, 19, 1, 20, 19, 21, 20, 22, 21, 23, 22, 24, 23, 25, 22, 26, 25, 27, 26, 28, 27, 29, 28, 30, 29, 31, 28, 32, 31, 33, 32, 34, 33, 35, 34, 36, 35, 37, 36, 38, 37, 39, 36, 40, 39, 41, 40, 42, 41, 43, 42, 44, 43, 45, 42, 46, 45, 47, 45, 48, 47, 49, 48, 50, 49, 51, 50, 52, 51, 53, 52, 54, 53, 55, 53, 56, 55, 57, 56, 58, 57, 59, 58, 60, 59, 61, 60, 62, 61, 63, 61, 3, 18, 7, 18, 10, 15, 19, 24, 25, 30, 33, 38, 39, 44, 48, 63, 52, 63, 55, 60]",-5.716458279299999
164,350,"[1, 1, 1, 1, 2, 1, 1, 1, 1, 1, 2, 1, 1, 1, 1, 1, 1, 2, 1, 2, 1, 1, 1, 2, 1, 1, 2, 1, 1, 1, 2, 1, 2, 1, 2, 1, 2, 2, 1, 1, 1, 1, 1, 1, 1, 1, 1, 2, 1, 1, 1, 1, 1, 2, 1, 1, 1, 1, 1, 1, 1, 1, 1, 2, 1, 1, 1, 1, 1, 1, 2, 1, 2, 1, 2, 2, 1, 1, 1, 1, 1, 1, 1, 1, 1, 2, 1, 1, 1, 1, 1, 2, 1, 1, 1, 1, 1, 1, 1, 1, 1, 2, 1, 1, 1, 1, 1, 1, 2, 1, 2, 1, 2, 2, 1, 1, 1, 1, 1, 1, 1, 1, 1, 2, 1, 1, 1, 1, 1, 2, 1, 1, 1, 1, 1, 1, 1, 1, 1, 2, 1, 1, 1, 1, 1, 2, 1, 2, 2, 1, 1, 1, 1, 1, 1, 1, 1, 1, 2, 1, 1, 1, 1, 1]","[1, 1, 1, 1, 1, 1, 1, 1, 1, 1, 1, 1, 1, 1, 1, 1, 1, 1, 1, 1, 1, 1, 1, 1, 1, 1, 1, 1, 1, 1, 1, 1, 3, 3, 3, 3, 1, 1, 1, 1, 1, 1, 1, 1, 1, 1, 1, 1, 1, 1, 1, 1, 1, 1, 1, 1, 1, 1, 1, 1, 1, 1, 3, 3, 3, 3, 3, 3, 3, 3, 3, 3, 1, 1, 1, 1, 1, 1, 1, 1, 1, 1, 1, 1, 1, 1, 1, 1, 1, 1, 1, 1, 1, 1, 1, 1, 1, 1, 1, 1, 1, 1, 1, 1, 1, 1, 1, 1, 1, 1, 1, 1, 1, 1, 1, 1, 1, 1, 1, 1, 1, 1, 1, 1, 1, 1, 1, 1, 1, 1, 1, 1, 1, 1, 1, 1, 1, 1, 3, 3, 3, 3, 3, 3, 3, 3, 3, 3, 1, 1, 1, 1, 1, 1, 1, 1, 1, 1, 1, 1, 1, 1, 1, 1, 1, 1, 1, 1, 1, 1, 1, 1, 1, 1, 1, 1, 1, 1, 1, 1, 1, 1, 1, 1, 1, 1, 1, 1, 1, 1, 1, 1, 1, 1, 1, 1, 1, 1, 1, 1, 1, 1, 1, 1, 1, 1, 1, 1, 1, 1, 1, 1, 1, 1, 3, 3, 3, 3, 3, 3, 3, 3, 3, 3, 1, 1, 1, 1, 1, 1, 1, 1, 1, 1, 1, 1, 1, 1, 1, 1, 1, 1, 1, 1, 1, 1, 1, 1, 1, 1, 1, 1, 1, 1, 1, 1, 1, 1, 1, 1, 1, 1, 1, 1, 1, 1, 1, 1, 1, 1, 1, 1, 1, 1, 1, 1, 1, 1, 1, 1, 1, 1, 1, 1, 1, 1, 1, 1, 3, 3, 3, 3, 3, 3, 1, 1, 1, 1, 1, 1, 1, 1, 1, 1, 1, 1, 1, 1, 1, 1, 1, 1, 1, 1, 1, 1, 1, 1, 1, 1, 1, 1, 1, 1, 1, 1, 1, 1, 3, 3, 3, 3, 1, 1, 1, 1, 3, 3, 1, 1, 1, 1, 3, 3, 1, 1, 1, 1, 1, 1]","[0, 1, 1, 2, 2, 3, 3, 4, 4, 5, 5, 6, 6, 7, 7, 8, 7, 9, 7, 10, 10, 11, 10, 12, 12, 13, 12, 14, 12, 15, 4, 16, 16, 17, 17, 18, 18, 19, 19, 20, 20, 21, 21, 22, 22, 23, 23, 24, 24, 25, 25, 26, 26, 27, 27, 28, 28, 29, 29, 30, 30, 31, 31, 32, 32, 33, 33, 34, 34, 35, 35, 36, 35, 37, 37, 38, 38, 39, 39, 40, 40, 41, 37, 42, 42, 43, 43, 44, 44, 45, 44, 46, 44, 47, 47, 48, 47, 49, 49, 50, 49, 51, 49, 52, 33, 53, 53, 54, 54, 55, 55, 56, 56, 57, 53, 58, 58, 59, 59, 60, 60, 61, 60, 62, 60, 63, 63, 64, 63, 65, 65, 66, 65, 67, 65, 68, 26, 69, 69, 70, 70, 71, 71, 72, 72, 73, 73, 74, 73, 75, 75, 76, 76, 77, 77, 78, 78, 79, 75, 80, 80, 81, 81, 82, 82, 83, 82, 84, 82, 85, 85, 86, 85, 87, 87, 88, 87, 89, 87, 90, 71, 91, 91, 92, 92, 93, 93, 94, 94, 95, 91, 96, 96, 97, 97, 98, 98, 99, 98, 100, 98, 101, 101, 102, 101, 103, 103, 104, 103, 105, 103, 106, 23, 107, 107, 108, 108, 109, 109, 110, 110, 111, 111, 112, 111, 113, 113, 114, 114, 115, 115, 116, 116, 117, 113, 118, 118, 119, 119, 120, 120, 121, 120, 122, 120, 123, 123, 124, 123, 125, 125, 126, 125, 127, 125, 128, 109, 129, 129, 130, 130, 131, 131, 132, 132, 133, 129, 134, 134, 135, 135, 136, 136, 137, 136, 138, 136, 139, 139, 140, 139, 141, 141, 142, 141, 143, 141, 144, 18, 145, 145, 146, 146, 147, 146, 148, 148, 149, 149, 150, 150, 151, 151, 152, 148, 153, 153, 154, 154, 155, 155, 156, 155, 157, 155, 158, 158, 159, 158, 160, 160, 161, 160, 162, 160, 163, 15, 5, 147, 16, 36, 31, 52, 42, 68, 58, 74, 69, 90, 80, 106, 96, 112, 107, 128, 118, 144, 134, 163, 153]","[1, 0, 2, 1, 3, 2, 4, 3, 5, 4, 6, 5, 7, 6, 8, 7, 9, 7, 10, 7, 11, 10, 12, 10, 13, 12, 14, 12, 15, 12, 16, 4, 17, 16, 18, 17, 19, 18, 20, 19, 21, 20, 22, 21, 23, 22, 24, 23, 25, 24, 26, 25, 27, 26, 28, 27, 29, 28, 30, 29, 31, 30, 32, 31, 33, 32, 34, 33, 35, 34, 36, 35, 37, 35, 38, 37, 39, 38, 40, 39, 41, 40, 42, 37, 43, 42, 44, 43, 45, 44, 46, 44, 47, 44, 48, 47, 49, 47, 50, 49, 51, 49, 52, 49, 53, 33, 54, 53, 55, 54, 56, 55, 57, 56, 58, 53, 59, 58, 60, 59, 61, 60, 62, 60, 63, 60, 64, 63, 65, 63, 66, 65, 67, 65, 68, 65, 69, 26, 70, 69, 71, 70, 72, 71, 73, 72, 74, 73, 75, 73, 76, 75, 77, 76, 78, 77, 79, 78, 80, 75, 81, 80, 82, 81, 83, 82, 84, 82, 85, 82, 86, 85, 87, 85, 88, 87, 89, 87, 90, 87, 91, 71, 92, 91, 93, 92, 94, 93, 95, 94, 96, 91, 97, 96, 98, 97, 99, 98, 100, 98, 101, 98, 102, 101, 103, 101, 104, 103, 105, 103, 106, 103, 107, 23, 108, 107, 109, 108, 110, 109, 111, 110, 112, 111, 113, 111, 114, 113, 115, 114, 116, 115, 117, 116, 118, 113, 119, 118, 120, 119, 121, 120, 122, 120, 123, 120, 124, 123, 125, 123, 126, 125, 127, 125, 128, 125, 129, 109, 130, 129, 131, 130, 132, 131, 133, 132, 134, 129, 135, 134, 136, 135, 137, 136, 138, 136, 139, 136, 140, 139, 141, 139, 142, 141, 143, 141, 144, 141, 145, 18, 146, 145, 147, 146, 148, 146, 149, 148, 150, 149, 151, 150, 152, 151, 153, 148, 154, 153, 155, 154, 156, 155, 157, 155, 158, 155, 159, 158, 160, 158, 161, 160, 162, 160, 163, 160, 5, 15, 16, 147, 31, 36, 42, 52, 58, 68, 69, 74, 80, 90, 96, 106, 107, 112, 118, 128, 134, 144, 153, 163]",-5.3590146681
26,56,"[2, 1, 1, 1, 1, 1, 1, 1, 1, 1, 1, 1, 1, 1, 1, 1, 1, 1, 1, 1, 1, 1, 1, 1, 1, 2]","[4, 4, 1, 1, 3, 3, 3, 3, 3, 3, 3, 3, 3, 3, 1, 1, 2, 2, 1, 1, 3, 3, 3, 3, 3, 3, 3, 3, 3, 3, 1, 1, 2, 2, 1, 1, 3, 3, 3, 3, 3, 3, 3, 3, 3, 3, 1, 1, 4, 4, 3, 3, 3, 3, 3, 3]","[0, 1, 1, 2, 2, 3, 3, 4, 4, 5, 5, 6, 6, 7, 7, 8, 8, 9, 9, 10, 10, 11, 11, 12, 12, 13, 13, 14, 14, 15, 13, 16, 16, 17, 17, 18, 18, 19, 19, 20, 20, 21, 21, 22, 22, 23, 23, 24, 24, 25, 7, 2, 15, 10, 23, 18]","[1, 0, 2, 1, 3, 2, 4, 3, 5, 4, 6, 5, 7, 6, 8, 7, 9, 8, 10, 9, 11, 10, 12, 11, 13, 12, 14, 13, 15, 14, 16, 13, 17, 16, 18, 17, 19, 18, 20, 19, 21, 20, 22, 21, 23, 22, 24, 23, 25, 24, 2, 7, 10, 15, 18, 23]",-4.2206388586
31,66,"[1, 1, 3, 3, 1, 1, 2, 1, 1, 1, 2, 1, 1, 1, 1, 1, 1, 2, 2, 1, 8, 1, 1, 1, 1, 1, 1, 2, 2, 3, 3]","[1, 1, 2, 2, 1, 1, 1, 1, 1, 1, 1, 1, 1, 1, 1, 1, 1, 1, 4, 4, 1, 1, 3, 3, 3, 3, 3, 3, 3, 3, 3, 3, 1, 1, 2, 2, 1, 1, 3, 3, 3, 3, 3, 3, 3, 3, 3, 3, 3, 3, 3, 3, 3, 3, 1, 1, 1, 1, 2, 2, 3, 3, 3, 3, 3, 3]","[0, 1, 1, 2, 1, 3, 3, 4, 4, 5, 5, 6, 6, 7, 7, 8, 8, 9, 9, 10, 6, 11, 11, 12, 12, 13, 13, 14, 14, 15, 15, 16, 14, 17, 17, 18, 18, 19, 19, 20, 20, 21, 21, 22, 22, 23, 23, 24, 24, 25, 25, 26, 26, 27, 23, 28, 28, 29, 28, 30, 16, 11, 27, 19, 26, 21]","[1, 0, 2, 1, 3, 1, 4, 3, 5, 4, 6, 5, 7, 6, 8, 7, 9, 8, 10, 9, 11, 6, 12, 11, 13, 12, 14, 13, 15, 14, 16, 15, 17, 14, 18, 17, 19, 18, 20, 19, 21, 20, 22, 21, 23, 22, 24, 23, 25, 24, 26, 25, 27, 26, 28, 23, 29, 28, 30, 28, 11, 16, 19, 27, 21, 26]",-4.3409088983
26,56,"[1, 1, 1, 1, 1, 1, 1, 2, 1, 3, 2, 1, 3, 2, 1, 1, 1, 1, 1, 1, 1, 2, 1, 3, 1, 3]","[1, 1, 3, 3, 3, 3, 3, 3, 3, 3, 3, 3, 1, 1, 2, 2, 2, 2, 1, 1, 1, 1, 2, 2, 1, 1, 1, 1, 3, 3, 3, 3, 3, 3, 1, 1, 3, 3, 3, 3, 1, 1, 2, 2, 2, 2, 1, 1, 2, 2, 3, 3, 1, 1, 3, 3]","[0, 1, 1, 2, 2, 3, 3, 4, 4, 5, 5, 6, 6, 7, 7, 8, 8, 9, 4, 10, 10, 11, 11, 12, 11, 13, 13, 14, 14, 15, 15, 16, 16, 17, 17, 18, 17, 19, 19, 20, 19, 21, 21, 22, 22, 23, 13, 24, 24, 25, 6, 1, 24, 10, 20, 14]","[1, 0, 2, 1, 3, 2, 4, 3, 5, 4, 6, 5, 7, 6, 8, 7, 9, 8, 10, 4, 11, 10, 12, 11, 13, 11, 14, 13, 15, 14, 16, 15, 17, 16, 18, 17, 19, 17, 20, 19, 21, 19, 22, 21, 23, 22, 24, 13, 25, 24, 1, 6, 10, 24, 14, 20]",-5.0368259397
33,72,"[3, 1, 2, 1, 1, 1, 1, 1, 1, 2, 1, 1, 1, 1, 1, 1, 1, 1, 1, 2, 1, 3, 2, 1, 1, 1, 1, 1, 1, 1, 1, 1, 1]","[2, 2, 1, 1, 1, 1, 1, 1, 1, 1, 1, 1, 1, 1, 1, 1, 1, 1, 1, 1, 3, 3, 3, 3, 3, 3, 1, 1, 1, 1, 3, 3, 3, 3, 3, 3, 1, 1, 1, 1, 2, 2, 1, 1, 1, 1, 1, 1, 1, 1, 1, 1, 1, 1, 1, 1, 3, 3, 3, 3, 3, 3, 3, 3, 1, 1, 3, 3, 3, 3, 1, 1]","[0, 1, 1, 2, 2, 3, 3, 4, 4, 5, 5, 6, 6, 7, 7, 8, 1, 9, 9, 10, 10, 11, 11, 12, 12, 13, 13, 14, 14, 15, 15, 16, 16, 17, 17, 18, 18, 19, 19, 20, 20, 21, 20, 22, 22, 23, 23, 24, 24, 25, 25, 26, 26, 27, 27, 28, 18, 29, 29, 30, 13, 31, 31, 32, 8, 3, 32, 10, 30, 15, 28, 23]","[1, 0, 2, 1, 3, 2, 4, 3, 5, 4, 6, 5, 7, 6, 8, 7, 9, 1, 10, 9, 11, 10, 12, 11, 13, 12, 14, 13, 15, 14, 16, 15, 17, 16, 18, 17, 19, 18, 20, 19, 21, 20, 22, 20, 23, 22, 24, 23, 25, 24, 26, 25, 27, 26, 28, 27, 29, 18, 30, 29, 31, 13, 32, 31, 3, 8, 10, 32, 15, 30, 23, 28]",-5.142667396
33,72,"[3, 1, 1, 1, 3, 1, 1, 1, 3, 1, 3, 1, 1, 1, 3, 1, 3, 1, 3, 1, 1, 3, 1, 1, 1, 1, 1, 3, 1, 3, 1, 3, 1]","[1, 1, 3, 3, 3, 3, 1, 1, 3, 3, 1, 1, 1, 1, 1, 1, 1, 1, 2, 2, 1, 1, 3, 3, 3, 3, 1, 1, 3, 3, 1, 1, 3, 3, 1, 1, 3, 3, 1, 1, 1, 1, 1, 1, 3, 3, 1, 1, 3, 3, 3, 3, 1, 1, 3, 3, 1, 1, 3, 3, 1, 1, 3, 3, 3, 3, 3, 3, 3, 3, 3, 3]","[0, 1, 1, 2, 2, 3, 3, 4, 3, 5, 5, 6, 6, 7, 7, 8, 8, 9, 9, 10, 9, 11, 11, 12, 12, 13, 13, 14, 13, 15, 15, 16, 15, 17, 17, 18, 17, 19, 7, 20, 20, 21, 21, 22, 22, 23, 20, 24, 24, 25, 25, 26, 26, 27, 26, 28, 28, 29, 28, 30, 30, 31, 30, 32, 23, 1, 22, 5, 19, 11, 32, 24]","[1, 0, 2, 1, 3, 2, 4, 3, 5, 3, 6, 5, 7, 6, 8, 7, 9, 8, 10, 9, 11, 9, 12, 11, 13, 12, 14, 13, 15, 13, 16, 15, 17, 15, 18, 17, 19, 17, 20, 7, 21, 20, 22, 21, 23, 22, 24, 20, 25, 24, 26, 25, 27, 26, 28, 26, 29, 28, 30, 28, 31, 30, 32, 30, 1, 23, 5, 22, 11, 19, 24, 32]",-1.0591609316
83,168,"[5, 1, 1, 1, 1, 1, 1, 1, 1, 1, 1, 1, 1, 1, 1, 1, 1, 3, 7, 8, 8, 3, 1, 1, 1, 1, 1, 1, 1, 1, 1, 1, 1, 1, 1, 1, 1, 1, 1, 1, 1, 1, 1, 1, 1, 1, 1, 1, 1, 1, 1, 1, 1, 1, 1, 1, 1, 1, 3, 7, 8, 8, 3, 1, 1, 1, 1, 1, 1, 1, 1, 1, 1, 1, 1, 1, 1, 1, 1, 1, 1, 1, 1]","[1, 1, 1, 1, 1, 1, 1, 1, 1, 1, 1, 1, 1, 1, 1, 1, 1, 1, 1, 1, 1, 1, 1, 1, 3, 3, 3, 3, 3, 3, 1, 1, 1, 1, 1, 1, 2, 2, 1, 1, 1, 1, 3, 3, 3, 3, 3, 3, 1, 1, 1, 1, 1, 1, 1, 1, 1, 1, 1, 1, 1, 1, 1, 1, 1, 1, 1, 1, 1, 1, 1, 1, 3, 3, 3, 3, 3, 3, 3, 3, 1, 1, 1, 1, 1, 1, 1, 1, 1, 1, 1, 1, 1, 1, 1, 1, 1, 1, 1, 1, 1, 1, 1, 1, 3, 3, 3, 3, 3, 3, 1, 1, 1, 1, 1, 1, 2, 2, 1, 1, 1, 1, 3, 3, 3, 3, 3, 3, 1, 1, 1, 1, 1, 1, 1, 1, 1, 1, 1, 1, 1, 1, 1, 1, 1, 1, 1, 1, 1, 1, 1, 1, 3, 3, 3, 3, 3, 3, 3, 3, 3, 3, 3, 3, 3, 3, 3, 3]","[1, 2, 2, 3, 3, 4, 4, 5, 4, 6, 6, 7, 7, 8, 8, 9, 6, 10, 10, 11, 10, 12, 12, 13, 13, 14, 14, 15, 15, 16, 16, 17, 17, 18, 18, 19, 18, 20, 18, 21, 21, 22, 22, 23, 23, 24, 24, 25, 25, 26, 26, 27, 27, 28, 27, 29, 29, 30, 30, 31, 31, 32, 29, 33, 33, 34, 33, 35, 35, 36, 36, 37, 25, 38, 38, 39, 16, 40, 40, 41, 42, 43, 43, 44, 44, 45, 45, 46, 45, 47, 47, 48, 48, 49, 49, 50, 47, 51, 51, 52, 51, 53, 53, 54, 54, 55, 55, 56, 56, 57, 57, 58, 58, 59, 59, 60, 59, 61, 59, 62, 62, 63, 63, 64, 64, 65, 65, 66, 66, 67, 67, 68, 68, 69, 68, 70, 70, 71, 71, 72, 72, 73, 70, 74, 74, 75, 74, 76, 76, 77, 77, 78, 66, 79, 79, 80, 57, 81, 81, 82, 41, 13, 39, 22, 82, 54, 80, 63]","[2, 1, 3, 2, 4, 3, 5, 4, 6, 4, 7, 6, 8, 7, 9, 8, 10, 6, 11, 10, 12, 10, 13, 12, 14, 13, 15, 14, 16, 15, 17, 16, 18, 17, 19, 18, 20, 18, 21, 18, 22, 21, 23, 22, 24, 23, 25, 24, 26, 25, 27, 26, 28, 27, 29, 27, 30, 29, 31, 30, 32, 31, 33, 29, 34, 33, 35, 33, 36, 35, 37, 36, 38, 25, 39, 38, 40, 16, 41, 40, 43, 42, 44, 43, 45, 44, 46, 45, 47, 45, 48, 47, 49, 48, 50, 49, 51, 47, 52, 51, 53, 51, 54, 53, 55, 54, 56, 55, 57, 56, 58, 57, 59, 58, 60, 59, 61, 59, 62, 59, 63, 62, 64, 63, 65, 64, 66, 65, 67, 66, 68, 67, 69, 68, 70, 68, 71, 70, 72, 71, 73, 72, 74, 70, 75, 74, 76, 74, 77, 76, 78, 77, 79, 66, 80, 79, 81, 57, 82, 81, 13, 41, 22, 39, 54, 82, 63, 80]",-5.4154147676
43,92,"[1, 1, 1, 1, 1, 3, 7, 3, 1, 1, 1, 3, 1, 3, 7, 3, 1, 3, 1, 1, 1, 1, 1, 1, 1, 1, 1, 1, 1, 1, 1, 1, 1, 1, 1, 1, 1, 1, 1, 1, 1, 1, 1]","[1, 1, 3, 3, 3, 3, 3, 3, 1, 1, 1, 1, 1, 1, 1, 1, 1, 1, 1, 1, 1, 1, 1, 1, 1, 1, 1, 1, 1, 1, 1, 1, 1, 1, 1, 1, 3, 3, 3, 3, 3, 3, 1, 1, 3, 3, 3, 3, 1, 1, 1, 1, 1, 1, 1, 1, 1, 1, 1, 1, 1, 1, 1, 1, 3, 3, 3, 3, 1, 1, 1, 1, 1, 1, 1, 1, 1, 1, 1, 1, 1, 1, 1, 1, 3, 3, 1, 1, 1, 1, 3, 3]","[0, 1, 1, 2, 2, 3, 3, 4, 4, 5, 5, 6, 6, 7, 7, 8, 8, 9, 9, 10, 10, 11, 9, 12, 12, 13, 13, 14, 14, 15, 15, 16, 14, 17, 17, 18, 18, 19, 19, 20, 20, 21, 21, 22, 21, 23, 23, 24, 24, 25, 25, 26, 25, 27, 25, 28, 19, 29, 29, 30, 29, 31, 29, 32, 4, 33, 33, 34, 33, 35, 35, 36, 35, 37, 35, 38, 3, 39, 39, 40, 39, 41, 39, 42, 34, 1, 11, 6, 16, 9, 24, 18]","[1, 0, 2, 1, 3, 2, 4, 3, 5, 4, 6, 5, 7, 6, 8, 7, 9, 8, 10, 9, 11, 10, 12, 9, 13, 12, 14, 13, 15, 14, 16, 15, 17, 14, 18, 17, 19, 18, 20, 19, 21, 20, 22, 21, 23, 21, 24, 23, 25, 24, 26, 25, 27, 25, 28, 25, 29, 19, 30, 29, 31, 29, 32, 29, 33, 4, 34, 33, 35, 33, 36, 35, 37, 35, 38, 35, 39, 3, 40, 39, 41, 39, 42, 39, 1, 34, 6, 11, 9, 16, 18, 24]",-7.801238331
111,236,"[1, 1, 2, 1, 1, 1, 1, 1, 2, 1, 2, 1, 2, 1, 1, 1, 1, 1, 1, 2, 2, 1, 1, 3, 1, 1, 2, 1, 2, 1, 2, 1, 1, 1, 2, 2, 1, 2, 1, 1, 1, 2, 2, 1, 1, 1, 1, 1, 1, 8, 3, 3, 3, 8, 3, 3, 3, 2, 1, 2, 1, 1, 1, 1, 1, 1, 2, 2, 1, 1, 3, 1, 1, 2, 1, 2, 1, 2, 1, 1, 1, 2, 2, 1, 2, 1, 1, 1, 2, 2, 1, 1, 1, 1, 1, 1, 8, 3, 3, 3, 8, 3, 3, 3, 2, 1, 1, 3, 1, 3, 3]","[1, 1, 1, 1, 1, 1, 1, 1, 1, 1, 1, 1, 1, 1, 1, 1, 1, 1, 3, 3, 3, 3, 1, 1, 1, 1, 3, 3, 3, 3, 3, 3, 3, 3, 3, 3, 1, 1, 2, 2, 1, 1, 3, 3, 1, 1, 3, 3, 3, 3, 1, 1, 1, 1, 3, 3, 3, 3, 1, 1, 1, 1, 1, 1, 1, 1, 1, 1, 3, 3, 3, 3, 1, 1, 1, 1, 1, 1, 1, 1, 1, 1, 3, 3, 3, 3, 3, 3, 3, 3, 3, 3, 3, 3, 3, 3, 1, 1, 1, 1, 2, 2, 2, 2, 1, 1, 1, 1, 2, 2, 2, 2, 3, 3, 3, 3, 1, 1, 1, 1, 3, 3, 3, 3, 3, 3, 3, 3, 3, 3, 1, 1, 2, 2, 1, 1, 3, 3, 1, 1, 3, 3, 3, 3, 1, 1, 1, 1, 3, 3, 3, 3, 1, 1, 1, 1, 1, 1, 1, 1, 1, 1, 3, 3, 3, 3, 1, 1, 1, 1, 1, 1, 1, 1, 1, 1, 3, 3, 3, 3, 3, 3, 3, 3, 3, 3, 3, 3, 3, 3, 1, 1, 1, 1, 2, 2, 2, 2, 1, 1, 1, 1, 2, 2, 2, 2, 3, 3, 1, 1, 1, 1, 1, 1, 1, 1, 2, 2, 3, 3, 3, 3, 3, 3, 3, 3, 3, 3, 3, 3, 3, 3, 3, 3, 3, 3]","[0, 1, 1, 2, 2, 3, 3, 4, 2, 5, 5, 6, 6, 7, 7, 8, 8, 9, 9, 10, 10, 11, 11, 12, 12, 13, 13, 14, 14, 15, 15, 16, 16, 17, 17, 18, 16, 19, 19, 20, 20, 21, 21, 22, 22, 23, 22, 24, 24, 25, 25, 26, 26, 27, 27, 28, 28, 29, 29, 30, 30, 31, 31, 32, 32, 33, 32, 34, 29, 35, 35, 36, 36, 37, 37, 38, 38, 39, 39, 40, 39, 41, 36, 42, 25, 43, 43, 44, 44, 45, 45, 46, 46, 47, 47, 48, 48, 49, 49, 50, 49, 51, 49, 52, 44, 53, 53, 54, 53, 55, 53, 56, 11, 57, 57, 58, 58, 59, 59, 60, 60, 61, 61, 62, 62, 63, 63, 64, 64, 65, 63, 66, 66, 67, 67, 68, 68, 69, 69, 70, 69, 71, 71, 72, 72, 73, 73, 74, 74, 75, 75, 76, 76, 77, 77, 78, 78, 79, 79, 80, 79, 81, 76, 82, 82, 83, 83, 84, 84, 85, 85, 86, 86, 87, 86, 88, 83, 89, 72, 90, 90, 91, 91, 92, 92, 93, 93, 94, 94, 95, 95, 96, 96, 97, 96, 98, 96, 99, 91, 100, 100, 101, 100, 102, 100, 103, 58, 104, 105, 106, 106, 107, 106, 108, 108, 109, 108, 110, 104, 9, 18, 13, 48, 21, 46, 24, 42, 27, 65, 60, 95, 68, 93, 71, 89, 74]","[1, 0, 2, 1, 3, 2, 4, 3, 5, 2, 6, 5, 7, 6, 8, 7, 9, 8, 10, 9, 11, 10, 12, 11, 13, 12, 14, 13, 15, 14, 16, 15, 17, 16, 18, 17, 19, 16, 20, 19, 21, 20, 22, 21, 23, 22, 24, 22, 25, 24, 26, 25, 27, 26, 28, 27, 29, 28, 30, 29, 31, 30, 32, 31, 33, 32, 34, 32, 35, 29, 36, 35, 37, 36, 38, 37, 39, 38, 40, 39, 41, 39, 42, 36, 43, 25, 44, 43, 45, 44, 46, 45, 47, 46, 48, 47, 49, 48, 50, 49, 51, 49, 52, 49, 53, 44, 54, 53, 55, 53, 56, 53, 57, 11, 58, 57, 59, 58, 60, 59, 61, 60, 62, 61, 63, 62, 64, 63, 65, 64, 66, 63, 67, 66, 68, 67, 69, 68, 70, 69, 71, 69, 72, 71, 73, 72, 74, 73, 75, 74, 76, 75, 77, 76, 78, 77, 79, 78, 80, 79, 81, 79, 82, 76, 83, 82, 84, 83, 85, 84, 86, 85, 87, 86, 88, 86, 89, 83, 90, 72, 91, 90, 92, 91, 93, 92, 94, 93, 95, 94, 96, 95, 97, 96, 98, 96, 99, 96, 100, 91, 101, 100, 102, 100, 103, 100, 104, 58, 106, 105, 107, 106, 108, 106, 109, 108, 110, 108, 9, 104, 13, 18, 21, 48, 24, 46, 27, 42, 60, 65, 68, 95, 71, 93, 74, 89]",-0.7942190429000001
60,122,"[9, 9, 9, 9, 1, 1, 2, 1, 1, 1, 1, 1, 1, 1, 2, 1, 4, 2, 1, 2, 1, 1, 1, 1, 1, 1, 1, 1, 2, 2, 1, 1, 1, 1, 1, 1, 1, 1, 1, 8, 3, 3, 3, 1, 8, 3, 3, 3, 1, 3, 1, 8, 3, 3, 3, 8, 3, 3, 3, 2]","[1, 1, 1, 1, 1, 1, 3, 3, 3, 3, 3, 3, 3, 3, 3, 3, 1, 1, 3, 3, 3, 3, 1, 1, 3, 3, 3, 3, 1, 1, 1, 1, 3, 3, 3, 3, 3, 3, 3, 3, 3, 3, 3, 3, 3, 3, 1, 1, 2, 2, 1, 1, 3, 3, 3, 3, 3, 3, 3, 3, 3, 3, 3, 3, 3, 3, 3, 3, 1, 1, 1, 1, 2, 2, 2, 2, 3, 3, 1, 1, 1, 1, 2, 2, 2, 2, 3, 3, 1, 1, 3, 3, 1, 1, 1, 1, 2, 2, 2, 2, 1, 1, 1, 1, 2, 2, 2, 2, 3, 3, 3, 3, 3, 3, 3, 3, 3, 3, 3, 3, 3, 3]","[4, 5, 5, 6, 6, 7, 7, 8, 8, 9, 9, 10, 10, 11, 11, 12, 6, 13, 13, 14, 14, 15, 15, 16, 15, 17, 17, 18, 18, 19, 19, 20, 20, 21, 21, 22, 22, 23, 23, 24, 24, 25, 25, 26, 26, 27, 27, 28, 28, 29, 29, 30, 30, 31, 31, 32, 32, 33, 33, 34, 34, 35, 35, 36, 36, 37, 37, 38, 38, 39, 39, 40, 39, 41, 39, 42, 34, 43, 43, 44, 44, 45, 44, 46, 44, 47, 27, 48, 48, 49, 48, 50, 26, 51, 51, 52, 51, 53, 51, 54, 22, 55, 55, 56, 55, 57, 55, 58, 18, 59, 12, 7, 59, 13, 50, 20, 50, 24, 43, 30, 38, 33]","[5, 4, 6, 5, 7, 6, 8, 7, 9, 8, 10, 9, 11, 10, 12, 11, 13, 6, 14, 13, 15, 14, 16, 15, 17, 15, 18, 17, 19, 18, 20, 19, 21, 20, 22, 21, 23, 22, 24, 23, 25, 24, 26, 25, 27, 26, 28, 27, 29, 28, 30, 29, 31, 30, 32, 31, 33, 32, 34, 33, 35, 34, 36, 35, 37, 36, 38, 37, 39, 38, 40, 39, 41, 39, 42, 39, 43, 34, 44, 43, 45, 44, 46, 44, 47, 44, 48, 27, 49, 48, 50, 48, 51, 26, 52, 51, 53, 51, 54, 51, 55, 22, 56, 55, 57, 55, 58, 55, 59, 18, 7, 12, 13, 59, 20, 50, 24, 50, 30, 43, 33, 38]",-0.5025263499
14,30,"[1, 1, 1, 1, 1, 1, 1, 1, 1, 1, 1, 1, 1, 3]","[1, 1, 1, 1, 1, 1, 1, 1, 1, 1, 2, 2, 1, 1, 1, 1, 1, 1, 1, 1, 1, 1, 1, 1, 2, 2, 1, 1, 1, 1]","[0, 1, 1, 2, 1, 3, 3, 4, 4, 5, 5, 6, 6, 7, 6, 8, 8, 9, 9, 10, 10, 11, 10, 12, 12, 13, 9, 3, 11, 5]","[1, 0, 2, 1, 3, 1, 4, 3, 5, 4, 6, 5, 7, 6, 8, 6, 9, 8, 10, 9, 11, 10, 12, 10, 13, 12, 3, 9, 5, 11]",-3.8508542835
14,28,"[9, 1, 1, 1, 1, 1, 1, 1, 1, 2, 2, 2, 1, 1]","[1, 1, 1, 1, 1, 1, 1, 1, 3, 3, 3, 3, 3, 3, 3, 3, 3, 3, 3, 3, 3, 3, 3, 3, 3, 3, 3, 3]","[1, 2, 2, 3, 3, 4, 4, 5, 5, 6, 6, 7, 7, 8, 8, 9, 9, 10, 10, 11, 11, 12, 12, 13, 13, 5, 12, 8]","[2, 1, 3, 2, 4, 3, 5, 4, 6, 5, 7, 6, 8, 7, 9, 8, 10, 9, 11, 10, 12, 11, 13, 12, 5, 13, 8, 12]",0.4040256561999999
8,18,"[3, 1, 2, 1, 1, 1, 1, 1]","[2, 2, 1, 1, 1, 1, 1, 1, 1, 1, 1, 1, 2, 2, 1, 1, 1, 1]","[0, 1, 1, 2, 2, 3, 3, 4, 4, 5, 5, 6, 6, 7, 5, 1, 7, 3]","[1, 0, 2, 1, 3, 2, 4, 3, 5, 4, 6, 5, 7, 6, 1, 5, 3, 7]",0.9361608079
15,30,"[4, 3, 1, 3, 1, 1, 1, 1, 2, 1, 1, 1, 1, 1, 1]","[1, 1, 2, 2, 1, 1, 1, 1, 1, 1, 1, 1, 1, 1, 1, 1, 1, 1, 1, 1, 1, 1, 1, 1, 1, 1, 1, 1, 1, 1]","[1, 2, 2, 3, 2, 4, 4, 5, 5, 6, 6, 7, 7, 8, 6, 9, 9, 10, 10, 11, 11, 12, 12, 13, 13, 14, 8, 4, 14, 9]","[2, 1, 3, 2, 4, 2, 5, 4, 6, 5, 7, 6, 8, 7, 9, 6, 10, 9, 11, 10, 12, 11, 13, 12, 14, 13, 4, 8, 9, 14]",0.631268384
78,162,"[1, 1, 1, 1, 1, 1, 1, 1, 1, 1, 1, 1, 1, 1, 1, 1, 1, 1, 1, 1, 3, 1, 1, 1, 3, 1, 1, 1, 1, 1, 1, 1, 1, 1, 1, 1, 1, 1, 1, 1, 1, 1, 1, 1, 1, 1, 3, 1, 1, 1, 3, 1, 1, 1, 1, 1, 1, 1, 1, 1, 1, 1, 1, 1, 1, 1, 1, 1, 1, 1, 1, 1, 3, 1, 1, 1, 3, 1]","[1, 1, 1, 1, 1, 1, 1, 1, 1, 1, 1, 1, 2, 2, 1, 1, 1, 1, 1, 1, 1, 1, 1, 1, 1, 1, 1, 1, 1, 1, 3, 3, 3, 3, 3, 3, 3, 3, 1, 1, 1, 1, 1, 1, 1, 1, 1, 1, 3, 3, 1, 1, 1, 1, 1, 1, 2, 2, 1, 1, 1, 1, 2, 2, 1, 1, 1, 1, 1, 1, 1, 1, 1, 1, 1, 1, 1, 1, 1, 1, 3, 3, 3, 3, 3, 3, 3, 3, 1, 1, 1, 1, 1, 1, 1, 1, 1, 1, 3, 3, 2, 2, 1, 1, 1, 1, 2, 2, 1, 1, 1, 1, 2, 2, 1, 1, 1, 1, 1, 1, 1, 1, 1, 1, 1, 1, 1, 1, 1, 1, 3, 3, 3, 3, 3, 3, 3, 3, 1, 1, 1, 1, 1, 1, 1, 1, 1, 1, 3, 3, 3, 3, 1, 1, 3, 3, 1, 1, 3, 3, 1, 1]","[0, 1, 1, 2, 2, 3, 3, 4, 4, 5, 5, 6, 6, 7, 7, 8, 8, 9, 9, 10, 10, 11, 11, 12, 12, 13, 13, 14, 14, 15, 15, 16, 16, 17, 17, 18, 18, 19, 19, 20, 20, 21, 21, 22, 22, 23, 23, 24, 19, 25, 26, 27, 27, 28, 28, 29, 29, 30, 30, 31, 31, 32, 32, 33, 33, 34, 34, 35, 35, 36, 36, 37, 37, 38, 38, 39, 39, 40, 40, 41, 41, 42, 42, 43, 43, 44, 44, 45, 45, 46, 46, 47, 47, 48, 48, 49, 49, 50, 45, 51, 52, 53, 53, 54, 54, 55, 55, 56, 56, 57, 57, 58, 58, 59, 59, 60, 60, 61, 61, 62, 62, 63, 63, 64, 64, 65, 65, 66, 66, 67, 67, 68, 68, 69, 69, 70, 70, 71, 71, 72, 72, 73, 73, 74, 74, 75, 75, 76, 71, 77, 25, 15, 24, 22, 51, 41, 50, 48, 77, 67, 76, 74]","[1, 0, 2, 1, 3, 2, 4, 3, 5, 4, 6, 5, 7, 6, 8, 7, 9, 8, 10, 9, 11, 10, 12, 11, 13, 12, 14, 13, 15, 14, 16, 15, 17, 16, 18, 17, 19, 18, 20, 19, 21, 20, 22, 21, 23, 22, 24, 23, 25, 19, 27, 26, 28, 27, 29, 28, 30, 29, 31, 30, 32, 31, 33, 32, 34, 33, 35, 34, 36, 35, 37, 36, 38, 37, 39, 38, 40, 39, 41, 40, 42, 41, 43, 42, 44, 43, 45, 44, 46, 45, 47, 46, 48, 47, 49, 48, 50, 49, 51, 45, 53, 52, 54, 53, 55, 54, 56, 55, 57, 56, 58, 57, 59, 58, 60, 59, 61, 60, 62, 61, 63, 62, 64, 63, 65, 64, 66, 65, 67, 66, 68, 67, 69, 68, 70, 69, 71, 70, 72, 71, 73, 72, 74, 73, 75, 74, 76, 75, 77, 71, 15, 25, 22, 24, 41, 51, 48, 50, 67, 77, 74, 76]",-6.0798516889
36,78,"[3, 1, 1, 1, 1, 1, 3, 1, 3, 1, 3, 1, 1, 1, 1, 3, 8, 3, 3, 1, 1, 1, 1, 1, 1, 3, 1, 1, 1, 1, 2, 2, 2, 2, 1, 1]","[1, 1, 3, 3, 3, 3, 3, 3, 3, 3, 1, 1, 3, 3, 1, 1, 1, 1, 2, 2, 1, 1, 3, 3, 3, 3, 3, 3, 1, 1, 1, 1, 2, 2, 2, 2, 1, 1, 3, 3, 3, 3, 3, 3, 3, 3, 1, 1, 2, 2, 1, 1, 2, 2, 1, 1, 1, 1, 1, 1, 2, 2, 1, 1, 2, 2, 3, 3, 3, 3, 3, 3, 3, 3, 3, 3, 3, 3]","[0, 1, 1, 2, 2, 3, 3, 4, 4, 5, 5, 6, 5, 7, 7, 8, 4, 9, 9, 10, 9, 11, 11, 12, 12, 13, 13, 14, 14, 15, 15, 16, 16, 17, 16, 18, 16, 19, 19, 20, 20, 21, 21, 22, 22, 23, 23, 24, 24, 25, 24, 26, 26, 27, 27, 28, 28, 29, 26, 30, 30, 31, 31, 32, 32, 33, 14, 34, 34, 35, 7, 1, 35, 11, 29, 19, 29, 23]","[1, 0, 2, 1, 3, 2, 4, 3, 5, 4, 6, 5, 7, 5, 8, 7, 9, 4, 10, 9, 11, 9, 12, 11, 13, 12, 14, 13, 15, 14, 16, 15, 17, 16, 18, 16, 19, 16, 20, 19, 21, 20, 22, 21, 23, 22, 24, 23, 25, 24, 26, 24, 27, 26, 28, 27, 29, 28, 30, 26, 31, 30, 32, 31, 33, 32, 34, 14, 35, 34, 1, 7, 11, 35, 19, 29, 23, 29]",-5.1052907305
90,180,"[1, 1, 3, 1, 1, 1, 1, 1, 1, 1, 1, 1, 1, 1, 1, 1, 1, 1, 1, 1, 3, 1, 1, 1, 1, 1, 1, 1, 1, 1, 1, 1, 1, 1, 1, 1, 1, 1, 3, 1, 1, 1, 1, 1, 1, 1, 1, 1, 1, 1, 1, 1, 1, 1, 1, 1, 3, 1, 1, 1, 1, 1, 1, 1, 1, 1, 1, 1, 1, 1, 1, 1, 1, 1, 1, 1, 1, 1, 1, 1, 1, 1, 1, 1, 1, 1, 1, 1, 1, 3]","[1, 1, 2, 2, 1, 1, 1, 1, 1, 1, 1, 1, 2, 2, 1, 1, 1, 1, 1, 1, 2, 2, 1, 1, 1, 1, 1, 1, 1, 1, 2, 2, 1, 1, 1, 1, 2, 2, 1, 1, 1, 1, 1, 1, 1, 1, 2, 2, 1, 1, 1, 1, 1, 1, 2, 2, 1, 1, 1, 1, 1, 1, 1, 1, 2, 2, 1, 1, 1, 1, 2, 2, 1, 1, 1, 1, 1, 1, 1, 1, 2, 2, 1, 1, 1, 1, 1, 1, 2, 2, 1, 1, 1, 1, 1, 1, 2, 2, 1, 1, 1, 1, 1, 1, 2, 2, 1, 1, 1, 1, 1, 1, 1, 1, 2, 2, 1, 1, 1, 1, 1, 1, 2, 2, 1, 1, 1, 1, 1, 1, 2, 2, 1, 1, 1, 1, 1, 1, 2, 2, 1, 1, 1, 1, 1, 1, 2, 2, 1, 1, 1, 1, 1, 1, 1, 1, 2, 2, 1, 1, 1, 1, 1, 1, 1, 1, 1, 1, 2, 2, 1, 1, 1, 1, 1, 1, 1, 1, 1, 1]","[0, 1, 1, 2, 1, 3, 3, 4, 4, 5, 5, 6, 6, 7, 7, 8, 8, 9, 9, 10, 10, 11, 11, 12, 11, 13, 13, 14, 14, 15, 15, 16, 6, 17, 18, 19, 19, 20, 19, 21, 21, 22, 22, 23, 23, 24, 24, 25, 25, 26, 26, 27, 27, 28, 28, 29, 29, 30, 29, 31, 31, 32, 32, 33, 33, 34, 24, 35, 36, 37, 37, 38, 37, 39, 39, 40, 40, 41, 41, 42, 42, 43, 43, 44, 44, 45, 45, 46, 46, 47, 47, 48, 47, 49, 49, 50, 50, 51, 51, 52, 42, 53, 54, 55, 55, 56, 55, 57, 57, 58, 58, 59, 59, 60, 60, 61, 61, 62, 62, 63, 63, 64, 64, 65, 65, 66, 65, 67, 67, 68, 68, 69, 69, 70, 60, 71, 72, 73, 73, 74, 74, 75, 75, 76, 76, 77, 77, 78, 78, 79, 78, 80, 80, 81, 81, 82, 82, 83, 83, 84, 83, 85, 85, 86, 82, 87, 87, 88, 87, 89, 15, 3, 33, 21, 51, 39, 69, 57, 86, 73]","[1, 0, 2, 1, 3, 1, 4, 3, 5, 4, 6, 5, 7, 6, 8, 7, 9, 8, 10, 9, 11, 10, 12, 11, 13, 11, 14, 13, 15, 14, 16, 15, 17, 6, 19, 18, 20, 19, 21, 19, 22, 21, 23, 22, 24, 23, 25, 24, 26, 25, 27, 26, 28, 27, 29, 28, 30, 29, 31, 29, 32, 31, 33, 32, 34, 33, 35, 24, 37, 36, 38, 37, 39, 37, 40, 39, 41, 40, 42, 41, 43, 42, 44, 43, 45, 44, 46, 45, 47, 46, 48, 47, 49, 47, 50, 49, 51, 50, 52, 51, 53, 42, 55, 54, 56, 55, 57, 55, 58, 57, 59, 58, 60, 59, 61, 60, 62, 61, 63, 62, 64, 63, 65, 64, 66, 65, 67, 65, 68, 67, 69, 68, 70, 69, 71, 60, 73, 72, 74, 73, 75, 74, 76, 75, 77, 76, 78, 77, 79, 78, 80, 78, 81, 80, 82, 81, 83, 82, 84, 83, 85, 83, 86, 85, 87, 82, 88, 87, 89, 87, 3, 15, 21, 33, 39, 51, 57, 69, 73, 86]",-5.4491260218
20,40,"[3, 2, 3, 2, 1, 2, 1, 2, 1, 2, 1, 2, 3, 3, 2, 3, 3, 2, 3, 3]","[1, 1, 2, 2, 1, 1, 1, 1, 1, 1, 1, 1, 1, 1, 1, 1, 1, 1, 1, 1, 1, 1, 1, 1, 2, 2, 1, 1, 1, 1, 2, 2, 1, 1, 1, 1, 2, 2, 1, 1]","[0, 1, 1, 2, 1, 3, 3, 4, 4, 5, 5, 6, 6, 7, 7, 8, 8, 9, 9, 10, 9, 11, 11, 12, 11, 13, 7, 14, 14, 15, 14, 16, 5, 17, 17, 18, 17, 19, 10, 3]","[1, 0, 2, 1, 3, 1, 4, 3, 5, 4, 6, 5, 7, 6, 8, 7, 9, 8, 10, 9, 11, 9, 12, 11, 13, 11, 14, 7, 15, 14, 16, 14, 17, 5, 18, 17, 19, 17, 3, 10]",-4.8251168095
23,50,"[3, 1, 3, 1, 1, 1, 1, 1, 1, 1, 3, 1, 1, 1, 1, 1, 1, 1, 1, 1, 1, 1, 1]","[1, 1, 2, 2, 1, 1, 3, 3, 3, 3, 3, 3, 3, 3, 3, 3, 1, 1, 2, 2, 1, 1, 3, 3, 3, 3, 3, 3, 3, 3, 3, 3, 1, 1, 3, 3, 3, 3, 3, 3, 3, 3, 3, 3, 3, 3, 3, 3, 3, 3]","[0, 1, 1, 2, 1, 3, 3, 4, 4, 5, 5, 6, 6, 7, 7, 8, 8, 9, 9, 10, 9, 11, 11, 12, 12, 13, 13, 14, 14, 15, 15, 16, 14, 17, 17, 18, 18, 19, 19, 20, 20, 21, 21, 22, 8, 3, 16, 11, 22, 17]","[1, 0, 2, 1, 3, 1, 4, 3, 5, 4, 6, 5, 7, 6, 8, 7, 9, 8, 10, 9, 11, 9, 12, 11, 13, 12, 14, 13, 15, 14, 16, 15, 17, 14, 18, 17, 19, 18, 20, 19, 21, 20, 22, 21, 3, 8, 11, 16, 17, 22]",-4.8282334666
21,46,"[3, 1, 1, 1, 1, 1, 1, 1, 1, 1, 1, 1, 3, 1, 1, 1, 1, 1, 1, 1, 2]","[1, 1, 3, 3, 3, 3, 3, 3, 3, 3, 3, 3, 1, 1, 1, 1, 3, 3, 3, 3, 3, 3, 1, 1, 3, 3, 3, 3, 1, 1, 3, 3, 3, 3, 3, 3, 3, 3, 3, 3, 3, 3, 3, 3, 3, 3]","[0, 1, 1, 2, 2, 3, 3, 4, 4, 5, 5, 6, 4, 7, 7, 8, 8, 9, 9, 10, 10, 11, 11, 12, 11, 13, 13, 14, 7, 15, 15, 16, 16, 17, 17, 18, 18, 19, 19, 20, 6, 1, 14, 8, 20, 15]","[1, 0, 2, 1, 3, 2, 4, 3, 5, 4, 6, 5, 7, 4, 8, 7, 9, 8, 10, 9, 11, 10, 12, 11, 13, 11, 14, 13, 15, 7, 16, 15, 17, 16, 18, 17, 19, 18, 20, 19, 1, 6, 8, 14, 15, 20]",-4.523907797200001
31,66,"[1, 1, 2, 1, 1, 3, 1, 1, 1, 1, 1, 1, 1, 1, 1, 1, 1, 1, 1, 1, 1, 1, 1, 1, 1, 2, 1, 2, 1, 1, 1]","[1, 1, 1, 1, 1, 1, 1, 1, 1, 1, 1, 1, 3, 3, 3, 3, 3, 3, 3, 3, 3, 3, 1, 1, 1, 1, 1, 1, 1, 1, 1, 1, 1, 1, 1, 1, 3, 3, 3, 3, 3, 3, 1, 1, 2, 2, 1, 1, 4, 4, 1, 1, 4, 4, 3, 3, 1, 1, 3, 3, 3, 3, 1, 1, 3, 3]","[0, 1, 1, 2, 2, 3, 3, 4, 4, 5, 5, 6, 6, 7, 7, 8, 8, 9, 9, 10, 10, 11, 9, 12, 12, 13, 13, 14, 14, 15, 15, 16, 16, 17, 2, 18, 18, 19, 19, 20, 20, 21, 21, 22, 22, 23, 23, 24, 24, 25, 23, 26, 26, 27, 21, 28, 28, 29, 28, 30, 11, 6, 17, 12, 30, 18]","[1, 0, 2, 1, 3, 2, 4, 3, 5, 4, 6, 5, 7, 6, 8, 7, 9, 8, 10, 9, 11, 10, 12, 9, 13, 12, 14, 13, 15, 14, 16, 15, 17, 16, 18, 2, 19, 18, 20, 19, 21, 20, 22, 21, 23, 22, 24, 23, 25, 24, 26, 23, 27, 26, 28, 21, 29, 28, 30, 28, 6, 11, 12, 17, 18, 30]",-8.3860948559
15,32,"[1, 1, 1, 1, 3, 1, 1, 1, 1, 1, 3, 1, 1, 1, 1]","[1, 1, 1, 1, 1, 1, 1, 1, 1, 1, 1, 1, 1, 1, 1, 1, 1, 1, 1, 1, 1, 1, 1, 1, 1, 1, 1, 1, 1, 1, 1, 1]","[0, 1, 1, 2, 1, 3, 3, 4, 4, 5, 5, 6, 6, 7, 7, 8, 8, 9, 5, 10, 10, 11, 11, 12, 12, 13, 12, 14, 12, 3, 9, 5]","[1, 0, 2, 1, 3, 1, 4, 3, 5, 4, 6, 5, 7, 6, 8, 7, 9, 8, 10, 5, 11, 10, 12, 11, 13, 12, 14, 12, 3, 12, 5, 9]",-3.5242437705
23,50,"[1, 1, 1, 1, 1, 1, 1, 1, 1, 1, 1, 1, 3, 1, 1, 1, 1, 1, 3, 1, 1, 1, 3]","[1, 1, 1, 1, 1, 1, 1, 1, 2, 2, 1, 1, 1, 1, 1, 1, 1, 1, 3, 3, 3, 3, 1, 1, 1, 1, 3, 3, 3, 3, 3, 3, 1, 1, 2, 2, 1, 1, 1, 1, 1, 1, 2, 2, 1, 1, 1, 1, 3, 3]","[0, 1, 1, 2, 2, 3, 3, 4, 4, 5, 5, 6, 6, 7, 7, 8, 8, 9, 9, 10, 10, 11, 11, 12, 12, 13, 11, 14, 14, 15, 15, 16, 2, 17, 17, 18, 17, 19, 19, 20, 20, 21, 21, 22, 21, 2, 16, 5, 16, 9]","[1, 0, 2, 1, 3, 2, 4, 3, 5, 4, 6, 5, 7, 6, 8, 7, 9, 8, 10, 9, 11, 10, 12, 11, 13, 12, 14, 11, 15, 14, 16, 15, 17, 2, 18, 17, 19, 17, 20, 19, 21, 20, 22, 21, 2, 21, 5, 16, 9, 16]",-4.172504242
18,38,"[3, 1, 3, 1, 1, 1, 1, 1, 1, 1, 1, 1, 1, 1, 1, 1, 1, 1]","[2, 2, 1, 1, 1, 1, 1, 1, 1, 1, 1, 1, 3, 3, 3, 3, 3, 3, 3, 3, 3, 3, 1, 1, 3, 3, 3, 3, 3, 3, 3, 3, 3, 3, 3, 3, 3, 3]","[0, 1, 1, 2, 2, 3, 3, 4, 4, 5, 5, 6, 6, 7, 7, 8, 8, 9, 9, 10, 10, 11, 1, 12, 12, 13, 13, 14, 14, 15, 15, 16, 16, 17, 11, 6, 17, 12]","[1, 0, 2, 1, 3, 2, 4, 3, 5, 4, 6, 5, 7, 6, 8, 7, 9, 8, 10, 9, 11, 10, 12, 1, 13, 12, 14, 13, 15, 14, 16, 15, 17, 16, 6, 11, 12, 17]",-4.8009737888
21,48,"[3, 1, 2, 1, 1, 1, 3, 1, 3, 2, 1, 1, 1, 3, 1, 3, 2, 1, 1, 1, 3]","[2, 2, 3, 3, 1, 1, 1, 1, 1, 1, 1, 1, 3, 3, 2, 2, 3, 3, 1, 1, 1, 1, 1, 1, 1, 1, 3, 3, 2, 2, 3, 3, 1, 1, 1, 1, 1, 1, 1, 1, 3, 3, 1, 1, 1, 1, 1, 1]","[0, 1, 1, 2, 2, 3, 3, 4, 4, 5, 5, 6, 2, 7, 7, 8, 7, 9, 9, 10, 10, 11, 11, 12, 12, 13, 9, 14, 14, 15, 14, 16, 16, 17, 17, 18, 18, 19, 19, 20, 16, 1, 6, 4, 13, 11, 20, 18]","[1, 0, 2, 1, 3, 2, 4, 3, 5, 4, 6, 5, 7, 2, 8, 7, 9, 7, 10, 9, 11, 10, 12, 11, 13, 12, 14, 9, 15, 14, 16, 14, 17, 16, 18, 17, 19, 18, 20, 19, 1, 16, 4, 6, 11, 13, 18, 20]",-2.4688253265
43,94,"[1, 3, 1, 1, 1, 1, 1, 1, 3, 1, 1, 1, 3, 1, 1, 3, 1, 1, 3, 1, 3, 1, 1, 3, 1, 3, 1, 1, 1, 3, 1, 3, 1, 3, 1, 3, 1, 3, 1, 3, 1, 1, 3]","[1, 1, 1, 1, 3, 3, 3, 3, 3, 3, 3, 3, 3, 3, 1, 1, 1, 1, 3, 3, 3, 3, 2, 2, 3, 3, 3, 3, 1, 1, 3, 3, 3, 3, 1, 1, 1, 1, 1, 1, 1, 1, 1, 1, 1, 1, 1, 1, 1, 1, 1, 1, 1, 1, 1, 1, 1, 1, 1, 1, 1, 1, 1, 1, 1, 1, 1, 1, 1, 1, 1, 1, 1, 1, 1, 1, 1, 1, 3, 3, 3, 3, 3, 3, 3, 3, 3, 3, 3, 3, 1, 1, 1, 1]","[0, 1, 1, 2, 2, 3, 3, 4, 4, 5, 5, 6, 6, 7, 7, 8, 5, 9, 9, 10, 10, 11, 11, 12, 11, 13, 13, 14, 14, 15, 14, 16, 16, 17, 17, 18, 18, 19, 19, 20, 20, 21, 21, 22, 22, 23, 23, 24, 24, 25, 25, 26, 26, 27, 26, 28, 28, 29, 28, 30, 30, 31, 30, 32, 32, 33, 21, 34, 34, 35, 34, 36, 36, 37, 36, 38, 38, 39, 17, 40, 40, 41, 41, 42, 7, 2, 42, 9, 41, 13, 38, 19, 32, 24]","[1, 0, 2, 1, 3, 2, 4, 3, 5, 4, 6, 5, 7, 6, 8, 7, 9, 5, 10, 9, 11, 10, 12, 11, 13, 11, 14, 13, 15, 14, 16, 14, 17, 16, 18, 17, 19, 18, 20, 19, 21, 20, 22, 21, 23, 22, 24, 23, 25, 24, 26, 25, 27, 26, 28, 26, 29, 28, 30, 28, 31, 30, 32, 30, 33, 32, 34, 21, 35, 34, 36, 34, 37, 36, 38, 36, 39, 38, 40, 17, 41, 40, 42, 41, 2, 7, 9, 42, 13, 41, 19, 38, 24, 32]",-7.505541952200001
42,94,"[1, 8, 1, 2, 2, 1, 1, 1, 1, 1, 1, 1, 1, 2, 1, 1, 1, 1, 1, 1, 1, 1, 1, 8, 1, 2, 2, 1, 1, 1, 1, 1, 1, 1, 1, 2, 1, 1, 1, 1, 1, 1]","[1, 1, 1, 1, 3, 3, 3, 3, 3, 3, 1, 1, 3, 3, 3, 3, 3, 3, 3, 3, 3, 3, 3, 3, 3, 3, 1, 1, 3, 3, 3, 3, 3, 3, 3, 3, 3, 3, 1, 1, 2, 2, 1, 1, 1, 1, 1, 1, 3, 3, 3, 3, 3, 3, 1, 1, 3, 3, 3, 3, 3, 3, 3, 3, 3, 3, 3, 3, 3, 3, 1, 1, 3, 3, 3, 3, 3, 3, 3, 3, 3, 3, 3, 3, 3, 3, 3, 3, 3, 3, 3, 3, 3, 3]","[0, 1, 1, 2, 2, 3, 3, 4, 4, 5, 5, 6, 6, 7, 7, 8, 8, 9, 9, 10, 10, 11, 5, 12, 12, 13, 12, 14, 14, 15, 15, 16, 16, 17, 17, 18, 18, 19, 0, 20, 20, 21, 21, 22, 22, 23, 23, 24, 24, 25, 25, 26, 26, 27, 27, 28, 28, 29, 29, 30, 30, 31, 31, 32, 32, 33, 27, 34, 34, 35, 34, 36, 36, 37, 37, 38, 38, 39, 39, 40, 40, 41, 13, 2, 11, 6, 19, 14, 35, 24, 33, 28, 41, 36]","[1, 0, 2, 1, 3, 2, 4, 3, 5, 4, 6, 5, 7, 6, 8, 7, 9, 8, 10, 9, 11, 10, 12, 5, 13, 12, 14, 12, 15, 14, 16, 15, 17, 16, 18, 17, 19, 18, 20, 0, 21, 20, 22, 21, 23, 22, 24, 23, 25, 24, 26, 25, 27, 26, 28, 27, 29, 28, 30, 29, 31, 30, 32, 31, 33, 32, 34, 27, 35, 34, 36, 34, 37, 36, 38, 37, 39, 38, 40, 39, 41, 40, 2, 13, 6, 11, 14, 19, 24, 35, 28, 33, 36, 41]",-7.025125554700001
16,32,"[1, 11, 1, 3, 11, 1, 1, 3, 11, 1, 1, 3, 11, 1, 1, 3]","[1, 1, 1, 1, 1, 1, 1, 1, 1, 1, 1, 1, 1, 1, 1, 1, 1, 1, 1, 1, 1, 1, 1, 1, 1, 1, 1, 1, 1, 1, 1, 1]","[0, 1, 1, 2, 1, 3, 3, 4, 4, 5, 4, 6, 4, 7, 7, 8, 8, 9, 8, 10, 8, 11, 11, 12, 12, 13, 12, 14, 12, 15, 15, 1]","[1, 0, 2, 1, 3, 1, 4, 3, 5, 4, 6, 4, 7, 4, 8, 7, 9, 8, 10, 8, 11, 8, 12, 11, 13, 12, 14, 12, 15, 12, 1, 15]",-6.953686490700001
32,70,"[3, 1, 2, 1, 1, 1, 1, 1, 1, 8, 8, 1, 1, 1, 1, 1, 1, 2, 1, 3, 1, 1, 1, 1, 1, 1, 1, 1, 1, 1, 1, 1]","[2, 2, 1, 1, 1, 1, 3, 3, 3, 3, 3, 3, 3, 3, 3, 3, 1, 1, 1, 1, 1, 1, 3, 3, 3, 3, 3, 3, 3, 3, 3, 3, 1, 1, 1, 1, 2, 2, 1, 1, 3, 3, 3, 3, 3, 3, 3, 3, 3, 3, 1, 1, 3, 3, 3, 3, 3, 3, 3, 3, 3, 3, 3, 3, 3, 3, 3, 3, 3, 3]","[0, 1, 1, 2, 2, 3, 3, 4, 4, 5, 5, 6, 6, 7, 7, 8, 8, 9, 9, 10, 10, 11, 11, 12, 12, 13, 13, 14, 14, 15, 15, 16, 16, 17, 17, 18, 18, 19, 18, 20, 20, 21, 21, 22, 22, 23, 23, 24, 24, 25, 1, 26, 26, 27, 27, 28, 28, 29, 29, 30, 30, 31, 8, 3, 16, 11, 25, 20, 31, 26]","[1, 0, 2, 1, 3, 2, 4, 3, 5, 4, 6, 5, 7, 6, 8, 7, 9, 8, 10, 9, 11, 10, 12, 11, 13, 12, 14, 13, 15, 14, 16, 15, 17, 16, 18, 17, 19, 18, 20, 18, 21, 20, 22, 21, 23, 22, 24, 23, 25, 24, 26, 1, 27, 26, 28, 27, 29, 28, 30, 29, 31, 30, 3, 8, 11, 16, 20, 25, 26, 31]",-6.9782870605
37,82,"[1, 2, 1, 1, 1, 1, 1, 1, 1, 1, 3, 1, 1, 1, 1, 1, 1, 2, 1, 1, 1, 1, 1, 1, 2, 1, 1, 1, 1, 1, 1, 1, 1, 1, 1, 1, 1]","[1, 1, 1, 1, 1, 1, 3, 3, 3, 3, 3, 3, 3, 3, 3, 3, 1, 1, 1, 1, 1, 1, 3, 3, 3, 3, 3, 3, 3, 3, 3, 3, 1, 1, 1, 1, 1, 1, 1, 1, 3, 3, 3, 3, 3, 3, 1, 1, 1, 1, 3, 3, 3, 3, 3, 3, 3, 3, 3, 3, 3, 3, 3, 3, 3, 3, 3, 3, 3, 3, 3, 3, 3, 3, 3, 3, 3, 3, 3, 3, 3, 3]","[0, 1, 1, 2, 1, 3, 3, 4, 4, 5, 5, 6, 6, 7, 7, 8, 6, 9, 9, 10, 9, 11, 11, 12, 12, 13, 13, 14, 14, 15, 15, 16, 14, 17, 17, 18, 17, 19, 9, 20, 20, 21, 21, 22, 22, 23, 23, 24, 24, 25, 25, 26, 26, 27, 27, 28, 28, 29, 29, 30, 23, 31, 31, 32, 32, 33, 33, 34, 34, 35, 35, 36, 8, 3, 16, 11, 36, 20, 30, 25, 36, 31]","[1, 0, 2, 1, 3, 1, 4, 3, 5, 4, 6, 5, 7, 6, 8, 7, 9, 6, 10, 9, 11, 9, 12, 11, 13, 12, 14, 13, 15, 14, 16, 15, 17, 14, 18, 17, 19, 17, 20, 9, 21, 20, 22, 21, 23, 22, 24, 23, 25, 24, 26, 25, 27, 26, 28, 27, 29, 28, 30, 29, 31, 23, 32, 31, 33, 32, 34, 33, 35, 34, 36, 35, 3, 8, 11, 16, 20, 36, 25, 30, 31, 36]",-6.9891355524000005
18,40,"[1, 1, 1, 1, 1, 1, 1, 1, 1, 1, 1, 1, 1, 1, 1, 1, 1, 1]","[1, 1, 1, 1, 2, 2, 1, 1, 1, 1, 1, 1, 3, 3, 3, 3, 3, 3, 3, 3, 3, 3, 1, 1, 1, 1, 1, 1, 1, 1, 2, 2, 1, 1, 1, 1, 3, 3, 1, 1]","[0, 1, 1, 2, 2, 3, 3, 4, 4, 5, 4, 6, 6, 7, 7, 8, 8, 9, 9, 10, 10, 11, 9, 12, 12, 13, 13, 14, 14, 15, 15, 16, 16, 17, 5, 0, 11, 6, 17, 12]","[1, 0, 2, 1, 3, 2, 4, 3, 5, 4, 6, 4, 7, 6, 8, 7, 9, 8, 10, 9, 11, 10, 12, 9, 13, 12, 14, 13, 15, 14, 16, 15, 17, 16, 0, 5, 6, 11, 12, 17]",-6.5919290491
21,48,"[1, 2, 1, 3, 1, 1, 1, 1, 1, 1, 1, 1, 1, 3, 1, 1, 0, 1, 1, 1, 1]","[1, 1, 3, 3, 2, 2, 3, 3, 3, 3, 1, 1, 3, 3, 3, 3, 3, 3, 3, 3, 3, 3, 1, 1, 2, 2, 1, 1, 3, 3, 1, 1, 3, 3, 3, 3, 3, 3, 3, 3, 3, 3, 3, 3, 3, 3, 3, 3]","[0, 1, 1, 2, 2, 3, 2, 4, 4, 5, 5, 6, 6, 7, 7, 8, 8, 9, 9, 10, 10, 11, 11, 12, 12, 13, 12, 14, 14, 15, 15, 16, 15, 17, 17, 18, 18, 19, 19, 20, 19, 1, 20, 5, 11, 6, 20, 14]","[1, 0, 2, 1, 3, 2, 4, 2, 5, 4, 6, 5, 7, 6, 8, 7, 9, 8, 10, 9, 11, 10, 12, 11, 13, 12, 14, 12, 15, 14, 16, 15, 17, 15, 18, 17, 19, 18, 20, 19, 1, 19, 5, 20, 6, 11, 14, 20]",-6.6804453214
18,40,"[1, 3, 1, 1, 1, 1, 1, 1, 1, 1, 1, 1, 1, 1, 1, 1, 1, 1]","[1, 1, 1, 1, 3, 3, 3, 3, 3, 3, 3, 3, 3, 3, 3, 3, 3, 3, 3, 3, 3, 3, 1, 1, 3, 3, 3, 3, 3, 3, 3, 3, 3, 3, 3, 3, 3, 3, 3, 3]","[0, 1, 1, 2, 2, 3, 3, 4, 4, 5, 5, 6, 6, 7, 7, 8, 8, 9, 9, 10, 10, 11, 0, 12, 12, 13, 13, 14, 14, 15, 15, 16, 16, 17, 11, 2, 10, 5, 17, 12]","[1, 0, 2, 1, 3, 2, 4, 3, 5, 4, 6, 5, 7, 6, 8, 7, 9, 8, 10, 9, 11, 10, 12, 0, 13, 12, 14, 13, 15, 14, 16, 15, 17, 16, 2, 11, 5, 10, 12, 17]",-6.4776739787
15,32,"[1, 1, 1, 1, 1, 1, 1, 1, 1, 1, 1, 1, 1, 1, 1]","[1, 1, 2, 2, 1, 1, 1, 1, 1, 1, 2, 2, 1, 1, 1, 1, 1, 1, 1, 1, 1, 1, 1, 1, 1, 1, 1, 1, 1, 1, 1, 1]","[0, 1, 1, 2, 2, 3, 3, 4, 4, 5, 5, 6, 5, 7, 7, 8, 8, 9, 9, 10, 9, 11, 9, 12, 12, 13, 13, 14, 14, 1, 12, 7]","[1, 0, 2, 1, 3, 2, 4, 3, 5, 4, 6, 5, 7, 5, 8, 7, 9, 8, 10, 9, 11, 9, 12, 9, 13, 12, 14, 13, 1, 14, 7, 12]",-6.3372616649
14,34,"[1, 1, 3, 1, 1, 1, 1, 1, 1, 1, 1, 1, 1, 1]","[1, 1, 1, 1, 1, 1, 1, 1, 1, 1, 1, 1, 1, 1, 1, 1, 1, 1, 1, 1, 1, 1, 1, 1, 1, 1, 1, 1, 1, 1, 1, 1, 1, 1]","[0, 1, 1, 2, 2, 3, 3, 4, 3, 5, 5, 6, 6, 7, 7, 8, 8, 9, 9, 10, 10, 11, 11, 12, 12, 13, 4, 0, 8, 3, 13, 6, 13, 9]","[1, 0, 2, 1, 3, 2, 4, 3, 5, 3, 6, 5, 7, 6, 8, 7, 9, 8, 10, 9, 11, 10, 12, 11, 13, 12, 0, 4, 3, 8, 6, 13, 9, 13]",-5.941561120199999
49,110,"[1, 1, 1, 1, 1, 2, 1, 4, 1, 1, 3, 2, 1, 1, 1, 1, 1, 1, 1, 1, 1, 1, 1, 1, 1, 1, 2, 2, 2, 2, 1, 1, 1, 1, 1, 1, 1, 1, 1, 1, 1, 1, 1, 1, 1, 1, 1, 1, 1]","[1, 1, 1, 1, 1, 1, 1, 1, 3, 3, 3, 3, 1, 1, 3, 3, 1, 1, 1, 1, 3, 3, 1, 1, 1, 1, 3, 3, 3, 3, 3, 3, 3, 3, 3, 3, 1, 1, 3, 3, 3, 3, 3, 3, 3, 3, 3, 3, 1, 1, 3, 3, 3, 3, 3, 3, 3, 3, 1, 1, 1, 1, 3, 3, 3, 3, 3, 3, 3, 3, 3, 3, 1, 1, 3, 3, 3, 3, 3, 3, 3, 3, 3, 3, 1, 1, 3, 3, 3, 3, 3, 3, 3, 3, 3, 3, 3, 3, 3, 3, 3, 3, 3, 3, 3, 3, 3, 3, 3, 3]","[0, 1, 1, 2, 2, 3, 3, 4, 4, 5, 5, 6, 6, 7, 6, 8, 8, 9, 9, 10, 8, 11, 11, 12, 12, 13, 13, 14, 14, 15, 15, 16, 16, 17, 17, 18, 16, 19, 19, 20, 20, 21, 21, 22, 22, 23, 23, 24, 24, 25, 25, 26, 26, 27, 27, 28, 28, 29, 28, 30, 30, 31, 31, 32, 32, 33, 33, 34, 34, 35, 35, 36, 30, 37, 37, 38, 38, 39, 39, 40, 40, 41, 41, 42, 30, 43, 43, 44, 44, 45, 45, 46, 46, 47, 47, 48, 11, 4, 18, 13, 24, 19, 29, 25, 36, 31, 42, 37, 48, 43]","[1, 0, 2, 1, 3, 2, 4, 3, 5, 4, 6, 5, 7, 6, 8, 6, 9, 8, 10, 9, 11, 8, 12, 11, 13, 12, 14, 13, 15, 14, 16, 15, 17, 16, 18, 17, 19, 16, 20, 19, 21, 20, 22, 21, 23, 22, 24, 23, 25, 24, 26, 25, 27, 26, 28, 27, 29, 28, 30, 28, 31, 30, 32, 31, 33, 32, 34, 33, 35, 34, 36, 35, 37, 30, 38, 37, 39, 38, 40, 39, 41, 40, 42, 41, 43, 30, 44, 43, 45, 44, 46, 45, 47, 46, 48, 47, 4, 11, 13, 18, 19, 24, 25, 29, 31, 36, 37, 42, 43, 48]",-6.4612511717
18,38,"[1, 1, 1, 1, 1, 1, 1, 1, 1, 1, 1, 1, 1, 1, 1, 1, 1, 1]","[1, 1, 1, 1, 1, 1, 1, 1, 2, 2, 1, 1, 3, 3, 3, 3, 3, 3, 3, 3, 3, 3, 1, 1, 3, 3, 3, 3, 3, 3, 3, 3, 3, 3, 3, 3, 3, 3]","[0, 1, 1, 2, 1, 3, 3, 4, 4, 5, 4, 6, 6, 7, 7, 8, 8, 9, 9, 10, 10, 11, 1, 12, 12, 13, 13, 14, 14, 15, 15, 16, 16, 17, 11, 6, 17, 12]","[1, 0, 2, 1, 3, 1, 4, 3, 5, 4, 6, 4, 7, 6, 8, 7, 9, 8, 10, 9, 11, 10, 12, 1, 13, 12, 14, 13, 15, 14, 16, 15, 17, 16, 6, 11, 12, 17]",-6.0118424704
22,50,"[1, 1, 1, 1, 1, 3, 1, 1, 1, 1, 3, 1, 1, 1, 1, 1, 1, 1, 2, 2, 1, 1]","[1, 1, 3, 3, 3, 3, 3, 3, 3, 3, 3, 3, 1, 1, 2, 2, 1, 1, 3, 3, 3, 3, 3, 3, 3, 3, 3, 3, 1, 1, 3, 3, 3, 3, 3, 3, 3, 3, 3, 3, 3, 3, 3, 3, 3, 3, 3, 3, 3, 3]","[0, 1, 1, 2, 2, 3, 3, 4, 4, 5, 5, 6, 6, 7, 7, 8, 8, 9, 9, 10, 10, 11, 11, 12, 12, 13, 13, 14, 14, 15, 14, 16, 16, 17, 17, 18, 6, 19, 19, 20, 20, 21, 21, 1, 20, 4, 18, 9, 17, 11]","[1, 0, 2, 1, 3, 2, 4, 3, 5, 4, 6, 5, 7, 6, 8, 7, 9, 8, 10, 9, 11, 10, 12, 11, 13, 12, 14, 13, 15, 14, 16, 14, 17, 16, 18, 17, 19, 6, 20, 19, 21, 20, 1, 21, 4, 20, 9, 18, 11, 17]",-6.0004819491
17,34,"[3, 1, 1, 1, 1, 1, 1, 1, 1, 1, 1, 1, 1, 1, 1, 1, 3]","[2, 2, 1, 1, 1, 1, 1, 1, 1, 1, 1, 1, 1, 1, 1, 1, 1, 1, 1, 1, 1, 1, 1, 1, 1, 1, 1, 1, 1, 1, 1, 1, 1, 1]","[0, 1, 1, 2, 2, 3, 3, 4, 4, 5, 5, 6, 6, 7, 7, 8, 8, 9, 9, 10, 10, 11, 11, 12, 12, 13, 13, 14, 14, 15, 15, 16, 16, 1]","[1, 0, 2, 1, 3, 2, 4, 3, 5, 4, 6, 5, 7, 6, 8, 7, 9, 8, 10, 9, 11, 10, 12, 11, 13, 12, 14, 13, 15, 14, 16, 15, 1, 16]",-5.9037897228
88,176,"[1, 1, 1, 1, 1, 1, 1, 1, 1, 1, 1, 1, 1, 1, 1, 1, 1, 1, 1, 1, 3, 1, 1, 1, 1, 1, 1, 1, 1, 1, 1, 1, 1, 1, 1, 1, 1, 1, 1, 1, 1, 1, 3, 1, 1, 1, 1, 1, 1, 1, 1, 1, 1, 1, 1, 1, 1, 1, 1, 1, 1, 1, 1, 1, 3, 1, 3, 1, 1, 1, 1, 1, 1, 1, 1, 1, 1, 1, 1, 1, 1, 1, 1, 1, 1, 1, 1, 1]","[1, 1, 1, 1, 1, 1, 1, 1, 1, 1, 1, 1, 1, 1, 1, 1, 1, 1, 1, 1, 1, 1, 1, 1, 1, 1, 1, 1, 1, 1, 3, 3, 3, 3, 3, 3, 3, 3, 1, 1, 3, 3, 1, 1, 1, 1, 1, 1, 1, 1, 1, 1, 1, 1, 1, 1, 2, 2, 1, 1, 1, 1, 1, 1, 1, 1, 1, 1, 1, 1, 1, 1, 3, 3, 3, 3, 3, 3, 3, 3, 1, 1, 3, 3, 1, 1, 1, 1, 1, 1, 1, 1, 2, 2, 1, 1, 1, 1, 2, 2, 1, 1, 1, 1, 1, 1, 1, 1, 1, 1, 1, 1, 1, 1, 3, 3, 3, 3, 3, 3, 3, 3, 1, 1, 3, 3, 1, 1, 3, 3, 3, 3, 3, 3, 3, 3, 1, 1, 1, 1, 1, 1, 1, 1, 1, 1, 1, 1, 1, 1, 2, 2, 1, 1, 1, 1, 2, 2, 1, 1, 1, 1, 1, 1, 2, 2, 3, 3, 3, 3, 3, 3, 3, 3, 3, 3]","[0, 1, 1, 2, 2, 3, 3, 4, 4, 5, 5, 6, 6, 7, 7, 8, 8, 9, 9, 10, 10, 11, 11, 12, 12, 13, 13, 14, 14, 15, 15, 16, 16, 17, 17, 18, 18, 19, 19, 20, 19, 21, 22, 23, 23, 24, 24, 25, 25, 26, 26, 27, 27, 28, 28, 29, 29, 30, 30, 31, 31, 32, 32, 33, 33, 34, 34, 35, 35, 36, 36, 37, 37, 38, 38, 39, 39, 40, 40, 41, 41, 42, 41, 43, 44, 45, 45, 46, 46, 47, 47, 48, 48, 49, 49, 50, 50, 51, 51, 52, 52, 53, 53, 54, 54, 55, 55, 56, 56, 57, 57, 58, 58, 59, 59, 60, 60, 61, 61, 62, 62, 63, 63, 64, 63, 65, 66, 67, 67, 68, 68, 69, 69, 70, 70, 71, 71, 72, 72, 73, 73, 74, 74, 75, 75, 76, 76, 77, 77, 78, 78, 79, 79, 80, 80, 81, 81, 82, 82, 83, 83, 84, 84, 85, 85, 86, 71, 87, 21, 15, 43, 37, 65, 59, 87, 67]","[1, 0, 2, 1, 3, 2, 4, 3, 5, 4, 6, 5, 7, 6, 8, 7, 9, 8, 10, 9, 11, 10, 12, 11, 13, 12, 14, 13, 15, 14, 16, 15, 17, 16, 18, 17, 19, 18, 20, 19, 21, 19, 23, 22, 24, 23, 25, 24, 26, 25, 27, 26, 28, 27, 29, 28, 30, 29, 31, 30, 32, 31, 33, 32, 34, 33, 35, 34, 36, 35, 37, 36, 38, 37, 39, 38, 40, 39, 41, 40, 42, 41, 43, 41, 45, 44, 46, 45, 47, 46, 48, 47, 49, 48, 50, 49, 51, 50, 52, 51, 53, 52, 54, 53, 55, 54, 56, 55, 57, 56, 58, 57, 59, 58, 60, 59, 61, 60, 62, 61, 63, 62, 64, 63, 65, 63, 67, 66, 68, 67, 69, 68, 70, 69, 71, 70, 72, 71, 73, 72, 74, 73, 75, 74, 76, 75, 77, 76, 78, 77, 79, 78, 80, 79, 81, 80, 82, 81, 83, 82, 84, 83, 85, 84, 86, 85, 87, 71, 15, 21, 37, 43, 59, 65, 67, 87]",-6.5970388257
17,38,"[1, 1, 1, 1, 1, 1, 2, 8, 1, 8, 1, 1, 1, 1, 1, 1, 2]","[1, 1, 1, 1, 1, 1, 1, 1, 1, 1, 1, 1, 1, 1, 1, 1, 3, 3, 3, 3, 3, 3, 3, 3, 3, 3, 3, 3, 3, 3, 3, 3, 1, 1, 3, 3, 3, 3]","[0, 1, 1, 2, 2, 3, 3, 4, 4, 5, 3, 6, 6, 7, 7, 8, 8, 9, 9, 10, 10, 11, 11, 12, 12, 13, 13, 14, 14, 15, 15, 16, 5, 0, 16, 8, 15, 10]","[1, 0, 2, 1, 3, 2, 4, 3, 5, 4, 6, 3, 7, 6, 8, 7, 9, 8, 10, 9, 11, 10, 12, 11, 13, 12, 14, 13, 15, 14, 16, 15, 0, 5, 8, 16, 10, 15]",-5.9171426801
27,60,"[3, 1, 1, 1, 1, 3, 2, 1, 1, 1, 1, 1, 1, 1, 1, 1, 1, 1, 2, 1, 3, 1, 1, 1, 3, 1, 1]","[2, 2, 1, 1, 2, 2, 1, 1, 2, 2, 1, 1, 1, 1, 3, 3, 3, 3, 3, 3, 1, 1, 1, 1, 3, 3, 3, 3, 3, 3, 3, 3, 3, 3, 1, 1, 1, 1, 2, 2, 1, 1, 2, 2, 1, 1, 2, 2, 3, 3, 3, 3, 1, 1, 3, 3, 3, 3, 1, 1]","[0, 1, 1, 2, 2, 3, 3, 4, 4, 5, 4, 6, 6, 7, 7, 8, 8, 9, 9, 10, 10, 11, 11, 12, 12, 13, 13, 14, 14, 15, 15, 16, 16, 17, 15, 18, 18, 19, 19, 20, 19, 21, 21, 22, 22, 23, 23, 24, 10, 25, 25, 26, 6, 1, 26, 7, 17, 12, 23, 18]","[1, 0, 2, 1, 3, 2, 4, 3, 5, 4, 6, 4, 7, 6, 8, 7, 9, 8, 10, 9, 11, 10, 12, 11, 13, 12, 14, 13, 15, 14, 16, 15, 17, 16, 18, 15, 19, 18, 20, 19, 21, 19, 22, 21, 23, 22, 24, 23, 25, 10, 26, 25, 1, 6, 7, 26, 12, 17, 18, 23]",-5.9980085438
185,372,"[1, 1, 1, 1, 1, 1, 1, 1, 1, 1, 1, 1, 1, 1, 1, 1, 1, 1, 1, 1, 1, 1, 1, 1, 1, 1, 1, 1, 1, 1, 1, 1, 1, 1, 1, 1, 1, 1, 1, 1, 1, 1, 1, 1, 1, 1, 1, 1, 1, 1, 1, 1, 1, 1, 1, 1, 1, 1, 1, 1, 1, 1, 1, 1, 1, 1, 1, 1, 1, 1, 1, 1, 1, 1, 1, 1, 1, 1, 1, 1, 1, 1, 1, 1, 1, 1, 1, 1, 1, 1, 1, 1, 1, 1, 1, 1, 1, 1, 1, 1, 1, 1, 1, 1, 1, 1, 1, 1, 1, 1, 1, 1, 1, 1, 1, 1, 1, 1, 1, 1, 1, 1, 1, 1, 1, 1, 1, 1, 1, 1, 1, 1, 1, 1, 1, 1, 1, 1, 1, 1, 1, 1, 1, 1, 1, 1, 1, 1, 1, 1, 1, 1, 1, 1, 1, 1, 1, 1, 1, 1, 1, 1, 1, 1, 1, 1, 1, 1, 1, 1, 1, 1, 1, 1, 1, 1, 1, 1, 1, 1, 1, 1, 1, 1, 1]","[1, 1, 1, 1, 1, 1, 1, 1, 1, 1, 1, 1, 1, 1, 1, 1, 1, 1, 1, 1, 1, 1, 1, 1, 1, 1, 1, 1, 1, 1, 1, 1, 1, 1, 1, 1, 1, 1, 1, 1, 1, 1, 1, 1, 1, 1, 1, 1, 1, 1, 1, 1, 1, 1, 1, 1, 1, 1, 1, 1, 1, 1, 1, 1, 1, 1, 1, 1, 1, 1, 1, 1, 1, 1, 1, 1, 1, 1, 1, 1, 1, 1, 1, 1, 1, 1, 1, 1, 1, 1, 1, 1, 1, 1, 1, 1, 1, 1, 1, 1, 1, 1, 1, 1, 1, 1, 1, 1, 1, 1, 1, 1, 1, 1, 1, 1, 1, 1, 1, 1, 1, 1, 1, 1, 1, 1, 1, 1, 1, 1, 1, 1, 1, 1, 1, 1, 1, 1, 1, 1, 1, 1, 1, 1, 1, 1, 1, 1, 1, 1, 1, 1, 1, 1, 1, 1, 1, 1, 1, 1, 1, 1, 1, 1, 1, 1, 1, 1, 1, 1, 1, 1, 1, 1, 1, 1, 1, 1, 1, 1, 1, 1, 1, 1, 1, 1, 1, 1, 1, 1, 1, 1, 1, 1, 1, 1, 1, 1, 1, 1, 1, 1, 1, 1, 1, 1, 1, 1, 1, 1, 1, 1, 1, 1, 1, 1, 1, 1, 1, 1, 1, 1, 1, 1, 1, 1, 1, 1, 1, 1, 1, 1, 1, 1, 1, 1, 1, 1, 1, 1, 1, 1, 1, 1, 1, 1, 1, 1, 1, 1, 1, 1, 1, 1, 1, 1, 1, 1, 1, 1, 1, 1, 1, 1, 1, 1, 1, 1, 1, 1, 1, 1, 1, 1, 1, 1, 1, 1, 1, 1, 1, 1, 1, 1, 1, 1, 1, 1, 1, 1, 1, 1, 1, 1, 1, 1, 1, 1, 3, 3, 3, 3, 1, 1, 3, 3, 3, 3, 1, 1, 3, 3, 3, 3, 3, 3, 3, 3, 3, 3, 3, 3, 1, 1, 3, 3, 3, 3, 3, 3, 3, 3, 3, 3, 3, 3, 3, 3, 3, 3, 3, 3, 3, 3, 3, 3, 3, 3, 3, 3, 3, 3, 3, 3, 3, 3, 3, 3, 3, 3, 3, 3, 3, 3, 3, 3, 3, 3, 3, 3, 3, 3]","[0, 1, 1, 2, 2, 3, 3, 4, 4, 5, 5, 6, 6, 7, 7, 8, 8, 9, 9, 10, 10, 11, 11, 12, 12, 13, 13, 14, 14, 15, 15, 16, 16, 17, 17, 18, 18, 19, 19, 20, 20, 21, 21, 22, 22, 23, 23, 24, 24, 25, 25, 26, 26, 27, 27, 28, 28, 29, 29, 30, 30, 31, 31, 32, 32, 33, 33, 34, 34, 35, 35, 36, 36, 37, 37, 38, 38, 39, 39, 40, 40, 41, 41, 42, 42, 43, 43, 44, 44, 45, 45, 46, 46, 47, 47, 48, 48, 49, 49, 50, 50, 51, 51, 52, 52, 53, 53, 54, 54, 55, 55, 56, 56, 57, 57, 58, 58, 59, 59, 60, 60, 61, 61, 62, 62, 63, 63, 64, 64, 65, 65, 66, 66, 67, 67, 68, 68, 69, 69, 70, 70, 71, 71, 72, 72, 73, 74, 75, 75, 76, 76, 77, 77, 78, 78, 79, 79, 80, 80, 81, 81, 82, 82, 83, 83, 84, 84, 85, 85, 86, 86, 87, 87, 88, 88, 89, 89, 90, 90, 91, 91, 92, 92, 93, 93, 94, 94, 95, 95, 96, 96, 97, 97, 98, 98, 99, 99, 100, 100, 101, 101, 102, 102, 103, 103, 104, 104, 105, 105, 106, 106, 107, 107, 108, 108, 109, 109, 110, 110, 111, 111, 112, 112, 113, 113, 114, 110, 115, 115, 116, 116, 117, 117, 118, 110, 119, 119, 120, 120, 121, 121, 122, 122, 123, 123, 124, 124, 125, 125, 126, 126, 127, 127, 128, 128, 129, 129, 130, 130, 131, 131, 132, 132, 133, 133, 134, 134, 135, 135, 136, 136, 137, 137, 138, 134, 139, 139, 140, 140, 141, 141, 142, 134, 143, 143, 144, 144, 145, 145, 146, 146, 147, 148, 149, 149, 150, 150, 151, 151, 152, 152, 153, 153, 154, 153, 155, 155, 156, 156, 157, 156, 158, 159, 160, 160, 161, 161, 162, 162, 163, 163, 164, 162, 165, 165, 166, 166, 167, 167, 168, 168, 169, 169, 170, 171, 172, 172, 173, 173, 174, 174, 175, 175, 176, 176, 177, 177, 178, 178, 179, 179, 180, 180, 181, 181, 182, 182, 183, 183, 184, 158, 151, 164, 159, 170, 165, 184, 171, 183, 174, 181, 176]","[1, 0, 2, 1, 3, 2, 4, 3, 5, 4, 6, 5, 7, 6, 8, 7, 9, 8, 10, 9, 11, 10, 12, 11, 13, 12, 14, 13, 15, 14, 16, 15, 17, 16, 18, 17, 19, 18, 20, 19, 21, 20, 22, 21, 23, 22, 24, 23, 25, 24, 26, 25, 27, 26, 28, 27, 29, 28, 30, 29, 31, 30, 32, 31, 33, 32, 34, 33, 35, 34, 36, 35, 37, 36, 38, 37, 39, 38, 40, 39, 41, 40, 42, 41, 43, 42, 44, 43, 45, 44, 46, 45, 47, 46, 48, 47, 49, 48, 50, 49, 51, 50, 52, 51, 53, 52, 54, 53, 55, 54, 56, 55, 57, 56, 58, 57, 59, 58, 60, 59, 61, 60, 62, 61, 63, 62, 64, 63, 65, 64, 66, 65, 67, 66, 68, 67, 69, 68, 70, 69, 71, 70, 72, 71, 73, 72, 75, 74, 76, 75, 77, 76, 78, 77, 79, 78, 80, 79, 81, 80, 82, 81, 83, 82, 84, 83, 85, 84, 86, 85, 87, 86, 88, 87, 89, 88, 90, 89, 91, 90, 92, 91, 93, 92, 94, 93, 95, 94, 96, 95, 97, 96, 98, 97, 99, 98, 100, 99, 101, 100, 102, 101, 103, 102, 104, 103, 105, 104, 106, 105, 107, 106, 108, 107, 109, 108, 110, 109, 111, 110, 112, 111, 113, 112, 114, 113, 115, 110, 116, 115, 117, 116, 118, 117, 119, 110, 120, 119, 121, 120, 122, 121, 123, 122, 124, 123, 125, 124, 126, 125, 127, 126, 128, 127, 129, 128, 130, 129, 131, 130, 132, 131, 133, 132, 134, 133, 135, 134, 136, 135, 137, 136, 138, 137, 139, 134, 140, 139, 141, 140, 142, 141, 143, 134, 144, 143, 145, 144, 146, 145, 147, 146, 149, 148, 150, 149, 151, 150, 152, 151, 153, 152, 154, 153, 155, 153, 156, 155, 157, 156, 158, 156, 160, 159, 161, 160, 162, 161, 163, 162, 164, 163, 165, 162, 166, 165, 167, 166, 168, 167, 169, 168, 170, 169, 172, 171, 173, 172, 174, 173, 175, 174, 176, 175, 177, 176, 178, 177, 179, 178, 180, 179, 181, 180, 182, 181, 183, 182, 184, 183, 151, 158, 159, 164, 165, 170, 171, 184, 174, 183, 176, 181]",-6.8063026109
58,122,"[1, 1, 1, 1, 1, 1, 1, 1, 1, 1, 3, 1, 1, 1, 1, 3, 3, 1, 1, 3, 1, 3, 1, 1, 1, 1, 1, 1, 1, 3, 1, 1, 1, 1, 1, 1, 1, 1, 1, 1, 3, 1, 1, 1, 1, 1, 1, 1, 1, 1, 1, 3, 1, 1, 1, 1, 1, 1]","[1, 1, 1, 1, 1, 1, 1, 1, 3, 3, 3, 3, 3, 3, 3, 3, 3, 3, 1, 1, 1, 1, 1, 1, 1, 1, 1, 1, 2, 2, 1, 1, 1, 1, 1, 1, 1, 1, 1, 1, 2, 2, 1, 1, 1, 1, 1, 1, 1, 1, 3, 3, 3, 3, 3, 3, 1, 1, 3, 3, 3, 3, 1, 1, 1, 1, 1, 1, 1, 1, 1, 1, 3, 3, 3, 3, 3, 3, 1, 1, 3, 3, 3, 3, 1, 1, 1, 1, 1, 1, 1, 1, 1, 1, 3, 3, 3, 3, 3, 3, 1, 1, 3, 3, 3, 3, 1, 1, 1, 1, 1, 1, 1, 1, 3, 3, 3, 3, 3, 3, 3, 3]","[0, 1, 1, 2, 1, 3, 1, 4, 4, 5, 5, 6, 6, 7, 7, 8, 8, 9, 9, 10, 6, 11, 11, 12, 11, 13, 13, 14, 14, 15, 14, 16, 16, 17, 17, 18, 18, 19, 19, 20, 20, 21, 20, 22, 22, 23, 23, 24, 23, 25, 25, 26, 26, 27, 27, 28, 28, 29, 28, 30, 30, 31, 30, 32, 32, 33, 32, 34, 32, 35, 23, 36, 36, 37, 37, 38, 38, 39, 39, 40, 39, 41, 41, 42, 41, 43, 43, 44, 43, 45, 43, 46, 11, 47, 47, 48, 48, 49, 49, 50, 50, 51, 50, 52, 52, 53, 52, 54, 54, 55, 54, 56, 54, 57, 9, 4, 31, 25, 42, 36, 53, 47]","[1, 0, 2, 1, 3, 1, 4, 1, 5, 4, 6, 5, 7, 6, 8, 7, 9, 8, 10, 9, 11, 6, 12, 11, 13, 11, 14, 13, 15, 14, 16, 14, 17, 16, 18, 17, 19, 18, 20, 19, 21, 20, 22, 20, 23, 22, 24, 23, 25, 23, 26, 25, 27, 26, 28, 27, 29, 28, 30, 28, 31, 30, 32, 30, 33, 32, 34, 32, 35, 32, 36, 23, 37, 36, 38, 37, 39, 38, 40, 39, 41, 39, 42, 41, 43, 41, 44, 43, 45, 43, 46, 43, 47, 11, 48, 47, 49, 48, 50, 49, 51, 50, 52, 50, 53, 52, 54, 52, 55, 54, 56, 54, 57, 54, 4, 9, 25, 31, 36, 42, 47, 53]",-6.2014353624
16,34,"[1, 1, 1, 1, 1, 1, 1, 1, 1, 1, 1, 4, 1, 1, 1, 3]","[1, 1, 1, 1, 1, 1, 1, 1, 1, 1, 2, 2, 1, 1, 3, 3, 3, 3, 3, 3, 1, 1, 3, 3, 3, 3, 1, 1, 2, 2, 1, 1, 3, 3]","[0, 1, 1, 2, 1, 3, 3, 4, 4, 5, 5, 6, 6, 7, 7, 8, 8, 9, 9, 10, 10, 11, 10, 12, 12, 13, 5, 14, 14, 15, 14, 1, 13, 7]","[1, 0, 2, 1, 3, 1, 4, 3, 5, 4, 6, 5, 7, 6, 8, 7, 9, 8, 10, 9, 11, 10, 12, 10, 13, 12, 14, 5, 15, 14, 1, 14, 7, 13]",-5.6715911936
18,36,"[3, 1, 1, 1, 1, 1, 1, 1, 1, 1, 1, 1, 1, 1, 1, 1, 1, 3]","[2, 2, 1, 1, 1, 1, 1, 1, 1, 1, 1, 1, 1, 1, 1, 1, 1, 1, 2, 2, 1, 1, 1, 1, 1, 1, 1, 1, 1, 1, 1, 1, 1, 1, 1, 1]","[0, 1, 1, 2, 2, 3, 3, 4, 4, 5, 5, 6, 6, 7, 7, 8, 8, 9, 9, 10, 10, 11, 11, 12, 12, 13, 13, 14, 14, 15, 15, 16, 16, 17, 17, 1]","[1, 0, 2, 1, 3, 2, 4, 3, 5, 4, 6, 5, 7, 6, 8, 7, 9, 8, 10, 9, 11, 10, 12, 11, 13, 12, 14, 13, 15, 14, 16, 15, 17, 16, 1, 17]",-5.629397554600001
20,46,"[1, 1, 1, 1, 1, 1, 1, 1, 1, 1, 1, 1, 1, 3, 1, 1, 1, 1, 1, 3]","[1, 1, 1, 1, 1, 1, 1, 1, 1, 1, 1, 1, 1, 1, 1, 1, 1, 1, 1, 1, 1, 1, 1, 1, 1, 1, 1, 1, 1, 1, 1, 1, 1, 1, 1, 1, 1, 1, 1, 1, 1, 1, 1, 1, 1, 1]","[0, 1, 1, 2, 1, 3, 3, 4, 4, 5, 5, 6, 6, 7, 6, 8, 8, 9, 9, 10, 10, 11, 11, 12, 12, 13, 13, 14, 14, 15, 14, 16, 16, 17, 17, 18, 14, 19, 8, 1, 18, 6, 18, 11, 19, 11]","[1, 0, 2, 1, 3, 1, 4, 3, 5, 4, 6, 5, 7, 6, 8, 6, 9, 8, 10, 9, 11, 10, 12, 11, 13, 12, 14, 13, 15, 14, 16, 14, 17, 16, 18, 17, 19, 14, 1, 8, 6, 18, 11, 18, 11, 19]",-5.6453848366
23,52,"[1, 3, 1, 1, 1, 1, 1, 1, 1, 1, 1, 1, 1, 1, 1, 1, 1, 1, 1, 3, 1, 2, 1]","[1, 1, 1, 1, 2, 2, 1, 1, 1, 1, 2, 2, 1, 1, 1, 1, 1, 1, 1, 1, 1, 1, 1, 1, 1, 1, 1, 1, 1, 1, 1, 1, 1, 1, 1, 1, 1, 1, 1, 1, 4, 4, 1, 1, 1, 1, 1, 1, 1, 1, 1, 1]","[0, 1, 1, 2, 2, 3, 3, 4, 4, 5, 5, 6, 6, 7, 7, 8, 8, 9, 9, 10, 10, 11, 11, 12, 12, 13, 13, 14, 13, 15, 15, 16, 16, 17, 17, 18, 18, 19, 18, 20, 20, 21, 6, 22, 22, 2, 10, 5, 15, 9, 18, 13]","[1, 0, 2, 1, 3, 2, 4, 3, 5, 4, 6, 5, 7, 6, 8, 7, 9, 8, 10, 9, 11, 10, 12, 11, 13, 12, 14, 13, 15, 13, 16, 15, 17, 16, 18, 17, 19, 18, 20, 18, 21, 20, 22, 6, 2, 22, 5, 10, 9, 15, 13, 18]",-5.6832424476
17,34,"[3, 1, 1, 1, 1, 1, 1, 1, 1, 1, 1, 1, 1, 1, 1, 1, 1]","[2, 2, 1, 1, 1, 1, 1, 1, 1, 1, 1, 1, 1, 1, 1, 1, 1, 1, 1, 1, 1, 1, 1, 1, 2, 2, 1, 1, 1, 1, 1, 1, 1, 1]","[0, 1, 1, 2, 2, 3, 3, 4, 4, 5, 5, 6, 6, 7, 7, 8, 8, 9, 9, 10, 10, 11, 11, 12, 12, 13, 13, 14, 14, 15, 15, 16, 16, 1]","[1, 0, 2, 1, 3, 2, 4, 3, 5, 4, 6, 5, 7, 6, 8, 7, 9, 8, 10, 9, 11, 10, 12, 11, 13, 12, 14, 13, 15, 14, 16, 15, 1, 16]",-5.560732278400001
20,46,"[1, 1, 1, 1, 1, 1, 1, 1, 1, 1, 1, 3, 1, 1, 1, 1, 1, 1, 1, 3]","[1, 1, 1, 1, 1, 1, 1, 1, 1, 1, 1, 1, 1, 1, 1, 1, 3, 3, 3, 3, 1, 1, 3, 3, 3, 3, 3, 3, 1, 1, 1, 1, 1, 1, 1, 1, 2, 2, 1, 1, 1, 1, 1, 1, 3, 3]","[0, 1, 1, 2, 2, 3, 3, 4, 4, 5, 5, 6, 6, 7, 7, 8, 8, 9, 9, 10, 10, 11, 10, 12, 12, 13, 13, 14, 5, 15, 15, 16, 16, 17, 17, 18, 18, 19, 15, 1, 18, 1, 14, 4, 14, 8]","[1, 0, 2, 1, 3, 2, 4, 3, 5, 4, 6, 5, 7, 6, 8, 7, 9, 8, 10, 9, 11, 10, 12, 10, 13, 12, 14, 13, 15, 5, 16, 15, 17, 16, 18, 17, 19, 18, 1, 15, 1, 18, 4, 14, 8, 14]",-5.5511481213
32,78,"[3, 1, 2, 1, 1, 1, 1, 1, 1, 2, 1, 1, 1, 1, 1, 1, 2, 1, 1, 1, 1, 1, 1, 2, 1, 3, 1, 1, 1, 1, 1, 1]","[2, 2, 3, 3, 3, 3, 3, 3, 3, 3, 3, 3, 3, 3, 3, 3, 3, 3, 3, 3, 3, 3, 3, 3, 3, 3, 3, 3, 3, 3, 3, 3, 3, 3, 3, 3, 3, 3, 3, 3, 3, 3, 3, 3, 3, 3, 3, 3, 2, 2, 3, 3, 3, 3, 3, 3, 3, 3, 3, 3, 3, 3, 3, 3, 3, 3, 3, 3, 3, 3, 3, 3, 3, 3, 3, 3, 3, 3]","[0, 1, 1, 2, 2, 3, 3, 4, 4, 5, 5, 6, 6, 7, 7, 8, 8, 9, 9, 10, 10, 11, 11, 12, 12, 13, 13, 14, 14, 15, 15, 16, 16, 17, 17, 18, 18, 19, 19, 20, 20, 21, 21, 22, 22, 23, 23, 24, 24, 25, 24, 26, 26, 27, 27, 28, 28, 29, 29, 30, 30, 31, 29, 1, 10, 2, 8, 3, 30, 11, 31, 14, 23, 15, 22, 17, 31, 26]","[1, 0, 2, 1, 3, 2, 4, 3, 5, 4, 6, 5, 7, 6, 8, 7, 9, 8, 10, 9, 11, 10, 12, 11, 13, 12, 14, 13, 15, 14, 16, 15, 17, 16, 18, 17, 19, 18, 20, 19, 21, 20, 22, 21, 23, 22, 24, 23, 25, 24, 26, 24, 27, 26, 28, 27, 29, 28, 30, 29, 31, 30, 1, 29, 2, 10, 3, 8, 11, 30, 14, 31, 15, 23, 17, 22, 26, 31]",-5.633055848200001
19,42,"[1, 1, 1, 1, 1, 1, 1, 1, 1, 1, 1, 1, 1, 1, 1, 3, 1, 1, 3]","[1, 1, 1, 1, 1, 1, 1, 1, 1, 1, 1, 1, 1, 1, 1, 1, 1, 1, 1, 1, 1, 1, 1, 1, 1, 1, 1, 1, 1, 1, 1, 1, 1, 1, 2, 2, 1, 1, 1, 1, 1, 1]","[0, 1, 1, 2, 2, 3, 3, 4, 4, 5, 5, 6, 5, 7, 5, 8, 8, 9, 9, 10, 10, 11, 11, 12, 12, 13, 13, 14, 13, 15, 15, 16, 16, 17, 16, 18, 10, 1, 10, 4, 13, 8]","[1, 0, 2, 1, 3, 2, 4, 3, 5, 4, 6, 5, 7, 5, 8, 5, 9, 8, 10, 9, 11, 10, 12, 11, 13, 12, 14, 13, 15, 13, 16, 15, 17, 16, 18, 16, 1, 10, 4, 10, 8, 13]",-5.4266410391
49,102,"[1, 1, 1, 1, 1, 1, 1, 1, 1, 1, 3, 1, 1, 1, 1, 1, 1, 1, 1, 1, 1, 1, 3, 3, 1, 1, 1, 1, 1, 2, 1, 1, 1, 1, 1, 1, 3, 3, 1, 1, 1, 1, 1, 2, 1, 1, 1, 1, 1]","[1, 1, 1, 1, 1, 1, 1, 1, 1, 1, 1, 1, 3, 3, 3, 3, 3, 3, 1, 1, 3, 3, 3, 3, 1, 1, 1, 1, 1, 1, 1, 1, 1, 1, 1, 1, 1, 1, 1, 1, 1, 1, 2, 2, 1, 1, 1, 1, 1, 1, 1, 1, 1, 1, 1, 1, 1, 1, 1, 1, 1, 1, 1, 1, 1, 1, 1, 1, 1, 1, 2, 2, 1, 1, 1, 1, 1, 1, 1, 1, 1, 1, 1, 1, 1, 1, 1, 1, 1, 1, 1, 1, 1, 1, 1, 1, 3, 3, 1, 1, 1, 1]","[0, 1, 1, 2, 2, 3, 3, 4, 4, 5, 5, 6, 6, 7, 7, 8, 8, 9, 9, 10, 9, 11, 11, 12, 11, 13, 13, 14, 13, 15, 13, 16, 8, 17, 17, 18, 17, 19, 17, 20, 4, 21, 21, 22, 21, 23, 23, 24, 24, 25, 25, 26, 26, 27, 26, 28, 26, 29, 29, 30, 29, 31, 31, 32, 31, 33, 31, 34, 4, 35, 35, 36, 35, 37, 37, 38, 38, 39, 39, 40, 40, 41, 40, 42, 40, 43, 43, 44, 43, 45, 45, 46, 45, 47, 45, 48, 12, 6, 34, 24, 48, 38]","[1, 0, 2, 1, 3, 2, 4, 3, 5, 4, 6, 5, 7, 6, 8, 7, 9, 8, 10, 9, 11, 9, 12, 11, 13, 11, 14, 13, 15, 13, 16, 13, 17, 8, 18, 17, 19, 17, 20, 17, 21, 4, 22, 21, 23, 21, 24, 23, 25, 24, 26, 25, 27, 26, 28, 26, 29, 26, 30, 29, 31, 29, 32, 31, 33, 31, 34, 31, 35, 4, 36, 35, 37, 35, 38, 37, 39, 38, 40, 39, 41, 40, 42, 40, 43, 40, 44, 43, 45, 43, 46, 45, 47, 45, 48, 45, 6, 12, 24, 34, 38, 48]",-5.8357203688
19,40,"[3, 1, 3, 1, 1, 1, 1, 1, 1, 1, 1, 1, 1, 1, 1, 1, 1, 1, 1]","[2, 2, 1, 1, 1, 1, 1, 1, 1, 1, 3, 3, 3, 3, 3, 3, 3, 3, 3, 3, 1, 1, 2, 2, 1, 1, 3, 3, 3, 3, 3, 3, 3, 3, 3, 3, 3, 3, 3, 3]","[0, 1, 1, 2, 2, 3, 3, 4, 4, 5, 5, 6, 6, 7, 7, 8, 8, 9, 9, 10, 1, 11, 11, 12, 12, 13, 13, 14, 14, 15, 15, 16, 16, 17, 17, 18, 10, 5, 18, 13]","[1, 0, 2, 1, 3, 2, 4, 3, 5, 4, 6, 5, 7, 6, 8, 7, 9, 8, 10, 9, 11, 1, 12, 11, 13, 12, 14, 13, 15, 14, 16, 15, 17, 16, 18, 17, 5, 10, 13, 18]",-5.4019396274
24,52,"[3, 1, 3, 1, 1, 1, 1, 1, 1, 1, 1, 1, 1, 1, 1, 1, 3, 3, 1, 1, 1, 1, 1, 1]","[2, 2, 1, 1, 1, 1, 1, 1, 1, 1, 1, 1, 1, 1, 1, 1, 1, 1, 3, 3, 3, 3, 3, 3, 3, 3, 3, 3, 1, 1, 2, 2, 1, 1, 1, 1, 1, 1, 1, 1, 1, 1, 1, 1, 1, 1, 1, 1, 3, 3, 1, 1]","[0, 1, 1, 2, 2, 3, 3, 4, 4, 5, 5, 6, 6, 7, 7, 8, 1, 9, 9, 10, 10, 11, 11, 12, 12, 13, 13, 14, 14, 15, 15, 16, 15, 17, 17, 18, 18, 19, 19, 20, 20, 21, 21, 22, 22, 23, 8, 3, 14, 9, 23, 18]","[1, 0, 2, 1, 3, 2, 4, 3, 5, 4, 6, 5, 7, 6, 8, 7, 9, 1, 10, 9, 11, 10, 12, 11, 13, 12, 14, 13, 15, 14, 16, 15, 17, 15, 18, 17, 19, 18, 20, 19, 21, 20, 22, 21, 23, 22, 3, 8, 9, 14, 18, 23]",-5.5126055421
23,48,"[1, 1, 1, 1, 3, 1, 3, 1, 1, 1, 1, 1, 1, 1, 3, 1, 3, 1, 1, 1, 1, 1, 1]","[1, 1, 1, 1, 1, 1, 1, 1, 1, 1, 2, 2, 1, 1, 3, 3, 3, 3, 3, 3, 3, 3, 3, 3, 1, 1, 1, 1, 1, 1, 2, 2, 1, 1, 3, 3, 3, 3, 3, 3, 3, 3, 3, 3, 3, 3, 3, 3]","[0, 1, 1, 2, 1, 3, 3, 4, 4, 5, 5, 6, 5, 7, 7, 8, 8, 9, 9, 10, 10, 11, 11, 12, 1, 13, 13, 14, 14, 15, 15, 16, 15, 17, 17, 18, 18, 19, 19, 20, 20, 21, 21, 22, 12, 7, 22, 17]","[1, 0, 2, 1, 3, 1, 4, 3, 5, 4, 6, 5, 7, 5, 8, 7, 9, 8, 10, 9, 11, 10, 12, 11, 13, 1, 14, 13, 15, 14, 16, 15, 17, 15, 18, 17, 19, 18, 20, 19, 21, 20, 22, 21, 7, 12, 17, 22]",-5.4227803586
22,48,"[1, 1, 1, 1, 1, 1, 1, 3, 1, 1, 1, 1, 1, 1, 1, 1, 1, 1, 3, 1, 1, 1]","[1, 1, 3, 3, 3, 3, 3, 3, 3, 3, 3, 3, 1, 1, 1, 1, 1, 1, 1, 1, 1, 1, 1, 1, 1, 1, 1, 1, 3, 3, 3, 3, 3, 3, 1, 1, 3, 3, 1, 1, 3, 3, 3, 3, 1, 1, 3, 3]","[0, 1, 1, 2, 2, 3, 3, 4, 4, 5, 5, 6, 6, 7, 3, 8, 8, 9, 9, 10, 10, 11, 11, 12, 12, 13, 8, 14, 14, 15, 15, 16, 16, 17, 17, 18, 17, 19, 19, 20, 19, 21, 6, 1, 13, 8, 21, 14]","[1, 0, 2, 1, 3, 2, 4, 3, 5, 4, 6, 5, 7, 6, 8, 3, 9, 8, 10, 9, 11, 10, 12, 11, 13, 12, 14, 8, 15, 14, 16, 15, 17, 16, 18, 17, 19, 17, 20, 19, 21, 19, 1, 6, 8, 13, 14, 21]",-5.3715223063
30,68,"[3, 1, 1, 1, 1, 1, 1, 8, 1, 1, 1, 1, 1, 1, 1, 1, 3, 1, 1, 8, 1, 1, 1, 1, 1, 1, 1, 1, 1, 1]","[2, 2, 1, 1, 3, 3, 3, 3, 3, 3, 3, 3, 1, 1, 1, 1, 3, 3, 3, 3, 3, 3, 3, 3, 3, 3, 3, 3, 1, 1, 2, 2, 1, 1, 3, 3, 1, 1, 1, 1, 3, 3, 3, 3, 3, 3, 3, 3, 3, 3, 3, 3, 3, 3, 3, 3, 3, 3, 1, 1, 3, 3, 3, 3, 3, 3, 3, 3]","[0, 1, 1, 2, 2, 3, 3, 4, 4, 5, 5, 6, 6, 7, 7, 8, 8, 9, 9, 10, 10, 11, 11, 12, 12, 13, 6, 14, 14, 15, 15, 16, 15, 17, 17, 18, 18, 19, 19, 20, 20, 21, 21, 22, 22, 23, 23, 24, 24, 25, 18, 26, 26, 27, 27, 28, 28, 29, 29, 1, 14, 2, 13, 8, 29, 17, 25, 20]","[1, 0, 2, 1, 3, 2, 4, 3, 5, 4, 6, 5, 7, 6, 8, 7, 9, 8, 10, 9, 11, 10, 12, 11, 13, 12, 14, 6, 15, 14, 16, 15, 17, 15, 18, 17, 19, 18, 20, 19, 21, 20, 22, 21, 23, 22, 24, 23, 25, 24, 26, 18, 27, 26, 28, 27, 29, 28, 1, 29, 2, 14, 8, 13, 17, 29, 20, 25]",-5.517335043099999
19,40,"[1, 1, 1, 1, 3, 7, 8, 3, 1, 3, 7, 8, 3, 1, 1, 1, 1, 1, 3]","[1, 1, 1, 1, 1, 1, 1, 1, 1, 1, 2, 2, 1, 1, 1, 1, 1, 1, 1, 1, 2, 2, 1, 1, 1, 1, 1, 1, 1, 1, 1, 1, 1, 1, 1, 1, 1, 1, 1, 1]","[0, 1, 1, 2, 1, 3, 3, 4, 4, 5, 5, 6, 5, 7, 7, 8, 5, 9, 9, 10, 10, 11, 10, 12, 12, 13, 13, 14, 14, 15, 14, 16, 14, 17, 17, 18, 8, 1, 18, 10]","[1, 0, 2, 1, 3, 1, 4, 3, 5, 4, 6, 5, 7, 5, 8, 7, 9, 5, 10, 9, 11, 10, 12, 10, 13, 12, 14, 13, 15, 14, 16, 14, 17, 14, 18, 17, 1, 8, 10, 18]",-5.393383394500001
35,84,"[3, 1, 1, 1, 1, 1, 1, 1, 1, 3, 1, 1, 2, 1, 1, 1, 1, 1, 1, 1, 1, 1, 1, 1, 3, 1, 1, 1, 1, 1, 1, 1, 1, 1, 1]","[2, 2, 1, 1, 3, 3, 3, 3, 3, 3, 3, 3, 3, 3, 1, 1, 2, 2, 1, 1, 3, 3, 3, 3, 3, 3, 3, 3, 3, 3, 3, 3, 3, 3, 3, 3, 3, 3, 3, 3, 3, 3, 3, 3, 3, 3, 2, 2, 3, 3, 3, 3, 3, 3, 3, 3, 3, 3, 3, 3, 3, 3, 3, 3, 3, 3, 3, 3, 1, 1, 3, 3, 3, 3, 3, 3, 3, 3, 3, 3, 3, 3, 3, 3]","[0, 1, 1, 2, 2, 3, 3, 4, 4, 5, 5, 6, 6, 7, 7, 8, 8, 9, 8, 10, 10, 11, 11, 12, 12, 13, 13, 14, 14, 15, 15, 16, 16, 17, 17, 18, 18, 19, 19, 20, 20, 21, 21, 22, 22, 23, 23, 24, 23, 25, 25, 26, 26, 27, 27, 28, 28, 29, 29, 30, 30, 31, 31, 32, 28, 33, 33, 34, 32, 1, 7, 2, 32, 10, 29, 11, 33, 13, 34, 16, 22, 17, 34, 25]","[1, 0, 2, 1, 3, 2, 4, 3, 5, 4, 6, 5, 7, 6, 8, 7, 9, 8, 10, 8, 11, 10, 12, 11, 13, 12, 14, 13, 15, 14, 16, 15, 17, 16, 18, 17, 19, 18, 20, 19, 21, 20, 22, 21, 23, 22, 24, 23, 25, 23, 26, 25, 27, 26, 28, 27, 29, 28, 30, 29, 31, 30, 32, 31, 33, 28, 34, 33, 1, 32, 2, 7, 10, 32, 11, 29, 13, 33, 16, 34, 17, 22, 25, 34]",-5.506567842999999
20,42,"[1, 3, 1, 1, 1, 1, 1, 1, 1, 3, 1, 8, 1, 1, 1, 1, 1, 3, 1, 1]","[1, 1, 1, 1, 3, 3, 3, 3, 3, 3, 3, 3, 3, 3, 1, 1, 2, 2, 1, 1, 1, 1, 1, 1, 3, 3, 3, 3, 3, 3, 3, 3, 1, 1, 1, 1, 3, 3, 3, 3, 3, 3]","[0, 1, 1, 2, 2, 3, 3, 4, 4, 5, 5, 6, 6, 7, 5, 8, 8, 9, 8, 10, 10, 11, 11, 12, 12, 13, 13, 14, 14, 15, 15, 16, 16, 17, 17, 18, 16, 19, 7, 2, 19, 12]","[1, 0, 2, 1, 3, 2, 4, 3, 5, 4, 6, 5, 7, 6, 8, 5, 9, 8, 10, 8, 11, 10, 12, 11, 13, 12, 14, 13, 15, 14, 16, 15, 17, 16, 18, 17, 19, 16, 2, 7, 12, 19]",-5.284725265
51,118,"[3, 1, 2, 1, 1, 1, 1, 1, 1, 3, 1, 1, 2, 1, 1, 1, 1, 2, 1, 3, 1, 1, 1, 1, 1, 1, 1, 1, 3, 1, 1, 1, 1, 1, 1, 1, 3, 1, 1, 1, 1, 1, 1, 3, 1, 1, 1, 1, 1, 1, 1]","[2, 2, 1, 1, 1, 1, 3, 3, 3, 3, 3, 3, 3, 3, 3, 3, 2, 2, 3, 3, 3, 3, 3, 3, 3, 3, 3, 3, 3, 3, 3, 3, 1, 1, 1, 1, 2, 2, 1, 1, 3, 3, 3, 3, 3, 3, 3, 3, 3, 3, 3, 3, 3, 3, 2, 2, 3, 3, 3, 3, 3, 3, 3, 3, 3, 3, 3, 3, 3, 3, 2, 2, 3, 3, 3, 3, 3, 3, 3, 3, 3, 3, 3, 3, 2, 2, 3, 3, 1, 1, 3, 3, 3, 3, 3, 3, 3, 3, 3, 3, 3, 3, 3, 3, 3, 3, 3, 3, 3, 3, 3, 3, 3, 3, 3, 3, 3, 3]","[0, 1, 1, 2, 2, 3, 3, 4, 4, 5, 5, 6, 6, 7, 7, 8, 8, 9, 8, 10, 10, 11, 11, 12, 12, 13, 13, 14, 14, 15, 15, 16, 16, 17, 17, 18, 18, 19, 18, 20, 20, 21, 21, 22, 22, 23, 23, 24, 24, 25, 16, 26, 26, 27, 27, 28, 27, 29, 29, 30, 30, 31, 31, 32, 32, 33, 33, 34, 34, 35, 35, 36, 35, 37, 14, 38, 38, 39, 39, 40, 40, 41, 41, 42, 42, 43, 42, 44, 1, 45, 45, 46, 46, 47, 47, 48, 48, 49, 49, 50, 44, 3, 44, 7, 41, 10, 38, 11, 37, 13, 25, 20, 37, 26, 34, 29, 50, 45]","[1, 0, 2, 1, 3, 2, 4, 3, 5, 4, 6, 5, 7, 6, 8, 7, 9, 8, 10, 8, 11, 10, 12, 11, 13, 12, 14, 13, 15, 14, 16, 15, 17, 16, 18, 17, 19, 18, 20, 18, 21, 20, 22, 21, 23, 22, 24, 23, 25, 24, 26, 16, 27, 26, 28, 27, 29, 27, 30, 29, 31, 30, 32, 31, 33, 32, 34, 33, 35, 34, 36, 35, 37, 35, 38, 14, 39, 38, 40, 39, 41, 40, 42, 41, 43, 42, 44, 42, 45, 1, 46, 45, 47, 46, 48, 47, 49, 48, 50, 49, 3, 44, 7, 44, 10, 41, 11, 38, 13, 37, 20, 25, 26, 37, 29, 34, 45, 50]",-5.647161854
36,84,"[2, 1, 1, 1, 1, 1, 1, 3, 1, 1, 1, 1, 1, 1, 1, 3, 1, 1, 3, 1, 1, 1, 1, 3, 1, 1, 1, 1, 1, 1, 1, 3, 1, 1, 1, 2]","[1, 1, 3, 3, 3, 3, 3, 3, 3, 3, 1, 1, 2, 2, 1, 1, 3, 3, 3, 3, 3, 3, 3, 3, 3, 3, 1, 1, 2, 2, 1, 1, 1, 1, 3, 3, 3, 3, 3, 3, 3, 3, 1, 1, 2, 2, 1, 1, 3, 3, 3, 3, 3, 3, 3, 3, 3, 3, 1, 1, 2, 2, 1, 1, 3, 3, 3, 3, 3, 3, 3, 3, 3, 3, 3, 3, 3, 3, 3, 3, 3, 3, 3, 3]","[0, 1, 1, 2, 2, 3, 3, 4, 4, 5, 5, 6, 6, 7, 6, 8, 8, 9, 9, 10, 10, 11, 11, 12, 12, 13, 13, 14, 14, 15, 14, 16, 2, 17, 17, 18, 18, 19, 19, 20, 20, 21, 21, 22, 22, 23, 22, 24, 24, 25, 25, 26, 26, 27, 27, 28, 28, 29, 29, 30, 30, 31, 30, 32, 32, 33, 33, 34, 34, 35, 16, 1, 16, 5, 13, 8, 35, 17, 34, 19, 32, 21, 29, 24]","[1, 0, 2, 1, 3, 2, 4, 3, 5, 4, 6, 5, 7, 6, 8, 6, 9, 8, 10, 9, 11, 10, 12, 11, 13, 12, 14, 13, 15, 14, 16, 14, 17, 2, 18, 17, 19, 18, 20, 19, 21, 20, 22, 21, 23, 22, 24, 22, 25, 24, 26, 25, 27, 26, 28, 27, 29, 28, 30, 29, 31, 30, 32, 30, 33, 32, 34, 33, 35, 34, 1, 16, 5, 16, 8, 13, 17, 35, 19, 34, 21, 32, 24, 29]",-5.4964129822
75,158,"[1, 1, 1, 1, 1, 1, 1, 1, 1, 1, 3, 1, 1, 1, 3, 1, 1, 1, 3, 1, 3, 1, 1, 1, 1, 1, 1, 1, 1, 1, 1, 1, 1, 1, 1, 1, 1, 1, 1, 1, 3, 1, 1, 1, 3, 1, 1, 1, 3, 1, 3, 1, 1, 1, 1, 1, 1, 1, 1, 1, 1, 1, 1, 1, 1, 1, 1, 1, 1, 1, 3, 1, 1, 1, 3]","[1, 1, 2, 2, 1, 1, 3, 3, 3, 3, 3, 3, 3, 3, 3, 3, 1, 1, 2, 2, 1, 1, 1, 1, 1, 1, 1, 1, 1, 1, 1, 1, 1, 1, 1, 1, 2, 2, 1, 1, 3, 3, 3, 3, 3, 3, 3, 3, 3, 3, 1, 1, 1, 1, 1, 1, 1, 1, 1, 1, 1, 1, 1, 1, 3, 3, 3, 3, 3, 3, 3, 3, 3, 3, 1, 1, 2, 2, 1, 1, 1, 1, 1, 1, 1, 1, 1, 1, 1, 1, 1, 1, 1, 1, 2, 2, 1, 1, 3, 3, 3, 3, 3, 3, 3, 3, 3, 3, 1, 1, 1, 1, 1, 1, 1, 1, 1, 1, 1, 1, 1, 1, 3, 3, 3, 3, 3, 3, 3, 3, 3, 3, 1, 1, 2, 2, 1, 1, 1, 1, 1, 1, 1, 1, 3, 3, 3, 3, 1, 1, 3, 3, 3, 3, 1, 1, 3, 3]","[0, 1, 1, 2, 1, 3, 3, 4, 4, 5, 5, 6, 6, 7, 7, 8, 6, 9, 9, 10, 9, 11, 11, 12, 11, 13, 11, 14, 15, 16, 16, 17, 16, 18, 16, 19, 19, 20, 19, 21, 21, 22, 22, 23, 23, 24, 24, 25, 25, 26, 24, 27, 27, 28, 27, 29, 29, 30, 30, 31, 30, 32, 30, 33, 33, 34, 34, 35, 35, 36, 36, 37, 37, 38, 35, 39, 39, 40, 39, 41, 41, 42, 41, 43, 41, 44, 45, 46, 46, 47, 46, 48, 46, 49, 49, 50, 49, 51, 51, 52, 52, 53, 53, 54, 54, 55, 55, 56, 54, 57, 57, 58, 57, 59, 59, 60, 60, 61, 60, 62, 60, 63, 63, 64, 64, 65, 65, 66, 66, 67, 67, 68, 66, 69, 69, 70, 69, 71, 71, 72, 71, 73, 71, 74, 8, 3, 26, 21, 38, 27, 38, 33, 56, 51, 68, 57, 68, 63]","[1, 0, 2, 1, 3, 1, 4, 3, 5, 4, 6, 5, 7, 6, 8, 7, 9, 6, 10, 9, 11, 9, 12, 11, 13, 11, 14, 11, 16, 15, 17, 16, 18, 16, 19, 16, 20, 19, 21, 19, 22, 21, 23, 22, 24, 23, 25, 24, 26, 25, 27, 24, 28, 27, 29, 27, 30, 29, 31, 30, 32, 30, 33, 30, 34, 33, 35, 34, 36, 35, 37, 36, 38, 37, 39, 35, 40, 39, 41, 39, 42, 41, 43, 41, 44, 41, 46, 45, 47, 46, 48, 46, 49, 46, 50, 49, 51, 49, 52, 51, 53, 52, 54, 53, 55, 54, 56, 55, 57, 54, 58, 57, 59, 57, 60, 59, 61, 60, 62, 60, 63, 60, 64, 63, 65, 64, 66, 65, 67, 66, 68, 67, 69, 66, 70, 69, 71, 69, 72, 71, 73, 71, 74, 71, 3, 8, 21, 26, 27, 38, 33, 38, 51, 56, 57, 68, 63, 68]",-5.8273288792
17,38,"[1, 1, 1, 1, 1, 1, 1, 1, 1, 1, 1, 1, 1, 3, 1, 1, 1]","[1, 1, 1, 1, 1, 1, 1, 1, 1, 1, 1, 1, 1, 1, 1, 1, 1, 1, 1, 1, 1, 1, 1, 1, 1, 1, 1, 1, 1, 1, 1, 1, 1, 1, 1, 1, 1, 1]","[0, 1, 1, 2, 1, 3, 3, 4, 4, 5, 5, 6, 6, 7, 6, 8, 8, 9, 9, 10, 10, 11, 11, 12, 11, 13, 13, 14, 14, 15, 15, 16, 8, 1, 16, 6, 16, 11]","[1, 0, 2, 1, 3, 1, 4, 3, 5, 4, 6, 5, 7, 6, 8, 6, 9, 8, 10, 9, 11, 10, 12, 11, 13, 11, 14, 13, 15, 14, 16, 15, 1, 8, 6, 16, 11, 16]",-5.0994877858
17,38,"[1, 1, 1, 1, 1, 1, 1, 1, 1, 1, 1, 1, 1, 3, 1, 1, 1]","[1, 1, 1, 1, 1, 1, 1, 1, 1, 1, 1, 1, 1, 1, 1, 1, 1, 1, 1, 1, 1, 1, 1, 1, 1, 1, 1, 1, 1, 1, 1, 1, 1, 1, 1, 1, 1, 1]","[0, 1, 1, 2, 1, 3, 3, 4, 4, 5, 5, 6, 6, 7, 6, 8, 8, 9, 9, 10, 10, 11, 11, 12, 11, 13, 13, 14, 14, 15, 15, 16, 8, 1, 16, 6, 16, 11]","[1, 0, 2, 1, 3, 1, 4, 3, 5, 4, 6, 5, 7, 6, 8, 6, 9, 8, 10, 9, 11, 10, 12, 11, 13, 11, 14, 13, 15, 14, 16, 15, 1, 8, 6, 16, 11, 16]",-5.0994877858
31,66,"[1, 1, 1, 1, 1, 1, 1, 1, 1, 1, 1, 1, 1, 1, 1, 1, 1, 1, 1, 1, 1, 1, 1, 1, 1, 1, 1, 1, 1, 1, 3]","[1, 1, 2, 2, 1, 1, 1, 1, 1, 1, 1, 1, 2, 2, 1, 1, 1, 1, 1, 1, 2, 2, 1, 1, 1, 1, 1, 1, 1, 1, 1, 1, 1, 1, 1, 1, 1, 1, 1, 1, 1, 1, 1, 1, 1, 1, 1, 1, 1, 1, 1, 1, 1, 1, 1, 1, 1, 1, 1, 1, 1, 1, 1, 1, 1, 1]","[0, 1, 1, 2, 1, 3, 3, 4, 4, 5, 5, 6, 6, 7, 7, 8, 6, 9, 10, 11, 11, 12, 12, 13, 13, 14, 14, 15, 15, 16, 16, 17, 17, 18, 17, 19, 20, 21, 21, 22, 22, 23, 23, 24, 24, 25, 25, 26, 24, 27, 27, 28, 27, 29, 27, 30, 8, 3, 16, 11, 17, 14, 26, 21, 30, 21]","[1, 0, 2, 1, 3, 1, 4, 3, 5, 4, 6, 5, 7, 6, 8, 7, 9, 6, 11, 10, 12, 11, 13, 12, 14, 13, 15, 14, 16, 15, 17, 16, 18, 17, 19, 17, 21, 20, 22, 21, 23, 22, 24, 23, 25, 24, 26, 25, 27, 24, 28, 27, 29, 27, 30, 27, 3, 8, 11, 16, 14, 17, 21, 26, 21, 30]",-5.3356859318000005
32,68,"[9, 3, 8, 3, 3, 1, 1, 1, 1, 1, 1, 2, 2, 1, 1, 1, 1, 2, 2, 1, 1, 3, 1, 1, 1, 1, 1, 1, 1, 1, 1, 1]","[1, 1, 2, 2, 2, 2, 1, 1, 3, 3, 3, 3, 3, 3, 3, 3, 3, 3, 1, 1, 2, 2, 1, 1, 3, 3, 3, 3, 3, 3, 1, 1, 1, 1, 2, 2, 1, 1, 2, 2, 1, 1, 2, 2, 1, 1, 3, 3, 3, 3, 3, 3, 3, 3, 3, 3, 3, 3, 3, 3, 3, 3, 3, 3, 1, 1, 3, 3]","[1, 2, 2, 3, 2, 4, 2, 5, 5, 6, 6, 7, 7, 8, 8, 9, 9, 10, 8, 11, 11, 12, 12, 13, 13, 14, 14, 15, 15, 16, 16, 17, 17, 18, 18, 19, 19, 20, 20, 21, 20, 22, 22, 23, 23, 24, 24, 25, 25, 26, 26, 27, 27, 28, 28, 29, 16, 30, 30, 31, 10, 5, 31, 13, 29, 19, 29, 24]","[2, 1, 3, 2, 4, 2, 5, 2, 6, 5, 7, 6, 8, 7, 9, 8, 10, 9, 11, 8, 12, 11, 13, 12, 14, 13, 15, 14, 16, 15, 17, 16, 18, 17, 19, 18, 20, 19, 21, 20, 22, 20, 23, 22, 24, 23, 25, 24, 26, 25, 27, 26, 28, 27, 29, 28, 30, 16, 31, 30, 5, 10, 13, 31, 19, 29, 24, 29]",-4.65844166
36,74,"[30, 4, 1, 2, 1, 1, 3, 1, 1, 1, 2, 1, 1, 1, 3, 1, 1, 1, 1, 1, 1, 4, 1, 1, 1, 1, 1, 1, 1, 1, 1, 1, 1, 1, 1, 1]","[1, 1, 1, 1, 1, 1, 2, 2, 1, 1, 1, 1, 1, 1, 1, 1, 1, 1, 1, 1, 1, 1, 1, 1, 1, 1, 1, 1, 1, 1, 3, 3, 3, 3, 3, 3, 1, 1, 3, 3, 3, 3, 1, 1, 3, 3, 3, 3, 3, 3, 3, 3, 3, 3, 1, 1, 3, 3, 3, 3, 3, 3, 3, 3, 3, 3, 1, 1, 3, 3, 3, 3, 3, 3]","[2, 3, 3, 4, 3, 5, 5, 6, 5, 7, 7, 8, 8, 9, 9, 10, 10, 11, 11, 12, 12, 13, 13, 14, 13, 15, 15, 16, 13, 17, 17, 18, 18, 19, 19, 20, 20, 21, 20, 22, 22, 23, 7, 24, 24, 25, 25, 26, 26, 27, 27, 28, 28, 29, 7, 30, 30, 31, 31, 32, 32, 33, 33, 34, 34, 35, 16, 10, 23, 17, 29, 24, 35, 30]","[3, 2, 4, 3, 5, 3, 6, 5, 7, 5, 8, 7, 9, 8, 10, 9, 11, 10, 12, 11, 13, 12, 14, 13, 15, 13, 16, 15, 17, 13, 18, 17, 19, 18, 20, 19, 21, 20, 22, 20, 23, 22, 24, 7, 25, 24, 26, 25, 27, 26, 28, 27, 29, 28, 30, 7, 31, 30, 32, 31, 33, 32, 34, 33, 35, 34, 10, 16, 17, 23, 24, 29, 30, 35]",-4.6731215617
12,24,"[1, 11, 1, 3, 11, 1, 1, 3, 11, 1, 1, 3]","[1, 1, 1, 1, 1, 1, 1, 1, 1, 1, 1, 1, 1, 1, 1, 1, 1, 1, 1, 1, 1, 1, 1, 1]","[0, 1, 1, 2, 1, 3, 3, 4, 4, 5, 4, 6, 4, 7, 7, 8, 8, 9, 8, 10, 8, 11, 11, 1]","[1, 0, 2, 1, 3, 1, 4, 3, 5, 4, 6, 4, 7, 4, 8, 7, 9, 8, 10, 8, 11, 8, 1, 11]",0.652738306
15,30,"[1, 11, 3, 11, 1, 3, 11, 1, 3, 11, 1, 3, 11, 1, 3]","[1, 1, 1, 1, 1, 1, 1, 1, 1, 1, 1, 1, 1, 1, 1, 1, 1, 1, 1, 1, 1, 1, 1, 1, 1, 1, 1, 1, 1, 1]","[0, 1, 1, 2, 2, 3, 3, 4, 3, 5, 5, 6, 6, 7, 6, 8, 8, 9, 9, 10, 9, 11, 11, 12, 12, 13, 12, 14, 14, 1]","[1, 0, 2, 1, 3, 2, 4, 3, 5, 3, 6, 5, 7, 6, 8, 6, 9, 8, 10, 9, 11, 9, 12, 11, 13, 12, 14, 12, 1, 14]",0.5292955703
24,52,"[1, 1, 1, 8, 1, 1, 2, 1, 3, 1, 2, 1, 1, 1, 1, 1, 1, 1, 3, 2, 1, 1, 3, 3]","[1, 1, 1, 1, 1, 1, 1, 1, 1, 1, 1, 1, 1, 1, 2, 2, 1, 1, 1, 1, 1, 1, 3, 3, 3, 3, 3, 3, 3, 3, 3, 3, 1, 1, 2, 2, 1, 1, 1, 1, 1, 1, 1, 1, 2, 2, 1, 1, 1, 1, 3, 3]","[0, 1, 1, 2, 1, 3, 3, 4, 4, 5, 5, 6, 6, 7, 7, 8, 7, 9, 9, 10, 9, 11, 11, 12, 12, 13, 13, 14, 14, 15, 15, 16, 5, 17, 17, 18, 17, 19, 19, 20, 20, 21, 21, 22, 21, 23, 20, 1, 19, 4, 16, 11]","[1, 0, 2, 1, 3, 1, 4, 3, 5, 4, 6, 5, 7, 6, 8, 7, 9, 7, 10, 9, 11, 9, 12, 11, 13, 12, 14, 13, 15, 14, 16, 15, 17, 5, 18, 17, 19, 17, 20, 19, 21, 20, 22, 21, 23, 21, 1, 20, 4, 19, 11, 16]",-1.5390164423
36,76,"[9, 1, 2, 1, 1, 1, 1, 1, 1, 8, 3, 3, 1, 1, 1, 1, 1, 1, 2, 2, 1, 1, 1, 3, 1, 1, 1, 1, 1, 1, 1, 2, 8, 3, 3, 3]","[1, 1, 1, 1, 1, 1, 1, 1, 1, 1, 1, 1, 1, 1, 1, 1, 2, 2, 2, 2, 1, 1, 3, 3, 3, 3, 3, 3, 3, 3, 3, 3, 1, 1, 1, 1, 1, 1, 2, 2, 1, 1, 2, 2, 1, 1, 2, 2, 1, 1, 2, 2, 1, 1, 2, 2, 1, 1, 2, 2, 1, 1, 1, 1, 2, 2, 2, 2, 1, 1, 3, 3, 1, 1, 1, 1]","[1, 2, 2, 3, 3, 4, 4, 5, 5, 6, 6, 7, 7, 8, 2, 9, 9, 10, 9, 11, 9, 12, 12, 13, 13, 14, 14, 15, 15, 16, 16, 17, 17, 18, 18, 19, 19, 20, 20, 21, 21, 22, 22, 23, 22, 24, 24, 25, 25, 26, 26, 27, 27, 28, 28, 29, 29, 30, 30, 31, 25, 32, 32, 33, 32, 34, 32, 35, 8, 3, 17, 12, 30, 20, 27, 21]","[2, 1, 3, 2, 4, 3, 5, 4, 6, 5, 7, 6, 8, 7, 9, 2, 10, 9, 11, 9, 12, 9, 13, 12, 14, 13, 15, 14, 16, 15, 17, 16, 18, 17, 19, 18, 20, 19, 21, 20, 22, 21, 23, 22, 24, 22, 25, 24, 26, 25, 27, 26, 28, 27, 29, 28, 30, 29, 31, 30, 32, 25, 33, 32, 34, 32, 35, 32, 3, 8, 12, 17, 20, 30, 21, 27]",-2.7116859389
27,58,"[1, 1, 1, 1, 1, 1, 1, 1, 1, 1, 1, 1, 1, 1, 1, 1, 1, 1, 1, 1, 1, 1, 1, 1, 1, 1, 1]","[1, 1, 3, 3, 3, 3, 3, 3, 3, 3, 1, 1, 3, 3, 1, 1, 1, 1, 1, 1, 3, 3, 3, 3, 3, 3, 3, 3, 3, 3, 1, 1, 1, 1, 2, 2, 1, 1, 3, 3, 3, 3, 3, 3, 3, 3, 3, 3, 3, 3, 1, 1, 3, 3, 1, 1, 3, 3]","[0, 1, 1, 2, 2, 3, 3, 4, 4, 5, 5, 6, 5, 7, 7, 8, 9, 10, 10, 11, 11, 12, 12, 13, 13, 14, 14, 15, 15, 16, 16, 17, 18, 19, 19, 20, 20, 21, 21, 22, 22, 23, 23, 24, 24, 25, 25, 26, 7, 1, 17, 9, 16, 11, 26, 18, 26, 21]","[1, 0, 2, 1, 3, 2, 4, 3, 5, 4, 6, 5, 7, 5, 8, 7, 10, 9, 11, 10, 12, 11, 13, 12, 14, 13, 15, 14, 16, 15, 17, 16, 19, 18, 20, 19, 21, 20, 22, 21, 23, 22, 24, 23, 25, 24, 26, 25, 1, 7, 9, 17, 11, 16, 18, 26, 21, 26]",-3.51623781
15,32,"[1, 1, 1, 1, 1, 1, 1, 1, 3, 1, 1, 1, 1, 1, 1]","[1, 1, 1, 1, 1, 1, 1, 1, 1, 1, 2, 2, 1, 1, 2, 2, 1, 1, 1, 1, 1, 1, 1, 1, 1, 1, 1, 1, 1, 1, 1, 1]","[0, 1, 1, 2, 2, 3, 2, 4, 2, 5, 5, 6, 6, 7, 7, 8, 7, 9, 9, 10, 10, 11, 6, 12, 12, 13, 12, 14, 12, 1, 11, 5]","[1, 0, 2, 1, 3, 2, 4, 2, 5, 2, 6, 5, 7, 6, 8, 7, 9, 7, 10, 9, 11, 10, 12, 6, 13, 12, 14, 12, 1, 12, 5, 11]",-3.2653422506
12,26,"[3, 1, 1, 1, 2, 2, 1, 1, 1, 1, 1, 1]","[2, 2, 1, 1, 1, 1, 1, 1, 1, 1, 1, 1, 3, 3, 3, 3, 3, 3, 3, 3, 3, 3, 1, 1, 3, 3]","[0, 1, 1, 2, 2, 3, 3, 4, 4, 5, 4, 6, 6, 7, 7, 8, 8, 9, 9, 10, 10, 11, 5, 1, 11, 6]","[1, 0, 2, 1, 3, 2, 4, 3, 5, 4, 6, 4, 7, 6, 8, 7, 9, 8, 10, 9, 11, 10, 1, 5, 6, 11]",-1.1448233011
10,22,"[8, 1, 2, 1, 1, 1, 1, 1, 1, 8]","[2, 2, 3, 3, 3, 3, 3, 3, 3, 3, 3, 3, 3, 3, 3, 3, 3, 3, 3, 3, 3, 3]","[0, 1, 1, 2, 2, 3, 3, 4, 4, 5, 5, 6, 6, 7, 7, 8, 8, 9, 9, 1, 8, 3]","[1, 0, 2, 1, 3, 2, 4, 3, 5, 4, 6, 5, 7, 6, 8, 7, 9, 8, 1, 9, 3, 8]",-3.1515048921
56,124,"[1, 1, 1, 1, 1, 1, 1, 1, 1, 2, 1, 1, 1, 1, 2, 1, 1, 1, 1, 1, 1, 1, 1, 1, 8, 3, 3, 2, 1, 1, 1, 1, 1, 1, 1, 1, 3, 1, 1, 1, 1, 1, 1, 1, 3, 1, 8, 3, 3, 2, 1, 1, 1, 1, 1, 1]","[1, 1, 3, 3, 3, 3, 1, 1, 3, 3, 3, 3, 1, 1, 3, 3, 1, 1, 1, 1, 3, 3, 3, 3, 3, 3, 1, 1, 1, 1, 3, 3, 1, 1, 3, 3, 3, 3, 1, 1, 3, 3, 3, 3, 1, 1, 1, 1, 2, 2, 2, 2, 1, 1, 1, 1, 1, 1, 1, 1, 1, 1, 1, 1, 1, 1, 3, 3, 1, 1, 2, 2, 1, 1, 3, 3, 3, 3, 3, 3, 3, 3, 3, 3, 1, 1, 2, 2, 1, 1, 1, 1, 2, 2, 2, 2, 1, 1, 1, 1, 1, 1, 1, 1, 1, 1, 1, 1, 1, 1, 3, 3, 3, 3, 3, 3, 1, 1, 3, 3, 3, 3, 1, 1]","[0, 1, 1, 2, 2, 3, 3, 4, 3, 5, 5, 6, 6, 7, 6, 8, 8, 9, 9, 10, 10, 11, 11, 12, 12, 13, 13, 14, 14, 15, 15, 16, 16, 17, 16, 18, 18, 19, 19, 20, 19, 21, 21, 22, 22, 23, 21, 24, 24, 25, 24, 26, 24, 27, 27, 28, 28, 29, 29, 30, 30, 31, 31, 32, 32, 33, 13, 34, 34, 35, 35, 36, 35, 37, 37, 38, 38, 39, 39, 40, 40, 41, 41, 42, 42, 43, 43, 44, 43, 45, 5, 46, 46, 47, 46, 48, 46, 49, 49, 50, 50, 51, 51, 52, 52, 53, 53, 54, 54, 55, 8, 1, 45, 10, 22, 15, 33, 28, 45, 34, 42, 37, 55, 50]","[1, 0, 2, 1, 3, 2, 4, 3, 5, 3, 6, 5, 7, 6, 8, 6, 9, 8, 10, 9, 11, 10, 12, 11, 13, 12, 14, 13, 15, 14, 16, 15, 17, 16, 18, 16, 19, 18, 20, 19, 21, 19, 22, 21, 23, 22, 24, 21, 25, 24, 26, 24, 27, 24, 28, 27, 29, 28, 30, 29, 31, 30, 32, 31, 33, 32, 34, 13, 35, 34, 36, 35, 37, 35, 38, 37, 39, 38, 40, 39, 41, 40, 42, 41, 43, 42, 44, 43, 45, 43, 46, 5, 47, 46, 48, 46, 49, 46, 50, 49, 51, 50, 52, 51, 53, 52, 54, 53, 55, 54, 1, 8, 10, 45, 15, 22, 28, 33, 34, 45, 37, 42, 50, 55]",-4.8187034651
18,40,"[3, 1, 2, 8, 1, 1, 1, 1, 1, 1, 1, 3, 1, 1, 1, 1, 1, 1]","[2, 2, 1, 1, 1, 1, 1, 1, 1, 1, 1, 1, 1, 1, 1, 1, 1, 1, 1, 1, 2, 2, 1, 1, 3, 3, 3, 3, 3, 3, 3, 3, 3, 3, 1, 1, 1, 1, 3, 3]","[0, 1, 1, 2, 2, 3, 3, 4, 4, 5, 5, 6, 6, 7, 7, 8, 8, 9, 2, 10, 10, 11, 10, 12, 12, 13, 13, 14, 14, 15, 15, 16, 16, 17, 17, 1, 9, 4, 17, 12]","[1, 0, 2, 1, 3, 2, 4, 3, 5, 4, 6, 5, 7, 6, 8, 7, 9, 8, 10, 2, 11, 10, 12, 10, 13, 12, 14, 13, 15, 14, 16, 15, 17, 16, 1, 17, 4, 9, 12, 17]",-4.3237941723
26,60,"[3, 1, 1, 3, 1, 3, 1, 1, 3, 1, 3, 1, 1, 3, 1, 1, 1, 1, 1, 1, 1, 1, 1, 1, 1, 1]","[1, 1, 1, 1, 1, 1, 1, 1, 1, 1, 1, 1, 1, 1, 1, 1, 1, 1, 1, 1, 1, 1, 1, 1, 1, 1, 1, 1, 3, 3, 3, 3, 3, 3, 3, 3, 3, 3, 1, 1, 3, 3, 3, 3, 3, 3, 3, 3, 3, 3, 1, 1, 1, 1, 1, 1, 3, 3, 3, 3]","[0, 1, 1, 2, 2, 3, 3, 4, 4, 5, 5, 6, 6, 7, 7, 8, 8, 9, 9, 10, 10, 11, 11, 12, 12, 13, 9, 14, 14, 15, 15, 16, 16, 17, 17, 18, 18, 19, 4, 20, 20, 21, 21, 22, 22, 23, 23, 24, 24, 25, 6, 1, 13, 1, 12, 7, 19, 14, 25, 20]","[1, 0, 2, 1, 3, 2, 4, 3, 5, 4, 6, 5, 7, 6, 8, 7, 9, 8, 10, 9, 11, 10, 12, 11, 13, 12, 14, 9, 15, 14, 16, 15, 17, 16, 18, 17, 19, 18, 20, 4, 21, 20, 22, 21, 23, 22, 24, 23, 25, 24, 1, 6, 1, 13, 7, 12, 14, 19, 20, 25]",-4.4379626594
18,36,"[1, 1, 1, 1, 3, 3, 1, 1, 1, 1, 3, 3, 1, 1, 1, 1, 3, 3]","[1, 1, 1, 1, 1, 1, 1, 1, 1, 1, 1, 1, 1, 1, 1, 1, 1, 1, 1, 1, 1, 1, 1, 1, 1, 1, 1, 1, 1, 1, 1, 1, 1, 1, 1, 1]","[0, 1, 1, 2, 2, 3, 2, 4, 4, 5, 5, 6, 6, 7, 6, 8, 8, 9, 6, 10, 10, 11, 11, 12, 12, 13, 12, 14, 14, 15, 12, 16, 16, 17, 17, 2]","[1, 0, 2, 1, 3, 2, 4, 2, 5, 4, 6, 5, 7, 6, 8, 6, 9, 8, 10, 6, 11, 10, 12, 11, 13, 12, 14, 12, 15, 14, 16, 12, 17, 16, 2, 17]",-4.3048554438
18,42,"[3, 1, 3, 1, 1, 1, 1, 1, 3, 1, 1, 1, 1, 1, 1, 3, 1, 1]","[2, 2, 1, 1, 1, 1, 1, 1, 1, 1, 1, 1, 1, 1, 1, 1, 1, 1, 1, 1, 1, 1, 1, 1, 1, 1, 1, 1, 1, 1, 1, 1, 1, 1, 1, 1, 1, 1, 1, 1, 1, 1]","[0, 1, 1, 2, 2, 3, 3, 4, 4, 5, 5, 6, 6, 7, 7, 8, 8, 9, 9, 10, 1, 11, 11, 12, 12, 13, 13, 14, 14, 15, 15, 16, 16, 17, 10, 4, 9, 7, 17, 11, 16, 14]","[1, 0, 2, 1, 3, 2, 4, 3, 5, 4, 6, 5, 7, 6, 8, 7, 9, 8, 10, 9, 11, 1, 12, 11, 13, 12, 14, 13, 15, 14, 16, 15, 17, 16, 4, 10, 7, 9, 11, 17, 14, 16]",-1.2604846902
16,34,"[1, 3, 1, 3, 1, 1, 1, 1, 1, 1, 1, 1, 1, 1, 1, 1]","[1, 1, 1, 1, 2, 2, 1, 1, 1, 1, 1, 1, 1, 1, 1, 1, 1, 1, 1, 1, 1, 1, 2, 2, 1, 1, 1, 1, 1, 1, 1, 1, 1, 1]","[0, 1, 1, 2, 2, 3, 2, 4, 4, 5, 5, 6, 6, 7, 7, 8, 8, 9, 9, 10, 9, 11, 11, 12, 6, 13, 13, 14, 13, 15, 9, 4, 12, 6]","[1, 0, 2, 1, 3, 2, 4, 2, 5, 4, 6, 5, 7, 6, 8, 7, 9, 8, 10, 9, 11, 9, 12, 11, 13, 6, 14, 13, 15, 13, 4, 9, 6, 12]",-4.2008661255
17,36,"[2, 1, 2, 1, 2, 2, 1, 2, 1, 2, 1, 2, 2, 1, 2, 2, 2]","[1, 1, 3, 3, 3, 3, 1, 1, 3, 3, 3, 3, 1, 1, 1, 1, 3, 3, 3, 3, 1, 1, 3, 3, 3, 3, 1, 1, 3, 3, 3, 3, 3, 3, 3, 3]","[0, 1, 1, 2, 2, 3, 3, 4, 3, 5, 5, 6, 6, 7, 7, 8, 8, 9, 9, 10, 10, 11, 10, 12, 12, 13, 13, 14, 13, 15, 6, 16, 16, 1, 15, 8]","[1, 0, 2, 1, 3, 2, 4, 3, 5, 3, 6, 5, 7, 6, 8, 7, 9, 8, 10, 9, 11, 10, 12, 10, 13, 12, 14, 13, 15, 13, 16, 6, 1, 16, 8, 15]",-4.2253369782
19,38,"[3, 1, 1, 1, 1, 1, 1, 1, 1, 1, 1, 1, 1, 1, 3, 3, 1, 1, 3]","[2, 2, 1, 1, 1, 1, 1, 1, 1, 1, 1, 1, 1, 1, 1, 1, 1, 1, 1, 1, 1, 1, 1, 1, 1, 1, 2, 2, 1, 1, 1, 1, 1, 1, 1, 1, 1, 1]","[0, 1, 1, 2, 2, 3, 3, 4, 4, 5, 5, 6, 6, 7, 7, 8, 8, 9, 9, 10, 10, 11, 11, 12, 12, 13, 13, 14, 13, 15, 15, 16, 16, 17, 17, 18, 18, 1]","[1, 0, 2, 1, 3, 2, 4, 3, 5, 4, 6, 5, 7, 6, 8, 7, 9, 8, 10, 9, 11, 10, 12, 11, 13, 12, 14, 13, 15, 13, 16, 15, 17, 16, 18, 17, 1, 18]",-4.2616951793
12,26,"[1, 1, 1, 1, 1, 1, 1, 1, 1, 1, 2, 3]","[1, 1, 1, 1, 1, 1, 1, 1, 1, 1, 1, 1, 1, 1, 1, 1, 1, 1, 2, 2, 1, 1, 1, 1, 1, 1]","[0, 1, 1, 2, 2, 3, 3, 4, 4, 5, 5, 6, 5, 7, 7, 8, 5, 9, 9, 10, 10, 11, 8, 1, 9, 1]","[1, 0, 2, 1, 3, 2, 4, 3, 5, 4, 6, 5, 7, 5, 8, 7, 9, 5, 10, 9, 11, 10, 1, 8, 1, 9]",-3.0741522071
44,82,"[30, 30, 4, 4, 1, 1, 1, 1, 1, 1, 1, 1, 2, 1, 1, 1, 2, 1, 1, 1, 1, 1, 1, 1, 1, 1, 1, 2, 1, 1, 1, 1, 1, 2, 1, 1, 1, 1, 1, 1, 1, 1, 1, 1]","[1, 1, 1, 1, 1, 1, 1, 1, 1, 1, 1, 1, 1, 1, 1, 1, 2, 2, 3, 3, 3, 3, 3, 3, 1, 1, 1, 1, 1, 1, 1, 1, 1, 1, 1, 1, 1, 1, 1, 1, 1, 1, 1, 1, 1, 1, 3, 3, 3, 3, 3, 3, 3, 3, 3, 3, 2, 2, 1, 1, 1, 1, 1, 1, 1, 1, 1, 1, 1, 1, 1, 1, 1, 1, 3, 3, 3, 3, 3, 3, 3, 3]","[4, 5, 5, 6, 6, 7, 7, 8, 8, 9, 9, 10, 10, 11, 11, 12, 12, 13, 13, 14, 14, 15, 15, 16, 16, 17, 17, 18, 18, 19, 19, 20, 20, 21, 21, 22, 22, 23, 23, 24, 24, 25, 25, 26, 26, 27, 27, 28, 28, 29, 29, 30, 30, 31, 31, 32, 30, 33, 33, 34, 34, 35, 35, 36, 36, 37, 37, 38, 38, 39, 39, 40, 40, 41, 16, 42, 42, 43, 43, 13, 32, 27]","[5, 4, 6, 5, 7, 6, 8, 7, 9, 8, 10, 9, 11, 10, 12, 11, 13, 12, 14, 13, 15, 14, 16, 15, 17, 16, 18, 17, 19, 18, 20, 19, 21, 20, 22, 21, 23, 22, 24, 23, 25, 24, 26, 25, 27, 26, 28, 27, 29, 28, 30, 29, 31, 30, 32, 31, 33, 30, 34, 33, 35, 34, 36, 35, 37, 36, 38, 37, 39, 38, 40, 39, 41, 40, 42, 16, 43, 42, 13, 43, 27, 32]",-1.6427862658
18,38,"[3, 1, 1, 1, 1, 1, 1, 1, 1, 3, 1, 1, 1, 1, 1, 1, 1, 1]","[2, 2, 1, 1, 1, 1, 3, 3, 3, 3, 3, 3, 3, 3, 3, 3, 1, 1, 1, 1, 1, 1, 1, 1, 3, 3, 3, 3, 3, 3, 3, 3, 3, 3, 3, 3, 3, 3]","[0, 1, 1, 2, 2, 3, 3, 4, 4, 5, 5, 6, 6, 7, 7, 8, 1, 9, 9, 10, 10, 11, 11, 12, 12, 13, 13, 14, 14, 15, 15, 16, 16, 17, 8, 3, 17, 12]","[1, 0, 2, 1, 3, 2, 4, 3, 5, 4, 6, 5, 7, 6, 8, 7, 9, 1, 10, 9, 11, 10, 12, 11, 13, 12, 14, 13, 15, 14, 16, 15, 17, 16, 3, 8, 12, 17]",-4.1887477927
21,44,"[3, 1, 3, 1, 2, 1, 3, 3, 1, 1, 1, 1, 1, 1, 1, 1, 1, 1, 1, 1, 1]","[1, 1, 2, 2, 1, 1, 1, 1, 1, 1, 2, 2, 1, 1, 1, 1, 1, 1, 3, 3, 3, 3, 3, 3, 3, 3, 3, 3, 1, 1, 1, 1, 1, 1, 1, 1, 1, 1, 1, 1, 3, 3, 1, 1]","[0, 1, 1, 2, 1, 3, 3, 4, 4, 5, 5, 6, 5, 7, 7, 8, 8, 9, 9, 10, 10, 11, 11, 12, 12, 13, 13, 14, 3, 15, 15, 16, 16, 17, 17, 18, 18, 19, 19, 20, 14, 9, 20, 15]","[1, 0, 2, 1, 3, 1, 4, 3, 5, 4, 6, 5, 7, 5, 8, 7, 9, 8, 10, 9, 11, 10, 12, 11, 13, 12, 14, 13, 15, 3, 16, 15, 17, 16, 18, 17, 19, 18, 20, 19, 9, 14, 15, 20]",-3.2854336032
19,42,"[3, 1, 1, 3, 1, 1, 3, 1, 3, 2, 1, 2, 1, 1, 3, 2, 1, 2, 1]","[1, 1, 1, 1, 1, 1, 1, 1, 1, 1, 1, 1, 1, 1, 1, 1, 1, 1, 3, 3, 3, 3, 3, 3, 3, 3, 2, 2, 3, 3, 3, 3, 3, 3, 3, 3, 1, 1, 3, 3, 3, 3]","[0, 1, 1, 2, 2, 3, 3, 4, 4, 5, 5, 6, 5, 7, 7, 8, 4, 9, 9, 10, 10, 11, 11, 12, 12, 13, 13, 14, 13, 15, 15, 16, 16, 17, 17, 18, 7, 2, 18, 9, 18, 12]","[1, 0, 2, 1, 3, 2, 4, 3, 5, 4, 6, 5, 7, 5, 8, 7, 9, 4, 10, 9, 11, 10, 12, 11, 13, 12, 14, 13, 15, 13, 16, 15, 17, 16, 18, 17, 2, 7, 9, 18, 12, 18]",-1.2298486435
11,22,"[1, 2, 1, 3, 1, 2, 1, 2, 2, 3, 3]","[1, 1, 1, 1, 1, 1, 1, 1, 1, 1, 2, 2, 1, 1, 1, 1, 1, 1, 2, 2, 1, 1]","[0, 1, 1, 2, 2, 3, 3, 4, 4, 5, 5, 6, 6, 7, 7, 8, 8, 9, 8, 10, 6, 1]","[1, 0, 2, 1, 3, 2, 4, 3, 5, 4, 6, 5, 7, 6, 8, 7, 9, 8, 10, 8, 1, 6]",-1.0022923277
26,54,"[1, 1, 1, 3, 1, 1, 1, 1, 1, 1, 1, 3, 1, 1, 1, 1, 1, 1, 3, 1, 1, 4, 1, 1, 1, 3]","[1, 1, 1, 1, 1, 1, 1, 1, 1, 1, 1, 1, 3, 3, 3, 3, 3, 3, 1, 1, 3, 3, 3, 3, 1, 1, 3, 3, 3, 3, 3, 3, 1, 1, 3, 3, 3, 3, 1, 1, 1, 1, 1, 1, 1, 1, 1, 1, 3, 3, 3, 3, 1, 1]","[0, 1, 1, 2, 2, 3, 4, 5, 5, 6, 5, 7, 7, 8, 8, 9, 9, 10, 10, 11, 10, 12, 12, 13, 5, 14, 14, 15, 15, 16, 16, 17, 17, 18, 17, 19, 19, 20, 21, 22, 22, 23, 23, 24, 24, 25, 3, 1, 13, 7, 20, 14, 25, 23]","[1, 0, 2, 1, 3, 2, 5, 4, 6, 5, 7, 5, 8, 7, 9, 8, 10, 9, 11, 10, 12, 10, 13, 12, 14, 5, 15, 14, 16, 15, 17, 16, 18, 17, 19, 17, 20, 19, 22, 21, 23, 22, 24, 23, 25, 24, 1, 3, 7, 13, 14, 20, 23, 25]",-4.3744000378
16,32,"[1, 3, 1, 3, 1, 1, 1, 3, 1, 1, 1, 3, 1, 3, 3, 1]","[1, 1, 1, 1, 2, 2, 1, 1, 1, 1, 1, 1, 2, 2, 1, 1, 1, 1, 1, 1, 2, 2, 1, 1, 2, 2, 1, 1, 1, 1, 1, 1]","[0, 1, 1, 2, 2, 3, 2, 4, 4, 5, 5, 6, 6, 7, 6, 8, 8, 9, 9, 10, 10, 11, 8, 12, 12, 13, 12, 14, 14, 15, 10, 4]","[1, 0, 2, 1, 3, 2, 4, 2, 5, 4, 6, 5, 7, 6, 8, 6, 9, 8, 10, 9, 11, 10, 12, 8, 13, 12, 14, 12, 15, 14, 4, 10]",-4.1541956574
15,34,"[3, 1, 1, 1, 1, 1, 1, 1, 1, 1, 1, 1, 1, 1, 1]","[2, 2, 1, 1, 1, 1, 1, 1, 2, 2, 1, 1, 1, 1, 1, 1, 1, 1, 1, 1, 1, 1, 1, 1, 1, 1, 1, 1, 1, 1, 1, 1, 1, 1]","[0, 1, 1, 2, 2, 3, 3, 4, 4, 5, 5, 6, 6, 7, 7, 8, 8, 9, 9, 10, 10, 11, 11, 12, 12, 13, 13, 14, 9, 5, 14, 7, 14, 10]","[1, 0, 2, 1, 3, 2, 4, 3, 5, 4, 6, 5, 7, 6, 8, 7, 9, 8, 10, 9, 11, 10, 12, 11, 13, 12, 14, 13, 5, 9, 7, 14, 10, 14]",-4.090187912699999
11,24,"[3, 1, 2, 1, 3, 1, 1, 1, 1, 1, 1]","[2, 2, 1, 1, 1, 1, 2, 2, 1, 1, 2, 2, 1, 1, 1, 1, 1, 1, 1, 1, 1, 1, 1, 1]","[0, 1, 1, 2, 2, 3, 3, 4, 3, 5, 5, 6, 6, 7, 7, 8, 8, 9, 9, 10, 6, 1, 10, 5]","[1, 0, 2, 1, 3, 2, 4, 3, 5, 3, 6, 5, 7, 6, 8, 7, 9, 8, 10, 9, 1, 6, 5, 10]",-1.974517726
14,30,"[8, 1, 2, 2, 1, 8, 8, 1, 2, 2, 1, 8, 8, 8]","[2, 2, 3, 3, 3, 3, 3, 3, 1, 1, 1, 1, 1, 1, 3, 3, 3, 3, 3, 3, 2, 2, 3, 3, 3, 3, 3, 3, 3, 3]","[0, 1, 1, 2, 2, 3, 3, 4, 4, 5, 5, 6, 6, 7, 7, 8, 8, 9, 9, 10, 10, 11, 10, 12, 4, 13, 13, 1, 12, 7]","[1, 0, 2, 1, 3, 2, 4, 3, 5, 4, 6, 5, 7, 6, 8, 7, 9, 8, 10, 9, 11, 10, 12, 10, 13, 4, 1, 13, 7, 12]",-3.2522133148
16,36,"[1, 1, 1, 1, 1, 1, 1, 1, 1, 1, 3, 1, 1, 1, 1, 1]","[1, 1, 1, 1, 1, 1, 1, 1, 1, 1, 1, 1, 1, 1, 1, 1, 1, 1, 2, 2, 1, 1, 1, 1, 1, 1, 1, 1, 1, 1, 1, 1, 1, 1, 1, 1]","[0, 1, 1, 2, 1, 3, 3, 4, 4, 5, 5, 6, 6, 7, 6, 8, 8, 9, 9, 10, 9, 11, 11, 12, 12, 13, 13, 14, 13, 15, 8, 1, 7, 3, 13, 6]","[1, 0, 2, 1, 3, 1, 4, 3, 5, 4, 6, 5, 7, 6, 8, 6, 9, 8, 10, 9, 11, 9, 12, 11, 13, 12, 14, 13, 15, 13, 1, 8, 3, 7, 6, 13]",-4.0976122125
19,40,"[1, 8, 1, 1, 1, 1, 1, 1, 1, 3, 1, 1, 1, 2, 1, 1, 3, 1, 1]","[1, 1, 1, 1, 3, 3, 3, 3, 3, 3, 3, 3, 3, 3, 1, 1, 2, 2, 1, 1, 1, 1, 1, 1, 1, 1, 1, 1, 1, 1, 1, 1, 1, 1, 1, 1, 3, 3, 1, 1]","[0, 1, 1, 2, 2, 3, 3, 4, 4, 5, 5, 6, 6, 7, 5, 8, 8, 9, 8, 10, 10, 11, 10, 12, 10, 13, 13, 14, 14, 15, 15, 16, 16, 17, 17, 18, 7, 2, 18, 13]","[1, 0, 2, 1, 3, 2, 4, 3, 5, 4, 6, 5, 7, 6, 8, 5, 9, 8, 10, 8, 11, 10, 12, 10, 13, 10, 14, 13, 15, 14, 16, 15, 17, 16, 18, 17, 2, 7, 13, 18]",-4.1933811426
10,22,"[3, 1, 2, 8, 1, 1, 1, 1, 1, 1]","[2, 2, 3, 3, 3, 3, 3, 3, 3, 3, 3, 3, 3, 3, 3, 3, 3, 3, 3, 3, 3, 3]","[0, 1, 1, 2, 2, 3, 3, 4, 4, 5, 5, 6, 6, 7, 7, 8, 8, 9, 9, 1, 9, 4]","[1, 0, 2, 1, 3, 2, 4, 3, 5, 4, 6, 5, 7, 6, 8, 7, 9, 8, 1, 9, 4, 9]",-1.9472895459
9,18,"[3, 2, 3, 1, 2, 1, 3, 2, 2]","[1, 1, 2, 2, 1, 1, 3, 3, 3, 3, 2, 2, 3, 3, 3, 3, 3, 3]","[0, 1, 1, 2, 1, 3, 3, 4, 4, 5, 5, 6, 5, 7, 7, 8, 8, 3]","[1, 0, 2, 1, 3, 1, 4, 3, 5, 4, 6, 5, 7, 5, 8, 7, 3, 8]",-0.8786253202
21,40,"[6, 16, 6, 6, 6, 6, 16, 6, 6, 6, 6, 2, 1, 1, 2, 1, 4, 1, 1, 1, 1]","[1, 1, 1, 1, 1, 1, 1, 1, 1, 1, 1, 1, 1, 1, 1, 1, 1, 1, 1, 1, 1, 1, 1, 1, 1, 1, 1, 1, 1, 1, 1, 1, 1, 1, 1, 1, 1, 1, 1, 1]","[0, 1, 1, 2, 1, 3, 1, 4, 5, 6, 6, 7, 6, 8, 6, 9, 10, 11, 11, 12, 12, 13, 13, 14, 14, 15, 15, 16, 14, 17, 17, 18, 14, 19, 19, 20, 18, 11, 20, 11]","[1, 0, 2, 1, 3, 1, 4, 1, 6, 5, 7, 6, 8, 6, 9, 6, 11, 10, 12, 11, 13, 12, 14, 13, 15, 14, 16, 15, 17, 14, 18, 17, 19, 14, 20, 19, 11, 18, 11, 20]",-0.3038119023
57,116,"[13, 1, 1, 3, 1, 2, 2, 1, 1, 1, 1, 1, 1, 2, 3, 3, 8, 3, 3, 3, 1, 3, 2, 1, 1, 1, 1, 1, 1, 1, 1, 3, 1, 2, 2, 1, 1, 1, 1, 1, 1, 2, 3, 3, 8, 3, 3, 3, 1, 3, 2, 1, 1, 1, 1, 1, 1]","[1, 1, 2, 2, 1, 1, 1, 1, 2, 2, 1, 1, 3, 3, 3, 3, 3, 3, 3, 3, 3, 3, 1, 1, 1, 1, 2, 2, 1, 1, 1, 1, 2, 2, 2, 2, 1, 1, 2, 2, 1, 1, 1, 1, 3, 3, 3, 3, 3, 3, 3, 3, 3, 3, 1, 1, 2, 2, 1, 1, 1, 1, 2, 2, 1, 1, 3, 3, 3, 3, 3, 3, 3, 3, 3, 3, 1, 1, 1, 1, 2, 2, 1, 1, 1, 1, 2, 2, 2, 2, 1, 1, 2, 2, 1, 1, 1, 1, 3, 3, 3, 3, 3, 3, 3, 3, 3, 3, 3, 3, 3, 3, 3, 3, 3, 3]","[1, 2, 2, 3, 2, 4, 4, 5, 5, 6, 6, 7, 7, 8, 8, 9, 9, 10, 10, 11, 11, 12, 12, 13, 13, 14, 13, 15, 10, 16, 16, 17, 16, 18, 16, 19, 4, 20, 20, 21, 20, 22, 22, 23, 23, 24, 24, 25, 25, 26, 26, 27, 27, 28, 29, 30, 30, 31, 30, 32, 32, 33, 33, 34, 34, 35, 35, 36, 36, 37, 37, 38, 38, 39, 39, 40, 40, 41, 41, 42, 41, 43, 38, 44, 44, 45, 44, 46, 44, 47, 32, 48, 48, 49, 48, 50, 50, 51, 51, 52, 52, 53, 53, 54, 54, 55, 55, 56, 12, 7, 28, 23, 40, 35, 56, 51]","[2, 1, 3, 2, 4, 2, 5, 4, 6, 5, 7, 6, 8, 7, 9, 8, 10, 9, 11, 10, 12, 11, 13, 12, 14, 13, 15, 13, 16, 10, 17, 16, 18, 16, 19, 16, 20, 4, 21, 20, 22, 20, 23, 22, 24, 23, 25, 24, 26, 25, 27, 26, 28, 27, 30, 29, 31, 30, 32, 30, 33, 32, 34, 33, 35, 34, 36, 35, 37, 36, 38, 37, 39, 38, 40, 39, 41, 40, 42, 41, 43, 41, 44, 38, 45, 44, 46, 44, 47, 44, 48, 32, 49, 48, 50, 48, 51, 50, 52, 51, 53, 52, 54, 53, 55, 54, 56, 55, 7, 12, 23, 28, 35, 40, 51, 56]",-4.6745621224
64,138,"[9, 9, 3, 8, 3, 3, 1, 1, 1, 2, 1, 2, 1, 2, 1, 1, 1, 1, 1, 1, 2, 1, 2, 2, 1, 1, 3, 1, 1, 1, 1, 1, 1, 1, 1, 1, 1, 1, 2, 1, 2, 1, 2, 1, 1, 1, 1, 1, 1, 2, 1, 2, 2, 1, 1, 3, 1, 1, 1, 1, 8, 3, 3, 3]","[1, 1, 2, 2, 2, 2, 1, 1, 3, 3, 3, 3, 1, 1, 1, 1, 3, 3, 3, 3, 1, 1, 1, 1, 3, 3, 3, 3, 3, 3, 3, 3, 3, 3, 3, 3, 3, 3, 3, 3, 1, 1, 1, 1, 1, 1, 1, 1, 1, 1, 1, 1, 3, 3, 3, 3, 3, 3, 1, 1, 2, 2, 1, 1, 3, 3, 3, 3, 3, 3, 1, 1, 1, 1, 3, 3, 3, 3, 1, 1, 1, 1, 3, 3, 3, 3, 3, 3, 3, 3, 3, 3, 3, 3, 3, 3, 3, 3, 1, 1, 1, 1, 1, 1, 1, 1, 1, 1, 1, 1, 3, 3, 3, 3, 1, 1, 1, 1, 2, 2, 2, 2, 3, 3, 3, 3, 3, 3, 1, 1, 3, 3, 3, 3, 3, 3, 1, 1]","[2, 3, 3, 4, 3, 5, 3, 6, 6, 7, 7, 8, 8, 9, 9, 10, 10, 11, 11, 12, 12, 13, 13, 14, 14, 15, 15, 16, 16, 17, 17, 18, 18, 19, 12, 20, 20, 21, 21, 22, 21, 23, 23, 24, 24, 25, 25, 26, 26, 27, 27, 28, 8, 29, 29, 30, 30, 31, 31, 32, 32, 33, 33, 34, 34, 35, 35, 36, 36, 37, 37, 38, 38, 39, 39, 40, 40, 41, 41, 42, 42, 43, 43, 44, 44, 45, 45, 46, 46, 47, 47, 48, 41, 49, 49, 50, 50, 51, 50, 52, 52, 53, 53, 54, 54, 55, 55, 56, 56, 57, 37, 58, 58, 59, 59, 60, 60, 61, 60, 62, 60, 63, 31, 6, 22, 10, 19, 14, 28, 23, 59, 34, 51, 39, 48, 43, 57, 52]","[3, 2, 4, 3, 5, 3, 6, 3, 7, 6, 8, 7, 9, 8, 10, 9, 11, 10, 12, 11, 13, 12, 14, 13, 15, 14, 16, 15, 17, 16, 18, 17, 19, 18, 20, 12, 21, 20, 22, 21, 23, 21, 24, 23, 25, 24, 26, 25, 27, 26, 28, 27, 29, 8, 30, 29, 31, 30, 32, 31, 33, 32, 34, 33, 35, 34, 36, 35, 37, 36, 38, 37, 39, 38, 40, 39, 41, 40, 42, 41, 43, 42, 44, 43, 45, 44, 46, 45, 47, 46, 48, 47, 49, 41, 50, 49, 51, 50, 52, 50, 53, 52, 54, 53, 55, 54, 56, 55, 57, 56, 58, 37, 59, 58, 60, 59, 61, 60, 62, 60, 63, 60, 6, 31, 10, 22, 14, 19, 23, 28, 34, 59, 39, 51, 43, 48, 52, 57]",-2.710838239
46,108,"[4, 1, 1, 1, 1, 4, 1, 1, 1, 2, 1, 1, 1, 1, 1, 3, 1, 1, 1, 1, 1, 1, 1, 3, 1, 1, 2, 1, 2, 1, 1, 1, 1, 1, 3, 1, 1, 1, 1, 1, 1, 1, 3, 1, 1, 2]","[1, 1, 3, 3, 3, 3, 3, 3, 1, 1, 3, 3, 3, 3, 1, 1, 3, 3, 3, 3, 3, 3, 3, 3, 3, 3, 1, 1, 2, 2, 1, 1, 3, 3, 3, 3, 3, 3, 3, 3, 3, 3, 1, 1, 2, 2, 1, 1, 3, 3, 3, 3, 1, 1, 3, 3, 3, 3, 3, 3, 3, 3, 3, 3, 1, 1, 2, 2, 1, 1, 3, 3, 3, 3, 3, 3, 3, 3, 3, 3, 1, 1, 2, 2, 1, 1, 3, 3, 3, 3, 3, 3, 3, 3, 3, 3, 3, 3, 3, 3, 3, 3, 3, 3, 3, 3, 3, 3]","[0, 1, 1, 2, 2, 3, 3, 4, 4, 5, 4, 6, 6, 7, 7, 8, 8, 9, 9, 10, 10, 11, 11, 12, 12, 13, 13, 14, 14, 15, 14, 16, 16, 17, 17, 18, 18, 19, 19, 20, 20, 21, 21, 22, 22, 23, 22, 24, 24, 25, 25, 26, 3, 27, 27, 28, 28, 29, 29, 30, 30, 31, 31, 32, 32, 33, 33, 34, 33, 35, 35, 36, 36, 37, 37, 38, 38, 39, 39, 40, 40, 41, 41, 42, 41, 43, 43, 44, 44, 45, 7, 1, 26, 8, 25, 10, 24, 13, 21, 16, 45, 27, 44, 29, 43, 32, 40, 35]","[1, 0, 2, 1, 3, 2, 4, 3, 5, 4, 6, 4, 7, 6, 8, 7, 9, 8, 10, 9, 11, 10, 12, 11, 13, 12, 14, 13, 15, 14, 16, 14, 17, 16, 18, 17, 19, 18, 20, 19, 21, 20, 22, 21, 23, 22, 24, 22, 25, 24, 26, 25, 27, 3, 28, 27, 29, 28, 30, 29, 31, 30, 32, 31, 33, 32, 34, 33, 35, 33, 36, 35, 37, 36, 38, 37, 39, 38, 40, 39, 41, 40, 42, 41, 43, 41, 44, 43, 45, 44, 1, 7, 8, 26, 10, 25, 13, 24, 16, 21, 27, 45, 29, 44, 32, 43, 35, 40]",-4.524775941100001
21,44,"[1, 1, 1, 2, 1, 1, 1, 1, 1, 1, 1, 3, 2, 1, 1, 1, 1, 1, 1, 1, 3]","[1, 1, 1, 1, 1, 1, 1, 1, 2, 2, 1, 1, 2, 2, 1, 1, 2, 2, 1, 1, 2, 2, 1, 1, 1, 1, 2, 2, 1, 1, 2, 2, 1, 1, 2, 2, 1, 1, 2, 2, 1, 1, 1, 1]","[0, 1, 1, 2, 2, 3, 3, 4, 4, 5, 5, 6, 6, 7, 7, 8, 8, 9, 9, 10, 10, 11, 1, 12, 12, 13, 13, 14, 14, 15, 15, 16, 16, 17, 17, 18, 18, 19, 19, 20, 10, 5, 19, 14]","[1, 0, 2, 1, 3, 2, 4, 3, 5, 4, 6, 5, 7, 6, 8, 7, 9, 8, 10, 9, 11, 10, 12, 1, 13, 12, 14, 13, 15, 14, 16, 15, 17, 16, 18, 17, 19, 18, 20, 19, 5, 10, 14, 19]",-3.172023424
45,84,"[3, 44, 1, 1, 1, 1, 1, 1, 1, 1, 3, 1, 1, 1, 2, 1, 1, 3, 1, 2, 2, 1, 1, 1, 1, 1, 1, 3, 8, 3, 3, 3, 2, 3, 3, 1, 3, 2, 1, 1, 1, 1, 1, 1, 30]","[1, 1, 1, 1, 1, 1, 1, 1, 1, 1, 1, 1, 1, 1, 1, 1, 1, 1, 1, 1, 1, 1, 1, 1, 1, 1, 2, 2, 1, 1, 2, 2, 1, 1, 1, 1, 3, 3, 3, 3, 3, 3, 3, 3, 3, 3, 1, 1, 1, 1, 1, 1, 2, 2, 2, 2, 1, 1, 1, 1, 2, 2, 1, 1, 2, 2, 1, 1, 1, 1, 3, 3, 3, 3, 3, 3, 3, 3, 3, 3, 3, 3, 3, 3]","[2, 3, 3, 4, 4, 5, 5, 6, 6, 7, 7, 8, 6, 9, 9, 10, 10, 11, 11, 12, 12, 13, 13, 14, 15, 16, 16, 17, 16, 18, 18, 19, 19, 20, 20, 21, 21, 22, 22, 23, 23, 24, 24, 25, 25, 26, 26, 27, 25, 28, 28, 29, 28, 30, 28, 31, 23, 32, 32, 33, 32, 34, 18, 35, 35, 36, 35, 37, 37, 38, 38, 39, 39, 40, 40, 41, 41, 42, 42, 43, 26, 21, 43, 38]","[3, 2, 4, 3, 5, 4, 6, 5, 7, 6, 8, 7, 9, 6, 10, 9, 11, 10, 12, 11, 13, 12, 14, 13, 16, 15, 17, 16, 18, 16, 19, 18, 20, 19, 21, 20, 22, 21, 23, 22, 24, 23, 25, 24, 26, 25, 27, 26, 28, 25, 29, 28, 30, 28, 31, 28, 32, 23, 33, 32, 34, 32, 35, 18, 36, 35, 37, 35, 38, 37, 39, 38, 40, 39, 41, 40, 42, 41, 43, 42, 21, 26, 38, 43]",-3.5425873869
42,92,"[1, 1, 1, 1, 1, 1, 1, 1, 1, 1, 1, 1, 1, 3, 1, 1, 1, 1, 1, 1, 1, 1, 1, 1, 1, 1, 1, 1, 1, 1, 1, 1, 1, 1, 1, 1, 1, 1, 1, 1, 3, 1]","[1, 1, 2, 2, 1, 1, 1, 1, 1, 1, 1, 1, 1, 1, 1, 1, 1, 1, 1, 1, 1, 1, 1, 1, 1, 1, 1, 1, 1, 1, 1, 1, 1, 1, 1, 1, 1, 1, 1, 1, 1, 1, 1, 1, 1, 1, 1, 1, 1, 1, 1, 1, 1, 1, 2, 2, 1, 1, 1, 1, 1, 1, 1, 1, 1, 1, 1, 1, 1, 1, 1, 1, 2, 2, 1, 1, 1, 1, 1, 1, 1, 1, 1, 1, 1, 1, 1, 1, 1, 1, 1, 1]","[0, 1, 1, 2, 2, 3, 3, 4, 4, 5, 5, 6, 6, 7, 7, 8, 7, 9, 10, 11, 11, 12, 11, 13, 13, 14, 14, 15, 14, 16, 16, 17, 17, 18, 18, 19, 19, 20, 21, 22, 22, 23, 22, 24, 24, 25, 25, 26, 26, 27, 27, 28, 27, 29, 29, 30, 31, 32, 32, 33, 32, 34, 34, 35, 35, 36, 36, 37, 37, 38, 37, 39, 39, 40, 39, 41, 6, 1, 7, 4, 18, 11, 20, 14, 29, 22, 28, 24, 37, 32, 41, 34]","[1, 0, 2, 1, 3, 2, 4, 3, 5, 4, 6, 5, 7, 6, 8, 7, 9, 7, 11, 10, 12, 11, 13, 11, 14, 13, 15, 14, 16, 14, 17, 16, 18, 17, 19, 18, 20, 19, 22, 21, 23, 22, 24, 22, 25, 24, 26, 25, 27, 26, 28, 27, 29, 27, 30, 29, 32, 31, 33, 32, 34, 32, 35, 34, 36, 35, 37, 36, 38, 37, 39, 37, 40, 39, 41, 39, 1, 6, 4, 7, 11, 18, 14, 20, 22, 29, 24, 28, 32, 37, 34, 41]",-5.4383706051
19,40,"[1, 1, 1, 1, 1, 1, 1, 1, 1, 1, 1, 1, 1, 1, 1, 3, 1, 1, 3]","[1, 1, 1, 1, 1, 1, 1, 1, 1, 1, 1, 1, 2, 2, 1, 1, 1, 1, 1, 1, 1, 1, 1, 1, 1, 1, 1, 1, 1, 1, 1, 1, 1, 1, 2, 2, 1, 1, 1, 1]","[0, 1, 1, 2, 2, 3, 3, 4, 4, 5, 5, 6, 6, 7, 7, 8, 8, 9, 9, 10, 10, 11, 4, 12, 12, 13, 12, 14, 12, 15, 15, 16, 16, 17, 16, 18, 7, 1, 10, 6]","[1, 0, 2, 1, 3, 2, 4, 3, 5, 4, 6, 5, 7, 6, 8, 7, 9, 8, 10, 9, 11, 10, 12, 4, 13, 12, 14, 12, 15, 12, 16, 15, 17, 16, 18, 16, 1, 7, 6, 10]",-5.022602512200001
17,36,"[1, 1, 1, 1, 1, 1, 1, 1, 1, 1, 3, 1, 1, 1, 1, 1, 1]","[1, 1, 1, 1, 1, 1, 2, 2, 1, 1, 1, 1, 1, 1, 1, 1, 1, 1, 2, 2, 1, 1, 1, 1, 1, 1, 1, 1, 1, 1, 1, 1, 1, 1, 1, 1]","[0, 1, 1, 2, 2, 3, 3, 4, 4, 5, 5, 6, 6, 7, 6, 8, 8, 9, 8, 10, 4, 11, 11, 12, 11, 13, 11, 14, 14, 15, 15, 16, 6, 1, 16, 3]","[1, 0, 2, 1, 3, 2, 4, 3, 5, 4, 6, 5, 7, 6, 8, 6, 9, 8, 10, 8, 11, 4, 12, 11, 13, 11, 14, 11, 15, 14, 16, 15, 1, 6, 3, 16]",-4.9417913147000005
18,36,"[2, 1, 2, 1, 2, 2, 1, 2, 2, 3, 1, 2, 1, 3, 2, 1, 3, 2]","[1, 1, 3, 3, 3, 3, 1, 1, 3, 3, 3, 3, 1, 1, 3, 3, 2, 2, 3, 3, 3, 3, 2, 2, 3, 3, 3, 3, 2, 2, 3, 3, 3, 3, 3, 3]","[0, 1, 1, 2, 2, 3, 3, 4, 3, 5, 5, 6, 6, 7, 6, 8, 9, 10, 10, 11, 11, 12, 12, 13, 12, 14, 14, 15, 15, 16, 15, 17, 8, 1, 17, 10]","[1, 0, 2, 1, 3, 2, 4, 3, 5, 3, 6, 5, 7, 6, 8, 6, 10, 9, 11, 10, 12, 11, 13, 12, 14, 12, 15, 14, 16, 15, 17, 15, 1, 8, 10, 17]",-4.9755135023
16,32,"[3, 1, 1, 1, 1, 1, 1, 1, 1, 1, 1, 1, 1, 1, 1, 1]","[2, 2, 1, 1, 1, 1, 1, 1, 1, 1, 1, 1, 1, 1, 1, 1, 1, 1, 1, 1, 1, 1, 1, 1, 2, 2, 1, 1, 1, 1, 1, 1]","[0, 1, 1, 2, 2, 3, 3, 4, 4, 5, 5, 6, 6, 7, 7, 8, 8, 9, 9, 10, 10, 11, 11, 12, 12, 13, 13, 14, 14, 15, 15, 1]","[1, 0, 2, 1, 3, 2, 4, 3, 5, 4, 6, 5, 7, 6, 8, 7, 9, 8, 10, 9, 11, 10, 12, 11, 13, 12, 14, 13, 15, 14, 1, 15]",-4.8831871131
10,22,"[1, 1, 1, 1, 1, 1, 1, 1, 1, 1]","[1, 1, 2, 2, 1, 1, 1, 1, 1, 1, 1, 1, 1, 1, 1, 1, 1, 1, 1, 1, 1, 1]","[0, 1, 1, 2, 2, 3, 3, 4, 4, 5, 5, 6, 5, 7, 7, 8, 7, 9, 6, 1, 7, 4]","[1, 0, 2, 1, 3, 2, 4, 3, 5, 4, 6, 5, 7, 5, 8, 7, 9, 7, 1, 6, 4, 7]",-4.6704052705
34,72,"[9, 9, 3, 1, 3, 1, 1, 1, 1, 1, 1, 1, 1, 1, 1, 0, 1, 3, 1, 1, 3, 1, 1, 1, 1, 0, 1, 3, 1, 1, 1, 1, 1, 42]","[1, 1, 2, 2, 1, 1, 3, 3, 3, 3, 3, 3, 3, 3, 3, 3, 1, 1, 3, 3, 3, 3, 3, 3, 1, 1, 3, 3, 2, 2, 3, 3, 3, 3, 3, 3, 3, 3, 3, 3, 3, 3, 3, 3, 1, 1, 3, 3, 1, 1, 3, 3, 1, 1, 2, 2, 1, 1, 2, 2, 1, 1, 3, 3, 3, 3, 1, 1, 3, 3, 1, 1]","[2, 3, 3, 4, 3, 5, 5, 6, 6, 7, 7, 8, 8, 9, 9, 10, 10, 11, 11, 12, 12, 13, 13, 14, 14, 15, 14, 16, 16, 17, 16, 18, 18, 19, 19, 20, 20, 21, 21, 22, 22, 23, 23, 24, 24, 25, 24, 26, 26, 27, 26, 28, 28, 29, 29, 30, 30, 31, 31, 32, 32, 33, 10, 5, 22, 11, 19, 12, 28, 21, 33, 29]","[3, 2, 4, 3, 5, 3, 6, 5, 7, 6, 8, 7, 9, 8, 10, 9, 11, 10, 12, 11, 13, 12, 14, 13, 15, 14, 16, 14, 17, 16, 18, 16, 19, 18, 20, 19, 21, 20, 22, 21, 23, 22, 24, 23, 25, 24, 26, 24, 27, 26, 28, 26, 29, 28, 30, 29, 31, 30, 32, 31, 33, 32, 5, 10, 11, 22, 12, 19, 21, 28, 29, 33]",-4.5936830655000005
61,124,"[9, 9, 31, 31, 2, 8, 3, 3, 1, 1, 1, 1, 3, 1, 1, 2, 2, 1, 1, 3, 1, 1, 1, 1, 2, 1, 1, 1, 1, 1, 3, 1, 2, 2, 1, 1, 1, 1, 1, 1, 3, 8, 2, 3, 3, 1, 1, 1, 1, 8, 3, 3, 3, 1, 1, 1, 1, 8, 3, 3, 3]","[1, 1, 2, 2, 2, 2, 1, 1, 3, 3, 3, 3, 3, 3, 1, 1, 3, 3, 3, 3, 1, 1, 2, 2, 1, 1, 3, 3, 1, 1, 3, 3, 3, 3, 3, 3, 3, 3, 1, 1, 1, 1, 3, 3, 3, 3, 3, 3, 3, 3, 1, 1, 3, 3, 1, 1, 2, 2, 1, 1, 3, 3, 3, 3, 3, 3, 3, 3, 3, 3, 1, 1, 1, 1, 1, 1, 2, 2, 2, 2, 3, 3, 3, 3, 3, 3, 3, 3, 1, 1, 1, 1, 2, 2, 2, 2, 3, 3, 3, 3, 3, 3, 3, 3, 1, 1, 1, 1, 2, 2, 2, 2, 3, 3, 3, 3, 3, 3, 3, 3, 3, 3, 3, 3]","[4, 5, 5, 6, 5, 7, 5, 8, 8, 9, 9, 10, 10, 11, 11, 12, 11, 13, 13, 14, 13, 15, 15, 16, 16, 17, 17, 18, 18, 19, 18, 20, 20, 21, 21, 22, 22, 23, 23, 24, 24, 25, 25, 26, 26, 27, 27, 28, 28, 29, 29, 30, 29, 31, 31, 32, 32, 33, 33, 34, 34, 35, 35, 36, 36, 37, 37, 38, 38, 39, 39, 40, 36, 41, 41, 42, 41, 43, 41, 44, 31, 45, 45, 46, 46, 47, 47, 48, 45, 49, 49, 50, 49, 51, 49, 52, 23, 53, 53, 54, 54, 55, 55, 56, 56, 57, 57, 58, 57, 59, 57, 60, 14, 8, 56, 17, 54, 20, 48, 25, 47, 28, 39, 34]","[5, 4, 6, 5, 7, 5, 8, 5, 9, 8, 10, 9, 11, 10, 12, 11, 13, 11, 14, 13, 15, 13, 16, 15, 17, 16, 18, 17, 19, 18, 20, 18, 21, 20, 22, 21, 23, 22, 24, 23, 25, 24, 26, 25, 27, 26, 28, 27, 29, 28, 30, 29, 31, 29, 32, 31, 33, 32, 34, 33, 35, 34, 36, 35, 37, 36, 38, 37, 39, 38, 40, 39, 41, 36, 42, 41, 43, 41, 44, 41, 45, 31, 46, 45, 47, 46, 48, 47, 49, 45, 50, 49, 51, 49, 52, 49, 53, 23, 54, 53, 55, 54, 56, 55, 57, 56, 58, 57, 59, 57, 60, 57, 8, 14, 17, 56, 20, 54, 25, 48, 28, 47, 34, 39]",-2.7104892768
62,126,"[1, 3, 1, 3, 1, 1, 1, 1, 1, 1, 1, 1, 1, 3, 3, 1, 1, 1, 1, 1, 2, 1, 1, 1, 1, 1, 1, 2, 1, 1, 1, 1, 1, 1, 1, 1, 1, 3, 1, 3, 1, 1, 1, 1, 1, 1, 1, 1, 1, 3, 3, 1, 1, 1, 1, 1, 2, 1, 1, 1, 1, 1]","[1, 1, 1, 1, 2, 2, 1, 1, 1, 1, 1, 1, 1, 1, 1, 1, 1, 1, 1, 1, 1, 1, 1, 1, 2, 2, 1, 1, 1, 1, 1, 1, 1, 1, 1, 1, 1, 1, 1, 1, 1, 1, 1, 1, 1, 1, 1, 1, 1, 1, 1, 1, 1, 1, 1, 1, 1, 1, 1, 1, 1, 1, 1, 1, 1, 1, 1, 1, 1, 1, 1, 1, 1, 1, 2, 2, 1, 1, 1, 1, 1, 1, 1, 1, 1, 1, 1, 1, 1, 1, 1, 1, 1, 1, 2, 2, 1, 1, 1, 1, 1, 1, 1, 1, 1, 1, 1, 1, 1, 1, 1, 1, 1, 1, 1, 1, 1, 1, 1, 1, 1, 1, 1, 1, 1, 1]","[0, 1, 1, 2, 2, 3, 2, 4, 4, 5, 5, 6, 6, 7, 7, 8, 8, 9, 9, 10, 10, 11, 11, 12, 12, 13, 12, 14, 14, 15, 15, 16, 16, 17, 17, 18, 17, 19, 17, 20, 20, 21, 20, 22, 22, 23, 22, 24, 22, 25, 26, 27, 27, 28, 28, 29, 28, 30, 28, 31, 31, 32, 32, 33, 33, 34, 34, 35, 34, 36, 32, 37, 37, 38, 38, 39, 38, 40, 40, 41, 41, 42, 42, 43, 43, 44, 44, 45, 45, 46, 46, 47, 47, 48, 48, 49, 48, 50, 50, 51, 51, 52, 52, 53, 53, 54, 53, 55, 53, 56, 56, 57, 56, 58, 58, 59, 58, 60, 58, 61, 25, 15, 34, 27, 61, 51]","[1, 0, 2, 1, 3, 2, 4, 2, 5, 4, 6, 5, 7, 6, 8, 7, 9, 8, 10, 9, 11, 10, 12, 11, 13, 12, 14, 12, 15, 14, 16, 15, 17, 16, 18, 17, 19, 17, 20, 17, 21, 20, 22, 20, 23, 22, 24, 22, 25, 22, 27, 26, 28, 27, 29, 28, 30, 28, 31, 28, 32, 31, 33, 32, 34, 33, 35, 34, 36, 34, 37, 32, 38, 37, 39, 38, 40, 38, 41, 40, 42, 41, 43, 42, 44, 43, 45, 44, 46, 45, 47, 46, 48, 47, 49, 48, 50, 48, 51, 50, 52, 51, 53, 52, 54, 53, 55, 53, 56, 53, 57, 56, 58, 56, 59, 58, 60, 58, 61, 58, 15, 25, 27, 34, 51, 61]",-4.6112212345
12,24,"[1, 1, 2, 1, 1, 2, 1, 1, 2, 1, 1, 2]","[1, 1, 1, 1, 1, 1, 1, 1, 1, 1, 1, 1, 1, 1, 1, 1, 1, 1, 1, 1, 1, 1, 1, 1]","[0, 1, 1, 2, 2, 3, 3, 4, 4, 5, 5, 6, 6, 7, 7, 8, 8, 9, 9, 10, 10, 11, 11, 0]","[1, 0, 2, 1, 3, 2, 4, 3, 5, 4, 6, 5, 7, 6, 8, 7, 9, 8, 10, 9, 11, 10, 0, 11]",-0.0310204156
12,26,"[1, 1, 1, 1, 1, 2, 2, 1, 1, 3, 1, 1]","[1, 1, 1, 1, 1, 1, 1, 1, 1, 1, 1, 1, 1, 1, 1, 1, 1, 1, 1, 1, 1, 1, 1, 1, 1, 1]","[0, 1, 1, 2, 2, 3, 3, 4, 4, 5, 2, 6, 6, 7, 7, 8, 8, 9, 9, 10, 10, 11, 5, 0, 11, 6]","[1, 0, 2, 1, 3, 2, 4, 3, 5, 4, 6, 2, 7, 6, 8, 7, 9, 8, 10, 9, 11, 10, 0, 5, 6, 11]",-2.9027228224
32,68,"[1, 2, 1, 3, 1, 1, 1, 3, 1, 1, 1, 1, 2, 1, 3, 2, 1, 1, 1, 1, 4, 1, 1, 1, 6, 6, 6, 1, 1, 1, 1, 2]","[1, 1, 1, 1, 2, 2, 1, 1, 3, 3, 3, 3, 1, 1, 1, 1, 3, 3, 3, 3, 3, 3, 1, 1, 1, 1, 2, 2, 1, 1, 1, 1, 3, 3, 3, 3, 3, 3, 1, 1, 3, 3, 3, 3, 1, 1, 1, 1, 1, 1, 1, 1, 3, 3, 3, 3, 3, 3, 3, 3, 3, 3, 3, 3, 3, 3, 3, 3]","[0, 1, 1, 2, 2, 3, 2, 4, 4, 5, 5, 6, 6, 7, 7, 8, 8, 9, 9, 10, 10, 11, 11, 12, 12, 13, 13, 14, 13, 15, 15, 16, 16, 17, 17, 18, 18, 19, 19, 20, 19, 21, 21, 22, 21, 23, 23, 24, 23, 25, 23, 26, 11, 27, 27, 28, 6, 29, 29, 30, 30, 31, 31, 4, 28, 8, 22, 16]","[1, 0, 2, 1, 3, 2, 4, 2, 5, 4, 6, 5, 7, 6, 8, 7, 9, 8, 10, 9, 11, 10, 12, 11, 13, 12, 14, 13, 15, 13, 16, 15, 17, 16, 18, 17, 19, 18, 20, 19, 21, 19, 22, 21, 23, 21, 24, 23, 25, 23, 26, 23, 27, 11, 28, 27, 29, 6, 30, 29, 31, 30, 4, 31, 8, 28, 16, 22]",-6.6672950838
23,50,"[1, 1, 1, 1, 1, 1, 1, 1, 1, 1, 1, 1, 3, 1, 1, 1, 1, 1, 3, 1, 1, 1, 3]","[1, 1, 1, 1, 1, 1, 1, 1, 2, 2, 1, 1, 1, 1, 1, 1, 1, 1, 3, 3, 3, 3, 1, 1, 1, 1, 3, 3, 3, 3, 3, 3, 1, 1, 1, 1, 1, 1, 1, 1, 1, 1, 2, 2, 1, 1, 1, 1, 3, 3]","[0, 1, 1, 2, 2, 3, 3, 4, 4, 5, 5, 6, 6, 7, 7, 8, 8, 9, 9, 10, 10, 11, 11, 12, 12, 13, 11, 14, 14, 15, 15, 16, 2, 17, 17, 18, 17, 19, 19, 20, 20, 21, 21, 22, 21, 2, 16, 5, 16, 9]","[1, 0, 2, 1, 3, 2, 4, 3, 5, 4, 6, 5, 7, 6, 8, 7, 9, 8, 10, 9, 11, 10, 12, 11, 13, 12, 14, 11, 15, 14, 16, 15, 17, 2, 18, 17, 19, 17, 20, 19, 21, 20, 22, 21, 2, 21, 5, 16, 9, 16]",-4.1227687236
20,46,"[1, 1, 1, 1, 1, 1, 1, 1, 1, 1, 1, 1, 1, 3, 1, 1, 1, 1, 1, 3]","[1, 1, 1, 1, 1, 1, 1, 1, 1, 1, 1, 1, 1, 1, 1, 1, 2, 2, 1, 1, 1, 1, 1, 1, 2, 2, 1, 1, 1, 1, 1, 1, 1, 1, 1, 1, 2, 2, 1, 1, 1, 1, 1, 1, 1, 1]","[0, 1, 1, 2, 2, 3, 3, 4, 4, 5, 5, 6, 6, 7, 7, 8, 8, 9, 9, 10, 10, 11, 11, 12, 12, 13, 12, 14, 5, 15, 15, 16, 16, 17, 17, 18, 18, 19, 15, 1, 18, 1, 9, 4, 14, 8]","[1, 0, 2, 1, 3, 2, 4, 3, 5, 4, 6, 5, 7, 6, 8, 7, 9, 8, 10, 9, 11, 10, 12, 11, 13, 12, 14, 12, 15, 5, 16, 15, 17, 16, 18, 17, 19, 18, 1, 15, 1, 18, 4, 9, 8, 14]",-4.0549767292
18,36,"[3, 1, 1, 1, 1, 1, 1, 1, 1, 1, 1, 1, 3, 1, 1, 1, 1, 3]","[2, 2, 1, 1, 1, 1, 1, 1, 1, 1, 1, 1, 1, 1, 1, 1, 1, 1, 1, 1, 1, 1, 1, 1, 1, 1, 1, 1, 1, 1, 1, 1, 1, 1, 1, 1]","[0, 1, 1, 2, 2, 3, 3, 4, 4, 5, 5, 6, 6, 7, 7, 8, 8, 9, 9, 10, 10, 11, 11, 12, 12, 13, 13, 14, 14, 15, 15, 16, 16, 17, 17, 1]","[1, 0, 2, 1, 3, 2, 4, 3, 5, 4, 6, 5, 7, 6, 8, 7, 9, 8, 10, 9, 11, 10, 12, 11, 13, 12, 14, 13, 15, 14, 16, 15, 17, 16, 1, 17]",-4.0179591997
24,52,"[1, 3, 1, 3, 1, 1, 3, 8, 3, 3, 1, 1, 1, 1, 1, 1, 1, 1, 3, 1, 1, 1, 3, 1]","[1, 1, 1, 1, 1, 1, 1, 1, 1, 1, 1, 1, 1, 1, 2, 2, 2, 2, 1, 1, 3, 3, 3, 3, 3, 3, 1, 1, 3, 3, 3, 3, 1, 1, 1, 1, 1, 1, 1, 1, 1, 1, 1, 1, 1, 1, 1, 1, 3, 3, 1, 1]","[0, 1, 1, 2, 2, 3, 3, 4, 4, 5, 5, 6, 6, 7, 7, 8, 7, 9, 7, 10, 10, 11, 11, 12, 12, 13, 13, 14, 13, 15, 15, 16, 4, 17, 17, 18, 18, 19, 19, 20, 19, 21, 19, 22, 22, 23, 23, 2, 16, 10, 23, 17]","[1, 0, 2, 1, 3, 2, 4, 3, 5, 4, 6, 5, 7, 6, 8, 7, 9, 7, 10, 7, 11, 10, 12, 11, 13, 12, 14, 13, 15, 13, 16, 15, 17, 4, 18, 17, 19, 18, 20, 19, 21, 19, 22, 19, 23, 22, 2, 23, 10, 16, 17, 23]",-4.1564425332
28,56,"[1, 1, 1, 1, 1, 1, 1, 1, 1, 3, 3, 1, 1, 3, 1, 1, 1, 1, 1, 1, 1, 1, 1, 3, 3, 1, 1, 3]","[1, 1, 1, 1, 1, 1, 1, 1, 1, 1, 1, 1, 1, 1, 1, 1, 1, 1, 1, 1, 1, 1, 1, 1, 2, 2, 1, 1, 1, 1, 1, 1, 1, 1, 1, 1, 1, 1, 1, 1, 1, 1, 1, 1, 1, 1, 1, 1, 1, 1, 2, 2, 1, 1, 1, 1]","[0, 1, 1, 2, 2, 3, 3, 4, 4, 5, 5, 6, 5, 7, 7, 8, 8, 9, 5, 10, 10, 11, 11, 12, 11, 13, 14, 15, 15, 16, 16, 17, 17, 18, 18, 19, 19, 20, 19, 21, 21, 22, 22, 23, 19, 24, 24, 25, 25, 26, 25, 27, 9, 3, 23, 17]","[1, 0, 2, 1, 3, 2, 4, 3, 5, 4, 6, 5, 7, 5, 8, 7, 9, 8, 10, 5, 11, 10, 12, 11, 13, 11, 15, 14, 16, 15, 17, 16, 18, 17, 19, 18, 20, 19, 21, 19, 22, 21, 23, 22, 24, 19, 25, 24, 26, 25, 27, 25, 3, 9, 17, 23]",-2.2047232328
13,26,"[3, 1, 1, 1, 1, 1, 1, 1, 1, 1, 1, 1, 1]","[2, 2, 1, 1, 1, 1, 1, 1, 1, 1, 1, 1, 1, 1, 1, 1, 1, 1, 1, 1, 1, 1, 1, 1, 1, 1]","[0, 1, 1, 2, 2, 3, 3, 4, 4, 5, 5, 6, 6, 7, 7, 8, 8, 9, 9, 10, 10, 11, 11, 12, 12, 1]","[1, 0, 2, 1, 3, 2, 4, 3, 5, 4, 6, 5, 7, 6, 8, 7, 9, 8, 10, 9, 11, 10, 12, 11, 1, 12]",-3.8458299965
34,74,"[1, 1, 1, 1, 2, 1, 1, 1, 2, 2, 1, 2, 1, 3, 1, 1, 1, 1, 1, 1, 3, 1, 1, 8, 3, 3, 2, 1, 1, 2, 1, 1, 1, 1]","[1, 1, 1, 1, 1, 1, 3, 3, 3, 3, 1, 1, 3, 3, 3, 3, 3, 3, 3, 3, 3, 3, 3, 3, 2, 2, 1, 1, 3, 3, 3, 3, 3, 3, 3, 3, 3, 3, 1, 1, 1, 1, 1, 1, 1, 1, 2, 2, 2, 2, 1, 1, 1, 1, 1, 1, 1, 1, 1, 1, 1, 1, 1, 1, 1, 1, 3, 3, 3, 3, 3, 3, 1, 1]","[0, 1, 1, 2, 2, 3, 3, 4, 4, 5, 5, 6, 5, 7, 7, 8, 8, 9, 9, 10, 10, 11, 11, 12, 12, 13, 10, 14, 14, 15, 15, 16, 16, 17, 17, 18, 18, 19, 19, 20, 20, 21, 21, 22, 16, 23, 23, 24, 23, 25, 23, 26, 26, 27, 27, 28, 28, 29, 29, 30, 30, 31, 29, 32, 32, 33, 8, 3, 12, 7, 19, 14, 33, 26]","[1, 0, 2, 1, 3, 2, 4, 3, 5, 4, 6, 5, 7, 5, 8, 7, 9, 8, 10, 9, 11, 10, 12, 11, 13, 12, 14, 10, 15, 14, 16, 15, 17, 16, 18, 17, 19, 18, 20, 19, 21, 20, 22, 21, 23, 16, 24, 23, 25, 23, 26, 23, 27, 26, 28, 27, 29, 28, 30, 29, 31, 30, 32, 29, 33, 32, 3, 8, 7, 12, 14, 19, 26, 33]",-4.8438678664
41,86,"[9, 1, 2, 1, 1, 1, 1, 1, 1, 8, 3, 3, 1, 1, 1, 3, 1, 1, 2, 2, 1, 1, 1, 1, 2, 1, 3, 1, 4, 1, 1, 8, 3, 3, 3, 1, 2, 1, 1, 1, 1]","[1, 1, 1, 1, 3, 3, 3, 3, 3, 3, 3, 3, 3, 3, 1, 1, 2, 2, 2, 2, 1, 1, 2, 2, 1, 1, 2, 2, 1, 1, 2, 2, 1, 1, 1, 1, 1, 1, 3, 3, 3, 3, 3, 3, 1, 1, 1, 1, 2, 2, 1, 1, 1, 1, 3, 3, 3, 3, 1, 1, 1, 1, 2, 2, 2, 2, 1, 1, 2, 2, 1, 1, 2, 2, 1, 1, 2, 2, 3, 3, 1, 1, 1, 1, 3, 3]","[1, 2, 2, 3, 3, 4, 4, 5, 5, 6, 6, 7, 7, 8, 2, 9, 9, 10, 9, 11, 9, 12, 12, 13, 13, 14, 14, 15, 14, 16, 16, 17, 17, 18, 18, 19, 19, 20, 20, 21, 21, 22, 22, 23, 23, 24, 24, 25, 25, 26, 25, 27, 27, 28, 23, 29, 29, 30, 30, 31, 31, 32, 31, 33, 31, 34, 17, 35, 35, 36, 35, 37, 37, 38, 38, 39, 39, 40, 8, 3, 40, 12, 39, 16, 30, 20]","[2, 1, 3, 2, 4, 3, 5, 4, 6, 5, 7, 6, 8, 7, 9, 2, 10, 9, 11, 9, 12, 9, 13, 12, 14, 13, 15, 14, 16, 14, 17, 16, 18, 17, 19, 18, 20, 19, 21, 20, 22, 21, 23, 22, 24, 23, 25, 24, 26, 25, 27, 25, 28, 27, 29, 23, 30, 29, 31, 30, 32, 31, 33, 31, 34, 31, 35, 17, 36, 35, 37, 35, 38, 37, 39, 38, 40, 39, 3, 8, 12, 40, 16, 39, 20, 30]",-4.3588570696
61,128,"[9, 9, 2, 1, 1, 1, 1, 2, 2, 1, 1, 1, 1, 2, 8, 3, 3, 1, 1, 1, 1, 1, 1, 2, 2, 1, 1, 3, 1, 1, 2, 1, 2, 2, 1, 1, 1, 1, 1, 1, 2, 3, 3, 1, 1, 1, 1, 1, 8, 3, 3, 3, 8, 3, 3, 3, 1, 1, 1, 2, 1]","[1, 1, 3, 3, 3, 3, 3, 3, 1, 1, 2, 2, 1, 1, 3, 3, 3, 3, 3, 3, 1, 1, 1, 1, 2, 2, 2, 2, 1, 1, 3, 3, 3, 3, 3, 3, 3, 3, 3, 3, 1, 1, 2, 2, 1, 1, 3, 3, 1, 1, 3, 3, 3, 3, 1, 1, 3, 3, 1, 1, 2, 2, 1, 1, 3, 3, 3, 3, 3, 3, 3, 3, 3, 3, 1, 1, 1, 1, 2, 2, 3, 3, 3, 3, 3, 3, 3, 3, 3, 3, 1, 1, 1, 1, 2, 2, 2, 2, 1, 1, 1, 1, 2, 2, 2, 2, 3, 3, 3, 3, 3, 3, 1, 1, 3, 3, 3, 3, 3, 3, 3, 3, 3, 3, 3, 3, 3, 3]","[2, 3, 3, 4, 4, 5, 5, 6, 6, 7, 7, 8, 8, 9, 9, 10, 10, 11, 11, 12, 12, 13, 13, 14, 14, 15, 14, 16, 14, 17, 17, 18, 18, 19, 19, 20, 20, 21, 21, 22, 20, 23, 23, 24, 24, 25, 25, 26, 26, 27, 26, 28, 28, 29, 29, 30, 29, 31, 31, 32, 32, 33, 33, 34, 34, 35, 35, 36, 36, 37, 37, 38, 38, 39, 37, 40, 40, 41, 40, 42, 31, 43, 43, 44, 44, 45, 45, 46, 46, 47, 47, 48, 48, 49, 48, 50, 48, 51, 43, 52, 52, 53, 52, 54, 52, 55, 12, 56, 56, 57, 6, 58, 58, 59, 58, 60, 60, 3, 57, 9, 22, 17, 47, 25, 45, 28, 39, 34]","[3, 2, 4, 3, 5, 4, 6, 5, 7, 6, 8, 7, 9, 8, 10, 9, 11, 10, 12, 11, 13, 12, 14, 13, 15, 14, 16, 14, 17, 14, 18, 17, 19, 18, 20, 19, 21, 20, 22, 21, 23, 20, 24, 23, 25, 24, 26, 25, 27, 26, 28, 26, 29, 28, 30, 29, 31, 29, 32, 31, 33, 32, 34, 33, 35, 34, 36, 35, 37, 36, 38, 37, 39, 38, 40, 37, 41, 40, 42, 40, 43, 31, 44, 43, 45, 44, 46, 45, 47, 46, 48, 47, 49, 48, 50, 48, 51, 48, 52, 43, 53, 52, 54, 52, 55, 52, 56, 12, 57, 56, 58, 6, 59, 58, 60, 58, 3, 60, 9, 57, 17, 22, 25, 47, 28, 45, 34, 39]",-0.5256786207
12,22,"[9, 4, 2, 1, 3, 2, 1, 3, 2, 4, 1, 3]","[1, 1, 3, 3, 2, 2, 3, 3, 3, 3, 2, 2, 3, 3, 1, 1, 3, 3, 2, 2, 3, 3]","[1, 2, 2, 3, 3, 4, 3, 5, 5, 6, 6, 7, 6, 8, 8, 9, 8, 10, 10, 11, 10, 2]","[2, 1, 3, 2, 4, 3, 5, 3, 6, 5, 7, 6, 8, 6, 9, 8, 10, 8, 11, 10, 2, 10]",-0.8951600114
36,76,"[1, 1, 3, 3, 1, 1, 1, 1, 1, 1, 1, 1, 3, 3, 1, 1, 1, 1, 1, 1, 1, 1, 1, 1, 1, 1, 1, 1, 1, 1, 1, 1, 1, 1, 1, 1]","[1, 1, 2, 2, 1, 1, 1, 1, 3, 3, 3, 3, 3, 3, 3, 3, 3, 3, 1, 1, 1, 1, 2, 2, 1, 1, 1, 1, 3, 3, 3, 3, 3, 3, 3, 3, 3, 3, 1, 1, 1, 1, 1, 1, 1, 1, 1, 1, 1, 1, 1, 1, 1, 1, 1, 1, 1, 1, 1, 1, 1, 1, 1, 1, 1, 1, 1, 1, 1, 1, 3, 3, 1, 1, 3, 3]","[0, 1, 1, 2, 1, 3, 3, 4, 4, 5, 5, 6, 6, 7, 7, 8, 8, 9, 9, 10, 10, 11, 11, 12, 11, 13, 13, 14, 14, 15, 15, 16, 16, 17, 17, 18, 18, 19, 17, 20, 20, 21, 20, 22, 20, 23, 23, 24, 24, 25, 24, 26, 24, 27, 7, 28, 28, 29, 28, 30, 28, 31, 31, 32, 32, 33, 32, 34, 32, 35, 9, 4, 19, 10, 19, 14]","[1, 0, 2, 1, 3, 1, 4, 3, 5, 4, 6, 5, 7, 6, 8, 7, 9, 8, 10, 9, 11, 10, 12, 11, 13, 11, 14, 13, 15, 14, 16, 15, 17, 16, 18, 17, 19, 18, 20, 17, 21, 20, 22, 20, 23, 20, 24, 23, 25, 24, 26, 24, 27, 24, 28, 7, 29, 28, 30, 28, 31, 28, 32, 31, 33, 32, 34, 32, 35, 32, 4, 9, 10, 19, 14, 19]",-6.6925825623
16,36,"[2, 1, 8, 1, 1, 2, 1, 1, 1, 1, 1, 1, 1, 1, 1, 1]","[1, 1, 3, 3, 3, 3, 3, 3, 3, 3, 1, 1, 3, 3, 3, 3, 3, 3, 3, 3, 3, 3, 3, 3, 3, 3, 3, 3, 3, 3, 3, 3, 3, 3, 3, 3]","[0, 1, 1, 2, 2, 3, 3, 4, 4, 5, 4, 6, 6, 7, 7, 8, 8, 9, 9, 10, 10, 11, 11, 12, 12, 13, 13, 14, 14, 15, 5, 1, 15, 6, 14, 9]","[1, 0, 2, 1, 3, 2, 4, 3, 5, 4, 6, 4, 7, 6, 8, 7, 9, 8, 10, 9, 11, 10, 12, 11, 13, 12, 14, 13, 15, 14, 1, 5, 6, 15, 9, 14]",-4.849542252
25,48,"[18, 1, 1, 1, 1, 1, 1, 1, 1, 1, 3, 3, 1, 1, 1, 1, 1, 1, 1, 1, 1, 1, 3, 3, 1]","[1, 1, 1, 1, 1, 1, 1, 1, 1, 1, 1, 1, 1, 1, 1, 1, 1, 1, 2, 2, 1, 1, 1, 1, 1, 1, 1, 1, 1, 1, 1, 1, 1, 1, 1, 1, 1, 1, 1, 1, 2, 2, 1, 1, 1, 1, 1, 1]","[1, 2, 2, 3, 3, 4, 4, 5, 5, 6, 6, 7, 7, 8, 8, 9, 9, 10, 9, 11, 6, 12, 13, 14, 14, 15, 15, 16, 16, 17, 17, 18, 18, 19, 19, 20, 20, 21, 21, 22, 21, 23, 18, 24, 12, 3, 24, 15]","[2, 1, 3, 2, 4, 3, 5, 4, 6, 5, 7, 6, 8, 7, 9, 8, 10, 9, 11, 9, 12, 6, 14, 13, 15, 14, 16, 15, 17, 16, 18, 17, 19, 18, 20, 19, 21, 20, 22, 21, 23, 21, 24, 18, 3, 12, 15, 24]",-3.1323831914
14,28,"[3, 1, 1, 1, 1, 1, 1, 1, 1, 1, 1, 1, 1, 2]","[2, 2, 1, 1, 1, 1, 1, 1, 1, 1, 1, 1, 1, 1, 1, 1, 1, 1, 1, 1, 1, 1, 1, 1, 1, 1, 1, 1]","[0, 1, 1, 2, 2, 3, 3, 4, 4, 5, 5, 6, 6, 7, 7, 8, 8, 9, 9, 10, 10, 11, 11, 12, 12, 13, 13, 1]","[1, 0, 2, 1, 3, 2, 4, 3, 5, 4, 6, 5, 7, 6, 8, 7, 9, 8, 10, 9, 11, 10, 12, 11, 13, 12, 1, 13]",-2.8195043204
26,56,"[1, 1, 1, 1, 1, 1, 1, 1, 1, 2, 3, 1, 1, 1, 1, 1, 1, 1, 1, 1, 1, 1, 1, 2, 1, 3]","[1, 1, 1, 1, 1, 1, 1, 1, 1, 1, 1, 1, 1, 1, 1, 1, 1, 1, 1, 1, 1, 1, 1, 1, 1, 1, 1, 1, 1, 1, 1, 1, 1, 1, 1, 1, 1, 1, 1, 1, 1, 1, 1, 1, 1, 1, 1, 1, 2, 2, 1, 1, 1, 1, 1, 1]","[0, 1, 1, 2, 1, 3, 3, 4, 4, 5, 5, 6, 6, 7, 6, 8, 6, 9, 4, 10, 10, 11, 11, 12, 12, 13, 13, 14, 14, 15, 15, 16, 16, 17, 17, 18, 18, 19, 19, 20, 20, 21, 21, 22, 11, 23, 23, 24, 24, 25, 9, 1, 24, 4, 22, 11]","[1, 0, 2, 1, 3, 1, 4, 3, 5, 4, 6, 5, 7, 6, 8, 6, 9, 6, 10, 4, 11, 10, 12, 11, 13, 12, 14, 13, 15, 14, 16, 15, 17, 16, 18, 17, 19, 18, 20, 19, 21, 20, 22, 21, 23, 11, 24, 23, 25, 24, 1, 9, 4, 24, 11, 22]",-5.0846644385
25,54,"[1, 1, 1, 1, 1, 1, 1, 1, 1, 1, 3, 7, 3, 1, 1, 1, 1, 1, 1, 1, 1, 1, 1, 1, 1]","[1, 1, 3, 3, 3, 3, 1, 1, 3, 3, 3, 3, 1, 1, 3, 3, 1, 1, 2, 2, 1, 1, 2, 2, 1, 1, 3, 3, 3, 3, 3, 3, 3, 3, 3, 3, 1, 1, 3, 3, 3, 3, 3, 3, 3, 3, 3, 3, 3, 3, 3, 3, 3, 3]","[0, 1, 1, 2, 2, 3, 3, 4, 3, 5, 5, 6, 6, 7, 6, 8, 5, 9, 9, 10, 9, 11, 11, 12, 11, 13, 13, 14, 14, 15, 15, 16, 16, 17, 17, 18, 11, 19, 19, 20, 20, 21, 21, 22, 22, 23, 23, 24, 8, 1, 18, 13, 24, 19]","[1, 0, 2, 1, 3, 2, 4, 3, 5, 3, 6, 5, 7, 6, 8, 6, 9, 5, 10, 9, 11, 9, 12, 11, 13, 11, 14, 13, 15, 14, 16, 15, 17, 16, 18, 17, 19, 11, 20, 19, 21, 20, 22, 21, 23, 22, 24, 23, 1, 8, 13, 18, 19, 24]",-5.010576791
19,42,"[3, 1, 2, 1, 2, 1, 2, 1, 1, 1, 1, 1, 1, 1, 1, 1, 1, 1, 1]","[2, 2, 3, 3, 3, 3, 3, 3, 3, 3, 3, 3, 1, 1, 3, 3, 3, 3, 3, 3, 3, 3, 3, 3, 1, 1, 3, 3, 3, 3, 3, 3, 3, 3, 3, 3, 3, 3, 3, 3, 3, 3]","[0, 1, 1, 2, 2, 3, 3, 4, 4, 5, 5, 6, 5, 7, 7, 8, 8, 9, 9, 10, 10, 11, 11, 12, 3, 13, 13, 14, 14, 15, 15, 16, 16, 17, 17, 18, 6, 1, 12, 7, 18, 13]","[1, 0, 2, 1, 3, 2, 4, 3, 5, 4, 6, 5, 7, 5, 8, 7, 9, 8, 10, 9, 11, 10, 12, 11, 13, 3, 14, 13, 15, 14, 16, 15, 17, 16, 18, 17, 1, 6, 7, 12, 13, 18]",-5.4935852535
18,38,"[3, 1, 3, 1, 1, 1, 1, 1, 1, 1, 1, 1, 1, 1, 1, 1, 1, 1]","[2, 2, 1, 1, 1, 1, 1, 1, 3, 3, 3, 3, 3, 3, 3, 3, 3, 3, 1, 1, 2, 2, 1, 1, 3, 3, 3, 3, 3, 3, 3, 3, 3, 3, 3, 3, 3, 3]","[0, 1, 1, 2, 2, 3, 3, 4, 4, 5, 5, 6, 6, 7, 7, 8, 8, 9, 1, 10, 10, 11, 11, 12, 12, 13, 13, 14, 14, 15, 15, 16, 16, 17, 9, 4, 17, 12]","[1, 0, 2, 1, 3, 2, 4, 3, 5, 4, 6, 5, 7, 6, 8, 7, 9, 8, 10, 1, 11, 10, 12, 11, 13, 12, 14, 13, 15, 14, 16, 15, 17, 16, 4, 9, 12, 17]",-4.8207960263
12,26,"[3, 1, 2, 1, 1, 1, 1, 1, 1, 1, 3, 3]","[2, 2, 3, 3, 3, 3, 3, 3, 3, 3, 3, 3, 3, 3, 3, 3, 3, 3, 2, 2, 3, 3, 3, 3, 3, 3]","[0, 1, 1, 2, 2, 3, 3, 4, 4, 5, 5, 6, 6, 7, 7, 8, 8, 9, 9, 10, 9, 11, 11, 1, 8, 3]","[1, 0, 2, 1, 3, 2, 4, 3, 5, 4, 6, 5, 7, 6, 8, 7, 9, 8, 10, 9, 11, 9, 1, 11, 3, 8]",-2.7354179060000003
55,110,"[9, 9, 9, 9, 1, 1, 3, 2, 1, 1, 1, 1, 1, 1, 1, 1, 2, 2, 1, 1, 1, 1, 2, 2, 1, 1, 1, 1, 1, 1, 8, 3, 3, 3, 1, 1, 1, 1, 1, 1, 8, 3, 3, 3, 1, 3, 1, 8, 3, 3, 3, 8, 3, 3, 3]","[1, 1, 2, 2, 1, 1, 1, 1, 3, 3, 3, 3, 3, 3, 3, 3, 1, 1, 2, 2, 1, 1, 2, 2, 1, 1, 1, 1, 3, 3, 3, 3, 3, 3, 1, 1, 2, 2, 1, 1, 3, 3, 3, 3, 3, 3, 3, 3, 3, 3, 1, 1, 1, 1, 2, 2, 2, 2, 3, 3, 3, 3, 3, 3, 3, 3, 3, 3, 3, 3, 1, 1, 1, 1, 2, 2, 2, 2, 1, 1, 2, 2, 1, 1, 1, 1, 1, 1, 2, 2, 2, 2, 1, 1, 1, 1, 2, 2, 2, 2, 3, 3, 3, 3, 3, 3, 3, 3, 3, 3]","[4, 5, 5, 6, 5, 7, 7, 8, 8, 9, 9, 10, 10, 11, 11, 12, 12, 13, 13, 14, 14, 15, 15, 16, 16, 17, 17, 18, 18, 19, 19, 20, 20, 21, 21, 22, 22, 23, 23, 24, 24, 25, 25, 26, 26, 27, 27, 28, 28, 29, 27, 30, 30, 31, 30, 32, 30, 33, 21, 34, 34, 35, 35, 36, 36, 37, 37, 38, 38, 39, 37, 40, 40, 41, 40, 42, 40, 43, 15, 44, 44, 45, 44, 46, 14, 47, 47, 48, 47, 49, 47, 50, 11, 51, 51, 52, 51, 53, 51, 54, 46, 8, 46, 12, 39, 18, 29, 24, 39, 34]","[5, 4, 6, 5, 7, 5, 8, 7, 9, 8, 10, 9, 11, 10, 12, 11, 13, 12, 14, 13, 15, 14, 16, 15, 17, 16, 18, 17, 19, 18, 20, 19, 21, 20, 22, 21, 23, 22, 24, 23, 25, 24, 26, 25, 27, 26, 28, 27, 29, 28, 30, 27, 31, 30, 32, 30, 33, 30, 34, 21, 35, 34, 36, 35, 37, 36, 38, 37, 39, 38, 40, 37, 41, 40, 42, 40, 43, 40, 44, 15, 45, 44, 46, 44, 47, 14, 48, 47, 49, 47, 50, 47, 51, 11, 52, 51, 53, 51, 54, 51, 8, 46, 12, 46, 18, 39, 24, 29, 34, 39]",-1.4612448391
19,38,"[1, 1, 1, 1, 3, 2, 3, 1, 1, 1, 1, 1, 1, 1, 1, 2, 1, 1, 3]","[1, 1, 3, 3, 3, 3, 2, 2, 3, 3, 1, 1, 3, 3, 3, 3, 1, 1, 1, 1, 1, 1, 1, 1, 1, 1, 1, 1, 1, 1, 1, 1, 1, 1, 3, 3, 1, 1]","[0, 1, 1, 2, 2, 3, 3, 4, 3, 5, 5, 6, 5, 7, 7, 8, 7, 9, 9, 10, 10, 11, 11, 12, 12, 13, 13, 14, 15, 16, 16, 17, 17, 18, 8, 1, 14, 9]","[1, 0, 2, 1, 3, 2, 4, 3, 5, 3, 6, 5, 7, 5, 8, 7, 9, 7, 10, 9, 11, 10, 12, 11, 13, 12, 14, 13, 16, 15, 17, 16, 18, 17, 1, 8, 9, 14]",-0.9331685906
16,34,"[3, 8, 1, 1, 1, 1, 1, 1, 1, 1, 1, 1, 1, 1, 1, 1]","[2, 2, 1, 1, 1, 1, 3, 3, 3, 3, 3, 3, 3, 3, 3, 3, 1, 1, 1, 1, 3, 3, 3, 3, 3, 3, 3, 3, 3, 3, 3, 3, 3, 3]","[0, 1, 1, 2, 2, 3, 3, 4, 4, 5, 5, 6, 6, 7, 7, 8, 1, 9, 9, 10, 10, 11, 11, 12, 12, 13, 13, 14, 14, 15, 8, 3, 15, 10]","[1, 0, 2, 1, 3, 2, 4, 3, 5, 4, 6, 5, 7, 6, 8, 7, 9, 1, 10, 9, 11, 10, 12, 11, 13, 12, 14, 13, 15, 14, 3, 8, 10, 15]",-2.8588087212
23,48,"[5, 1, 1, 1, 1, 1, 1, 2, 1, 8, 2, 1, 1, 1, 1, 1, 1, 1, 2, 1, 8, 2, 1]","[1, 1, 3, 3, 3, 3, 3, 3, 3, 3, 3, 3, 3, 3, 2, 2, 3, 3, 3, 3, 1, 1, 3, 3, 3, 3, 3, 3, 3, 3, 3, 3, 3, 3, 2, 2, 3, 3, 3, 3, 3, 3, 3, 3, 3, 3, 3, 3]","[1, 2, 2, 3, 3, 4, 4, 5, 5, 6, 6, 7, 7, 8, 8, 9, 8, 10, 10, 11, 12, 13, 13, 14, 14, 15, 15, 16, 16, 17, 17, 18, 18, 19, 19, 20, 19, 21, 21, 22, 11, 2, 11, 6, 22, 13, 22, 17]","[2, 1, 3, 2, 4, 3, 5, 4, 6, 5, 7, 6, 8, 7, 9, 8, 10, 8, 11, 10, 13, 12, 14, 13, 15, 14, 16, 15, 17, 16, 18, 17, 19, 18, 20, 19, 21, 19, 22, 21, 2, 11, 6, 11, 13, 22, 17, 22]",-4.0879587895
20,46,"[1, 3, 1, 1, 3, 1, 1, 1, 1, 1, 3, 1, 1, 1, 3, 1, 1, 1, 1, 1]","[1, 1, 1, 1, 1, 1, 1, 1, 1, 1, 3, 3, 3, 3, 3, 3, 3, 3, 1, 1, 1, 1, 1, 1, 1, 1, 1, 1, 3, 3, 3, 3, 3, 3, 3, 3, 3, 3, 1, 1, 3, 3, 3, 3, 1, 1]","[0, 1, 1, 2, 2, 3, 3, 4, 4, 5, 5, 6, 6, 7, 7, 8, 8, 9, 9, 10, 10, 11, 11, 12, 12, 13, 13, 14, 9, 15, 15, 16, 16, 17, 17, 18, 18, 19, 2, 0, 19, 5, 18, 8, 14, 12]","[1, 0, 2, 1, 3, 2, 4, 3, 5, 4, 6, 5, 7, 6, 8, 7, 9, 8, 10, 9, 11, 10, 12, 11, 13, 12, 14, 13, 15, 9, 16, 15, 17, 16, 18, 17, 19, 18, 0, 2, 5, 19, 8, 18, 12, 14]",-3.9191737976
18,36,"[3, 1, 1, 1, 1, 1, 1, 1, 1, 1, 1, 3, 1, 1, 1, 1, 1, 3]","[2, 2, 1, 1, 1, 1, 1, 1, 1, 1, 1, 1, 1, 1, 1, 1, 1, 1, 1, 1, 1, 1, 1, 1, 1, 1, 1, 1, 1, 1, 1, 1, 1, 1, 1, 1]","[0, 1, 1, 2, 2, 3, 3, 4, 4, 5, 5, 6, 6, 7, 7, 8, 8, 9, 9, 10, 10, 11, 11, 12, 12, 13, 13, 14, 14, 15, 15, 16, 16, 17, 17, 1]","[1, 0, 2, 1, 3, 2, 4, 3, 5, 4, 6, 5, 7, 6, 8, 7, 9, 8, 10, 9, 11, 10, 12, 11, 13, 12, 14, 13, 15, 14, 16, 15, 17, 16, 1, 17]",-3.8838494997
25,52,"[1, 1, 3, 3, 1, 1, 1, 1, 1, 1, 1, 1, 1, 1, 1, 1, 1, 1, 1, 1, 1, 1, 1, 1, 3]","[1, 1, 2, 2, 1, 1, 1, 1, 1, 1, 1, 1, 1, 1, 1, 1, 1, 1, 1, 1, 2, 2, 1, 1, 1, 1, 1, 1, 1, 1, 1, 1, 1, 1, 1, 1, 1, 1, 1, 1, 1, 1, 1, 1, 1, 1, 1, 1, 1, 1, 1, 1]","[0, 1, 1, 2, 1, 3, 3, 4, 4, 5, 4, 6, 4, 7, 7, 8, 8, 9, 9, 10, 10, 11, 11, 12, 10, 13, 14, 15, 15, 16, 16, 17, 17, 18, 18, 19, 19, 20, 18, 21, 21, 22, 21, 23, 21, 24, 12, 7, 20, 15, 24, 15]","[1, 0, 2, 1, 3, 1, 4, 3, 5, 4, 6, 4, 7, 4, 8, 7, 9, 8, 10, 9, 11, 10, 12, 11, 13, 10, 15, 14, 16, 15, 17, 16, 18, 17, 19, 18, 20, 19, 21, 18, 22, 21, 23, 21, 24, 21, 7, 12, 15, 20, 15, 24]",-3.0213590642000003
22,46,"[1, 1, 3, 7, 3, 1, 3, 1, 1, 1, 1, 1, 1, 1, 1, 1, 1, 1, 1, 1, 1, 1]","[1, 1, 1, 1, 1, 1, 2, 2, 1, 1, 2, 2, 1, 1, 3, 3, 1, 1, 3, 3, 3, 3, 1, 1, 3, 3, 3, 3, 1, 1, 1, 1, 3, 3, 3, 3, 3, 3, 3, 3, 3, 3, 3, 3, 3, 3]","[0, 1, 1, 2, 2, 3, 3, 4, 3, 5, 5, 6, 5, 7, 7, 8, 8, 9, 8, 10, 10, 11, 11, 12, 11, 13, 13, 14, 14, 15, 3, 16, 16, 17, 17, 18, 18, 19, 19, 20, 20, 21, 14, 7, 21, 16]","[1, 0, 2, 1, 3, 2, 4, 3, 5, 3, 6, 5, 7, 5, 8, 7, 9, 8, 10, 8, 11, 10, 12, 11, 13, 11, 14, 13, 15, 14, 16, 3, 17, 16, 18, 17, 19, 18, 20, 19, 21, 20, 7, 14, 16, 21]",-3.9560819473
23,48,"[3, 1, 3, 1, 1, 3, 1, 1, 3, 1, 3, 1, 1, 1, 1, 1, 1, 1, 1, 1, 1, 1, 1]","[2, 2, 1, 1, 1, 1, 1, 1, 1, 1, 1, 1, 1, 1, 1, 1, 1, 1, 2, 2, 1, 1, 3, 3, 3, 3, 3, 3, 3, 3, 3, 3, 1, 1, 3, 3, 3, 3, 3, 3, 3, 3, 3, 3, 3, 3, 3, 3]","[0, 1, 1, 2, 2, 3, 3, 4, 4, 5, 5, 6, 6, 7, 7, 8, 8, 9, 9, 10, 9, 11, 11, 12, 12, 13, 13, 14, 14, 15, 15, 16, 1, 17, 17, 18, 18, 19, 19, 20, 20, 21, 21, 22, 16, 11, 22, 17]","[1, 0, 2, 1, 3, 2, 4, 3, 5, 4, 6, 5, 7, 6, 8, 7, 9, 8, 10, 9, 11, 9, 12, 11, 13, 12, 14, 13, 15, 14, 16, 15, 17, 1, 18, 17, 19, 18, 20, 19, 21, 20, 22, 21, 11, 16, 17, 22]",-3.937488879
26,56,"[3, 1, 1, 1, 1, 1, 1, 2, 1, 3, 1, 1, 1, 1, 1, 1, 1, 3, 2, 1, 1, 1, 1, 1, 1, 3]","[2, 2, 1, 1, 1, 1, 1, 1, 1, 1, 1, 1, 1, 1, 1, 1, 2, 2, 1, 1, 3, 3, 3, 3, 3, 3, 3, 3, 3, 3, 1, 1, 2, 2, 1, 1, 1, 1, 1, 1, 1, 1, 1, 1, 1, 1, 1, 1, 2, 2, 1, 1, 3, 3, 1, 1]","[0, 1, 1, 2, 2, 3, 3, 4, 4, 5, 5, 6, 6, 7, 7, 8, 8, 9, 8, 10, 10, 11, 11, 12, 12, 13, 13, 14, 14, 15, 14, 16, 16, 17, 16, 18, 18, 19, 19, 20, 20, 21, 21, 22, 22, 23, 23, 24, 24, 25, 7, 1, 15, 10, 24, 18]","[1, 0, 2, 1, 3, 2, 4, 3, 5, 4, 6, 5, 7, 6, 8, 7, 9, 8, 10, 8, 11, 10, 12, 11, 13, 12, 14, 13, 15, 14, 16, 14, 17, 16, 18, 16, 19, 18, 20, 19, 21, 20, 22, 21, 23, 22, 24, 23, 25, 24, 1, 7, 10, 15, 18, 24]",-3.9583461947
12,26,"[3, 1, 2, 8, 3, 3, 1, 1, 1, 1, 1, 1]","[2, 2, 1, 1, 1, 1, 2, 2, 2, 2, 1, 1, 3, 3, 3, 3, 3, 3, 3, 3, 3, 3, 1, 1, 3, 3]","[0, 1, 1, 2, 2, 3, 3, 4, 3, 5, 3, 6, 6, 7, 7, 8, 8, 9, 9, 10, 10, 11, 11, 1, 11, 6]","[1, 0, 2, 1, 3, 2, 4, 3, 5, 3, 6, 3, 7, 6, 8, 7, 9, 8, 10, 9, 11, 10, 1, 11, 6, 11]",-1.6718324141
16,34,"[1, 1, 1, 1, 1, 1, 3, 1, 1, 1, 1, 1, 1, 1, 1, 3]","[1, 1, 1, 1, 1, 1, 1, 1, 1, 1, 1, 1, 1, 1, 1, 1, 1, 1, 3, 3, 3, 3, 3, 3, 3, 3, 3, 3, 1, 1, 1, 1, 3, 3]","[0, 1, 1, 2, 2, 3, 3, 4, 3, 5, 3, 6, 6, 7, 7, 8, 8, 9, 9, 10, 10, 11, 11, 12, 12, 13, 13, 14, 7, 15, 15, 1, 14, 9]","[1, 0, 2, 1, 3, 2, 4, 3, 5, 3, 6, 3, 7, 6, 8, 7, 9, 8, 10, 9, 11, 10, 12, 11, 13, 12, 14, 13, 15, 7, 1, 15, 9, 14]",-2.7446854432
11,24,"[3, 1, 1, 1, 1, 1, 1, 1, 1, 1, 3]","[2, 2, 1, 1, 1, 1, 1, 1, 1, 1, 1, 1, 1, 1, 1, 1, 1, 1, 1, 1, 1, 1, 1, 1]","[0, 1, 1, 2, 2, 3, 3, 4, 4, 5, 5, 6, 6, 7, 7, 8, 8, 9, 9, 10, 10, 1, 9, 4]","[1, 0, 2, 1, 3, 2, 4, 3, 5, 4, 6, 5, 7, 6, 8, 7, 9, 8, 10, 9, 1, 10, 4, 9]",-0.5865603256
15,34,"[3, 1, 2, 1, 3, 1, 1, 1, 1, 1, 1, 1, 1, 1, 1]","[2, 2, 1, 1, 1, 1, 2, 2, 1, 1, 3, 3, 3, 3, 3, 3, 3, 3, 3, 3, 3, 3, 3, 3, 3, 3, 3, 3, 1, 1, 3, 3, 3, 3]","[0, 1, 1, 2, 2, 3, 3, 4, 3, 5, 5, 6, 6, 7, 7, 8, 8, 9, 9, 10, 10, 11, 11, 12, 12, 13, 13, 14, 13, 1, 14, 5, 14, 9]","[1, 0, 2, 1, 3, 2, 4, 3, 5, 3, 6, 5, 7, 6, 8, 7, 9, 8, 10, 9, 11, 10, 12, 11, 13, 12, 14, 13, 1, 13, 5, 14, 9, 14]",-4.6928315029
61,136,"[1, 1, 1, 1, 1, 1, 1, 1, 1, 1, 1, 1, 1, 3, 7, 3, 1, 1, 1, 3, 1, 3, 7, 3, 1, 3, 1, 1, 1, 1, 1, 1, 1, 1, 1, 1, 1, 1, 1, 1, 1, 1, 1, 1, 1, 1, 1, 1, 1, 1, 1, 1, 1, 1, 1, 1, 1, 1, 1, 1, 1]","[1, 1, 1, 1, 1, 1, 3, 3, 3, 3, 3, 3, 3, 3, 3, 3, 1, 1, 3, 3, 3, 3, 3, 3, 1, 1, 1, 1, 1, 1, 1, 1, 1, 1, 1, 1, 1, 1, 1, 1, 1, 1, 1, 1, 1, 1, 1, 1, 1, 1, 1, 1, 3, 3, 3, 3, 3, 3, 3, 3, 3, 3, 1, 1, 1, 1, 1, 1, 1, 1, 3, 3, 3, 3, 3, 3, 3, 3, 3, 3, 1, 1, 1, 1, 1, 1, 1, 1, 3, 3, 3, 3, 3, 3, 3, 3, 3, 3, 3, 3, 3, 3, 1, 1, 1, 1, 1, 1, 1, 1, 3, 3, 3, 3, 3, 3, 3, 3, 3, 3, 3, 3, 3, 3, 1, 1, 1, 1, 3, 3, 3, 3, 3, 3, 3, 3]","[0, 1, 1, 2, 1, 3, 3, 4, 4, 5, 5, 6, 6, 7, 7, 8, 1, 9, 9, 10, 10, 11, 11, 12, 12, 13, 13, 14, 14, 15, 15, 16, 16, 17, 17, 18, 18, 19, 17, 20, 20, 21, 21, 22, 22, 23, 23, 24, 22, 25, 25, 26, 26, 27, 27, 28, 28, 29, 29, 30, 30, 31, 31, 32, 32, 33, 32, 34, 32, 35, 35, 36, 36, 37, 37, 38, 38, 39, 39, 40, 29, 41, 41, 42, 41, 43, 41, 44, 44, 45, 45, 46, 46, 47, 47, 48, 48, 49, 12, 50, 50, 51, 50, 52, 52, 53, 52, 54, 52, 55, 55, 56, 56, 57, 57, 58, 58, 59, 59, 60, 8, 3, 51, 9, 19, 14, 24, 17, 31, 26, 40, 35, 49, 44, 60, 55]","[1, 0, 2, 1, 3, 1, 4, 3, 5, 4, 6, 5, 7, 6, 8, 7, 9, 1, 10, 9, 11, 10, 12, 11, 13, 12, 14, 13, 15, 14, 16, 15, 17, 16, 18, 17, 19, 18, 20, 17, 21, 20, 22, 21, 23, 22, 24, 23, 25, 22, 26, 25, 27, 26, 28, 27, 29, 28, 30, 29, 31, 30, 32, 31, 33, 32, 34, 32, 35, 32, 36, 35, 37, 36, 38, 37, 39, 38, 40, 39, 41, 29, 42, 41, 43, 41, 44, 41, 45, 44, 46, 45, 47, 46, 48, 47, 49, 48, 50, 12, 51, 50, 52, 50, 53, 52, 54, 52, 55, 52, 56, 55, 57, 56, 58, 57, 59, 58, 60, 59, 3, 8, 9, 51, 14, 19, 17, 24, 26, 31, 35, 40, 44, 49, 55, 60]",-7.2319734263
24,54,"[1, 1, 1, 1, 1, 2, 1, 3, 1, 1, 1, 1, 1, 1, 2, 1, 1, 1, 1, 3, 1, 1, 1, 1]","[1, 1, 3, 3, 3, 3, 3, 3, 1, 1, 1, 1, 2, 2, 1, 1, 3, 3, 3, 3, 3, 3, 3, 3, 3, 3, 1, 1, 3, 3, 3, 3, 3, 3, 1, 1, 2, 2, 3, 3, 3, 3, 1, 1, 3, 3, 3, 3, 1, 1, 3, 3, 3, 3]","[0, 1, 1, 2, 2, 3, 3, 4, 4, 5, 5, 6, 6, 7, 6, 8, 8, 9, 9, 10, 10, 11, 11, 12, 12, 13, 13, 14, 13, 15, 15, 16, 16, 17, 17, 18, 18, 19, 17, 20, 4, 21, 21, 22, 21, 23, 23, 1, 18, 5, 20, 8, 20, 12]","[1, 0, 2, 1, 3, 2, 4, 3, 5, 4, 6, 5, 7, 6, 8, 6, 9, 8, 10, 9, 11, 10, 12, 11, 13, 12, 14, 13, 15, 13, 16, 15, 17, 16, 18, 17, 19, 18, 20, 17, 21, 4, 22, 21, 23, 21, 1, 23, 5, 18, 8, 20, 12, 20]",-4.8916555333
16,34,"[1, 1, 3, 1, 1, 1, 1, 1, 1, 1, 1, 1, 1, 1, 1, 1]","[1, 1, 1, 1, 1, 1, 1, 1, 1, 1, 1, 1, 1, 1, 1, 1, 2, 2, 1, 1, 1, 1, 1, 1, 1, 1, 1, 1, 1, 1, 1, 1, 1, 1]","[0, 1, 1, 2, 2, 3, 3, 4, 3, 5, 5, 6, 6, 7, 7, 8, 8, 9, 8, 10, 10, 11, 11, 12, 12, 13, 13, 14, 13, 15, 10, 3, 13, 7]","[1, 0, 2, 1, 3, 2, 4, 3, 5, 3, 6, 5, 7, 6, 8, 7, 9, 8, 10, 8, 11, 10, 12, 11, 13, 12, 14, 13, 15, 13, 3, 10, 7, 13]",-4.7342962454
17,38,"[1, 3, 1, 1, 1, 1, 1, 1, 1, 1, 1, 1, 1, 1, 1, 1, 1]","[1, 1, 1, 1, 1, 1, 1, 1, 1, 1, 1, 1, 1, 1, 1, 1, 1, 1, 1, 1, 1, 1, 1, 1, 1, 1, 1, 1, 1, 1, 1, 1, 1, 1, 1, 1, 1, 1]","[0, 1, 1, 2, 2, 3, 2, 4, 4, 5, 5, 6, 6, 7, 7, 8, 8, 9, 9, 10, 9, 11, 9, 12, 12, 13, 13, 14, 14, 15, 15, 16, 8, 2, 12, 6, 15, 6]","[1, 0, 2, 1, 3, 2, 4, 2, 5, 4, 6, 5, 7, 6, 8, 7, 9, 8, 10, 9, 11, 9, 12, 9, 13, 12, 14, 13, 15, 14, 16, 15, 2, 8, 6, 12, 6, 15]",-4.7401771795
16,34,"[1, 1, 1, 1, 1, 1, 1, 1, 3, 1, 1, 1, 1, 1, 1, 1]","[1, 1, 1, 1, 1, 1, 1, 1, 1, 1, 1, 1, 1, 1, 2, 2, 1, 1, 1, 1, 1, 1, 1, 1, 2, 2, 1, 1, 1, 1, 1, 1, 1, 1]","[0, 1, 1, 2, 2, 3, 3, 4, 4, 5, 5, 6, 6, 7, 7, 8, 1, 9, 9, 10, 10, 11, 11, 12, 12, 13, 13, 14, 12, 15, 7, 3, 14, 9]","[1, 0, 2, 1, 3, 2, 4, 3, 5, 4, 6, 5, 7, 6, 8, 7, 9, 1, 10, 9, 11, 10, 12, 11, 13, 12, 14, 13, 15, 12, 3, 7, 9, 14]",-4.6803670486
10,22,"[1, 1, 1, 1, 1, 1, 1, 1, 1, 1]","[1, 1, 1, 1, 1, 1, 1, 1, 1, 1, 1, 1, 1, 1, 1, 1, 2, 2, 1, 1, 1, 1]","[0, 1, 1, 2, 1, 3, 3, 4, 4, 5, 5, 6, 6, 7, 6, 8, 8, 9, 8, 1, 7, 3]","[1, 0, 2, 1, 3, 1, 4, 3, 5, 4, 6, 5, 7, 6, 8, 6, 9, 8, 1, 8, 3, 7]",-4.4715404278
30,66,"[1, 1, 1, 1, 1, 2, 1, 4, 1, 1, 3, 2, 1, 1, 1, 1, 1, 1, 1, 1, 1, 1, 1, 1, 1, 1, 2, 2, 2, 2]","[1, 1, 1, 1, 1, 1, 1, 1, 3, 3, 3, 3, 1, 1, 3, 3, 1, 1, 1, 1, 3, 3, 1, 1, 1, 1, 3, 3, 3, 3, 3, 3, 3, 3, 3, 3, 1, 1, 3, 3, 3, 3, 3, 3, 3, 3, 3, 3, 1, 1, 3, 3, 3, 3, 3, 3, 3, 3, 3, 3, 3, 3, 3, 3, 3, 3]","[0, 1, 1, 2, 2, 3, 3, 4, 4, 5, 5, 6, 6, 7, 6, 8, 8, 9, 9, 10, 8, 11, 11, 12, 12, 13, 13, 14, 14, 15, 15, 16, 16, 17, 17, 18, 16, 19, 19, 20, 20, 21, 21, 22, 22, 23, 23, 24, 24, 25, 25, 26, 26, 27, 27, 28, 28, 29, 11, 4, 18, 13, 24, 19, 29, 25]","[1, 0, 2, 1, 3, 2, 4, 3, 5, 4, 6, 5, 7, 6, 8, 6, 9, 8, 10, 9, 11, 8, 12, 11, 13, 12, 14, 13, 15, 14, 16, 15, 17, 16, 18, 17, 19, 16, 20, 19, 21, 20, 22, 21, 23, 22, 24, 23, 25, 24, 26, 25, 27, 26, 28, 27, 29, 28, 4, 11, 13, 18, 19, 24, 25, 29]",-4.9450169862
16,38,"[1, 1, 1, 1, 1, 1, 3, 1, 1, 1, 1, 1, 1, 1, 1, 1]","[1, 1, 1, 1, 1, 1, 1, 1, 1, 1, 1, 1, 1, 1, 1, 1, 1, 1, 1, 1, 1, 1, 1, 1, 1, 1, 1, 1, 1, 1, 1, 1, 1, 1, 1, 1, 1, 1]","[0, 1, 1, 2, 1, 3, 3, 4, 4, 5, 5, 6, 6, 7, 7, 8, 8, 9, 8, 10, 8, 11, 11, 12, 12, 13, 13, 14, 14, 15, 14, 1, 7, 5, 14, 7, 15, 11]","[1, 0, 2, 1, 3, 1, 4, 3, 5, 4, 6, 5, 7, 6, 8, 7, 9, 8, 10, 8, 11, 8, 12, 11, 13, 12, 14, 13, 15, 14, 1, 14, 5, 7, 7, 14, 11, 15]",-4.6529288002
24,52,"[1, 1, 1, 1, 3, 2, 1, 1, 1, 1, 1, 1, 1, 2, 1, 3, 1, 1, 1, 1, 3, 1, 1, 3]","[1, 1, 2, 2, 1, 1, 2, 2, 1, 1, 1, 1, 1, 1, 3, 3, 3, 3, 3, 3, 3, 3, 1, 1, 1, 1, 1, 1, 2, 2, 1, 1, 2, 2, 1, 1, 1, 1, 2, 2, 3, 3, 1, 1, 2, 2, 1, 1, 3, 3, 1, 1]","[0, 1, 1, 2, 2, 3, 3, 4, 3, 5, 5, 6, 6, 7, 7, 8, 8, 9, 9, 10, 10, 11, 11, 12, 12, 13, 13, 14, 14, 15, 14, 16, 16, 17, 17, 18, 17, 19, 19, 20, 11, 21, 5, 22, 22, 23, 22, 1, 21, 7, 19, 13]","[1, 0, 2, 1, 3, 2, 4, 3, 5, 3, 6, 5, 7, 6, 8, 7, 9, 8, 10, 9, 11, 10, 12, 11, 13, 12, 14, 13, 15, 14, 16, 14, 17, 16, 18, 17, 19, 17, 20, 19, 21, 11, 22, 5, 23, 22, 1, 22, 7, 21, 13, 19]",-3.9003349932
15,32,"[3, 11, 3, 1, 1, 1, 1, 1, 1, 1, 1, 1, 1, 1, 1]","[1, 1, 1, 1, 1, 1, 3, 3, 3, 3, 3, 3, 3, 3, 3, 3, 1, 1, 3, 3, 3, 3, 3, 3, 3, 3, 3, 3, 3, 3, 3, 3]","[0, 1, 1, 2, 1, 3, 3, 4, 4, 5, 5, 6, 6, 7, 7, 8, 1, 9, 9, 10, 10, 11, 11, 12, 12, 13, 13, 14, 8, 3, 14, 9]","[1, 0, 2, 1, 3, 1, 4, 3, 5, 4, 6, 5, 7, 6, 8, 7, 9, 1, 10, 9, 11, 10, 12, 11, 13, 12, 14, 13, 3, 8, 9, 14]",-2.7330206215
15,32,"[1, 2, 1, 1, 1, 1, 1, 1, 1, 1, 1, 1, 1, 1, 1]","[1, 1, 1, 1, 1, 1, 3, 3, 3, 3, 3, 3, 3, 3, 3, 3, 1, 1, 3, 3, 3, 3, 3, 3, 3, 3, 3, 3, 3, 3, 3, 3]","[0, 1, 1, 2, 2, 3, 3, 4, 4, 5, 5, 6, 6, 7, 7, 8, 0, 9, 9, 10, 10, 11, 11, 12, 12, 13, 13, 14, 8, 3, 14, 9]","[1, 0, 2, 1, 3, 2, 4, 3, 5, 4, 6, 5, 7, 6, 8, 7, 9, 0, 10, 9, 11, 10, 12, 11, 13, 12, 14, 13, 3, 8, 9, 14]",-2.6876302374
121,254,"[1, 1, 1, 1, 1, 1, 1, 1, 1, 1, 1, 1, 1, 1, 1, 1, 1, 1, 1, 1, 1, 1, 1, 1, 1, 1, 1, 1, 1, 1, 1, 1, 1, 1, 1, 1, 1, 1, 1, 1, 1, 1, 1, 1, 1, 1, 1, 1, 1, 1, 1, 1, 1, 1, 1, 1, 1, 1, 1, 1, 1, 1, 1, 1, 1, 1, 1, 1, 1, 1, 1, 1, 1, 1, 1, 1, 1, 1, 1, 1, 1, 1, 1, 1, 1, 1, 1, 1, 1, 1, 1, 1, 1, 1, 1, 1, 1, 1, 1, 1, 1, 1, 1, 1, 1, 1, 1, 1, 1, 1, 1, 1, 1, 1, 1, 1, 1, 1, 1, 1, 1]","[1, 1, 1, 1, 3, 3, 3, 3, 3, 3, 3, 3, 3, 3, 1, 1, 1, 1, 3, 3, 3, 3, 1, 1, 1, 1, 3, 3, 1, 1, 1, 1, 3, 3, 3, 3, 1, 1, 1, 1, 1, 1, 1, 1, 1, 1, 1, 1, 3, 3, 3, 3, 3, 3, 3, 3, 3, 3, 1, 1, 3, 3, 3, 3, 3, 3, 3, 3, 3, 3, 1, 1, 3, 3, 3, 3, 3, 3, 3, 3, 3, 3, 1, 1, 3, 3, 3, 3, 3, 3, 3, 3, 3, 3, 1, 1, 3, 3, 3, 3, 3, 3, 3, 3, 3, 3, 1, 1, 3, 3, 3, 3, 3, 3, 3, 3, 3, 3, 3, 3, 3, 3, 3, 3, 3, 3, 2, 2, 1, 1, 3, 3, 3, 3, 3, 3, 3, 3, 3, 3, 1, 1, 1, 1, 1, 1, 1, 1, 1, 1, 1, 1, 3, 3, 3, 3, 3, 3, 3, 3, 3, 3, 1, 1, 1, 1, 3, 3, 3, 3, 3, 3, 3, 3, 3, 3, 1, 1, 3, 3, 3, 3, 3, 3, 3, 3, 3, 3, 3, 3, 3, 3, 3, 3, 3, 3, 3, 3, 3, 3, 3, 3, 3, 3, 3, 3, 3, 3, 1, 1, 3, 3, 3, 3, 3, 3, 3, 3, 3, 3, 3, 3, 3, 3, 3, 3, 3, 3, 3, 3, 3, 3, 3, 3, 3, 3, 3, 3, 3, 3, 1, 1, 3, 3, 3, 3, 3, 3, 3, 3, 3, 3, 3, 3]","[0, 1, 1, 2, 2, 3, 3, 4, 4, 5, 5, 6, 6, 7, 8, 9, 9, 10, 10, 11, 11, 12, 12, 13, 13, 14, 12, 15, 15, 16, 16, 17, 15, 18, 18, 19, 19, 20, 20, 21, 22, 23, 23, 24, 24, 25, 24, 26, 26, 27, 27, 28, 28, 29, 29, 30, 30, 31, 24, 32, 32, 33, 33, 34, 34, 35, 35, 36, 36, 37, 38, 39, 39, 40, 40, 41, 41, 42, 42, 43, 43, 44, 45, 46, 46, 47, 47, 48, 48, 49, 49, 50, 50, 51, 51, 52, 52, 53, 53, 54, 54, 55, 55, 56, 56, 57, 58, 59, 59, 60, 60, 61, 61, 62, 62, 63, 63, 64, 64, 65, 65, 66, 66, 67, 67, 68, 69, 70, 70, 71, 71, 72, 72, 73, 73, 74, 74, 75, 75, 76, 77, 78, 78, 79, 79, 80, 80, 81, 81, 82, 80, 83, 83, 84, 84, 85, 85, 86, 86, 87, 87, 88, 89, 90, 90, 91, 91, 92, 92, 93, 93, 94, 94, 95, 95, 96, 89, 97, 97, 98, 98, 99, 99, 100, 100, 101, 101, 102, 103, 104, 104, 105, 105, 106, 106, 107, 107, 108, 109, 110, 110, 111, 111, 112, 112, 113, 113, 114, 112, 115, 115, 116, 116, 117, 117, 118, 118, 119, 119, 120, 7, 2, 19, 10, 31, 26, 37, 32, 44, 39, 51, 46, 57, 52, 68, 59, 68, 63, 76, 71, 82, 77, 88, 83, 96, 91, 102, 97, 108, 103, 114, 109, 120, 115]","[1, 0, 2, 1, 3, 2, 4, 3, 5, 4, 6, 5, 7, 6, 9, 8, 10, 9, 11, 10, 12, 11, 13, 12, 14, 13, 15, 12, 16, 15, 17, 16, 18, 15, 19, 18, 20, 19, 21, 20, 23, 22, 24, 23, 25, 24, 26, 24, 27, 26, 28, 27, 29, 28, 30, 29, 31, 30, 32, 24, 33, 32, 34, 33, 35, 34, 36, 35, 37, 36, 39, 38, 40, 39, 41, 40, 42, 41, 43, 42, 44, 43, 46, 45, 47, 46, 48, 47, 49, 48, 50, 49, 51, 50, 52, 51, 53, 52, 54, 53, 55, 54, 56, 55, 57, 56, 59, 58, 60, 59, 61, 60, 62, 61, 63, 62, 64, 63, 65, 64, 66, 65, 67, 66, 68, 67, 70, 69, 71, 70, 72, 71, 73, 72, 74, 73, 75, 74, 76, 75, 78, 77, 79, 78, 80, 79, 81, 80, 82, 81, 83, 80, 84, 83, 85, 84, 86, 85, 87, 86, 88, 87, 90, 89, 91, 90, 92, 91, 93, 92, 94, 93, 95, 94, 96, 95, 97, 89, 98, 97, 99, 98, 100, 99, 101, 100, 102, 101, 104, 103, 105, 104, 106, 105, 107, 106, 108, 107, 110, 109, 111, 110, 112, 111, 113, 112, 114, 113, 115, 112, 116, 115, 117, 116, 118, 117, 119, 118, 120, 119, 2, 7, 10, 19, 26, 31, 32, 37, 39, 44, 46, 51, 52, 57, 59, 68, 63, 68, 71, 76, 77, 82, 83, 88, 91, 96, 97, 102, 103, 108, 109, 114, 115, 120]",-4.5881768419
16,36,"[1, 1, 1, 1, 1, 3, 1, 1, 1, 1, 1, 1, 1, 1, 1, 1]","[1, 1, 1, 1, 1, 1, 1, 1, 1, 1, 1, 1, 1, 1, 1, 1, 1, 1, 1, 1, 1, 1, 1, 1, 1, 1, 1, 1, 1, 1, 1, 1, 1, 1, 1, 1]","[0, 1, 1, 2, 2, 3, 3, 4, 4, 5, 4, 6, 6, 7, 6, 8, 6, 9, 9, 10, 10, 11, 11, 12, 12, 13, 12, 14, 14, 15, 14, 1, 12, 4, 15, 9]","[1, 0, 2, 1, 3, 2, 4, 3, 5, 4, 6, 4, 7, 6, 8, 6, 9, 6, 10, 9, 11, 10, 12, 11, 13, 12, 14, 12, 15, 14, 1, 14, 4, 12, 9, 15]",-3.7259038203
33,68,"[1, 1, 2, 1, 1, 1, 1, 3, 2, 1, 1, 1, 1, 1, 1, 1, 1, 1, 1, 1, 1, 1, 1, 1, 3, 1, 3, 1, 1, 1, 1, 1, 1]","[1, 1, 1, 1, 1, 1, 1, 1, 1, 1, 1, 1, 2, 2, 1, 1, 1, 1, 3, 3, 1, 1, 3, 3, 3, 3, 3, 3, 3, 3, 1, 1, 1, 1, 1, 1, 3, 3, 3, 3, 3, 3, 3, 3, 3, 3, 1, 1, 2, 2, 1, 1, 3, 3, 3, 3, 3, 3, 3, 3, 3, 3, 3, 3, 3, 3, 3, 3]","[0, 1, 1, 2, 2, 3, 3, 4, 2, 5, 5, 6, 6, 7, 6, 8, 8, 9, 9, 10, 10, 11, 10, 12, 12, 13, 13, 14, 14, 15, 15, 16, 2, 17, 17, 18, 18, 19, 19, 20, 20, 21, 21, 22, 22, 23, 24, 25, 25, 26, 25, 27, 27, 28, 28, 29, 29, 30, 30, 31, 31, 32, 15, 9, 23, 18, 32, 27]","[1, 0, 2, 1, 3, 2, 4, 3, 5, 2, 6, 5, 7, 6, 8, 6, 9, 8, 10, 9, 11, 10, 12, 10, 13, 12, 14, 13, 15, 14, 16, 15, 17, 2, 18, 17, 19, 18, 20, 19, 21, 20, 22, 21, 23, 22, 25, 24, 26, 25, 27, 25, 28, 27, 29, 28, 30, 29, 31, 30, 32, 31, 9, 15, 18, 23, 27, 32]",-1.020958606
21,48,"[1, 1, 1, 1, 1, 1, 1, 1, 1, 1, 1, 3, 1, 1, 1, 1, 1, 1, 1, 1, 3]","[1, 1, 1, 1, 1, 1, 1, 1, 1, 1, 1, 1, 1, 1, 1, 1, 2, 2, 1, 1, 2, 2, 1, 1, 2, 2, 1, 1, 1, 1, 1, 1, 1, 1, 1, 1, 1, 1, 2, 2, 1, 1, 1, 1, 1, 1, 1, 1]","[0, 1, 1, 2, 2, 3, 3, 4, 4, 5, 5, 6, 6, 7, 7, 8, 8, 9, 9, 10, 10, 11, 10, 12, 12, 13, 13, 14, 14, 15, 5, 16, 16, 17, 17, 18, 18, 19, 19, 20, 16, 1, 19, 1, 14, 4, 14, 8]","[1, 0, 2, 1, 3, 2, 4, 3, 5, 4, 6, 5, 7, 6, 8, 7, 9, 8, 10, 9, 11, 10, 12, 10, 13, 12, 14, 13, 15, 14, 16, 5, 17, 16, 18, 17, 19, 18, 20, 19, 1, 16, 1, 19, 4, 14, 8, 14]",-2.8204596094
20,44,"[1, 1, 1, 2, 1, 1, 2, 2, 1, 2, 1, 1, 1, 3, 8, 3, 3, 1, 3, 3]","[1, 1, 1, 1, 1, 1, 3, 3, 3, 3, 3, 3, 3, 3, 1, 1, 1, 1, 1, 1, 1, 1, 1, 1, 2, 2, 1, 1, 2, 2, 2, 2, 1, 1, 1, 1, 2, 2, 1, 1, 3, 3, 1, 1]","[0, 1, 1, 2, 2, 3, 3, 4, 4, 5, 5, 6, 6, 7, 1, 8, 8, 9, 9, 10, 10, 11, 11, 12, 12, 13, 10, 14, 14, 15, 14, 16, 8, 17, 17, 18, 17, 19, 14, 1, 7, 3, 12, 9]","[1, 0, 2, 1, 3, 2, 4, 3, 5, 4, 6, 5, 7, 6, 8, 1, 9, 8, 10, 9, 11, 10, 12, 11, 13, 12, 14, 10, 15, 14, 16, 14, 17, 8, 18, 17, 19, 17, 1, 14, 3, 7, 9, 12]",-1.8384616763
33,74,"[1, 1, 3, 1, 2, 1, 1, 1, 1, 1, 1, 3, 3, 1, 2, 1, 1, 1, 1, 1, 1, 1, 1, 1, 1, 1, 1, 1, 1, 2, 2, 2, 2]","[1, 1, 1, 1, 1, 1, 3, 3, 3, 3, 3, 3, 3, 3, 3, 3, 3, 3, 1, 1, 1, 1, 2, 2, 3, 3, 3, 3, 1, 1, 1, 1, 3, 3, 3, 3, 3, 3, 3, 3, 3, 3, 1, 1, 3, 3, 3, 3, 3, 3, 3, 3, 3, 3, 1, 1, 3, 3, 3, 3, 3, 3, 3, 3, 3, 3, 3, 3, 3, 3, 3, 3, 3, 3]","[0, 1, 1, 2, 2, 3, 3, 4, 4, 5, 5, 6, 6, 7, 7, 8, 8, 9, 9, 10, 10, 11, 10, 12, 9, 13, 13, 14, 14, 15, 15, 16, 16, 17, 17, 18, 18, 19, 19, 20, 20, 21, 19, 22, 22, 23, 23, 24, 24, 25, 25, 26, 26, 27, 27, 28, 28, 29, 29, 30, 30, 31, 31, 32, 14, 3, 13, 5, 21, 16, 27, 22, 32, 28]","[1, 0, 2, 1, 3, 2, 4, 3, 5, 4, 6, 5, 7, 6, 8, 7, 9, 8, 10, 9, 11, 10, 12, 10, 13, 9, 14, 13, 15, 14, 16, 15, 17, 16, 18, 17, 19, 18, 20, 19, 21, 20, 22, 19, 23, 22, 24, 23, 25, 24, 26, 25, 27, 26, 28, 27, 29, 28, 30, 29, 31, 30, 32, 31, 3, 14, 5, 13, 16, 21, 22, 27, 28, 32]",-6.4977813968
12,26,"[1, 1, 1, 1, 1, 1, 1, 1, 1, 1, 1, 3]","[1, 1, 1, 1, 1, 1, 1, 1, 1, 1, 1, 1, 1, 1, 1, 1, 1, 1, 1, 1, 2, 2, 1, 1, 1, 1]","[0, 1, 1, 2, 2, 3, 3, 4, 4, 5, 5, 6, 6, 7, 7, 8, 7, 9, 2, 10, 10, 11, 6, 1, 7, 4]","[1, 0, 2, 1, 3, 2, 4, 3, 5, 4, 6, 5, 7, 6, 8, 7, 9, 7, 10, 2, 11, 10, 1, 6, 4, 7]",-3.5580403929
28,58,"[3, 1, 1, 1, 1, 1, 1, 2, 1, 3, 2, 1, 1, 1, 1, 1, 1, 2, 1, 3, 2, 1, 1, 1, 1, 1, 1, 3]","[2, 2, 1, 1, 1, 1, 1, 1, 1, 1, 1, 1, 1, 1, 1, 1, 2, 2, 1, 1, 1, 1, 1, 1, 1, 1, 1, 1, 1, 1, 1, 1, 1, 1, 1, 1, 2, 2, 1, 1, 1, 1, 1, 1, 1, 1, 1, 1, 1, 1, 1, 1, 2, 2, 1, 1, 1, 1]","[0, 1, 1, 2, 2, 3, 3, 4, 4, 5, 5, 6, 6, 7, 7, 8, 8, 9, 8, 10, 10, 11, 11, 12, 12, 13, 13, 14, 14, 15, 15, 16, 16, 17, 17, 18, 18, 19, 18, 20, 20, 21, 21, 22, 22, 23, 23, 24, 24, 25, 25, 26, 26, 27, 7, 1, 26, 20]","[1, 0, 2, 1, 3, 2, 4, 3, 5, 4, 6, 5, 7, 6, 8, 7, 9, 8, 10, 8, 11, 10, 12, 11, 13, 12, 14, 13, 15, 14, 16, 15, 17, 16, 18, 17, 19, 18, 20, 18, 21, 20, 22, 21, 23, 22, 24, 23, 25, 24, 26, 25, 27, 26, 1, 7, 20, 26]",-3.9064006561
15,32,"[1, 3, 11, 3, 1, 1, 1, 1, 1, 1, 1, 1, 1, 1, 1]","[1, 1, 1, 1, 1, 1, 1, 1, 1, 1, 1, 1, 1, 1, 1, 1, 1, 1, 1, 1, 1, 1, 1, 1, 1, 1, 1, 1, 1, 1, 1, 1]","[0, 1, 1, 2, 2, 3, 3, 4, 2, 5, 5, 6, 6, 7, 7, 8, 8, 9, 2, 10, 10, 11, 11, 12, 12, 13, 13, 14, 9, 5, 14, 10]","[1, 0, 2, 1, 3, 2, 4, 3, 5, 2, 6, 5, 7, 6, 8, 7, 9, 8, 10, 2, 11, 10, 12, 11, 13, 12, 14, 13, 5, 9, 10, 14]",-4.6327996787
43,94,"[1, 3, 1, 1, 1, 1, 1, 1, 3, 1, 1, 1, 3, 1, 1, 3, 1, 1, 3, 1, 3, 1, 1, 3, 1, 3, 1, 1, 1, 3, 1, 3, 1, 3, 1, 3, 1, 3, 1, 3, 1, 1, 3]","[1, 1, 1, 1, 3, 3, 3, 3, 3, 3, 3, 3, 3, 3, 1, 1, 1, 1, 1, 1, 1, 1, 2, 2, 1, 1, 3, 3, 1, 1, 3, 3, 3, 3, 1, 1, 1, 1, 1, 1, 1, 1, 1, 1, 1, 1, 1, 1, 1, 1, 1, 1, 1, 1, 1, 1, 1, 1, 1, 1, 1, 1, 1, 1, 1, 1, 1, 1, 1, 1, 1, 1, 1, 1, 1, 1, 1, 1, 3, 3, 3, 3, 1, 1, 3, 3, 1, 1, 3, 3, 1, 1, 1, 1]","[0, 1, 1, 2, 2, 3, 3, 4, 4, 5, 5, 6, 6, 7, 7, 8, 5, 9, 9, 10, 10, 11, 11, 12, 11, 13, 13, 14, 14, 15, 14, 16, 16, 17, 17, 18, 18, 19, 19, 20, 20, 21, 21, 22, 22, 23, 23, 24, 24, 25, 25, 26, 26, 27, 26, 28, 28, 29, 28, 30, 30, 31, 30, 32, 32, 33, 21, 34, 34, 35, 34, 36, 36, 37, 36, 38, 38, 39, 17, 40, 40, 41, 41, 42, 7, 2, 42, 9, 41, 13, 38, 19, 32, 24]","[1, 0, 2, 1, 3, 2, 4, 3, 5, 4, 6, 5, 7, 6, 8, 7, 9, 5, 10, 9, 11, 10, 12, 11, 13, 11, 14, 13, 15, 14, 16, 14, 17, 16, 18, 17, 19, 18, 20, 19, 21, 20, 22, 21, 23, 22, 24, 23, 25, 24, 26, 25, 27, 26, 28, 26, 29, 28, 30, 28, 31, 30, 32, 30, 33, 32, 34, 21, 35, 34, 36, 34, 37, 36, 38, 36, 39, 38, 40, 17, 41, 40, 42, 41, 2, 7, 9, 42, 13, 41, 19, 38, 24, 32]",-5.0104856455
32,66,"[1, 2, 1, 3, 2, 1, 3, 1, 1, 1, 6, 6, 6, 1, 1, 1, 1, 4, 1, 1, 1, 3, 3, 1, 1, 1, 1, 3, 3, 1, 1, 1]","[1, 1, 3, 3, 2, 2, 3, 3, 3, 3, 2, 2, 3, 3, 3, 3, 1, 1, 1, 1, 1, 1, 1, 1, 1, 1, 3, 3, 3, 3, 3, 3, 1, 1, 3, 3, 3, 3, 1, 1, 2, 2, 1, 1, 1, 1, 1, 1, 1, 1, 1, 1, 2, 2, 1, 1, 1, 1, 1, 1, 2, 2, 3, 3, 3, 3]","[0, 1, 1, 2, 2, 3, 2, 4, 4, 5, 5, 6, 5, 7, 7, 8, 8, 9, 9, 10, 9, 11, 9, 12, 4, 13, 13, 14, 14, 15, 15, 16, 16, 17, 16, 18, 18, 19, 18, 20, 20, 21, 20, 22, 22, 23, 23, 24, 23, 25, 23, 26, 26, 27, 26, 28, 28, 29, 29, 30, 30, 31, 8, 1, 19, 13]","[1, 0, 2, 1, 3, 2, 4, 2, 5, 4, 6, 5, 7, 5, 8, 7, 9, 8, 10, 9, 11, 9, 12, 9, 13, 4, 14, 13, 15, 14, 16, 15, 17, 16, 18, 16, 19, 18, 20, 18, 21, 20, 22, 20, 23, 22, 24, 23, 25, 23, 26, 23, 27, 26, 28, 26, 29, 28, 30, 29, 31, 30, 1, 8, 13, 19]",-4.676528089
20,42,"[1, 1, 1, 1, 1, 3, 1, 3, 1, 1, 1, 1, 4, 1, 1, 2, 1, 1, 2, 1]","[1, 1, 1, 1, 1, 1, 1, 1, 2, 2, 1, 1, 1, 1, 1, 1, 3, 3, 3, 3, 3, 3, 1, 1, 3, 3, 3, 3, 1, 1, 3, 3, 3, 3, 3, 3, 3, 3, 3, 3, 3, 3]","[0, 1, 1, 2, 1, 3, 1, 4, 4, 5, 4, 6, 6, 7, 7, 8, 8, 9, 9, 10, 10, 11, 11, 12, 11, 13, 13, 14, 6, 15, 15, 16, 16, 17, 17, 18, 18, 19, 14, 8, 19, 15]","[1, 0, 2, 1, 3, 1, 4, 1, 5, 4, 6, 4, 7, 6, 8, 7, 9, 8, 10, 9, 11, 10, 12, 11, 13, 11, 14, 13, 15, 6, 16, 15, 17, 16, 18, 17, 19, 18, 8, 14, 15, 19]",-3.7030926455
18,40,"[1, 1, 1, 1, 1, 1, 1, 1, 1, 1, 1, 1, 1, 1, 1, 1, 1, 3]","[1, 1, 1, 1, 1, 1, 1, 1, 1, 1, 1, 1, 1, 1, 1, 1, 1, 1, 1, 1, 1, 1, 1, 1, 2, 2, 1, 1, 1, 1, 1, 1, 2, 2, 1, 1, 1, 1, 1, 1]","[0, 1, 1, 2, 2, 3, 3, 4, 4, 5, 5, 6, 5, 7, 5, 8, 8, 9, 9, 10, 10, 11, 11, 12, 12, 13, 13, 14, 12, 15, 15, 16, 15, 17, 10, 1, 10, 4, 13, 8]","[1, 0, 2, 1, 3, 2, 4, 3, 5, 4, 6, 5, 7, 5, 8, 5, 9, 8, 10, 9, 11, 10, 12, 11, 13, 12, 14, 13, 15, 12, 16, 15, 17, 15, 1, 10, 4, 10, 8, 13]",-4.6134788776
52,108,"[1, 1, 1, 1, 1, 1, 1, 1, 1, 1, 1, 1, 1, 1, 1, 1, 1, 1, 1, 1, 1, 1, 1, 1, 1, 1, 1, 1, 1, 1, 1, 1, 1, 1, 1, 1, 1, 1, 1, 1, 1, 1, 1, 1, 1, 1, 1, 1, 1, 1, 1, 1]","[1, 1, 1, 1, 1, 1, 1, 1, 1, 1, 1, 1, 1, 1, 1, 1, 1, 1, 1, 1, 1, 1, 1, 1, 1, 1, 1, 1, 1, 1, 3, 3, 3, 3, 3, 3, 3, 3, 3, 3, 3, 3, 3, 3, 3, 3, 3, 3, 3, 3, 3, 3, 3, 3, 3, 3, 3, 3, 3, 3, 3, 3, 3, 3, 3, 3, 3, 3, 3, 3, 3, 3, 3, 3, 3, 3, 3, 3, 3, 3, 3, 3, 3, 3, 3, 3, 3, 3, 3, 3, 3, 3, 3, 3, 3, 3, 3, 3, 3, 3, 3, 3, 3, 3, 3, 3, 3, 3]","[0, 1, 1, 2, 2, 3, 3, 4, 4, 5, 5, 6, 6, 7, 7, 8, 8, 9, 9, 10, 10, 11, 11, 12, 12, 13, 14, 15, 15, 16, 16, 17, 17, 18, 18, 19, 19, 20, 20, 21, 22, 23, 23, 24, 24, 25, 25, 26, 26, 27, 28, 29, 29, 30, 30, 31, 31, 32, 32, 33, 33, 34, 34, 35, 35, 36, 36, 37, 38, 39, 39, 40, 40, 41, 41, 42, 42, 43, 43, 44, 44, 45, 45, 46, 46, 47, 47, 48, 48, 49, 49, 50, 50, 51, 21, 16, 27, 22, 37, 28, 36, 31, 51, 38, 50, 41, 48, 43]","[1, 0, 2, 1, 3, 2, 4, 3, 5, 4, 6, 5, 7, 6, 8, 7, 9, 8, 10, 9, 11, 10, 12, 11, 13, 12, 15, 14, 16, 15, 17, 16, 18, 17, 19, 18, 20, 19, 21, 20, 23, 22, 24, 23, 25, 24, 26, 25, 27, 26, 29, 28, 30, 29, 31, 30, 32, 31, 33, 32, 34, 33, 35, 34, 36, 35, 37, 36, 39, 38, 40, 39, 41, 40, 42, 41, 43, 42, 44, 43, 45, 44, 46, 45, 47, 46, 48, 47, 49, 48, 50, 49, 51, 50, 16, 21, 22, 27, 28, 37, 31, 36, 38, 51, 41, 50, 43, 48]",-5.0416978328
116,238,"[1, 1, 1, 1, 1, 1, 1, 1, 1, 1, 1, 1, 1, 1, 1, 1, 1, 1, 1, 1, 1, 1, 1, 1, 1, 1, 1, 1, 1, 1, 1, 1, 1, 1, 1, 1, 1, 1, 1, 1, 1, 1, 1, 1, 1, 1, 1, 1, 1, 1, 1, 1, 1, 1, 1, 1, 1, 1, 1, 1, 1, 1, 1, 1, 1, 1, 1, 1, 1, 1, 1, 1, 1, 1, 1, 1, 1, 1, 1, 1, 1, 1, 1, 1, 1, 1, 1, 1, 1, 1, 1, 1, 1, 1, 1, 1, 1, 1, 1, 1, 1, 1, 1, 1, 1, 1, 1, 1, 1, 1, 1, 1, 1, 1, 1, 1]","[1, 1, 1, 1, 1, 1, 1, 1, 1, 1, 1, 1, 1, 1, 1, 1, 1, 1, 1, 1, 1, 1, 1, 1, 1, 1, 1, 1, 1, 1, 1, 1, 1, 1, 1, 1, 1, 1, 1, 1, 1, 1, 1, 1, 1, 1, 1, 1, 1, 1, 1, 1, 1, 1, 1, 1, 1, 1, 1, 1, 1, 1, 1, 1, 1, 1, 1, 1, 1, 1, 1, 1, 1, 1, 1, 1, 1, 1, 1, 1, 1, 1, 1, 1, 1, 1, 1, 1, 1, 1, 1, 1, 1, 1, 1, 1, 1, 1, 1, 1, 1, 1, 1, 1, 1, 1, 1, 1, 1, 1, 1, 1, 1, 1, 1, 1, 1, 1, 1, 1, 1, 1, 1, 1, 1, 1, 1, 1, 1, 1, 1, 1, 1, 1, 1, 1, 3, 3, 3, 3, 3, 3, 3, 3, 1, 1, 3, 3, 1, 1, 1, 1, 1, 1, 1, 1, 1, 1, 1, 1, 1, 1, 1, 1, 1, 1, 1, 1, 1, 1, 1, 1, 1, 1, 3, 3, 3, 3, 3, 3, 3, 3, 3, 3, 3, 3, 3, 3, 3, 3, 3, 3, 3, 3, 3, 3, 3, 3, 3, 3, 3, 3, 3, 3, 3, 3, 3, 3, 3, 3, 3, 3, 3, 3, 3, 3, 3, 3, 1, 1, 3, 3, 1, 1, 1, 1, 1, 1, 3, 3, 3, 3, 3, 3, 3, 3, 3, 3]","[0, 1, 1, 2, 2, 3, 3, 4, 4, 5, 5, 6, 6, 7, 7, 8, 8, 9, 9, 10, 10, 11, 11, 12, 12, 13, 13, 14, 14, 15, 15, 16, 16, 17, 17, 18, 18, 19, 19, 20, 20, 21, 21, 22, 22, 23, 23, 24, 24, 25, 25, 26, 26, 27, 27, 28, 28, 29, 30, 31, 31, 32, 32, 33, 33, 34, 34, 35, 35, 36, 36, 37, 37, 38, 38, 39, 39, 40, 40, 41, 41, 42, 42, 43, 41, 44, 44, 45, 45, 46, 46, 47, 47, 48, 48, 49, 49, 50, 50, 51, 51, 52, 50, 53, 53, 54, 54, 55, 55, 56, 56, 57, 57, 58, 58, 59, 60, 61, 61, 62, 62, 63, 63, 64, 64, 65, 65, 66, 66, 67, 65, 68, 68, 69, 70, 71, 71, 72, 72, 73, 73, 74, 74, 75, 75, 76, 75, 77, 78, 79, 79, 80, 80, 81, 81, 82, 82, 83, 83, 84, 84, 85, 85, 86, 86, 87, 87, 88, 88, 89, 89, 90, 90, 91, 92, 93, 93, 94, 94, 95, 95, 96, 96, 97, 97, 98, 98, 99, 99, 100, 100, 101, 102, 103, 103, 104, 104, 105, 105, 106, 106, 107, 107, 108, 108, 109, 109, 110, 110, 111, 111, 112, 112, 113, 113, 114, 114, 115, 69, 62, 77, 71, 91, 78, 90, 81, 88, 83, 101, 92, 100, 95, 115, 102, 114, 105, 112, 107]","[1, 0, 2, 1, 3, 2, 4, 3, 5, 4, 6, 5, 7, 6, 8, 7, 9, 8, 10, 9, 11, 10, 12, 11, 13, 12, 14, 13, 15, 14, 16, 15, 17, 16, 18, 17, 19, 18, 20, 19, 21, 20, 22, 21, 23, 22, 24, 23, 25, 24, 26, 25, 27, 26, 28, 27, 29, 28, 31, 30, 32, 31, 33, 32, 34, 33, 35, 34, 36, 35, 37, 36, 38, 37, 39, 38, 40, 39, 41, 40, 42, 41, 43, 42, 44, 41, 45, 44, 46, 45, 47, 46, 48, 47, 49, 48, 50, 49, 51, 50, 52, 51, 53, 50, 54, 53, 55, 54, 56, 55, 57, 56, 58, 57, 59, 58, 61, 60, 62, 61, 63, 62, 64, 63, 65, 64, 66, 65, 67, 66, 68, 65, 69, 68, 71, 70, 72, 71, 73, 72, 74, 73, 75, 74, 76, 75, 77, 75, 79, 78, 80, 79, 81, 80, 82, 81, 83, 82, 84, 83, 85, 84, 86, 85, 87, 86, 88, 87, 89, 88, 90, 89, 91, 90, 93, 92, 94, 93, 95, 94, 96, 95, 97, 96, 98, 97, 99, 98, 100, 99, 101, 100, 103, 102, 104, 103, 105, 104, 106, 105, 107, 106, 108, 107, 109, 108, 110, 109, 111, 110, 112, 111, 113, 112, 114, 113, 115, 114, 62, 69, 71, 77, 78, 91, 81, 90, 83, 88, 92, 101, 95, 100, 102, 115, 105, 114, 107, 112]",-5.4050532611
7,16,"[3, 15, 3, 15, 3, 15, 3]","[1, 1, 1, 1, 1, 1, 1, 1, 1, 1, 1, 1, 1, 1, 1, 1]","[0, 1, 1, 2, 2, 3, 3, 4, 4, 5, 5, 6, 5, 0, 6, 3]","[1, 0, 2, 1, 3, 2, 4, 3, 5, 4, 6, 5, 0, 5, 3, 6]",-4.0080532109
14,30,"[2, 1, 2, 1, 2, 2, 1, 2, 1, 1, 1, 1, 1, 1]","[1, 1, 3, 3, 3, 3, 1, 1, 3, 3, 3, 3, 3, 3, 1, 1, 3, 3, 3, 3, 3, 3, 3, 3, 3, 3, 3, 3, 3, 3]","[0, 1, 1, 2, 2, 3, 3, 4, 3, 5, 5, 6, 6, 7, 6, 8, 8, 9, 9, 10, 10, 11, 11, 12, 12, 13, 7, 1, 13, 8]","[1, 0, 2, 1, 3, 2, 4, 3, 5, 3, 6, 5, 7, 6, 8, 6, 9, 8, 10, 9, 11, 10, 12, 11, 13, 12, 1, 7, 8, 13]",-2.4941685135
18,38,"[1, 1, 3, 3, 1, 1, 1, 2, 1, 8, 1, 1, 2, 1, 3, 1, 3, 3]","[1, 1, 2, 2, 1, 1, 1, 1, 1, 1, 2, 2, 1, 1, 1, 1, 1, 1, 1, 1, 1, 1, 1, 1, 1, 1, 2, 2, 1, 1, 1, 1, 2, 2, 1, 1, 1, 1]","[0, 1, 1, 2, 1, 3, 3, 4, 4, 5, 5, 6, 6, 7, 7, 8, 8, 9, 9, 10, 8, 11, 11, 12, 11, 13, 13, 14, 6, 15, 15, 16, 15, 17, 10, 5, 13, 7]","[1, 0, 2, 1, 3, 1, 4, 3, 5, 4, 6, 5, 7, 6, 8, 7, 9, 8, 10, 9, 11, 8, 12, 11, 13, 11, 14, 13, 15, 6, 16, 15, 17, 15, 5, 10, 7, 13]",-2.6489777217
53,108,"[9, 9, 1, 1, 2, 1, 1, 2, 2, 1, 1, 1, 1, 1, 1, 8, 3, 3, 1, 1, 1, 1, 1, 1, 2, 2, 1, 1, 3, 2, 1, 1, 1, 3, 1, 1, 1, 1, 8, 3, 3, 3, 1, 1, 1, 8, 3, 3, 3, 1, 3, 1, 3]","[1, 1, 1, 1, 3, 3, 3, 3, 1, 1, 2, 2, 1, 1, 3, 3, 3, 3, 3, 3, 3, 3, 3, 3, 1, 1, 2, 2, 2, 2, 1, 1, 3, 3, 3, 3, 3, 3, 3, 3, 3, 3, 1, 1, 2, 2, 1, 1, 3, 3, 1, 1, 3, 3, 1, 1, 1, 1, 3, 3, 2, 2, 3, 3, 3, 3, 1, 1, 1, 1, 1, 1, 1, 1, 2, 2, 2, 2, 3, 3, 3, 3, 1, 1, 1, 1, 1, 1, 2, 2, 2, 2, 3, 3, 2, 2, 1, 1, 1, 1, 3, 3, 3, 3, 3, 3, 3, 3]","[2, 3, 3, 4, 4, 5, 5, 6, 6, 7, 7, 8, 8, 9, 9, 10, 10, 11, 11, 12, 12, 13, 13, 14, 12, 15, 15, 16, 15, 17, 15, 18, 18, 19, 19, 20, 20, 21, 21, 22, 22, 23, 21, 24, 24, 25, 25, 26, 26, 27, 27, 28, 27, 29, 29, 30, 30, 31, 29, 32, 32, 33, 32, 34, 34, 35, 35, 36, 34, 37, 37, 38, 38, 39, 38, 40, 38, 41, 6, 42, 42, 43, 43, 44, 44, 45, 45, 46, 45, 47, 45, 48, 43, 49, 49, 50, 42, 51, 5, 52, 49, 4, 14, 9, 23, 18, 35, 26]","[3, 2, 4, 3, 5, 4, 6, 5, 7, 6, 8, 7, 9, 8, 10, 9, 11, 10, 12, 11, 13, 12, 14, 13, 15, 12, 16, 15, 17, 15, 18, 15, 19, 18, 20, 19, 21, 20, 22, 21, 23, 22, 24, 21, 25, 24, 26, 25, 27, 26, 28, 27, 29, 27, 30, 29, 31, 30, 32, 29, 33, 32, 34, 32, 35, 34, 36, 35, 37, 34, 38, 37, 39, 38, 40, 38, 41, 38, 42, 6, 43, 42, 44, 43, 45, 44, 46, 45, 47, 45, 48, 45, 49, 43, 50, 49, 51, 42, 52, 5, 4, 49, 9, 14, 18, 23, 26, 35]",-2.1021873796
13,28,"[1, 1, 1, 1, 1, 1, 3, 1, 1, 1, 1, 1, 1]","[1, 1, 1, 1, 1, 1, 1, 1, 1, 1, 1, 1, 1, 1, 3, 3, 3, 3, 3, 3, 3, 3, 3, 3, 1, 1, 3, 3]","[0, 1, 1, 2, 2, 3, 3, 4, 3, 5, 5, 6, 3, 7, 7, 8, 8, 9, 9, 10, 10, 11, 11, 12, 6, 1, 12, 7]","[1, 0, 2, 1, 3, 2, 4, 3, 5, 3, 6, 5, 7, 3, 8, 7, 9, 8, 10, 9, 11, 10, 12, 11, 1, 6, 7, 12]",-2.4332379452
27,60,"[3, 1, 3, 1, 1, 1, 3, 1, 1, 1, 1, 1, 3, 3, 1, 1, 1, 3, 1, 1, 1, 3, 3, 1, 1, 1, 3]","[2, 2, 1, 1, 1, 1, 1, 1, 1, 1, 1, 1, 1, 1, 3, 3, 3, 3, 3, 3, 1, 1, 2, 2, 1, 1, 1, 1, 1, 1, 1, 1, 1, 1, 3, 3, 3, 3, 1, 1, 2, 2, 1, 1, 1, 1, 1, 1, 1, 1, 1, 1, 1, 1, 3, 3, 1, 1, 1, 1]","[0, 1, 1, 2, 2, 3, 3, 4, 4, 5, 5, 6, 1, 7, 7, 8, 8, 9, 9, 10, 10, 11, 11, 12, 11, 13, 13, 14, 14, 15, 15, 16, 16, 17, 10, 18, 18, 19, 18, 20, 20, 21, 20, 22, 22, 23, 23, 24, 24, 25, 25, 26, 6, 4, 19, 7, 17, 15, 26, 24]","[1, 0, 2, 1, 3, 2, 4, 3, 5, 4, 6, 5, 7, 1, 8, 7, 9, 8, 10, 9, 11, 10, 12, 11, 13, 11, 14, 13, 15, 14, 16, 15, 17, 16, 18, 10, 19, 18, 20, 18, 21, 20, 22, 20, 23, 22, 24, 23, 25, 24, 26, 25, 4, 6, 7, 19, 15, 17, 24, 26]",-2.7622964758
56,128,"[6, 1, 1, 1, 1, 3, 1, 1, 1, 1, 1, 1, 1, 3, 6, 1, 1, 1, 1, 3, 1, 1, 1, 1, 1, 1, 1, 3, 6, 1, 1, 1, 1, 3, 1, 1, 1, 1, 1, 1, 1, 3, 6, 1, 1, 1, 1, 3, 1, 1, 1, 1, 1, 1, 1, 3]","[1, 1, 3, 3, 3, 3, 3, 3, 1, 1, 1, 1, 1, 1, 1, 1, 1, 1, 3, 3, 1, 1, 1, 1, 1, 1, 1, 1, 3, 3, 3, 3, 3, 3, 1, 1, 1, 1, 1, 1, 1, 1, 1, 1, 3, 3, 1, 1, 1, 1, 1, 1, 1, 1, 3, 3, 3, 3, 3, 3, 1, 1, 1, 1, 1, 1, 1, 1, 1, 1, 3, 3, 1, 1, 1, 1, 1, 1, 1, 1, 3, 3, 3, 3, 3, 3, 1, 1, 1, 1, 1, 1, 1, 1, 1, 1, 3, 3, 1, 1, 1, 1, 1, 1, 3, 3, 3, 3, 1, 1, 3, 3, 3, 3, 1, 1, 3, 3, 3, 3, 1, 1, 3, 3, 3, 3, 1, 1]","[0, 1, 1, 2, 2, 3, 3, 4, 4, 5, 5, 6, 6, 7, 7, 8, 8, 9, 9, 10, 6, 11, 11, 12, 12, 13, 14, 15, 15, 16, 16, 17, 17, 18, 18, 19, 19, 20, 20, 21, 21, 22, 22, 23, 23, 24, 20, 25, 25, 26, 26, 27, 28, 29, 29, 30, 30, 31, 31, 32, 32, 33, 33, 34, 34, 35, 35, 36, 36, 37, 37, 38, 34, 39, 39, 40, 40, 41, 42, 43, 43, 44, 44, 45, 45, 46, 46, 47, 47, 48, 48, 49, 49, 50, 50, 51, 51, 52, 48, 53, 53, 54, 54, 55, 10, 1, 9, 4, 13, 11, 24, 15, 23, 18, 27, 25, 38, 29, 37, 32, 41, 39, 52, 43, 51, 46, 55, 53]","[1, 0, 2, 1, 3, 2, 4, 3, 5, 4, 6, 5, 7, 6, 8, 7, 9, 8, 10, 9, 11, 6, 12, 11, 13, 12, 15, 14, 16, 15, 17, 16, 18, 17, 19, 18, 20, 19, 21, 20, 22, 21, 23, 22, 24, 23, 25, 20, 26, 25, 27, 26, 29, 28, 30, 29, 31, 30, 32, 31, 33, 32, 34, 33, 35, 34, 36, 35, 37, 36, 38, 37, 39, 34, 40, 39, 41, 40, 43, 42, 44, 43, 45, 44, 46, 45, 47, 46, 48, 47, 49, 48, 50, 49, 51, 50, 52, 51, 53, 48, 54, 53, 55, 54, 1, 10, 4, 9, 11, 13, 15, 24, 18, 23, 25, 27, 29, 38, 32, 37, 39, 41, 43, 52, 46, 51, 53, 55]",-3.0521011765
15,32,"[2, 1, 1, 1, 1, 1, 1, 1, 1, 1, 1, 1, 1, 1, 1]","[4, 4, 1, 1, 2, 2, 1, 1, 1, 1, 1, 1, 1, 1, 1, 1, 1, 1, 3, 3, 3, 3, 3, 3, 3, 3, 3, 3, 1, 1, 3, 3]","[0, 1, 1, 2, 2, 3, 3, 4, 4, 5, 5, 6, 6, 7, 7, 8, 2, 9, 9, 10, 10, 11, 11, 12, 12, 13, 13, 14, 8, 3, 14, 9]","[1, 0, 2, 1, 3, 2, 4, 3, 5, 4, 6, 5, 7, 6, 8, 7, 9, 2, 10, 9, 11, 10, 12, 11, 13, 12, 14, 13, 3, 8, 9, 14]",-4.4200239973
18,38,"[3, 1, 1, 1, 1, 1, 1, 1, 3, 3, 1, 1, 1, 1, 1, 1, 1, 1]","[1, 1, 3, 3, 3, 3, 3, 3, 3, 3, 3, 3, 1, 1, 2, 2, 1, 1, 1, 1, 1, 1, 1, 1, 3, 3, 3, 3, 3, 3, 3, 3, 3, 3, 3, 3, 3, 3]","[0, 1, 1, 2, 2, 3, 3, 4, 4, 5, 5, 6, 6, 7, 7, 8, 7, 9, 9, 10, 10, 11, 11, 12, 12, 13, 13, 14, 14, 15, 15, 16, 16, 17, 6, 1, 17, 12]","[1, 0, 2, 1, 3, 2, 4, 3, 5, 4, 6, 5, 7, 6, 8, 7, 9, 7, 10, 9, 11, 10, 12, 11, 13, 12, 14, 13, 15, 14, 16, 15, 17, 16, 1, 6, 12, 17]",-4.4891053349000005
15,34,"[1, 1, 1, 1, 1, 1, 1, 1, 1, 1, 1, 1, 1, 1, 1]","[1, 1, 1, 1, 1, 1, 1, 1, 1, 1, 1, 1, 1, 1, 1, 1, 1, 1, 1, 1, 1, 1, 1, 1, 1, 1, 2, 2, 1, 1, 1, 1, 1, 1]","[0, 1, 1, 2, 1, 3, 3, 4, 4, 5, 5, 6, 6, 7, 6, 8, 8, 9, 9, 10, 10, 11, 11, 12, 11, 13, 13, 14, 12, 1, 13, 6, 12, 8]","[1, 0, 2, 1, 3, 1, 4, 3, 5, 4, 6, 5, 7, 6, 8, 6, 9, 8, 10, 9, 11, 10, 12, 11, 13, 11, 14, 13, 1, 12, 6, 13, 8, 12]",-4.412762427200001
83,166,"[9, 9, 9, 9, 9, 9, 2, 1, 1, 2, 2, 1, 1, 1, 2, 1, 2, 1, 4, 2, 1, 2, 1, 1, 1, 1, 1, 1, 8, 3, 3, 1, 1, 3, 8, 3, 3, 3, 2, 1, 1, 1, 8, 3, 3, 3, 1, 1, 1, 1, 1, 1, 2, 2, 1, 1, 1, 1, 1, 1, 1, 1, 1, 8, 3, 3, 3, 1, 8, 3, 3, 3, 1, 3, 1, 8, 3, 3, 3, 8, 3, 3, 3]","[1, 1, 3, 3, 1, 1, 2, 2, 1, 1, 3, 3, 3, 3, 1, 1, 1, 1, 3, 3, 3, 3, 1, 1, 3, 3, 3, 3, 1, 1, 1, 1, 3, 3, 3, 3, 3, 3, 3, 3, 3, 3, 1, 1, 2, 2, 2, 2, 1, 1, 1, 1, 1, 1, 1, 1, 1, 1, 2, 2, 2, 2, 3, 3, 3, 3, 3, 3, 3, 3, 1, 1, 1, 1, 2, 2, 2, 2, 3, 3, 3, 3, 3, 3, 3, 3, 3, 3, 3, 3, 1, 1, 2, 2, 1, 1, 3, 3, 3, 3, 3, 3, 3, 3, 3, 3, 3, 3, 3, 3, 3, 3, 1, 1, 1, 1, 2, 2, 2, 2, 3, 3, 1, 1, 1, 1, 2, 2, 2, 2, 3, 3, 1, 1, 3, 3, 1, 1, 1, 1, 2, 2, 2, 2, 1, 1, 1, 1, 2, 2, 2, 2, 3, 3, 3, 3, 3, 3, 3, 3, 3, 3, 3, 3, 3, 3]","[6, 7, 7, 8, 8, 9, 9, 10, 10, 11, 11, 12, 12, 13, 13, 14, 14, 15, 15, 16, 16, 17, 17, 18, 17, 19, 19, 20, 20, 21, 21, 22, 22, 23, 23, 24, 24, 25, 25, 26, 26, 27, 26, 28, 28, 29, 28, 30, 28, 31, 31, 32, 32, 33, 33, 34, 34, 35, 34, 36, 34, 37, 20, 38, 13, 39, 39, 40, 40, 41, 41, 42, 42, 43, 42, 44, 42, 45, 8, 46, 46, 47, 47, 48, 48, 49, 49, 50, 50, 51, 51, 52, 52, 53, 53, 54, 54, 55, 55, 56, 56, 57, 57, 58, 58, 59, 59, 60, 60, 61, 61, 62, 62, 63, 63, 64, 63, 65, 63, 66, 58, 67, 67, 68, 68, 69, 68, 70, 68, 71, 51, 72, 72, 73, 72, 74, 50, 75, 75, 76, 75, 77, 75, 78, 46, 79, 79, 80, 79, 81, 79, 82, 74, 7, 41, 11, 38, 15, 27, 22, 74, 48, 67, 54, 62, 57]","[7, 6, 8, 7, 9, 8, 10, 9, 11, 10, 12, 11, 13, 12, 14, 13, 15, 14, 16, 15, 17, 16, 18, 17, 19, 17, 20, 19, 21, 20, 22, 21, 23, 22, 24, 23, 25, 24, 26, 25, 27, 26, 28, 26, 29, 28, 30, 28, 31, 28, 32, 31, 33, 32, 34, 33, 35, 34, 36, 34, 37, 34, 38, 20, 39, 13, 40, 39, 41, 40, 42, 41, 43, 42, 44, 42, 45, 42, 46, 8, 47, 46, 48, 47, 49, 48, 50, 49, 51, 50, 52, 51, 53, 52, 54, 53, 55, 54, 56, 55, 57, 56, 58, 57, 59, 58, 60, 59, 61, 60, 62, 61, 63, 62, 64, 63, 65, 63, 66, 63, 67, 58, 68, 67, 69, 68, 70, 68, 71, 68, 72, 51, 73, 72, 74, 72, 75, 50, 76, 75, 77, 75, 78, 75, 79, 46, 80, 79, 81, 79, 82, 79, 7, 74, 11, 41, 15, 38, 22, 27, 48, 74, 54, 67, 57, 62]",-1.277021164
18,36,"[3, 1, 1, 1, 1, 1, 1, 1, 1, 1, 1, 1, 1, 3, 3, 1, 1, 3]","[2, 2, 1, 1, 1, 1, 1, 1, 1, 1, 1, 1, 1, 1, 1, 1, 1, 1, 1, 1, 1, 1, 1, 1, 2, 2, 1, 1, 1, 1, 1, 1, 1, 1, 1, 1]","[0, 1, 1, 2, 2, 3, 3, 4, 4, 5, 5, 6, 6, 7, 7, 8, 8, 9, 9, 10, 10, 11, 11, 12, 12, 13, 12, 14, 14, 15, 15, 16, 16, 17, 17, 1]","[1, 0, 2, 1, 3, 2, 4, 3, 5, 4, 6, 5, 7, 6, 8, 7, 9, 8, 10, 9, 11, 10, 12, 11, 13, 12, 14, 12, 15, 14, 16, 15, 17, 16, 1, 17]",-3.533758505
20,44,"[3, 1, 3, 1, 1, 1, 3, 1, 1, 1, 1, 1, 1, 1, 3, 3, 1, 1, 1, 3]","[2, 2, 1, 1, 1, 1, 1, 1, 1, 1, 1, 1, 1, 1, 3, 3, 3, 3, 3, 3, 3, 3, 3, 3, 1, 1, 2, 2, 1, 1, 1, 1, 1, 1, 1, 1, 1, 1, 1, 1, 3, 3, 1, 1]","[0, 1, 1, 2, 2, 3, 3, 4, 4, 5, 5, 6, 1, 7, 7, 8, 8, 9, 9, 10, 10, 11, 11, 12, 10, 13, 13, 14, 13, 15, 15, 16, 16, 17, 17, 18, 18, 19, 6, 4, 12, 7, 19, 17]","[1, 0, 2, 1, 3, 2, 4, 3, 5, 4, 6, 5, 7, 1, 8, 7, 9, 8, 10, 9, 11, 10, 12, 11, 13, 10, 14, 13, 15, 13, 16, 15, 17, 16, 18, 17, 19, 18, 4, 6, 7, 12, 17, 19]",-3.5579600556
15,32,"[1, 1, 1, 1, 1, 1, 3, 1, 1, 1, 1, 1, 1, 1, 1]","[1, 1, 1, 1, 1, 1, 1, 1, 1, 1, 1, 1, 1, 1, 1, 1, 1, 1, 3, 3, 3, 3, 3, 3, 3, 3, 3, 3, 1, 1, 3, 3]","[0, 1, 1, 2, 2, 3, 3, 4, 4, 5, 3, 6, 6, 7, 7, 8, 8, 9, 9, 10, 10, 11, 11, 12, 12, 13, 13, 14, 5, 0, 14, 9]","[1, 0, 2, 1, 3, 2, 4, 3, 5, 4, 6, 3, 7, 6, 8, 7, 9, 8, 10, 9, 11, 10, 12, 11, 13, 12, 14, 13, 0, 5, 9, 14]",-2.4180900548
28,62,"[3, 8, 3, 3, 1, 1, 1, 1, 1, 1, 1, 2, 1, 1, 1, 1, 1, 1, 1, 1, 2, 1, 1, 1, 1, 1, 1, 1]","[1, 1, 2, 2, 2, 2, 1, 1, 3, 3, 3, 3, 3, 3, 3, 3, 3, 3, 3, 3, 1, 1, 1, 1, 3, 3, 3, 3, 3, 3, 3, 3, 3, 3, 3, 3, 3, 3, 1, 1, 1, 1, 3, 3, 3, 3, 3, 3, 3, 3, 3, 3, 3, 3, 3, 3, 3, 3, 3, 3, 3, 3]","[0, 1, 1, 2, 1, 3, 1, 4, 4, 5, 5, 6, 6, 7, 7, 8, 8, 9, 9, 10, 10, 11, 11, 12, 12, 13, 13, 14, 14, 15, 15, 16, 16, 17, 10, 18, 18, 19, 19, 20, 20, 21, 21, 22, 22, 23, 23, 24, 24, 25, 25, 26, 19, 27, 27, 4, 27, 8, 17, 12, 26, 21]","[1, 0, 2, 1, 3, 1, 4, 1, 5, 4, 6, 5, 7, 6, 8, 7, 9, 8, 10, 9, 11, 10, 12, 11, 13, 12, 14, 13, 15, 14, 16, 15, 17, 16, 18, 10, 19, 18, 20, 19, 21, 20, 22, 21, 23, 22, 24, 23, 25, 24, 26, 25, 27, 19, 4, 27, 8, 27, 12, 17, 21, 26]",-4.6725029066
9,20,"[1, 1, 1, 1, 1, 1, 1, 1, 1]","[1, 1, 2, 2, 1, 1, 1, 1, 1, 1, 1, 1, 1, 1, 2, 2, 1, 1, 1, 1]","[0, 1, 1, 2, 2, 3, 3, 4, 4, 5, 5, 6, 6, 7, 7, 8, 6, 2, 8, 4]","[1, 0, 2, 1, 3, 2, 4, 3, 5, 4, 6, 5, 7, 6, 8, 7, 2, 6, 4, 8]",-3.1767964148
34,70,"[2, 1, 2, 1, 1, 1, 1, 4, 1, 1, 2, 1, 2, 2, 1, 1, 1, 1, 1, 1, 2, 1, 2, 2, 1, 2, 2, 1, 1, 1, 1, 4, 1, 1]","[1, 1, 1, 1, 1, 1, 3, 3, 3, 3, 3, 3, 1, 1, 3, 3, 3, 3, 2, 2, 1, 1, 1, 1, 2, 2, 1, 1, 1, 1, 1, 1, 1, 1, 1, 1, 1, 1, 1, 1, 2, 2, 1, 1, 1, 1, 2, 2, 1, 1, 1, 1, 1, 1, 3, 3, 3, 3, 3, 3, 1, 1, 3, 3, 3, 3, 3, 3, 3, 3]","[0, 1, 1, 2, 2, 3, 3, 4, 4, 5, 5, 6, 6, 7, 6, 8, 8, 9, 1, 10, 10, 11, 11, 12, 11, 13, 13, 14, 14, 15, 15, 16, 16, 17, 17, 18, 18, 19, 19, 20, 20, 21, 21, 22, 21, 23, 23, 24, 24, 25, 24, 26, 26, 27, 27, 28, 28, 29, 29, 30, 30, 31, 30, 32, 32, 33, 9, 3, 33, 27]","[1, 0, 2, 1, 3, 2, 4, 3, 5, 4, 6, 5, 7, 6, 8, 6, 9, 8, 10, 1, 11, 10, 12, 11, 13, 11, 14, 13, 15, 14, 16, 15, 17, 16, 18, 17, 19, 18, 20, 19, 21, 20, 22, 21, 23, 21, 24, 23, 25, 24, 26, 24, 27, 26, 28, 27, 29, 28, 30, 29, 31, 30, 32, 30, 33, 32, 3, 9, 27, 33]",-2.8005950876
100,212,"[18, 1, 1, 2, 1, 1, 1, 1, 1, 1, 1, 1, 3, 1, 1, 1, 1, 1, 1, 1, 1, 1, 1, 1, 1, 1, 1, 3, 3, 2, 1, 1, 1, 1, 1, 1, 1, 3, 1, 1, 1, 2, 8, 3, 3, 1, 1, 1, 1, 3, 1, 1, 2, 2, 1, 1, 1, 2, 2, 1, 3, 1, 1, 1, 1, 1, 1, 1, 1, 1, 3, 1, 1, 1, 2, 8, 3, 3, 1, 1, 1, 1, 3, 1, 1, 2, 2, 1, 1, 1, 2, 2, 1, 3, 1, 1, 1, 1, 1, 1]","[1, 1, 1, 1, 1, 1, 1, 1, 1, 1, 3, 3, 3, 3, 3, 3, 3, 3, 3, 3, 3, 3, 3, 3, 3, 3, 3, 3, 3, 3, 3, 3, 3, 3, 3, 3, 1, 1, 3, 3, 3, 3, 3, 3, 3, 3, 3, 3, 1, 1, 1, 1, 2, 2, 1, 1, 1, 1, 1, 1, 1, 1, 1, 1, 1, 1, 1, 1, 1, 1, 1, 1, 1, 1, 1, 1, 1, 1, 1, 1, 2, 2, 2, 2, 1, 1, 3, 3, 3, 3, 3, 3, 1, 1, 3, 3, 3, 3, 1, 1, 2, 2, 1, 1, 3, 3, 1, 1, 3, 3, 3, 3, 3, 3, 1, 1, 1, 1, 3, 3, 3, 3, 3, 3, 3, 3, 3, 3, 1, 1, 1, 1, 1, 1, 1, 1, 1, 1, 1, 1, 1, 1, 1, 1, 2, 2, 2, 2, 1, 1, 3, 3, 3, 3, 3, 3, 1, 1, 3, 3, 3, 3, 1, 1, 2, 2, 1, 1, 3, 3, 1, 1, 3, 3, 3, 3, 3, 3, 1, 1, 1, 1, 3, 3, 3, 3, 3, 3, 3, 3, 3, 3, 3, 3, 3, 3, 3, 3, 3, 3, 3, 3, 3, 3, 3, 3, 3, 3, 3, 3, 3, 3]","[1, 2, 2, 3, 3, 4, 4, 5, 3, 6, 6, 7, 7, 8, 8, 9, 9, 10, 10, 11, 10, 12, 12, 13, 13, 14, 14, 15, 15, 16, 16, 17, 17, 18, 18, 19, 19, 20, 20, 21, 21, 22, 22, 23, 23, 24, 24, 25, 25, 26, 26, 27, 26, 28, 15, 29, 29, 30, 30, 31, 29, 32, 32, 33, 34, 35, 35, 36, 35, 37, 37, 38, 38, 39, 39, 40, 40, 41, 41, 42, 42, 43, 42, 44, 42, 45, 45, 46, 46, 47, 47, 48, 48, 49, 48, 50, 50, 51, 50, 52, 52, 53, 53, 54, 54, 55, 55, 56, 55, 57, 57, 58, 58, 59, 59, 60, 58, 61, 61, 62, 62, 63, 63, 64, 64, 65, 65, 66, 67, 68, 68, 69, 68, 70, 70, 71, 71, 72, 72, 73, 73, 74, 74, 75, 75, 76, 75, 77, 75, 78, 78, 79, 79, 80, 80, 81, 81, 82, 81, 83, 83, 84, 83, 85, 85, 86, 86, 87, 87, 88, 88, 89, 88, 90, 90, 91, 91, 92, 92, 93, 91, 94, 94, 95, 95, 96, 96, 97, 97, 98, 98, 99, 11, 6, 19, 9, 18, 13, 25, 20, 51, 45, 59, 54, 66, 61, 84, 78, 92, 87, 99, 94]","[2, 1, 3, 2, 4, 3, 5, 4, 6, 3, 7, 6, 8, 7, 9, 8, 10, 9, 11, 10, 12, 10, 13, 12, 14, 13, 15, 14, 16, 15, 17, 16, 18, 17, 19, 18, 20, 19, 21, 20, 22, 21, 23, 22, 24, 23, 25, 24, 26, 25, 27, 26, 28, 26, 29, 15, 30, 29, 31, 30, 32, 29, 33, 32, 35, 34, 36, 35, 37, 35, 38, 37, 39, 38, 40, 39, 41, 40, 42, 41, 43, 42, 44, 42, 45, 42, 46, 45, 47, 46, 48, 47, 49, 48, 50, 48, 51, 50, 52, 50, 53, 52, 54, 53, 55, 54, 56, 55, 57, 55, 58, 57, 59, 58, 60, 59, 61, 58, 62, 61, 63, 62, 64, 63, 65, 64, 66, 65, 68, 67, 69, 68, 70, 68, 71, 70, 72, 71, 73, 72, 74, 73, 75, 74, 76, 75, 77, 75, 78, 75, 79, 78, 80, 79, 81, 80, 82, 81, 83, 81, 84, 83, 85, 83, 86, 85, 87, 86, 88, 87, 89, 88, 90, 88, 91, 90, 92, 91, 93, 92, 94, 91, 95, 94, 96, 95, 97, 96, 98, 97, 99, 98, 6, 11, 9, 19, 13, 18, 20, 25, 45, 51, 54, 59, 61, 66, 78, 84, 87, 92, 94, 99]",-3.2357622441000005
26,56,"[3, 1, 2, 1, 1, 1, 1, 1, 1, 2, 1, 1, 1, 1, 1, 1, 2, 8, 3, 3, 1, 1, 1, 1, 1, 1]","[2, 2, 1, 1, 1, 1, 3, 3, 3, 3, 3, 3, 3, 3, 3, 3, 1, 1, 1, 1, 3, 3, 3, 3, 3, 3, 3, 3, 3, 3, 1, 1, 1, 1, 2, 2, 2, 2, 1, 1, 3, 3, 3, 3, 3, 3, 3, 3, 3, 3, 3, 3, 3, 3, 3, 3]","[0, 1, 1, 2, 2, 3, 3, 4, 4, 5, 5, 6, 6, 7, 7, 8, 1, 9, 9, 10, 10, 11, 11, 12, 12, 13, 13, 14, 14, 15, 15, 16, 16, 17, 17, 18, 17, 19, 17, 20, 20, 21, 21, 22, 22, 23, 23, 24, 24, 25, 8, 3, 15, 10, 25, 20]","[1, 0, 2, 1, 3, 2, 4, 3, 5, 4, 6, 5, 7, 6, 8, 7, 9, 1, 10, 9, 11, 10, 12, 11, 13, 12, 14, 13, 15, 14, 16, 15, 17, 16, 18, 17, 19, 17, 20, 17, 21, 20, 22, 21, 23, 22, 24, 23, 25, 24, 3, 8, 10, 15, 20, 25]",-4.5784028785
31,64,"[9, 1, 1, 2, 1, 1, 1, 1, 1, 1, 1, 2, 2, 1, 1, 1, 4, 1, 1, 1, 4, 8, 3, 3, 2, 1, 1, 8, 3, 3, 3]","[1, 1, 2, 2, 1, 1, 3, 3, 3, 3, 3, 3, 3, 3, 3, 3, 1, 1, 2, 2, 1, 1, 1, 1, 3, 3, 3, 3, 1, 1, 3, 3, 3, 3, 3, 3, 1, 1, 1, 1, 2, 2, 2, 2, 1, 1, 1, 1, 1, 1, 1, 1, 1, 1, 2, 2, 2, 2, 1, 1, 3, 3, 3, 3]","[1, 2, 2, 3, 3, 4, 4, 5, 5, 6, 6, 7, 7, 8, 8, 9, 9, 10, 10, 11, 11, 12, 12, 13, 13, 14, 14, 15, 15, 16, 15, 17, 17, 18, 18, 19, 19, 20, 17, 21, 21, 22, 21, 23, 21, 24, 24, 25, 25, 26, 26, 27, 27, 28, 27, 29, 27, 30, 10, 2, 9, 4, 19, 13]","[2, 1, 3, 2, 4, 3, 5, 4, 6, 5, 7, 6, 8, 7, 9, 8, 10, 9, 11, 10, 12, 11, 13, 12, 14, 13, 15, 14, 16, 15, 17, 15, 18, 17, 19, 18, 20, 19, 21, 17, 22, 21, 23, 21, 24, 21, 25, 24, 26, 25, 27, 26, 28, 27, 29, 27, 30, 27, 2, 10, 4, 9, 13, 19]",-3.7561795168
21,44,"[1, 1, 1, 1, 1, 1, 1, 8, 3, 3, 1, 1, 2, 1, 1, 3, 2, 1, 8, 1, 2]","[1, 1, 3, 3, 3, 3, 3, 3, 3, 3, 3, 3, 1, 1, 2, 2, 2, 2, 1, 1, 2, 2, 1, 1, 1, 1, 1, 1, 2, 2, 1, 1, 1, 1, 2, 2, 1, 1, 4, 4, 3, 3, 1, 1]","[0, 1, 1, 2, 2, 3, 3, 4, 4, 5, 5, 6, 4, 7, 7, 8, 7, 9, 7, 10, 10, 11, 11, 12, 12, 13, 13, 14, 14, 15, 14, 16, 16, 17, 17, 18, 10, 19, 19, 20, 6, 1, 17, 12]","[1, 0, 2, 1, 3, 2, 4, 3, 5, 4, 6, 5, 7, 4, 8, 7, 9, 7, 10, 7, 11, 10, 12, 11, 13, 12, 14, 13, 15, 14, 16, 14, 17, 16, 18, 17, 19, 10, 20, 19, 1, 6, 12, 17]",-3.5292992951
42,88,"[9, 9, 2, 1, 1, 1, 1, 1, 1, 1, 2, 2, 1, 1, 1, 1, 2, 2, 1, 1, 1, 1, 1, 1, 3, 3, 1, 3, 1, 1, 1, 1, 1, 1, 1, 3, 1, 1, 8, 3, 3, 3]","[1, 1, 3, 3, 3, 3, 3, 3, 3, 3, 3, 3, 3, 3, 1, 1, 2, 2, 1, 1, 3, 3, 3, 3, 3, 3, 1, 1, 2, 2, 1, 1, 3, 3, 3, 3, 3, 3, 3, 3, 1, 1, 1, 1, 2, 2, 3, 3, 1, 1, 3, 3, 3, 3, 3, 3, 3, 3, 3, 3, 3, 3, 3, 3, 1, 1, 3, 3, 3, 3, 1, 1, 1, 1, 2, 2, 2, 2, 3, 3, 3, 3, 3, 3, 3, 3, 3, 3]","[2, 3, 3, 4, 4, 5, 5, 6, 6, 7, 7, 8, 8, 9, 9, 10, 10, 11, 11, 12, 12, 13, 13, 14, 14, 15, 15, 16, 16, 17, 17, 18, 18, 19, 19, 20, 20, 21, 21, 22, 22, 23, 23, 24, 23, 25, 22, 26, 26, 27, 15, 28, 28, 29, 29, 30, 30, 31, 31, 32, 32, 33, 9, 34, 34, 35, 34, 36, 36, 37, 8, 38, 38, 39, 38, 40, 38, 41, 37, 3, 36, 6, 33, 12, 26, 18, 33, 28]","[3, 2, 4, 3, 5, 4, 6, 5, 7, 6, 8, 7, 9, 8, 10, 9, 11, 10, 12, 11, 13, 12, 14, 13, 15, 14, 16, 15, 17, 16, 18, 17, 19, 18, 20, 19, 21, 20, 22, 21, 23, 22, 24, 23, 25, 23, 26, 22, 27, 26, 28, 15, 29, 28, 30, 29, 31, 30, 32, 31, 33, 32, 34, 9, 35, 34, 36, 34, 37, 36, 38, 8, 39, 38, 40, 38, 41, 38, 3, 37, 6, 36, 12, 33, 18, 26, 28, 33]",-2.7868204517
40,90,"[1, 1, 1, 1, 2, 1, 1, 1, 1, 1, 1, 1, 1, 1, 3, 1, 1, 1, 1, 1, 2, 1, 1, 1, 1, 1, 1, 1, 1, 1, 3, 1, 3, 1, 1, 1, 1, 1, 1, 1]","[1, 1, 1, 1, 1, 1, 1, 1, 1, 1, 1, 1, 1, 1, 1, 1, 1, 1, 3, 3, 3, 3, 3, 3, 3, 3, 1, 1, 1, 1, 3, 3, 3, 3, 1, 1, 3, 3, 1, 1, 1, 1, 3, 3, 3, 3, 3, 3, 3, 3, 3, 3, 3, 3, 3, 3, 1, 1, 1, 1, 1, 1, 2, 2, 1, 1, 3, 3, 3, 3, 3, 3, 3, 3, 3, 3, 3, 3, 3, 3, 1, 1, 3, 3, 3, 3, 1, 1, 3, 3]","[0, 1, 1, 2, 2, 3, 3, 4, 4, 5, 5, 6, 6, 7, 7, 8, 4, 9, 9, 10, 10, 11, 11, 12, 12, 13, 13, 14, 14, 15, 15, 16, 16, 17, 17, 18, 17, 19, 19, 20, 20, 21, 21, 22, 22, 23, 23, 24, 24, 25, 25, 26, 19, 27, 27, 28, 28, 29, 29, 30, 30, 31, 31, 32, 31, 33, 33, 34, 34, 35, 35, 36, 36, 37, 37, 38, 13, 39, 39, 9, 29, 12, 28, 15, 26, 21, 38, 29, 38, 33]","[1, 0, 2, 1, 3, 2, 4, 3, 5, 4, 6, 5, 7, 6, 8, 7, 9, 4, 10, 9, 11, 10, 12, 11, 13, 12, 14, 13, 15, 14, 16, 15, 17, 16, 18, 17, 19, 17, 20, 19, 21, 20, 22, 21, 23, 22, 24, 23, 25, 24, 26, 25, 27, 19, 28, 27, 29, 28, 30, 29, 31, 30, 32, 31, 33, 31, 34, 33, 35, 34, 36, 35, 37, 36, 38, 37, 39, 13, 9, 39, 12, 29, 15, 28, 21, 26, 29, 38, 33, 38]",-7.4042503575
23,50,"[1, 3, 1, 1, 1, 1, 1, 1, 2, 1, 1, 2, 1, 1, 1, 1, 1, 1, 1, 1, 2, 3, 3]","[1, 1, 1, 1, 3, 3, 3, 3, 3, 3, 3, 3, 3, 3, 1, 1, 1, 1, 1, 1, 1, 1, 1, 1, 1, 1, 1, 1, 3, 3, 3, 3, 3, 3, 3, 3, 3, 3, 1, 1, 1, 1, 2, 2, 3, 3, 1, 1, 3, 3]","[0, 1, 1, 2, 2, 3, 3, 4, 4, 5, 5, 6, 6, 7, 5, 8, 8, 9, 9, 10, 10, 11, 11, 12, 12, 13, 11, 14, 14, 15, 15, 16, 16, 17, 17, 18, 18, 19, 17, 20, 20, 21, 20, 22, 7, 2, 13, 8, 19, 14]","[1, 0, 2, 1, 3, 2, 4, 3, 5, 4, 6, 5, 7, 6, 8, 5, 9, 8, 10, 9, 11, 10, 12, 11, 13, 12, 14, 11, 15, 14, 16, 15, 17, 16, 18, 17, 19, 18, 20, 17, 21, 20, 22, 20, 2, 7, 8, 13, 14, 19]",-6.9290130346000005
18,40,"[1, 1, 1, 1, 1, 1, 1, 1, 1, 1, 1, 1, 1, 1, 1, 1, 1, 1]","[3, 3, 3, 3, 3, 3, 3, 3, 3, 3, 1, 1, 3, 3, 3, 3, 3, 3, 3, 3, 3, 3, 1, 1, 3, 3, 3, 3, 3, 3, 3, 3, 3, 3, 3, 3, 3, 3, 3, 3]","[0, 1, 1, 2, 2, 3, 3, 4, 4, 5, 3, 6, 6, 7, 7, 8, 8, 9, 9, 10, 10, 11, 9, 12, 12, 13, 13, 14, 14, 15, 15, 16, 16, 17, 5, 0, 11, 6, 17, 12]","[1, 0, 2, 1, 3, 2, 4, 3, 5, 4, 6, 3, 7, 6, 8, 7, 9, 8, 10, 9, 11, 10, 12, 9, 13, 12, 14, 13, 15, 14, 16, 15, 17, 16, 0, 5, 6, 11, 12, 17]",-6.183335848
64,142,"[1, 3, 1, 1, 1, 3, 1, 1, 1, 3, 3, 1, 1, 1, 3, 1, 1, 1, 3, 1, 3, 1, 1, 1, 1, 1, 1, 1, 1, 3, 1, 1, 3, 1, 1, 1, 1, 3, 3, 1, 1, 1, 1, 1, 1, 1, 3, 1, 1, 3, 1, 1, 1, 1, 1, 1, 1, 1, 1, 1, 1, 1, 3, 1]","[1, 1, 1, 1, 1, 1, 1, 1, 1, 1, 1, 1, 1, 1, 1, 1, 1, 1, 1, 1, 1, 1, 1, 1, 1, 1, 1, 1, 1, 1, 1, 1, 1, 1, 1, 1, 1, 1, 1, 1, 1, 1, 1, 1, 1, 1, 1, 1, 2, 2, 1, 1, 2, 2, 1, 1, 1, 1, 1, 1, 1, 1, 1, 1, 1, 1, 2, 2, 1, 1, 1, 1, 2, 2, 1, 1, 1, 1, 1, 1, 1, 1, 1, 1, 1, 1, 2, 2, 1, 1, 1, 1, 1, 1, 1, 1, 1, 1, 1, 1, 1, 1, 1, 1, 1, 1, 2, 2, 1, 1, 1, 1, 1, 1, 1, 1, 1, 1, 1, 1, 1, 1, 1, 1, 1, 1, 1, 1, 1, 1, 1, 1, 1, 1, 1, 1, 1, 1, 1, 1, 1, 1]","[0, 1, 1, 2, 2, 3, 3, 4, 4, 5, 5, 6, 6, 7, 6, 8, 8, 9, 4, 10, 10, 11, 11, 12, 12, 13, 12, 14, 14, 15, 15, 16, 16, 17, 17, 18, 18, 19, 15, 20, 20, 21, 21, 22, 22, 23, 22, 24, 24, 25, 25, 26, 26, 27, 27, 28, 28, 29, 29, 30, 30, 31, 31, 32, 31, 33, 33, 34, 34, 35, 35, 36, 36, 37, 36, 38, 38, 39, 39, 40, 40, 41, 41, 42, 42, 43, 43, 44, 44, 45, 41, 46, 46, 47, 47, 48, 47, 49, 49, 50, 50, 51, 51, 52, 51, 53, 53, 54, 50, 55, 55, 56, 56, 57, 57, 58, 58, 59, 59, 60, 35, 61, 61, 62, 33, 63, 8, 2, 17, 11, 44, 21, 61, 27, 61, 30, 48, 39, 54, 47, 60, 55]","[1, 0, 2, 1, 3, 2, 4, 3, 5, 4, 6, 5, 7, 6, 8, 6, 9, 8, 10, 4, 11, 10, 12, 11, 13, 12, 14, 12, 15, 14, 16, 15, 17, 16, 18, 17, 19, 18, 20, 15, 21, 20, 22, 21, 23, 22, 24, 22, 25, 24, 26, 25, 27, 26, 28, 27, 29, 28, 30, 29, 31, 30, 32, 31, 33, 31, 34, 33, 35, 34, 36, 35, 37, 36, 38, 36, 39, 38, 40, 39, 41, 40, 42, 41, 43, 42, 44, 43, 45, 44, 46, 41, 47, 46, 48, 47, 49, 47, 50, 49, 51, 50, 52, 51, 53, 51, 54, 53, 55, 50, 56, 55, 57, 56, 58, 57, 59, 58, 60, 59, 61, 35, 62, 61, 63, 33, 2, 8, 11, 17, 21, 44, 27, 61, 30, 61, 39, 48, 47, 54, 55, 60]",-7.5558815137
58,116,"[1, 1, 1, 1, 1, 1, 1, 1, 1, 1, 1, 1, 1, 1, 1, 1, 1, 1, 3, 3, 1, 1, 1, 1, 1, 2, 1, 1, 1, 1, 1, 1, 1, 1, 1, 1, 1, 1, 1, 1, 1, 1, 1, 1, 1, 1, 3, 3, 1, 1, 1, 1, 1, 2, 1, 1, 1, 1]","[1, 1, 1, 1, 1, 1, 1, 1, 1, 1, 1, 1, 1, 1, 1, 1, 1, 1, 1, 1, 1, 1, 1, 1, 1, 1, 1, 1, 1, 1, 1, 1, 1, 1, 2, 2, 1, 1, 1, 1, 1, 1, 1, 1, 1, 1, 1, 1, 1, 1, 1, 1, 1, 1, 1, 1, 1, 1, 1, 1, 1, 1, 1, 1, 1, 1, 1, 1, 1, 1, 1, 1, 1, 1, 1, 1, 1, 1, 1, 1, 1, 1, 1, 1, 1, 1, 1, 1, 2, 2, 1, 1, 1, 1, 1, 1, 1, 1, 1, 1, 1, 1, 1, 1, 1, 1, 1, 1, 1, 1, 1, 1, 1, 1, 1, 1]","[0, 1, 1, 2, 2, 3, 3, 4, 4, 5, 5, 6, 6, 7, 7, 8, 8, 9, 9, 10, 10, 11, 11, 12, 12, 13, 13, 14, 14, 15, 15, 16, 16, 17, 17, 18, 17, 19, 19, 20, 20, 21, 21, 22, 22, 23, 22, 24, 22, 25, 25, 26, 26, 27, 26, 28, 26, 29, 30, 31, 31, 32, 32, 33, 33, 34, 34, 35, 35, 36, 36, 37, 37, 38, 38, 39, 39, 40, 40, 41, 41, 42, 42, 43, 43, 44, 44, 45, 45, 46, 45, 47, 47, 48, 48, 49, 49, 50, 50, 51, 50, 52, 50, 53, 53, 54, 54, 55, 54, 56, 54, 57, 29, 20, 57, 48]","[1, 0, 2, 1, 3, 2, 4, 3, 5, 4, 6, 5, 7, 6, 8, 7, 9, 8, 10, 9, 11, 10, 12, 11, 13, 12, 14, 13, 15, 14, 16, 15, 17, 16, 18, 17, 19, 17, 20, 19, 21, 20, 22, 21, 23, 22, 24, 22, 25, 22, 26, 25, 27, 26, 28, 26, 29, 26, 31, 30, 32, 31, 33, 32, 34, 33, 35, 34, 36, 35, 37, 36, 38, 37, 39, 38, 40, 39, 41, 40, 42, 41, 43, 42, 44, 43, 45, 44, 46, 45, 47, 45, 48, 47, 49, 48, 50, 49, 51, 50, 52, 50, 53, 50, 54, 53, 55, 54, 56, 54, 57, 54, 20, 29, 48, 57]",-6.214524895199999
12,24,"[1, 1, 1, 1, 1, 1, 1, 1, 1, 1, 1, 1]","[1, 1, 1, 1, 2, 2, 1, 1, 1, 1, 1, 1, 2, 2, 1, 1, 1, 1, 1, 1, 2, 2, 1, 1]","[0, 1, 1, 2, 2, 3, 3, 4, 4, 5, 5, 6, 6, 7, 7, 8, 8, 9, 9, 10, 10, 11, 11, 0]","[1, 0, 2, 1, 3, 2, 4, 3, 5, 4, 6, 5, 7, 6, 8, 7, 9, 8, 10, 9, 11, 10, 0, 11]",-5.3651562541
8,16,"[1, 1, 1, 1, 1, 1, 1, 1]","[1, 1, 1, 1, 2, 2, 1, 1, 1, 1, 1, 1, 2, 2, 1, 1]","[0, 1, 1, 2, 2, 3, 3, 4, 4, 5, 5, 6, 6, 7, 7, 0]","[1, 0, 2, 1, 3, 2, 4, 3, 5, 4, 6, 5, 7, 6, 0, 7]",-2.9659771733
33,68,"[1, 1, 2, 1, 1, 2, 1, 1, 1, 1, 1, 1, 1, 1, 1, 1, 1, 2, 2, 1, 1, 1, 1, 1, 1, 4, 2, 3, 3, 1, 1, 3, 3]","[1, 1, 1, 1, 1, 1, 1, 1, 1, 1, 3, 3, 3, 3, 3, 3, 3, 3, 3, 3, 1, 1, 3, 3, 3, 3, 3, 3, 3, 3, 3, 3, 1, 1, 2, 2, 1, 1, 3, 3, 3, 3, 3, 3, 3, 3, 3, 3, 1, 1, 1, 1, 1, 1, 2, 2, 1, 1, 1, 1, 2, 2, 3, 3, 3, 3, 3, 3]","[0, 1, 1, 2, 2, 3, 3, 4, 4, 5, 5, 6, 6, 7, 7, 8, 8, 9, 9, 10, 2, 11, 11, 12, 12, 13, 13, 14, 14, 15, 15, 16, 14, 17, 17, 18, 18, 19, 19, 20, 20, 21, 21, 22, 22, 23, 23, 24, 24, 25, 22, 26, 26, 27, 26, 28, 29, 30, 30, 31, 30, 32, 10, 5, 16, 11, 24, 19]","[1, 0, 2, 1, 3, 2, 4, 3, 5, 4, 6, 5, 7, 6, 8, 7, 9, 8, 10, 9, 11, 2, 12, 11, 13, 12, 14, 13, 15, 14, 16, 15, 17, 14, 18, 17, 19, 18, 20, 19, 21, 20, 22, 21, 23, 22, 24, 23, 25, 24, 26, 22, 27, 26, 28, 26, 30, 29, 31, 30, 32, 30, 5, 10, 11, 16, 19, 24]",-1.5218900849
21,44,"[5, 8, 1, 8, 1, 1, 1, 1, 1, 1, 2, 8, 1, 8, 1, 1, 1, 1, 1, 1, 2]","[1, 1, 3, 3, 3, 3, 3, 3, 3, 3, 3, 3, 3, 3, 3, 3, 3, 3, 1, 1, 3, 3, 3, 3, 3, 3, 3, 3, 3, 3, 3, 3, 3, 3, 3, 3, 3, 3, 3, 3, 3, 3, 3, 3]","[1, 2, 2, 3, 3, 4, 4, 5, 5, 6, 6, 7, 7, 8, 8, 9, 9, 10, 11, 12, 12, 13, 13, 14, 14, 15, 15, 16, 16, 17, 17, 18, 18, 19, 19, 20, 10, 2, 9, 4, 20, 12, 19, 14]","[2, 1, 3, 2, 4, 3, 5, 4, 6, 5, 7, 6, 8, 7, 9, 8, 10, 9, 12, 11, 13, 12, 14, 13, 15, 14, 16, 15, 17, 16, 18, 17, 19, 18, 20, 19, 2, 10, 4, 9, 12, 20, 14, 19]",-4.285895804
42,90,"[9, 1, 1, 1, 1, 1, 1, 2, 1, 1, 1, 1, 2, 1, 1, 3, 1, 1, 1, 1, 1, 1, 1, 3, 1, 8, 3, 3, 3, 1, 1, 1, 1, 2, 1, 3, 1, 1, 1, 1, 1, 1]","[1, 1, 3, 3, 3, 3, 1, 1, 3, 3, 1, 1, 1, 1, 3, 3, 3, 3, 3, 3, 1, 1, 3, 3, 1, 1, 2, 2, 1, 1, 3, 3, 3, 3, 3, 3, 3, 3, 3, 3, 1, 1, 2, 2, 1, 1, 1, 1, 1, 1, 2, 2, 2, 2, 3, 3, 1, 1, 3, 3, 1, 1, 1, 1, 1, 1, 2, 2, 1, 1, 3, 3, 3, 3, 3, 3, 3, 3, 3, 3, 3, 3, 3, 3, 3, 3, 3, 3, 3, 3]","[1, 2, 2, 3, 3, 4, 4, 5, 4, 6, 6, 7, 7, 8, 8, 9, 9, 10, 10, 11, 11, 12, 11, 13, 13, 14, 14, 15, 14, 16, 16, 17, 17, 18, 18, 19, 19, 20, 20, 21, 21, 22, 22, 23, 22, 24, 10, 25, 25, 26, 25, 27, 25, 28, 6, 29, 29, 30, 29, 31, 31, 32, 32, 33, 33, 34, 34, 35, 34, 36, 36, 37, 37, 38, 38, 39, 39, 40, 40, 41, 31, 2, 24, 8, 24, 13, 21, 16, 41, 36]","[2, 1, 3, 2, 4, 3, 5, 4, 6, 4, 7, 6, 8, 7, 9, 8, 10, 9, 11, 10, 12, 11, 13, 11, 14, 13, 15, 14, 16, 14, 17, 16, 18, 17, 19, 18, 20, 19, 21, 20, 22, 21, 23, 22, 24, 22, 25, 10, 26, 25, 27, 25, 28, 25, 29, 6, 30, 29, 31, 29, 32, 31, 33, 32, 34, 33, 35, 34, 36, 34, 37, 36, 38, 37, 39, 38, 40, 39, 41, 40, 2, 31, 8, 24, 13, 24, 16, 21, 36, 41]",-1.4396051212999998
15,34,"[3, 7, 3, 1, 1, 1, 1, 1, 1, 1, 1, 1, 1, 1, 1]","[2, 2, 3, 3, 3, 3, 3, 3, 3, 3, 3, 3, 3, 3, 3, 3, 3, 3, 3, 3, 3, 3, 3, 3, 3, 3, 3, 3, 3, 3, 3, 3, 3, 3]","[0, 1, 1, 2, 2, 3, 3, 4, 4, 5, 5, 6, 6, 7, 7, 8, 8, 9, 9, 10, 10, 11, 11, 12, 12, 13, 13, 14, 14, 1, 8, 3, 14, 9]","[1, 0, 2, 1, 3, 2, 4, 3, 5, 4, 6, 5, 7, 6, 8, 7, 9, 8, 10, 9, 11, 10, 12, 11, 13, 12, 14, 13, 1, 14, 3, 8, 9, 14]",-1.7796231349
18,40,"[1, 1, 1, 1, 1, 1, 1, 3, 1, 1, 1, 3, 1, 3, 1, 1, 1, 3]","[1, 1, 1, 1, 1, 1, 1, 1, 1, 1, 1, 1, 1, 1, 1, 1, 1, 1, 1, 1, 1, 1, 1, 1, 1, 1, 1, 1, 1, 1, 1, 1, 1, 1, 1, 1, 1, 1, 1, 1]","[0, 1, 1, 2, 2, 3, 3, 4, 4, 5, 5, 6, 6, 7, 7, 8, 8, 9, 9, 10, 10, 11, 2, 12, 12, 13, 13, 14, 14, 15, 15, 16, 16, 17, 5, 0, 11, 9, 17, 15]","[1, 0, 2, 1, 3, 2, 4, 3, 5, 4, 6, 5, 7, 6, 8, 7, 9, 8, 10, 9, 11, 10, 12, 2, 13, 12, 14, 13, 15, 14, 16, 15, 17, 16, 0, 5, 9, 11, 15, 17]",-1.8357972344
58,120,"[9, 9, 1, 1, 1, 1, 1, 1, 1, 1, 1, 1, 1, 1, 2, 1, 2, 1, 4, 2, 1, 2, 1, 1, 1, 1, 1, 3, 1, 2, 2, 1, 1, 1, 1, 1, 1, 2, 2, 1, 1, 1, 1, 1, 1, 8, 3, 3, 3, 1, 1, 1, 1, 8, 3, 3, 3, 2]","[1, 1, 1, 1, 1, 1, 1, 1, 1, 1, 1, 1, 1, 1, 1, 1, 1, 1, 1, 1, 1, 1, 1, 1, 1, 1, 3, 3, 3, 3, 1, 1, 3, 3, 3, 3, 1, 1, 1, 1, 3, 3, 3, 3, 3, 3, 3, 3, 1, 1, 3, 3, 1, 1, 2, 2, 1, 1, 3, 3, 3, 3, 3, 3, 3, 3, 3, 3, 1, 1, 2, 2, 1, 1, 3, 3, 3, 3, 3, 3, 3, 3, 3, 3, 1, 1, 1, 1, 2, 2, 2, 2, 3, 3, 3, 3, 3, 3, 3, 3, 1, 1, 1, 1, 2, 2, 2, 2, 3, 3, 3, 3, 3, 3, 3, 3, 3, 3, 3, 3]","[2, 3, 3, 4, 4, 5, 5, 6, 6, 7, 7, 8, 8, 9, 9, 10, 10, 11, 11, 12, 12, 13, 13, 14, 14, 15, 15, 16, 16, 17, 17, 18, 17, 19, 19, 20, 20, 21, 21, 22, 22, 23, 23, 24, 24, 25, 25, 26, 26, 27, 26, 28, 28, 29, 29, 30, 30, 31, 31, 32, 32, 33, 33, 34, 34, 35, 35, 36, 34, 37, 37, 38, 38, 39, 39, 40, 40, 41, 41, 42, 42, 43, 43, 44, 42, 45, 45, 46, 45, 47, 45, 48, 28, 49, 49, 50, 50, 51, 51, 52, 49, 53, 53, 54, 53, 55, 53, 56, 20, 57, 57, 15, 52, 22, 51, 25, 36, 31, 44, 39]","[3, 2, 4, 3, 5, 4, 6, 5, 7, 6, 8, 7, 9, 8, 10, 9, 11, 10, 12, 11, 13, 12, 14, 13, 15, 14, 16, 15, 17, 16, 18, 17, 19, 17, 20, 19, 21, 20, 22, 21, 23, 22, 24, 23, 25, 24, 26, 25, 27, 26, 28, 26, 29, 28, 30, 29, 31, 30, 32, 31, 33, 32, 34, 33, 35, 34, 36, 35, 37, 34, 38, 37, 39, 38, 40, 39, 41, 40, 42, 41, 43, 42, 44, 43, 45, 42, 46, 45, 47, 45, 48, 45, 49, 28, 50, 49, 51, 50, 52, 51, 53, 49, 54, 53, 55, 53, 56, 53, 57, 20, 15, 57, 22, 52, 25, 51, 31, 36, 39, 44]",-3.358911212
63,126,"[9, 9, 9, 9, 2, 1, 3, 2, 1, 1, 1, 2, 1, 2, 1, 4, 2, 1, 2, 1, 1, 1, 1, 1, 1, 8, 3, 3, 1, 1, 3, 8, 3, 3, 3, 2, 1, 1, 1, 2, 2, 1, 1, 1, 1, 1, 1, 1, 1, 8, 3, 3, 3, 8, 3, 3, 3, 1, 1, 8, 3, 3, 3]","[1, 1, 2, 2, 1, 1, 1, 1, 3, 3, 3, 3, 1, 1, 1, 1, 3, 3, 3, 3, 1, 1, 3, 3, 3, 3, 1, 1, 1, 1, 3, 3, 3, 3, 3, 3, 3, 3, 3, 3, 1, 1, 2, 2, 2, 2, 1, 1, 1, 1, 1, 1, 1, 1, 1, 1, 2, 2, 2, 2, 3, 3, 3, 3, 3, 3, 3, 3, 1, 1, 2, 2, 1, 1, 3, 3, 3, 3, 3, 3, 3, 3, 3, 3, 3, 3, 3, 3, 1, 1, 1, 1, 2, 2, 2, 2, 1, 1, 1, 1, 2, 2, 2, 2, 3, 3, 3, 3, 1, 1, 1, 1, 2, 2, 2, 2, 3, 3, 3, 3, 3, 3, 3, 3, 3, 3]","[4, 5, 5, 6, 5, 7, 7, 8, 8, 9, 9, 10, 10, 11, 11, 12, 12, 13, 13, 14, 14, 15, 14, 16, 16, 17, 17, 18, 18, 19, 19, 20, 20, 21, 21, 22, 22, 23, 23, 24, 23, 25, 25, 26, 25, 27, 25, 28, 28, 29, 29, 30, 30, 31, 31, 32, 31, 33, 31, 34, 17, 35, 10, 36, 36, 37, 37, 38, 38, 39, 39, 40, 40, 41, 41, 42, 42, 43, 43, 44, 44, 45, 45, 46, 46, 47, 47, 48, 48, 49, 49, 50, 49, 51, 49, 52, 46, 53, 53, 54, 53, 55, 53, 56, 44, 57, 57, 58, 58, 59, 59, 60, 59, 61, 59, 62, 38, 8, 35, 12, 24, 19, 58, 41, 48, 43]","[5, 4, 6, 5, 7, 5, 8, 7, 9, 8, 10, 9, 11, 10, 12, 11, 13, 12, 14, 13, 15, 14, 16, 14, 17, 16, 18, 17, 19, 18, 20, 19, 21, 20, 22, 21, 23, 22, 24, 23, 25, 23, 26, 25, 27, 25, 28, 25, 29, 28, 30, 29, 31, 30, 32, 31, 33, 31, 34, 31, 35, 17, 36, 10, 37, 36, 38, 37, 39, 38, 40, 39, 41, 40, 42, 41, 43, 42, 44, 43, 45, 44, 46, 45, 47, 46, 48, 47, 49, 48, 50, 49, 51, 49, 52, 49, 53, 46, 54, 53, 55, 53, 56, 53, 57, 44, 58, 57, 59, 58, 60, 59, 61, 59, 62, 59, 8, 38, 12, 35, 19, 24, 41, 58, 43, 48]",-0.4261364852
11,26,"[1, 1, 1, 1, 1, 1, 3, 1, 1, 1, 1]","[1, 1, 1, 1, 1, 1, 1, 1, 1, 1, 1, 1, 1, 1, 1, 1, 1, 1, 1, 1, 1, 1, 1, 1, 1, 1]","[0, 1, 1, 2, 1, 3, 3, 4, 4, 5, 5, 6, 6, 7, 7, 8, 7, 9, 9, 10, 9, 1, 10, 3, 7, 5]","[1, 0, 2, 1, 3, 1, 4, 3, 5, 4, 6, 5, 7, 6, 8, 7, 9, 7, 10, 9, 1, 9, 3, 10, 5, 7]",-2.5936884915
16,36,"[1, 1, 2, 1, 1, 3, 8, 1, 8, 1, 1, 1, 1, 1, 1, 2]","[1, 1, 1, 1, 1, 1, 1, 1, 1, 1, 1, 1, 1, 1, 3, 3, 3, 3, 3, 3, 3, 3, 3, 3, 3, 3, 3, 3, 3, 3, 1, 1, 3, 3, 3, 3]","[0, 1, 1, 2, 2, 3, 3, 4, 4, 5, 2, 6, 6, 7, 7, 8, 8, 9, 9, 10, 10, 11, 11, 12, 12, 13, 13, 14, 14, 15, 5, 0, 15, 7, 14, 9]","[1, 0, 2, 1, 3, 2, 4, 3, 5, 4, 6, 2, 7, 6, 8, 7, 9, 8, 10, 9, 11, 10, 12, 11, 13, 12, 14, 13, 15, 14, 0, 5, 7, 15, 9, 14]",-3.8109627954
49,108,"[1, 1, 1, 1, 1, 1, 1, 1, 1, 1, 1, 1, 1, 1, 1, 1, 1, 2, 2, 1, 1, 1, 1, 1, 1, 2, 1, 3, 1, 1, 1, 1, 1, 1, 1, 1, 1, 3, 1, 1, 2, 2, 1, 1, 1, 1, 1, 1, 2]","[1, 1, 1, 1, 1, 1, 1, 1, 1, 1, 1, 1, 1, 1, 1, 1, 3, 3, 3, 3, 1, 1, 1, 1, 3, 3, 3, 3, 3, 3, 3, 3, 1, 1, 3, 3, 3, 3, 3, 3, 3, 3, 3, 3, 3, 3, 3, 3, 3, 3, 3, 3, 1, 1, 1, 1, 1, 1, 1, 1, 1, 1, 1, 1, 1, 1, 1, 1, 1, 1, 3, 3, 1, 1, 3, 3, 3, 3, 1, 1, 3, 3, 3, 3, 3, 3, 3, 3, 3, 3, 3, 3, 3, 3, 3, 3, 3, 3, 3, 3, 3, 3, 3, 3, 3, 3, 3, 3]","[0, 1, 1, 2, 1, 3, 1, 4, 4, 5, 5, 6, 5, 7, 5, 8, 8, 9, 9, 10, 10, 11, 11, 12, 12, 13, 13, 14, 14, 15, 15, 16, 16, 17, 17, 18, 18, 19, 19, 20, 20, 21, 21, 22, 22, 23, 23, 24, 24, 25, 16, 26, 26, 27, 14, 28, 28, 29, 28, 30, 28, 31, 31, 32, 32, 33, 32, 34, 32, 35, 10, 36, 36, 37, 36, 38, 38, 39, 38, 40, 40, 41, 41, 42, 42, 43, 43, 44, 44, 45, 45, 46, 46, 47, 47, 48, 39, 8, 26, 12, 25, 17, 24, 19, 48, 40, 47, 42]","[1, 0, 2, 1, 3, 1, 4, 1, 5, 4, 6, 5, 7, 5, 8, 5, 9, 8, 10, 9, 11, 10, 12, 11, 13, 12, 14, 13, 15, 14, 16, 15, 17, 16, 18, 17, 19, 18, 20, 19, 21, 20, 22, 21, 23, 22, 24, 23, 25, 24, 26, 16, 27, 26, 28, 14, 29, 28, 30, 28, 31, 28, 32, 31, 33, 32, 34, 32, 35, 32, 36, 10, 37, 36, 38, 36, 39, 38, 40, 38, 41, 40, 42, 41, 43, 42, 44, 43, 45, 44, 46, 45, 47, 46, 48, 47, 8, 39, 12, 26, 17, 25, 19, 24, 40, 48, 42, 47]",-7.973715535399999
26,54,"[1, 1, 1, 1, 2, 1, 1, 1, 1, 1, 1, 1, 1, 1, 1, 1, 2, 1, 1, 1, 1, 1, 1, 1, 1, 1]","[1, 1, 1, 1, 1, 1, 1, 1, 2, 2, 1, 1, 2, 2, 1, 1, 3, 3, 3, 3, 3, 3, 3, 3, 3, 3, 1, 1, 1, 1, 1, 1, 2, 2, 1, 1, 2, 2, 1, 1, 3, 3, 3, 3, 3, 3, 3, 3, 3, 3, 3, 3, 3, 3]","[0, 1, 1, 2, 2, 3, 3, 4, 4, 5, 5, 6, 6, 7, 7, 8, 8, 9, 9, 10, 10, 11, 11, 12, 12, 13, 0, 14, 14, 15, 15, 16, 16, 17, 17, 18, 18, 19, 19, 20, 20, 21, 21, 22, 22, 23, 23, 24, 24, 25, 13, 8, 25, 20]","[1, 0, 2, 1, 3, 2, 4, 3, 5, 4, 6, 5, 7, 6, 8, 7, 9, 8, 10, 9, 11, 10, 12, 11, 13, 12, 14, 0, 15, 14, 16, 15, 17, 16, 18, 17, 19, 18, 20, 19, 21, 20, 22, 21, 23, 22, 24, 23, 25, 24, 8, 13, 20, 25]",-3.8937390711
35,72,"[1, 1, 1, 1, 2, 1, 1, 1, 1, 1, 1, 1, 1, 1, 1, 1, 1, 1, 1, 1, 3, 1, 1, 1, 1, 1, 1, 1, 1, 1, 1, 8, 3, 3, 3]","[1, 1, 1, 1, 1, 1, 1, 1, 1, 1, 1, 1, 1, 1, 1, 1, 1, 1, 1, 1, 1, 1, 1, 1, 1, 1, 1, 1, 3, 3, 3, 3, 3, 3, 3, 3, 3, 3, 1, 1, 3, 3, 3, 3, 3, 3, 3, 3, 3, 3, 3, 3, 3, 3, 3, 3, 3, 3, 1, 1, 1, 1, 2, 2, 2, 2, 3, 3, 3, 3, 3, 3]","[0, 1, 1, 2, 2, 3, 3, 4, 4, 5, 5, 6, 6, 7, 7, 8, 4, 9, 9, 10, 10, 11, 11, 12, 4, 13, 13, 14, 14, 15, 15, 16, 16, 17, 17, 18, 18, 19, 20, 21, 21, 22, 22, 23, 23, 24, 24, 25, 25, 26, 26, 27, 27, 28, 28, 29, 29, 30, 24, 31, 31, 32, 31, 33, 31, 34, 19, 14, 30, 21, 30, 25]","[1, 0, 2, 1, 3, 2, 4, 3, 5, 4, 6, 5, 7, 6, 8, 7, 9, 4, 10, 9, 11, 10, 12, 11, 13, 4, 14, 13, 15, 14, 16, 15, 17, 16, 18, 17, 19, 18, 21, 20, 22, 21, 23, 22, 24, 23, 25, 24, 26, 25, 27, 26, 28, 27, 29, 28, 30, 29, 31, 24, 32, 31, 33, 31, 34, 31, 14, 19, 21, 30, 25, 30]",-2.6418192727000003
10,20,"[1, 1, 1, 1, 1, 1, 1, 1, 1, 1]","[1, 1, 1, 1, 2, 2, 1, 1, 1, 1, 1, 1, 2, 2, 1, 1, 1, 1, 1, 1]","[0, 1, 1, 2, 1, 3, 3, 4, 4, 5, 5, 6, 6, 7, 7, 8, 6, 9, 8, 3]","[1, 0, 2, 1, 3, 1, 4, 3, 5, 4, 6, 5, 7, 6, 8, 7, 9, 6, 3, 8]",-4.2873429345
54,108,"[1, 1, 1, 1, 1, 3, 1, 1, 1, 1, 1, 1, 1, 1, 1, 1, 3, 1, 1, 1, 1, 1, 1, 1, 1, 3, 1, 1, 1, 1, 1, 1, 3, 1, 1, 1, 1, 1, 1, 1, 1, 1, 3, 1, 1, 1, 1, 1, 1, 1, 1, 1, 1, 3]","[1, 1, 3, 3, 3, 3, 3, 3, 1, 1, 3, 3, 1, 1, 3, 3, 1, 1, 3, 3, 3, 3, 3, 3, 1, 1, 3, 3, 1, 1, 3, 3, 1, 1, 3, 3, 3, 3, 1, 1, 3, 3, 3, 3, 1, 1, 3, 3, 1, 1, 3, 3, 3, 3, 3, 3, 1, 1, 3, 3, 3, 3, 1, 1, 1, 1, 3, 3, 3, 3, 3, 3, 3, 3, 1, 1, 3, 3, 1, 1, 1, 1, 3, 3, 3, 3, 3, 3, 3, 3, 1, 1, 3, 3, 1, 1, 3, 3, 3, 3, 3, 3, 3, 3, 3, 3, 3, 3]","[0, 1, 1, 2, 2, 3, 3, 4, 4, 5, 4, 6, 6, 7, 6, 8, 9, 10, 10, 11, 11, 12, 12, 13, 13, 14, 13, 15, 15, 16, 15, 17, 18, 19, 19, 20, 20, 21, 21, 22, 21, 23, 23, 24, 24, 25, 24, 26, 27, 28, 28, 29, 29, 30, 30, 31, 31, 32, 31, 33, 33, 34, 34, 35, 36, 37, 37, 38, 38, 39, 39, 40, 40, 41, 41, 42, 41, 43, 43, 44, 45, 46, 46, 47, 47, 48, 48, 49, 49, 50, 50, 51, 50, 52, 52, 53, 8, 1, 17, 10, 26, 19, 34, 28, 43, 37, 52, 46]","[1, 0, 2, 1, 3, 2, 4, 3, 5, 4, 6, 4, 7, 6, 8, 6, 10, 9, 11, 10, 12, 11, 13, 12, 14, 13, 15, 13, 16, 15, 17, 15, 19, 18, 20, 19, 21, 20, 22, 21, 23, 21, 24, 23, 25, 24, 26, 24, 28, 27, 29, 28, 30, 29, 31, 30, 32, 31, 33, 31, 34, 33, 35, 34, 37, 36, 38, 37, 39, 38, 40, 39, 41, 40, 42, 41, 43, 41, 44, 43, 46, 45, 47, 46, 48, 47, 49, 48, 50, 49, 51, 50, 52, 50, 53, 52, 1, 8, 10, 17, 19, 26, 28, 34, 37, 43, 46, 52]",-1.9803097957
25,52,"[3, 1, 3, 1, 1, 1, 3, 1, 1, 1, 3, 1, 3, 1, 1, 1, 1, 1, 1, 1, 1, 1, 1, 1, 1]","[2, 2, 1, 1, 1, 1, 1, 1, 1, 1, 1, 1, 1, 1, 1, 1, 1, 1, 1, 1, 1, 1, 2, 2, 1, 1, 3, 3, 3, 3, 3, 3, 3, 3, 3, 3, 1, 1, 3, 3, 3, 3, 3, 3, 3, 3, 3, 3, 3, 3, 3, 3]","[0, 1, 1, 2, 2, 3, 3, 4, 4, 5, 5, 6, 6, 7, 7, 8, 8, 9, 9, 10, 10, 11, 11, 12, 11, 13, 13, 14, 14, 15, 15, 16, 16, 17, 17, 18, 1, 19, 19, 20, 20, 21, 21, 22, 22, 23, 23, 24, 18, 13, 24, 19]","[1, 0, 2, 1, 3, 2, 4, 3, 5, 4, 6, 5, 7, 6, 8, 7, 9, 8, 10, 9, 11, 10, 12, 11, 13, 11, 14, 13, 15, 14, 16, 15, 17, 16, 18, 17, 19, 1, 20, 19, 21, 20, 22, 21, 23, 22, 24, 23, 13, 18, 19, 24]",-4.595502563999999
31,72,"[1, 3, 1, 1, 2, 1, 1, 1, 3, 1, 1, 1, 1, 1, 1, 1, 1, 1, 1, 1, 2, 1, 1, 1, 3, 1, 1, 1, 3, 1, 1]","[1, 1, 1, 1, 1, 1, 1, 1, 1, 1, 1, 1, 1, 1, 1, 1, 1, 1, 3, 3, 3, 3, 3, 3, 1, 1, 1, 1, 3, 3, 3, 3, 3, 3, 3, 3, 3, 3, 1, 1, 1, 1, 1, 1, 1, 1, 1, 1, 1, 1, 1, 1, 1, 1, 1, 1, 3, 3, 3, 3, 1, 1, 1, 1, 3, 3, 3, 3, 1, 1, 1, 1]","[0, 1, 1, 2, 2, 3, 3, 4, 4, 5, 5, 6, 6, 7, 7, 8, 4, 9, 9, 10, 10, 11, 11, 12, 12, 13, 13, 14, 14, 15, 15, 16, 16, 17, 17, 18, 18, 19, 17, 20, 20, 21, 21, 22, 22, 23, 23, 24, 20, 25, 25, 26, 26, 27, 27, 28, 12, 29, 29, 30, 2, 0, 8, 6, 30, 9, 19, 14, 24, 22, 28, 26]","[1, 0, 2, 1, 3, 2, 4, 3, 5, 4, 6, 5, 7, 6, 8, 7, 9, 4, 10, 9, 11, 10, 12, 11, 13, 12, 14, 13, 15, 14, 16, 15, 17, 16, 18, 17, 19, 18, 20, 17, 21, 20, 22, 21, 23, 22, 24, 23, 25, 20, 26, 25, 27, 26, 28, 27, 29, 12, 30, 29, 0, 2, 6, 8, 9, 30, 14, 19, 22, 24, 26, 28]",-4.6620645831
53,112,"[5, 1, 1, 1, 1, 1, 1, 1, 1, 1, 1, 1, 1, 1, 1, 1, 1, 1, 1, 1, 1, 3, 1, 1, 1, 3, 3, 1, 1, 1, 1, 1, 1, 1, 1, 1, 1, 1, 1, 1, 1, 1, 1, 1, 1, 1, 1, 3, 1, 1, 1, 3, 3]","[1, 1, 1, 1, 3, 3, 3, 3, 3, 3, 3, 3, 3, 3, 1, 1, 3, 3, 3, 3, 1, 1, 1, 1, 1, 1, 3, 3, 3, 3, 3, 3, 3, 3, 3, 3, 3, 3, 1, 1, 3, 3, 3, 3, 1, 1, 1, 1, 2, 2, 1, 1, 1, 1, 3, 3, 3, 3, 3, 3, 3, 3, 3, 3, 1, 1, 3, 3, 3, 3, 1, 1, 1, 1, 1, 1, 3, 3, 3, 3, 3, 3, 3, 3, 3, 3, 3, 3, 1, 1, 3, 3, 3, 3, 1, 1, 1, 1, 2, 2, 3, 3, 3, 3, 3, 3, 3, 3, 3, 3, 3, 3]","[1, 2, 2, 3, 3, 4, 4, 5, 5, 6, 6, 7, 7, 8, 2, 9, 9, 10, 10, 11, 11, 12, 12, 13, 12, 14, 14, 15, 15, 16, 16, 17, 17, 18, 18, 19, 11, 20, 20, 21, 20, 22, 22, 23, 22, 24, 24, 25, 24, 26, 27, 28, 28, 29, 29, 30, 30, 31, 31, 32, 32, 33, 33, 34, 28, 35, 35, 36, 36, 37, 37, 38, 38, 39, 38, 40, 40, 41, 41, 42, 42, 43, 43, 44, 44, 45, 37, 46, 46, 47, 46, 48, 48, 49, 48, 50, 50, 51, 50, 52, 8, 3, 23, 9, 19, 14, 34, 29, 49, 35, 45, 40]","[2, 1, 3, 2, 4, 3, 5, 4, 6, 5, 7, 6, 8, 7, 9, 2, 10, 9, 11, 10, 12, 11, 13, 12, 14, 12, 15, 14, 16, 15, 17, 16, 18, 17, 19, 18, 20, 11, 21, 20, 22, 20, 23, 22, 24, 22, 25, 24, 26, 24, 28, 27, 29, 28, 30, 29, 31, 30, 32, 31, 33, 32, 34, 33, 35, 28, 36, 35, 37, 36, 38, 37, 39, 38, 40, 38, 41, 40, 42, 41, 43, 42, 44, 43, 45, 44, 46, 37, 47, 46, 48, 46, 49, 48, 50, 48, 51, 50, 52, 50, 3, 8, 9, 23, 14, 19, 29, 34, 35, 49, 40, 45]",-3.9244090954
13,30,"[3, 1, 2, 1, 1, 1, 1, 1, 1, 1, 1, 1, 1]","[2, 2, 1, 1, 1, 1, 3, 3, 3, 3, 3, 3, 3, 3, 3, 3, 3, 3, 3, 3, 3, 3, 3, 3, 1, 1, 3, 3, 3, 3]","[0, 1, 1, 2, 2, 3, 3, 4, 4, 5, 5, 6, 6, 7, 7, 8, 8, 9, 9, 10, 10, 11, 11, 12, 11, 1, 12, 3, 12, 7]","[1, 0, 2, 1, 3, 2, 4, 3, 5, 4, 6, 5, 7, 6, 8, 7, 9, 8, 10, 9, 11, 10, 12, 11, 1, 11, 3, 12, 7, 12]",-3.2547670983
