epoch,train_column_penalty,train_mae,train_mse,train_rmse,train_row_penalty,val_column_penalty,val_mae,val_mse,val_rmse:,val_row_penalty,val_total
0,-261.16552734375,22.318065643310547,1597.7843017578125,39.972293853759766,24.222522735595703,-40.414302825927734,27.753175735473633,1694.588623046875,41.165382385253906,2.216426134109497,1694.588623046875
1,-261.18023681640625,23.845447540283203,2040.755859375,45.17472457885742,14.46140193939209,-40.8140869140625,30.27228355407715,2268.05712890625,47.624122619628906,1.8583173751831055,2268.05712890625
2,-261.3879699707031,31.69972801208496,4351.19482421875,65.96358489990234,14.088894844055176,-41.408058166503906,36.058258056640625,3178.880126953125,56.38155746459961,2.0459771156311035,3178.880126953125
3,-261.748779296875,32.33658218383789,5099.5361328125,71.4110336303711,15.158863067626953,-41.26920700073242,39.387168884277344,3824.71484375,61.84428024291992,1.5718458890914917,3824.71484375
4,-261.5894775390625,31.37710952758789,4783.28076171875,69.16127014160156,18.259342193603516,-41.164005279541016,37.29207229614258,3227.817138671875,56.813880920410156,2.0476462841033936,3227.817138671875
5,-261.3218688964844,29.973236083984375,4458.96630859375,66.7754898071289,18.403711318969727,-40.878875732421875,37.28904724121094,3125.9189453125,55.90991973876953,1.838797926902771,3125.9189453125
6,-261.9311218261719,25.811689376831055,3283.601806640625,57.30271911621094,18.10102081298828,-41.0012092590332,32.5920295715332,2340.00537109375,48.37360382080078,1.8055814504623413,2340.00537109375
7,-260.80731201171875,25.154325485229492,3428.827880859375,58.55619430541992,16.659578323364258,-41.11866760253906,33.780033111572266,2628.053955078125,51.264549255371094,1.0670928955078125,2628.053955078125
8,-261.6754150390625,24.026155471801758,3177.64208984375,56.37057876586914,17.507230758666992,-41.14554214477539,31.82622528076172,2541.119140625,50.409515380859375,1.0728771686553955,2541.119140625
9,-261.6045837402344,22.35015869140625,2500.955078125,50.00954818725586,17.344396591186523,-40.807437896728516,30.048376083374023,1907.8905029296875,43.679405212402344,1.0938764810562134,1907.8905029296875
10,-260.9773864746094,18.77571678161621,1559.014404296875,39.48435592651367,18.40060043334961,-41.03135681152344,25.286510467529297,1323.9888916015625,36.38665771484375,0.9155593514442444,1323.9888916015625
11,-261.47021484375,21.015235900878906,2265.56494140625,47.59794998168945,16.696697235107422,-41.10730743408203,26.741451263427734,1672.10986328125,40.891441345214844,1.1676417589187622,1672.10986328125
12,-261.1880187988281,19.835248947143555,1904.316162109375,43.63846969604492,18.734148025512695,-41.08159255981445,27.737079620361328,1769.2591552734375,42.06256103515625,1.408236026763916,1769.2591552734375
13,-261.5243835449219,25.815736770629883,3516.586669921875,59.30081558227539,21.024505615234375,-41.27309036254883,34.524879455566406,3363.695068359375,57.997371673583984,2.1934611797332764,3363.695068359375
14,-261.3407287597656,20.17221450805664,1971.45263671875,44.40104293823242,20.927759170532227,-41.216148376464844,24.3885440826416,1621.2308349609375,40.26451110839844,2.2351770401000977,1621.2308349609375
15,-261.6257019042969,18.21459197998047,1658.61572265625,40.726104736328125,23.076440811157227,-41.272891998291016,22.67582893371582,1329.4093017578125,36.46106719970703,2.531811475753784,1329.4093017578125
16,-262.0854797363281,17.506654739379883,1609.8726806640625,40.12321853637695,20.529502868652344,-41.25322723388672,22.690528869628906,1272.224365234375,35.66825485229492,2.71325945854187,1272.224365234375
17,-261.1712951660156,15.609269142150879,1143.0579833984375,33.809139251708984,21.304784774780273,-41.25140380859375,20.9688720703125,1110.35986328125,33.32206344604492,1.2047014236450195,1110.35986328125
18,-260.8818664550781,16.204158782958984,1415.5343017578125,37.62358856201172,22.379650115966797,-41.45705795288086,21.23624038696289,1197.5670166015625,34.60588073730469,1.3451025485992432,1197.5670166015625
19,-259.63079833984375,13.639046669006348,871.2088012695312,29.516246795654297,23.57985496520996,-41.37495040893555,18.711166381835938,829.05126953125,28.793251037597656,1.515283226966858,829.05126953125
20,-260.5045471191406,13.066123008728027,818.761474609375,28.6140079498291,24.632522583007812,-41.20984649658203,17.987024307250977,766.8992309570312,27.69294548034668,1.3256219625473022,766.8992309570312
21,-260.5317077636719,12.868517875671387,906.6289672851562,30.110280990600586,24.272111892700195,-41.09439468383789,17.610986709594727,802.6052856445312,28.330289840698242,1.5660406351089478,802.6052856445312
22,-261.8219299316406,11.963357925415039,681.2489013671875,26.100746154785156,21.17684555053711,-41.29106903076172,16.214757919311523,658.9176025390625,25.669389724731445,1.5370904207229614,658.9176025390625
23,-261.9586486816406,11.216741561889648,661.4288940429688,25.718259811401367,22.074966430664062,-41.19685745239258,15.267072677612305,613.9526977539062,24.77806854248047,2.4020731449127197,613.9526977539062
24,-262.3716125488281,10.617950439453125,579.26171875,24.067855834960938,21.97533416748047,-41.479820251464844,14.079026222229004,493.0381164550781,22.2044620513916,1.4989639520645142,493.0381164550781
25,-262.1933898925781,10.10835075378418,542.767578125,23.297372817993164,24.003408432006836,-41.43102264404297,14.033404350280762,477.4485168457031,21.850595474243164,1.3572325706481934,477.4485168457031
26,-261.9073486328125,10.177033424377441,535.9295654296875,23.1501522064209,22.677387237548828,-41.31023025512695,13.8823823928833,464.76544189453125,21.558420181274414,1.2999465465545654,464.76544189453125
27,-262.00390625,9.612465858459473,473.5775146484375,21.761837005615234,23.58570671081543,-41.37649154663086,12.999502182006836,422.810546875,20.56235694885254,2.5972275733947754,422.810546875
28,-261.9762268066406,10.031744003295898,552.7207641601562,23.510013580322266,23.95342254638672,-41.344581604003906,13.57761287689209,459.1372375488281,21.427488327026367,1.6392120122909546,459.1372375488281
29,-261.8580322265625,8.925848007202148,392.98095703125,19.823747634887695,23.755268096923828,-41.21613693237305,11.967299461364746,357.5158996582031,18.908090591430664,1.5720843076705933,357.5158996582031
30,-262.0636901855469,8.919243812561035,410.0330505371094,20.2492733001709,24.28251075744629,-41.206687927246094,11.512054443359375,333.3641357421875,18.258262634277344,1.8926215171813965,333.3641357421875
31,-261.9913330078125,8.153532028198242,339.2911071777344,18.419857025146484,27.11835479736328,-41.16474914550781,10.556035041809082,273.15289306640625,16.5273380279541,1.885353684425354,273.15289306640625
32,-262.1100769042969,8.00975513458252,348.2526550292969,18.661529541015625,28.95796012878418,-41.16262435913086,10.310218811035156,257.6766357421875,16.052309036254883,2.929344415664673,257.6766357421875
33,-262.6153564453125,7.6563262939453125,278.1413269042969,16.677570343017578,27.600587844848633,-40.89393997192383,10.110234260559082,243.6680145263672,15.609869003295898,2.2923364639282227,243.6680145263672
34,-262.22369384765625,7.781106472015381,303.2850341796875,17.415081024169922,29.439939498901367,-40.84714126586914,10.665450096130371,269.0364685058594,16.40233039855957,2.4234941005706787,269.0364685058594
35,-261.9613952636719,7.944594383239746,350.40374755859375,18.719074249267578,28.28751564025879,-40.864532470703125,10.511170387268066,270.3448486328125,16.442167282104492,2.175807237625122,270.3448486328125
36,-262.1457214355469,6.910755157470703,269.0888671875,16.403928756713867,27.623445510864258,-40.85934066772461,9.068633079528809,211.77655029296875,14.552544593811035,1.6816822290420532,211.77655029296875
37,-262.12847900390625,6.419534683227539,223.4260711669922,14.947443962097168,28.00178337097168,-40.873497009277344,8.629547119140625,183.30091857910156,13.538866996765137,2.250309944152832,183.30091857910156
38,-261.77056884765625,5.7110748291015625,125.44783020019531,11.200349807739258,27.407522201538086,-40.616981506347656,7.037353515625,103.66506958007812,10.181604385375977,1.4591553211212158,103.66506958007812
39,-262.0475769042969,6.118494987487793,173.80630493164062,13.183562278747559,30.30054473876953,-40.716552734375,8.24051284790039,151.3626251220703,12.30295181274414,1.8318036794662476,151.3626251220703
40,-262.10272216796875,5.530540943145752,146.24269104003906,12.093084335327148,31.75912094116211,-40.64991760253906,7.163000106811523,125.17070007324219,11.187971115112305,2.1065709590911865,125.17070007324219
41,-262.04193115234375,5.756875991821289,197.5342559814453,14.054688453674316,29.514631271362305,-40.76893997192383,7.366008281707764,168.9497833251953,12.998068809509277,1.6506065130233765,168.9497833251953
42,-261.8712158203125,5.05354118347168,134.75863647460938,11.608558654785156,29.778766632080078,-40.87903594970703,6.5366530418396,106.07763671875,10.299399375915527,2.0530953407287598,106.07763671875
43,-262.07684326171875,5.592982292175293,207.00054931640625,14.387514114379883,30.625728607177734,-40.92789077758789,7.203785419464111,137.9178009033203,11.743841171264648,3.160022258758545,137.9178009033203
44,-261.7104797363281,4.616274833679199,113.77486419677734,10.666529655456543,26.102712631225586,-40.817481994628906,5.932055950164795,78.9203872680664,8.88371467590332,2.8519771099090576,78.9203872680664
45,-261.2082824707031,4.883302211761475,138.41282653808594,11.764898300170898,28.306217193603516,-40.75773620605469,6.505598068237305,101.7567367553711,10.087454795837402,3.0552964210510254,101.7567367553711
46,-261.220947265625,4.512277603149414,121.3204574584961,11.014556884765625,26.921810150146484,-40.629615783691406,6.013446807861328,91.73332977294922,9.577752113342285,2.7467827796936035,91.73332977294922
47,-261.5580139160156,4.16752815246582,73.80718994140625,8.591111183166504,31.9273738861084,-40.75759506225586,5.222509384155273,58.40501022338867,7.642317295074463,2.5981557369232178,58.40501022338867
48,-261.1546325683594,4.156404495239258,90.51420593261719,9.513895034790039,29.378292083740234,-40.792381286621094,5.0053815841674805,64.57476043701172,8.035841941833496,3.2561135292053223,64.57476043701172
49,-261.234619140625,5.226138114929199,135.30955505371094,11.63226318359375,30.113784790039062,-40.80406951904297,6.721883773803711,100.7437515258789,10.037118911743164,3.388834238052368,100.7437515258789
50,-262.1962890625,3.992182970046997,79.19691467285156,8.89926528930664,30.811803817749023,-40.66957473754883,4.776274681091309,54.97407150268555,7.414450168609619,3.658329963684082,54.97407150268555
51,-261.8371276855469,4.015533924102783,103.89059448242188,10.192673683166504,29.50787925720215,-40.62663269042969,4.904141426086426,61.64946365356445,7.851717472076416,2.861956834793091,61.64946365356445
52,-262.0495300292969,3.6503207683563232,73.42524719238281,8.568853378295898,30.748886108398438,-40.714195251464844,4.605132102966309,50.48922348022461,7.105576992034912,3.126859188079834,50.48922348022461
53,-261.7664489746094,3.542804718017578,57.573822021484375,7.587741374969482,26.9802303314209,-41.18600082397461,4.570499897003174,46.425106048583984,6.813597202301025,2.571038007736206,46.425106048583984
54,-261.8406066894531,3.3456711769104004,52.593875885009766,7.252163410186768,25.659236907958984,-41.058223724365234,4.270778656005859,45.154170989990234,6.7196855545043945,2.0757508277893066,45.154170989990234
55,-261.64593505859375,3.5396273136138916,64.51142120361328,8.031900405883789,29.01290512084961,-40.88570785522461,4.274202823638916,42.67075729370117,6.532285690307617,3.1679632663726807,42.67075729370117
56,-262.0714111328125,3.4924769401550293,61.529056549072266,7.844046115875244,28.37116050720215,-40.929134368896484,4.381791114807129,49.176734924316406,7.012612342834473,3.038045644760132,49.176734924316406
57,-261.78240966796875,3.205658435821533,56.981510162353516,7.548609733581543,28.367908477783203,-40.990482330322266,4.029329299926758,50.10997009277344,7.0788397789001465,3.0739197731018066,50.10997009277344
58,-261.5415954589844,3.136296033859253,60.979278564453125,7.808923244476318,27.891281127929688,-41.01125717163086,3.908026695251465,47.882896423339844,6.9197468757629395,2.7793335914611816,47.882896423339844
59,-262.0389709472656,4.52268648147583,98.74122619628906,9.936861991882324,28.722875595092773,-40.93854522705078,5.715548515319824,80.40853118896484,8.967080116271973,3.5084471702575684,80.40853118896484
60,-262.7318420410156,3.0947463512420654,43.544456481933594,6.598822593688965,29.178112030029297,-40.83900451660156,4.010207176208496,33.32505798339844,5.7727861404418945,3.820793867111206,33.32505798339844
61,-262.5417785644531,2.4891226291656494,17.665828704833984,4.203073501586914,29.175867080688477,-40.91569519042969,2.944898843765259,20.370073318481445,4.513321876525879,3.2883071899414062,20.370073318481445
62,-261.76666259765625,2.6637213230133057,36.423980712890625,6.035228252410889,29.54397201538086,-40.6621208190918,3.5824170112609863,38.515743255615234,6.2061052322387695,3.0313282012939453,38.515743255615234
63,-261.6834716796875,2.8407981395721436,43.159156799316406,6.569562911987305,31.066043853759766,-41.01377868652344,3.499141216278076,34.109981536865234,5.840374946594238,2.61519455909729,34.109981536865234
64,-261.3796081542969,2.7696590423583984,39.259033203125,6.265702724456787,30.235660552978516,-41.075870513916016,3.404505729675293,39.87294006347656,6.314502239227295,2.8930652141571045,39.87294006347656
65,-261.53765869140625,3.0824756622314453,40.213600158691406,6.341419219970703,31.566116333007812,-41.00115203857422,3.8882064819335938,36.026573181152344,6.002213954925537,2.978621244430542,36.026573181152344
66,-261.3956298828125,2.1795084476470947,14.951589584350586,3.8667285442352295,29.85101318359375,-40.93104553222656,2.6157493591308594,16.263776779174805,4.032837390899658,3.457726240158081,16.263776779174805
67,-261.80194091796875,2.000662088394165,13.831137657165527,3.7190237045288086,32.67715835571289,-40.719547271728516,2.4756920337677,11.851577758789062,3.4426121711730957,3.6076972484588623,11.851577758789062
68,-262.0060119628906,2.852173328399658,37.06144714355469,6.087811470031738,30.456480026245117,-40.889644622802734,3.3318681716918945,28.84828758239746,5.371060371398926,3.6465468406677246,28.84828758239746
69,-261.7745056152344,1.9154326915740967,13.077423095703125,3.61627197265625,29.479856491088867,-40.754066467285156,2.0684516429901123,8.66640567779541,2.943876028060913,3.402035713195801,8.66640567779541
70,-261.4803771972656,2.220301628112793,18.484088897705078,4.299312591552734,28.21221351623535,-40.777366638183594,2.473137140274048,11.499043464660645,3.391023874282837,3.764801025390625,11.499043464660645
71,-261.9215393066406,1.7663278579711914,10.095064163208008,3.1772730350494385,29.633665084838867,-40.90637969970703,2.081713914871216,8.868568420410156,2.9780142307281494,3.866729497909546,8.868568420410156
72,-262.2504577636719,2.1665198802948,23.045978546142578,4.800622940063477,28.734474182128906,-40.921180725097656,2.5515291690826416,21.98505210876465,4.688822269439697,3.4448602199554443,21.98505210876465
73,-262.1351013183594,2.0730295181274414,11.5320463180542,3.3958866596221924,26.211135864257812,-40.95927047729492,2.0249123573303223,8.37271785736084,2.8935649394989014,3.4024200439453125,8.37271785736084
74,-261.91864013671875,2.3409581184387207,20.208120346069336,4.495344161987305,26.614744186401367,-40.89311599731445,2.121340274810791,9.075532913208008,3.0125625133514404,3.121126890182495,9.075532913208008
75,-261.95654296875,1.893014669418335,13.51697826385498,3.676544427871704,29.66351890563965,-40.68151092529297,1.9234248399734497,6.813899993896484,2.610344886779785,3.246476650238037,6.813899993896484
76,-262.4092102050781,1.7406703233718872,8.639302253723145,2.9392690658569336,28.516040802001953,-40.89752197265625,1.7116672992706299,5.609702110290527,2.368480920791626,3.166823387145996,5.609702110290527
77,-261.966552734375,1.75583815574646,11.689233779907227,3.418952226638794,30.161861419677734,-41.02235412597656,1.817885398864746,6.148160457611084,2.479548454284668,3.891191244125366,6.148160457611084
78,-262.29083251953125,1.55644690990448,7.988235950469971,2.8263466358184814,30.972333908081055,-41.01935577392578,1.5448356866836548,4.3322601318359375,2.0814082622528076,4.142254829406738,4.3322601318359375
79,-262.2251281738281,1.7981425523757935,15.817082405090332,3.977069616317749,32.045257568359375,-41.05280303955078,2.0726723670959473,8.771421432495117,2.961658477783203,4.045422554016113,8.771421432495117
80,-262.1915283203125,1.4820833206176758,8.302098274230957,2.881336212158203,31.396278381347656,-41.07911682128906,1.657305121421814,5.3991312980651855,2.3236031532287598,4.069879531860352,5.3991312980651855
81,-261.8846130371094,1.5480492115020752,8.069921493530273,2.8407607078552246,34.24850845336914,-41.254573822021484,1.8080368041992188,7.693371295928955,2.7736926078796387,4.2414398193359375,7.693371295928955
82,-261.9985046386719,1.4924960136413574,8.705739974975586,2.9505491256713867,32.03263473510742,-41.08572769165039,1.6633785963058472,6.091762065887451,2.468149423599243,4.196504592895508,6.091762065887451
83,-261.7806091308594,1.6524136066436768,12.146708488464355,3.485212802886963,31.62929344177246,-41.0996208190918,1.7788186073303223,6.745655536651611,2.5972399711608887,4.407491207122803,6.745655536651611
84,-261.93701171875,1.3774551153182983,7.476349353790283,2.7342913150787354,30.806669235229492,-40.923397064208984,1.4991785287857056,4.676505088806152,2.162522792816162,3.889176368713379,4.676505088806152
85,-261.8145751953125,1.5566425323486328,9.233757972717285,3.038709878921509,32.57615661621094,-41.12024688720703,1.4573183059692383,4.052212715148926,2.0130107402801514,4.22238826751709,4.052212715148926
86,-261.6160888671875,1.481924057006836,9.556160926818848,3.091304063796997,32.24787139892578,-40.989418029785156,1.6325474977493286,5.998989105224609,2.4492833614349365,3.9231019020080566,5.998989105224609
87,-261.5751037597656,1.3171201944351196,6.578736305236816,2.5649046897888184,32.45302963256836,-40.799991607666016,1.4895706176757812,5.125814437866211,2.264026165008545,4.560683250427246,5.125814437866211
88,-261.38134765625,1.400950312614441,7.583720684051514,2.7538557052612305,32.68266296386719,-40.794673919677734,1.5876328945159912,5.251885890960693,2.2916994094848633,4.147274017333984,5.251885890960693
89,-261.4169006347656,1.284298300743103,6.92609167098999,2.631746768951416,34.73957824707031,-40.98065185546875,1.4502193927764893,5.068588733673096,2.251352548599243,4.59135103225708,5.068588733673096
90,-261.2958984375,1.3888828754425049,6.518594264984131,2.5531537532806396,33.96820068359375,-41.00529861450195,1.3355273008346558,3.3429369926452637,1.8283700942993164,5.540902614593506,3.3429369926452637
91,-261.788330078125,1.3461542129516602,6.649292945861816,2.578622341156006,37.064212799072266,-41.080291748046875,1.2403523921966553,2.904510736465454,1.7042624950408936,5.405538082122803,2.904510736465454
92,-261.71539306640625,1.1478033065795898,4.549014568328857,2.1328418254852295,37.78314208984375,-41.07753372192383,1.1392604112625122,2.3456296920776367,1.5315449237823486,4.978065013885498,2.3456296920776367
93,-261.6246032714844,3.193788528442383,32.37215042114258,5.689652919769287,36.713592529296875,-41.10595703125,3.8760273456573486,27.900131225585938,5.282057285308838,5.975905418395996,27.900131225585938
94,-261.04071044921875,1.1664495468139648,5.171878814697266,2.274176597595215,37.233463287353516,-41.01506042480469,1.1252902746200562,3.0322155952453613,1.741325855255127,6.059210300445557,3.0322155952453613
95,-260.61083984375,1.2629330158233643,5.976044654846191,2.4445950984954834,37.34183883666992,-41.08661651611328,1.481069564819336,5.138228893280029,2.26676607131958,6.48075532913208,5.138228893280029
96,-260.7088928222656,1.194546103477478,3.545400381088257,1.8829233646392822,36.3422966003418,-40.901649475097656,1.0419797897338867,2.001703977584839,1.414815902709961,6.461894512176514,2.001703977584839
97,-260.5664367675781,0.992117702960968,3.125957489013672,1.7680377960205078,36.4774284362793,-41.01803970336914,0.8689730167388916,1.4911563396453857,1.2211291790008545,5.755455017089844,1.4911563396453857
98,-260.93359375,1.0406335592269897,3.57719349861145,1.891347050666809,40.42988586425781,-41.18911361694336,0.9623799324035645,1.8004943132400513,1.341825008392334,5.66445255279541,1.8004943132400513
99,-261.0784912109375,0.9791622161865234,2.9605698585510254,1.7206306457519531,43.16577911376953,-41.12558364868164,0.8586446046829224,1.3587467670440674,1.1656529903411865,5.382681369781494,1.3587467670440674
100,-261.20074462890625,0.9963311553001404,3.127838611602783,1.7685697078704834,41.53941345214844,-41.0228385925293,0.9752046465873718,2.0555548667907715,1.433720588684082,5.662209510803223,2.0555548667907715
101,-261.04229736328125,1.0239311456680298,2.8452415466308594,1.6867843866348267,41.322959899902344,-41.046024322509766,0.898830771446228,1.672032356262207,1.293070912361145,6.494232654571533,1.672032356262207
102,-261.260498046875,0.9929936528205872,3.178882360458374,1.7829420566558838,46.9264030456543,-40.88042068481445,0.7945705652236938,1.2916314601898193,1.1364996433258057,6.755709171295166,1.2916314601898193
103,-261.58184814453125,1.000615119934082,3.2464067935943604,1.801778793334961,38.87528991699219,-41.041534423828125,0.8296650052070618,1.4601820707321167,1.2083799839019775,6.761285305023193,1.4601820707321167
104,-261.4800109863281,1.0700204372406006,3.8899266719818115,1.9722896814346313,40.253971099853516,-41.20677947998047,0.9062578678131104,1.9727870225906372,1.4045593738555908,6.8974928855896,1.9727870225906372
105,-261.1651916503906,1.210403561592102,3.2679131031036377,1.8077369928359985,35.47273254394531,-41.058250427246094,1.0458482503890991,2.176182746887207,1.4751890897750854,6.5113420486450195,2.176182746887207
106,-260.6073303222656,0.9781946539878845,4.021991729736328,2.005490303039551,37.344207763671875,-41.08702087402344,0.957852840423584,1.8126198053359985,1.3463356494903564,5.767721176147461,1.8126198053359985
107,-260.66265869140625,1.3663246631622314,6.01151180267334,2.451838493347168,34.78756332397461,-41.07615280151367,1.6097021102905273,4.515427112579346,2.124953508377075,5.918492794036865,4.515427112579346
108,-260.99481201171875,1.190593957901001,5.1586503982543945,2.271266222000122,36.44065856933594,-41.03974533081055,1.4886525869369507,4.239959716796875,2.0591163635253906,5.457563877105713,4.239959716796875
109,-260.715087890625,0.9253557920455933,3.0507545471191406,1.746640920639038,36.01114273071289,-41.14946746826172,0.9402366876602173,1.5766888856887817,1.2556626796722412,5.6666259765625,1.5766888856887817
110,-260.2137145996094,0.8745208978652954,2.475055694580078,1.5732309818267822,34.596717834472656,-41.049957275390625,1.0768814086914062,2.243520975112915,1.4978387355804443,6.536186695098877,2.243520975112915
111,-260.28704833984375,0.9122438430786133,2.6136114597320557,1.6166667938232422,36.05662155151367,-41.01399612426758,1.111287236213684,2.1428637504577637,1.4638524055480957,6.385807514190674,2.1428637504577637
112,-260.7286376953125,0.7711242437362671,1.7889765501022339,1.3375263214111328,35.424861907958984,-41.093292236328125,0.7290254235267639,0.9749332070350647,0.9873870611190796,6.197907447814941,0.9749332070350647
113,-261.49224853515625,0.967325747013092,2.6209042072296143,1.6189206838607788,37.29227066040039,-41.06427001953125,0.8212839961051941,1.4374938011169434,1.1989552974700928,6.044652938842773,1.4374938011169434
114,-261.41064453125,0.8754227757453918,2.3831636905670166,1.5437499284744263,37.67112731933594,-41.06454849243164,0.8755141496658325,1.5065182447433472,1.2274030447006226,6.314846992492676,1.5065182447433472
115,-261.44342041015625,0.7569057941436768,1.8105283975601196,1.345558762550354,36.89146041870117,-41.022701263427734,0.7299822568893433,1.0169638395309448,1.008446216583252,6.517917156219482,1.0169638395309448
116,-261.4314880371094,1.1979458332061768,3.3913919925689697,1.8415732383728027,35.38091278076172,-41.14784240722656,1.0822153091430664,2.7957656383514404,1.6720542907714844,5.8694000244140625,2.7957656383514404
117,-261.6390380859375,0.7879611253738403,1.5109707117080688,1.2292155027389526,41.532039642333984,-41.027732849121094,0.748628556728363,1.2693902254104614,1.1266721487045288,6.397705554962158,1.2693902254104614
118,-261.3501281738281,1.0816723108291626,3.013826847076416,1.7360377311706543,40.880767822265625,-41.09202575683594,0.9206000566482544,1.9754961729049683,1.405523419380188,6.349819660186768,1.9754961729049683
119,-261.8954162597656,0.7592415809631348,1.097179889678955,1.0474635362625122,40.248477935791016,-40.92921829223633,0.6382089853286743,0.8081817626953125,0.8989893198013306,5.834007263183594,0.8081817626953125
120,-261.55938720703125,0.860474169254303,2.3755486011505127,1.5412814617156982,37.551334381103516,-40.93359375,0.925235390663147,1.6291676759719849,1.2763885259628296,6.2788519859313965,1.6291676759719849
121,-261.92950439453125,0.764933705329895,1.6631503105163574,1.2896318435668945,40.27643585205078,-40.877811431884766,0.8696368336677551,1.3858739137649536,1.1772314310073853,5.851369380950928,1.3858739137649536
122,-261.42474365234375,0.743926465511322,1.7280011177062988,1.3145345449447632,38.34368133544922,-40.91973114013672,0.8320159912109375,1.2584837675094604,1.121821641921997,6.392512798309326,1.2584837675094604
123,-261.4986572265625,0.6349950432777405,0.7579463124275208,0.8706011176109314,39.985172271728516,-40.73006057739258,0.5457963943481445,0.5861045122146606,0.7655746340751648,5.6470441818237305,0.5861045122146606
124,-261.6704406738281,0.6693419218063354,1.1648439168930054,1.0792793035507202,38.161781311035156,-40.7012825012207,0.7314311861991882,0.9547901749610901,0.9771336317062378,5.591396808624268,0.9547901749610901
125,-260.7772216796875,0.8361694812774658,1.3742848634719849,1.1722989082336426,33.93137741088867,-40.72053527832031,0.7233229875564575,0.9847097396850586,0.9923254251480103,5.043231964111328,0.9847097396850586
126,-261.78631591796875,0.8747607469558716,1.4470720291137695,1.2029430866241455,38.22703170776367,-40.5637321472168,0.7623149156570435,1.1280699968338013,1.0621063709259033,5.497860908508301,1.1280699968338013
127,-261.2375793457031,0.5629346370697021,0.6001459360122681,0.7746908664703369,37.1364631652832,-40.38031005859375,0.5566921830177307,0.500217616558075,0.7072606682777405,6.00224494934082,0.500217616558075
128,-261.5029602050781,0.6016982793807983,0.6341357231140137,0.7963263988494873,34.33304977416992,-40.42835998535156,0.5813751816749573,0.6525724530220032,0.8078195452690125,4.791438102722168,0.6525724530220032
129,-261.43548583984375,0.5782785415649414,0.6483613848686218,0.8052089214324951,39.10016632080078,-40.35966110229492,0.6092947125434875,0.6728284358978271,0.8202611804008484,6.573153495788574,0.6728284358978271
130,-261.63861083984375,0.5932207703590393,0.7517703771591187,0.8670469522476196,37.370548248291016,-40.43236541748047,0.6048983931541443,0.6680635213851929,0.8173515200614929,6.045263290405273,0.6680635213851929
131,-261.2383117675781,0.8491181135177612,1.356543779373169,1.1647075414657593,39.838687896728516,-40.617549896240234,0.713732898235321,0.9277871251106262,0.9632170796394348,6.5314483642578125,0.9277871251106262
132,-261.07135009765625,0.5905838012695312,0.5949878096580505,0.7713545560836792,37.9932975769043,-40.67005920410156,0.65786212682724,0.7349854111671448,0.8573129177093506,6.299103260040283,0.7349854111671448
133,-261.2281799316406,0.6165075302124023,0.7055065631866455,0.8399443626403809,43.04399490356445,-40.67333984375,0.5193581581115723,0.525091290473938,0.7246318459510803,7.692599296569824,0.525091290473938
134,-261.0171203613281,0.6642237901687622,0.8359594345092773,0.9143081903457642,41.42559051513672,-40.86090087890625,0.578723669052124,0.5919113159179688,0.7693577408790588,7.394248962402344,0.5919113159179688
135,-262.0905456542969,0.5929563045501709,0.7730951905250549,0.8792583346366882,46.5655403137207,-40.872291564941406,0.5585984587669373,0.5990033149719238,0.7739530205726624,7.163931846618652,0.5990033149719238
136,-261.28936767578125,0.6634177565574646,1.041983962059021,1.0207761526107788,42.728492736816406,-41.11922836303711,0.8052804470062256,1.1224085092544556,1.059437870979309,7.3604278564453125,1.1224085092544556
137,-261.2953796386719,0.6833525896072388,1.1094026565551758,1.0532819032669067,42.48049545288086,-40.77397155761719,0.7004860639572144,1.0392465591430664,1.0194344520568848,6.477341175079346,1.0392465591430664
138,-261.5647277832031,0.9554135799407959,1.9472475051879883,1.3954380750656128,52.227256774902344,-41.06377410888672,0.9194402694702148,1.5959817171096802,1.2633217573165894,5.857385635375977,1.5959817171096802
139,-261.9461669921875,0.4996073544025421,0.5075421333312988,0.7124199271202087,49.993499755859375,-41.04757308959961,0.46022331714630127,0.3754117786884308,0.612708568572998,5.456780910491943,0.3754117786884308
140,-261.6554870605469,0.5476162433624268,0.6359943747520447,0.7974925637245178,48.077205657958984,-41.04702377319336,0.5343892574310303,0.5036451816558838,0.7096796035766602,5.498791694641113,0.5036451816558838
141,-261.2018737792969,0.7674199938774109,1.3552310466766357,1.1641439199447632,49.62093734741211,-41.14426040649414,0.8439213037490845,1.217201590538025,1.1032686233520508,6.201854705810547,1.217201590538025
142,-260.7405700683594,0.5047396421432495,0.4896838366985321,0.6997741460800171,49.560142517089844,-40.995121002197266,0.5422050952911377,0.5139919519424438,0.7169322967529297,5.418936729431152,0.5139919519424438
143,-260.6252746582031,0.6360520124435425,0.7512816190719604,0.866765022277832,47.91598129272461,-40.89799499511719,0.5354341268539429,0.5176175236701965,0.7194564342498779,5.322226524353027,0.5176175236701965
144,-260.73431396484375,0.589009165763855,0.6895455121994019,0.8303887844085693,43.64374542236328,-40.78062438964844,0.4992120862007141,0.4746168255805969,0.6889243721961975,5.582294464111328,0.4746168255805969
145,-260.4976806640625,0.5010272264480591,0.4914764165878296,0.7010537981987,43.43047332763672,-40.72043991088867,0.4860740303993225,0.42159080505371094,0.649300217628479,5.539182662963867,0.42159080505371094
146,-260.7739562988281,0.484388530254364,0.4405305087566376,0.6637247204780579,32.18019104003906,-40.590728759765625,0.4608153998851776,0.3730034828186035,0.6107401251792908,4.419456958770752,0.3730034828186035
147,-261.050537109375,0.5149763822555542,0.5034183263778687,0.7095198035240173,33.57307434082031,-40.79041290283203,0.4745020866394043,0.37098562717437744,0.6090859174728394,4.696747779846191,0.37098562717437744
148,-260.3995361328125,0.5230415463447571,0.5779825448989868,0.7602516412734985,36.24045181274414,-40.74214553833008,0.5145443677902222,0.4351152181625366,0.6596326231956482,4.912941932678223,0.4351152181625366
149,-260.1733093261719,0.4873318374156952,0.4710996448993683,0.6863669753074646,36.867488861083984,-40.801353454589844,0.43761271238327026,0.32858777046203613,0.573225736618042,5.314073085784912,0.32858777046203613
150,-259.89569091796875,0.642065703868866,1.0450092554092407,1.0222569704055786,40.81938171386719,-40.66100311279297,0.5603852272033691,0.6532416939735413,0.8082336783409119,4.933295249938965,0.6532416939735413
151,-259.7386169433594,0.4857143461704254,0.49801501631736755,0.7057017683982849,39.524818420410156,-40.36842727661133,0.461414635181427,0.37841853499412537,0.6151573061943054,5.089361190795898,0.37841853499412537
152,-259.3504333496094,0.4754905700683594,0.4645702540874481,0.6815938949584961,40.097137451171875,-40.63072967529297,0.4932621419429779,0.41498851776123047,0.6441960334777832,4.4611358642578125,0.41498851776123047
153,-259.2272644042969,0.47139784693717957,0.5359112024307251,0.7320595383644104,40.741188049316406,-40.594078063964844,0.47112491726875305,0.4322066307067871,0.6574242115020752,5.214840888977051,0.4322066307067871
154,-259.662841796875,0.5613220930099487,0.6696248650550842,0.8183060884475708,32.56673049926758,-41.00559616088867,0.5053706765174866,0.38927990198135376,0.6239230036735535,3.6148154735565186,0.38927990198135376
155,-260.4141845703125,0.48315683007240295,0.5099426507949829,0.7141026854515076,32.77268600463867,-40.940059661865234,0.4921621084213257,0.4887360632419586,0.6990966200828552,4.421184539794922,0.4887360632419586
156,-260.34661865234375,0.5287996530532837,0.5553448796272278,0.7452146410942078,32.48889923095703,-40.711448669433594,0.5274587273597717,0.4929097592830658,0.7020753026008606,4.861722946166992,0.4929097592830658
157,-260.3827209472656,0.4709753394126892,0.397422194480896,0.6304143071174622,30.12849235534668,-40.78617477416992,0.5342625975608826,0.4756259620189667,0.6896564364433289,3.3816232681274414,0.4756259620189667
158,-260.6831359863281,0.4066079258918762,0.33147767186164856,0.5757409930229187,31.7246150970459,-40.696746826171875,0.37508857250213623,0.2742430567741394,0.5236822366714478,3.7840309143066406,0.2742430567741394
159,-260.3582458496094,0.39917153120040894,0.32306116819381714,0.5683847069740295,32.086612701416016,-40.806182861328125,0.3423428237438202,0.21623803675174713,0.4650140106678009,3.5711801052093506,0.21623803675174713
160,-259.82562255859375,0.4588673710823059,0.5354183316230774,0.7317228317260742,41.01130294799805,-40.59620666503906,0.43862998485565186,0.3580264151096344,0.5983530879020691,4.182171821594238,0.3580264151096344
161,-260.3321838378906,0.656532883644104,0.915752649307251,0.9569496512413025,36.63602828979492,-40.392051696777344,0.6142421364784241,0.6054732799530029,0.7781216502189636,4.591946601867676,0.6054732799530029
162,-260.066650390625,0.3490220308303833,0.23124192655086517,0.48087620735168457,32.88221740722656,-40.50593948364258,0.3269801139831543,0.20543748140335083,0.4532521069049835,4.108928680419922,0.20543748140335083
163,-260.0081481933594,0.3976571261882782,0.3092549741268158,0.5561069846153259,26.725440979003906,-40.62677001953125,0.3705269694328308,0.22011405229568481,0.4691631495952606,4.289528846740723,0.22011405229568481
164,-260.21075439453125,0.3439268469810486,0.2524183392524719,0.5024124979972839,30.194326400756836,-40.42645263671875,0.32278528809547424,0.1927753984928131,0.4390619397163391,4.548273086547852,0.1927753984928131
165,-260.265625,0.3677363693714142,0.28228455781936646,0.5313045978546143,31.701923370361328,-40.77732849121094,0.330516517162323,0.22026856243610382,0.46932777762413025,3.310208320617676,0.22026856243610382
166,-260.0002136230469,0.34888049960136414,0.2319958209991455,0.4816594421863556,29.55617904663086,-40.862369537353516,0.38111546635627747,0.23749051988124847,0.48732998967170715,2.932356357574463,0.23749051988124847
167,-260.4939880371094,0.34934744238853455,0.2602391839027405,0.5101364254951477,28.870595932006836,-40.96354293823242,0.3207423686981201,0.18376530706882477,0.42867857217788696,2.857165575027466,0.18376530706882477
168,-260.77099609375,0.3688562512397766,0.2749811112880707,0.5243864059448242,31.06932830810547,-40.65109634399414,0.3376930058002472,0.2071841061115265,0.4551748037338257,3.872382402420044,0.2071841061115265
169,-260.3793029785156,0.3154347538948059,0.20060090720653534,0.4478849172592163,33.2151985168457,-40.461036682128906,0.3427860736846924,0.2262921929359436,0.47570177912712097,3.595588207244873,0.2262921929359436
170,-260.906494140625,0.31942662596702576,0.24991419911384583,0.4999141991138458,31.729961395263672,-40.63534927368164,0.2965438961982727,0.15308992564678192,0.3912670910358429,4.248484134674072,0.15308992564678192
171,-261.2487487792969,0.3446812927722931,0.2258908897638321,0.4752798080444336,38.044246673583984,-40.575626373291016,0.34464481472969055,0.2064271867275238,0.4543425738811493,4.955574035644531,0.2064271867275238
172,-261.55889892578125,0.32671260833740234,0.2076035439968109,0.45563530921936035,39.0067138671875,-40.79216003417969,0.3076574206352234,0.1649726778268814,0.40616828203201294,4.715906620025635,0.1649726778268814
173,-262.64068603515625,0.37904080748558044,0.30125290155410767,0.5488650798797607,38.14190673828125,-40.84718322753906,0.34012842178344727,0.21007680892944336,0.4583413600921631,4.865841388702393,0.21007680892944336
174,-262.7679138183594,0.29672372341156006,0.1850508153438568,0.4301753342151642,37.739524841308594,-40.61309051513672,0.28510838747024536,0.12714262306690216,0.35657063126564026,4.77911376953125,0.12714262306690216
175,-262.2724609375,0.3544023633003235,0.24614430963993073,0.4961293339729309,33.78938293457031,-40.741615295410156,0.36142441630363464,0.2239195555448532,0.4732013940811157,5.085665702819824,0.2239195555448532
176,-260.0250244140625,0.3242967128753662,0.1967257410287857,0.44353774189949036,27.104942321777344,-40.24264144897461,0.3624010682106018,0.24537625908851624,0.49535468220710754,3.8766369819641113,0.24537625908851624
177,-260.0809020996094,0.5497251749038696,0.7287505865097046,0.8536688685417175,28.244367599487305,-40.674503326416016,0.5114757418632507,0.5018957853317261,0.7084460258483887,4.259312629699707,0.5018957853317261
178,-260.3844299316406,0.3222292959690094,0.2008308619260788,0.44814157485961914,24.398258209228516,-40.541603088378906,0.29391083121299744,0.1574985831975937,0.39686089754104614,3.2929906845092773,0.1574985831975937
179,-260.5566711425781,0.2902589440345764,0.17829269170761108,0.4222472012042999,23.427677154541016,-40.798274993896484,0.3107406497001648,0.23573918640613556,0.4855298101902008,2.9400551319122314,0.23573918640613556
180,-261.33953857421875,0.32630184292793274,0.22565282881259918,0.4750292897224426,24.810134887695312,-40.83088302612305,0.36002638936042786,0.2596586048603058,0.5095670819282532,3.1753063201904297,0.2596586048603058
181,-261.409423828125,0.29373422265052795,0.17862668633460999,0.4226424992084503,25.925338745117188,-40.97111892700195,0.30918046832084656,0.20120899379253387,0.44856324791908264,3.3040106296539307,0.20120899379253387
182,-262.076416015625,0.3096298575401306,0.2557709813117981,0.5057380795478821,29.64773941040039,-40.5236930847168,0.3124609887599945,0.18036475777626038,0.4246937334537506,3.5592613220214844,0.18036475777626038
183,-261.78192138671875,0.3075876832008362,0.2230616807937622,0.47229406237602234,26.44458770751953,-40.42683792114258,0.3116559088230133,0.18165084719657898,0.4262051582336426,3.186483860015869,0.18165084719657898
184,-261.67291259765625,0.2930569350719452,0.19237281382083893,0.4386032521724701,25.51933479309082,-40.70771026611328,0.30120861530303955,0.16335955262184143,0.40417763590812683,2.8137240409851074,0.16335955262184143
185,-261.8348388671875,0.41547948122024536,0.31157025694847107,0.558184802532196,31.657236099243164,-40.994930267333984,0.4213467538356781,0.2742580771446228,0.5236965417861938,3.7406277656555176,0.2742580771446228
186,-262.342041015625,0.42466863989830017,0.30705955624580383,0.5541295409202576,30.23015594482422,-41.05008316040039,0.4044111967086792,0.2508150041103363,0.5008143186569214,3.5250985622406006,0.2508150041103363
187,-261.8515625,0.31823286414146423,0.1993483453989029,0.44648441672325134,26.913400650024414,-40.930641174316406,0.27250492572784424,0.13121022284030914,0.36222952604293823,3.4013142585754395,0.13121022284030914
188,-260.8320617675781,0.3722902834415436,0.2707487940788269,0.5203352570533752,25.101802825927734,-41.14509201049805,0.33802157640457153,0.1790710836648941,0.4231679141521454,2.6551854610443115,0.1790710836648941
189,-260.71514892578125,0.3154897689819336,0.27893027663230896,0.5281385183334351,22.544475555419922,-41.2420654296875,0.3546745777130127,0.21597298979759216,0.4647289514541626,3.3782260417938232,0.21597298979759216
190,-261.533203125,0.2477998286485672,0.15373863279819489,0.3920951783657074,22.766204833984375,-41.127742767333984,0.25000447034835815,0.12420597672462463,0.352428674697876,4.0400190353393555,0.12420597672462463
191,-260.88763427734375,0.42410340905189514,0.34816116094589233,0.5900518298149109,21.110200881958008,-41.11246109008789,0.41317886114120483,0.3054247498512268,0.5526524782180786,3.3275656700134277,0.3054247498512268
192,-261.04217529296875,0.29568448662757874,0.22036270797252655,0.46942806243896484,24.607582092285156,-41.079490661621094,0.27075159549713135,0.13711754977703094,0.37029385566711426,3.5893208980560303,0.13711754977703094
193,-262.1079406738281,0.23909892141819,0.1081928014755249,0.3289267420768738,29.62754249572754,-41.057865142822266,0.2200770527124405,0.0925133228302002,0.3041600286960602,3.7327685356140137,0.0925133228302002
194,-261.6294250488281,0.266754150390625,0.17599210143089294,0.41951411962509155,24.588804244995117,-41.1734733581543,0.24573896825313568,0.11937761306762695,0.34551066160202026,2.828295946121216,0.11937761306762695
195,-261.8353271484375,0.2968694865703583,0.25927048921585083,0.5091860890388489,31.470951080322266,-41.01145935058594,0.30771690607070923,0.18515092134475708,0.43029168248176575,3.2360239028930664,0.18515092134475708
196,-260.9733581542969,0.38319939374923706,0.39269018173217773,0.6266499757766724,25.243328094482422,-40.55207061767578,0.392352819442749,0.27092602849006653,0.5205055475234985,3.7603743076324463,0.27092602849006653
197,-261.18646240234375,0.25447413325309753,0.1918981820344925,0.43806183338165283,26.58700942993164,-40.6668701171875,0.25758641958236694,0.12715038657188416,0.35658153891563416,2.937345504760742,0.12715038657188416
198,-260.8575134277344,0.2494587004184723,0.166925847530365,0.40856561064720154,26.072673797607422,-40.74069595336914,0.2531050443649292,0.10913590341806412,0.33035722374916077,2.86447811126709,0.10913590341806412
199,-260.67266845703125,0.2777520418167114,0.21810810267925262,0.4670204520225525,12.781946182250977,-40.952301025390625,0.2704675793647766,0.11652883142232895,0.34136319160461426,1.9476842880249023,0.11652883142232895
200,-261.2483215332031,0.2479674369096756,0.16020222008228302,0.40025269985198975,10.360939979553223,-40.86079788208008,0.2680415213108063,0.12322347611188889,0.351032018661499,0.9408466815948486,0.12322347611188889
201,-261.6200256347656,0.27024954557418823,0.24184489250183105,0.4917772710323334,14.388922691345215,-40.93332290649414,0.29812467098236084,0.1535583734512329,0.39186525344848633,1.4583779573440552,0.1535583734512329
202,-261.5289306640625,0.2762165665626526,0.1911565214395523,0.4372144937515259,12.118844985961914,-40.78303527832031,0.31879696249961853,0.1762038767337799,0.41976645588874817,1.38450026512146,0.1762038767337799
203,-261.3388366699219,0.35680410265922546,0.28612396121025085,0.5349055528640747,27.656164169311523,-40.780921936035156,0.39267146587371826,0.2854631543159485,0.5342875123023987,3.075835704803467,0.2854631543159485
204,-260.3915100097656,0.33641234040260315,0.3990587294101715,0.631710946559906,23.0118465423584,-40.9476432800293,0.3707146644592285,0.26668545603752136,0.5164159536361694,2.927532196044922,0.26668545603752136
205,-261.7587890625,0.4300709068775177,0.5510867834091187,0.7423521876335144,11.749201774597168,-40.89381408691406,0.4741814136505127,0.3679673671722412,0.6066031455993652,1.24211585521698,0.3679673671722412
206,-261.6693420410156,0.21950416266918182,0.11336709558963776,0.33670029044151306,14.726224899291992,-41.02684020996094,0.25488531589508057,0.1446412354707718,0.3803172707557678,2.439373731613159,0.1446412354707718
207,-261.4645690917969,0.24125820398330688,0.12464667111635208,0.35305336117744446,10.418127059936523,-40.78291702270508,0.2276856005191803,0.1011834591627121,0.318093478679657,1.3560913801193237,0.1011834591627121
208,-262.381103515625,0.2821202576160431,0.16097621619701385,0.4012184143066406,7.905839920043945,-40.98577117919922,0.29871150851249695,0.14457719027996063,0.3802330791950226,1.2835521697998047,0.14457719027996063
209,-261.97747802734375,0.23289915919303894,0.10756656527519226,0.3279734253883362,9.72280216217041,-40.88856887817383,0.2518005669116974,0.12487167119979858,0.35337185859680176,1.2460863590240479,0.12487167119979858
210,-261.49468994140625,0.22908857464790344,0.09840311855077744,0.31369271874427795,12.945408821105957,-40.99690246582031,0.2135554999113083,0.08442120254039764,0.2905532717704773,1.9337940216064453,0.08442120254039764
211,-261.8027038574219,0.2564067542552948,0.12844063341617584,0.35838615894317627,14.285287857055664,-41.0740966796875,0.26293128728866577,0.11913665384054184,0.3451617658138275,1.4188339710235596,0.11913665384054184
212,-261.7394104003906,0.3894990384578705,0.259798139333725,0.5097039937973022,9.745820045471191,-40.76914596557617,0.38646286725997925,0.21397431194782257,0.4625735878944397,1.3463791608810425,0.21397431194782257
213,-262.0821838378906,0.2579764723777771,0.14874018728733063,0.38566848635673523,10.301703453063965,-41.01225662231445,0.2780863046646118,0.14623455703258514,0.3824062645435333,1.4085216522216797,0.14623455703258514
214,-261.8401794433594,0.2439773976802826,0.12470217794179916,0.3531319499015808,12.701233863830566,-40.9981803894043,0.23988161981105804,0.10804098099470139,0.3286958932876587,1.5653616189956665,0.10804098099470139
215,-261.950439453125,0.2536243498325348,0.1823044717311859,0.42697128653526306,6.550816059112549,-41.049652099609375,0.25283515453338623,0.12057697772979736,0.34724196791648865,0.7998038530349731,0.12057697772979736
216,-262.1383361816406,0.20071935653686523,0.0759967714548111,0.27567511796951294,7.865235805511475,-41.0639533996582,0.20478856563568115,0.06756716966629028,0.2599368691444397,0.7059605717658997,0.06756716966629028
217,-262.141357421875,0.2067546546459198,0.0880972146987915,0.2968117594718933,8.491113662719727,-41.03938293457031,0.2126646637916565,0.09154946357011795,0.3025714159011841,1.302037239074707,0.09154946357011795
218,-262.3514099121094,0.376492977142334,0.3666911721229553,0.6055502891540527,8.748108863830566,-41.006805419921875,0.4037935435771942,0.2784797251224518,0.527711808681488,0.5715010166168213,0.2784797251224518
219,-262.2813720703125,0.27122974395751953,0.18596671521663666,0.43123859167099,5.9976606369018555,-40.95296859741211,0.3070797622203827,0.17842982709407806,0.4224095344543457,0.32951951026916504,0.17842982709407806
220,-262.1006164550781,0.28463393449783325,0.25145500898361206,0.5014529228210449,7.120899200439453,-40.803611755371094,0.2905667722225189,0.1427622139453888,0.3778388798236847,0.3990861177444458,0.1427622139453888
221,-262.21923828125,0.2738068699836731,0.15819676220417023,0.39773955941200256,6.989999294281006,-40.81270217895508,0.22995182871818542,0.08684506267309189,0.2946948707103729,0.3069959580898285,0.08684506267309189
222,-262.1551513671875,0.22970128059387207,0.16975218057632446,0.41200992465019226,6.120759010314941,-40.83955383300781,0.20547597110271454,0.07917086780071259,0.28137317299842834,1.2287565469741821,0.07917086780071259
223,-262.5998229980469,0.2441011518239975,0.13495512306690216,0.367362380027771,11.454142570495605,-40.57170104980469,0.20247843861579895,0.08314363658428192,0.28834637999534607,1.8436981439590454,0.08314363658428192
224,-262.550537109375,0.21970412135124207,0.10725871473550797,0.3275037705898285,9.235003471374512,-40.43490219116211,0.18946313858032227,0.0712546780705452,0.26693570613861084,2.098097324371338,0.0712546780705452
225,-262.41064453125,0.22801242768764496,0.11885090172290802,0.3447476029396057,8.259918212890625,-40.725250244140625,0.20299242436885834,0.0761188194155693,0.2758964002132416,1.0432718992233276,0.0761188194155693
226,-262.16278076171875,0.2371475100517273,0.12702015042304993,0.3563988506793976,8.177507400512695,-40.76244354248047,0.2105770707130432,0.08461032062768936,0.2908785343170166,1.5220685005187988,0.08461032062768936
227,-262.17706298828125,0.23736754059791565,0.14795441925525665,0.3846484422683716,9.596752166748047,-40.73493576049805,0.23650498688220978,0.13091716170310974,0.36182478070259094,1.226882815361023,0.13091716170310974
228,-262.2955017089844,0.2224082201719284,0.1598721444606781,0.3998401463031769,7.413351058959961,-40.71923828125,0.23781977593898773,0.14273317158222198,0.37780043482780457,1.2265493869781494,0.14273317158222198
229,-262.2589111328125,0.26197925209999084,0.15498869121074677,0.3936860263347626,7.819296360015869,-40.789764404296875,0.26216545701026917,0.13440173864364624,0.3666084408760071,1.5015623569488525,0.13440173864364624
230,-262.7062072753906,0.2472861409187317,0.11737304925918579,0.34259751439094543,8.698503494262695,-40.810420989990234,0.2567645013332367,0.09815763682126999,0.3133012056350708,1.4369685649871826,0.09815763682126999
231,-262.6744079589844,0.2181476205587387,0.08512605726718903,0.29176369309425354,10.268017768859863,-40.80302810668945,0.21618624031543732,0.0864737406373024,0.29406416416168213,1.1840870380401611,0.0864737406373024
232,-262.71826171875,0.2753242254257202,0.16171972453594208,0.4021438956260681,8.807056427001953,-40.76911926269531,0.2912728190422058,0.14591433107852936,0.3819873332977295,1.4095888137817383,0.14591433107852936
233,-262.5546569824219,0.21831321716308594,0.08312346786260605,0.2883114218711853,9.91092586517334,-40.914886474609375,0.23528698086738586,0.0876893475651741,0.2961238622665405,1.168336033821106,0.0876893475651741
234,-261.35595703125,0.21016299724578857,0.08756957203149796,0.29592156410217285,6.426700592041016,-40.7416877746582,0.20652735233306885,0.07560606300830841,0.2749655544757843,1.1782909631729126,0.07560606300830841
235,-261.2825622558594,0.20541398227214813,0.09295840561389923,0.30489081144332886,4.537525653839111,-40.9067497253418,0.21649004518985748,0.0759391114115715,0.27557051181793213,1.2977160215377808,0.0759391114115715
236,-261.7921447753906,0.24397242069244385,0.12164979428052902,0.34878331422805786,6.648430347442627,-40.77224349975586,0.21439212560653687,0.07860222458839417,0.2803608775138855,1.2937411069869995,0.07860222458839417
237,-261.9565734863281,0.2630857229232788,0.1417200118303299,0.37645718455314636,6.653899192810059,-40.81468963623047,0.27846449613571167,0.10925793647766113,0.3305418789386749,1.0964152812957764,0.10925793647766113
238,-262.0378112792969,0.26366597414016724,0.12897813320159912,0.3591352701187134,6.259946823120117,-40.80165481567383,0.27781784534454346,0.10809914767742157,0.32878434658050537,0.2873702049255371,0.10809914767742157
239,-262.2055358886719,0.23793759942054749,0.13574400544166565,0.36843451857566833,5.778852939605713,-40.873924255371094,0.21850205957889557,0.0766344889998436,0.2768293619155884,0.2751472294330597,0.0766344889998436
240,-262.1006774902344,0.27437978982925415,0.19513194262981415,0.44173741340637207,5.524075031280518,-40.801368713378906,0.26244089007377625,0.12720350921154022,0.356656014919281,0.4026443064212799,0.12720350921154022
241,-262.01263427734375,0.3008086085319519,0.22070245444774628,0.4697898030281067,9.88032054901123,-40.668521881103516,0.2882535457611084,0.151351198554039,0.3890388011932373,0.4445153772830963,0.151351198554039
242,-262.2355041503906,0.21835294365882874,0.12777358293533325,0.3574542999267578,8.068652153015137,-40.82654571533203,0.21085116267204285,0.0778731107711792,0.2790575325489044,0.44697946310043335,0.0778731107711792
243,-262.3566589355469,0.21200351417064667,0.08745793998241425,0.29573288559913635,7.175016403198242,-40.78974914550781,0.20173850655555725,0.06469924747943878,0.25436046719551086,0.27934354543685913,0.06469924747943878
244,-262.3032531738281,0.20664291083812714,0.11726820468902588,0.34244444966316223,6.424135208129883,-40.907962799072266,0.23935498297214508,0.13571861386299133,0.36840006709098816,0.8782827854156494,0.13571861386299133
245,-262.635498046875,0.27915483713150024,0.13609524071216583,0.36891087889671326,5.442337989807129,-40.73271942138672,0.25346872210502625,0.1246061697602272,0.35299599170684814,0.8106435537338257,0.1246061697602272
246,-262.7192687988281,0.20220358669757843,0.11502359807491302,0.3391512930393219,5.955195426940918,-40.74462890625,0.22473962604999542,0.11920544505119324,0.34526142477989197,0.5932801961898804,0.11920544505119324
247,-262.338134765625,0.20535048842430115,0.09167101979255676,0.3027722239494324,6.1067657470703125,-40.713008880615234,0.21298916637897491,0.07521618902683258,0.2742556929588318,0.9935469627380371,0.07521618902683258
248,-262.1124267578125,0.18392488360404968,0.0844157412648201,0.29054388403892517,6.145992279052734,-40.71628189086914,0.18986842036247253,0.07987987995147705,0.2826302945613861,0.4392741620540619,0.07987987995147705
249,-262.056396484375,0.18347463011741638,0.09299974888563156,0.30495861172676086,5.407458782196045,-40.840232849121094,0.1864873468875885,0.061047252267599106,0.24707742035388947,0.5363819599151611,0.061047252267599106
250,-261.7917785644531,0.20969048142433167,0.14072437584400177,0.3751324713230133,5.62432861328125,-40.784019470214844,0.2370782345533371,0.16583456099033356,0.40722790360450745,0.5768482089042664,0.16583456099033356
251,-262.3385925292969,0.21186262369155884,0.16932368278503418,0.4114895761013031,4.806524276733398,-40.63525390625,0.23356646299362183,0.14903323352336884,0.38604822754859924,0.41311144828796387,0.14903323352336884
252,-262.2068786621094,0.19822411239147186,0.11857632547616959,0.3443491458892822,4.986044883728027,-40.60382080078125,0.2506713569164276,0.19333867728710175,0.43970292806625366,0.3884073495864868,0.19333867728710175
253,-262.1191711425781,0.20836171507835388,0.1095704585313797,0.3310142755508423,5.249931812286377,-40.656742095947266,0.23484590649604797,0.14226673543453217,0.37718263268470764,0.38986968994140625,0.14226673543453217
254,-262.6776123046875,0.17459940910339355,0.0777972862124443,0.2789216637611389,5.7150397300720215,-40.66695022583008,0.20189473032951355,0.09582710266113281,0.30955952405929565,0.9701148867607117,0.09582710266113281
255,-262.39117431640625,0.19829052686691284,0.1068207398056984,0.32683441042900085,3.7720913887023926,-40.850120544433594,0.2387445867061615,0.17284294962882996,0.4157438576221466,0.7453286051750183,0.17284294962882996
256,-262.3724670410156,0.2122451514005661,0.09050528705120087,0.30084097385406494,4.429201602935791,-40.804222106933594,0.2395028918981552,0.13614442944526672,0.36897754669189453,0.8865996599197388,0.13614442944526672
257,-262.05816650390625,0.19495078921318054,0.09501542896032333,0.3082457184791565,5.205226421356201,-40.87369155883789,0.21072158217430115,0.11855470389127731,0.3443177342414856,0.5580642819404602,0.11855470389127731
258,-261.8095703125,0.18011432886123657,0.07597851753234863,0.2756420075893402,4.848818778991699,-40.97161102294922,0.17406374216079712,0.062319427728652954,0.24963858723640442,0.620996356010437,0.062319427728652954
259,-262.0237121582031,0.1928606629371643,0.12258756160736084,0.3501250743865967,4.763796806335449,-40.673255920410156,0.23755599558353424,0.20740382373332977,0.45541611313819885,0.4495689272880554,0.20740382373332977
260,-261.9710693359375,0.18527910113334656,0.08004791289567947,0.28292739391326904,5.053940773010254,-40.72331237792969,0.20829805731773376,0.108920156955719,0.33003053069114685,0.274736613035202,0.108920156955719
261,-261.93157958984375,0.1740514487028122,0.08254139870405197,0.2873001992702484,4.166273593902588,-40.70600891113281,0.19904138147830963,0.11276926845312119,0.3358113467693329,0.32739174365997314,0.11276926845312119
262,-261.8287048339844,0.19631341099739075,0.09037156403064728,0.30061864852905273,4.369026184082031,-40.860897064208984,0.23726116120815277,0.1447685807943344,0.3804846704006195,0.29881787300109863,0.1447685807943344
263,-262.1051940917969,0.19252489507198334,0.09247323870658875,0.304094135761261,6.093629360198975,-40.73167037963867,0.20000892877578735,0.06630532443523407,0.25749820470809937,0.13286453485488892,0.06630532443523407
264,-261.8507385253906,0.2689390480518341,0.1258818358182907,0.3547983169555664,6.276822090148926,-40.690528869628906,0.2422925978899002,0.12595948576927185,0.35490772128105164,0.37815341353416443,0.12595948576927185
265,-262.14154052734375,0.18603283166885376,0.11340376734733582,0.33675476908683777,5.3567047119140625,-40.56009292602539,0.1998957395553589,0.12023863196372986,0.34675443172454834,0.45081642270088196,0.12023863196372986
266,-262.13946533203125,0.2140468955039978,0.21987004578113556,0.4689030349254608,5.356138229370117,-40.8497200012207,0.2834222912788391,0.4154110848903656,0.6445239186286926,0.3868468701839447,0.4154110848903656
267,-261.8820495605469,0.16618900001049042,0.05791221559047699,0.24064956605434418,5.845412254333496,-40.784034729003906,0.1944626420736313,0.09379986673593521,0.306267648935318,0.7203219532966614,0.09379986673593521
268,-262.16815185546875,0.18427152931690216,0.060896825045347214,0.24677282571792603,5.006598949432373,-40.66086959838867,0.18707817792892456,0.08532065898180008,0.2920970022678375,0.17363540828227997,0.08532065898180008
269,-261.802490234375,0.1718597710132599,0.06809253990650177,0.26094546914100647,5.233542442321777,-40.806373596191406,0.21974219381809235,0.11226431280374527,0.33505865931510925,0.47178682684898376,0.11226431280374527
270,-261.5326232910156,0.18456806242465973,0.08573167771100998,0.292799711227417,4.757453441619873,-40.77186584472656,0.23019424080848694,0.13139429688453674,0.36248350143432617,0.793045699596405,0.13139429688453674
271,-262.2265625,0.15702202916145325,0.0570732019841671,0.23889997601509094,5.371737003326416,-40.797672271728516,0.19377462565898895,0.08489762991666794,0.2913719713687897,0.4829517900943756,0.08489762991666794
272,-261.7706604003906,0.18708419799804688,0.084694042801857,0.2910224199295044,4.939244270324707,-40.767005920410156,0.2451249659061432,0.16728413105010986,0.4090038239955902,0.4510044753551483,0.16728413105010986
273,-261.67877197265625,0.1919073760509491,0.08367013186216354,0.28925788402557373,5.241253852844238,-40.76448440551758,0.22571447491645813,0.09223808348178864,0.3037072420120239,0.36799558997154236,0.09223808348178864
274,-261.6882019042969,0.1861908733844757,0.11435521394014359,0.33816447854042053,4.666264533996582,-40.7462158203125,0.23675985634326935,0.18751373887062073,0.43302857875823975,0.19015759229660034,0.18751373887062073
275,-261.274658203125,0.18062041699886322,0.09795781970024109,0.31298214197158813,4.281456470489502,-40.697998046875,0.21883909404277802,0.17643974721431732,0.4200473129749298,0.42884930968284607,0.17643974721431732
276,-261.8503112792969,0.1467248946428299,0.05685490742325783,0.23844267427921295,5.19564962387085,-40.79872131347656,0.1809598207473755,0.08721496909856796,0.2953217923641205,0.3978458642959595,0.08721496909856796
277,-261.88525390625,0.1383800506591797,0.07219070196151733,0.2686832845211029,5.052421569824219,-40.82033920288086,0.1957247108221054,0.09629705548286438,0.31031766533851624,0.31316855549812317,0.09629705548286438
278,-261.9734191894531,0.1573677957057953,0.06317874044179916,0.25135383009910583,5.353820323944092,-40.936553955078125,0.21010194718837738,0.13016633689403534,0.36078572273254395,0.3008723855018616,0.13016633689403534
279,-262.0231628417969,0.17405691742897034,0.09773999452590942,0.3126339614391327,4.815408706665039,-40.9254035949707,0.22081667184829712,0.12647424638271332,0.3556321859359741,0.25328293442726135,0.12647424638271332
280,-261.8211669921875,0.14475677907466888,0.049362048506736755,0.2221757173538208,5.417568683624268,-40.93873596191406,0.17578983306884766,0.07143587619066238,0.2672749161720276,0.34248974919319153,0.07143587619066238
281,-261.8722839355469,0.176784947514534,0.09696071594953537,0.3113851547241211,4.057898044586182,-40.93616485595703,0.20736493170261383,0.1356058120727539,0.3682469427585602,0.20772378146648407,0.1356058120727539
282,-262.07440185546875,0.15344591438770294,0.06100447103381157,0.24699082970619202,5.5191755294799805,-40.82331466674805,0.199027881026268,0.09603377431631088,0.3098931610584259,0.15614379942417145,0.09603377431631088
283,-261.8175048828125,0.1440410614013672,0.05192190781235695,0.22786378860473633,5.211641788482666,-40.90156173706055,0.16850890219211578,0.050357967615127563,0.22440581023693085,0.2490014135837555,0.050357967615127563
284,-261.7533264160156,0.17065507173538208,0.07397599518299103,0.2719852924346924,4.75037145614624,-40.85702133178711,0.20097781717777252,0.09994571655988693,0.31614193320274353,0.07421034574508667,0.09994571655988693
285,-261.586181640625,0.15854927897453308,0.07736123353242874,0.2781388759613037,4.9589667320251465,-40.852264404296875,0.17965738475322723,0.12126480042934418,0.3482309579849243,0.4240163266658783,0.12126480042934418
286,-261.6254577636719,0.164962500333786,0.11926615238189697,0.3453493118286133,5.141836166381836,-40.95059585571289,0.24229201674461365,0.2624816298484802,0.512329638004303,0.5459573864936829,0.2624816298484802
287,-261.8717346191406,0.169511616230011,0.10312596708536148,0.3211323320865631,4.739752292633057,-40.81214141845703,0.21217699348926544,0.17393934726715088,0.41706037521362305,0.6384741067886353,0.17393934726715088
288,-261.7296142578125,0.16312973201274872,0.05647430568933487,0.23764322698116302,5.753880500793457,-40.81660842895508,0.19429448246955872,0.0803399458527565,0.28344303369522095,0.32600754499435425,0.0803399458527565
289,-261.5697937011719,0.14756229519844055,0.058910757303237915,0.24271538853645325,5.554978847503662,-40.79372787475586,0.17607297003269196,0.08372687548398972,0.28935596346855164,0.7074851989746094,0.08372687548398972
290,-260.7513122558594,0.16798637807369232,0.07046970725059509,0.2654612958431244,5.302931308746338,-40.7360954284668,0.19436222314834595,0.10971652716398239,0.3312348425388336,0.36854827404022217,0.10971652716398239
291,-260.68365478515625,0.16592355072498322,0.08776821941137314,0.29625701904296875,5.512087821960449,-40.762901306152344,0.19917957484722137,0.1382167488336563,0.3717751204967499,0.5803970098495483,0.1382167488336563
292,-260.9176025390625,0.18151678144931793,0.08209448307752609,0.2865213453769684,4.846784591674805,-40.80573272705078,0.22087472677230835,0.14815863966941833,0.3849138021469116,0.6338803172111511,0.14815863966941833
293,-260.6913757324219,0.16333095729351044,0.08478306978940964,0.29117533564567566,4.62453031539917,-40.872711181640625,0.20293232798576355,0.1519729346036911,0.3898370563983917,0.5844290256500244,0.1519729346036911
294,-260.8154296875,0.22572161257266998,0.0957494005560875,0.3094339966773987,4.701531887054443,-40.886268615722656,0.2652325928211212,0.15224501490592957,0.3901858627796173,0.5949217677116394,0.15224501490592957
295,-260.61944580078125,0.14438459277153015,0.04876219481229782,0.22082163393497467,5.382225036621094,-40.86441421508789,0.17043408751487732,0.07478119432926178,0.2734614908695221,0.5134349465370178,0.07478119432926178
296,-260.6942138671875,0.17886941134929657,0.08431166410446167,0.29036471247673035,5.176089763641357,-40.74045944213867,0.2075878232717514,0.13541951775550842,0.36799392104148865,0.33602088689804077,0.13541951775550842
297,-260.3623962402344,0.17642079293727875,0.08279111236333847,0.2877344489097595,4.458715438842773,-40.64116668701172,0.204366073012352,0.14016376435756683,0.3743845224380493,0.5189989805221558,0.14016376435756683
298,-260.6281433105469,0.15430305898189545,0.0727149024605751,0.2696570158004761,5.2628092765808105,-40.69900131225586,0.1756753772497177,0.09353703260421753,0.3058382570743561,0.4016345143318176,0.09353703260421753
299,-260.47119140625,0.17171892523765564,0.14041569828987122,0.37472084164619446,5.202363967895508,-40.63053894042969,0.21724867820739746,0.28602296113967896,0.5348111391067505,0.5863135457038879,0.28602296113967896
300,-260.1158142089844,0.19425678253173828,0.10653223842382431,0.3263927698135376,5.137252330780029,-40.603614807128906,0.2427351474761963,0.20404791831970215,0.4517166316509247,0.3815118074417114,0.20404791831970215
301,-260.1402282714844,0.15818963944911957,0.07382196933031082,0.27170199155807495,4.114226341247559,-40.73724365234375,0.1937289983034134,0.13943515717983246,0.373410165309906,0.5402451753616333,0.13943515717983246
302,-260.0373840332031,0.1499176323413849,0.0651317834854126,0.2552092969417572,4.151506423950195,-40.70682144165039,0.1986185759305954,0.1482544094324112,0.38503819704055786,0.5964089632034302,0.1482544094324112
303,-259.9437255859375,0.17488493025302887,0.0739903450012207,0.2720116674900055,4.60673189163208,-40.815582275390625,0.19770775735378265,0.11310061812400818,0.33630436658859253,0.8361229300498962,0.11310061812400818
304,-260.264404296875,0.181840181350708,0.07109297811985016,0.26663267612457275,4.915088653564453,-40.859535217285156,0.21472011506557465,0.12436440587043762,0.3526533842086792,0.44770485162734985,0.12436440587043762
305,-260.0754699707031,0.17310930788516998,0.06527159363031387,0.25548306107521057,4.524360179901123,-40.852149963378906,0.1956814080476761,0.07631533592939377,0.27625229954719543,0.6313417553901672,0.07631533592939377
306,-260.40264892578125,0.15524263679981232,0.060807954519987106,0.2465926855802536,5.022568702697754,-40.72834014892578,0.19908152520656586,0.10259807109832764,0.3203093409538269,0.5685035586357117,0.10259807109832764
307,-260.7080993652344,0.16492000222206116,0.06653942167758942,0.25795236229896545,5.320613384246826,-40.647361755371094,0.19974568486213684,0.09992534667253494,0.31610971689224243,0.7926546335220337,0.09992534667253494
308,-261.04010009765625,0.13638544082641602,0.056418776512145996,0.23752637207508087,5.536952495574951,-40.66118621826172,0.17640754580497742,0.09813196957111359,0.3132602274417877,0.8184970617294312,0.09813196957111359
309,-260.85107421875,0.13177059590816498,0.05776317045092583,0.24033969640731812,5.7722578048706055,-40.771183013916016,0.18332839012145996,0.11878572404384613,0.34465304017066956,0.6723790764808655,0.11878572404384613
310,-260.652587890625,0.14850759506225586,0.06440337002277374,0.2537781894207001,5.145582675933838,-40.7526969909668,0.1795581728219986,0.11675255745649338,0.34169071912765503,0.4522462487220764,0.11675255745649338
311,-261.0819396972656,0.1486588418483734,0.06336171925067902,0.25171753764152527,6.1863603591918945,-40.76600646972656,0.1796390861272812,0.10948392003774643,0.33088353276252747,0.5202118158340454,0.10948392003774643
312,-261.1077880859375,0.13281017541885376,0.053366538137197495,0.2310119867324829,6.142888069152832,-40.77524948120117,0.17548096179962158,0.10320156067609787,0.32124999165534973,0.6432124972343445,0.10320156067609787
313,-261.203369140625,0.14926677942276,0.09085369110107422,0.3014194667339325,5.979849815368652,-40.87912368774414,0.18133050203323364,0.18633031845092773,0.4316599667072296,0.5195115804672241,0.18633031845092773
314,-261.1932067871094,0.13841095566749573,0.051863424479961395,0.22773543000221252,5.570198059082031,-40.91853713989258,0.15614023804664612,0.07703256607055664,0.2775474190711975,0.6655851006507874,0.07703256607055664
315,-261.2622375488281,0.1378667801618576,0.05795133486390114,0.24073083698749542,6.249299049377441,-40.96940612792969,0.17744101583957672,0.08779388666152954,0.29630032181739807,0.4916761517524719,0.08779388666152954
316,-260.900634765625,0.1960386335849762,0.09167282283306122,0.30277520418167114,4.837579250335693,-40.94403076171875,0.21269328892230988,0.09179335832595825,0.3029741942882538,0.7342261075973511,0.09179335832595825
317,-260.5178527832031,0.14260564744472504,0.07898163795471191,0.28103673458099365,5.600412368774414,-40.874778747558594,0.18834130465984344,0.1465265154838562,0.382787823677063,0.28941458463668823,0.1465265154838562
318,-260.37078857421875,0.13203126192092896,0.052796293050050735,0.22977444529533386,4.6895551681518555,-40.96321487426758,0.17377686500549316,0.07887949049472809,0.2808549404144287,0.5099458694458008,0.07887949049472809
319,-260.861572265625,0.12526321411132812,0.031850963830947876,0.17846837639808655,4.991049289703369,-41.15897750854492,0.1334330439567566,0.036186136305332184,0.19022653996944427,0.779050350189209,0.036186136305332184
320,-261.7207946777344,0.14411279559135437,0.05140087008476257,0.22671760618686676,5.8698015213012695,-41.195274353027344,0.16673636436462402,0.07148239016532898,0.26736190915107727,0.7775535583496094,0.07148239016532898
321,-261.4769287109375,0.13081315159797668,0.03027275949716568,0.17399068176746368,5.977962493896484,-41.037105560302734,0.13732196390628815,0.03038068115711212,0.17430055141448975,0.5959078073501587,0.03038068115711212
322,-261.2480773925781,0.13357678055763245,0.03108045645058155,0.17629650235176086,5.657238960266113,-40.98197937011719,0.14817309379577637,0.04184163361787796,0.2045522779226303,0.7326973080635071,0.04184163361787796
323,-260.7220153808594,0.1138492003083229,0.0315621979534626,0.17765752971172333,5.294268608093262,-40.82553482055664,0.14193139970302582,0.04767133295536041,0.21833765506744385,0.5367818474769592,0.04767133295536041
324,-260.5087585449219,0.1315767914056778,0.0363599956035614,0.19068297743797302,5.254772663116455,-40.78144073486328,0.1441413164138794,0.04077436402440071,0.20192663371562958,0.6671401262283325,0.04077436402440071
325,-260.1948547363281,0.14594869315624237,0.04295988753437996,0.2072676718235016,5.330182075500488,-40.851497650146484,0.13978613913059235,0.03604070469737053,0.18984389305114746,0.5329493880271912,0.03604070469737053
326,-260.1869812011719,0.12251493334770203,0.031999874860048294,0.1788850873708725,4.157228469848633,-41.151607513427734,0.12355335056781769,0.031011495739221573,0.17610080540180206,0.5230198502540588,0.031011495739221573
327,-260.794189453125,0.1581496149301529,0.0607696957886219,0.24651509523391724,5.16241455078125,-41.07586669921875,0.18145880103111267,0.08950290083885193,0.2991703450679779,0.456329882144928,0.08950290083885193
328,-260.54388427734375,0.1048145443201065,0.030455678701400757,0.17451556026935577,5.882449150085449,-40.98005676269531,0.1251527965068817,0.04300665855407715,0.207380473613739,0.5461837649345398,0.04300665855407715
329,-260.4412536621094,0.1182837262749672,0.028715286403894424,0.1694558560848236,5.361425876617432,-40.950836181640625,0.13104961812496185,0.03311340510845184,0.18197089433670044,0.39274799823760986,0.03311340510845184
330,-260.52459716796875,0.1309879869222641,0.038772571831941605,0.19690752029418945,5.4422807693481445,-41.036258697509766,0.13614235818386078,0.0448966845870018,0.2118883728981018,0.4760843813419342,0.0448966845870018
331,-260.3304443359375,0.15902358293533325,0.049601275473833084,0.222713440656662,4.363749027252197,-40.84309005737305,0.1755128651857376,0.08153631538152695,0.2855456471443176,0.6497291922569275,0.08153631538152695
332,-260.6383361816406,0.17496058344841003,0.04761611297726631,0.21821115911006927,5.820784568786621,-40.76358413696289,0.20832200348377228,0.06860452145338058,0.2619246542453766,0.3997558355331421,0.06860452145338058
333,-260.98931884765625,0.11353478580713272,0.03310501575469971,0.18194784224033356,6.2925615310668945,-40.944549560546875,0.16082394123077393,0.06229882314801216,0.24959732592105865,0.690191924571991,0.06229882314801216
334,-260.17584228515625,0.11580730229616165,0.03791775181889534,0.19472481310367584,5.195004940032959,-40.81943130493164,0.15032385289669037,0.0695003867149353,0.2636292576789856,0.5064209699630737,0.0695003867149353
335,-260.6938781738281,0.13047342002391815,0.039559777826070786,0.1988963931798935,4.70967960357666,-40.860965728759766,0.1438257098197937,0.06434469670057297,0.2536625564098358,0.6311982274055481,0.06434469670057297
336,-260.1756896972656,0.13352325558662415,0.04271385818719864,0.20667330920696259,5.439512252807617,-40.7222900390625,0.14517490565776825,0.06692714244127274,0.25870281457901,0.6656084656715393,0.06692714244127274
337,-260.14984130859375,0.1434587687253952,0.04208526760339737,0.2051469385623932,5.143454551696777,-40.7599983215332,0.1644073873758316,0.0625622496008873,0.250124454498291,0.642178475856781,0.0625622496008873
338,-260.2956237792969,0.15697479248046875,0.04807928577065468,0.21926988661289215,5.711760997772217,-40.809635162353516,0.18203741312026978,0.08353490382432938,0.2890240550041199,0.40182241797447205,0.08353490382432938
339,-260.27471923828125,0.11931800842285156,0.051177434623241425,0.22622430324554443,5.568969249725342,-40.7584342956543,0.16660811007022858,0.09745766222476959,0.31218209862709045,0.6656799912452698,0.09745766222476959
340,-260.1181945800781,0.12028779834508896,0.03351593762636185,0.18307358026504517,5.253050327301025,-40.84420394897461,0.1346084475517273,0.054537154734134674,0.2335319072008133,0.6983201503753662,0.054537154734134674
341,-260.5697021484375,0.14110548794269562,0.038115404546260834,0.19523167610168457,4.972349166870117,-40.87553787231445,0.15446898341178894,0.04581860080361366,0.21405279636383057,0.4860747754573822,0.04581860080361366
342,-260.5845947265625,0.14481838047504425,0.049151767045259476,0.221701979637146,5.666202545166016,-40.97565841674805,0.16452732682228088,0.049345843493938446,0.22213923931121826,0.5719213485717773,0.049345843493938446
343,-260.90155029296875,0.15878386795520782,0.04611678794026375,0.21474820375442505,5.375394344329834,-41.0009880065918,0.15466941893100739,0.03976316750049591,0.19940704107284546,0.7430119514465332,0.03976316750049591
344,-260.5846862792969,0.12127688527107239,0.02697102166712284,0.16422855854034424,6.236330986022949,-40.99762725830078,0.12455783784389496,0.02333930879831314,0.15277208387851715,0.5651076436042786,0.02333930879831314
345,-260.6639404296875,0.13129286468029022,0.027950476855039597,0.16718396544456482,5.479204177856445,-41.064544677734375,0.1421249508857727,0.034754544496536255,0.18642570078372955,0.8464885354042053,0.034754544496536255
346,-260.6053771972656,0.14847663044929504,0.04386164993047714,0.2094317376613617,4.911718845367432,-40.924644470214844,0.17878878116607666,0.06715855747461319,0.2591496706008911,0.741169273853302,0.06715855747461319
347,-260.24114990234375,0.10020676255226135,0.024000991135835648,0.15492253005504608,4.924924373626709,-40.80739974975586,0.1347111314535141,0.03781925514340401,0.19447173178195953,0.33464285731315613,0.03781925514340401
348,-260.8133544921875,0.13342167437076569,0.03061835654079914,0.1749810129404068,5.48681116104126,-40.92729187011719,0.14559675753116608,0.0338318757712841,0.18393443524837494,0.4762895703315735,0.0338318757712841
349,-260.65771484375,0.10767656564712524,0.02620684541761875,0.16188529133796692,4.895767688751221,-40.82630157470703,0.12547743320465088,0.029405880719423294,0.1714814305305481,0.6426897048950195,0.029405880719423294
350,-260.404296875,0.12123472988605499,0.02505972795188427,0.1583026498556137,4.643073558807373,-40.75439453125,0.11766981333494186,0.02113296277821064,0.14537180960178375,0.3514780104160309,0.02113296277821064
351,-260.5917053222656,0.11783667653799057,0.02957211062312126,0.17196543514728546,5.108280658721924,-40.83076095581055,0.12321670353412628,0.02684437297284603,0.16384252905845642,0.3029245436191559,0.02684437297284603
352,-260.5435791015625,0.1192571371793747,0.02735167369246483,0.16538341343402863,4.649262428283691,-40.9044075012207,0.11401382833719254,0.019727757200598717,0.14045552909374237,0.3339660167694092,0.019727757200598717
353,-260.53497314453125,0.13487525284290314,0.03571351245045662,0.18898019194602966,5.864001750946045,-40.72705078125,0.134761780500412,0.02890225499868393,0.1700066328048706,0.41321301460266113,0.02890225499868393
354,-260.5491027832031,0.1392829567193985,0.03564007952809334,0.18878580629825592,6.095616817474365,-40.71116638183594,0.12044814229011536,0.02424544095993042,0.15570947527885437,0.29992610216140747,0.02424544095993042
355,-260.37701416015625,0.1150142252445221,0.03276761248707771,0.18101826310157776,5.359116077423096,-40.67768096923828,0.10894499719142914,0.02063104510307312,0.1436351090669632,0.2648063600063324,0.02063104510307312
356,-260.16009521484375,0.1498059779405594,0.03512858971953392,0.18742622435092926,5.607311725616455,-40.58295440673828,0.1578390747308731,0.03445329889655113,0.18561600148677826,0.5685375332832336,0.03445329889655113
357,-260.3613586425781,0.09729839861392975,0.017140939831733704,0.13092340528964996,5.591553688049316,-40.66196823120117,0.1097387820482254,0.019787531346082687,0.14066815376281738,0.3753046989440918,0.019787531346082687
358,-260.38623046875,0.10931777954101562,0.023984048515558243,0.15486784279346466,6.081672191619873,-40.5856819152832,0.12401533871889114,0.02532968670129776,0.1591530293226242,0.6562929749488831,0.02532968670129776
359,-260.2529602050781,0.15016581118106842,0.0405581034719944,0.20139043033123016,5.706733226776123,-40.48012161254883,0.14694613218307495,0.03709869459271431,0.1926102191209793,0.5869261622428894,0.03709869459271431
360,-260.0072326660156,0.09680666774511337,0.024089954793453217,0.15520939230918884,5.236071586608887,-40.61861801147461,0.10313857346773148,0.020295606926083565,0.14246265590190887,0.24212956428527832,0.020295606926083565
361,-260.1836242675781,0.12055065482854843,0.026375355198979378,0.16240490972995758,5.80570650100708,-40.484012603759766,0.1190662831068039,0.02394752949476242,0.15474990010261536,0.458585649728775,0.02394752949476242
362,-260.2141418457031,0.12515631318092346,0.04515580087900162,0.21249894797801971,5.836080551147461,-40.6221923828125,0.12231806665658951,0.024859074503183365,0.1576676070690155,0.4554116725921631,0.024859074503183365
363,-260.08355712890625,0.09543632715940475,0.018337668851017952,0.135416641831398,5.4641032218933105,-40.69591522216797,0.11696090549230576,0.022601718083024025,0.15033867955207825,0.4112197756767273,0.022601718083024025
364,-260.06231689453125,0.10583846271038055,0.028028836473822594,0.16741815209388733,5.559386253356934,-40.7140007019043,0.13404932618141174,0.04392029717564583,0.2095717042684555,0.2713484764099121,0.04392029717564583
365,-260.4268493652344,0.1279580146074295,0.029640259221196175,0.1721634715795517,5.609178066253662,-40.75708770751953,0.12520290911197662,0.029825052246451378,0.17269931733608246,0.4148199260234833,0.029825052246451378
366,-260.2384948730469,0.15979138016700745,0.05053551867604256,0.22480106353759766,5.3607707023620605,-40.66960525512695,0.16767483949661255,0.07087161391973495,0.2662172317504883,0.3677363097667694,0.07087161391973495
367,-260.0160217285156,0.10439561307430267,0.027115827426314354,0.16466884315013885,5.209699630737305,-40.79951477050781,0.11898381263017654,0.03167392686009407,0.1779717057943344,0.24470321834087372,0.03167392686009407
368,-259.9920654296875,0.10933831334114075,0.02198398858308792,0.14826998114585876,6.016862869262695,-40.77817916870117,0.12180104106664658,0.026949910447001457,0.16416427493095398,0.6053740978240967,0.026949910447001457
369,-260.1164245605469,0.100736103951931,0.020601628348231316,0.1435326784849167,6.568605899810791,-40.662593841552734,0.11044071614742279,0.02238166518509388,0.14960503578186035,0.5377594232559204,0.02238166518509388
370,-259.9527587890625,0.10734065622091293,0.032248739153146744,0.17957933247089386,5.892505168914795,-40.629302978515625,0.11911739408969879,0.026564093306660652,0.1629849523305893,0.31489789485931396,0.026564093306660652
371,-260.1632995605469,0.12873579561710358,0.030968375504016876,0.17597833275794983,5.759951591491699,-40.658084869384766,0.12193787097930908,0.0269531961530447,0.16417428851127625,0.6632859110832214,0.0269531961530447
372,-260.35882568359375,0.12639157474040985,0.04525374621152878,0.21272927522659302,5.669660568237305,-40.705535888671875,0.13834451138973236,0.03183741122484207,0.17843040823936462,0.5705700516700745,0.03183741122484207
373,-259.88568115234375,0.1282927542924881,0.08843541145324707,0.2973809242248535,5.959493637084961,-40.51439666748047,0.14001697301864624,0.05192815884947777,0.22787751257419586,0.3533770740032196,0.05192815884947777
374,-260.1230163574219,0.10124722123146057,0.02790665812790394,0.16705286502838135,5.694083213806152,-40.599395751953125,0.12801435589790344,0.04678351804614067,0.21629497408866882,0.5781030654907227,0.04678351804614067
375,-259.99822998046875,0.10763273388147354,0.04448273032903671,0.21090929210186005,6.038783550262451,-40.66640090942383,0.1266956776380539,0.0446692556142807,0.21135102212429047,0.608947217464447,0.0446692556142807
376,-260.1756896972656,0.1043734923005104,0.020506374537944794,0.14320047199726105,5.814628601074219,-40.47183609008789,0.11229315400123596,0.020763764157891273,0.14409637451171875,0.17698845267295837,0.020763764157891273
377,-260.58221435546875,0.09542784094810486,0.021925659850239754,0.14807315170764923,6.770269393920898,-40.573848724365234,0.11930420249700546,0.029028385877609253,0.17037717998027802,0.14478799700737,0.029028385877609253
378,-260.27935791015625,0.10005504637956619,0.018614163622260094,0.13643373548984528,6.348077774047852,-40.59796905517578,0.11179576814174652,0.019398661330342293,0.1392790824174881,0.3279030919075012,0.019398661330342293
379,-260.7183532714844,0.12646019458770752,0.026692721992731094,0.16337907314300537,7.865243911743164,-40.5947380065918,0.13971924781799316,0.032924115657806396,0.1814500391483307,0.3979538381099701,0.032924115657806396
380,-260.60137939453125,0.11511429399251938,0.02280670404434204,0.151018887758255,7.204033374786377,-40.63865280151367,0.1235944852232933,0.024914922192692757,0.15784461796283722,0.1678382009267807,0.024914922192692757
381,-260.6543273925781,0.13929910957813263,0.047171700745821,0.2171904742717743,7.255776882171631,-40.71025085449219,0.15217091143131256,0.03184463083744049,0.17845064401626587,0.3358714282512665,0.03184463083744049
382,-260.2516784667969,0.11091963201761246,0.025866717100143433,0.16083133220672607,6.058466911315918,-40.564945220947266,0.12365967035293579,0.023748189210891724,0.15410447120666504,0.4701378345489502,0.023748189210891724
383,-260.45892333984375,0.12236771732568741,0.027756517753005028,0.16660287976264954,5.954686641693115,-40.6841926574707,0.1421310305595398,0.029471829533576965,0.17167361080646515,0.6838873028755188,0.029471829533576965
384,-260.0914611816406,0.09141414612531662,0.01657748967409134,0.12875360250473022,5.937094688415527,-40.52178192138672,0.11996128410100937,0.02253049798309803,0.15010163187980652,0.5046513080596924,0.02253049798309803
385,-260.11260986328125,0.09374356269836426,0.01797553338110447,0.13407287001609802,6.250396728515625,-40.485130310058594,0.12452210485935211,0.024437014013528824,0.15632343292236328,0.745751678943634,0.024437014013528824
386,-260.1484680175781,0.11374929547309875,0.03393330052495003,0.184209942817688,5.8638834953308105,-40.31191635131836,0.12440560013055801,0.02293752320110798,0.15145139396190643,0.6581420302391052,0.02293752320110798
387,-260.10235595703125,0.0800085961818695,0.016623619943857193,0.1289326250553131,5.863249778747559,-40.44974899291992,0.10289013385772705,0.01567699760198593,0.1252078115940094,0.2987249195575714,0.01567699760198593
388,-260.0500183105469,0.10329000651836395,0.03355506435036659,0.18318042159080505,5.903812408447266,-40.52257537841797,0.11264138668775558,0.02046617679297924,0.14306004345417023,0.4594374895095825,0.02046617679297924
389,-259.864501953125,0.1028394103050232,0.026459673419594765,0.1626642942428589,6.115227699279785,-40.432701110839844,0.11438710987567902,0.024786226451396942,0.15743641555309296,0.24265336990356445,0.024786226451396942
390,-259.9232177734375,0.15499097108840942,0.07004265487194061,0.264655739068985,5.822741508483887,-40.51991271972656,0.18059378862380981,0.11782938241958618,0.34326285123825073,0.3450329601764679,0.11782938241958618
391,-260.0262145996094,0.10469149053096771,0.028710676357150078,0.16944225132465363,5.500702381134033,-40.48295593261719,0.11691856384277344,0.022836647927761078,0.15111799538135529,0.13504911959171295,0.022836647927761078
392,-260.1490173339844,0.0984029769897461,0.02363716810941696,0.15374383330345154,5.881104946136475,-40.53110122680664,0.12586598098278046,0.0423724427819252,0.2058456838130951,0.49525830149650574,0.0423724427819252
393,-259.98663330078125,0.0968296155333519,0.022349108010530472,0.1494961827993393,5.083715915679932,-40.53932571411133,0.11838603019714355,0.02599165216088295,0.1612192690372467,0.47668713331222534,0.02599165216088295
394,-260.2427062988281,0.12290749698877335,0.06876979768276215,0.2622399628162384,5.4037652015686035,-40.58567810058594,0.17197246849536896,0.2190723568201065,0.4680516719818115,0.38461804389953613,0.2190723568201065
395,-260.365478515625,0.10425584018230438,0.024613836780190468,0.1568879783153534,5.181600570678711,-40.587154388427734,0.13236553966999054,0.0674130842089653,0.25964030623435974,0.2336200773715973,0.0674130842089653
396,-260.23834228515625,0.10163409262895584,0.024649200960993767,0.15700064599514008,5.754461288452148,-40.664154052734375,0.12309861928224564,0.03503348305821419,0.18717233836650848,0.38996291160583496,0.03503348305821419
397,-260.1248474121094,0.08635587245225906,0.015516816638410091,0.12456651777029037,5.2138776779174805,-40.486976623535156,0.10377377271652222,0.02010621316730976,0.14179638028144836,0.1455969512462616,0.02010621316730976
398,-260.0497741699219,0.09041201323270798,0.02301548793911934,0.15170855820178986,5.381036758422852,-40.54856872558594,0.1004425436258316,0.019187835976481438,0.13852016627788544,0.30814820528030396,0.019187835976481438
399,-260.3768005371094,0.12611991167068481,0.025553274899721146,0.15985392034053802,6.079551696777344,-40.578853607177734,0.13889335095882416,0.0347868949174881,0.18651245534420013,0.562655508518219,0.0347868949174881
400,-260.1861267089844,0.10981105268001556,0.022923331707715988,0.15140452980995178,5.575884819030762,-40.55201721191406,0.11026763916015625,0.021960249170660973,0.14818990230560303,0.44522660970687866,0.021960249170660973
401,-260.5086669921875,0.09483253210783005,0.020235534757375717,0.142251655459404,5.879180431365967,-40.561092376708984,0.12008660286664963,0.03788691386580467,0.19464561343193054,0.6088199019432068,0.03788691386580467
402,-260.83349609375,0.14512799680233002,0.03765739127993584,0.19405512511730194,5.9522223472595215,-40.74141311645508,0.17229051887989044,0.0633077323436737,0.25161027908325195,0.439405232667923,0.0633077323436737
403,-261.0469665527344,0.1422225683927536,0.029710324481129646,0.17236682772636414,6.302957534790039,-40.781742095947266,0.1609279364347458,0.03534621372818947,0.18800589442253113,0.27723777294158936,0.03534621372818947
404,-259.9212646484375,0.08971322327852249,0.01824752427637577,0.1350833922624588,5.687316417694092,-40.653316497802734,0.09507506340742111,0.015337188728153706,0.12384340167045593,0.26143407821655273,0.015337188728153706
405,-260.06817626953125,0.08492616564035416,0.016076792031526566,0.12679429352283478,5.314580917358398,-40.6416015625,0.09596649557352066,0.014382533729076385,0.11992720514535904,0.3779086768627167,0.014382533729076385
406,-259.8855895996094,0.13423167169094086,0.03410910442471504,0.18468649685382843,5.281057834625244,-40.57179641723633,0.1597524732351303,0.03948652371764183,0.19871217012405396,0.3203262388706207,0.03948652371764183
407,-260.42315673828125,0.11991293728351593,0.023998910561203957,0.15491582453250885,5.954668045043945,-40.55397415161133,0.14945991337299347,0.03550778329372406,0.18843509256839752,0.44496339559555054,0.03550778329372406
408,-260.4383239746094,0.11974449455738068,0.0250218715518713,0.1581830382347107,6.099160671234131,-40.609867095947266,0.1226925402879715,0.022384529933333397,0.1496146023273468,0.32745298743247986,0.022384529933333397
409,-260.3441467285156,0.10808064043521881,0.028607333078980446,0.16913703083992004,5.954020023345947,-40.64291000366211,0.12067363411188126,0.023977121338248253,0.1548454761505127,0.42370009422302246,0.023977121338248253
410,-260.4832763671875,0.07547339797019958,0.012668699957430363,0.11255531758069992,5.306532382965088,-40.607059478759766,0.08875615149736404,0.013189745135605335,0.1148466169834137,0.38851413130760193,0.013189745135605335
411,-260.4894104003906,0.10686568170785904,0.049326274544000626,0.22209519147872925,5.749663829803467,-40.686038970947266,0.1100592389702797,0.018146773800253868,0.13470996916294098,0.5775413513183594,0.018146773800253868
412,-261.0372009277344,0.08831492811441422,0.018305134028196335,0.13529646396636963,7.029268264770508,-40.6010627746582,0.09829146414995193,0.014524433761835098,0.12051735818386078,0.34477558732032776,0.014524433761835098
413,-260.8597106933594,0.09004297107458115,0.021213846281170845,0.1456497311592102,6.63631534576416,-40.50968551635742,0.11142676323652267,0.020539693534374237,0.14331676065921783,0.4149068593978882,0.020539693534374237
414,-261.232421875,0.08516374230384827,0.01839175820350647,0.1356162130832672,7.068435192108154,-40.60862731933594,0.11738234013319016,0.021871455013751984,0.14789001643657684,0.5906485915184021,0.021871455013751984
415,-260.33056640625,0.08842142671346664,0.01468831580132246,0.12119536101818085,6.452661991119385,-40.236572265625,0.10640273988246918,0.017791323363780975,0.1333841234445572,0.622650146484375,0.017791323363780975
416,-260.491455078125,0.07466541230678558,0.011599882505834103,0.10770274698734283,6.935329437255859,-40.25056838989258,0.1126037985086441,0.02217794395983219,0.1489226073026657,0.35957464575767517,0.02217794395983219
417,-260.0838928222656,0.08727116882801056,0.015311285853385925,0.12373878061771393,6.629262924194336,-40.09418869018555,0.11978230625391006,0.02183200791478157,0.14775657653808594,0.22504375874996185,0.02183200791478157
418,-260.0401611328125,0.08961249142885208,0.015373175032436848,0.12398860603570938,6.776574611663818,-40.13134765625,0.12543879449367523,0.026190467178821564,0.1618346869945526,0.14724226295948029,0.026190467178821564
419,-259.8808288574219,0.09552424401044846,0.01908276416361332,0.13814038038253784,6.021859645843506,-40.04603958129883,0.1254531443119049,0.023748448118567467,0.1541053205728531,0.16665886342525482,0.023748448118567467
420,-260.0960388183594,0.08844061195850372,0.01514756865799427,0.1230754628777504,6.536228179931641,-40.126182556152344,0.11389095336198807,0.02338508889079094,0.15292184054851532,0.5092067718505859,0.02338508889079094
421,-260.1082763671875,0.08921658247709274,0.016480296850204468,0.1283756047487259,6.574855327606201,-40.2760124206543,0.10238786041736603,0.019197732210159302,0.1385558843612671,0.5518700480461121,0.019197732210159302
422,-260.0836181640625,0.10774578899145126,0.023046420887112617,0.15181048214435577,6.310098171234131,-40.23486328125,0.12612278759479523,0.030799081549048424,0.1754966676235199,0.4179918169975281,0.030799081549048424
423,-260.1568603515625,0.0898742526769638,0.018994444981217384,0.13782033324241638,6.674177169799805,-40.21556854248047,0.10803873091936111,0.02099359780550003,0.1448916792869568,0.3897542655467987,0.02099359780550003
424,-260.49560546875,0.09450528025627136,0.019743384793400764,0.140511155128479,6.967954635620117,-40.319644927978516,0.116513192653656,0.02629193104803562,0.1621478646993637,0.2475464642047882,0.02629193104803562
425,-260.6654052734375,0.10026263445615768,0.020375823602080345,0.14274391531944275,10.481870651245117,-40.51296615600586,0.11719006299972534,0.02534683607518673,0.15920689702033997,0.2912672758102417,0.02534683607518673
426,-260.7532043457031,0.12763655185699463,0.02923383191227913,0.17097903788089752,7.494639873504639,-40.14800262451172,0.14627228677272797,0.03365521505475044,0.18345357477664948,0.4098310172557831,0.03365521505475044
427,-261.6986389160156,0.1269952654838562,0.027075443416833878,0.1645461767911911,9.790810585021973,-40.332298278808594,0.17084573209285736,0.041275504976511,0.203163743019104,2.0599141120910645,0.041275504976511
428,-261.6734924316406,0.11022545397281647,0.021633755415678024,0.14708417654037476,10.748774528503418,-40.288021087646484,0.14430217444896698,0.03396572545170784,0.18429791927337646,1.9217654466629028,0.03396572545170784
429,-261.3653564453125,0.10423434525728226,0.020799504593014717,0.14422033727169037,9.459001541137695,-40.537235260009766,0.13056977093219757,0.03067750483751297,0.17514994740486145,2.1369943618774414,0.03067750483751297
430,-261.1745910644531,0.1154024600982666,0.022311514243483543,0.14937038719654083,9.462895393371582,-40.40280532836914,0.1330675482749939,0.031000861898064613,0.17607061564922333,2.130767583847046,0.031000861898064613
431,-261.5276184082031,0.08939418196678162,0.018022119998931885,0.13424648344516754,9.610445022583008,-40.52262878417969,0.1238938719034195,0.028422076255083084,0.16858848929405212,1.3981714248657227,0.028422076255083084
432,-261.3453063964844,0.08668699860572815,0.01612068898975849,0.12696728110313416,9.123870849609375,-40.743919372558594,0.10179878771305084,0.01843598298728466,0.13577917218208313,0.5491803288459778,0.01843598298728466
433,-261.3191833496094,0.12013913691043854,0.024783765897154808,0.15742860734462738,9.153021812438965,-40.58127212524414,0.14397631585597992,0.03021758608520031,0.17383205890655518,0.8183771967887878,0.03021758608520031
434,-261.22747802734375,0.16071903705596924,0.03831426054239273,0.19574028253555298,9.878911018371582,-40.61098098754883,0.17412611842155457,0.042088061571121216,0.20515374839305878,0.9274175763130188,0.042088061571121216
435,-261.264892578125,0.08252782374620438,0.01307030487805605,0.11432543396949768,8.527392387390137,-40.62101745605469,0.0994257777929306,0.016179800033569336,0.12719984352588654,1.383984923362732,0.016179800033569336
436,-261.2330017089844,0.09109793603420258,0.014964515343308449,0.12232953310012817,8.482461929321289,-40.60134506225586,0.10892707109451294,0.018773304298520088,0.1370157152414322,1.9083162546157837,0.018773304298520088
437,-261.1797790527344,0.07519817352294922,0.010829217731952667,0.10406352579593658,8.887408256530762,-40.71617126464844,0.09447553008794785,0.01506053190678358,0.1227213591337204,1.25100576877594,0.01506053190678358
438,-261.2010498046875,0.074605792760849,0.010244161821901798,0.10121344774961472,8.728362083435059,-40.610050201416016,0.09675750136375427,0.014884657226502895,0.12200269103050232,1.3752939701080322,0.014884657226502895
439,-261.19366455078125,0.09928473085165024,0.016467737033963203,0.1283266842365265,8.766905784606934,-40.73102951049805,0.11840546876192093,0.025164224207401276,0.15863235294818878,1.6000316143035889,0.025164224207401276
440,-261.16241455078125,0.10679325461387634,0.020571662113070488,0.1434282511472702,8.647294998168945,-40.65510177612305,0.13128234446048737,0.024251213297247887,0.15572801232337952,1.7392646074295044,0.024251213297247887
441,-260.385986328125,0.12742744386196136,0.028929047286510468,0.17008541524410248,7.757551670074463,-40.61974334716797,0.1287563592195511,0.024595871567726135,0.15683071315288544,1.8725625276565552,0.024595871567726135
442,-260.4224548339844,0.10612767189741135,0.01863231509923935,0.13650023937225342,7.111141204833984,-40.649505615234375,0.13719844818115234,0.026735687628388405,0.1635105162858963,1.7572345733642578,0.026735687628388405
443,-260.41192626953125,0.10105092823505402,0.017780890688300133,0.13334500789642334,6.955227851867676,-40.576011657714844,0.12088829278945923,0.02212282456457615,0.14873743057250977,1.07247793674469,0.02212282456457615
444,-260.443359375,0.09420179575681686,0.016207443550229073,0.1273084580898285,6.697989463806152,-40.47722625732422,0.10689390450716019,0.018361857160925865,0.13550592958927155,0.37121129035949707,0.018361857160925865
445,-260.5321350097656,0.08269600570201874,0.01292135939002037,0.1136721596121788,6.7374773025512695,-40.51943588256836,0.10298417508602142,0.017206592485308647,0.13117390871047974,0.9257519841194153,0.017206592485308647
446,-260.4781799316406,0.09215898811817169,0.016127485781908035,0.1269940435886383,7.222745418548584,-40.49642562866211,0.10878464579582214,0.019401436671614647,0.1392890363931656,0.5602641701698303,0.019401436671614647
447,-260.58453369140625,0.0910688042640686,0.018593739718198776,0.1363588571548462,7.4018354415893555,-40.500648498535156,0.1055622547864914,0.018350467085838318,0.1354638934135437,0.3197862505912781,0.018350467085838318
448,-260.5309143066406,0.09626816213130951,0.017376840114593506,0.13182124495506287,8.00815200805664,-40.488548278808594,0.11806809157133102,0.023837070912122726,0.15439258515834808,0.16874784231185913,0.023837070912122726
449,-260.7247314453125,0.07511371374130249,0.011585840955376625,0.10763754695653915,7.937467575073242,-40.62744903564453,0.09968355298042297,0.01594858057796955,0.12628768384456635,0.4700479209423065,0.01594858057796955
450,-260.439697265625,0.07701210677623749,0.014753513038158417,0.12146403640508652,7.2070088386535645,-40.63945388793945,0.09729153662919998,0.01602763868868351,0.12660031020641327,0.2916375994682312,0.01602763868868351
451,-260.37310791015625,0.07211072742938995,0.010129408910870552,0.10064496099948883,6.810338020324707,-40.63159942626953,0.09977231174707413,0.01598723791539669,0.1264406442642212,0.2773464620113373,0.01598723791539669
452,-260.4602355957031,0.08226901292800903,0.012065721675753593,0.10984408110380173,6.753398418426514,-40.64735412597656,0.10911090672016144,0.019067861139774323,0.13808642327785492,0.26236605644226074,0.019067861139774323
453,-260.50555419921875,0.10012423992156982,0.018568243831396103,0.1362653374671936,7.154372692108154,-40.60135269165039,0.12041521072387695,0.023186149075627327,0.15226998925209045,0.24149373173713684,0.023186149075627327
454,-260.4284362792969,0.087941013276577,0.0175930168479681,0.13263866305351257,7.179627418518066,-40.61259460449219,0.10147932171821594,0.01859162002801895,0.1363510936498642,0.11085587739944458,0.01859162002801895
455,-260.5020751953125,0.07492095977067947,0.016584185883402824,0.1287796050310135,7.329290390014648,-40.66488265991211,0.09868745505809784,0.017439672723412514,0.13205935060977936,0.44690486788749695,0.017439672723412514
456,-260.435302734375,0.12665994465351105,0.027910470962524414,0.16706427931785583,7.163366317749023,-40.63369369506836,0.14779040217399597,0.03264310956001282,0.18067404627799988,0.3952307105064392,0.03264310956001282
457,-260.5240173339844,0.09539313614368439,0.019869733601808548,0.14096003770828247,7.194836616516113,-40.61051940917969,0.11233115941286087,0.019915644079446793,0.14112280309200287,0.20659026503562927,0.019915644079446793
458,-260.3948974609375,0.08649315685033798,0.016976146027445793,0.13029253482818604,6.771334648132324,-40.50114822387695,0.10982013493776321,0.019751228392124176,0.14053906500339508,0.2269035279750824,0.019751228392124176
459,-260.2452087402344,0.07593877613544464,0.018768124282360077,0.1369968056678772,7.706121444702148,-40.56907272338867,0.08524230867624283,0.013466755859553814,0.11604635417461395,0.4076905846595764,0.013466755859553814
460,-260.08795166015625,0.08277345448732376,0.017769865691661835,0.1333036571741104,6.72335147857666,-40.61915588378906,0.09644018858671188,0.01706392504274845,0.13062895834445953,0.47428658604621887,0.01706392504274845
461,-260.6723937988281,0.09536764025688171,0.019544294103980064,0.13980090618133545,7.609002113342285,-40.599815368652344,0.1060107946395874,0.01809358038008213,0.13451237976551056,0.33148935437202454,0.01809358038008213
462,-260.3728942871094,0.07795099914073944,0.021063290536403656,0.14513197541236877,6.674396991729736,-40.597293853759766,0.0985952764749527,0.016694476827979088,0.12920710444450378,0.25208958983421326,0.016694476827979088
463,-260.3587951660156,0.1011318564414978,0.0255434550344944,0.1598231941461563,6.617033958435059,-40.54566192626953,0.12654049694538116,0.023101842030882835,0.15199290215969086,0.2798270881175995,0.023101842030882835
464,-260.3560791015625,0.09802393615245819,0.027174368500709534,0.1648464947938919,6.714655876159668,-40.60885238647461,0.11409080028533936,0.02185695990920067,0.14784099161624908,0.31223708391189575,0.02185695990920067
465,-261.021728515625,0.07427706569433212,0.01683412492275238,0.12974639236927032,7.303326606750488,-40.627830505371094,0.09723935276269913,0.01962212473154068,0.14007899165153503,0.39501169323921204,0.01962212473154068
466,-260.04248046875,0.12178333848714828,0.02812814712524414,0.16771447658538818,6.613323211669922,-40.64457321166992,0.1430550217628479,0.02809954434633255,0.1676291823387146,0.22110934555530548,0.02809954434633255
467,-259.9364318847656,0.08215641975402832,0.017484448850154877,0.1322287768125534,6.525301456451416,-40.57860565185547,0.10845929384231567,0.023117611184716225,0.15204477310180664,0.3534383773803711,0.023117611184716225
468,-259.6673583984375,0.08531349897384644,0.018240541219711304,0.13505755364894867,6.2526631355285645,-40.60321807861328,0.11268313229084015,0.02247929945588112,0.14993098378181458,1.0307832956314087,0.02247929945588112
469,-259.7489013671875,0.087249256670475,0.021405374631285667,0.14630575478076935,6.6422224044799805,-40.62993240356445,0.10378830879926682,0.017322273924946785,0.1316141039133072,1.1052552461624146,0.017322273924946785
470,-259.72467041015625,0.08065033704042435,0.01412108726799488,0.11883217841386795,7.232996463775635,-40.43857192993164,0.1061672493815422,0.02097325026988983,0.14482145011425018,1.0409975051879883,0.02097325026988983
471,-260.064208984375,0.10248486697673798,0.018452975898981094,0.1358417272567749,6.769597053527832,-40.2685546875,0.1178455650806427,0.023905416950583458,0.15461376309394836,1.1932804584503174,0.023905416950583458
472,-260.1045837402344,0.08509320765733719,0.017088571563363075,0.1307232677936554,7.0331854820251465,-40.03981399536133,0.11545795947313309,0.025899313390254974,0.16093263030052185,1.2716772556304932,0.025899313390254974
473,-260.4840087890625,0.08014620840549469,0.011879842728376389,0.10899469256401062,9.237147331237793,-40.09857940673828,0.10654374957084656,0.021130841225385666,0.14536450803279877,0.28632640838623047,0.021130841225385666
474,-260.3953552246094,0.09662070870399475,0.027034664526581764,0.16442221403121948,10.472454071044922,-40.180519104003906,0.11183010041713715,0.02074114792048931,0.14401787519454956,0.9813940525054932,0.02074114792048931
475,-260.5105895996094,0.07746213674545288,0.021847322583198547,0.14780840277671814,9.624772071838379,-40.378082275390625,0.11153010278940201,0.018976785242557526,0.13775625824928284,1.2292858362197876,0.018976785242557526
476,-260.2976379394531,0.08508768677711487,0.02644442208111286,0.16261741518974304,7.978750705718994,-40.365440368652344,0.11986169219017029,0.02578931301832199,0.1605905145406723,1.197888731956482,0.02578931301832199
477,-261.0384216308594,0.08141693472862244,0.03398096188902855,0.1843392550945282,9.455556869506836,-40.50943374633789,0.10371971875429153,0.01867304928600788,0.13664937019348145,1.3084710836410522,0.01867304928600788
478,-260.39544677734375,0.08375786989927292,0.027211420238018036,0.16495884954929352,6.739833354949951,-40.532806396484375,0.10155538469552994,0.018230872228741646,0.13502174615859985,0.44438138604164124,0.018230872228741646
479,-260.4648132324219,0.08694306015968323,0.04176614060997963,0.20436766743659973,6.997796535491943,-40.53746032714844,0.10873408615589142,0.022041212767362595,0.14846283197402954,0.672407865524292,0.022041212767362595
480,-260.599853515625,0.08746565133333206,0.028567099943757057,0.16901804506778717,6.443721771240234,-40.64298629760742,0.10212001204490662,0.018300553783774376,0.13527953624725342,0.22107912600040436,0.018300553783774376
481,-260.1314392089844,0.08265380561351776,0.02493000589311123,0.1578923910856247,6.624475002288818,-40.70108413696289,0.11337536573410034,0.025830592960119247,0.16071899235248566,0.3825214207172394,0.025830592960119247
482,-260.3528137207031,0.09023745357990265,0.03112049028277397,0.1764100044965744,7.599475383758545,-40.681705474853516,0.10591495782136917,0.022879106923937798,0.1512584090232849,0.4590340256690979,0.022879106923937798
483,-260.2606201171875,0.12941160798072815,0.056106287986040115,0.23686766624450684,6.275622844696045,-40.57635498046875,0.159851536154747,0.04095415771007538,0.20237132906913757,0.33106565475463867,0.04095415771007538
484,-260.26190185546875,0.08656270802021027,0.028486989438533783,0.16878089308738708,7.084069728851318,-40.5812873840332,0.11378220468759537,0.019773082807660103,0.1406167894601822,0.2319290041923523,0.019773082807660103
485,-260.1926574707031,0.08388340473175049,0.026762301102280617,0.1635918766260147,6.907818794250488,-40.56879425048828,0.10290585458278656,0.01778249628841877,0.13335102796554565,0.15676841139793396,0.01778249628841877
486,-260.4837341308594,0.07668696343898773,0.013806481845676899,0.11750098317861557,7.402572154998779,-40.63628387451172,0.10926695913076401,0.022456731647253036,0.14985570311546326,0.21248306334018707,0.022456731647253036
487,-260.2357482910156,0.07733317464590073,0.014157770201563835,0.11898642778396606,7.1037187576293945,-40.651092529296875,0.11431115120649338,0.026082009077072144,0.1614992469549179,0.27519288659095764,0.026082009077072144
488,-260.2465515136719,0.07282853871583939,0.009584223851561546,0.09789904952049255,6.230714321136475,-40.63376235961914,0.0955997034907341,0.018135247752070427,0.13466717302799225,0.28039494156837463,0.018135247752070427
489,-260.4696044921875,0.0959169864654541,0.015220949426293373,0.12337321043014526,7.790153980255127,-40.62173080444336,0.10982286185026169,0.02282615751028061,0.15108327567577362,0.2545337677001953,0.02282615751028061
490,-260.1958312988281,0.08756349980831146,0.016574295237660408,0.12874118983745575,6.5079874992370605,-40.59423828125,0.10311364382505417,0.022161968052387238,0.14886896312236786,0.19308805465698242,0.022161968052387238
491,-260.27154541015625,0.07368335127830505,0.01712580770254135,0.13086560368537903,6.241127014160156,-40.6487922668457,0.09804683178663254,0.021396255120635033,0.14627458155155182,0.34796634316444397,0.021396255120635033
492,-260.49322509765625,0.0821763351559639,0.017513804137706757,0.1323397308588028,6.245263576507568,-40.63264083862305,0.1067613735795021,0.023377295583486557,0.15289635956287384,0.30422812700271606,0.023377295583486557
493,-260.2034606933594,0.10722444206476212,0.020824331790208817,0.14430637657642365,5.818868160247803,-40.59147644042969,0.11762196570634842,0.023007145151495934,0.1516810655593872,0.18111035227775574,0.023007145151495934
494,-260.0840759277344,0.0883743092417717,0.037775151431560516,0.19435830414295197,5.796523571014404,-40.58591842651367,0.10202596336603165,0.02274330146610737,0.15080882608890533,0.383728951215744,0.02274330146610737
495,-259.69415283203125,0.0956062451004982,0.0205075740814209,0.14320465922355652,5.190791606903076,-40.600128173828125,0.12350200861692429,0.02636953629553318,0.16238699853420258,0.2846246659755707,0.02636953629553318
496,-260.1084289550781,0.11062809079885483,0.036820653825998306,0.19188708066940308,5.313222885131836,-40.61176681518555,0.15540418028831482,0.1033577248454094,0.3214929699897766,0.40096932649612427,0.1033577248454094
497,-259.8316955566406,0.08573593944311142,0.015440350398421288,0.12425920367240906,6.005184650421143,-40.59473419189453,0.11079063266515732,0.03689289093017578,0.1920752227306366,0.20425109565258026,0.03689289093017578
498,-259.8348388671875,0.08686461299657822,0.013318429701030254,0.11540549993515015,5.277612209320068,-40.61237335205078,0.11387084424495697,0.02193574234843254,0.14810720086097717,0.13669125735759735,0.02193574234843254
499,-259.9303283691406,0.08140870928764343,0.02708391845226288,0.16457192599773407,5.741127014160156,-40.64585876464844,0.12411229312419891,0.025504959747195244,0.15970271825790405,0.13542568683624268,0.025504959747195244
500,-260.0015563964844,0.08367311954498291,0.02507707290351391,0.1583574265241623,5.66043758392334,-40.63220977783203,0.10828561335802078,0.02355978451669216,0.15349197387695312,0.1715508997440338,0.02355978451669216
501,-260.13116455078125,0.08500880002975464,0.012940171174705029,0.11375487595796585,5.982244491577148,-40.642494201660156,0.10947911441326141,0.019946029409766197,0.14123041927814484,0.16424402594566345,0.019946029409766197
502,-260.2362365722656,0.0774368867278099,0.014535568654537201,0.12056354433298111,6.333590984344482,-40.64759826660156,0.11938757449388504,0.022557340562343597,0.15019100904464722,0.31271687150001526,0.022557340562343597
503,-260.21588134765625,0.10173753648996353,0.023580720648169518,0.15356014668941498,6.8736138343811035,-40.638397216796875,0.13190384209156036,0.02860366553068161,0.16912618279457092,0.38785627484321594,0.02860366553068161
504,-260.32135009765625,0.09713932126760483,0.015892695635557175,0.12606623768806458,6.497215747833252,-40.5911750793457,0.1139310896396637,0.02029925212264061,0.1424754410982132,0.34012725949287415,0.02029925212264061
505,-260.1107177734375,0.1161639466881752,0.02679760940372944,0.16369976103305817,7.069057941436768,-40.506893157958984,0.13049034774303436,0.027881847694516182,0.16697858273983002,0.4515531063079834,0.027881847694516182
506,-260.06781005859375,0.08863487839698792,0.02617849037051201,0.1617976874113083,6.248076915740967,-40.636627197265625,0.1216563954949379,0.025607848539948463,0.1600245237350464,0.2355315387248993,0.025607848539948463
507,-260.0180969238281,0.08657868951559067,0.022079937160015106,0.14859318733215332,6.474473476409912,-40.66927719116211,0.11134271323680878,0.025684518739581108,0.16026389598846436,1.1792274713516235,0.025684518739581108
508,-260.04840087890625,0.10106007754802704,0.04494233801960945,0.21199607849121094,5.528388977050781,-40.719478607177734,0.11690149456262589,0.026659728959202766,0.16327807307243347,0.9615535140037537,0.026659728959202766
509,-259.8750915527344,0.09316001832485199,0.029575593769550323,0.17197556793689728,5.759387493133545,-40.63962936401367,0.10575354844331741,0.03129938617348671,0.17691633105278015,1.0020145177841187,0.03129938617348671
510,-259.9480285644531,0.08066977560520172,0.02229245938360691,0.14930659532546997,6.47112512588501,-40.614688873291016,0.11349328607320786,0.030267978087067604,0.17397694289684296,1.124764323234558,0.030267978087067604
