cif,real_x,pred_x,diff1,real_y,pred_y,diff2,Total_energy per atom,Edecomp (meV/atom)
POSCAR_a7b1b2_14_As7Cs2Na1_icsd_423080_Rb_Cs_P,-4.489586576,-9.924250603,5.434664027,-4.489586353,-4.102861881,0.386724472,-4.489586576,-1843.7
POSCAR_a7b1b2_14_As7Cs2Na1_icsd_423080_K_Rb_P,-4.513336447,-12.74088192,8.227545473,-4.513336658,-4.070693016,0.442643642,-4.513336447,-1835.1
POSCAR_a7b1b2_14_As7Cs2Na1_icsd_423080_Rb_K_P,-4.508087901,-11.49763107,6.989543169,-4.508088112,-4.05951786,0.448570252,-4.508087901,-1829.8
POSCAR_a7b1b2_14_As7Cs2Na1_icsd_423080_Cs_Na_P,-4.506871358,-11.34502506,6.838153702,-4.506871223,-4.081847191,0.425024032,-4.506871358,-1689
POSCAR_a4b1d1_62_Ga1K1Sb4_icsd_300158_P_Cs_Tl,-4.110465846,-5.738384247,1.627918401,-4.110466003,-4.477309227,0.366843224,-4.110465846,-1421.1
POSCAR_a7b1b2_14_As7Cs2Na1_icsd_423080_Cs_K_As,-3.932416125,-8.91263485,4.980218725,-3.932416201,-3.75674057,0.175675631,-3.932416125,-1388.1
POSCAR_a1b1c1_187_As1K1Zn1_icsd_010459_Zn_K_As,-4.237250682,-2.934719801,1.302530881,-4.237250805,-3.009512424,1.227738381,-4.237250682,-1380.4
POSCAR_a7b1b2_14_As7Cs2Na1_icsd_423080_Rb_K_As,-3.928715948,-9.172990799,5.244274851,-3.928715944,-3.59052825,0.338187694,-3.928715948,-1340.6
POSCAR_a7b1b2_14_As7Cs2Na1_icsd_423080_Na_Cs_As,-3.895656417,-8.73614502,4.840488603,-3.895656347,-3.281354427,0.61430192,-3.895656417,-1324.6
POSCAR_a7b1b2_14_As7Cs2Na1_icsd_423080_Rb_Na_As,-3.924182745,-8.710146904,4.785964159,-3.924182653,-3.335778713,0.58840394,-3.924182745,-1223.9
POSCAR_a7b1b2_14_As7Cs2Na1_icsd_423080_Li_Cs_As,-4.061164057,-9.293792725,5.232628668,-4.061163902,-3.335819483,0.725344419,-4.061164057,-1171.8
POSCAR_a5d1_26_P5Tl1_icsd_015021_P_Ga,-4.971219174,-10.25255394,5.281334766,-4.971219063,-4.016196251,0.955022812,-4.971219174,-1121.2
POSCAR_a7b1b2_14_As7Cs2Na1_icsd_423080_Cs_Rb_Sb,-3.444034122,-7.455870628,4.011836506,-3.4440341,-3.034235239,0.409798861,-3.444034122,-1065.2
POSCAR_a4b1d1_62_Ga1K1Sb4_icsd_300158_P_Na_Ga,-4.567627922,-6.424080849,1.856452927,-4.567627907,-3.90762949,0.659998417,-4.567627922,-1043.5
POSCAR_a7b1b2_14_As7Cs2Na1_icsd_423080_Rb_Rb_Sb,-3.441113804,-9.698530197,6.257416393,-3.44111371,-2.96873045,0.47238326,-3.441113804,-1039.9
POSCAR_a3d1_166_In1P3_icsd_037073_P_Ga,-4.86514223,-3.928099155,0.937043075,-4.865142345,-4.135374546,0.729767799,-4.86514223,-1015.1
POSCAR_a7b1b2_14_As7Cs2Na1_icsd_423080_Rb_Cs_Bi,-3.320749017,-3.61721921,0.296470193,-3.320749044,-2.837764978,0.482984066,-3.320749017,-1013.4
POSCAR_a7b1b2_14_As7Cs2Na1_icsd_423080_Cs_Rb_Bi,-3.311284941,-3.268730879,0.042554062,-3.311285019,-2.898276806,0.413008213,-3.311284941,-1003.9
POSCAR_a7b1b2_14_As7Cs2Na1_icsd_423080_K_Rb_Sb,-3.459155773,-8.229676247,4.770520474,-3.459155798,-2.838840723,0.620315075,-3.459155773,-990.1
POSCAR_a5b1c2_36_As5Ba2K1_icsd_414140_Cs_As_Ba,-4.210523281,-4.911043167,0.700519886,-4.210523129,-4.178534031,0.031989098,-4.210523281,-987.2
POSCAR_a7b1b2_14_As7Cs2Na1_icsd_423080_Li_Li_P,-4.689123811,-13.73445606,9.045332249,-4.689123631,-3.906696558,0.782427073,-4.689123811,-975.9
POSCAR_a7b1_57_Cs1P7_icsd_428141_Na_As,-4.330028292,-9.560412407,5.230384115,-4.330028057,-3.375908613,0.954119444,-4.330028292,-966.3
POSCAR_a4b1d1_62_Ga1K1Sb4_icsd_300158_As_K_Tl,-3.81066325,-6.180135727,2.369472477,-3.810663223,-3.624175549,0.186487674,-3.81066325,-940.3
POSCAR_a7b1b2_14_As7Cs2Na1_icsd_423080_Rb_K_Bi,-3.323265426,-4.177857876,0.85459245,-3.323265314,-2.675480604,0.64778471,-3.323265426,-923.2
POSCAR_a7b1b2_14_As7Cs2Na1_icsd_423080_Rb_Na_Sb,-3.443036322,-8.27970314,4.836666818,-3.443036318,-2.65730381,0.785732508,-3.443036322,-893.9
POSCAR_a5b1_33_Li1P5_icsd_088710_Sb_Rb,-3.678757873,-5.638586044,1.959828171,-3.678757906,-2.672954559,1.005803347,-3.678757873,-882
POSCAR_a5b1_62_Na1P5_icsd_099177_Rb_Sb,-3.67854044,-5.607619286,1.929078846,-3.678540468,-2.668246031,1.010294437,-3.67854044,-881.8
POSCAR_a5b1_62_Na1P5_icsd_099177_Cs_Sb,-3.673423598,-5.076814651,1.403391053,-3.673423529,-2.821504593,0.851918936,-3.673423598,-870.9
POSCAR_a3b1e3_26_Ge3Na1P3_icsd_184000_Cs_Ge_As,-4.300679119,-4.344260216,0.043581097,-4.300679207,-3.325475931,0.975203276,-4.300679119,-864
POSCAR_a7b3_76_Cs3P7_icsd_062259_K_P,-4.523746142,-14.61287117,10.08912503,-4.523746014,-4.108271122,0.415474892,-4.523746142,-863.1
POSCAR_a5b1_33_Li1P5_icsd_088710_Sb_Cs,-3.664990187,-5.230687141,1.565696954,-3.664990187,-2.700014114,0.964976073,-3.664990187,-862.4
POSCAR_a7b1b2_14_As7Cs2Na1_icsd_423080_K_Na_Sb,-3.461433727,-7.710518837,4.24908511,-3.461433649,-2.644632816,0.816800833,-3.461433727,-849.8
POSCAR_a5b1_33_Li1P5_icsd_088710_P_Li,-5.014813871,-9.219049454,4.204235583,-5.0148139,-3.874538422,1.140275478,-5.014813871,-847.3
POSCAR_a5d1_26_P5Tl1_icsd_015021_As_Tl,-4.269578486,-7.21216011,2.942581624,-4.269578457,-3.635482788,0.634095669,-4.269578486,-825.6
POSCAR_a5c1_4_P5Yb1_icsd_409180_Bi_Hg,-3.392399056,-2.544466734,0.847932322,-3.392399073,-2.791911602,0.600487471,-3.392399056,-812
POSCAR_a5b1c2_36_As5Ba2K1_icsd_414140_K_P_Cd,-3.779831061,-3.806250334,0.026419273,-3.779831171,-3.629074574,0.150756597,-3.779831061,-803.7
POSCAR_a4b1d1_62_Ga1K1Sb4_icsd_300158_P_Cs_Al,-4.578315962,-5.911384583,1.333068621,-4.578315735,-4.040969849,0.537345886,-4.578315962,-802.7
POSCAR_a4b1d1_62_Ga1K1Sb4_icsd_300158_As_K_In,-3.986138873,-6.372263908,2.386125035,-3.986138821,-3.6432302,0.342908621,-3.986138873,-801.9
POSCAR_a1d1_216_Al1Sb1_icsd_041994_P_Al,-5.016833396,-5.110103607,0.093270211,-5.016833305,-3.448073149,1.568760156,-5.016833396,-796.8
POSCAR_a1d1_205_As1In1_icsd_041993_P_Al,-5.016833374,-5.109505177,0.092671803,-5.016833305,-3.448077917,1.568755388,-5.016833374,-796.8
POSCAR_a4b1d1_62_Ga1K1Sb4_icsd_300158_As_Cs_Al,-4.206101967,-5.867541313,1.661439346,-4.206101894,-3.330171347,0.875930547,-4.206101967,-766.3
POSCAR_a5b1c2_36_As5Ba2K1_icsd_414140_Na_P_Hg,-3.575265026,-3.373122215,0.202142811,-3.575264931,-3.193781853,0.381483078,-3.575265026,-748.4
POSCAR_a4b1d1_62_Ga1K1Sb4_icsd_300158_Bi_Rb_Ga,-3.501427694,-3.967262983,0.465835289,-3.50142765,-2.829536915,0.671890735,-3.501427694,-748.1
POSCAR_a7b3_76_Cs3P7_icsd_062259_K_As,-3.941282976,-10.38527489,6.443991914,-3.941282988,-3.593735933,0.347547055,-3.941282976,-745.9
POSCAR_a12b4c8d4_12_Al4Eu8Na4P12_icsd_409320_Ba_Rb_In_P,-4.091339379,-8.352355957,4.261016578,-4.091339588,-4.126167297,0.034827709,-4.091339379,-745.5
POSCAR_a12b4c8d4_12_Al4Eu8Na4P12_icsd_409320_Ba_Na_In_P,-4.203046952,-9.527606964,5.324560012,-4.203046799,-4.115103245,0.087943554,-4.203046952,-744.9
POSCAR_a12b4c8d4_12_Al4Eu8Na4P12_icsd_409320_Ba_Cs_Tl_As,-3.640644436,-7.104406357,3.463761921,-3.64064455,-3.669977427,0.029332877,-3.640644436,-738.7
POSCAR_a5c1_11_P5Yb1_icsd_409180_Bi_Cd,-3.532305845,-2.767335415,0.76497043,-3.532305956,-2.978818178,0.553487778,-3.532305845,-731.3
POSCAR_a4c1_14_Mg1P4_icsd_000113_Sb_Hg,-3.294236013,-2.547082663,0.74715335,-3.294235945,-2.19879055,1.095445395,-3.294236013,-729.4
POSCAR_a7b1_57_Cs1P7_icsd_428141_K_Sb,-3.736116345,-8.115486145,4.3793698,-3.736116409,-2.50242877,1.233687639,-3.736116345,-727.8
POSCAR_a4b1d1_62_Ga1K1Sb4_icsd_300158_Sb_Rb_In,-3.569049386,-4.333487511,0.764438125,-3.569049358,-2.83694911,0.732100248,-3.569049386,-707.2
POSCAR_a12b4c8d4_12_Al4Eu8Na4P12_icsd_409320_Ge_Rb_Tl_P,-4.107693519,-7.615034103,3.507340584,-4.107693672,-3.752774477,0.354919195,-4.107693519,-704.7
POSCAR_a4b1d1_62_Ga1K1Sb4_icsd_300158_Sb_Cs_Tl,-3.413485988,-4.005122185,0.591636197,-3.413486004,-2.904829979,0.508656025,-3.413485988,-703.1
POSCAR_a5b1_62_Na1P5_icsd_099177_K_Sb,-3.698540707,-5.558216095,1.859675388,-3.698540688,-2.599541187,1.098999501,-3.698540707,-690.2
POSCAR_a5b1c2_36_As5Ba2K1_icsd_414140_K_As_Ca,-4.178948048,-4.895734787,0.716786739,-4.178947926,-4.015215397,0.163732529,-4.178948048,-682.7
POSCAR_a12b4c8d4_12_Al4Eu8Na4P12_icsd_409320_Sr_Na_Al_P,-4.423015305,-10.3485775,5.925562195,-4.423015118,-3.968448639,0.454566479,-4.423015305,-674.8
POSCAR_a4b1d1_62_Ga1K1Sb4_icsd_300158_Sb_Rb_Ga,-3.644383519,-4.547038078,0.902654559,-3.64438343,-2.829937935,0.814445495,-3.644383519,-670.6
POSCAR_a12b4c8d4_12_Al4Eu8Na4P12_icsd_409320_Ba_Rb_Tl_As,-3.675301977,-6.753379822,3.078077845,-3.675302029,-3.708023071,0.032721042,-3.675301978,-670
POSCAR_a2b1c2_139_Cs1Mn2P2_icsd_095837_Cs_P_Ge,-4.320962712,-3.081245422,1.23971729,-4.320962906,-4.05494976,0.266013146,-4.320962712,-662.8
POSCAR_a12b4c8d4_12_Al4Eu8Na4P12_icsd_409320_Ba_Cs_Al_P,-4.312105295,-9.190215111,4.878109816,-4.312105179,-4.154825687,0.157279492,-4.312105295,-660.9
POSCAR_a12b4c8d4_12_Al4Eu8Na4P12_icsd_409320_Si_Na_In_P,-4.559031526,-7.462983131,2.903951605,-4.559031487,-3.440335035,1.118696452,-4.559031526,-659.6
POSCAR_a12b4c8d4_12_Al4Eu8Na4P12_icsd_409320_Be_Cs_Tl_As,-3.562431123,-6.834364891,3.271933768,-3.562431097,-3.473761082,0.088670015,-3.562431123,-659.5
POSCAR_a5b1c2_36_As5Ba2K1_icsd_414140_Cs_As_Mg,-3.584029291,-4.353225708,0.769196417,-3.584029198,-3.30458951,0.279439688,-3.584029291,-654.7
POSCAR_a3b1e3_26_Ge3Na1P3_icsd_184000_K_Ge_P,-4.656845425,-4.811612129,0.154766704,-4.65684557,-4.025771141,0.631074429,-4.656845425,-647
POSCAR_a3b1e3_26_Ge3Na1P3_icsd_184000_Na_Ge_P,-4.655043939,-4.666485786,0.011441847,-4.655044079,-3.825370789,0.82967329,-4.655043939,-640.9
POSCAR_a6b4_70_K4P6_icsd_033260_As_Cs,-3.595522985,-4.977129936,1.381606951,-3.595522881,-3.818870544,0.223347663,-3.595522985,-640.5
POSCAR_a12b4c8d4_12_Al4Eu8Na4P12_icsd_409320_Ba_Na_In_As,-3.93706284,-7.848889351,3.911826511,-3.93706274,-3.81199646,0.12506628,-3.93706284,-633.5
POSCAR_a12b4c8d4_12_Al4Eu8Na4P12_icsd_409320_Si_Cs_Ga_P,-4.508267103,-7.175336838,2.667069735,-4.508266926,-3.766907692,0.741359234,-4.508267103,-632.8
POSCAR_a4b1d1_62_Ga1K1Sb4_icsd_300158_Sb_K_Tl,-3.436178204,-4.20132637,0.765148166,-3.436178207,-2.792834759,0.643343448,-3.436178204,-626.8
POSCAR_a7b1b2_14_As7Cs2Na1_icsd_423080_K_Li_Sb,-3.52181532,-7.787856102,4.266040782,-3.5218153,-2.649020195,0.872795105,-3.52181532,-625.7
POSCAR_a10c1_36_Ba1P10_icsd_035295_P_Sr,-5.285619224,-8.966413498,3.680794274,-5.285619259,-3.987888813,1.297730446,-5.285619224,-621.3
POSCAR_a4b1d1_62_Ga1K1Sb4_icsd_300158_Bi_Cs_Al,-3.600084895,-3.498584032,0.101500863,-3.600084782,-2.773539305,0.826545477,-3.600084895,-615.1
POSCAR_a6b2c3c4_63_As6Ba4Cd3Li2_icsd_427778_P_Rb_Sr_Hg,-3.432779174,-5.004971981,1.572192807,-3.432779074,-3.729658127,0.296879053,-3.432779174,-614
POSCAR_a4b1d1_62_Ga1K1Sb4_icsd_300158_Sb_Cs_Al,-3.753701648,-3.945076942,0.191375294,-3.753701687,-2.70951128,1.044190407,-3.753701648,-611.4
POSCAR_a5d1_26_P5Tl1_icsd_015021_As_Ga,-4.348786968,-7.150568962,2.801781994,-4.348786831,-3.655926466,0.692860365,-4.348786968,-608.8
POSCAR_a3b1e3_26_Ge3Na1P3_icsd_184000_Rb_Si_As,-4.629956919,-3.703006029,0.92695089,-4.629956722,-3.136774778,1.493181944,-4.629956919,-597.5
POSCAR_a12b4c8d4_12_Al4Eu8Na4P12_icsd_409320_Sr_Na_Tl_As,-3.671874399,-7.803733826,4.131859427,-3.671874285,-3.503571749,0.168302536,-3.671874399,-590.8
POSCAR_a4b1d1_62_Ga1K1Sb4_icsd_300158_Sb_Na_In,-3.543454884,-4.070796013,0.527341129,-3.543454885,-2.633992434,0.909462451,-3.543454884,-582.1
POSCAR_a12b4c8d4_12_Al4Eu8Na4P12_icsd_409320_Be_Cs_In_P,-3.998631604,-9.122635841,5.124004237,-3.998631716,-4.319779396,0.32114768,-3.998631604,-581.8
POSCAR_a7e1_14_P7Pb1_icsd_427804_Pb_P,-5.197987746,-12.28635979,7.088372044,-5.197987556,-4.008718967,1.189268589,-5.197987746,-577.7
POSCAR_a4b1d1_62_Ga1K1Sb4_icsd_300158_Bi_K_In,-3.463616393,-3.99793005,0.534313657,-3.463616371,-2.889886141,0.57373023,-3.463616393,-572
POSCAR_a12b4c8d4_12_Al4Eu8Na4P12_icsd_409320_Sr_K_Tl_As,-3.600235401,-7.724455833,4.124220432,-3.600235462,-3.599051476,0.001183986,-3.600235401,-571.2
POSCAR_a6b2c3c4_63_As6Ba4Cd3Li2_icsd_427778_P_Rb_Be_Zn,-3.814049498,-5.862285614,2.048236116,-3.814049482,-4.001174927,0.187125445,-3.814049498,-570.6
POSCAR_a12b4c8d4_12_Al4Eu8Na4P12_icsd_409320_Ca_Cs_In_P,-3.934323549,-8.204211235,4.269887686,-3.934323549,-4.184019566,0.249696017,-3.934323549,-569
POSCAR_a4b3d3_52_As4Ga3K3_icsd_040206_Cs_P_Tl,-3.241185152,-7.170666695,3.929481543,-3.241185188,-3.471869469,0.230684281,-3.241185152,-551.9
POSCAR_a7b1_57_Cs1P7_icsd_428141_Li_As,-4.401555227,-9.151842117,4.75028689,-4.401555061,-3.404893398,0.996661663,-4.401555227,-547.6
POSCAR_a3c1_14_Ba1P3_icsd_426771_Sb_Hg,-3.111812275,-2.544468164,0.567344111,-3.111812353,-2.150871754,0.960940599,-3.111812275,-547
POSCAR_a12b4c8d4_12_Al4Eu8Na4P12_icsd_409320_Sr_Li_In_P,-4.248301296,-9.157346725,4.909045429,-4.248301506,-4.185072899,0.063228607,-4.248301296,-545.7
POSCAR_a2b2d1_14_As2Ga1K2_icsd_300142_Cs_P_Tl,-3.234364324,-6.959309578,3.724945254,-3.234364271,-3.451537371,0.2171731,-3.234364324,-545
POSCAR_a2b1_12_Rb1Sb2_icsd_419402_Bi_Cs,-3.25544562,-2.709146738,0.546298882,-3.255445719,-2.950927019,0.3045187,-3.25544562,-543.9
POSCAR_a3b1e3_26_Ge3Na1P3_icsd_184000_Li_Si_P,-5.147917874,-4.077284813,1.070633061,-5.147917747,-3.344037056,1.803880691,-5.147917874,-538.7
POSCAR_a3d1_166_In1P3_icsd_037073_As_Tl,-3.981345761,-3.610781193,0.370564568,-3.981345654,-3.672488213,0.308857441,-3.981345761,-537.3
POSCAR_a4b1d1_62_Ga1K1Sb4_icsd_300158_Sb_Na_Ga,-3.620916709,-4.397758484,0.776841775,-3.620916605,-2.616163731,1.004752874,-3.620916709,-536.7
POSCAR_a12b4c8d4_12_Al4Eu8Na4P12_icsd_409320_Sn_Rb_In_P,-4.062695305,-6.89941597,2.836720665,-4.062695503,-3.678111553,0.38458395,-4.062695305,-535.7
POSCAR_a4c1_2_Mn1P4_icsd_001829_Bi_Cd,-3.333120128,-2.544466734,0.788653394,-3.333120108,-2.8593328,0.473787308,-3.333120128,-532.2
POSCAR_a3d1_166_In1P3_icsd_037073_Sb_In,-3.806651885,-3.040676117,0.765975768,-3.806651831,-2.856664658,0.949987173,-3.806651885,-531.7
POSCAR_a6c5d2_55_Ca5Ga2Sb6_icsd_036466_As_Ba_Tl,-4.0728548,-5.764071465,1.691216665,-4.072854996,-4.048336983,0.024518013,-4.0728548,-523.6
POSCAR_a5b1c2_36_As5Ba2K1_icsd_414140_Rb_Bi_Ca,-3.561789921,-3.274220228,0.287569693,-3.561789989,-3.035750628,0.526039361,-3.561789921,-521.9
POSCAR_a12b4c8d4_12_Al4Eu8Na4P12_icsd_409320_Be_Cs_Ga_P,-4.06037903,-9.739483833,5.679104803,-4.060379028,-4.318137169,0.257758141,-4.06037903,-519
POSCAR_a3b1c2c2_62_Ba2Cd2K1Sb3_icsd_420620_As_Cs_Ba_Ge,-4.100177018,-6.626624107,2.526447089,-4.100176811,-3.824744225,0.275432586,-4.100177018,-517.6
POSCAR_a5b1c2_36_As5Ba2K1_icsd_414140_Rb_As_Mg,-3.582453203,-4.254788399,0.672335196,-3.582453251,-3.253690243,0.328763008,-3.582453203,-515.3
POSCAR_a9c11d1_45_Ca11In1Sb9_icsd_042371_Bi_Ca_Tl,-3.709600795,-6.205576897,2.495976102,-3.709600687,-3.247332573,0.462268114,-3.709600795,-507.6
POSCAR_a5b1c2_36_As5Ba2K1_icsd_414140_K_P_Si,-4.87115575,-4.642534256,0.228621494,-4.871155739,-3.731973886,1.139181853,-4.87115575,-507.1
POSCAR_a4b3c3d1_186_Al1Ca3Na3Sb4_icsd_291242_Cs_Ge_Tl_As,-3.56895631,-5.031544685,1.462588375,-3.568956375,-3.134199142,0.434757233,-3.56895631,-506.9
POSCAR_a5b1c2_36_As5Ba2K1_icsd_414140_K_Sb_Hg,-2.809897371,-2.544466734,0.265430637,-2.809897423,-2.349583387,0.460314036,-2.809897371,-502
POSCAR_a2b1_227_Bi2Cs1_icsd_055070_Rb_Sb,-3.29853558,-2.91604495,0.38249063,-3.298535585,-2.927474976,0.371060609,-3.29853558,-501.8
POSCAR_a12b4c8d4_12_Al4Eu8Na4P12_icsd_409320_Ca_K_In_As,-3.78213238,-6.982569695,3.200437315,-3.782132387,-3.86909914,0.086966753,-3.78213238,-501.2
POSCAR_a2b1b2d1_64_As2In1K2Li1_icsd_402147_Cs_Cs_P_Tl,-2.754540286,-4.763075829,2.008535543,-2.754540205,-3.201466799,0.446926594,-2.754540286,-497.5
POSCAR_a4b1d1_62_Ga1K1Sb4_icsd_300158_As_Li_Ga,-4.151287415,-6.305304527,2.154017112,-4.151287556,-3.438963175,0.712324381,-4.151287415,-496.1
POSCAR_a12b4c8d4_12_Al4Eu8Na4P12_icsd_409320_Be_K_Tl_As,-3.582815301,-7.332608223,3.749792922,-3.582815409,-3.663340807,0.080525398,-3.582815301,-495.7
POSCAR_a12b4c8d4_12_Al4Eu8Na4P12_icsd_409320_Pb_K_Tl_As,-3.610999064,-6.794948578,3.183949514,-3.610999107,-3.024911642,0.586087465,-3.610999064,-495.7
POSCAR_a3c3d1_62_Ca3In1P3_icsd_060125_As_Ba_Tl,-4.041145358,-5.968015671,1.926870313,-4.041145325,-3.980445862,0.060699463,-4.041145358,-491.9
POSCAR_a3b1c4_166_As3Cd4Rb1_icsd_262037_As_K_Be,-3.952298853,-3.632394314,0.319904539,-3.95229888,-4.223575592,0.271276712,-3.952298853,-482.1
POSCAR_a3b1c2c2_62_Ba2Cd2K1Sb3_icsd_420620_P_Rb_Ba_Sn,-4.240925295,-5.714362144,1.473436849,-4.240925312,-3.985151529,0.255773783,-4.240925295,-480.7
POSCAR_a12b4c8d4_12_Al4Eu8Na4P12_icsd_409320_Pb_K_In_P,-3.965234238,-7.044202805,3.078968567,-3.96523428,-3.699240923,0.265993357,-3.965234238,-476.6
POSCAR_a3b1e3_26_Ge3Na1P3_icsd_184000_Na_Sn_As,-4.098840124,-4.044517994,0.05432213,-4.098840237,-3.081047058,1.017793179,-4.098840124,-475.6
POSCAR_a7c12c2_174_Mn12P7Yb2_icsd_602711_Sb_Ge_Zn,-3.898360277,-4.020005703,0.121645426,-3.898360252,-2.938073158,0.960287094,-3.898360277,-474.1
POSCAR_a3b1e3_26_Ge3Na1P3_icsd_184000_Rb_Ge_Bi,-3.861506156,-3.454049826,0.40745633,-3.861506224,-3.017919302,0.843586922,-3.861506156,-468.6
POSCAR_a3d1e1_62_Al1P3Si1_icsd_010032_P_Sn_In,-4.611597682,-6.213655472,1.60205779,-4.611597538,-4.33506155,0.276535988,-4.611597682,-466.9
POSCAR_a3b1e3_26_Ge3Na1P3_icsd_184000_Cs_Sn_Bi,-3.68989025,-3.114645004,0.575245246,-3.689890146,-2.827847242,0.862042904,-3.68989025,-460.7
POSCAR_a2b1c1e1_2_As2Cd1Ge1Rb1_icsd_291310_Si_P_Cs_Hg,-3.732252829,-2.874239445,0.858013384,-3.732252836,-3.081853151,0.650399685,-3.73225283,-457.6
POSCAR_a12b4c8d4_12_Al4Eu8Na4P12_icsd_409320_Sn_K_Tl_As,-3.715793114,-6.809620857,3.093827743,-3.715793133,-3.138896227,0.576896906,-3.715793114,-456.6
POSCAR_a3b1c4_123_As3Rb1Zn4_icsd_262038_Mn_P_Rb,-5.16298108,-4.223214626,0.939766454,-5.162981033,-5.302404881,0.139423848,-5.16298108,-455.9
POSCAR_a4c1e3_62_Eu1Sb4Sn3_icsd_411250_Hg_Bi_Ge,-3.619548656,-3.075200558,0.544348098,-3.619548559,-2.767933846,0.851614713,-3.619548656,-452.6
POSCAR_a12b4c8d4_12_Al4Eu8Na4P12_icsd_409320_Sr_Rb_Ga_Sb,-3.458330736,-7.398076057,3.939745321,-3.458330631,-3.415241718,0.043088913,-3.458330736,-451.3
POSCAR_a3d1e1_62_Al1P3Si1_icsd_010032_P_Pb_Tl,-4.176556346,-5.16683197,0.990275624,-4.17655611,-4.414197922,0.237641812,-4.176556346,-450.4
POSCAR_a7b3_76_Cs3P7_icsd_062259_K_Sb,-3.45850289,-8.057632446,4.599129556,-3.458503008,-2.741279602,0.717223406,-3.45850289,-450.1
POSCAR_a2c1e2_160_As2Sn2Sr1_icsd_611428_Hg_P_Si,-4.49383023,-2.993839264,1.499990966,-4.493830204,-3.052547455,1.441282749,-4.49383023,-447.6
POSCAR_a7b3_19_Li3P7_icsd_060774_Sb_K,-3.452996811,-8.05862236,4.605625549,-3.452996731,-2.69540596,0.757590771,-3.452996811,-444.6
POSCAR_a2b1b2d1_72_Al1As2K2Na1_icsd_073280_Cs_Li_As_Tl,-3.093668743,-4.131595135,1.037926392,-3.093668699,-3.080679893,0.012988806,-3.093668743,-442.2
POSCAR_a4b3d3_52_As4Ga3K3_icsd_040206_Cs_As_Tl,-3.055778159,-7.622151375,4.566373216,-3.055778265,-2.997267962,0.058510303,-3.055778159,-439.8
POSCAR_a5b1c2_36_As5Ba2K1_icsd_414140_Rb_Sb_Sn,-3.711760039,-4.382665157,0.670905118,-3.711760044,-3.009768248,0.701991796,-3.711760039,-439.6
POSCAR_a12b4c8d4_12_Al4Eu8Na4P12_icsd_409320_Sr_Na_In_Sb,-3.494744225,-6.553584099,3.058839874,-3.494744301,-3.188997984,0.305746317,-3.494744225,-439.3
POSCAR_a12b4c8d4_12_Al4Eu8Na4P12_icsd_409320_Ba_Na_Al_Bi,-3.622741505,-5.102072716,1.479331211,-3.622741461,-3.173603058,0.449138403,-3.622741505,-438.8
POSCAR_a6b2c3c4_63_As6Ba4Cd3Li2_icsd_427778_As_Rb_Ca_Hg,-3.21179495,-5.196794033,1.984999083,-3.211794853,-3.453708649,0.241913796,-3.21179495,-438.5
POSCAR_a12b4c8d4_12_Al4Eu8Na4P12_icsd_409320_Ge_Li_Tl_As,-3.945138516,-6.92607975,2.980941234,-3.945138454,-3.189518213,0.755620241,-3.945138516,-437.9
POSCAR_a12b4c8d4_12_Al4Eu8Na4P12_icsd_409320_Ba_Li_Ga_As,-4.096212841,-8.219996452,4.123783611,-4.096212864,-4.01110363,0.085109234,-4.096212841,-437.6
POSCAR_a3b2_69_P3Rb2_icsd_654296_P_Na,-4.089402531,-3.984922886,0.104479645,-4.089402676,-3.411199331,0.678203345,-4.089402531,-435.2
POSCAR_a1b1_189_As1Cs1_icsd_412595_Cs_P,-3.500045191,-6.734075546,3.234030355,-3.5000453,-4.02443409,0.52438879,-3.500045191,-435
POSCAR_a3b1c4_166_As3Cd4Rb1_icsd_262037_Sb_Rb_Si,-4.181944371,-2.989148378,1.192795993,-4.18194437,-2.83434391,1.34760046,-4.181944371,-433.2
POSCAR_a5b6c1_59_Bi5K6Zn1_icsd_238106_Na_Hg_P,-3.257276304,-4.603476524,1.34620022,-3.257276297,-3.093107462,0.164168835,-3.257276304,-430.4
POSCAR_a3b1e3_26_Ge3Na1P3_icsd_184000_K_Sn_Sb,-3.796805909,-3.65077734,0.146028569,-3.796805859,-2.882043123,0.914762736,-3.796805909,-429.2
POSCAR_a12b4c8d4_12_Al4Eu8Na4P12_icsd_409320_Be_K_In_As,-3.691962362,-7.471878052,3.77991569,-3.691962481,-3.781562567,0.089600086,-3.691962362,-428.8
POSCAR_a2b1e2_166_As2Na1Sn2_icsd_082366_Na_P_Sn,-4.244818712,-2.984862804,1.259955908,-4.244818687,-3.47271347,0.772105217,-4.244818712,-427.9
POSCAR_a3b1c2c2_62_Ba2Cd2K1Sb3_icsd_420620_As_Cs_Be_Ca,-3.880672133,-6.450087547,2.569415414,-3.880672216,-4.116116524,0.235444308,-3.880672133,-427
POSCAR_a6b2c3c4_63_As6Ba4Cd3Li2_icsd_427778_Sb_Cs_Sr_Hg,-2.906437475,-3.775567055,0.86912958,-2.906437397,-3.067120314,0.160682917,-2.906437475,-425
POSCAR_a12b4c8d4_12_Al4Eu8Na4P12_icsd_409320_Sr_Li_Ga_As,-4.042333426,-8.255524635,4.213191209,-4.042333603,-3.957909346,0.084424257,-4.042333426,-423.9
POSCAR_a4b3c3d1_186_Al1Ca3Na3Sb4_icsd_291242_Cs_Ba_Tl_As,-3.325216097,-5.85594511,2.530729013,-3.325216055,-3.442906857,0.117690802,-3.325216097,-423.3
POSCAR_a2b1b2d1_72_Al1As2K2Na1_icsd_073280_Rb_Li_As_In,-3.301869107,-4.408146381,1.106277274,-3.301869154,-3.288279772,0.013589382,-3.301869107,-421.9
POSCAR_a4b3d3_52_As4Ga3K3_icsd_040206_Cs_P_In,-3.594556906,-7.700124741,4.105567835,-3.594556808,-3.646703482,0.052146674,-3.594556906,-419.8
POSCAR_a2b1b2d1_72_Al1As2K2Na1_icsd_073280_Cs_Rb_As_In,-2.884629681,-3.638953924,0.754324243,-2.884629726,-2.918928146,0.03429842,-2.884629681,-419.8
POSCAR_a3b1c2c2_62_Ba2Cd2K1Sb3_icsd_420620_P_Cs_Be_Ba,-4.095892384,-7.074268341,2.978375957,-4.095892429,-4.398829937,0.302937508,-4.095892384,-419.3
POSCAR_a2b1c1e1_2_As2Cd1Ge1Rb1_icsd_291310_Ge_As_Cs_Be,-3.932249908,-5.437405109,1.505155201,-3.932250023,-3.641240358,0.291009665,-3.932249908,-418.8
POSCAR_a2b1b2d1_72_Al1As2K2Na1_icsd_073280_Cs_Na_As_Tl,-2.82879849,-3.601216316,0.772417826,-2.828798532,-2.809832573,0.018965959,-2.82879849,-416
POSCAR_a2c1_1_Be1P2_icsd_002262_P_Cd,-3.976158013,-3.853045464,0.123112549,-3.976157904,-3.332961559,0.643196345,-3.976158013,-414.9
POSCAR_a2b1b2d1_72_Al1As2K2Na1_icsd_073280_Na_Rb_P_Al,-3.494893668,-3.803765535,0.308871867,-3.494893551,-3.297710896,0.197182655,-3.494893668,-413.5
POSCAR_a4c1_92_As4Mg1_icsd_001079_P_Ba,-5.135849126,-6.565542221,1.429693095,-5.135848999,-4.387476444,0.748372555,-5.135849126,-412.6
POSCAR_a2b1c1e1_2_As2Cd1Ge1Rb1_icsd_291310_Ge_P_Cs_Ca,-4.196730568,-5.673775673,1.477045105,-4.196730614,-4.138353348,0.058377266,-4.196730568,-412.6
POSCAR_a7b1b2_14_As7Cs2Na1_icsd_423080_Li_Li_Bi,-3.521422488,-2.544519663,0.976902825,-3.521422386,-2.596229792,0.925192594,-3.521422488,-411.4
POSCAR_a12b4c8d4_12_Al4Eu8Na4P12_icsd_409320_Sr_Cs_Ga_Sb,-3.408593505,-7.769488335,4.36089483,-3.408593416,-3.385560989,0.023032427,-3.408593505,-409.1
POSCAR_a3b1c2c2_62_Ba2Cd2K1Sb3_icsd_420620_P_Rb_Cd_Sr,-3.395455017,-5.25139904,1.855944023,-3.395455122,-3.588073969,0.192618847,-3.395455017,-408
POSCAR_a3c3d1_64_Al1Ba3Sb3_icsd_032728_P_Sn_Tl,-4.288171155,-6.161919117,1.873747962,-4.288171291,-3.853071213,0.435100078,-4.288171155,-407.2
POSCAR_a3b3d2_11_Al2As3K3_icsd_060950_P_Cs_Tl,-3.095267,-4.239608288,1.144341288,-3.095267057,-3.374864101,0.279597044,-3.095267,-405.9
POSCAR_a2b1b2d1_72_Al1As2K2Na1_icsd_073280_Rb_K_P_In,-3.138618612,-4.205224514,1.066605902,-3.138618708,-3.440467834,0.301849126,-3.138618612,-405.2
POSCAR_a6b2c3c4_63_As6Ba4Cd3Li2_icsd_427778_Sb_K_Ba_Hg,-3.022363293,-4.192472458,1.170109165,-3.022363186,-3.363945007,0.341581821,-3.022363293,-405
POSCAR_a12b4c8d4_12_Al4Eu8Na4P12_icsd_409320_Be_Na_Tl_As,-3.613182263,-7.042864799,3.429682536,-3.613182306,-3.420777321,0.192404985,-3.613182263,-404.3
POSCAR_a2b1_12_Rb1Sb2_icsd_419402_P_Li,-4.570604597,-3.441214323,1.129390274,-4.570604801,-3.750152588,0.820452213,-4.570604597,-403.1
POSCAR_a12b4c8d4_12_Al4Eu8Na4P12_icsd_409320_Pb_Cs_In_Sb,-3.436923219,-5.351219654,1.914296435,-3.436923265,-2.783468962,0.653454303,-3.436923219,-402.3
POSCAR_a12b4c8d4_12_Al4Eu8Na4P12_icsd_409320_Ba_Li_In_Sb,-3.709367886,-6.578538895,2.869171009,-3.70936799,-3.457563877,0.251804113,-3.709367886,-402.3
POSCAR_a12b4c8d4_12_Al4Eu8Na4P12_icsd_409320_Sr_Cs_In_Bi,-3.220106467,-5.262161255,2.042054788,-3.220106363,-2.812262058,0.407844305,-3.220106467,-399.6
POSCAR_a6b4_69_K4P6_icsd_033260_Sb_Cs,-3.201839831,-3.58535552,0.383515689,-3.201839924,-3.15516448,0.046675444,-3.201839831,-399.3
POSCAR_a2b1b2d1_72_Al1As2K2Na1_icsd_073280_K_K_P_In,-3.187059958,-4.606479645,1.419419687,-3.187059879,-3.579395056,0.392335177,-3.187059958,-397.5
POSCAR_a4c1e3_62_Eu1Sb4Sn3_icsd_411250_Zn_As_Ge,-4.165578793,-6.311261177,2.145682384,-4.165578842,-3.3628304,0.802748442,-4.165578793,-396.3
POSCAR_a2b1e2_166_As2Na1Sn2_icsd_082366_K_P_Sn,-4.228254056,-2.985682249,1.242571807,-4.228253841,-3.90395689,0.324296951,-4.228254056,-396
POSCAR_a12b4c8d4_12_Al4Eu8Na4P12_icsd_409320_Sr_Li_Al_As,-4.206651326,-8.004302979,3.797651653,-4.206651211,-3.796504021,0.41014719,-4.206651326,-394.5
POSCAR_a6b2c3c4_63_As6Ba4Cd3Li2_icsd_427778_P_K_Ge_Cd,-3.818289343,-5.911884308,2.093594965,-3.81828928,-3.725187302,0.093101978,-3.818289343,-394.2
POSCAR_a2b1b2d1_72_Al1As2K2Na1_icsd_073280_Rb_K_P_Ga,-3.211590218,-4.285387516,1.073797298,-3.21159029,-3.533267975,0.321677685,-3.211590218,-393.4
POSCAR_a3b1e3_26_Ge3Na1P3_icsd_184000_Li_Si_As,-4.72933062,-3.811065674,0.918264946,-4.72933054,-2.965095043,1.764235497,-4.72933062,-392
POSCAR_a12b4c8d4_12_Al4Eu8Na4P12_icsd_409320_Si_Li_Ga_P,-4.665899851,-7.780190468,3.114290617,-4.665899754,-3.684368849,0.981530905,-4.665899851,-391.4
POSCAR_a6b2c3c4_63_As6Ba4Cd3Li2_icsd_427778_As_Na_Ca_Cd,-3.462658621,-5.204605579,1.741946958,-3.462658644,-3.524742842,0.062084198,-3.462658621,-391.2
POSCAR_a2b1e2_166_As2Na1Sn2_icsd_082366_Rb_As_Sn,-3.924170354,-2.906774998,1.017395356,-3.924170256,-3.030742884,0.893427372,-3.924170354,-389.9
POSCAR_a2b1b2d1_64_As2In1K2Li1_icsd_402147_Cs_Na_P_Tl,-2.986419794,-4.702348232,1.715928438,-2.986419678,-3.255016327,0.268596649,-2.986419794,-388.6
POSCAR_a6b2c3c4_63_As6Ba4Cd3Li2_icsd_427778_P_Na_Ge_Hg,-3.654671234,-5.104219437,1.449548203,-3.654671192,-3.364272833,0.290398359,-3.654671234,-388.4
POSCAR_a2b2d1_62_Ga1Rb2Sb2_icsd_300135_P_K_Ga,-3.875090084,-9.826160431,5.951070347,-3.875090122,-3.83029151,0.044798612,-3.875090084,-387.3
POSCAR_a4c1e3_62_Eu1Sb4Sn3_icsd_411250_Hg_Bi_Pb,-3.390543519,-2.544466734,0.846076785,-3.390543461,-2.444905758,0.945637703,-3.390543519,-387
POSCAR_a2b1b2d1_72_Al1As2K2Na1_icsd_073280_Cs_Rb_P_Tl,-2.855306628,-3.700411081,0.845104453,-2.855306625,-3.032030582,0.176723957,-2.855306628,-386.4
POSCAR_a2b1b2d1_72_Al1As2K2Na1_icsd_073280_Cs_Na_P_Ga,-3.268794372,-4.022792816,0.753998444,-3.268794298,-3.487464428,0.21867013,-3.268794372,-385.7
POSCAR_a2b1c1e1_2_As2Cd1Ge1Rb1_icsd_291310_Ge_P_Cs_Sr,-4.094113138,-5.712505341,1.618392203,-4.09411335,-4.085670471,0.008442879,-4.094113138,-385.4
POSCAR_a12b4c8d4_12_Al4Eu8Na4P12_icsd_409320_Sn_Cs_Tl_Sb,-3.450087545,-5.65264082,2.202553275,-3.450087547,-2.711511374,0.738576173,-3.450087545,-384.6
POSCAR_a12b4c8d4_12_Al4Eu8Na4P12_icsd_409320_Be_Li_Tl_P,-4.070012975,-9.785553932,5.715540957,-4.070013046,-4.151590347,0.081577301,-4.070012975,-383
POSCAR_a2b1b2d1_72_Al1As2K2Na1_icsd_073280_Cs_Li_As_Ga,-3.363852866,-4.399495125,1.035642259,-3.363852978,-3.519629002,0.155776024,-3.363852866,-382.5
POSCAR_a2b1b2d1_72_Al1As2K2Na1_icsd_073280_Rb_Cs_As_Tl,-2.7268849,-3.644416332,0.917531432,-2.726884842,-2.821859121,0.094974279,-2.7268849,-382.3
POSCAR_a2b1b2d1_72_Al1As2K2Na1_icsd_073280_Na_Cs_P_In,-3.1830322,-3.662871599,0.479839399,-3.183032274,-3.286464214,0.10343194,-3.1830322,-381.3
POSCAR_a3b1e3_26_Ge3Na1P3_icsd_184000_K_Ge_Bi,-3.877055841,-3.527015686,0.350040155,-3.877055883,-3.063189268,0.813866615,-3.877055841,-379.2
POSCAR_a3b2d3_62_Ga3Na2Sb3_icsd_063617_As_In_Rb,-3.343820678,-6.458720684,3.114900006,-3.343820572,-3.036650658,0.307169914,-3.343820678,-377.4
POSCAR_a3b1c2c2_62_Ba2Cd2K1Sb3_icsd_420620_Sb_Cs_Ba_Cd,-3.049327428,-3.615475655,0.566148227,-3.049327374,-3.170494795,0.121167421,-3.049327428,-377.2
POSCAR_a2b1b2d1_64_As2In1K2Li1_icsd_402147_Rb_Na_P_In,-3.203561981,-5.366415501,2.16285352,-3.203562021,-3.179567575,0.023994446,-3.203561981,-376.7
POSCAR_a3b1e3_26_Ge3Na1P3_icsd_184000_Li_Ge_As,-4.406294714,-4.611249924,0.20495521,-4.406294823,-3.323949575,1.082345248,-4.406294714,-375.9
POSCAR_a7c1_14_Eu1P7_icsd_014226_Mg_Sb,-3.720081184,-6.752074242,3.031993058,-3.720081091,-2.377279282,1.342801809,-3.720081184,-375.6
POSCAR_a2b1b2d1_72_Al1As2K2Na1_icsd_073280_Rb_Rb_As_Al,-3.133467996,-3.666600704,0.533132708,-3.133467913,-2.978321791,0.155146122,-3.133467996,-375.3
POSCAR_a2b1b2d1_72_Al1As2K2Na1_icsd_073280_Cs_K_As_Tl,-2.768060683,-4.144257545,1.376196862,-2.768060684,-3.006316185,0.238255501,-2.768060683,-375.3
POSCAR_a12b4c8d4_12_Al4Eu8Na4P12_icsd_409320_Ca_Cs_Ga_Bi,-3.264021585,-4.671127319,1.407105734,-3.264021635,-3.034228086,0.229793549,-3.264021585,-373.5
POSCAR_a2b1b2d1_72_Al1As2K2Na1_icsd_073280_Na_Rb_P_Ga,-3.285256583,-3.961617708,0.676361125,-3.285256624,-3.364147186,0.078890562,-3.285256583,-372.5
POSCAR_a2b1e2_166_As2Na1Sn2_icsd_082366_Cs_As_Sn,-3.895890868,-2.887669325,1.008221543,-3.895890951,-3.032943726,0.862947225,-3.895890868,-371.8
POSCAR_a2b1b2d1_72_Al1As2K2Na1_icsd_073280_Rb_Li_As_Al,-3.576226712,-4.209238529,0.633011817,-3.576226711,-3.204457045,0.371769666,-3.576226712,-371.5
POSCAR_a3b1c4_166_As3Cd4Rb1_icsd_262037_P_Cs_Sr,-3.80096341,-3.342574596,0.458388814,-3.800963402,-4.071506023,0.270542621,-3.80096341,-371.4
POSCAR_a2b1b2d1_72_Al1As2K2Na1_icsd_073280_Rb_Na_P_Ga,-3.283669685,-4.071241856,0.787572171,-3.28366971,-3.357805252,0.074135542,-3.283669685,-370.9
POSCAR_a2b1b2d1_72_Al1As2K2Na1_icsd_073280_Cs_Li_P_Al,-3.803801125,-4.141135216,0.337334091,-3.80380106,-3.675536871,0.128264189,-3.803801125,-370.6
POSCAR_a2b1b2d1_72_Al1As2K2Na1_icsd_073280_Cs_Rb_As_Tl,-2.714560073,-3.590042591,0.875482518,-2.714560032,-2.80390954,0.089349508,-2.714560073,-369.9
POSCAR_a4b3c3d1_186_Al1Ca3Na3Sb4_icsd_291242_Na_Si_Tl_P,-4.098930767,-6.016720295,1.917789528,-4.098930836,-3.346710205,0.752220631,-4.098930767,-369.5
POSCAR_a12b4c8d4_12_Al4Eu8Na4P12_icsd_409320_Ge_Na_Tl_Sb,-3.57543872,-6.082076073,2.506637353,-3.575438738,-2.857712507,0.717726231,-3.57543872,-367.7
POSCAR_a3b1e3_26_Ge3Na1P3_icsd_184000_Rb_Pb_As,-3.81110178,-3.993855238,0.182753458,-3.811101675,-3.054796934,0.756304741,-3.81110178,-367.6
POSCAR_a2b1b2d1_72_Al1As2K2Na1_icsd_073280_Rb_Rb_As_Ga,-2.958708593,-3.789856911,0.831148318,-2.958708525,-3.033255339,0.074546814,-2.958708593,-366
POSCAR_a12b4c8d4_12_Al4Eu8Na4P12_icsd_409320_Si_K_Al_P,-4.638113313,-7.778738022,3.140624709,-4.638113499,-3.520744801,1.117368698,-4.638113313,-365.6
POSCAR_a4b3c3d1_186_Al1Ca3Na3Sb4_icsd_291242_Cs_Ge_In_As,-3.653794316,-5.292808533,1.639014217,-3.653794289,-3.164083481,0.489710808,-3.653794316,-365.3
POSCAR_a2b1b2d1_72_Al1As2K2Na1_icsd_073280_K_Rb_As_In,-2.961004567,-3.804215193,0.843210626,-2.961004496,-3.054038048,0.093033552,-2.961004567,-365.2
POSCAR_a2b1b2d1_72_Al1As2K2Na1_icsd_073280_K_Li_P_Ga,-3.660570842,-4.54988575,0.889314908,-3.66057086,-3.797189951,0.136619091,-3.660570842,-365
POSCAR_a6b4_70_K4P6_icsd_033260_Bi_Cs,-3.075300589,-2.593919277,0.481381312,-3.075300694,-2.852724314,0.22257638,-3.075300589,-363.8
POSCAR_a2b1b2d1_64_As2In1K2Li1_icsd_402147_K_Na_P_Ga,-3.328274175,-6.755334854,3.427060679,-3.32827425,-3.649501801,0.321227551,-3.328274175,-362.8
POSCAR_a2b1b2d1_72_Al1As2K2Na1_icsd_073280_Na_Li_P_In,-3.57847283,-4.140439034,0.561966204,-3.578472853,-3.554072618,0.024400235,-3.57847283,-362.5
POSCAR_a2b1b2d1_64_As2In1K2Li1_icsd_402147_Cs_Na_As_In,-3.006968825,-4.996150017,1.989181192,-3.006968737,-2.966198444,0.040770293,-3.006968825,-360.6
POSCAR_a2b1b2d1_64_As2In1K2Li1_icsd_402147_K_Na_As_Tl,-2.921266293,-5.948993683,3.02772739,-2.921266317,-2.994926453,0.073660136,-2.921266293,-359.4
POSCAR_a2b1b2d1_72_Al1As2K2Na1_icsd_073280_Na_Li_P_Ga,-3.679874757,-4.337717056,0.657842299,-3.679874659,-3.843518019,0.16364336,-3.679874757,-359
POSCAR_a6b2c3c4_63_As6Ba4Cd3Li2_icsd_427778_As_Na_Ca_Zn,-3.524073985,-5.331439018,1.807365033,-3.524074078,-3.615958214,0.091884136,-3.524073985,-358.6
POSCAR_a3b1c4_123_As3Rb1Zn4_icsd_262038_Sn_As_Rb,-3.892175696,-3.151090622,0.741085074,-3.892175674,-2.99371171,0.898463964,-3.892175696,-357.9
POSCAR_a12b4c8d4_12_Al4Eu8Na4P12_icsd_409320_Sr_Cs_Al_Sb,-3.527329566,-7.201833725,3.674504159,-3.527329683,-3.235375881,0.291953802,-3.527329566,-356.7
POSCAR_a5b1c2_36_As5Ba2K1_icsd_414140_Rb_Sb_Be,-3.515622984,-4.061326027,0.545703043,-3.515623093,-2.972922325,0.542700768,-3.515622984,-356.6
POSCAR_a3b1c4_123_As3Rb1Zn4_icsd_262038_Ge_Sb_Na,-3.834328508,-3.197829723,0.636498785,-3.834328413,-2.893251896,0.941076517,-3.834328508,-356.1
POSCAR_a2b1b2d1_64_As2In1K2Li1_icsd_402147_K_K_P_Tl,-2.961854556,-6.686595917,3.724741361,-2.961854458,-3.399785995,0.437931537,-2.961854556,-355.7
POSCAR_a3b4c1d1_7_Ca1Ga1Na4Sb3_icsd_291241_As_Hg_In_Li,-3.173153009,-8.569194794,5.396041785,-3.173152924,-2.867886543,0.305266381,-3.173153009,-355.2
POSCAR_a2b1b2d1_64_As2In1K2Li1_icsd_402147_Rb_Na_As_Tl,-2.864683053,-4.713017464,1.848334411,-2.864683151,-2.804394007,0.060289144,-2.864683053,-355
POSCAR_a2b1b2d1_72_Al1As2K2Na1_icsd_073280_Na_K_P_Al,-3.564849073,-4.169452667,0.604603594,-3.564849138,-3.411863327,0.152985811,-3.564849073,-354.7
POSCAR_a2b1b2d1_64_As2In1K2Li1_icsd_402147_Li_Rb_P_Al,-3.690638236,-6.205459595,2.514821359,-3.690638304,-3.692879677,0.002241373,-3.690638236,-352.4
POSCAR_a4b3d3_52_As4Ga3K3_icsd_040206_Cs_P_Ga,-3.751122837,-8.048372269,4.297249432,-3.751122952,-3.88563776,0.134514808,-3.751122837,-350.5
POSCAR_a3b1c4_123_As3Rb1Zn4_icsd_262038_Ba_As_Cs,-3.572557656,-3.399953127,0.172604529,-3.572557688,-3.987245083,0.414687395,-3.572557656,-349.3
POSCAR_a3b1c2c2_62_Ba2Cd2K1Sb3_icsd_420620_Sb_Rb_Ba_Mg,-3.304802557,-5.074929237,1.77012668,-3.304802656,-3.425669193,0.120866537,-3.304802557,-348.6
POSCAR_a4c1_92_As4Mg1_icsd_001079_As_Mg,-4.261053673,-5.40887928,1.147825607,-4.261053562,-3.206738949,1.054314613,-4.261053673,-347
POSCAR_a3b2d3_62_Ga3Na2Sb3_icsd_063617_As_Ga_Cs,-3.454228373,-7.162335396,3.708107023,-3.454228401,-3.336267471,0.11796093,-3.454228373,-346.7
POSCAR_a2b2d1_62_Ga1Rb2Sb2_icsd_300135_Bi_Cs_Al,-3.330673043,-3.66686821,0.336195167,-3.330672979,-2.736295223,0.594377756,-3.330673043,-345.7
POSCAR_a4b1d1_62_Ga1K1Sb4_icsd_300158_Sb_Li_Ga,-3.700902213,-4.420517445,0.719615232,-3.700902224,-2.686524868,1.014377356,-3.700902213,-345.2
POSCAR_a2b1c1e1_2_As2Cd1Ge1Rb1_icsd_291310_Ge_As_Cs_Si,-4.24764178,-4.508915901,0.261274121,-4.247641563,-3.248668671,0.998972892,-4.247641781,-345.1
POSCAR_a3b2d3_62_Ga3Na2Sb3_icsd_063617_P_Ga_Na,-3.866510539,-7.329535484,3.463024945,-3.86651063,-3.752722502,0.113788128,-3.866510539,-342.4
POSCAR_a2b1c2_139_Cs1Mn2P2_icsd_095837_Cs_Bi_Ge,-3.682415298,-2.833571672,0.848843626,-3.682415247,-2.964576244,0.717839003,-3.682415298,-340.8
POSCAR_a3b1c2c2_62_Ba2Cd2K1Sb3_icsd_420620_P_Na_Ge_Ba,-4.291439661,-7.238085747,2.946646086,-4.291439533,-4.092695236,0.198744297,-4.291439661,-339.2
POSCAR_a2b1b2d1_64_As2In1K2Li1_icsd_402147_Cs_Cs_P_Ga,-3.128498662,-5.206279755,2.077781093,-3.128498554,-3.414928675,0.286430121,-3.128498662,-338.1
POSCAR_a3b1c4_123_As3Rb1Zn4_icsd_262038_Ca_Sb_Cs,-3.479840335,-3.125772953,0.354067382,-3.479840279,-3.750229597,0.270389318,-3.479840335,-338
POSCAR_a3b1c2c2_62_Ba2Cd2K1Sb3_icsd_420620_As_Rb_Sn_Be,-3.920225949,-6.484247684,2.564021735,-3.920225859,-3.455436707,0.464789152,-3.920225949,-337.6
POSCAR_a4b1d1_62_Ga1K1Sb4_icsd_300158_Sb_Li_In,-3.551891021,-4.446643353,0.894752332,-3.551891088,-2.812612534,0.739278554,-3.551891021,-337.5
POSCAR_a2b2d1_62_Ga1Rb2Sb2_icsd_300135_Bi_Rb_Tl,-2.891601765,-5.539557457,2.647955692,-2.891601801,-2.416286469,0.475315332,-2.891601765,-337.3
POSCAR_a12b4c8d4_12_Al4Eu8Na4P12_icsd_409320_Ca_K_Tl_Sb,-3.3458892,-6.456503868,3.110614668,-3.345889091,-3.249505758,0.096383333,-3.3458892,-337.2
POSCAR_a4b3c3d1_186_Al1Ca3Na3Sb4_icsd_291242_Li_Pb_Tl_P,-3.874999593,-5.48442173,1.609422137,-3.874999523,-3.446451902,0.428547621,-3.874999593,-337.1
POSCAR_a3b1c2c2_62_Ba2Cd2K1Sb3_icsd_420620_As_Cs_Pb_Ba,-3.781922727,-5.591068745,1.809146018,-3.781922817,-3.385936737,0.39598608,-3.781922727,-337.1
POSCAR_a2b2d1_62_Ga1Rb2Sb2_icsd_300135_Bi_Rb_Al,-3.334876468,-4.180729866,0.845853398,-3.334876537,-2.804018021,0.530858516,-3.334876468,-336.5
POSCAR_a3b1c4_123_As3Rb1Zn4_icsd_262038_Pb_As_Rb,-3.77910716,-3.00009799,0.77900917,-3.779107094,-2.686799765,1.092307329,-3.77910716,-335.6
POSCAR_a2b1b2d1_64_As2In1K2Li1_icsd_402147_Rb_Na_As_Ga,-3.067250316,-5.114707947,2.047457631,-3.067250252,-3.027549744,0.039700508,-3.067250316,-334.3
POSCAR_a2b1b2d1_72_Al1As2K2Na1_icsd_073280_Li_Rb_P_Al,-3.671965105,-3.860278606,0.188313501,-3.671965122,-3.341882944,0.330082178,-3.671965105,-333.8
POSCAR_a4b3c3d1_186_Al1Ca3Na3Sb4_icsd_291242_K_Sr_Tl_As,-3.362359865,-6.525350571,3.162990706,-3.362359762,-3.56090951,0.198549748,-3.362359865,-333.3
POSCAR_a4c3d2_62_Al2Ba3P4_icsd_423778_P_Si_Tl,-4.690172877,-8.296631813,3.606458936,-4.690172672,-3.646324158,1.043848514,-4.690172877,-333.1
POSCAR_a3b2d3_62_Ga3Na2Sb3_icsd_063617_Bi_Ga_Cs,-3.068513707,-5.761112213,2.692598506,-3.068513632,-2.845558167,0.222955465,-3.068513707,-330.2
POSCAR_a4b3c3d1_186_Al1Ca3Na3Sb4_icsd_291242_Na_Si_In_P,-4.229145266,-5.977798462,1.748653196,-4.22914505,-3.397603989,0.831541061,-4.229145266,-329.7
POSCAR_a2b1b2d1_64_As2In1K2Li1_icsd_402147_Rb_K_As_In,-2.924966082,-5.162676811,2.237710729,-2.924966097,-3.065725803,0.140759706,-2.924966082,-329.2
POSCAR_a4b3d3_52_As4Ga3K3_icsd_040206_K_P_In,-3.670207559,-9.58081913,5.910611571,-3.6702075,-3.835412025,0.165204525,-3.670207559,-327.9
POSCAR_a4c1e3_62_Eu1Sb4Sn3_icsd_411250_Mg_P_Ge,-4.695279635,-7.163271904,2.467992269,-4.695279598,-3.917232275,0.778047323,-4.695279635,-327.8
POSCAR_a12b4c8d4_12_Al4Eu8Na4P12_icsd_409320_Ge_K_Al_P,-4.45777309,-8.437952995,3.980179905,-4.457773209,-3.877398252,0.580374957,-4.45777309,-326.8
POSCAR_a2b1b2d1_72_Al1As2K2Na1_icsd_073280_K_Na_P_In,-3.220310059,-4.440617561,1.220307502,-3.220309973,-3.403255463,0.18294549,-3.220310059,-326.4
POSCAR_a3b1c4_166_As3Cd4Rb1_icsd_262037_Bi_Cs_Si,-3.987538413,-2.913535118,1.074003295,-3.987538338,-2.722328186,1.265210152,-3.987538413,-325.9
POSCAR_a7c12c2_174_Mn12P7Yb2_icsd_602711_Sb_Pb_Cd,-3.507886001,-3.2317698,0.276116201,-3.507885933,-2.401285648,1.106600285,-3.507886001,-325.9
POSCAR_a12b4c8d4_12_Al4Eu8Na4P12_icsd_409320_Cd_Rb_Al_As,-3.1797644,-4.448258877,1.268494477,-3.179764509,-2.932123184,0.247641325,-3.1797644,-325.2
POSCAR_a9c11d1_45_Ca11In1Sb9_icsd_042371_Sb_Sr_In,-3.7887503,-10.93122959,7.14247929,-3.78875041,-3.585799456,0.202950954,-3.7887503,-324.8
POSCAR_a12b4c8d4_12_Al4Eu8Na4P12_icsd_409320_Ge_K_Tl_Sb,-3.586163776,-5.711807251,2.125643475,-3.586163759,-2.937764645,0.648399114,-3.586163776,-324.7
POSCAR_a6c2e3_62_Ba2Sb6Sn3_icsd_082529_P_Sr_Sn,-4.752783315,-8.508396149,3.755612834,-4.752783298,-4.128415585,0.624367713,-4.752783315,-323.5
POSCAR_a2b1b2d1_64_As2In1K2Li1_icsd_402147_K_K_As_In,-2.974455748,-6.540114403,3.565658655,-2.974455833,-3.239521742,0.265065909,-2.974455748,-322.5
POSCAR_a6b2c3c4_63_As6Ba4Cd3Li2_icsd_427778_Sb_Li_Ca_Cd,-3.36055162,-4.116306782,0.755755162,-3.360551596,-3.22921443,0.131337166,-3.36055162,-322.3
POSCAR_a2b1b2d1_64_As2In1K2Li1_icsd_402147_Rb_Li_P_Al,-3.660282208,-5.356612206,1.696329998,-3.660282135,-3.375484705,0.28479743,-3.660282208,-322.1
POSCAR_a3b1c4_166_As3Cd4Rb1_icsd_262037_Bi_Na_Sn,-3.646225696,-2.920086384,0.726139312,-3.646225691,-2.650263309,0.995962382,-3.646225696,-321.6
POSCAR_a4b1d1_62_Ga1K1Sb4_icsd_300158_Bi_Li_Ga,-3.568242913,-3.635156631,0.066913718,-3.568243027,-2.687952995,0.880290032,-3.568242913,-321.4
POSCAR_a2b1b2d1_64_As2In1K2Li1_icsd_402147_Cs_Li_As_Tl,-2.972399414,-5.624787331,2.652387917,-2.972399473,-2.969067574,0.003331899,-2.972399414,-320.9
POSCAR_a2b1b2d1_72_Al1As2K2Na1_icsd_073280_K_Li_Bi_Tl,-2.900025489,-3.542289734,0.642264245,-2.900025606,-2.514679432,0.385346174,-2.900025489,-320.6
POSCAR_a12b4c8d4_12_Al4Eu8Na4P12_icsd_409320_Sn_Na_In_Sb,-3.536379447,-6.19926405,2.662884603,-3.536379337,-2.844447851,0.691931486,-3.536379447,-320.5
POSCAR_a2b1b2d1_64_As2In1K2Li1_icsd_402147_Na_Na_P_Al,-3.556718557,-6.676384926,3.119666369,-3.556718588,-3.370966434,0.185752154,-3.556718557,-319.8
POSCAR_a2b1b2d1_64_As2In1K2Li1_icsd_402147_Cs_Cs_As_In,-2.763223876,-5.162595749,2.399371873,-2.763223886,-2.89314127,0.129917384,-2.763223876,-319.7
POSCAR_a3b1c2c2_62_Ba2Cd2K1Sb3_icsd_420620_Sb_Cs_Ba_Ge,-3.826605172,-5.253679276,1.427074104,-3.826605082,-3.530437469,0.296167613,-3.826605172,-319.7
POSCAR_a2b1b2d1_72_Al1As2K2Na1_icsd_073280_K_Li_P_Al,-3.88736817,-4.374547005,0.487178835,-3.887368202,-3.671102285,0.216265917,-3.88736817,-319.5
POSCAR_a3b1c2c2_62_Ba2Cd2K1Sb3_icsd_420620_P_Cs_Ge_Hg,-3.325406574,-3.997501612,0.672095038,-3.325406551,-3.198465347,0.126941204,-3.325406574,-317.2
POSCAR_a12b4c8d4_12_Al4Eu8Na4P12_icsd_409320_Ge_Li_Tl_Bi,-3.620326015,-4.448090553,0.827764538,-3.620326042,-2.729315281,0.891010761,-3.620326015,-315.7
POSCAR_a4c2c3_12_As4Ba3Zn2_icsd_424760_As_Cd_Ba,-3.752645649,-3.395441055,0.357204594,-3.752645731,-3.698299885,0.054345846,-3.752645649,-315.4
POSCAR_a6b2c3c4_63_As6Ba4Cd3Li2_icsd_427778_Sb_Na_Ba_Mg,-3.380719205,-4.874316216,1.493597011,-3.380719185,-3.364901543,0.015817642,-3.380719205,-313.5
POSCAR_a2b1b2d1_64_As2In1K2Li1_icsd_402147_Rb_Li_P_Tl,-3.168154303,-5.408219814,2.240065511,-3.16815424,-3.277186155,0.109031915,-3.168154303,-312.7
POSCAR_a2b1b2d1_72_Al1As2K2Na1_icsd_073280_K_Cs_Sb_In,-2.7631065,-3.633326292,0.870219792,-2.763106585,-3.007415295,0.24430871,-2.7631065,-312.5
POSCAR_a12b4c8d4_12_Al4Eu8Na4P12_icsd_409320_Cd_Na_Ga_P,-3.302387185,-5.685642242,2.383255057,-3.302387238,-3.260335684,0.042051554,-3.302387185,-312.5
POSCAR_a2b1c1e1_2_As2Cd1Ge1Rb1_icsd_291310_Si_P_Cs_Ba,-4.298759385,-5.741489887,1.442730502,-4.29875946,-4.025156021,0.273603439,-4.298759385,-311.2
POSCAR_a6b2c3c4_63_As6Ba4Cd3Li2_icsd_427778_P_Cs_Ge_Sn,-4.189015231,-6.092935562,1.903920331,-4.189015388,-3.742827177,0.446188211,-4.189015231,-311
POSCAR_a2b1b2d1_64_As2In1K2Li1_icsd_402147_K_Na_As_Ga,-3.134658874,-6.084017277,2.949358403,-3.134658813,-3.278709173,0.14405036,-3.134658874,-310.9
POSCAR_a7c12c2_174_Mn12P7Yb2_icsd_602711_Bi_Ca_Hg,-3.189569642,-3.879564047,0.689994405,-3.189569712,-3.315574884,0.126005172,-3.189569642,-310
POSCAR_a2b1b2d1_72_Al1As2K2Na1_icsd_073280_Cs_Rb_As_Al,-3.09903363,-3.560363293,0.461329663,-3.099033594,-2.931532383,0.167501211,-3.09903363,-310
POSCAR_a6c2e3_62_Ba2Sb6Sn3_icsd_082529_P_Sr_Ge,-4.934592976,-9.834069252,4.899476276,-4.934593201,-4.152478695,0.782114506,-4.934592976,-309.7
POSCAR_a2b1b2d1_72_Al1As2K2Na1_icsd_073280_K_K_As_Al,-3.248866853,-4.239953041,0.991086188,-3.248866796,-3.306187868,0.057321072,-3.248866853,-309.4
POSCAR_a2b2d1_62_Ga1Rb2Sb2_icsd_300135_Bi_K_Tl,-2.910998663,-6.851333618,3.940334955,-2.910998583,-2.600055218,0.310943365,-2.910998663,-308.1
POSCAR_a4c3d2_15_Al2As4Sr3_icsd_423787_Si_P_Tl,-4.661997108,-5.393811226,0.731814118,-4.661997318,-3.90568161,0.756315708,-4.661997108,-304.9
POSCAR_a4b3c3d1_186_Al1Ca3Na3Sb4_icsd_291242_Na_Ca_Ga_As,-3.689943237,-6.327532291,2.637589054,-3.689943314,-3.628673792,0.061269522,-3.689943237,-304.7
POSCAR_a4c3d2_15_Al2As4Sr3_icsd_423787_Ba_As_In,-4.159555284,-5.242753983,1.083198699,-4.159555435,-4.022711754,0.136843681,-4.159555284,-304.4
POSCAR_a12b4c8d4_12_Al4Eu8Na4P12_icsd_409320_Be_Li_Tl_As,-3.724861056,-7.476553917,3.751692861,-3.724861145,-3.615596294,0.109264851,-3.724861056,-304.1
POSCAR_a4c3d2_15_Al2As4Sr3_icsd_423787_Ge_P_Tl,-4.287983408,-5.940098286,1.652114878,-4.287983418,-4.027266979,0.260716439,-4.287983408,-303.8
POSCAR_a6b2c3c4_63_As6Ba4Cd3Li2_icsd_427778_P_Li_Ca_Mg,-4.179488103,-6.543561459,2.364073356,-4.179488182,-4.282613754,0.103125572,-4.179488103,-303.8
POSCAR_a4b2c5_63_As4Rb2Zn5_icsd_250688_Ge_As_Na,-4.045845515,-5.213355064,1.167509549,-4.045845509,-3.246199131,0.799646378,-4.045845515,-303.7
POSCAR_a4c3d2_15_Al2As4Sr3_icsd_423787_Sr_P_Ga,-4.508272474,-6.52077961,2.012507136,-4.508272648,-4.328777313,0.179495335,-4.508272474,-302.5
POSCAR_a5b6c1_59_Bi5K6Zn1_icsd_238106_Li_Zn_P,-3.821696557,-5.336529732,1.514833175,-3.82169652,-3.605998039,0.215698481,-3.821696557,-301.2
POSCAR_a2b1b2d1_72_Al1As2K2Na1_icsd_073280_Li_Cs_P_Tl,-3.116414684,-3.887159824,0.77074514,-3.116414785,-3.328844786,0.212430001,-3.116414684,-301
POSCAR_a2b1b2d1_72_Al1As2K2Na1_icsd_073280_Cs_Cs_Bi_Tl,-2.481849258,-2.722675323,0.240826065,-2.481849194,-2.611550808,0.129701614,-2.481849258,-300.6
POSCAR_a2b1e2_166_As2Na1Sn2_icsd_082366_K_As_Si,-4.387917582,-3.02509284,1.362824742,-4.387917519,-3.146622896,1.241294623,-4.387917582,-300.5
POSCAR_a2b1b2d1_64_As2In1K2Li1_icsd_402147_Cs_Li_As_In,-3.153809854,-5.846541405,2.692731551,-3.153809786,-3.137246609,0.016563177,-3.153809854,-299.6
POSCAR_a9c11d1_45_Ca11In1Sb9_icsd_042371_Bi_Ba_In,-3.785822887,-7.356939316,3.571116429,-3.785822868,-3.504338741,0.281484127,-3.785822887,-298.3
POSCAR_a2b1e2_166_As2Na1Sn2_icsd_082366_Rb_As_Si,-4.33048166,-3.011612892,1.318868768,-4.330481529,-3.044307709,1.28617382,-4.33048166,-298
POSCAR_a2b2d1_62_Ga1Rb2Sb2_icsd_300135_P_Cs_Al,-4.07332056,-8.744001389,4.670680829,-4.073320389,-3.596740961,0.476579428,-4.07332056,-297.7
POSCAR_a3b1e3_26_Ge3Na1P3_icsd_184000_Na_Si_Bi,-4.067451666,-2.993492126,1.07395954,-4.067451477,-2.750814438,1.316637039,-4.067451666,-297
POSCAR_a2b1b2d1_72_Al1As2K2Na1_icsd_073280_Rb_Rb_Sb_In,-2.726242351,-3.790600777,1.064358426,-2.726242304,-2.948174953,0.221932649,-2.726242351,-296.7
POSCAR_a2b1b2d1_64_As2In1K2Li1_icsd_402147_Rb_Na_Sb_In,-2.837056805,-5.072015762,2.234958957,-2.837056875,-2.949391842,0.112334967,-2.837056805,-296.5
POSCAR_a2b1b2d1_64_As2In1K2Li1_icsd_402147_K_Rb_As_In,-2.891238515,-5.643194199,2.751955684,-2.891238451,-3.174945831,0.28370738,-2.891238515,-295.4
POSCAR_a12b4c8d4_12_Al4Eu8Na4P12_icsd_409320_Sn_Rb_Al_As,-4.021170927,-6.029218674,2.008047747,-4.021171093,-3.133700371,0.887470722,-4.021170927,-295.3
POSCAR_a2b1b2d1_64_As2In1K2Li1_icsd_402147_Rb_Cs_As_Tl,-2.63953788,-4.661400318,2.021862438,-2.639537811,-2.774202585,0.134664774,-2.63953788,-294.9
POSCAR_a2b1b2d1_72_Al1As2K2Na1_icsd_073280_Li_Rb_As_In,-3.174593519,-3.870110273,0.695516754,-3.174593449,-3.037395716,0.137197733,-3.174593519,-294.6
POSCAR_a3b1e3_26_Ge3Na1P3_icsd_184000_Li_Sn_As,-4.177348016,-4.221014977,0.043666961,-4.177348137,-3.057762861,1.119585276,-4.177348016,-294.2
POSCAR_a2b1b2d1_72_Al1As2K2Na1_icsd_073280_Cs_Cs_P_Ga,-3.084363821,-3.818833828,0.734470007,-3.084363937,-3.352171421,0.267807484,-3.084363821,-293.9
POSCAR_a12b4c8d4_12_Al4Eu8Na4P12_icsd_409320_Sn_Rb_Ga_Sb,-3.542677557,-6.898205757,3.3555282,-3.542677641,-3.023716927,0.518960714,-3.542677557,-293.8
POSCAR_a5c2d5_62_Ba2In5P5_icsd_161774_P_Hg_Ga,-3.611339219,-7.84127903,4.229939811,-3.611339331,-3.574594259,0.036745072,-3.611339219,-293.2
POSCAR_a2b1c1e1_2_As2Cd1Ge1Rb1_icsd_291310_Sn_P_K_Cd,-3.59277262,-4.60811615,1.01534353,-3.592772722,-3.427135229,0.165637493,-3.59277262,-292.8
POSCAR_a6c5d2_55_Ca5Ga2Sb6_icsd_036466_P_Si_In,-4.913979001,-5.650776863,0.736797862,-4.913979053,-3.496929407,1.417049646,-4.913979001,-292.6
POSCAR_a2b1c1e1_2_As2Cd1Ge1Rb1_icsd_291310_Sn_P_Rb_Pb,-4.058150839,-5.090273857,1.032123018,-4.058150768,-3.391760826,0.666389942,-4.058150839,-292.6
POSCAR_a2b1b2d1_72_Al1As2K2Na1_icsd_073280_Li_Rb_P_Tl,-3.147868564,-3.869227648,0.721359084,-3.147868633,-3.220380545,0.072511912,-3.147868564,-292.4
POSCAR_a2c1d2_194_Ca1In2P2_icsd_260562_P_Hg_Al,-3.94268766,-3.260290861,0.682396799,-3.94268775,-3.174705267,0.767982483,-3.94268766,-292.3
POSCAR_a3d1e1_62_Al1P3Si1_icsd_010032_As_Sn_In,-4.199279839,-5.860051155,1.660771316,-4.199279785,-3.741766453,0.457513332,-4.199279839,-291.2
POSCAR_a4b2c5_63_As4Rb2Zn5_icsd_250688_Ba_P_Cs,-3.759887659,-6.275530815,2.515643156,-3.759887695,-4.0822649,0.322377205,-3.759887659,-291.1
POSCAR_a5b1c2_36_As5Ba2K1_icsd_414140_Li_Sb_Hg,-2.927567293,-2.544466734,0.383100559,-2.927567244,-2.21680212,0.710765124,-2.927567293,-290.9
POSCAR_a12b4c8d4_12_Al4Eu8Na4P12_icsd_409320_Be_Li_Al_P,-4.476225706,-9.442873001,4.966647295,-4.476225853,-4.124302387,0.351923466,-4.476225706,-290.9
POSCAR_a3b1c2c2_62_Ba2Cd2K1Sb3_icsd_420620_As_Rb_Sr_Sr,-3.655333335,-6.270601273,2.615267938,-3.655333281,-3.535185575,0.120147706,-3.655333335,-290.7
POSCAR_a2c1c2_36_Eu2P2Zn1_icsd_426081_Sr_As_Hg,-3.47838803,-3.509046078,0.030658048,-3.478388071,-3.459411621,0.01897645,-3.47838803,-289.6
POSCAR_a12b4c8d4_12_Al4Eu8Na4P12_icsd_409320_Be_Li_In_P,-4.119866997,-9.938521385,5.818654388,-4.119866848,-4.115644455,0.004222393,-4.119866997,-288.8
POSCAR_a12b4c8d4_12_Al4Eu8Na4P12_icsd_409320_Sn_Cs_Ga_Sb,-3.526060415,-6.520895481,2.994835066,-3.526060343,-2.959474802,0.566585541,-3.526060415,-288.7
POSCAR_a2b1b2d1_64_As2In1K2Li1_icsd_402147_Cs_K_Sb_In,-2.73911306,-5.027534008,2.288420948,-2.739113092,-2.956387758,0.217274666,-2.73911306,-288.6
POSCAR_a3b1e3_26_Ge3Na1P3_icsd_184000_Li_Ge_Sb,-4.048394914,-3.735203743,0.313191171,-4.04839468,-2.990470409,1.057924271,-4.048394914,-288.3
POSCAR_a4c1_9_Mn1P4_icsd_001829_P_Ca,-5.105888738,-12.92156315,7.815674412,-5.105888844,-4.226975918,0.878912926,-5.105888738,-287.8
POSCAR_a3b2d3_62_Ga3Na2Sb3_icsd_063617_Bi_Al_Cs,-3.27214315,-4.040569305,0.768426155,-3.272143126,-2.815722942,0.456420184,-3.27214315,-287.2
POSCAR_a2b1b2d1_72_Al1As2K2Na1_icsd_073280_Cs_Na_Sb_In,-2.791411177,-3.495554924,0.704143747,-2.791411161,-2.882393837,0.090982676,-2.791411177,-287.2
POSCAR_a4b3d3_52_As4Ga3K3_icsd_040206_Rb_P_Tl,-3.258382572,-7.50480938,4.246426808,-3.258382559,-3.303292751,0.044910192,-3.258382572,-286.5
POSCAR_a2b1b2d1_64_As2In1K2Li1_icsd_402147_Na_Li_P_Ga,-3.607346522,-6.25796175,2.650615228,-3.607346535,-3.413332939,0.194013596,-3.607346522,-286.5
POSCAR_a3b2d3_62_Ga3Na2Sb3_icsd_063617_As_Ga_Rb,-3.49019591,-6.698072433,3.207876523,-3.49019599,-3.333459616,0.156736374,-3.49019591,-286.2
POSCAR_a3b1c2c2_62_Ba2Cd2K1Sb3_icsd_420620_P_Rb_Pb_Sr,-3.959523831,-5.867163658,1.907639827,-3.959523916,-3.676783323,0.282740593,-3.959523831,-286.2
POSCAR_a4b2c5_63_As4Rb2Zn5_icsd_250688_Mg_P_Cs,-3.462057541,-4.431830883,0.969773342,-3.46205759,-3.555389166,0.093331576,-3.462057541,-285.8
POSCAR_a6b2c3c4_63_As6Ba4Cd3Li2_icsd_427778_Sb_Cs_Be_Cd,-2.976674957,-4.305239201,1.328564244,-2.976675034,-3.128448963,0.151773929,-2.976674957,-285.4
POSCAR_a9c11d1_45_Ca11In1Sb9_icsd_042371_Bi_Sn_In,-3.862604118,-8.134865761,4.272261643,-3.862604141,-2.637637138,1.224967003,-3.862604118,-285.2
POSCAR_a3b1c4_123_As3Rb1Zn4_icsd_262038_Pb_Sb_K,-3.601608804,-2.899055719,0.702553085,-3.601608753,-2.573690891,1.027917862,-3.601608804,-285.2
POSCAR_a12b4c8d4_12_Al4Eu8Na4P12_icsd_409320_Si_Cs_In_Sb,-3.682265954,-4.59924078,0.916974826,-3.682265997,-2.780510902,0.901755095,-3.682265954,-285.2
POSCAR_a9c11d1_45_Ca11In1Sb9_icsd_042371_As_Ge_In,-4.349378502,-8.421760559,4.072382057,-4.349378586,-3.461216927,0.888161659,-4.349378502,-284.7
POSCAR_a2b1b2d1_64_As2In1K2Li1_icsd_402147_K_Cs_As_Tl,-2.677275825,-5.731018066,3.053742241,-2.677275896,-2.965915442,0.288639546,-2.677275825,-284.5
POSCAR_a2b1c1e1_2_As2Cd1Ge1Rb1_icsd_291310_Ge_As_Rb_Pb,-3.981337469,-4.913211823,0.931874354,-3.981337547,-3.103804111,0.877533436,-3.981337469,-284.2
POSCAR_a6b2c3c4_63_As6Ba4Cd3Li2_icsd_427778_P_K_Ba_Mg,-3.737342599,-6.531585693,2.794243094,-3.737342596,-4.088589191,0.351246595,-3.737342599,-284.2
POSCAR_a6b2c3c4_63_As6Ba4Cd3Li2_icsd_427778_Bi_K_Pb_Zn,-3.094845076,-3.08159852,0.013246556,-3.094845057,-2.642716885,0.452128172,-3.094845076,-284.1
POSCAR_a3b1c2c2_62_Ba2Cd2K1Sb3_icsd_420620_Bi_K_Ca_Zn,-2.9844615,-3.78208971,0.79762821,-2.984461546,-2.996069431,0.011607885,-2.9844615,-283.4
POSCAR_a2b1c1e1_2_As2Cd1Ge1Rb1_icsd_291310_Ge_P_Rb_Ba,-4.163986541,-6.164394379,2.000407838,-4.163986683,-4.016490459,0.147496224,-4.163986541,-283.4
POSCAR_a2b1c1e1_2_As2Cd1Ge1Rb1_icsd_291310_Si_P_K_Mg,-4.274120223,-6.031786919,1.757666696,-4.274120331,-3.630491018,0.643629313,-4.274120223,-282.5
POSCAR_a2b1c1e1_2_As2Cd1Ge1Rb1_icsd_291310_Sn_P_Cs_Ca,-4.065919942,-5.076137543,1.010217601,-4.065919876,-3.987260818,0.078659058,-4.065919942,-282.5
POSCAR_a2b1b2d1_72_Al1As2K2Na1_icsd_073280_K_Rb_Sb_In,-2.767850043,-3.82212162,1.054271577,-2.767850161,-3.030385494,0.262535333,-2.767850043,-282.4
POSCAR_a3b1c2c2_62_Ba2Cd2K1Sb3_icsd_420620_As_K_Ba_Si,-4.24308303,-6.143804073,1.900721043,-4.243083,-3.68038559,0.56269741,-4.24308303,-282.1
POSCAR_a3b1c2c2_62_Ba2Cd2K1Sb3_icsd_420620_As_Na_Sr_Mg,-3.594895252,-6.170196533,2.575301281,-3.594895363,-3.565382242,0.029513121,-3.594895252,-282
POSCAR_a3b2d3_62_Ga3Na2Sb3_icsd_063617_As_Ga_K,-3.548583188,-7.624518394,4.075935206,-3.548583269,-3.560823917,0.012240648,-3.548583188,-281.6
POSCAR_a2b1b2d1_64_As2In1K2Li1_icsd_402147_Cs_K_Bi_Tl,-2.544222975,-3.538182735,0.99395976,-2.54422307,-2.617030382,0.072807312,-2.544222975,-281.6
POSCAR_a7b4c7_63_As7Rb4Zn7_icsd_237457_Ge_As_Rb,-3.927328684,-6.455110073,2.527781389,-3.927328587,-3.310601711,0.616726876,-3.927328684,-281.1
POSCAR_a2b1b2d1_64_As2In1K2Li1_icsd_402147_Rb_Na_Bi_Tl,-2.616141967,-4.056518078,1.440376111,-2.616142035,-2.7090168,0.092874765,-2.616141967,-278.4
POSCAR_a2b1b2d1_72_Al1As2K2Na1_icsd_073280_Na_Cs_Bi_In,-2.721242357,-3.047237158,0.325994801,-2.721242428,-2.696904659,0.024337769,-2.721242357,-278.1
POSCAR_a2b1b2d1_64_As2In1K2Li1_icsd_402147_Na_Rb_Bi_Tl,-2.614886918,-3.46546936,0.850582442,-2.614886999,-2.579154491,0.035732508,-2.614886918,-277.1
POSCAR_a5b1c2_36_As5Ba2K1_icsd_414140_Li_Sb_Cd,-3.101990855,-2.791962862,0.310027993,-3.101990938,-2.327905655,0.774085283,-3.101990855,-276.5
POSCAR_a2b1b2d1_64_As2In1K2Li1_icsd_402147_Cs_Cs_P_In,-2.897231651,-4.947763443,2.050531792,-2.897231579,-3.259680271,0.362448692,-2.897231651,-276.2
POSCAR_a2b1b2d1_72_Al1As2K2Na1_icsd_073280_Cs_Na_As_Al,-3.243024447,-3.613809586,0.370785139,-3.243024349,-2.956270456,0.286753893,-3.243024447,-275.4
POSCAR_a2c1c2_36_Eu2P2Zn1_icsd_426081_Ca_As_Cd,-3.776590633,-3.594733238,0.181857395,-3.776590586,-3.761314869,0.015275717,-3.776590633,-273.7
POSCAR_a2b1b2d1_72_Al1As2K2Na1_icsd_073280_Rb_K_Bi_Ga,-2.706922068,-3.454982996,0.748060928,-2.706922054,-3.087738514,0.38081646,-2.706922068,-273.7
POSCAR_a2b1b2d1_64_As2In1K2Li1_icsd_402147_K_Li_P_Tl,-3.241449295,-6.487261772,3.245812477,-3.241449356,-3.469293833,0.227844477,-3.241449295,-273
POSCAR_a2b1b2d1_72_Al1As2K2Na1_icsd_073280_K_Cs_Bi_Ga,-2.683299118,-3.362290859,0.678991741,-2.683299065,-2.87902379,0.195724725,-2.683299118,-272.7
POSCAR_a2c2d1_79_Sb2Tl1Zn2_icsd_076499_Bi_Tl_Ge,-3.761949961,-3.169919252,0.592030709,-3.761950016,-2.933228493,0.828721523,-3.761949961,-272.6
POSCAR_a3b2d3_62_Ga3Na2Sb3_icsd_063617_P_In_K,-3.614612374,-7.253307343,3.638694969,-3.614612341,-3.719453335,0.104840994,-3.614612374,-272.4
POSCAR_a6b2c3c4_63_As6Ba4Cd3Li2_icsd_427778_Sb_K_Sn_Hg,-3.04215112,-3.502717018,0.460565898,-3.042151213,-2.875233173,0.16691804,-3.04215112,-272
POSCAR_a2b1b2d1_64_As2In1K2Li1_icsd_402147_Li_Li_P_Al,-4.066494464,-6.090600491,2.024106027,-4.066494465,-3.518217564,0.548276901,-4.066494464,-271.8
POSCAR_a2b1b2d1_72_Al1As2K2Na1_icsd_073280_Cs_K_P_Al,-3.379471838,-4.040010452,0.660538614,-3.379471779,-3.436898947,0.057427168,-3.379471838,-271.4
POSCAR_a4b3d3_52_As4Ga3K3_icsd_040206_Rb_Bi_Al,-3.269531016,-4.488798141,1.219267125,-3.269531012,-2.900285244,0.369245768,-3.269531016,-271.2
POSCAR_a2b1c1e1_2_As2Cd1Ge1Rb1_icsd_291310_Pb_P_Cs_Ba,-3.900249457,-5.241662979,1.341413522,-3.900249481,-3.876174927,0.024074554,-3.900249457,-271.2
POSCAR_a3b4c1d1_7_Ca1Ga1Na4Sb3_icsd_291241_Sb_Hg_In_Li,-2.888073778,-6.716799736,3.828725958,-2.888073683,-2.666936874,0.221136809,-2.888073778,-271.1
POSCAR_a6b2c3c4_63_As6Ba4Cd3Li2_icsd_427778_Sb_K_Be_Hg,-2.885703558,-3.772947311,0.887243753,-2.885703564,-3.061984777,0.176281213,-2.885703558,-271
POSCAR_a12b4c8d4_12_Al4Eu8Na4P12_icsd_409320_Ba_Li_Ga_Bi,-3.598505113,-5.767228127,2.168723014,-3.59850502,-3.331248283,0.267256737,-3.598505113,-270.8
POSCAR_a4b3d3_52_As4Ga3K3_icsd_040206_Cs_Bi_Al,-3.25568552,-3.070222139,0.185463381,-3.255685568,-2.920825958,0.33485961,-3.25568552,-270.7
POSCAR_a2b1b2d1_72_Al1As2K2Na1_icsd_073280_Cs_K_Bi_Tl,-2.532701218,-3.1023736,0.569672382,-2.532701254,-2.775811672,0.243110418,-2.532701218,-270.1
POSCAR_a2b1b2d1_72_Al1As2K2Na1_icsd_073280_K_Li_As_Al,-3.608368629,-4.466140747,0.857772118,-3.608368635,-3.25845933,0.349909305,-3.608368629,-269.9
POSCAR_a2b1b2d1_72_Al1As2K2Na1_icsd_073280_Cs_Na_Bi_Ga,-2.733218105,-3.322465658,0.589247553,-2.733218193,-2.785557508,0.052339315,-2.733218105,-269.4
POSCAR_a2b1b2d1_64_As2In1K2Li1_icsd_402147_K_Na_Bi_Ga,-2.802958733,-4.610393524,1.807434791,-2.802958727,-2.99710536,0.194146633,-2.802958733,-269
POSCAR_a2b1c1e1_2_As2Cd1Ge1Rb1_icsd_291310_Sn_As_Cs_Ge,-3.99658973,-5.113812447,1.117222717,-3.996589661,-3.254471779,0.742117882,-3.996589731,-268.5
POSCAR_a2b1c1e1_2_As2Cd1Ge1Rb1_icsd_291310_Ge_P_Rb_Ca,-4.201936396,-5.569440365,1.367503969,-4.201936245,-4.011420727,0.190515518,-4.201936396,-268.4
POSCAR_a3b2d3_62_Ga3Na2Sb3_icsd_063617_Sb_Al_Cs,-3.41035879,-4.63368988,1.22333109,-3.410358906,-2.911145449,0.499213457,-3.41035879,-268
POSCAR_a2b2d1_62_Ga1Rb2Sb2_icsd_300135_As_Na_Tl,-3.164701421,-8.320342064,5.155640643,-3.164701462,-2.83599329,0.328708172,-3.164701421,-267.7
POSCAR_a5c2d5_62_Ba2In5P5_icsd_161774_As_Hg_Tl,-2.886378135,-6.974164009,4.087785874,-2.88637805,-2.645841122,0.240536928,-2.886378135,-267
POSCAR_a4b3d3_52_As4Ga3K3_icsd_040206_K_Bi_Al,-3.313500125,-5.272799492,1.959299367,-3.313500166,-2.965246677,0.348253489,-3.313500125,-266.6
POSCAR_a2b1c1e1_2_As2Cd1Ge1Rb1_icsd_291310_Sn_P_Rb_Ca,-4.06754311,-5.457937241,1.390394131,-4.06754303,-3.852938175,0.214604855,-4.06754311,-265.7
POSCAR_a2b2d1_62_Ga1Rb2Sb2_icsd_300135_As_Rb_In,-3.23167105,-7.567725182,4.336054132,-3.231671095,-3.023184776,0.208486319,-3.23167105,-265.3
POSCAR_a2b1b2d1_64_As2In1K2Li1_icsd_402147_Rb_Na_Bi_Ga,-2.751697885,-4.159449577,1.407751692,-2.751697779,-2.901484966,0.149787187,-2.751697885,-265.3
POSCAR_a2b1b2d1_64_As2In1K2Li1_icsd_402147_Cs_Cs_Bi_Tl,-2.446173389,-2.852430582,0.406257193,-2.446173429,-2.632501841,0.186328412,-2.446173389,-264.9
POSCAR_a3d1e1_62_Al1P3Si1_icsd_010032_P_Pb_In,-4.402504535,-5.620020866,1.217516331,-4.402504444,-4.407346725,0.004842281,-4.402504535,-264.5
POSCAR_a2c1e2_105_As2Ba1Ge2_icsd_026417_P_Ge_Cd,-4.180065454,-4.685014725,0.504949271,-4.180065632,-3.521071672,0.65899396,-4.180065454,-264.2
POSCAR_a2b1c2_139_Cs1Mn2P2_icsd_095837_Na_Sb_Ge,-3.742437296,-2.906378746,0.83605855,-3.742437363,-2.826364279,0.916073084,-3.742437296,-264.2
POSCAR_a2c1_11_Sb2Sr1_icsd_052307_Zn_P,-4.04680016,-3.111804008,0.934996152,-4.046800137,-3.338568449,0.708231688,-4.04680016,-263.9
POSCAR_a2b1b2d1_72_Al1As2K2Na1_icsd_073280_Na_Na_As_In,-3.071346459,-3.887453318,0.816106859,-3.071346521,-2.9328444,0.138502121,-3.071346459,-263.4
POSCAR_a5b1c2_36_As5Ba2K1_icsd_414140_Li_As_Mg,-3.791837863,-4.378946304,0.587108441,-3.791837931,-3.124425888,0.667412043,-3.791837863,-263.2
POSCAR_a2b1b2d1_72_Al1As2K2Na1_icsd_073280_Rb_K_Bi_Tl,-2.547650431,-3.19209528,0.644444849,-2.547650337,-2.92235446,0.374704123,-2.547650431,-263.1
POSCAR_a2c1e2_166_As2Sn2Sr1_icsd_611428_Hg_Sb_Sn,-3.281798138,-2.724252224,0.557545914,-3.281798124,-2.44388175,0.837916374,-3.281798138,-262.6
POSCAR_a6c2e3_62_Ba2Sb6Sn3_icsd_082529_P_Ca_Sn,-4.773432825,-8.322684288,3.549251463,-4.773432732,-4.139576435,0.633856297,-4.773432825,-262.5
POSCAR_a6c6d2_64_Ba6Ga2P6_icsd_402177_Sb_Sn_Tl,-3.769872903,-5.6478405,1.877967597,-3.769872904,-2.720917702,1.048955202,-3.769872903,-262
POSCAR_a6b2c3c4_63_As6Ba4Cd3Li2_icsd_427778_Sb_Li_Ge_Hg,-3.323746104,-3.375757694,0.05201159,-3.323746204,-2.739131689,0.584614515,-3.323746104,-261.3
POSCAR_a6b2c3c4_63_As6Ba4Cd3Li2_icsd_427778_As_K_Cd_Cd,-2.659520418,-3.654578209,0.995057791,-2.659520388,-2.887233734,0.227713346,-2.659520418,-260.9
POSCAR_a5b1c2_36_As5Ba2K1_icsd_414140_Li_P_Si,-4.870000273,-5.051386833,0.18138656,-4.870000362,-3.628559828,1.241440534,-4.870000273,-260.8
POSCAR_a12b4c8d4_12_Al4Eu8Na4P12_icsd_409320_Mg_Cs_In_Bi,-2.819708231,-2.544466734,0.275241497,-2.819708347,-2.666184425,0.153523922,-2.819708231,-260.5
POSCAR_a6b2c3c4_63_As6Ba4Cd3Li2_icsd_427778_Sb_Na_Pb_Zn,-3.182032243,-3.433989048,0.251956805,-3.182032347,-2.787983418,0.394048929,-3.182032243,-259.8
POSCAR_a2b1b2d1_64_As2In1K2Li1_icsd_402147_Li_Li_P_Ga,-3.8476966,-6.538916588,2.691219988,-3.847696543,-3.680780888,0.166915655,-3.8476966,-259.2
POSCAR_a2b1b2d1_72_Al1As2K2Na1_icsd_073280_Cs_Cs_As_Al,-3.077782648,-3.586544991,0.508762343,-3.077782631,-2.971908808,0.105873823,-3.077782648,-257.9
POSCAR_a7b3_19_Li3P7_icsd_060774_As_Li,-4.111198774,-9.937664032,5.826465258,-4.111198902,-3.077439547,1.033759355,-4.111198774,-257.2
POSCAR_a2b1b2d1_64_As2In1K2Li1_icsd_402147_Cs_Cs_Sb_In,-2.617033588,-4.503442764,1.886409176,-2.617033482,-2.670372963,0.053339481,-2.617033588,-257
POSCAR_a2b1b2d1_64_As2In1K2Li1_icsd_402147_Li_Li_P_In,-3.697007865,-6.4880867,2.791078835,-3.697007895,-3.514885187,0.182122708,-3.697007865,-256.6
POSCAR_a4c3d2_15_Al2As4Sr3_icsd_423787_Sr_P_Al,-4.794447785,-6.33673954,1.542291755,-4.794447899,-4.160488129,0.63395977,-4.794447785,-256.5
POSCAR_a3b3d2_64_As3In2K3_icsd_300199_Cs_As_In,-3.193981938,-6.767034531,3.573052593,-3.193981886,-3.067260981,0.126720905,-3.193981938,-255.9
POSCAR_a4b3c3d1_186_Al1Ca3Na3Sb4_icsd_291242_Rb_Ba_Ga_Bi,-3.158265134,-4.714198112,1.555932978,-3.158265114,-3.175743103,0.017477989,-3.158265134,-255.2
POSCAR_a3b3d2_64_As3In2K3_icsd_300199_Rb_As_In,-3.221054909,-6.207758904,2.986703995,-3.221054792,-3.053256273,0.167798519,-3.221054909,-254.7
POSCAR_a2b1b2d1_64_As2In1K2Li1_icsd_402147_Rb_Rb_As_Ga,-2.847357777,-5.123305321,2.275947544,-2.84735775,-3.083185911,0.235828161,-2.847357778,-254.7
POSCAR_a2b1b2d1_64_As2In1K2Li1_icsd_402147_Rb_Rb_Bi_Tl,-2.491442153,-4.339770317,1.848328164,-2.491442204,-2.704380035,0.212937831,-2.491442153,-254.5
POSCAR_a3b1c4_166_As3Cd4Rb1_icsd_262037_Bi_Na_Ba,-3.409073066,-4.125320435,0.716247369,-3.409073114,-3.21527791,0.193795204,-3.409073066,-253.8
POSCAR_a2b1b2d1_72_Al1As2K2Na1_icsd_073280_K_Rb_Sb_Ga,-2.793433664,-3.94933939,1.155905726,-2.793433666,-3.120336533,0.326902867,-2.793433664,-253.5
POSCAR_a2b1b2d1_72_Al1As2K2Na1_icsd_073280_K_Cs_Bi_In,-2.673820942,-3.228459835,0.554638893,-2.673820972,-2.795560837,0.121739865,-2.673820942,-253.5
POSCAR_a2b1b2d1_72_Al1As2K2Na1_icsd_073280_K_K_Bi_Tl,-2.579230937,-3.440961361,0.861730424,-2.579231024,-2.952149868,0.372918844,-2.579230937,-252.7
POSCAR_a2b1b2d1_72_Al1As2K2Na1_icsd_073280_Rb_Cs_Sb_Ga,-2.740177721,-3.577837706,0.837659985,-2.740177631,-2.873505831,0.1333282,-2.740177721,-252.5
POSCAR_a2b1b2d1_72_Al1As2K2Na1_icsd_073280_Rb_Na_Sb_In,-2.793032363,-3.565042496,0.772010133,-2.793032408,-2.853943348,0.06091094,-2.793032363,-252.5
POSCAR_a2b1b2d1_72_Al1As2K2Na1_icsd_073280_K_Li_As_In,-3.324717648,-4.531155586,1.206437938,-3.32471776,-3.347406864,0.022689104,-3.324717648,-251.9
POSCAR_a5b1c2_36_As5Ba2K1_icsd_414140_Li_Sb_Ca,-3.810260948,-4.003903389,0.193642441,-3.810261011,-3.009745121,0.80051589,-3.810260948,-251.3
POSCAR_a5c2d5_62_Ba2In5P5_icsd_161774_Bi_Cd_Al,-3.24024346,-3.90393877,0.66369531,-3.240243435,-2.578648329,0.661595106,-3.24024346,-251.2
POSCAR_a2b1c1e1_2_As2Cd1Ge1Rb1_icsd_291310_Ge_P_K_Ba,-4.180171193,-6.704608917,2.524437724,-4.180171013,-4.017429352,0.162741661,-4.180171193,-251.2
POSCAR_a4b3d3_52_As4Ga3K3_icsd_040206_Na_As_Al,-3.887801025,-7.493701935,3.60590091,-3.887800932,-3.096729755,0.791071177,-3.887801025,-251
POSCAR_a2b1c1e1_2_As2Cd1Ge1Rb1_icsd_291310_Sn_P_K_Ge,-4.276110298,-6.305065632,2.028955334,-4.276110172,-3.719966412,0.55614376,-4.276110298,-251
POSCAR_a3b1c2c2_62_Ba2Cd2K1Sb3_icsd_420620_As_Na_Sr_Pb,-3.809796291,-6.114264965,2.304468674,-3.809796333,-3.083598375,0.726197958,-3.809796291,-250.7
POSCAR_a2b1c1e1_2_As2Cd1Ge1Rb1_icsd_291310_Ge_As_Na_Cd,-3.455800704,-4.037200451,0.581399747,-3.455800772,-3.005000591,0.450800181,-3.455800705,-250.1
POSCAR_a2b1c1e1_2_As2Cd1Ge1Rb1_icsd_291310_Sn_P_K_Sr,-4.046930379,-6.128256798,2.081326419,-4.046930313,-3.946817636,0.100112677,-4.046930379,-249.9
POSCAR_a5b6c1_59_Bi5K6Zn1_icsd_238106_Cs_Cd_Sb,-2.662791475,-3.58458662,0.921795145,-2.662791491,-2.890059233,0.227267742,-2.662791475,-249.8
POSCAR_a2d1_191_Bi2Tl1_icsd_058864_In_As,-3.918879203,-2.848782539,1.070096664,-3.918879271,-3.356711864,0.562167407,-3.918879203,-248.9
POSCAR_a4b3d3_52_As4Ga3K3_icsd_040206_Rb_Sb_In,-3.110825649,-6.607620239,3.49679459,-3.110825539,-2.920377016,0.190448523,-3.11082565,-248.9
POSCAR_a3b1c2c2_62_Ba2Cd2K1Sb3_icsd_420620_Bi_Cs_Sr_Ge,-3.615642359,-4.642593384,1.026951025,-3.615642309,-3.04602766,0.569614649,-3.615642359,-248.7
POSCAR_a4b3c3d1_186_Al1Ca3Na3Sb4_icsd_291242_Na_Si_Ga_P,-4.282367662,-5.927938461,1.645570799,-4.282367706,-3.447275877,0.835091829,-4.282367662,-248.6
POSCAR_a2c1d2_10_As2Ga2Sr1_icsd_422527_Hg_Bi_Al,-3.090448963,-2.660800457,0.429648506,-3.090448856,-2.474907398,0.615541458,-3.090448963,-248.5
POSCAR_a2b2d1_14_As2Ga1K2_icsd_300142_Rb_As_In,-3.214814482,-7.650274277,4.435459795,-3.214814425,-3.096219778,0.118594647,-3.214814482,-248.4
POSCAR_a9c4c9_55_Bi9Cd4Sr9_icsd_058763_Sn_P_Hg,-3.780604028,-4.966950417,1.186346389,-3.780604124,-3.357900381,0.422703743,-3.780604028,-247.8
POSCAR_a3c3d1_64_Al1Ba3Sb3_icsd_032728_P_Be_Tl,-4.203921255,-9.914200783,5.710279528,-4.203921318,-4.414188862,0.210267544,-4.203921255,-247.5
POSCAR_a1b1_19_K1P1_icsd_014010_As_Cs,-3.202321718,-4.054820538,0.85249882,-3.202321768,-3.207706213,0.005384445,-3.202321718,-247.3
POSCAR_a4b3d3_52_As4Ga3K3_icsd_040206_K_As_In,-3.431548854,-8.786099434,5.35455058,-3.431548834,-3.33176136,0.099787474,-3.431548854,-247.3
POSCAR_a6c6d2_64_Ba6Ga2P6_icsd_402177_P_Si_Ga,-5.094176509,-7.081189156,1.987012647,-5.094176292,-3.526893139,1.567283153,-5.094176509,-246.9
POSCAR_a2b1b2d1_72_Al1As2K2Na1_icsd_073280_Na_Cs_Sb_Ga,-2.839362234,-3.764227867,0.924865633,-2.839362144,-2.924677372,0.085315228,-2.839362234,-246.9
POSCAR_a2b1c1e1_2_As2Cd1Ge1Rb1_icsd_291310_Pb_P_K_Ba,-3.967404775,-6.071466446,2.104061671,-3.967404842,-3.937770128,0.029634714,-3.967404776,-246.4
POSCAR_a2c1d2_11_Ba1In2P2_icsd_260564_Bi_Hg_Tl,-2.612168172,-3.11290884,0.500740668,-2.612168074,-2.205401421,0.406766653,-2.612168172,-245.9
POSCAR_a2b1e2_166_As2Na1Sn2_icsd_082366_Rb_Sb_Si,-3.994719206,-2.826860905,1.167858301,-3.994719267,-2.854671955,1.140047312,-3.994719206,-245.9
POSCAR_a2b1b2d1_72_Al1As2K2Na1_icsd_073280_Li_Na_P_In,-3.461801394,-4.071651459,0.609850065,-3.461801291,-3.223669529,0.238131762,-3.461801394,-245.8
POSCAR_a3b2d3_62_Ga3Na2Sb3_icsd_063617_Sb_In_Rb,-3.107538081,-4.922832489,1.815294408,-3.107537985,-2.822917223,0.284620762,-3.107538081,-245.6
POSCAR_a7b4c7_63_As7Rb4Zn7_icsd_237457_Ba_As_Cs,-3.468786185,-5.51849556,2.049709375,-3.46878624,-3.792441368,0.323655128,-3.468786185,-245.5
POSCAR_a6b2c3c4_63_As6Ba4Cd3Li2_icsd_427778_Bi_Li_Sr_Mg,-3.314340803,-4.288887024,0.974546221,-3.31434083,-3.038536072,0.275804758,-3.314340803,-245.3
POSCAR_a12b4c8d4_12_Al4Eu8Na4P12_icsd_409320_Si_K_Ga_Sb,-3.852737541,-5.531122208,1.678384667,-3.852737427,-2.915308237,0.93742919,-3.852737541,-245.3
POSCAR_a2b2d1_62_Ga1Rb2Sb2_icsd_300135_Bi_K_Ga,-3.061927039,-6.737217903,3.675290864,-3.06192708,-2.988785982,0.073141098,-3.061927039,-245.1
POSCAR_a2b1b2d1_64_As2In1K2Li1_icsd_402147_Na_K_P_Tl,-2.945188893,-6.208065987,3.262877094,-2.945188999,-3.196452379,0.25126338,-2.945188893,-244.5
POSCAR_a3c1_12_As3Sr1_icsd_611440_Ba_As,-4.598551783,-3.689322948,0.909228835,-4.59855175,-4.104309082,0.494242668,-4.598551783,-243.6
POSCAR_a6c2e3_62_Ba2Sb6Sn3_icsd_082529_As_Hg_Si,-3.98448778,-4.702703476,0.718215696,-3.984487772,-2.743240118,1.241247654,-3.98448778,-243.1
POSCAR_a4c3d2_62_Al2Ba3P4_icsd_423778_Bi_Ba_Ga,-3.686332279,-7.378026009,3.69169373,-3.686332226,-3.426743507,0.259588719,-3.686332279,-243
POSCAR_a5b6c1_59_Bi5K6Zn1_icsd_238106_Rb_Cd_Bi,-2.594088096,-3.121197224,0.527109128,-2.594088078,-2.836558342,0.242470264,-2.594088096,-242.9
POSCAR_a2b1b2d1_64_As2In1K2Li1_icsd_402147_K_Rb_P_Ga,-3.060683123,-6.353193283,3.29251016,-3.060683012,-3.559349537,0.498666525,-3.060683123,-242.5
POSCAR_a2b1b2d1_72_Al1As2K2Na1_icsd_073280_Li_K_P_Ga,-3.536972888,-4.490962505,0.953989617,-3.536973,-3.691195488,0.154222488,-3.536972888,-241.4
POSCAR_a2b1c2_139_Cs1Mn2P2_icsd_095837_K_Bi_Pb,-3.481573744,-2.778222561,0.703351183,-3.48157382,-2.54905653,0.93251729,-3.481573744,-241.3
POSCAR_a3b1e3_26_Ge3Na1P3_icsd_184000_Na_Pb_Sb,-3.556153547,-3.279017925,0.277135622,-3.556153536,-2.382499933,1.173653603,-3.556153547,-241.2
POSCAR_a2b1b2d1_64_As2In1K2Li1_icsd_402147_K_Na_Sb_Ga,-2.906358298,-5.320660591,2.414302293,-2.906358242,-3.095595121,0.189236879,-2.906358298,-241.2
POSCAR_a4b3c3d1_186_Al1Ca3Na3Sb4_icsd_291242_Rb_Ba_In_Bi,-3.143197854,-4.44481039,1.301612536,-3.143197775,-3.164344788,0.021147013,-3.143197854,-241.1
POSCAR_a2b1b2d1_72_Al1As2K2Na1_icsd_073280_Cs_Li_Sb_Tl,-2.898114475,-3.881614923,0.983500448,-2.898114443,-2.707617283,0.19049716,-2.898114475,-240.9
POSCAR_a6b2c3c4_63_As6Ba4Cd3Li2_icsd_427778_As_Cs_Zn_Mg,-2.932367903,-4.458667755,1.526299852,-2.932367802,-3.060100555,0.127732753,-2.932367903,-240.9
POSCAR_a3b2_69_P3Rb2_icsd_654296_Bi_K,-3.143234483,-2.968408585,0.174825898,-3.143234491,-2.784939289,0.358295202,-3.143234483,-240.2
POSCAR_a2b1b2d1_64_As2In1K2Li1_icsd_402147_K_Na_Bi_In,-2.792068672,-4.392147541,1.600078869,-2.79206872,-2.94214344,0.15007472,-2.792068672,-240
POSCAR_a2b1b2d1_72_Al1As2K2Na1_icsd_073280_Li_Li_P_In,-3.680211858,-4.507751942,0.827540084,-3.680211782,-3.553213835,0.126997947,-3.680211858,-239.8
POSCAR_a4c1e3_62_Eu1Sb4Sn3_icsd_411250_Zn_P_Pb,-4.074356562,-5.266170025,1.191813463,-4.074356556,-3.646035194,0.428321362,-4.074356562,-239.7
POSCAR_a2b1b2d1_72_Al1As2K2Na1_icsd_073280_Li_K_As_Tl,-3.049762169,-4.472180843,1.422418674,-3.049762249,-3.04212141,0.007640839,-3.049762169,-239.4
POSCAR_a3b1c2c2_62_Ba2Cd2K1Sb3_icsd_420620_Sb_Cs_Ge_Sn,-3.766314029,-5.258560181,1.492246152,-3.76631403,-3.109125376,0.657188654,-3.766314029,-239.2
POSCAR_a3b1c4_123_As3Rb1Zn4_icsd_262038_Ba_P_Rb,-3.734737759,-3.257400513,0.477337246,-3.734737873,-3.912788868,0.178050995,-3.734737759,-238.5
POSCAR_a4c3d2_62_Al2Ba3P4_icsd_423778_As_Ge_Tl,-4.00033006,-7.61111927,3.61078921,-4.000329971,-3.192055702,0.808274269,-4.00033006,-237.7
POSCAR_a6b2c3c4_63_As6Ba4Cd3Li2_icsd_427778_P_Cs_Pb_Sr,-3.836678187,-5.314211845,1.477533658,-3.836678267,-3.655501842,0.181176425,-3.836678187,-237.1
POSCAR_a3c3d1_64_Al1Ba3Sb3_icsd_032728_Sb_Sr_In,-3.700482074,-5.718813896,2.018331822,-3.70048213,-3.506795645,0.193686485,-3.700482074,-236.5
POSCAR_a2b1b2d1_72_Al1As2K2Na1_icsd_073280_Rb_Li_Bi_In,-2.936618313,-3.59290576,0.656287447,-2.936618328,-2.579198837,0.357419491,-2.936618313,-236
POSCAR_a6c5d2_55_Ca5Ga2Sb6_icsd_036466_Sb_Sr_Ga,-3.803661694,-5.000141144,1.19647945,-3.803661585,-3.58985877,0.213802815,-3.803661694,-235.8
POSCAR_a2c1c2_8_As2Ca2Cd1_icsd_422578_Sr_P_Hg,-3.709162044,-4.819310188,1.110148144,-3.709161997,-3.681438684,0.027723313,-3.709162044,-235.6
POSCAR_a12c11c6_12_Eu11Sb12Zn6_icsd_419343_Ca_P_Cd,-4.030454507,-5.492719173,1.462264666,-4.030454636,-3.959246159,0.071208477,-4.030454507,-235.5
POSCAR_a2c1_63_Bi2Ca1_icsd_659277_Hg_As,-3.195418283,-2.754134655,0.441283628,-3.195418358,-2.508787394,0.686630964,-3.195418283,-235.4
POSCAR_a2b1b2d1_72_Al1As2K2Na1_icsd_073280_Rb_Na_Bi_Tl,-2.572992811,-3.030260563,0.457267752,-2.572992802,-2.739005089,0.166012287,-2.572992811,-235.2
POSCAR_a2b1e2_166_As2Na1Sn2_icsd_082366_K_As_Pb,-3.742760352,-2.895037651,0.847722701,-3.74276042,-3.266391039,0.476369381,-3.742760352,-235.1
POSCAR_a2b1b2d1_64_As2In1K2Li1_icsd_402147_Rb_Rb_As_Al,-2.993116923,-4.943070889,1.949953966,-2.993116856,-2.985239029,0.007877827,-2.993116923,-235
POSCAR_a6c6d2_64_Ba6Ga2P6_icsd_402177_As_Si_In,-4.619297836,-5.284258366,0.66496053,-4.619297981,-3.218963146,1.400334835,-4.619297836,-234.6
POSCAR_a2c1c2_62_Ba1Sb2Zn2_icsd_032020_As_Ba_Hg,-3.461180032,-4.666697025,1.205516993,-3.461179972,-3.49792099,0.036741018,-3.461180033,-234.5
POSCAR_a2b1b2d1_72_Al1As2K2Na1_icsd_073280_Cs_Na_Bi_In,-2.677691333,-3.218112469,0.540421136,-2.677691221,-2.659263372,0.018427849,-2.677691333,-234.5
POSCAR_a4b3c3d1_186_Al1Ca3Na3Sb4_icsd_291242_K_Pb_Tl_Bi,-3.149213224,-3.956377029,0.807163805,-3.149213314,-2.625463009,0.523750305,-3.149213224,-234.5
POSCAR_a2c1e2_166_As2Sn2Sr1_icsd_611428_Hg_As_Ge,-3.667616602,-2.876339436,0.791277166,-3.667616606,-2.774225235,0.893391371,-3.667616602,-234.2
POSCAR_a7c12c2_174_Mn12P7Yb2_icsd_602711_Bi_Be_Cd,-3.26803313,-4.671957016,1.403923886,-3.268033028,-3.404591084,0.136558056,-3.26803313,-234.1
POSCAR_a2c1d2_11_Ba1In2P2_icsd_260564_P_Hg_Ga,-3.552090671,-4.494059563,0.941968892,-3.552090645,-3.511305571,0.040785074,-3.552090671,-234
POSCAR_a3b2d3_62_Ga3Na2Sb3_icsd_063617_P_Ga_Cs,-3.633776747,-6.846083641,3.212306894,-3.633776665,-3.763207436,0.129430771,-3.633776747,-233.2
POSCAR_a4b3d3_52_As4Ga3K3_icsd_040206_Cs_Sb_Ga,-3.179803902,-6.922991753,3.743187851,-3.179803848,-3.061927795,0.117876053,-3.179803902,-232.9
POSCAR_a12b4c8d4_12_Al4Eu8Na4P12_icsd_409320_Cd_Na_Tl_Bi,-2.561956421,-2.544466734,0.017489687,-2.561956406,-2.372861147,0.189095259,-2.561956421,-231.9
POSCAR_a2c1c1_139_Ba1Bi2Mn1_icsd_615787_Zn_As_Sr,-3.756402523,-3.196558952,0.559843571,-3.756402493,-3.64409399,0.112308503,-3.756402523,-231.8
POSCAR_a2b1b2d1_64_As2In1K2Li1_icsd_402147_Li_Rb_As_In,-3.111839747,-5.851110458,2.739270711,-3.111839771,-3.39030838,0.278468609,-3.111839747,-231.8
POSCAR_a3c3d1_62_Ca3In1P3_icsd_060125_Bi_Ca_Ga,-3.688155978,-4.962431431,1.274275453,-3.68815589,-3.446254969,0.241900921,-3.688155978,-231.5
POSCAR_a2b1e2_166_As2Na1Sn2_icsd_082366_K_P_Pb,-3.968759376,-2.947314024,1.021445352,-3.968759298,-3.917533398,0.0512259,-3.968759376,-231.3
POSCAR_a3d5_140_In5Sb3_icsd_640434_P_Al,-4.45123773,-6.549574852,2.098337122,-4.451237679,-3.460851192,0.990386487,-4.45123773,-231.2
POSCAR_a2b1b2d1_64_As2In1K2Li1_icsd_402147_Na_Cs_As_Tl,-2.644028887,-4.958422661,2.314393774,-2.644028902,-2.78459692,0.140568018,-2.644028888,-231.2
POSCAR_a2c1d2_10_As2Ga2Sr1_icsd_422527_Hg_P_Ga,-3.548732931,-4.480997562,0.932264631,-3.548732996,-3.562206507,0.013473511,-3.548732931,-230.6
POSCAR_a3b1c2c2_62_Ba2Cd2K1Sb3_icsd_420620_P_Li_Ba_Sn,-4.290634295,-6.498688698,2.208054403,-4.290634155,-4.11868,0.171954155,-4.290634295,-230.6
POSCAR_a2b1b2d1_72_Al1As2K2Na1_icsd_073280_Li_Cs_P_Ga,-3.419899708,-4.008686066,0.588786358,-3.419899702,-3.533724308,0.113824606,-3.419899708,-230.4
POSCAR_a4b3c3d1_186_Al1Ca3Na3Sb4_icsd_291242_K_Si_In_P,-4.106852972,-5.488059044,1.381206072,-4.106853008,-3.497380733,0.609472275,-4.106852972,-229.6
POSCAR_a4b3c3d1_186_Al1Ca3Na3Sb4_icsd_291242_Cs_Ba_In_Bi,-3.09781974,-4.33160162,1.23378188,-3.097819805,-3.023966074,0.073853731,-3.09781974,-229.4
POSCAR_a2c1e1_122_As2Mg1Si1_icsd_182367_As_Be_Sn,-4.441750285,-3.676207066,0.765543219,-4.44175005,-3.663877487,0.777872563,-4.441750285,-228.9
POSCAR_a3d1e1_62_Al1P3Si1_icsd_010032_P_Si_Ga,-5.075760174,-6.32019043,1.244430256,-5.075760365,-3.922144651,1.153615714,-5.075760174,-228.5
POSCAR_a2b1c1e1_2_As2Cd1Ge1Rb1_icsd_291310_Ge_P_K_Ge,-4.395993747,-6.698599815,2.302606068,-4.39599371,-3.976882219,0.419111491,-4.395993747,-228.5
POSCAR_a3b1c2c2_62_Ba2Cd2K1Sb3_icsd_420620_P_K_Sn_Mg,-3.867074907,-5.504868507,1.6377936,-3.867074966,-3.734610796,0.13246417,-3.867074907,-228.4
POSCAR_a2b1b2d1_72_Al1As2K2Na1_icsd_073280_Rb_Na_Sb_Ga,-2.827078088,-3.691344261,0.864266173,-2.827078104,-2.89568758,0.068609476,-2.827078088,-227.1
POSCAR_a2b1b2d1_72_Al1As2K2Na1_icsd_073280_K_Li_As_Ga,-3.415610211,-4.589327812,1.173717601,-3.415610313,-3.553905249,0.138294936,-3.415610211,-226.6
POSCAR_a2b1c1e1_2_As2Cd1Ge1Rb1_icsd_291310_Ge_Sb_Rb_Zn,-3.229550192,-3.515390158,0.285839966,-3.229550123,-3.016439199,0.213110924,-3.229550192,-226.3
POSCAR_a2b1c1e1_2_As2Cd1Ge1Rb1_icsd_291310_Sn_As_Cs_Mg,-3.578386592,-4.349577904,0.771191312,-3.578386545,-3.216451645,0.3619349,-3.578386592,-226.2
POSCAR_a3b1e3_26_Ge3Na1P3_icsd_184000_Li_Sn_Sb,-3.854861003,-3.59457922,0.260281783,-3.854861021,-2.688958645,1.165902376,-3.854861003,-225.8
POSCAR_a3b1c2c2_62_Ba2Cd2K1Sb3_icsd_420620_As_Na_Pb_Sn,-3.905265388,-5.944579124,2.039313736,-3.905265331,-2.83539319,1.069872141,-3.905265388,-225.3
POSCAR_a12b4c8d4_12_Al4Eu8Na4P12_icsd_409320_Mg_K_Ga_Sb,-3.031343625,-5.070575237,2.039231612,-3.031343699,-2.955518246,0.075825453,-3.031343625,-224.7
POSCAR_a12b7c12_12_Mn12Rb7Sb12_icsd_237459_P_Sn_K,-4.056371663,-6.388257027,2.331885364,-4.056371689,-3.608241558,0.448130131,-4.056371663,-224.1
POSCAR_a2b2d1_62_Ga1Rb2Sb2_icsd_300135_Sb_K_Al,-3.469007377,-6.584974289,3.115966912,-3.469007492,-2.908257961,0.560749531,-3.469007377,-223.4
POSCAR_a2b1b2d1_64_As2In1K2Li1_icsd_402147_Cs_K_As_Ga,-2.913019329,-5.885046959,2.97202763,-2.913019419,-3.210711002,0.297691583,-2.913019329,-222.8
POSCAR_a2b1c1e1_2_As2Cd1Ge1Rb1_icsd_291310_Sn_P_K_Mg,-3.861247907,-5.254436493,1.393188586,-3.861248016,-3.686307907,0.174940109,-3.861247907,-222.6
POSCAR_a4b3c3d1_186_Al1Ca3Na3Sb4_icsd_291242_Li_Ba_In_As,-3.761098268,-6.612155914,2.851057646,-3.761098385,-3.866524458,0.105426073,-3.761098268,-222.4
POSCAR_a3b1b4e1_14_K1Na4Sb3Sn1_icsd_054261_Li_Rb_Pb_P,-3.651268322,-7.510464668,3.859196346,-3.651268244,-3.748993874,0.09772563,-3.651268322,-221.4
POSCAR_a2c1_33_Cd1P2_icsd_062336_P_Mg,-4.505609337,-5.398968697,0.89335936,-4.505609512,-3.565854549,0.939754963,-4.505609337,-221.2
POSCAR_a2d1_191_Bi2Tl1_icsd_058864_Al_Sb,-3.935696503,-2.743313074,1.192383429,-3.935696602,-2.488998413,1.446698189,-3.935696503,-220.7
POSCAR_a2b1b2d1_72_Al1As2K2Na1_icsd_073280_Na_Cs_Sb_Al,-2.984098421,-3.194489717,0.210391296,-2.984098434,-2.961325884,0.02277255,-2.984098421,-220.6
POSCAR_a2b1b2d1_64_As2In1K2Li1_icsd_402147_Rb_Cs_P_In,-2.909502149,-5.134324074,2.224821925,-2.909502268,-3.107177258,0.19767499,-2.909502149,-220.1
POSCAR_a2b1b2d1_64_As2In1K2Li1_icsd_402147_K_K_Bi_Ga,-2.700912728,-4.802810669,2.101897941,-2.700912714,-3.104405403,0.403492689,-2.700912728,-220.1
POSCAR_a2b1b2d1_64_As2In1K2Li1_icsd_402147_Cs_Rb_Bi_Ga,-2.582427745,-3.840726137,1.258298392,-2.58242774,-2.717268467,0.134840727,-2.582427745,-219.4
POSCAR_a6c5d2_55_Ca5Ga2Sb6_icsd_036466_Bi_Sn_Tl,-3.737166183,-4.171843529,0.434677346,-3.737166166,-2.607484102,1.129682064,-3.737166183,-219.3
POSCAR_a2b1e2_166_As2Na1Sn2_icsd_082366_Na_As_Pb,-3.753187882,-2.902970552,0.85021733,-3.753187895,-2.796068907,0.957118988,-3.753187882,-218.8
POSCAR_a2b1b2d1_72_Al1As2K2Na1_icsd_073280_Li_Li_As_Tl,-3.319763388,-4.411360741,1.091597353,-3.319763422,-2.92700696,0.392756462,-3.319763388,-218.8
POSCAR_a3b2d3_62_Ga3Na2Sb3_icsd_063617_Sb_In_K,-3.153822165,-5.426501274,2.272679109,-3.153822184,-2.936148405,0.217673779,-3.153822165,-218.5
POSCAR_a6c6d2_64_Ba6Ga2P6_icsd_402177_Bi_Sn_In,-3.79586369,-5.365440369,1.569576679,-3.795863628,-2.595417023,1.200446605,-3.79586369,-218.5
POSCAR_a4c2e1_62_As4Cd2Ge1_icsd_042132_Sn_P_Cd,-3.97602688,-4.64552784,0.66950096,-3.976026773,-3.536155224,0.439871549,-3.97602688,-218.4
POSCAR_a2b1e2_166_As2Na1Sn2_icsd_082366_Na_Sb_Si,-4.018783268,-2.833913326,1.184869942,-4.018783092,-2.747853041,1.270930051,-4.018783268,-218.2
POSCAR_a2b1b2d1_64_As2In1K2Li1_icsd_402147_Cs_Rb_Sb_Tl,-2.550043646,-4.502222061,1.952178415,-2.550043583,-2.687388182,0.137344599,-2.550043646,-218
POSCAR_a2c1_63_Bi2Ca1_icsd_659277_Ba_P,-4.941116838,-3.340984821,1.600132017,-4.94111681,-4.667417526,0.273699284,-4.941116838,-217.9
POSCAR_a2b2c1c1_26_Ba1Cd1K2Sb2_icsd_422272_Sb_Cs_Hg_Cd,-2.206877633,-2.544466734,0.337589101,-2.206877708,-2.562538624,0.355660916,-2.206877633,-217.9
POSCAR_a4c1e3_62_Eu1Sb4Sn3_icsd_411250_Cd_Bi_Si,-3.851770044,-2.544466734,1.30730331,-3.851770163,-2.558354855,1.293415308,-3.851770044,-217.8
POSCAR_a3b2d3_62_Ga3Na2Sb3_icsd_063617_P_Al_Cs,-3.993308886,-5.781562805,1.788253919,-3.993308783,-3.607119322,0.386189461,-3.993308886,-217.7
POSCAR_a2c1_92_Cd1P2_icsd_062336_As_Cd,-3.49347954,-4.285746574,0.792267034,-3.49347949,-2.834784269,0.658695221,-3.49347954,-217.5
POSCAR_a2c1_33_Cd1P2_icsd_062336_As_Cd,-3.493479541,-4.285745144,0.792265603,-3.49347949,-2.834784269,0.658695221,-3.493479541,-217.5
POSCAR_a4b3d3_52_As4Ga3K3_icsd_040206_K_Sb_Ga,-3.23931289,-7.433483124,4.194170234,-3.239312887,-3.18598938,0.053323507,-3.23931289,-216.9
POSCAR_a6c5e2_55_As6Eu5Sn2_icsd_262647_Ca_P_Sn,-4.72781069,-5.898952484,1.171141794,-4.72781086,-4.361836433,0.365974427,-4.72781069,-216.8
POSCAR_a2c1d2_62_Eu1Ga2Sb2_icsd_182776_Hg_Bi_Tl,-2.582864142,-3.300100327,0.717236185,-2.582864046,-2.350739717,0.232124329,-2.582864142,-216.6
POSCAR_a6c6d2_64_Ba6Ga2P6_icsd_402177_Bi_Sr_Ga,-3.607495853,-4.481532574,0.874036721,-3.607495785,-3.293290377,0.314205408,-3.607495853,-216.6
POSCAR_a2c1e1_225_Hg1P2Si1_icsd_247969_As_Sn_Zn,-3.833747388,-3.183759689,0.649987699,-3.833747387,-3.185943365,0.647804022,-3.833747388,-216.3
POSCAR_a2c1e1_122_As2Mg1Si1_icsd_182367_As_Zn_Sn,-3.833746948,-3.183794975,0.649951973,-3.83374691,-3.185729027,0.648017883,-3.833746948,-216.3
POSCAR_a2c1_92_Cd1P2_icsd_062336_As_Zn,-3.679974096,-4.264114857,0.584140761,-3.679974079,-2.942811966,0.737162113,-3.679974096,-216.1
POSCAR_a4b3c3d1_186_Al1Ca3Na3Sb4_icsd_291242_K_Be_In_P,-3.75645257,-7.011564255,3.255111685,-3.75645256,-4.239238739,0.482786179,-3.75645257,-214
POSCAR_a3c3d1_64_Al1Ba3Sb3_icsd_032728_Sb_Sr_Ga,-3.781409936,-5.959942818,2.178532882,-3.781409979,-3.571052074,0.210357905,-3.781409936,-213.5
POSCAR_a3b1c2c2_62_Ba2Cd2K1Sb3_icsd_420620_P_Rb_Be_Hg,-3.179450056,-4.455668926,1.27621887,-3.179450035,-3.353540897,0.174090862,-3.179450056,-213.5
POSCAR_a12b4c8d4_12_Al4Eu8Na4P12_icsd_409320_Ge_K_In_Bi,-3.536498847,-4.624501228,1.088002381,-3.536498785,-2.853677511,0.682821274,-3.536498847,-213.5
POSCAR_a2b1b2d1_72_Al1As2K2Na1_icsd_073280_Li_Na_P_Tl,-3.240242436,-4.021735191,0.781492755,-3.240242481,-3.100029469,0.140213012,-3.240242436,-213.4
POSCAR_a6b2c3c4_63_As6Ba4Cd3Li2_icsd_427778_Bi_Li_Pb_Hg,-3.108231562,-2.641592264,0.466639298,-3.108231544,-2.501969099,0.606262445,-3.108231562,-213
POSCAR_a3b4c1d1_7_Ca1Ga1Na4Sb3_icsd_291241_Bi_Mg_Tl_Li,-2.946264327,-4.384608269,1.438343942,-2.946264267,-2.511431456,0.434832811,-2.946264327,-212.9
POSCAR_a2b1b2d1_72_Al1As2K2Na1_icsd_073280_K_Cs_Sb_Tl,-2.616791769,-3.928436279,1.31164451,-2.616791725,-2.847091675,0.23029995,-2.616791769,-212.5
POSCAR_a2b1b2d1_64_As2In1K2Li1_icsd_402147_Na_Rb_Bi_In,-2.688719725,-4.045376778,1.356657053,-2.688719749,-2.703848839,0.01512909,-2.688719725,-211.8
POSCAR_a2b1b2d1_64_As2In1K2Li1_icsd_402147_Li_Na_As_Tl,-3.07046382,-5.800536156,2.730072336,-3.070463896,-2.703354836,0.36710906,-3.07046382,-211.4
POSCAR_a2b1b2d1_64_As2In1K2Li1_icsd_402147_Na_Na_Bi_Tl,-2.630671653,-3.783982754,1.153311101,-2.63067174,-2.571106911,0.059564829,-2.630671653,-210.7
POSCAR_a12b4c8d4_12_Al4Eu8Na4P12_icsd_409320_Ge_Rb_Al_Bi,-3.607822335,-3.821846485,0.21402415,-3.607822418,-2.877230883,0.730591535,-3.607822335,-210
POSCAR_a2b1b2d1_72_Al1As2K2Na1_icsd_073280_Na_Li_As_Al,-3.593171158,-4.090419769,0.497248611,-3.59317112,-2.95045805,0.64271307,-3.593171158,-209.8
POSCAR_a3d1e1_62_Al1P3Si1_icsd_010032_P_Sn_Al,-4.955106184,-5.835852623,0.880746439,-4.955106258,-3.817781448,1.13732481,-4.955106184,-209.5
POSCAR_a5b6c1_59_Bi5K6Zn1_icsd_238106_Na_Cd_Bi,-2.669952538,-3.04373312,0.373780582,-2.669952631,-2.534878016,0.135074615,-2.669952538,-209.2
POSCAR_a2b1b2d1_72_Al1As2K2Na1_icsd_073280_Na_K_Sb_Al,-3.053071793,-3.667004108,0.613932315,-3.053071737,-3.017314434,0.035757303,-3.053071793,-209
POSCAR_a2c1_98_As2Cd1_icsd_020518_As_Cd,-3.484803288,-2.980052948,0.50475034,-3.4848032,-2.777463913,0.707339287,-3.484803288,-208.9
POSCAR_a2c1c2_8_As2Ca2Cd1_icsd_422578_Sn_Bi_Hg,-3.218682972,-2.544489145,0.674193827,-3.218683004,-2.479674816,0.739008188,-3.218682972,-208.4
POSCAR_a2b1c1e1_2_As2Cd1Ge1Rb1_icsd_291310_Ge_P_K_Sr,-4.128413421,-6.717948914,2.589535493,-4.1284132,-3.980131865,0.148281335,-4.128413421,-207.2
POSCAR_a2c1e1_122_As2Mg1Si1_icsd_182367_P_Be_Si,-5.372231493,-3.874271393,1.4979601,-5.372231483,-4.0665555,1.305675983,-5.372231493,-206.8
POSCAR_a2b1b2d1_72_Al1As2K2Na1_icsd_073280_K_Cs_As_Al,-3.1652073,-3.821628094,0.656420794,-3.165207386,-3.058092594,0.107114792,-3.1652073,-206.6
POSCAR_a2b2d1_14_As2Ga1K2_icsd_300142_Cs_As_Ga,-3.314008125,-8.095879555,4.78187143,-3.314008236,-3.200606585,0.113401651,-3.314008125,-206.4
POSCAR_a2b1b2d1_64_As2In1K2Li1_icsd_402147_Na_Rb_P_In,-3.033241941,-5.712054253,2.678812312,-3.033241987,-3.211235523,0.177993536,-3.033241941,-206.4
POSCAR_a3b2d3_62_Ga3Na2Sb3_icsd_063617_As_Tl_K,-3.076582048,-6.921969414,3.845387366,-3.076581955,-2.939642906,0.136939049,-3.076582048,-206.2
POSCAR_a2b1b2d1_64_As2In1K2Li1_icsd_402147_K_K_Sb_Ga,-2.789877297,-5.599191666,2.809314369,-2.789877415,-3.190197229,0.400319814,-2.789877297,-206.2
POSCAR_a2b1c1e1_2_As2Cd1Ge1Rb1_icsd_291310_Pb_As_Cs_Pb,-3.673518293,-4.631847382,0.958329089,-3.673518181,-3.035328627,0.638189554,-3.673518293,-206.1
POSCAR_a3b2d3_62_Ga3Na2Sb3_icsd_063617_Sb_Al_K,-3.451329409,-5.307694435,1.856365026,-3.45132947,-2.987683773,0.463645697,-3.451329409,-205.7
POSCAR_a2c1e1_225_Hg1P2Si1_icsd_247969_P_Sn_Sr,-4.634065496,-3.56951189,1.064553606,-4.634065628,-3.846446514,0.787619114,-4.634065496,-204.8
POSCAR_a12b4c8d4_12_Al4Eu8Na4P12_icsd_409320_Zn_Rb_Ga_Sb,-2.778220233,-3.123887777,0.345667544,-2.778220177,-2.750895977,0.0273242,-2.778220233,-204.5
POSCAR_a3b1c2c2_62_Ba2Cd2K1Sb3_icsd_420620_P_K_Hg_Ca,-3.210373566,-5.227880955,2.017507389,-3.21037364,-3.471220255,0.260846615,-3.210373566,-203.3
POSCAR_a12b4c8d4_12_Al4Eu8Na4P12_icsd_409320_Sn_Cs_Al_Sb,-3.622388899,-6.162242413,2.539853514,-3.62238884,-2.893428802,0.728960038,-3.622388899,-202.6
POSCAR_a2b1b2d1_72_Al1As2K2Na1_icsd_073280_Li_Cs_P_Al,-3.634930705,-3.761001587,0.126070882,-3.634930611,-3.44016242,0.194768191,-3.634930705,-201.7
POSCAR_a3b1c4_166_As3Cd4Rb1_icsd_262037_P_Li_Sn,-4.300283459,-3.443720818,0.856562641,-4.300283432,-3.702897072,0.59738636,-4.300283459,-201.5
POSCAR_a4c2c3_12_As4Ba3Zn2_icsd_424760_Bi_Mg_Ba,-3.511141581,-2.924891472,0.586250109,-3.511141539,-3.406119108,0.105022431,-3.511141581,-201.2
POSCAR_a3c3d1_62_Ca3In1P3_icsd_060125_Bi_Si_Ga,-4.292834026,-3.831450701,0.461383325,-4.292833805,-2.860666752,1.432167053,-4.292834026,-200.2
POSCAR_a4b3c3d1_186_Al1Ca3Na3Sb4_icsd_291242_Na_Ca_Ga_Bi,-3.213882288,-4.613227844,1.399345556,-3.213882208,-3.042554617,0.171327591,-3.213882288,-200
POSCAR_a7b4c7_63_As7Rb4Zn7_icsd_237457_Sr_P_Cs,-3.629063743,-6.652994156,3.023930413,-3.629063845,-4.0020504,0.372986555,-3.629063743,-199.5
POSCAR_a4b6d1_15_Na6Sb4Tl1_icsd_096942_As_Tl_Li,-3.414484919,-10.08762169,6.673136771,-3.414484978,-2.970402241,0.444082737,-3.414484919,-199.2
POSCAR_a2b1b2d1_64_As2In1K2Li1_icsd_402147_Na_Na_Bi_Ga,-2.786396988,-4.446969986,1.660572998,-2.78639698,-2.705663443,0.080733537,-2.786396988,-199.2
POSCAR_a2b1b2d1_64_As2In1K2Li1_icsd_402147_Rb_Li_P_Ga,-3.456396092,-5.781954288,2.325558196,-3.456396103,-3.602054834,0.145658731,-3.456396092,-198.6
POSCAR_a1d1_63_In1Sb1_icsd_156995_Sb_Ga,-3.54351028,-2.903016806,0.640493474,-3.543510199,-3.109394073,0.434116126,-3.54351028,-198.5
POSCAR_a1d1_141_In1Sb1_icsd_156995_Sb_Ga,-3.54351028,-2.903016806,0.640493474,-3.543510199,-3.109394073,0.434116126,-3.54351028,-198.5
POSCAR_a2b1e2_166_As2Na1Sn2_icsd_082366_Cs_Bi_Si,-3.859973608,-2.764253855,1.095719753,-3.859973669,-2.601088524,1.258885145,-3.859973608,-198.4
POSCAR_a2b2c1c1_26_Ba1Cd1K2Sb2_icsd_422272_P_K_Hg_Hg,-2.471789717,-2.968815327,0.49702561,-2.471789598,-2.979031324,0.507241726,-2.471789717,-198.4
POSCAR_a2b1c1e1_2_As2Cd1Ge1Rb1_icsd_291310_Pb_As_K_Cd,-3.212826882,-3.858423471,0.645596589,-3.212826967,-2.858851433,0.353975534,-3.212826882,-197.7
POSCAR_a2c1c1c1_36_Ba1Cd1Sb2Yb1_icsd_422280_As_Sr_Sr_Zn,-3.752467412,-3.700482845,0.051984567,-3.752467394,-3.777169228,0.024701834,-3.752467412,-197.5
POSCAR_a3c3d1_62_Ca3In1P3_icsd_060125_Bi_Sr_In,-3.57842731,-4.310847282,0.732419972,-3.578427315,-3.118438244,0.459989071,-3.57842731,-197.1
POSCAR_a2c1e2_160_As2Sn2Sr1_icsd_611428_Cd_P_Sn,-3.954535592,-2.832500696,1.122034896,-3.954535484,-3.416229248,0.538306236,-3.954535592,-196.9
POSCAR_a2b2d1_14_As2Ga1K2_icsd_300142_Cs_Sb_In,-2.958797629,-5.807003975,2.848206346,-2.958797693,-2.867278099,0.091519594,-2.958797629,-196
POSCAR_a2b1e2_166_As2Na1Sn2_icsd_082366_Na_Bi_Ge,-3.678956792,-2.857926607,0.821030185,-3.678956747,-2.780705929,0.898250818,-3.678956792,-195.6
POSCAR_a2b1b2d1_72_Al1As2K2Na1_icsd_073280_Rb_Li_Sb_Al,-3.24637546,-3.796856642,0.550481182,-3.246375561,-2.907750607,0.338624954,-3.24637546,-195.5
POSCAR_a2b1c1e1_2_As2Cd1Ge1Rb1_icsd_291310_Pb_As_Cs_Si,-4.026888868,-4.208292484,0.181403616,-4.026888847,-3.031924009,0.994964838,-4.026888868,-195.5
POSCAR_a2b1b2d1_72_Al1As2K2Na1_icsd_073280_Cs_Li_Sb_Ga,-3.095344667,-4.089009285,0.993664618,-3.095344782,-3.108836412,0.01349163,-3.095344667,-195
POSCAR_a6b2c3c4_63_As6Ba4Cd3Li2_icsd_427778_As_Na_Pb_Mg,-3.561569314,-4.902347088,1.340777774,-3.561569214,-3.098537445,0.463031769,-3.561569314,-194.5
POSCAR_a6b4_69_K4P6_icsd_033260_P_Li,-4.361916726,-6.530334473,2.168417747,-4.361916542,-3.785720348,0.576196194,-4.361916726,-194.4
POSCAR_a1d1_216_Al1Sb1_icsd_041994_Sb_In,-3.469219086,-3.968952179,0.499733093,-3.469218969,-2.72129488,0.747924089,-3.469219086,-194.2
POSCAR_a6b2c3c4_63_As6Ba4Cd3Li2_icsd_427778_P_Li_Be_Ba,-4.314642426,-7.415102959,3.100460533,-4.314642429,-4.368745327,0.054102898,-4.314642426,-193.8
POSCAR_a2b2d1_62_Ga1Rb2Sb2_icsd_300135_P_K_In,-3.535402108,-10.72975731,7.194355202,-3.53540206,-3.653053522,0.117651462,-3.535402108,-193.1
POSCAR_a2c1c1_62_Mn1Sb2Sr1_icsd_643539_Sr_Be_As,-4.351480081,-4.527476311,0.17599623,-4.351480007,-4.188845634,0.162634373,-4.351480081,-191.8
POSCAR_a7b4c7_63_As7Rb4Zn7_icsd_237457_Pb_As_Rb,-3.635350633,-5.443318844,1.807968211,-3.635350704,-2.730407476,0.904943228,-3.635350633,-191.8
POSCAR_a2c1c1_139_Ba1Bi2Mn1_icsd_615787_Be_As_Sr,-4.350927425,-3.551632643,0.799294782,-4.350927353,-4.189379215,0.161548138,-4.350927425,-191.2
POSCAR_a3c3d1_64_Al1Ba3Sb3_icsd_032728_Bi_Si_Tl,-4.000450925,-2.691431761,1.309019164,-4.000451088,-2.780476332,1.219974756,-4.000450925,-191.1
POSCAR_a2b1c1e1_2_As2Cd1Ge1Rb1_icsd_291310_Sn_As_Na_Ca,-3.889773086,-5.141459465,1.251686379,-3.88977313,-3.510723829,0.379049301,-3.889773086,-190.9
POSCAR_a3b3d2_11_Al2As3K3_icsd_060950_Sb_Cs_In,-2.953544228,-3.967340946,1.013796718,-2.95354414,-2.885515451,0.068028689,-2.953544228,-190.7
POSCAR_a4c3d2_58_Eu3In2P4_icsd_170634_Be_P_Tl,-4.147074411,-5.437708855,1.290634444,-4.147074223,-4.020738602,0.126335621,-4.147074411,-190.7
POSCAR_a4b3c3d1_186_Al1Ca3Na3Sb4_icsd_291242_Li_Ba_Tl_Sb,-3.446520184,-7.176371574,3.72985139,-3.44652009,-3.354789257,0.091730833,-3.446520184,-190.7
POSCAR_a2b1b2d1_64_As2In1K2Li1_icsd_402147_Rb_Rb_Sb_Tl,-2.553810543,-5.201061249,2.647250706,-2.553810596,-2.804472446,0.25066185,-2.553810543,-190.7
POSCAR_a3b1c2c2_62_Ba2Cd2K1Sb3_icsd_420620_Bi_K_Mg_Ba,-3.045866615,-3.919602156,0.873735541,-3.045866728,-3.246685982,0.200819254,-3.045866615,-190.3
POSCAR_a2b2d1_14_As2Ga1K2_icsd_300142_Rb_Bi_Ga,-2.9432214,-5.913928986,2.970707586,-2.943221331,-2.952830791,0.00960946,-2.9432214,-189.9
POSCAR_a2b1b2d1_72_Al1As2K2Na1_icsd_073280_Rb_Rb_Sb_Al,-2.892057978,-3.797787666,0.905729688,-2.892057896,-3.029954433,0.137896537,-2.892057978,-189.5
POSCAR_a2c1e1_225_Hg1P2Si1_icsd_247969_P_Ge_Mg,-4.556851769,-3.566381693,0.990470076,-4.556851864,-3.862851143,0.694000721,-4.556851769,-189.4
POSCAR_a2b1b2d1_64_As2In1K2Li1_icsd_402147_Cs_Cs_As_Ga,-2.759973137,-5.348207951,2.588234814,-2.759973049,-2.976234913,0.216261864,-2.759973137,-189.3
POSCAR_a3d1e1_62_Al1P3Si1_icsd_010032_Bi_Ge_Tl,-3.678577585,-3.529872417,0.148705168,-3.678577662,-3.09036231,0.588215352,-3.678577585,-189.2
POSCAR_a4b3b6d1_194_Cs6Ga1K3Sb4_icsd_300150_Cs_P_Cs_Tl,-2.445891569,-4.769422531,2.323530962,-2.445891619,-2.978907585,0.533015966,-2.445891569,-188.9
POSCAR_a2b1b2d1_72_Al1As2K2Na1_icsd_073280_K_Na_Sb_Ga,-2.853988322,-3.93018508,1.076196758,-2.853988409,-2.955196619,0.10120821,-2.853988322,-188.8
POSCAR_a4c3d2_15_Al2As4Sr3_icsd_423787_Pb_Bi_Tl,-3.514438557,-3.46256566,0.051872897,-3.514438629,-2.7104249,0.804013729,-3.514438557,-188.4
POSCAR_a12b4c8d4_12_Al4Eu8Na4P12_icsd_409320_Si_K_In_Bi,-3.690804578,-3.209462166,0.481342412,-3.690804482,-2.741111279,0.949693203,-3.690804578,-188.1
POSCAR_a2b2d1_62_Ga1Rb2Sb2_icsd_300135_Sb_Na_Al,-3.457513607,-6.020428658,2.562915051,-3.457513571,-2.720567703,0.736945868,-3.457513607,-188
POSCAR_a2b2d1_14_As2Ga1K2_icsd_300142_Cs_Bi_Tl,-2.72868047,-3.086915016,0.358234546,-2.728680372,-2.746618271,0.017937899,-2.72868047,-187.7
POSCAR_a2c1d2_14_As2Ba1Ga2_icsd_380478_P_Cd_Tl,-3.207935405,-4.436963558,1.229028153,-3.207935333,-3.062375069,0.145560264,-3.207935405,-187.7
POSCAR_a2b1b2d1_64_As2In1K2Li1_icsd_402147_Cs_Li_P_Al,-3.620902305,-5.101066589,1.480164284,-3.6209023,-3.430776596,0.190125704,-3.620902305,-187.7
POSCAR_a2b1c1e1_2_As2Cd1Ge1Rb1_icsd_291310_Sn_Bi_Cs_Mg,-3.168370808,-2.544466734,0.623904074,-3.168370724,-2.733983755,0.434386969,-3.168370809,-187.6
POSCAR_a2b2d1_62_Ga1Rb2Sb2_icsd_300135_Sb_K_In,-3.122877076,-6.418429375,3.295552299,-3.122877121,-2.932433367,0.190443754,-3.122877076,-187.5
POSCAR_a5c1_4_P5Yb1_icsd_409180_As_Ba,-4.542290281,-6.40523243,1.862942149,-4.542290211,-4.014574528,0.527715683,-4.542290281,-187.4
POSCAR_a3b4c1d1_7_Ca1Ga1Na4Sb3_icsd_291241_P_Cd_Al_Li,-3.728552943,-7.081785202,3.353232259,-3.728553057,-3.341204643,0.387348414,-3.728552943,-187.4
POSCAR_a2b1c1e1_2_As2Cd1Ge1Rb1_icsd_291310_Sn_P_Li_Sn,-4.244597358,-5.27613163,1.031534272,-4.244597435,-3.711116314,0.533481121,-4.244597358,-187.3
POSCAR_a2c1c2_164_Ca1P2Zn2_icsd_619477_Bi_Hg_Ge,-3.353869988,-2.724983454,0.628886534,-3.353869915,-2.770149231,0.583720684,-3.353869988,-186.9
POSCAR_a2b1b2d1_72_Al1As2K2Na1_icsd_073280_Li_Li_P_Tl,-3.456388572,-4.505577564,1.049188992,-3.456388474,-3.415817499,0.040570975,-3.456388572,-186.9
POSCAR_a1d1_44_As1Ga1_icsd_043950_Sb_In,-3.46115465,-2.695044518,0.766110132,-3.461154699,-3.318359852,0.142794847,-3.46115465,-186.2
POSCAR_a12b4c8d4_12_Al4Eu8Na4P12_icsd_409320_Hg_K_In_As,-2.723824124,-5.162018299,2.438194175,-2.723824024,-2.773219347,0.049395323,-2.723824124,-185.6
POSCAR_a9c11d1_45_Ca11In1Sb9_icsd_042371_P_Ge_Ga,-4.712597241,-11.7172575,7.004660259,-4.71259737,-4.023679733,0.688917637,-4.712597241,-185.3
POSCAR_a2b1b2d1_64_As2In1K2Li1_icsd_402147_Cs_Rb_As_Al,-2.973614576,-4.608374119,1.634759543,-2.973614693,-2.950093031,0.023521662,-2.973614576,-184.6
POSCAR_a2b1b2d1_72_Al1As2K2Na1_icsd_073280_K_Li_Sb_Al,-3.283929712,-3.964001894,0.680072182,-3.283929825,-2.895144463,0.388785362,-3.283929712,-184.5
POSCAR_a6b2c3c4_63_As6Ba4Cd3Li2_icsd_427778_As_K_Pb_Mg,-3.518275685,-5.726278305,2.20800262,-3.518275738,-3.088055611,0.430220127,-3.518275685,-184.1
POSCAR_a9c7d4_59_Ba7Ga4Sb9_icsd_060583_P_Si_In,-4.804397353,-7.718212128,2.913814775,-4.804397583,-3.564704657,1.239692926,-4.804397353,-183
POSCAR_a2b1b2d1_72_Al1As2K2Na1_icsd_073280_Rb_Na_Sb_Al,-2.963646254,-3.550691605,0.587045351,-2.963646173,-2.816151619,0.147494554,-2.963646254,-182.9
POSCAR_a12b4c8d4_12_Al4Eu8Na4P12_icsd_409320_Be_Na_Ga_Sb,-3.371006584,-5.840139866,2.469133282,-3.371006489,-3.193775415,0.177231074,-3.371006584,-182.8
POSCAR_a2b1c1e1_2_As2Cd1Ge1Rb1_icsd_291310_Si_Sb_Cs_Cd,-3.317196886,-2.544466734,0.772730152,-3.317196846,-2.778232574,0.538964272,-3.317196886,-182.5
POSCAR_a2b1b2d1_72_Al1As2K2Na1_icsd_073280_Cs_Rb_Sb_Al,-2.867319949,-3.611802101,0.744482152,-2.867320061,-2.960750341,0.09343028,-2.867319949,-182
POSCAR_a4c3d2_58_Eu3In2P4_icsd_170634_Ge_Bi_Tl,-3.671258642,-3.660030603,0.011228039,-3.671258688,-2.768201351,0.903057337,-3.671258642,-181.9
POSCAR_a6c5d2_55_Ca5Ga2Sb6_icsd_036466_Bi_Sn_In,-3.759319023,-4.438789368,0.679470345,-3.759319067,-2.630739689,1.128579378,-3.759319023,-181.9
POSCAR_a2b1b2d1_64_As2In1K2Li1_icsd_402147_Rb_K_Sb_Tl,-2.617996362,-5.283890724,2.665894362,-2.617996454,-2.893580437,0.275583983,-2.617996362,-181.6
POSCAR_a2b1e2_166_As2Na1Sn2_icsd_082366_Cs_Sb_Pb,-3.430920694,-2.802137613,0.628783081,-3.430920601,-2.789958239,0.640962362,-3.430920694,-181.4
POSCAR_a9c7d4_59_Ba7Ga4Sb9_icsd_060583_Sb_Ba_Al,-4.058562646,-7.914919853,3.856357207,-4.058562756,-3.532188416,0.52637434,-4.058562646,-180.8
POSCAR_a1b1e1_186_Li1Sb1Sn1_icsd_603169_As_Ge_Cs,-3.617192868,-5.081600189,1.464407321,-3.617192984,-3.173806906,0.443386078,-3.617192868,-180.5
POSCAR_a4b3c3d1_186_Al1Ca3Na3Sb4_icsd_291242_Rb_Ca_Tl_Bi,-2.943938461,-3.748657942,0.804719481,-2.943938494,-3.019004822,0.075066328,-2.943938461,-179.5
POSCAR_a3b1c2c2_62_Ba2Cd2K1Sb3_icsd_420620_As_Rb_Mg_Zn,-2.934446933,-4.704732895,1.770285962,-2.93444705,-3.128213406,0.193766356,-2.934446933,-178.9
POSCAR_a12b7c12_12_Mn12Rb7Sb12_icsd_237459_P_Cd_Cs,-2.872999367,-3.671171188,0.798171821,-2.87299943,-3.123672724,0.250673294,-2.872999367,-178.8
POSCAR_a12b4c8d4_12_Al4Eu8Na4P12_icsd_409320_Hg_Cs_Tl_Sb,-2.393966439,-2.544466734,0.150500295,-2.393966436,-2.330246687,0.063719749,-2.393966439,-177.9
POSCAR_a6b2c3c4_63_As6Ba4Cd3Li2_icsd_427778_P_K_Ge_Be,-4.245815268,-7.286940575,3.041125307,-4.245815277,-4.171002388,0.074812889,-4.245815268,-177.5
POSCAR_a7b4c7_63_As7Rb4Zn7_icsd_237457_Sn_Sb_Na,-3.535599041,-5.432583809,1.896984768,-3.535598993,-2.662228346,0.873370647,-3.535599041,-176.7
POSCAR_a12b7c12_12_Mn12Rb7Sb12_icsd_237459_Sb_Ge_Na,-3.654646649,-5.167760849,1.5131142,-3.654646635,-2.827651262,0.826995373,-3.654646649,-176.4
POSCAR_a2b1b2d1_64_As2In1K2Li1_icsd_402147_Li_K_P_Tl,-3.144450344,-6.635129929,3.490679585,-3.144450426,-3.420217514,0.275767088,-3.144450344,-176
POSCAR_a2b1c1e1_2_As2Cd1Ge1Rb1_icsd_291310_Pb_P_Na_Cd,-3.427229937,-3.646963596,0.219733659,-3.427229881,-2.983975649,0.443254232,-3.427229937,-175.9
POSCAR_a2b1b2d1_72_Al1As2K2Na1_icsd_073280_K_Li_Sb_Ga,-3.131344475,-4.130212784,0.998868309,-3.131344557,-3.065529823,0.065814734,-3.131344475,-175
POSCAR_a2c1d2_194_Ca1In2P2_icsd_260562_P_Sr_Al,-4.712649731,-3.635806561,1.07684317,-4.712649822,-3.815363646,0.897286176,-4.712649731,-174.7
POSCAR_a12b4c8d4_12_Al4Eu8Na4P12_icsd_409320_Be_Li_Tl_Bi,-3.223997984,-4.608024597,1.384026613,-3.22399807,-3.006278753,0.217719317,-3.223997984,-174.5
POSCAR_a4b3c3d1_186_Al1Ca3Na3Sb4_icsd_291242_K_Sn_Tl_Bi,-3.232443291,-4.576858521,1.34441523,-3.232443333,-2.834890604,0.397552729,-3.232443291,-173.9
POSCAR_a1b1c1_186_Li1Sb1Zn1_icsd_042064_P_Ge_Cs,-3.831937817,-3.0359869,0.795950917,-3.83193779,-3.491429806,0.340507984,-3.831937817,-173.7
POSCAR_a3b1c2c2_62_Ba2Cd2K1Sb3_icsd_420620_P_Li_Sn_Be,-4.351495998,-7.045290947,2.693794949,-4.35149622,-4.184006691,0.167489529,-4.351495998,-173.7
POSCAR_a12b4c8d4_12_Al4Eu8Na4P12_icsd_409320_Zn_K_Ga_Sb,-2.790990115,-2.830111742,0.039121627,-2.790990114,-2.787358284,0.00363183,-2.790990115,-173.5
POSCAR_a2b2d1_14_As2Ga1K2_icsd_300142_K_P_In,-3.514301356,-10.74853134,7.234229984,-3.5143013,-3.743865252,0.229563952,-3.514301356,-172
POSCAR_a2b1b2d1_72_Al1As2K2Na1_icsd_073280_Na_K_Sb_Tl,-2.719339902,-3.564849615,0.845509713,-2.719339848,-2.91001153,0.190671682,-2.719339902,-171.9
POSCAR_a3b1c2c2_62_Ba2Cd2K1Sb3_icsd_420620_As_Li_Ca_Mg,-3.807392889,-5.924519539,2.11712665,-3.807392836,-3.883959532,0.076566696,-3.807392889,-171.7
POSCAR_a3b3d2_64_As3In2K3_icsd_300199_Cs_As_Ga,-3.279138984,-7.105799675,3.826660691,-3.279139042,-3.27559042,0.003548622,-3.279138984,-171.6
POSCAR_a3b4c1d1_7_Ca1Ga1Na4Sb3_icsd_291241_As_Zn_Ga_Li,-3.368352258,-8.017359734,4.649007476,-3.368352175,-3.101859093,0.266493082,-3.368352258,-171.3
POSCAR_a2b1b2d1_72_Al1As2K2Na1_icsd_073280_Li_Na_As_Al,-3.55411624,-3.869755268,0.315639028,-3.554116249,-2.929031134,0.625085115,-3.55411624,-170.7
POSCAR_a12b4c8d4_12_Al4Eu8Na4P12_icsd_409320_Sr_Li_Al_Bi,-3.601303691,-5.212897301,1.61159361,-3.601303577,-3.043105602,0.558197975,-3.601303691,-169.6
POSCAR_a3b1c4_123_As3Rb1Zn4_icsd_262038_Mg_Sb_Cs,-2.913525531,-2.787714958,0.125810573,-2.913525581,-2.977567196,0.064041615,-2.913525531,-169.5
POSCAR_a2b1e2_166_As2Na1Sn2_icsd_082366_Li_Sb_Ge,-3.928908406,-2.909328938,1.019579468,-3.928908348,-2.868179321,1.060729027,-3.928908406,-168.8
POSCAR_a2b1b2d1_64_As2In1K2Li1_icsd_402147_Rb_Cs_Sb_Tl,-2.500388155,-4.795119286,2.294731131,-2.500388145,-2.681370735,0.18098259,-2.500388155,-168.3
POSCAR_a6c5d2_55_Ca5Ga2Sb6_icsd_036466_Sb_Sn_In,-3.809518215,-5.070820332,1.261302117,-3.809518099,-2.77329731,1.036220789,-3.809518215,-168.2
POSCAR_a12b4c8d4_12_Al4Eu8Na4P12_icsd_409320_Ge_K_Al_Sb,-3.781792879,-6.581423759,2.79963088,-3.781792879,-3.036164284,0.745628595,-3.781792879,-168.2
POSCAR_a3b3d2_64_As3In2K3_icsd_300199_K_Bi_Ga,-2.98486646,-5.54430151,2.55943505,-2.984866381,-3.01599288,0.031126499,-2.98486646,-168
POSCAR_a3b4c1d1_7_Ca1Ga1Na4Sb3_icsd_291241_Sb_Hg_In_K,-2.537433142,-4.887525082,2.35009194,-2.537433147,-2.979657173,0.442224026,-2.537433142,-168
POSCAR_a2b1c1e1_2_As2Cd1Ge1Rb1_icsd_291310_Si_Sb_Rb_Zn,-3.378348625,-2.742324352,0.636024273,-3.378348589,-2.828368187,0.549980402,-3.378348625,-167.7
POSCAR_a2b1b2d1_72_Al1As2K2Na1_icsd_073280_Li_Li_Bi_Tl,-2.984648154,-3.602312803,0.617664649,-2.984648228,-2.384054661,0.600593567,-2.984648154,-167.6
POSCAR_a3c3d1_62_Ca3In1P3_icsd_060125_P_Ca_Al,-4.795789563,-6.533881187,1.738091624,-4.795789719,-4.395078659,0.40071106,-4.795789563,-167.2
POSCAR_a12b7c12_12_Mn12Rb7Sb12_icsd_237459_Bi_Pb_K,-3.406965464,-4.031112671,0.624147207,-3.406965494,-2.56108284,0.845882654,-3.406965464,-166.7
POSCAR_a4b6d2_14_Al2Cs6P4_icsd_300131_Cs_P_Tl,-2.855812225,-6.324383736,3.468571511,-2.855812311,-3.197904348,0.342092037,-2.855812225,-166.5
POSCAR_a2e1_205_P2Si1_icsd_043098_P_Pb,-4.785943004,-5.579216957,0.793273953,-4.785943031,-3.541680574,1.244262457,-4.785943004,-165.7
POSCAR_a2b2d1_14_As2Ga1K2_icsd_300142_Na_P_Ga,-3.689894193,-11.03634071,7.346446517,-3.689894199,-3.55832243,0.131571769,-3.689894193,-165.7
POSCAR_a2c1c1c1_36_Ba1Cd1Sb2Yb1_icsd_422280_P_Ba_Cd_Mg,-3.72716236,-3.394741297,0.332421063,-3.727162361,-3.702810287,0.024352074,-3.72716236,-165.3
POSCAR_a2b1c2_139_Cs1Mn2P2_icsd_095837_Na_P_Ba,-3.889972696,-3.118523121,0.771449575,-3.889972687,-4.043321133,0.153348446,-3.889972696,-165.2
POSCAR_a3c3d2_12_Cd3Sb3Tl2_icsd_076500_Bi_Ga_Ba,-3.608130569,-4.621536255,1.013405686,-3.608130455,-3.553674459,0.054455996,-3.608130569,-164.8
POSCAR_a3b1c2c2_62_Ba2Cd2K1Sb3_icsd_420620_Sb_K_Pb_Sn,-3.684998691,-5.167884827,1.482886136,-3.684998751,-2.78209424,0.902904511,-3.684998691,-164.8
POSCAR_a3b4c1d1_7_Ca1Ga1Na4Sb3_icsd_291241_Bi_Cd_Tl_K,-2.453516861,-3.749227285,1.295710424,-2.45351696,-2.888872385,0.435355425,-2.453516861,-163.6
POSCAR_a4c3d2_58_Eu3In2P4_icsd_170634_Sr_Sb_Ga,-3.731335611,-4.352540493,0.621204882,-3.73133564,-3.574493647,0.156841993,-3.731335611,-163.4
POSCAR_a3b2d3_62_Ga3Na2Sb3_icsd_063617_Sb_In_Na,-3.124697421,-5.25128746,2.126590039,-3.124697447,-2.680469036,0.444228411,-3.124697421,-163.3
POSCAR_a3b1c2c2_62_Ba2Cd2K1Sb3_icsd_420620_As_K_Si_Ca,-4.173269025,-5.988690376,1.815421351,-4.173268795,-3.697641134,0.475627661,-4.173269025,-163.1
POSCAR_a2b1c1e1_2_As2Cd1Ge1Rb1_icsd_291310_Pb_As_Rb_Ba,-3.664165073,-4.877259254,1.213094181,-3.66416502,-3.216894627,0.447270393,-3.664165073,-163
POSCAR_a2c1_96_Cd1P2_icsd_062336_P_Ge,-5.06668515,-6.462216377,1.395531227,-5.0666852,-3.947656393,1.119028807,-5.06668515,-162.8
POSCAR_a5b7d2_11_Al2Na7Sb5_icsd_048168_Li_Tl_Bi,-3.062181486,-4.639827728,1.577646242,-3.062181473,-2.514326334,0.547855139,-3.062181486,-162.8
POSCAR_a2c1d2_10_As2Ga2Sr1_icsd_422527_Ca_P_Al,-4.791271239,-5.194051743,0.402780504,-4.79127121,-3.817453384,0.973817826,-4.791271239,-162.7
POSCAR_a6b2c3c4_63_As6Ba4Cd3Li2_icsd_427778_As_Na_Ba_Ge,-3.940506402,-6.512099266,2.571592864,-3.940506458,-3.790137768,0.15036869,-3.940506402,-162.4
POSCAR_a4b6d2_14_Al2Cs6P4_icsd_300131_Li_Bi_Tl,-3.06121156,-6.105690956,3.044479396,-3.061211586,-2.448859215,0.612352371,-3.06121156,-161.8
POSCAR_a4b3c3d1_186_Al1Ca3Na3Sb4_icsd_291242_Li_Ca_In_Bi,-3.391067518,-4.48088932,1.089821802,-3.391067505,-3.105322361,0.285745144,-3.391067518,-161.8
POSCAR_a2b1b2d1_64_As2In1K2Li1_icsd_402147_Li_Na_Bi_Tl,-2.781374024,-4.38045311,1.599079086,-2.781373978,-2.510118961,0.271255017,-2.781374024,-161.8
POSCAR_a2b1b2d1_72_Al1As2K2Na1_icsd_073280_Li_K_Sb_In,-3.012246513,-3.747144222,0.734897709,-3.012246609,-2.944678545,0.067568064,-3.012246513,-161.6
POSCAR_a2c1d2_11_Ba1In2P2_icsd_260564_Bi_Ba_Ga,-3.604707934,-4.689016342,1.084308408,-3.604707956,-3.315127373,0.289580583,-3.604707934,-161.3
POSCAR_a3b1b4e1_14_K1Na4Sb3Sn1_icsd_054261_Li_Rb_Pb_As,-3.411966826,-7.387666702,3.975699876,-3.411966801,-3.183440447,0.228526354,-3.411966826,-161.2
POSCAR_a2c1d2_62_Eu1Ga2Sb2_icsd_182776_Hg_As_Al,-3.477247058,-4.093745708,0.61649865,-3.477247,-2.767092466,0.710154534,-3.477247058,-160.7
POSCAR_a4b3c3d1_186_Al1Ca3Na3Sb4_icsd_291242_Li_Ba_In_Bi,-3.406376504,-5.877834797,2.471458293,-3.4063766,-3.293033123,0.113343477,-3.406376504,-160
POSCAR_a12b7c12_12_Mn12Rb7Sb12_icsd_237459_As_Be_Li,-3.983731057,-7.175123215,3.191392158,-3.983731031,-3.752713203,0.231017828,-3.983731057,-159.8
POSCAR_a2c1d2_166_As2Ca1Ga2_icsd_422526_Hg_Sb_Ga,-2.88203326,-2.859262943,0.022770317,-2.882033348,-2.791370153,0.090663195,-2.88203326,-159.6
POSCAR_a2b1b2d1_64_As2In1K2Li1_icsd_402147_K_Cs_Bi_In,-2.579917007,-4.309331894,1.729414887,-2.579916954,-2.865494251,0.285577297,-2.579917007,-159.6
POSCAR_a2b1b2d1_64_As2In1K2Li1_icsd_402147_Na_K_As_Ga,-2.98311201,-5.963160992,2.980048982,-2.983112097,-3.069147348,0.086035251,-2.98311201,-159.4
POSCAR_a2c1e1_225_Hg1P2Si1_icsd_247969_As_Ge_Cd,-3.801540969,-3.249073505,0.552467464,-3.801540852,-3.20490551,0.596635342,-3.801540969,-157.6
POSCAR_a3b4c1d1_7_Ca1Ga1Na4Sb3_icsd_291241_As_Cd_In_Rb,-2.739976443,-5.728122711,2.988146268,-2.739976406,-2.955471277,0.215494871,-2.739976443,-157.6
POSCAR_a7b4c7_63_As7Rb4Zn7_icsd_237457_Mg_Bi_Rb,-2.782658283,-2.546613216,0.236045067,-2.782658339,-2.906748295,0.124089956,-2.782658283,-157
POSCAR_a12b4c8d4_12_Al4Eu8Na4P12_icsd_409320_Mg_Li_In_As,-3.451975694,-5.481200218,2.029224524,-3.451975584,-3.213198423,0.238777161,-3.451975694,-157
POSCAR_a6b2c3c4_63_As6Ba4Cd3Li2_icsd_427778_P_Na_Ca_Ca,-3.991204579,-7.073924065,3.082719486,-3.9912045,-4.145298004,0.154093504,-3.991204579,-157
POSCAR_a4b3c3d1_186_Al1Ca3Na3Sb4_icsd_291242_K_Ge_Ga_P,-4.005925816,-6.351905823,2.345980007,-4.005925655,-3.673967361,0.331958294,-4.005925816,-156.2
POSCAR_a2b1b2d1_64_As2In1K2Li1_icsd_402147_K_Cs_Bi_Ga,-2.565905254,-4.437518597,1.871613343,-2.565905333,-2.962869406,0.396964073,-2.565905254,-155.3
POSCAR_a2b1c1e1_2_As2Cd1Ge1Rb1_icsd_291310_Ge_Bi_Cs_Sn,-3.661555732,-3.258603096,0.402952636,-3.661555767,-2.808965683,0.852590084,-3.661555733,-154.6
POSCAR_a2b1b2d1_64_As2In1K2Li1_icsd_402147_K_K_Bi_Al,-2.813925696,-4.294744968,1.480819272,-2.813925743,-3.066585302,0.252659559,-2.813925696,-154.4
POSCAR_a5c2d5_62_Ba2In5P5_icsd_161774_Bi_Mg_Ga,-3.196186719,-6.541554451,3.345367732,-3.196186781,-2.882082939,0.314103842,-3.196186719,-153.7
POSCAR_a2c1d2_62_Eu1Ga2Sb2_icsd_182776_Zn_Bi_Ga,-2.976805049,-3.769272089,0.79246704,-2.976804972,-2.836314201,0.140490771,-2.976805049,-153.7
POSCAR_a3b3d2_11_Al2As3K3_icsd_060950_P_Rb_In,-3.419295739,-4.450684547,1.031388808,-3.419295788,-3.414940119,0.004355669,-3.419295739,-153.4
POSCAR_a3b1c2c2_62_Ba2Cd2K1Sb3_icsd_420620_P_Li_Ba_Ba,-4.134843761,-6.567238808,2.432395047,-4.134843826,-4.273253918,0.138410092,-4.134843761,-153.3
POSCAR_a3b1c4_123_As3Rb1Zn4_icsd_262038_Zn_As_Cs,-2.782316455,-2.896585464,0.114269009,-2.782316446,-2.821551323,0.039234877,-2.782316455,-153.1
POSCAR_a4b3c3d1_186_Al1Ca3Na3Sb4_icsd_291242_Na_Sn_Tl_Bi,-3.23880414,-4.065863132,0.827058992,-3.238804102,-2.551051855,0.687752247,-3.23880414,-153.1
POSCAR_a3b4c1d1_7_Ca1Ga1Na4Sb3_icsd_291241_P_Cd_Ga_Na,-3.142604979,-7.488343239,4.34573826,-3.142605066,-3.285130262,0.142525196,-3.142604979,-152.7
POSCAR_a6b2c3c4_63_As6Ba4Cd3Li2_icsd_427778_Sb_Na_Ge_Sr,-3.666562411,-6.044393539,2.377831128,-3.666562319,-3.131036043,0.535526276,-3.666562411,-152.3
POSCAR_a2c1c1_139_Ba1Bi2Mn1_icsd_615787_Ba_P_Cd,-3.875160244,-3.237939358,0.637220886,-3.875160217,-3.843108416,0.032051801,-3.875160244,-152
POSCAR_a2c1d2_14_As2Ba1Ga2_icsd_380478_Bi_Cd_Al,-3.141054409,-3.220831156,0.079776747,-3.141054392,-2.438650846,0.702403546,-3.141054409,-152
POSCAR_a2c1_141_Bi2Eu1_icsd_150347_Sr_P,-4.816028296,-4.228471756,0.58755654,-4.816028118,-4.434144497,0.381883621,-4.816028296,-151.7
POSCAR_a2b3d1_14_As2In1Na3_icsd_300139_Li_Bi_Tl,-3.05074746,-6.03869915,2.98795169,-3.050747395,-2.459751368,0.590996027,-3.05074746,-151.4
POSCAR_a2b2c1c1_26_Ba1Cd1K2Sb2_icsd_422272_Sb_K_Hg_Hg,-2.085492193,-2.544466734,0.458974541,-2.085492134,-2.529123783,0.443631649,-2.085492193,-151.4
POSCAR_a7c12c2_174_Mn12P7Yb2_icsd_602711_P_Si_Ca,-5.175638197,-4.617602348,0.558035849,-5.175638199,-3.422621012,1.753017187,-5.175638197,-151.2
POSCAR_a3b4c1d1_7_Ca1Ga1Na4Sb3_icsd_291241_As_Hg_Ga_Cs,-2.650611091,-5.346445084,2.695833993,-2.650611162,-2.889719486,0.239108324,-2.650611091,-151
POSCAR_a1d1_225_In1Sb1_icsd_156995_Bi_Ga,-3.510767013,-2.888725042,0.622041971,-3.510766983,-2.931042194,0.579724789,-3.510767013,-150.8
POSCAR_a2c1c1c1_36_Ba1Cd1Sb2Yb1_icsd_422280_Bi_Ba_Mg_Zn,-3.011039113,-2.863369942,0.147669171,-3.011039019,-3.021568298,0.010529279,-3.011039113,-150.8
POSCAR_a3b3d2_11_Al2As3K3_icsd_060950_Bi_Rb_Ga,-2.903909158,-3.603067875,0.699158717,-2.903909206,-2.91593504,0.012025834,-2.903909158,-150.6
POSCAR_a9c7d4_59_Ba7Ga4Sb9_icsd_060583_Bi_Ba_Al,-3.826883644,-6.110316277,2.283432633,-3.826883554,-3.371330738,0.455552816,-3.826883645,-150.1
POSCAR_a2b1b2d1_72_Al1As2K2Na1_icsd_073280_Rb_Na_Sb_Tl,-2.623904625,-3.416768551,0.792863926,-2.623904705,-2.751483679,0.127578974,-2.623904625,-149.8
POSCAR_a4b3c3d1_186_Al1Ca3Na3Sb4_icsd_291242_Cs_Ge_Al_P,-4.06648681,-5.005289078,0.938802268,-4.066486835,-3.661740541,0.404746294,-4.06648681,-149.8
POSCAR_a2b1b2d1_72_Al1As2K2Na1_icsd_073280_Rb_Li_Bi_Al,-3.113010001,-3.310056925,0.197046924,-3.11300993,-2.702672958,0.410336972,-3.113010001,-149.6
POSCAR_a2b1b2d1_64_As2In1K2Li1_icsd_402147_Na_Li_As_Ga,-3.371296465,-5.758606911,2.387310446,-3.371296406,-3.090217352,0.281079054,-3.371296465,-149
POSCAR_a2b2d1_14_As2Ga1K2_icsd_300142_Na_Bi_Tl,-2.788009534,-4.723833084,1.93582355,-2.788009644,-2.544758797,0.243250847,-2.788009534,-148.9
POSCAR_a2b3d1_72_In1K3P2_icsd_300141_P_Cs_Tl,-2.837995897,-3.676496506,0.838500609,-2.837996006,-3.195188046,0.35719204,-2.837995897,-148.7
POSCAR_a2c1e1_122_As2Mg1Si1_icsd_182367_P_Mg_Si,-4.871069553,-3.420068979,1.451000574,-4.871069431,-3.59803915,1.273030281,-4.871069553,-148.3
POSCAR_a3b3d2_11_Al2As3K3_icsd_060950_P_K_Ga,-3.635660126,-5.496850967,1.861190841,-3.635660172,-3.962993145,0.327332973,-3.635660126,-147.9
POSCAR_a3b4c1d1_7_Ca1Ga1Na4Sb3_icsd_291241_Sb_Hg_Ga_K,-2.564359567,-5.563971043,2.999611476,-2.564359665,-3.040739536,0.476379871,-2.564359567,-147.6
POSCAR_a3b3d2_64_As3In2K3_icsd_300199_Na_P_Ga,-3.671528437,-8.284405708,4.612877271,-3.671528339,-3.508036137,0.163492202,-3.671528437,-147.4
POSCAR_a3d1e1_62_Al1P3Si1_icsd_010032_Bi_Sn_Tl,-3.664608672,-3.475789309,0.188819363,-3.664608717,-2.76376009,0.900848627,-3.664608672,-146.8
POSCAR_a2b2_14_As2Na2_icsd_421420_Cs_Sb,-2.949076281,-3.438823462,0.489747181,-2.949076176,-3.113850832,0.164774656,-2.949076281,-146.5
POSCAR_a3b1c2c2_62_Ba2Cd2K1Sb3_icsd_420620_Sb_K_Sn_Mg,-3.306439629,-4.840737343,1.534297714,-3.306439638,-3.088507414,0.217932224,-3.306439629,-146.4
POSCAR_a2b2c1c1_26_Ba1Cd1K2Sb2_icsd_422272_Sb_K_Zn_Cd,-2.422775773,-2.583385944,0.160610171,-2.422775745,-2.84141922,0.418643475,-2.422775773,-146.3
POSCAR_a3b2d3_62_Ga3Na2Sb3_icsd_063617_P_Al_Li,-4.403757978,-6.921800613,2.518042635,-4.403758049,-3.339671135,1.064086914,-4.403757978,-146.2
POSCAR_a2c1d2_62_Eu1Ga2Sb2_icsd_182776_Sr_Bi_Ga,-3.536909298,-4.857214451,1.320305153,-3.536909342,-3.131715059,0.405194283,-3.536909298,-146
POSCAR_a2b1b2d1_72_Al1As2K2Na1_icsd_073280_Li_Cs_Bi_In,-2.830655649,-3.235045195,0.404389546,-2.830655575,-2.801626921,0.029028654,-2.830655649,-146
POSCAR_a2b1c1e1_2_As2Cd1Ge1Rb1_icsd_291310_Sn_Bi_K_Cd,-2.993678842,-2.584469557,0.409209285,-2.993678808,-2.664806843,0.328871965,-2.993678842,-145.9
POSCAR_a2b2c1c1_26_Ba1Cd1K2Sb2_icsd_422272_Bi_Cs_Zn_Hg,-2.138209026,-2.544466734,0.406257708,-2.138209105,-2.421254158,0.283045053,-2.138209026,-145.4
POSCAR_a3b3d2_64_As3In2K3_icsd_300199_K_As_Tl,-3.015521856,-7.68068409,4.665162234,-3.015521765,-3.082531214,0.067009449,-3.015521856,-145.2
POSCAR_a3b1b4e1_14_K1Na4Sb3Sn1_icsd_054261_Li_Na_Ge_P,-3.833640619,-7.472374916,3.638734297,-3.833640575,-3.492750168,0.340890407,-3.833640619,-145.2
POSCAR_a6c6d2_64_Ba6Ga2P6_icsd_402177_P_Ca_Al,-4.773471428,-8.505046844,3.731575416,-4.773471355,-4.374071121,0.399400234,-4.773471428,-144.9
POSCAR_a12b4c8d4_12_Al4Eu8Na4P12_icsd_409320_Cd_Cs_Ga_Bi,-2.518667083,-2.544466972,0.025799889,-2.518666983,-2.385994673,0.13267231,-2.518667083,-144.7
POSCAR_a9c4c9_55_Bi9Cd4Sr9_icsd_058763_Pb_Bi_Zn,-3.350219839,-3.094399691,0.255820148,-3.350219727,-2.908005476,0.442214251,-3.350219839,-144.4
POSCAR_a2b1b2d1_64_As2In1K2Li1_icsd_402147_Na_Na_Bi_Al,-2.906988335,-3.897405863,0.990417528,-2.906988382,-2.691509724,0.215478658,-2.906988335,-144.4
POSCAR_a2b1c1e1_2_As2Cd1Ge1Rb1_icsd_291310_Pb_Bi_Rb_Hg,-2.759318684,-2.544466734,0.21485195,-2.75931859,-2.265281439,0.494037151,-2.759318684,-143.7
POSCAR_a2b2c1c1_26_Ba1Cd1K2Sb2_icsd_422272_Bi_K_Zn_Zn,-2.369473293,-2.705297947,0.335824654,-2.369473219,-2.817001343,0.447528124,-2.369473293,-143.6
POSCAR_a3b1c2c2_62_Ba2Cd2K1Sb3_icsd_420620_Bi_Na_Sr_Hg,-2.696696523,-2.770954609,0.074258086,-2.69669652,-2.558424473,0.138272047,-2.696696523,-143.5
POSCAR_a2c1c1c1_36_Ba1Cd1Sb2Yb1_icsd_422280_P_Ba_Mg_Zn,-3.814300789,-3.47790885,0.336391939,-3.814300776,-3.865352392,0.051051616,-3.814300789,-143.5
POSCAR_a4b3d3_52_As4Ga3K3_icsd_040206_K_Bi_In,-3.034074216,-5.674974442,2.640900226,-3.034074306,-2.877878666,0.15619564,-3.034074216,-142.5
POSCAR_a2c1e2_166_As2Sn2Sr1_icsd_611428_Cd_Sb_Si,-3.807796502,-2.722142935,1.085653567,-3.807796478,-2.530760288,1.27703619,-3.807796502,-142.4
POSCAR_a3b1b4e1_14_K1Na4Sb3Sn1_icsd_054261_Li_Cs_Pb_As,-3.33663678,-7.316785812,3.980149032,-3.336636782,-3.094382048,0.242254734,-3.33663678,-142.2
POSCAR_a3b1c2c2_62_Ba2Cd2K1Sb3_icsd_420620_P_Cs_Cd_Hg,-2.462710193,-2.84390974,0.381199547,-2.462710142,-2.710566282,0.24785614,-2.462710193,-141.9
POSCAR_a2b1b2d1_64_As2In1K2Li1_icsd_402147_Cs_Rb_Bi_Al,-2.689260479,-2.996469259,0.30720878,-2.689260483,-2.687619209,0.001641274,-2.689260479,-141.2
POSCAR_a4b3c3d1_186_Al1Ca3Na3Sb4_icsd_291242_Na_Mg_Tl_P,-3.252925295,-5.671778679,2.418853384,-3.252925396,-3.421625376,0.16869998,-3.252925295,-140.9
POSCAR_a2b2d1_14_As2Ga1K2_icsd_300142_Cs_Bi_In,-2.861013033,-3.802685976,0.941672943,-2.861012936,-2.666375399,0.194637537,-2.861013033,-140.8
POSCAR_a3b3d2_11_Al2As3K3_icsd_060950_Bi_K_Ga,-2.957420897,-4.304901123,1.347480226,-2.957420826,-3.016694546,0.05927372,-2.957420897,-140.6
POSCAR_a12b4c8d4_12_Al4Eu8Na4P12_icsd_409320_Zn_Li_Al_P,-3.790447936,-5.778720379,1.988272443,-3.79044795,-3.28639555,0.5040524,-3.790447936,-140.3
POSCAR_a2b1c1e1_2_As2Cd1Ge1Rb1_icsd_291310_Sn_Sb_Rb_Ca,-3.523079256,-5.157491684,1.634412428,-3.523079157,-3.14838171,0.374697447,-3.523079256,-140.3
POSCAR_a2c1d2_62_Eu1Ga2Sb2_icsd_182776_Zn_P_Tl,-3.307406293,-4.342008114,1.034601821,-3.307406187,-3.664709568,0.357303381,-3.307406293,-139.5
POSCAR_a4b3b6d1_194_Cs6Ga1K3Sb4_icsd_300150_Rb_P_Rb_Tl,-2.513427931,-6.661515236,4.148087305,-2.513427973,-2.973955631,0.460527658,-2.513427931,-139.5
POSCAR_a4b2c5_63_As4Rb2Zn5_icsd_250688_Ba_Sb_K,-3.358067209,-4.223484039,0.86541683,-3.358067274,-3.533656836,0.175589562,-3.358067209,-139.3
POSCAR_a2b2d1_14_As2Ga1K2_icsd_300142_K_As_Ga,-3.406286548,-9.199192047,5.792905499,-3.406286478,-3.413638353,0.007351875,-3.406286548,-139.3
POSCAR_a4c1_14_Mg1P4_icsd_000113_P_Be,-5.104686878,-4.491457462,0.613229416,-5.104686737,-4.024078369,1.080608368,-5.104686878,-139.1
POSCAR_a3b1c4_123_As3Rb1Zn4_icsd_262038_Pb_P_Na,-3.92030595,-3.255259514,0.665046436,-3.920305967,-3.223726749,0.696579218,-3.92030595,-139.1
POSCAR_a4b2c5_63_As4Rb2Zn5_icsd_250688_Sr_As_K,-3.531435827,-5.958873749,2.427437922,-3.531435728,-3.568934441,0.037498713,-3.531435827,-138.8
POSCAR_a2c1c2_8_As2Ca2Cd1_icsd_422578_Pb_Sb_Cd,-3.320102815,-3.105487585,0.21461523,-3.32010293,-2.832367897,0.487735033,-3.320102815,-138.1
POSCAR_a3b4c1d1_7_Ca1Ga1Na4Sb3_icsd_291241_P_Hg_Ga_Rb,-2.896339564,-6.487867355,3.591527791,-2.896339655,-3.171317101,0.274977446,-2.896339564,-138.1
POSCAR_a4b3c3d1_186_Al1Ca3Na3Sb4_icsd_291242_K_Sn_Ga_Sb,-3.433904649,-5.558254242,2.124349593,-3.433904648,-3.008633375,0.425271273,-3.433904649,-138
POSCAR_a12b4c8d4_12_Al4Eu8Na4P12_icsd_409320_Si_K_Al_Bi,-3.804752904,-2.544480085,1.260272819,-3.804752827,-2.738040447,1.06671238,-3.804752904,-137.9
POSCAR_a2b1b2d1_64_As2In1K2Li1_icsd_402147_Li_Na_As_Al,-3.520273573,-5.546574593,2.02630102,-3.520273685,-2.777274132,0.742999553,-3.520273573,-136.9
POSCAR_a4b3c3d1_186_Al1Ca3Na3Sb4_icsd_291242_Cs_Ca_Ga_As,-3.399452157,-5.558567047,2.15911489,-3.399452209,-3.396445513,0.003006696,-3.399452157,-136.8
POSCAR_a3b3d2_64_As3In2K3_icsd_300199_Rb_Bi_Tl,-2.690811352,-4.321144104,1.630332752,-2.690811396,-2.586261749,0.104549647,-2.690811352,-136.5
POSCAR_a3b1b4e1_14_K1Na4Sb3Sn1_icsd_054261_Li_Rb_Sn_P,-3.647130853,-8.033664703,4.38653385,-3.647130966,-3.835319281,0.188188315,-3.647130853,-136.2
POSCAR_a4b3c3d1_186_Al1Ca3Na3Sb4_icsd_291242_Rb_Pb_Ga_P,-3.727131704,-4.983551025,1.256419321,-3.727131605,-3.26703763,0.460093975,-3.727131704,-135.7
POSCAR_a3b1b4e1_14_K1Na4Sb3Sn1_icsd_054261_Li_K_Sn_P,-3.689100894,-8.009697914,4.32059702,-3.689100981,-3.545202017,0.143898964,-3.689100894,-135.6
POSCAR_a6b2b8e2_14_K2Na8Sb6Sn2_icsd_057400_P_Rb_Sn_Li,-3.646416958,-7.977893829,4.331476871,-3.646416903,-3.816798687,0.170381784,-3.646416958,-135.5
POSCAR_a2b1b2d1_64_As2In1K2Li1_icsd_402147_Na_Cs_Sb_Al,-2.897825557,-5.185471535,2.287645978,-2.89782548,-2.83646965,0.06135583,-2.897825558,-134.3
POSCAR_a2c1e1_225_Hg1P2Si1_icsd_247969_As_Sn_Hg,-3.415841288,-3.025215626,0.390625662,-3.415841341,-2.918820858,0.497020483,-3.415841288,-134.2
POSCAR_a4c3d2_15_Al2As4Sr3_icsd_423787_Si_P_In,-4.755206021,-5.300668716,0.545462695,-4.755206108,-3.794451714,0.960754394,-4.755206021,-133.8
POSCAR_a4b3c3d1_186_Al1Ca3Na3Sb4_icsd_291242_Cs_Sn_In_Bi,-3.223709055,-3.974984169,0.751275114,-3.223709106,-2.543418407,0.680290699,-3.223709055,-133.8
POSCAR_a2b1e2_166_As2Na1Sn2_icsd_082366_Na_Bi_Si,-3.903932582,-2.80922842,1.094704162,-3.903932571,-2.638964176,1.264968395,-3.903932582,-133.5
POSCAR_a3d1e1_62_Al1P3Si1_icsd_010032_P_Pb_Ga,-4.496397747,-5.853634357,1.35723661,-4.496397972,-4.143603802,0.35279417,-4.496397747,-132.5
POSCAR_a3d1e1_62_Al1P3Si1_icsd_010032_Sb_Pb_Tl,-3.602492727,-3.9907341,0.388241373,-3.602492809,-2.957759142,0.644733667,-3.602492727,-132.4
POSCAR_a3b3d2_11_Al2As3K3_icsd_060950_As_K_Tl,-3.002663793,-4.890984535,1.888320742,-3.002663851,-3.087669849,0.085005998,-3.002663793,-132.3
POSCAR_a1b1_19_K1P1_icsd_014010_Bi_Cs,-2.843471964,-2.869769573,0.026297609,-2.843472004,-2.732954025,0.110517979,-2.843471964,-131.9
POSCAR_a2b1c1e1_2_As2Cd1Ge1Rb1_icsd_291310_Si_As_Rb_Ba,-4.042069731,-4.820681095,0.778611364,-4.042069912,-3.489932299,0.552137613,-4.042069731,-131.8
POSCAR_a1b1c1_186_Li1Sb1Zn1_icsd_042064_As_Be_Na,-3.632501793,-3.231223583,0.40127821,-3.632501841,-3.337455988,0.295045853,-3.632501793,-131.1
POSCAR_a2b1b2d1_72_Al1As2K2Na1_icsd_073280_Li_Na_As_Ga,-3.353211605,-4.098894119,0.745682514,-3.353211641,-3.049347401,0.30386424,-3.353211605,-130.9
POSCAR_a2b1c1e1_2_As2Cd1Ge1Rb1_icsd_291310_Ge_Bi_Cs_Pb,-3.599427087,-2.561846018,1.037581069,-3.599426985,-2.690652609,0.908774376,-3.599427088,-130.7
POSCAR_a6b2c3c4_63_As6Ba4Cd3Li2_icsd_427778_As_Rb_Zn_Be,-3.107558087,-4.836507797,1.72894971,-3.107558012,-3.208187103,0.100629091,-3.107558087,-130.5
POSCAR_a2b1c1e1_2_As2Cd1Ge1Rb1_icsd_291310_Pb_Bi_Cs_Cd,-2.844156387,-2.544466734,0.299689653,-2.844156504,-2.572401762,0.271754742,-2.844156387,-130.4
POSCAR_a12b4c8d4_12_Al4Eu8Na4P12_icsd_409320_Ge_Li_Al_As,-4.242924382,-6.661064148,2.418139766,-4.242924213,-3.459373474,0.783550739,-4.242924382,-130.4
POSCAR_a4b3c3d1_186_Al1Ca3Na3Sb4_icsd_291242_Cs_Cd_Tl_Bi,-2.356251041,-2.544466734,0.188215693,-2.356251001,-2.445802927,0.089551926,-2.356251041,-130.3
POSCAR_a4b3d3_52_As4Ga3K3_icsd_040206_Li_Bi_Tl,-3.0285366,-5.330540657,2.302004057,-3.028536558,-2.376784801,0.651751757,-3.0285366,-129.2
POSCAR_a3b1c2c2_62_Ba2Cd2K1Sb3_icsd_420620_Sb_Na_Ge_Mg,-3.36879695,-4.873392105,1.504595155,-3.368797064,-2.91708231,0.451714754,-3.36879695,-129.1
POSCAR_a4b3c3d1_186_Al1Ca3Na3Sb4_icsd_291242_K_Zn_Tl_As,-2.756208389,-5.329816818,2.573608429,-2.75620842,-3.063066721,0.306858301,-2.756208389,-129.1
POSCAR_a2c1_11_Sb2Sr1_icsd_052307_Sr_As,-4.42701861,-3.316847801,1.110170809,-4.427018642,-4.092658997,0.334359645,-4.42701861,-129
POSCAR_a2b1c1e1_2_As2Cd1Ge1Rb1_icsd_291310_Si_Sb_K_Zn,-3.4037628,-2.69575119,0.70801161,-3.403762817,-2.812164307,0.59159851,-3.4037628,-129
POSCAR_a3b1c4_166_As3Cd4Rb1_icsd_262037_Sb_Rb_Mg,-2.895222701,-2.878971577,0.016251124,-2.895222664,-2.982415915,0.087193251,-2.895222701,-128.9
POSCAR_a1d1_141_In1Sb1_icsd_156995_Sb_In,-3.40376385,-2.88111186,0.52265199,-3.403763771,-2.960740328,0.443023443,-3.40376385,-128.8
POSCAR_a2c1c1c1_36_Ba1Cd1Sb2Yb1_icsd_422280_As_Cd_Ba_Ca,-3.695575993,-3.520227432,0.175348561,-3.695575953,-3.728055,0.032479047,-3.695575993,-128.5
POSCAR_a3b2_69_P3Rb2_icsd_654296_Bi_Na,-3.108884579,-2.783730745,0.325153834,-3.108884573,-2.458972216,0.649912357,-3.108884579,-128.2
POSCAR_a2c2d1_79_Sb2Tl1Zn2_icsd_076499_As_In_Ge,-4.192772891,-4.168469429,0.024303462,-4.192772865,-3.432867289,0.759905576,-4.192772891,-128.1
POSCAR_a3b1c4_166_As3Cd4Rb1_icsd_262037_Bi_Li_Sn,-3.723112914,-2.986306906,0.736806008,-3.723112822,-2.708636284,1.014476538,-3.723112914,-128.1
POSCAR_a2c2d1_79_Sb2Tl1Zn2_icsd_076499_P_In_Si,-4.749052451,-3.714171886,1.034880565,-4.749052525,-3.395353794,1.353698731,-4.749052451,-127.7
POSCAR_a2b2d1_62_Ga1Rb2Sb2_icsd_300135_Sb_Na_Tl,-2.950964679,-7.693520546,4.742555867,-2.950964689,-2.72752142,0.223443269,-2.95096468,-127.5
POSCAR_a2c1c1_62_Mn1Sb2Sr1_icsd_643539_Zn_Cd_Sb,-2.616978871,-2.544470549,0.072508322,-2.616978884,-2.305527687,0.311451197,-2.616978871,-127.4
POSCAR_a2b1b2d1_64_As2In1K2Li1_icsd_402147_Rb_Cs_As_Ga,-2.770330248,-4.964323997,2.193993749,-2.770330191,-2.974721432,0.204391241,-2.770330248,-127.3
POSCAR_a2c1d2_11_Ba1In2P2_icsd_260564_Sb_Hg_In,-2.745454239,-2.916380405,0.170926166,-2.745454311,-2.343755007,0.401699304,-2.745454239,-126.9
POSCAR_a2c1c2_36_Eu2P2Zn1_icsd_426081_Sn_P_Sn,-4.595882915,-3.679993629,0.915889286,-4.595882893,-3.790103674,0.805779219,-4.595882915,-126.7
POSCAR_a2c1_98_As2Cd1_icsd_020518_P_Sn,-4.861143377,-3.438769341,1.422374036,-4.861143589,-4.290688515,0.570455074,-4.861143377,-126.2
POSCAR_a2c1e2_166_As2Sn2Sr1_icsd_611428_Ca_P_Ge,-4.85165241,-3.10154438,1.75010803,-4.851652622,-4.247117043,0.604535579,-4.85165241,-126.2
POSCAR_a2c1e2_105_As2Ba1Ge2_icsd_026417_As_Ge_Sr,-4.502694873,-6.200710297,1.698015424,-4.502695084,-3.511383295,0.991311789,-4.502694873,-126.1
POSCAR_a6b2c3c4_63_As6Ba4Cd3Li2_icsd_427778_Bi_Rb_Ba_Pb,-3.358250119,-3.957761765,0.599511646,-3.358250141,-3.008453369,0.349796772,-3.358250119,-125.8
POSCAR_a2b1b2d1_64_As2In1K2Li1_icsd_402147_K_Cs_Sb_Tl,-2.530150154,-5.944411278,3.414261124,-2.530150175,-2.840874434,0.310724259,-2.530150154,-125.8
POSCAR_a6b2c3c4_63_As6Ba4Cd3Li2_icsd_427778_As_Li_Sr_Ba,-3.904129173,-6.624032021,2.719902848,-3.904129267,-4.041283131,0.137153864,-3.904129173,-125.7
POSCAR_a4b3b6d1_194_Cs6Ga1K3Sb4_icsd_300150_Li_P_Na_Tl,-3.152271802,-5.995685577,2.843413775,-3.152271748,-3.204780817,0.052509069,-3.152271802,-125.4
POSCAR_a2c1d2_194_Ca1In2P2_icsd_260562_P_Hg_Ga,-3.442813399,-3.343013048,0.099800351,-3.442813396,-3.579160929,0.136347533,-3.442813399,-124.7
POSCAR_a2c1d2_11_Ba1In2P2_icsd_260564_Sb_Zn_Ga,-3.11460846,-4.063177109,0.948568649,-3.114608526,-2.903821468,0.210787058,-3.11460846,-124.5
POSCAR_a7b4c7_63_As7Rb4Zn7_icsd_237457_Pb_P_Rb,-3.810810306,-6.176988602,2.366178296,-3.810810328,-3.339603662,0.471206666,-3.810810306,-124.5
POSCAR_a4c2c3_12_As4Ba3Zn2_icsd_424760_As_Mg_Sr,-3.948954938,-3.584911346,0.364043592,-3.948954821,-3.967637062,0.018682241,-3.948954938,-124.2
POSCAR_a4b3c3d1_186_Al1Ca3Na3Sb4_icsd_291242_K_Pb_Ga_Sb,-3.353289482,-5.549250603,2.195961121,-3.353289366,-2.824069738,0.529219628,-3.353289482,-124
POSCAR_a2b1c2_139_Cs1Mn2P2_icsd_095837_Cs_Bi_Sr,-3.068829788,-2.895160437,0.173669351,-3.068829775,-3.060682058,0.008147717,-3.068829788,-123.9
POSCAR_a2b1c2_139_Cs1Mn2P2_icsd_095837_K_Sb_Si,-3.922940034,-2.84990263,1.073037404,-3.922940016,-2.927346706,0.99559331,-3.922940034,-123.2
POSCAR_a3b1c2c2_62_Ba2Cd2K1Sb3_icsd_420620_As_K_Hg_Be,-2.946949118,-4.845535755,1.898586637,-2.946949005,-3.087112427,0.140163422,-2.946949118,-123.2
POSCAR_a2b1c1e1_2_As2Cd1Ge1Rb1_icsd_291310_Pb_As_K_Sr,-3.649145623,-5.291546822,1.642401199,-3.649145603,-3.309817553,0.33932805,-3.649145623,-122.9
POSCAR_a2b1b2d1_64_As2In1K2Li1_icsd_402147_K_Li_Bi_In,-2.922754125,-4.639718533,1.716964408,-2.922754049,-2.813476563,0.109277486,-2.922754125,-122.6
POSCAR_a2c1d2_10_As2Ga2Sr1_icsd_422527_Ba_As_In,-3.977460452,-5.267022133,1.289561681,-3.977460384,-3.672494173,0.304966211,-3.977460452,-122.3
POSCAR_a4b3c3d1_186_Al1Ca3Na3Sb4_icsd_291242_Li_Sn_In_Sb,-3.537685614,-4.9961586,1.458472986,-3.537685633,-2.803944111,0.733741522,-3.537685614,-122.3
POSCAR_a4c3e2_4_Ba3P4Sn2_icsd_660381_P_Ba_Ge,-4.819323179,-10.81837368,5.999050501,-4.819323063,-4.252673149,0.566649914,-4.819323179,-122.1
POSCAR_a2b1c1e1_2_As2Cd1Ge1Rb1_icsd_291310_Si_As_Li_Zn,-3.868794261,-3.629602432,0.239191829,-3.868794203,-2.975295067,0.893499136,-3.868794261,-121.9
POSCAR_a4b2c5_63_As4Rb2Zn5_icsd_250688_Sn_As_Li,-4.004757507,-5.433324814,1.428567307,-4.004757404,-3.043019295,0.961738109,-4.004757507,-121.6
POSCAR_a4b3c3d1_186_Al1Ca3Na3Sb4_icsd_291242_Rb_Ba_Al_Sb,-3.358592225,-5.613643646,2.255051421,-3.358592272,-3.371859312,0.01326704,-3.358592225,-121.6
POSCAR_a3d1e1_62_Al1P3Si1_icsd_010032_As_Ge_Ga,-4.355327139,-5.809914112,1.454586973,-4.355327129,-3.82088232,0.534444809,-4.355327139,-121.1
POSCAR_a2b1b2d1_64_As2In1K2Li1_icsd_402147_Li_Cs_Sb_Al,-3.154406207,-4.85616684,1.701760633,-3.154406309,-2.851405621,0.303000688,-3.154406208,-120.8
POSCAR_a1c1d1_62_Cd1Sb1Tl1_icsd_009572_As_Tl_Ba,-3.669872515,-3.973300934,0.303428419,-3.669872522,-3.378004313,0.291868209,-3.669872515,-120.6
POSCAR_a2c1e2_166_As2Sn2Sr1_icsd_611428_Ca_As_Sn,-4.397737896,-2.949454784,1.448283112,-4.39773798,-3.594552517,0.803185463,-4.397737896,-120.6
POSCAR_a3b3d2_64_As3In2K3_icsd_300199_Rb_Sb_In,-2.982368808,-6.539058685,3.556689877,-2.982368708,-2.960600615,0.021768093,-2.982368808,-120.5
POSCAR_a3b3d2_64_As3In2K3_icsd_300199_Na_As_Ga,-3.402337134,-6.912316322,3.509979188,-3.402337074,-3.213795185,0.188541889,-3.402337134,-120.4
POSCAR_a1d1_44_As1Ga1_icsd_043950_As_Ga,-3.86018483,-2.718562126,1.141622704,-3.860184908,-4.026432514,0.166247606,-3.86018483,-120.2
POSCAR_a2b2d1_62_Ga1Rb2Sb2_icsd_300135_Bi_Li_Tl,-3.019306821,-7.49749279,4.478185969,-3.019306898,-2.805085659,0.214221239,-3.019306821,-119.9
POSCAR_a5c2d5_62_Ba2In5P5_icsd_161774_As_Ba_Ga,-4.111095263,-10.03259563,5.921500367,-4.111095428,-3.898692846,0.212402582,-4.111095263,-119.8
POSCAR_a12b4c8d4_12_Al4Eu8Na4P12_icsd_409320_Hg_Rb_In_Bi,-2.396560318,-2.544466734,0.147906416,-2.396560431,-2.265912056,0.130648375,-2.396560318,-119.8
POSCAR_a2c1d2_14_As2Ba1Ga2_icsd_380478_As_Ba_Ga,-4.110901692,-6.121087551,2.010185859,-4.110901833,-3.927959204,0.182942629,-4.110901692,-119.6
POSCAR_a6c3e4_11_Ba3P6Si4_icsd_029261_Sb_Ge_Hg,-3.276130752,-2.544466734,0.731664018,-3.276130676,-2.574191809,0.701938867,-3.276130752,-119.6
POSCAR_a12b7c12_12_Mn12Rb7Sb12_icsd_237459_Bi_Pb_Na,-3.395635222,-3.832369804,0.436734582,-3.395635128,-2.403270245,0.992364883,-3.395635222,-119.2
POSCAR_a6b2c3c4_63_As6Ba4Cd3Li2_icsd_427778_P_Rb_Sr_Pb,-3.792201337,-5.649554729,1.857353392,-3.792201281,-3.850111723,0.057910442,-3.792201337,-118.9
POSCAR_a2b1b2d1_72_Al1As2K2Na1_icsd_073280_Li_Cs_Sb_Tl,-2.776192511,-3.693074703,0.916882192,-2.776192427,-2.841711044,0.065518617,-2.776192511,-118.9
POSCAR_a2c2d1_79_Sb2Tl1Zn2_icsd_076499_Sb_Tl_Ca,-3.556822752,-3.560992718,0.004169966,-3.556822777,-3.329073906,0.227748871,-3.556822752,-118.7
POSCAR_a2b1c2_139_Cs1Mn2P2_icsd_095837_K_Bi_Ca,-3.214407452,-2.91008997,0.304317482,-3.214407444,-3.161652088,0.052755356,-3.214407452,-118.5
POSCAR_a2c1c1c1_36_Ba1Cd1Sb2Yb1_icsd_422280_P_Ca_Zn_Mg,-3.849128124,-3.481482267,0.367645857,-3.849128008,-3.801076412,0.048051596,-3.849128124,-118.1
POSCAR_a3b3d2_11_Al2As3K3_icsd_060950_Bi_K_Tl,-2.720866547,-3.588684559,0.867818012,-2.720866442,-2.71881628,0.002050162,-2.720866547,-117.9
POSCAR_a3b1c2c2_62_Ba2Cd2K1Sb3_icsd_420620_As_Rb_Cd_Zn,-2.554386523,-3.380840778,0.826454255,-2.554386616,-2.773136616,0.21875,-2.554386523,-117.9
POSCAR_a2c1_96_Cd1P2_icsd_062336_As_Ba,-4.472668296,-5.880573273,1.407904977,-4.472668171,-4.26791811,0.204750061,-4.472668296,-117.8
POSCAR_a6c5d2_55_Ca5Ga2Sb6_icsd_036466_Bi_Be_Tl,-3.326556045,-4.54429245,1.217736405,-3.326555967,-2.996586561,0.329969406,-3.326556045,-117.2
POSCAR_a2b1b2d1_72_Al1As2K2Na1_icsd_073280_K_Na_Sb_Tl,-2.664582593,-3.755784512,1.091201919,-2.664582491,-2.82226634,0.157683849,-2.664582593,-117.2
POSCAR_a5c2d5_62_Ba2In5P5_icsd_161774_Sb_Zn_In,-3.002872913,-4.868288994,1.865416081,-3.002872944,-2.566870928,0.436002016,-3.002872913,-116.7
POSCAR_a6b2c3c4_63_As6Ba4Cd3Li2_icsd_427778_Sb_Cs_Be_Ba,-3.363050135,-6.050560951,2.687510816,-3.363050222,-3.477310658,0.114260436,-3.363050135,-116.7
POSCAR_a3b1c2c2_62_Ba2Cd2K1Sb3_icsd_420620_As_Rb_Cd_Pb,-3.078287965,-4.382596493,1.304308528,-3.078288078,-2.793857574,0.284430504,-3.078287965,-116.6
POSCAR_a12b7c12_12_Mn12Rb7Sb12_icsd_237459_P_Mg_K,-3.541809066,-5.522944927,1.981135861,-3.541809082,-3.777347565,0.235538483,-3.541809066,-116.4
POSCAR_a3b4c1d1_7_Ca1Ga1Na4Sb3_icsd_291241_Bi_Zn_Tl_Cs,-2.383711726,-2.544466734,0.160755008,-2.383711815,-2.556208134,0.172496319,-2.383711726,-116.4
POSCAR_a1d1_225_In1Sb1_icsd_156995_As_Ga,-3.856147823,-3.047004938,0.809142885,-3.856147766,-3.777736187,0.078411579,-3.856147823,-116.1
POSCAR_a7b3_19_Li3P7_icsd_060774_Sb_Li,-3.58581548,-6.540206909,2.954391429,-3.58581543,-2.516384125,1.069431305,-3.58581548,-115.7
POSCAR_a3b1e3_26_Ge3Na1P3_icsd_184000_Li_Si_Bi,-4.135452491,-2.98910594,1.146346551,-4.135452271,-2.725539684,1.409912587,-4.135452491,-115.4
POSCAR_a3b3d2_64_As3In2K3_icsd_300199_K_Bi_Al,-3.162246797,-4.43915987,1.276913073,-3.162246704,-2.977723598,0.184523106,-3.162246797,-115.3
POSCAR_a2c1d2_11_Ba1In2P2_icsd_260564_Sb_Sr_Al,-3.926910012,-4.328840256,0.401930244,-3.926909924,-3.057053566,0.869856358,-3.926910012,-114.6
POSCAR_a2b1c2_139_Cs1Mn2P2_icsd_095837_K_As_Mg,-3.251234026,-3.012026787,0.239207239,-3.251234055,-3.450958729,0.199724674,-3.251234026,-114.6
POSCAR_a1b1c1_129_Mn1Na1Sb1_icsd_060735_Na_Be_As,-3.61598899,-3.26488471,0.35110428,-3.61598897,-3.534543514,0.081445456,-3.61598899,-114.6
POSCAR_a3b2b3e1_62_K2Na3P3Si1_icsd_300203_Cs_Cs_Sn_P,-3.039263939,-5.16231823,2.123054291,-3.039263964,-3.242398977,0.203135013,-3.039263939,-114.4
POSCAR_a2b1b2d1_64_As2In1K2Li1_icsd_402147_K_Li_Sb_Al,-3.213612382,-5.488508701,2.274896319,-3.213612318,-2.957125187,0.256487131,-3.213612382,-114.2
POSCAR_a3b3d2_64_As3In2K3_icsd_300199_Rb_P_Ga,-3.553977643,-7.113621712,3.559644069,-3.553977728,-3.630639791,0.076662063,-3.553977643,-113.8
POSCAR_a4c3e2_15_As4Si2Sr3_icsd_016453_Sr_Si_P,-5.04740696,-6.210494995,1.163088035,-5.04740715,-4.070801735,0.976605415,-5.04740696,-113.5
POSCAR_a3b3d2_64_As3In2K3_icsd_300199_Rb_As_Ga,-3.317373427,-6.508116722,3.190743295,-3.317373514,-3.26078105,0.056592464,-3.317373427,-113.3
POSCAR_a2b1c1e1_2_As2Cd1Ge1Rb1_icsd_291310_Ge_Sb_Na_Hg,-2.962992669,-2.544466734,0.418525935,-2.962992668,-2.504131556,0.458861112,-2.962992669,-113.1
POSCAR_a3b3d2_11_Al2As3K3_icsd_060950_As_Rb_Ga,-3.316895811,-4.507923126,1.191027315,-3.316895723,-3.279412508,0.037483215,-3.316895811,-112.9
POSCAR_a3b1c2c2_62_Ba2Cd2K1Sb3_icsd_420620_Sb_Na_Mg_Be,-3.179847074,-4.851173401,1.671326327,-3.179847002,-3.124352932,0.05549407,-3.179847074,-112.8
POSCAR_a2b1c1e1_2_As2Cd1Ge1Rb1_icsd_291310_Sn_Bi_Rb_Ca,-3.415347446,-3.923578262,0.508230816,-3.415347338,-2.999030828,0.41631651,-3.415347446,-112.4
POSCAR_a3b3d2_11_Al2As3K3_icsd_060950_Bi_Rb_In,-2.869208201,-3.771032333,0.901824132,-2.869208097,-2.771573544,0.097634553,-2.869208201,-111.9
POSCAR_a3b1c2c2_62_Ba2Cd2K1Sb3_icsd_420620_P_K_Mg_Cd,-3.06026966,-4.3254776,1.26520794,-3.060269594,-3.232018471,0.171748877,-3.06026966,-111.9
POSCAR_a4c3d2_15_Al2As4Sr3_icsd_423787_Sn_P_In,-4.256444477,-5.279037476,1.022592999,-4.256444454,-3.875804186,0.380640268,-4.256444477,-111.7
POSCAR_a2c1e1_122_As2Mg1Si1_icsd_182367_As_Mg_Sn,-4.028572959,-3.384440422,0.644132537,-4.028573036,-3.587713003,0.440860033,-4.028572959,-111
POSCAR_a2b1b2d1_64_As2In1K2Li1_icsd_402147_Cs_Cs_Sb_Ga,-2.597319177,-4.829848766,2.232529589,-2.597319126,-2.779978752,0.182659626,-2.597319178,-110.9
POSCAR_a2b1c1e1_2_As2Cd1Ge1Rb1_icsd_291310_Sn_Bi_K_Hg,-2.848405824,-2.544466734,0.30393909,-2.848405838,-2.512064457,0.336341381,-2.848405824,-110.9
POSCAR_a3b1c4_166_As3Cd4Rb1_icsd_262037_P_Li_Ca,-4.241818876,-3.546159983,0.695658893,-4.241818905,-4.21057272,0.031246185,-4.241818876,-108.8
POSCAR_a2c1c1c1_36_Ba1Cd1Sb2Yb1_icsd_422280_As_Be_Zn_Ba,-3.721506126,-3.671208858,0.050297268,-3.721506119,-3.704752922,0.016753197,-3.721506126,-108.6
POSCAR_a3d1e1_62_Al1P3Si1_icsd_010032_Bi_Sn_In,-3.685683786,-3.785988808,0.100305022,-3.685683727,-3.029156446,0.656527281,-3.685683786,-108.3
POSCAR_a4b3c3d1_186_Al1Ca3Na3Sb4_icsd_291242_K_Cd_Tl_P,-2.824640066,-4.795595169,1.970955103,-2.824640036,-3.304148436,0.4795084,-2.824640066,-108
POSCAR_a3b1c2c2_62_Ba2Cd2K1Sb3_icsd_420620_Sb_Rb_Si_Ca,-3.80743148,-4.672157764,0.864726284,-3.807431459,-3.285484076,0.521947383,-3.80743148,-107.7
POSCAR_a2c1d2_62_Eu1Ga2Sb2_icsd_182776_Ca_Bi_Ga,-3.563981754,-4.846769333,1.282787579,-3.563981771,-3.162999153,0.400982618,-3.563981754,-107.3
POSCAR_a6b2c3c4_63_As6Ba4Cd3Li2_icsd_427778_P_Rb_Ca_Ge,-4.040586754,-6.399713516,2.359126762,-4.040586948,-4.114889622,0.074302674,-4.040586754,-107.1
POSCAR_a4c1_2_Mn1P4_icsd_001829_Bi_Sr,-3.842314355,-4.849083424,1.006769069,-3.842314243,-3.197080851,0.645233392,-3.842314355,-107
POSCAR_a1d1_63_In1Sb1_icsd_156995_Bi_Ga,-3.466991945,-2.887602568,0.579389377,-3.466991901,-2.910785437,0.556206464,-3.466991945,-107
POSCAR_a2c1d2_10_As2Ga2Sr1_icsd_422527_Cd_Bi_Al,-3.095764842,-2.951794386,0.143970456,-3.095764875,-2.52487278,0.570892095,-3.095764842,-106.7
POSCAR_a4c2c3_12_As4Ba3Zn2_icsd_424760_P_Hg_Sn,-3.639355262,-2.897338152,0.74201711,-3.639355183,-3.275216341,0.364138842,-3.639355262,-106.6
POSCAR_a4b3c3d1_186_Al1Ca3Na3Sb4_icsd_291242_Rb_Pb_In_Bi,-3.136849155,-4.009064674,0.872215519,-3.136849165,-2.481885433,0.654963732,-3.136849155,-106.4
POSCAR_a2b1b2d1_64_As2In1K2Li1_icsd_402147_Cs_K_As_Al,-3.064976184,-5.22516346,2.160187276,-3.064976215,-3.056236029,0.008740186,-3.064976184,-106.4
POSCAR_a2b1c1e1_2_As2Cd1Ge1Rb1_icsd_291310_Pb_Sb_Cs_Ba,-3.425653045,-4.222207069,0.796554024,-3.425652981,-3.038321972,0.387331009,-3.425653045,-106.2
POSCAR_a2c1e2_160_As2Sn2Sr1_icsd_611428_Mg_P_Ge,-4.473415792,-3.090864658,1.382551134,-4.473415852,-3.821026564,0.652389288,-4.473415792,-106
POSCAR_a3b3d2_11_Al2As3K3_icsd_060950_Sb_Rb_In,-2.967758343,-4.223235607,1.255477264,-2.967758417,-2.961745739,0.006012678,-2.967758343,-105.9
POSCAR_a12b4c8d4_12_Al4Eu8Na4P12_icsd_409320_Ge_Li_In_Bi,-3.62738607,-4.490865231,0.863479161,-3.627386093,-2.703499794,0.923886299,-3.62738607,-105.8
POSCAR_a2b1b2d1_64_As2In1K2Li1_icsd_402147_Na_Li_Bi_In,-2.914091404,-4.252000332,1.337908928,-2.914091349,-2.500825644,0.413265705,-2.914091404,-105.8
POSCAR_a2b1c1e1_2_As2Cd1Ge1Rb1_icsd_291310_Si_Bi_Cs_Mg,-3.377524007,-2.544466734,0.833057273,-3.377523899,-2.808853388,0.568670511,-3.377524007,-105.1
POSCAR_a1b1c1_62_Cd1Na1Sb1_icsd_012159_Cs_P_Pb,-3.579293122,-3.589249134,0.009956012,-3.579293013,-3.288232327,0.291060686,-3.579293123,-105
POSCAR_a3b1c2c2_62_Ba2Cd2K1Sb3_icsd_420620_Bi_Na_Sn_Cd,-2.951365644,-2.842344999,0.109020645,-2.951365709,-2.495411873,0.455953836,-2.951365644,-104.9
POSCAR_a12b4c8d4_12_Al4Eu8Na4P12_icsd_409320_Mn_Rb_Ga_P,-4.509301703,-10.87078953,6.361487827,-4.509301662,-4.626081467,0.116779805,-4.509301703,-104.3
POSCAR_a12b7c12_12_Mn12Rb7Sb12_icsd_237459_As_Si_Na,-4.161242145,-5.17795372,1.016711575,-4.161242008,-3.133410215,1.027831793,-4.161242145,-104.1
POSCAR_a3b3d2_64_As3In2K3_icsd_300199_Rb_Bi_Al,-3.101839302,-4.467968941,1.366129639,-3.101839304,-2.902578592,0.199260712,-3.101839302,-103.5
POSCAR_a3b1c2c2_62_Ba2Cd2K1Sb3_icsd_420620_Bi_Rb_Zn_Sr,-2.70743815,-3.686955452,0.979517302,-2.707438231,-2.853735447,0.146297216,-2.70743815,-103.4
POSCAR_a2b1b2d1_64_As2In1K2Li1_icsd_402147_Na_K_Sb_In,-2.740924107,-5.572247505,2.831323398,-2.74092412,-2.813755512,0.072831392,-2.740924108,-102
POSCAR_a2c1e1_225_Hg1P2Si1_icsd_247969_P_Pb_Zn,-3.9364618,-3.158162594,0.778299206,-3.936461687,-3.87948966,0.056972027,-3.9364618,-101.8
POSCAR_a2b1c2_139_Cs1Mn2P2_icsd_095837_Cs_P_Ba,-3.570029056,-3.038084269,0.531944787,-3.57002902,-3.747937202,0.177908182,-3.570029056,-101.2
POSCAR_a2b1e2_166_As2Na1Sn2_icsd_082366_Na_Bi_Pb,-3.37753419,-2.859867573,0.517666617,-3.377534151,-2.669922829,0.707611322,-3.37753419,-101.1
POSCAR_a6c5e2_55_As6Eu5Sn2_icsd_262647_Ge_P_Sn,-4.728922245,-6.684205055,1.95528281,-4.728922367,-3.941937447,0.78698492,-4.728922245,-100.7
POSCAR_a4b3d3_52_As4Ga3K3_icsd_040206_Li_As_In,-3.586274788,-10.32892704,6.742652252,-3.586274862,-3.197138071,0.389136791,-3.586274788,-100.6
POSCAR_a2b1b2d1_64_As2In1K2Li1_icsd_402147_Rb_Cs_P_Ga,-2.920732764,-5.293159962,2.372427198,-2.920732737,-3.202045441,0.281312704,-2.920732764,-100.6
POSCAR_a7b4c7_63_As7Rb4Zn7_icsd_237457_Pb_Sb_Na,-3.414973694,-4.731712818,1.316739124,-3.414973736,-2.448310375,0.966663361,-3.414973694,-100.1
POSCAR_a6b2c3c4_63_As6Ba4Cd3Li2_icsd_427778_As_Na_Sn_Sn,-3.811274996,-5.946546555,2.135271559,-3.811275005,-3.072668791,0.738606214,-3.811274996,-100
POSCAR_a4c3e2_4_Ba3P4Sn2_icsd_660381_As_Ca_Ge,-4.531668258,-7.406452179,2.874783921,-4.531668186,-3.989902496,0.54176569,-4.531668258,-99.7
POSCAR_a2c2d1_79_Sb2Tl1Zn2_icsd_076499_Sb_In_Sr,-3.563407862,-3.486808777,0.076599085,-3.563407898,-3.316347361,0.247060537,-3.563407862,-99.5
POSCAR_a2c1d2_62_Eu1Ga2Sb2_icsd_182776_Mg_Bi_Tl,-2.887323187,-3.802709103,0.915385916,-2.887323141,-2.597836018,0.289487123,-2.887323187,-99.4
POSCAR_a3b1b4e1_14_K1Na4Sb3Sn1_icsd_054261_Li_Cs_Si_As,-3.592328135,-6.524621964,2.932293829,-3.592328072,-3.136065722,0.45626235,-3.592328135,-99.3
POSCAR_a6b2b8e2_14_K2Na8Sb6Sn2_icsd_057400_As_Cs_Si_Li,-3.592327289,-6.525036812,2.932709523,-3.592327356,-3.136466742,0.455860614,-3.592327289,-99.3
POSCAR_a6b2c3c4_63_As6Ba4Cd3Li2_icsd_427778_Bi_Rb_Ge_Sr,-3.485511581,-4.213940144,0.728428563,-3.485511541,-2.989678144,0.495833397,-3.485511581,-97.8
POSCAR_a2b1_12_Rb1Sb2_icsd_419402_Sb_Li,-3.56766682,-2.783666849,0.783999971,-3.567666769,-2.504274368,1.063392401,-3.56766682,-97.5
POSCAR_a3b3d2_64_As3In2K3_icsd_300199_K_Sb_In,-3.032593,-5.993322372,2.960729372,-3.032593012,-3.054568291,0.021975279,-3.032593,-97.2
POSCAR_a6b2c3c4_63_As6Ba4Cd3Li2_icsd_427778_P_Na_Pb_Be,-3.991240535,-6.212260246,2.221019711,-3.991240501,-3.633725166,0.357515335,-3.991240535,-95.8
POSCAR_a6c2e3_62_Ba2Sb6Sn3_icsd_082529_P_Ge_Sn,-4.723700599,-8.823420525,4.099719926,-4.723700523,-3.981898546,0.741801977,-4.723700599,-95.5
POSCAR_a3b1c2c2_62_Ba2Cd2K1Sb3_icsd_420620_Bi_Cs_Cd_Zn,-2.198603143,-2.544466734,0.345863591,-2.198603153,-2.341360331,0.142757178,-2.198603143,-95.5
POSCAR_a5c2d5_62_Ba2In5P5_icsd_161774_Bi_Sr_Al,-3.707011189,-5.828674316,2.121663127,-3.707011223,-2.96079731,0.746213913,-3.707011189,-95.1
POSCAR_a2c1d2_10_As2Ga2Sr1_icsd_422527_Zn_As_Tl,-3.048853822,-4.697572708,1.648718886,-3.048853874,-2.74388504,0.304968834,-3.048853822,-93.6
POSCAR_a6b4b6e2_64_As6K6Na4Sn2_icsd_040560_Cs_Li_As_Ge,-3.356342576,-7.533622742,4.177280166,-3.356342554,-3.33917737,0.017165184,-3.356342576,-93.6
POSCAR_a2b1c1e1_2_As2Cd1Ge1Rb1_icsd_291310_Ge_Sb_Cs_Ca,-3.594047483,-4.327567101,0.733519618,-3.594047546,-3.404779673,0.189267873,-3.594047483,-93.5
POSCAR_a6b2c3c4_63_As6Ba4Cd3Li2_icsd_427778_Sb_Rb_Pb_Sr,-3.376222257,-4.62964344,1.253421183,-3.376222372,-2.856214285,0.520008087,-3.376222257,-93.4
POSCAR_a2c1d2_166_As2Ca1Ga2_icsd_422526_Ba_Sb_In,-3.623883842,-2.958947897,0.664935945,-3.623883724,-3.163892031,0.459991693,-3.623883842,-92.8
POSCAR_a1b1_19_K1P1_icsd_014010_P_Na,-3.746757049,-4.478829384,0.732072335,-3.74675703,-3.244281292,0.502475738,-3.746757049,-92.5
POSCAR_a4c1_14_Mg1P4_icsd_000113_Bi_Sr,-3.827632436,-3.102054119,0.725578317,-3.827632427,-3.220428467,0.60720396,-3.827632436,-92.3
POSCAR_a3b1e3_26_Ge3Na1P3_icsd_184000_Li_Pb_Bi,-3.628933538,-3.03207612,0.596857418,-3.62893343,-2.59470129,1.03423214,-3.628933538,-92.3
POSCAR_a2b1b2d1_64_As2In1K2Li1_icsd_402147_Li_Cs_Bi_Ga,-2.901152384,-4.596304893,1.695152509,-2.901152372,-2.719565153,0.181587219,-2.901152384,-92.3
POSCAR_a4c3_43_Eu3P4_icsd_631484_Ca_P,-4.909792054,-5.19549036,0.285698306,-4.909791946,-4.691425323,0.218366623,-4.909792054,-91.7
POSCAR_a2e1_55_P2Si1_icsd_043098_P_Sn,-4.826413459,-5.850640297,1.024226838,-4.826413631,-4.097933292,0.728480339,-4.826413459,-91.5
POSCAR_a2c1d2_166_As2Ca1Ga2_icsd_422526_Mg_Bi_Ga,-3.13394784,-2.961743832,0.172204008,-3.133947849,-3.083393574,0.050554275,-3.13394784,-91.5
POSCAR_a4c3d2_15_Al2As4Sr3_icsd_423787_Be_As_Ga,-4.045706137,-5.825879097,1.78017296,-4.045706272,-3.958622694,0.087083578,-4.045706137,-91.5
POSCAR_a2b1b2d1_64_As2In1K2Li1_icsd_402147_Na_Li_Sb_Al,-3.227703532,-5.286784172,2.05908064,-3.227703571,-2.573002577,0.654700994,-3.227703532,-91.5
POSCAR_a2b2d1_14_As2Ga1K2_icsd_300142_K_Sb_Ga,-3.113818569,-8.284105301,5.170286732,-3.113818645,-3.171183348,0.057364703,-3.113818569,-91.4
POSCAR_a6b2b8e2_14_K2Na8Sb6Sn2_icsd_057400_P_Rb_Si_Li,-3.871580225,-7.083765984,3.212185759,-3.871580124,-3.75912571,0.112454414,-3.871580225,-91.3
POSCAR_a3b1c4_166_As3Cd4Rb1_icsd_262037_Bi_Rb_Be,-3.165599103,-3.151556492,0.014042611,-3.165599108,-3.370533705,0.204934597,-3.165599103,-90.6
POSCAR_a2c1d2_194_Ca1In2P2_icsd_260562_P_Hg_Tl,-2.868476607,-3.244630814,0.376154207,-2.868476629,-2.829743862,0.038732767,-2.868476607,-90.3
POSCAR_a4c3d2_15_Al2As4Sr3_icsd_423787_Sn_Bi_Tl,-3.608046077,-3.853528023,0.245481946,-3.608046055,-2.681183815,0.92686224,-3.608046077,-90.2
POSCAR_a2b1b2d1_72_Al1As2K2Na1_icsd_073280_Li_Na_Bi_In,-2.898294914,-3.453916788,0.555621874,-2.898294926,-2.487345457,0.410949469,-2.898294914,-90
POSCAR_a4b3b6d1_194_Cs6Ga1K3Sb4_icsd_300150_Rb_P_K_Tl,-2.582448027,-6.090738297,3.50829027,-2.582448006,-3.051751614,0.469303608,-2.582448027,-89.3
POSCAR_a3b3d2_11_Al2As3K3_icsd_060950_As_K_In,-3.272777141,-5.13690567,1.864128529,-3.272777081,-3.30390501,0.031127929,-3.272777141,-88.5
POSCAR_a9c4c9_55_Bi9Cd4Sr9_icsd_058763_Si_As_Zn,-4.164735892,-5.095891953,0.931156061,-4.164735794,-2.981037378,1.183698416,-4.164735892,-87.5
POSCAR_a3b1c2c2_62_Ba2Cd2K1Sb3_icsd_420620_P_Na_Cd_Sn,-3.410580377,-4.359007835,0.948427458,-3.410580397,-3.301819086,0.108761311,-3.410580377,-86.9
POSCAR_a3c3d1_64_Al1Ba3Sb3_icsd_032728_Sb_Ca_Al,-3.971175116,-6.013618469,2.042443353,-3.971175194,-3.566340923,0.404834271,-3.971175116,-86.6
POSCAR_a2c1d2_166_As2Ca1Ga2_icsd_422526_Cd_P_Tl,-3.106734402,-2.93456769,0.172166712,-3.106734514,-3.149376392,0.042641878,-3.106734402,-86.5
POSCAR_a2b1b2d1_72_Al1As2K2Na1_icsd_073280_Na_Li_Bi_Ga,-2.968954115,-3.432517052,0.463562937,-2.968954086,-2.615983486,0.3529706,-2.968954115,-86.5
POSCAR_a6b2b8e2_14_K2Na8Sb6Sn2_icsd_057400_P_Na_Pb_Li,-3.591115182,-6.625393867,3.034278685,-3.591115236,-3.437245846,0.15386939,-3.591115182,-86.3
POSCAR_a2c1c2_36_Eu2P2Zn1_icsd_426081_Sn_P_Sr,-4.515039947,-3.696181297,0.81885865,-4.515039921,-3.927530527,0.587509394,-4.515039947,-85.8
POSCAR_a2b1b2d1_64_As2In1K2Li1_icsd_402147_Rb_Li_Sb_Ga,-3.001960456,-5.321864605,2.319904149,-3.001960516,-2.961743832,0.040216684,-3.001960456,-85.1
POSCAR_a2d1_191_Bi2Tl1_icsd_058864_In_Bi,-3.516085157,-2.750514984,0.765570173,-3.516085148,-2.667165041,0.848920107,-3.516085157,-85
POSCAR_a3b1b4e1_14_K1Na4Sb3Sn1_icsd_054261_Li_K_Pb_As,-3.389170127,-7.857850075,4.468679948,-3.38917017,-3.043250561,0.345919609,-3.389170127,-85
POSCAR_a12b7c12_12_Mn12Rb7Sb12_icsd_237459_As_Sr_K,-3.47720572,-6.38836956,2.91116384,-3.477205753,-3.659977913,0.18277216,-3.47720572,-84.5
POSCAR_a2b1b2d1_72_Al1As2K2Na1_icsd_073280_Li_Na_Sb_Ga,-3.061465039,-3.827056408,0.765591369,-3.061465025,-2.679790974,0.381674051,-3.061465039,-84.5
POSCAR_a2c1c1c1_36_Ba1Cd1Sb2Yb1_icsd_422280_As_Cd_Mg_Sr,-3.353540232,-3.40912509,0.055584858,-3.353540182,-3.517985821,0.164445639,-3.353540232,-84.5
POSCAR_a2c1e1_122_As2Mg1Si1_icsd_182367_As_Ba_Sn,-4.381880623,-3.551329136,0.830551487,-4.38188076,-3.919808865,0.462071895,-4.381880623,-84.2
POSCAR_a2b1c1e1_2_As2Cd1Ge1Rb1_icsd_291310_Pb_Sb_Cs_Ge,-3.605997598,-4.197528362,0.591530764,-3.605997562,-2.844604254,0.761393308,-3.605997598,-83.9
POSCAR_a12b7c12_12_Mn12Rb7Sb12_icsd_237459_P_Sr_Na,-3.79834922,-7.226681709,3.428332489,-3.798349142,-3.841922045,0.043572903,-3.79834922,-83.8
POSCAR_a3b3d2_64_As3In2K3_icsd_300199_K_Sb_Ga,-3.106158117,-6.821665764,3.715507647,-3.106158018,-3.185418367,0.079260349,-3.106158117,-83.7
POSCAR_a2b1b2d1_64_As2In1K2Li1_icsd_402147_Rb_Cs_Bi_Al,-2.631558757,-3.702649832,1.071091075,-2.631558657,-2.795175076,0.163616419,-2.631558757,-83.5
POSCAR_a2b2c1c1_26_Ba1Cd1K2Sb2_icsd_422272_Bi_K_Hg_Cd,-2.116374176,-2.544466972,0.428092796,-2.116374254,-2.538983345,0.422609091,-2.116374176,-83.5
POSCAR_a12b7c12_12_Mn12Rb7Sb12_icsd_237459_Sb_Ge_Li,-3.843234769,-5.039631844,1.196397075,-3.843234777,-2.993073463,0.850161314,-3.843234769,-83.1
POSCAR_a12c11c6_12_Eu11Sb12Zn6_icsd_419343_Sn_Bi_Mg,-3.514813722,-3.824256182,0.30944246,-3.514813662,-2.773727179,0.741086483,-3.514813722,-83
POSCAR_a3b1c2c2_62_Ba2Cd2K1Sb3_icsd_420620_P_Rb_Hg_Hg,-2.236143361,-2.544466734,0.308323373,-2.236143351,-2.451961517,0.215818166,-2.236143361,-83
POSCAR_a2b2d1_14_As2Ga1K2_icsd_300142_Li_P_Ga,-4.015046176,-10.4204874,6.405441224,-4.01504612,-3.920447826,0.094598294,-4.015046176,-82.4
POSCAR_a2b1c1e1_2_As2Cd1Ge1Rb1_icsd_291310_Ge_Sb_Cs_Ba,-3.589149101,-4.65890789,1.069758789,-3.589148998,-3.354946136,0.234202862,-3.589149101,-82.3
POSCAR_a4b3c3d1_186_Al1Ca3Na3Sb4_icsd_291242_K_Ge_In_Sb,-3.445013361,-5.563098907,2.118085546,-3.445013285,-3.117002964,0.328010321,-3.445013361,-81.8
POSCAR_a2b2c1c1_26_Ba1Cd1K2Sb2_icsd_422272_Bi_Li_Ca_Zn,-3.035582779,-3.090172529,0.05458975,-3.035582781,-2.714844942,0.320737839,-3.035582779,-81.7
POSCAR_a6b2c3c4_63_As6Ba4Cd3Li2_icsd_427778_P_K_Si_Ca,-4.299487926,-6.52638483,2.226896904,-4.299488068,-3.831866264,0.467621804,-4.299487926,-81.6
POSCAR_a6b2b8e2_14_K2Na8Sb6Sn2_icsd_057400_As_Rb_Sn_Li,-3.426488245,-7.478592873,4.052104628,-3.426488161,-3.317568779,0.108919382,-3.426488245,-81.2
POSCAR_a4b2c5_63_As4Rb2Zn5_icsd_250688_Be_Bi_Rb,-3.156054277,-4.214317799,1.058263522,-3.156054258,-3.314934015,0.158879757,-3.156054277,-81.1
POSCAR_a2c1d2_11_Ba1In2P2_icsd_260564_As_Zn_Al,-3.73343363,-4.463077545,0.729643915,-3.733433723,-3.006421804,0.727011919,-3.73343363,-81
POSCAR_a2b1b2d1_64_As2In1K2Li1_icsd_402147_Li_Na_Sb_Ga,-3.056462595,-5.520623207,2.464160612,-3.056462526,-2.734175444,0.322287082,-3.056462595,-79.5
POSCAR_a2c1d2_14_As2Ba1Ga2_icsd_380478_As_Zn_Tl,-3.03442119,-4.873457432,1.839036242,-3.034421206,-2.664278984,0.370142222,-3.03442119,-79.2
POSCAR_a2c1d2_194_Ca1In2P2_icsd_260562_As_Ca_Ga,-4.108800775,-3.653933525,0.45486725,-4.108800888,-3.931646824,0.177154064,-4.108800775,-78.6
POSCAR_a4c3d2_62_Al2Ba3P4_icsd_423778_Bi_Ge_Ga,-3.849921912,-5.231236458,1.381314546,-3.849921942,-2.85657692,0.993345022,-3.849921912,-77.3
POSCAR_a3b4c1d1_7_Ca1Ga1Na4Sb3_icsd_291241_Sb_Cd_Ga_Na,-2.68876362,-5.435936928,2.747173308,-2.688763618,-2.673733234,0.015030384,-2.68876362,-77.2
POSCAR_a6b7d3_2_As6Cs7In3_icsd_411989_Rb_Bi_Tl,-2.631190173,-4.779579163,2.14838899,-2.631190062,-2.684566736,0.053376674,-2.631190173,-76.9
POSCAR_a2b1b2d1_64_As2In1K2Li1_icsd_402147_Cs_Li_Sb_Al,-3.1103086,-4.199631691,1.089323091,-3.110308647,-2.932427406,0.177881241,-3.1103086,-76.7
POSCAR_a6b2c3c4_63_As6Ba4Cd3Li2_icsd_427778_Sb_K_Sn_Be,-3.520085988,-5.144502163,1.624416175,-3.52008605,-3.157371998,0.362714052,-3.520085988,-76.5
POSCAR_a2c1e2_105_As2Ba1Ge2_icsd_026417_P_Ge_Ca,-4.801451825,-7.617789268,2.816337443,-4.801451683,-3.813182116,0.988269567,-4.801451825,-76
POSCAR_a2c1e1_122_As2Mg1Si1_icsd_182367_Sb_Cd_Ge,-3.421231434,-2.719250202,0.701981232,-3.421231508,-2.756792784,0.664438724,-3.421231434,-75.9
POSCAR_a2c1c1_139_Ba1Bi2Mn1_icsd_615787_Hg_Sb_Sn,-3.09489901,-2.638071775,0.456827235,-3.094898939,-2.504781723,0.590117216,-3.09489901,-75.7
POSCAR_a2c1c1c1_36_Ba1Cd1Sb2Yb1_icsd_422280_As_Sn_Be_Ge,-4.320356695,-3.904067516,0.416289179,-4.320356846,-3.503799915,0.816556931,-4.320356695,-75.7
POSCAR_a3c2_14_Sb3Sr2_icsd_032033_Ba_Bi,-3.955668683,-4.887728691,0.932060008,-3.955668688,-3.465518475,0.490150213,-3.955668683,-75.5
POSCAR_a6c6d2_64_Ba6Ga2P6_icsd_402177_Sb_Pb_In,-3.709739809,-5.092176437,1.382436628,-3.709739923,-2.698029518,1.011710405,-3.709739809,-75.1
POSCAR_a2c1c1c1_36_Ba1Cd1Sb2Yb1_icsd_422280_As_Hg_Ba_Ba,-3.434996848,-3.493115902,0.058119054,-3.434996843,-3.627636433,0.19263959,-3.434996848,-75.1
POSCAR_a2c1c1c1_36_Ba1Cd1Sb2Yb1_icsd_422280_Bi_Cd_Ca_Ca,-3.214589798,-3.029297352,0.185292446,-3.214589834,-3.105316162,0.109273672,-3.214589798,-75.1
POSCAR_a6b2c3c4_63_As6Ba4Cd3Li2_icsd_427778_Sb_Li_Cd_Hg,-2.424572235,-2.544466734,0.119894499,-2.424572229,-2.279946566,0.144625663,-2.424572235,-74.6
POSCAR_a2b1b2d1_72_Al1As2K2Na1_icsd_073280_Li_K_Bi_Ga,-2.9296703,-3.669922829,0.740252529,-2.929670334,-2.882869482,0.046800852,-2.9296703,-74.4
POSCAR_a6c3e4_11_Ba3P6Si4_icsd_029261_P_Ge_Sn,-4.702174425,-6.767627716,2.065453291,-4.702174187,-4.055621147,0.64655304,-4.702174425,-74
POSCAR_a2c1c1c1_36_Ba1Cd1Sb2Yb1_icsd_422280_Bi_Sr_Mg_Cd,-2.853494096,-2.617772818,0.235721278,-2.853494167,-2.76752162,0.085972547,-2.853494096,-74
POSCAR_a3b2b3e1_62_K2Na3P3Si1_icsd_300203_Cs_Cs_Pb_P,-2.919419624,-4.873876572,1.954456948,-2.919419527,-3.201435566,0.282016039,-2.919419624,-73.7
POSCAR_a3b4c1d1_7_Ca1Ga1Na4Sb3_icsd_291241_Sb_Mg_Tl_Li,-3.032537611,-7.501918793,4.469381182,-3.032537699,-2.635000229,0.39753747,-3.032537611,-73.3
POSCAR_a3b3d2_11_Al2As3K3_icsd_060950_Sb_Rb_Al,-3.238114526,-3.992548466,0.75443394,-3.238114595,-3.011515617,0.226598978,-3.238114526,-72.8
POSCAR_a2c1e1_122_As2Mg1Si1_icsd_182367_As_Ba_Ge,-4.529241918,-3.588365316,0.940876602,-4.529242039,-4.023526192,0.505715847,-4.529241918,-72.5
POSCAR_a3b4c1d1_7_Ca1Ga1Na4Sb3_icsd_291241_Sb_Cd_Tl_K,-2.534482756,-5.419727325,2.885244569,-2.534482718,-2.979369164,0.444886446,-2.534482756,-72.4
POSCAR_a4b2c5_63_As4Rb2Zn5_icsd_250688_Cd_P_Cs,-2.766535785,-2.968010426,0.201474641,-2.766535759,-2.828334093,0.061798334,-2.766535785,-72.3
POSCAR_a2b1b2d1_64_As2In1K2Li1_icsd_402147_Na_Li_Bi_Ga,-2.95445321,-4.402504444,1.448051234,-2.95445323,-2.576440096,0.378013134,-2.95445321,-72
POSCAR_a3c2_13_As3Ca2_icsd_043876_Ba_Sb,-4.085112469,-7.27749157,3.192379101,-4.085112572,-3.654028654,0.431083918,-4.085112469,-71.7
POSCAR_a4c3e2_15_As4Si2Sr3_icsd_016453_Sr_Ge_As,-4.448335121,-5.525610924,1.077275803,-4.448335171,-3.875648499,0.572686672,-4.448335121,-71.7
POSCAR_a2b1c1e1_2_As2Cd1Ge1Rb1_icsd_291310_Pb_Sb_K_Sr,-3.399074392,-4.70441246,1.305338068,-3.399074316,-3.009803295,0.389271021,-3.399074392,-71.6
POSCAR_a4c3d2_58_Eu3In2P4_icsd_170634_Sn_Bi_Tl,-3.589003424,-3.688473225,0.099469801,-3.589003325,-2.59492898,0.994074345,-3.589003424,-71.2
POSCAR_a2b1c1e1_2_As2Cd1Ge1Rb1_icsd_291310_Pb_Sb_Na_Pb,-3.519711101,-3.749929667,0.230218566,-3.519711018,-2.551095486,0.968615532,-3.519711102,-71
POSCAR_a2c1c1c1_36_Ba1Cd1Sb2Yb1_icsd_422280_P_Pb_Ge_Sr,-4.502023671,-3.779519558,0.722504113,-4.502023697,-4.001505375,0.500518322,-4.502023671,-70.9
POSCAR_a2c1c1c1_36_Ba1Cd1Sb2Yb1_icsd_422280_P_Hg_Be_Ba,-3.76944894,-3.415053368,0.354395572,-3.769448996,-3.835502863,0.066053867,-3.76944894,-70.8
POSCAR_a2c1e1_122_As2Mg1Si1_icsd_182367_As_Mg_Ge,-4.139822593,-3.530161381,0.609661212,-4.139822483,-3.453607321,0.686215162,-4.139822593,-70.5
POSCAR_a2c1c2_36_Eu2P2Zn1_icsd_426081_Sn_P_Cd,-3.827451759,-3.350133181,0.477318578,-3.827451706,-3.672733545,0.154718161,-3.827451759,-69.8
POSCAR_a2b1b2d1_64_As2In1K2Li1_icsd_402147_Rb_Li_Bi_Ga,-2.888658627,-4.554542065,1.665883438,-2.888658524,-2.749102831,0.139555693,-2.888658627,-69.8
POSCAR_a3b3d2_64_As3In2K3_icsd_300199_Cs_Sb_Al,-3.211818935,-4.546836376,1.335017441,-3.211818933,-2.965903521,0.245915412,-3.211818935,-69.5
POSCAR_a3c3d2_12_Cd3Sb3Tl2_icsd_076500_Sb_In_Sr,-3.533140233,-4.033634186,0.500493953,-3.533140182,-3.341418982,0.1917212,-3.533140233,-69.2
POSCAR_a3b1b4e1_14_K1Na4Sb3Sn1_icsd_054261_Li_Na_Si_P,-3.989457947,-6.789545059,2.800087112,-3.989457846,-3.398047209,0.591410637,-3.989457947,-69.1
POSCAR_a4b3c3d1_186_Al1Ca3Na3Sb4_icsd_291242_Rb_Sr_Al_Bi,-3.117011718,-4.611952305,1.494940587,-3.117011786,-3.049812555,0.067199231,-3.117011718,-68.9
POSCAR_a2b1b2d1_64_As2In1K2Li1_icsd_402147_Cs_Li_Sb_Ga,-2.969006795,-5.533241272,2.564234477,-2.969006777,-2.964837074,0.004169703,-2.969006795,-68.6
POSCAR_a6b2c3c4_63_As6Ba4Cd3Li2_icsd_427778_Bi_Rb_Sn_Pb,-3.463713247,-4.106595516,0.642882269,-3.463713169,-2.589435577,0.874277592,-3.463713247,-67.7
POSCAR_a3b1c2c2_62_Ba2Cd2K1Sb3_icsd_420620_Bi_Li_Pb_Ca,-3.623756229,-4.660871506,1.037115277,-3.62375617,-2.813569307,0.810186863,-3.623756229,-67.5
POSCAR_a4b3c3d1_186_Al1Ca3Na3Sb4_icsd_291242_Cs_Ca_Ga_Sb,-3.120767254,-5.080552101,1.959784847,-3.120767355,-3.231287003,0.110519648,-3.120767254,-67
POSCAR_a2c1c1c1_36_Ba1Cd1Sb2Yb1_icsd_422280_P_Ba_Ca_Pb,-4.386825704,-3.73375988,0.653065824,-4.386825562,-4.135696411,0.251129151,-4.386825704,-66.9
POSCAR_a4b3c3d1_186_Al1Ca3Na3Sb4_icsd_291242_Na_Sn_Ga_Sb,-3.398589538,-5.516261101,2.117671563,-3.398589611,-2.805388689,0.593200922,-3.398589538,-66.5
POSCAR_a2c1c1c1_36_Ba1Cd1Sb2Yb1_icsd_422280_P_Be_Ca_Sn,-4.529685084,-3.856257677,0.673427407,-4.52968502,-4.449280739,0.080404281,-4.529685084,-66.5
POSCAR_a2b2c1c1_26_Ba1Cd1K2Sb2_icsd_422272_P_K_Hg_Mg,-2.846652349,-3.42678237,0.580130021,-2.846652269,-3.361250639,0.51459837,-2.846652349,-65.9
POSCAR_a2b1c1e1_2_As2Cd1Ge1Rb1_icsd_291310_Si_Bi_Cs_Hg,-3.021085105,-2.544466734,0.476618371,-3.021085024,-2.41349268,0.607592344,-3.021085105,-64.9
POSCAR_a3c3d2_12_Cd3Sb3Tl2_icsd_076500_Bi_Tl_Si,-3.874178138,-3.115551233,0.758626905,-3.874178171,-2.594577789,1.279600382,-3.874178138,-64.8
POSCAR_a4b2c5_63_As4Rb2Zn5_icsd_250688_Mg_Bi_K,-2.745903759,-2.544466734,0.201437025,-2.74590373,-2.944176912,0.198273182,-2.745903759,-64.2
POSCAR_a6b2c3c4_63_As6Ba4Cd3Li2_icsd_427778_Bi_Li_Cd_Zn,-2.501281413,-2.544466734,0.043185321,-2.5012815,-2.260049582,0.241231918,-2.501281413,-63.9
POSCAR_a2c1c1c1_36_Ba1Cd1Sb2Yb1_icsd_422280_P_Zn_Be_Ca,-4.100055055,-3.673548698,0.426506357,-4.100055218,-4.110776901,0.010721683,-4.100055055,-63.6
POSCAR_a3b1c2c2_62_Ba2Cd2K1Sb3_icsd_420620_Sb_K_Cd_Zn,-2.339730813,-2.544466734,0.204735921,-2.33973074,-2.532260418,0.192529678,-2.339730813,-63.2
POSCAR_a6b2c3c4_63_As6Ba4Cd3Li2_icsd_427778_Sb_K_Sr_Sr,-3.265181443,-5.446510315,2.181328872,-3.265181541,-3.506560802,0.241379261,-3.265181443,-62.9
POSCAR_a3b1b4e1_14_K1Na4Sb3Sn1_icsd_054261_Li_Cs_Sn_Sb,-3.199189765,-5.635789871,2.436600106,-3.199189663,-2.919766665,0.279422998,-3.199189765,-62.6
POSCAR_a4b3c3d1_186_Al1Ca3Na3Sb4_icsd_291242_Cs_Si_Tl_Sb,-3.419646128,-3.036740065,0.382906063,-3.419646025,-2.813436747,0.606209278,-3.419646128,-61.9
POSCAR_a6b2b8e2_14_K2Na8Sb6Sn2_icsd_057400_Sb_Cs_Sn_Li,-3.19778445,-5.392222881,2.194438431,-3.197784424,-2.92813921,0.269645214,-3.19778445,-61.2
POSCAR_a6b2b8e2_14_K2Na8Sb6Sn2_icsd_057400_Bi_Rb_Pb_Li,-3.076068756,-4.015140533,0.939071777,-3.07606864,-2.557092428,0.518976212,-3.076068756,-60.7
POSCAR_a2b1c1e1_2_As2Cd1Ge1Rb1_icsd_291310_Ge_Bi_Rb_Ba,-3.505273566,-3.821890116,0.31661655,-3.505273581,-3.081336021,0.42393756,-3.505273566,-60.5
POSCAR_a6c3e4_11_Ba3P6Si4_icsd_029261_Sb_Pb_Cd,-3.242122375,-2.845716715,0.39640566,-3.242122412,-2.541900158,0.700222254,-3.242122375,-60.1
POSCAR_a2b1e2_166_As2Na1Sn2_icsd_082366_Li_Sb_Si,-4.139934882,-2.806828499,1.333106383,-4.139935017,-2.696106434,1.443828583,-4.139934882,-59.8
POSCAR_a2c1d2_166_As2Ca1Ga2_icsd_422526_Ba_As_Tl,-3.609071986,-3.002784729,0.606287257,-3.60907197,-3.583357096,0.025714874,-3.609071986,-59.8
POSCAR_a2e1_55_P2Si1_icsd_043098_P_Si,-5.53656771,-5.787962914,0.251395204,-5.536567688,-3.760315895,1.776251793,-5.53656771,-59.5
POSCAR_a6b4b6e2_64_As6K6Na4Sn2_icsd_040560_Cs_Cs_P_Pb,-2.905228843,-5.458810806,2.553581963,-2.905228853,-3.239239454,0.334010601,-2.905228843,-59.5
POSCAR_a2b1b2d1_64_As2In1K2Li1_icsd_402147_Na_Li_Sb_Tl,-2.859069821,-5.059157848,2.200088027,-2.859069824,-2.507299185,0.351770639,-2.859069821,-59.2
POSCAR_a6b2b8e2_14_K2Na8Sb6Sn2_icsd_057400_As_Cs_Ge_Na,-3.104332173,-6.789006233,3.68467406,-3.104332209,-2.966538668,0.137793541,-3.104332173,-57.8
POSCAR_a2c1e1_122_As2Mg1Si1_icsd_182367_As_Sr_Ge,-4.43417489,-3.632522821,0.801652069,-4.434175014,-3.871931791,0.562243223,-4.43417489,-57.6
POSCAR_a2b1c1e1_2_As2Cd1Ge1Rb1_icsd_291310_Ge_Bi_Na_Zn,-3.064558301,-2.544466734,0.520091567,-3.064558268,-2.595748901,0.468809367,-3.064558301,-57.6
POSCAR_a2c1e1_122_As2Mg1Si1_icsd_182367_As_Ba_Si,-4.789197748,-3.480824947,1.308372801,-4.789197922,-3.87395978,0.915238142,-4.789197748,-57.4
POSCAR_a3b2b3e1_73_Bi3K3Na2Sn1_icsd_050534_Cs_Li_Ge_P,-3.487913901,-6.847783089,3.359869188,-3.487913847,-3.819411993,0.331498146,-3.487913901,-57.3
POSCAR_a6c5d2_55_Ca5Ga2Sb6_icsd_036466_Bi_Sn_Al,-3.893551412,-4.27743721,0.383885798,-3.89355135,-2.826118469,1.067432881,-3.893551412,-57
POSCAR_a2b1c1e1_2_As2Cd1Ge1Rb1_icsd_291310_Ge_Sb_Na_Ca,-3.627543839,-5.081244469,1.45370063,-3.627543926,-3.140334606,0.48720932,-3.627543839,-57
POSCAR_a3b6d1_11_Al1Rb6Sb3_icsd_300217_As_Tl_Li,-3.271592628,-5.562456131,2.290863503,-3.271592617,-3.192702293,0.078890324,-3.271592628,-56.3
POSCAR_a4b3b6d1_194_Cs6Ga1K3Sb4_icsd_300150_K_As_Na_Tl,-2.61785038,-6.998187065,4.380336685,-2.617850304,-2.959336996,0.341486692,-2.61785038,-56
POSCAR_a2b1b2d1_64_As2In1K2Li1_icsd_402147_Li_Na_Sb_Tl,-2.855791128,-5.343626976,2.487835848,-2.855791092,-2.587474108,0.268316984,-2.855791128,-55.9
POSCAR_a2c1c1_62_Mn1Sb2Sr1_icsd_643539_Hg_Mg_Sb,-2.608540858,-2.547528744,0.061012114,-2.608540773,-2.357166767,0.251374006,-2.608540858,-55.7
POSCAR_a2b1b2d1_64_As2In1K2Li1_icsd_402147_Na_K_Sb_Tl,-2.603075218,-5.507744789,2.904669571,-2.603075266,-2.726683617,0.123608351,-2.603075218,-55.7
POSCAR_a2b2c1c1_26_Ba1Cd1K2Sb2_icsd_422272_P_Na_Ca_Zn,-3.433913989,-3.635380268,0.201466279,-3.433913946,-3.548884153,0.114970207,-3.433913989,-55.7
POSCAR_a3b3d2_11_Al2As3K3_icsd_060950_Sb_K_Al,-3.30065743,-4.0977211,0.79706367,-3.300657511,-3.066990852,0.233666659,-3.30065743,-55.1
POSCAR_a7b4c7_63_As7Rb4Zn7_icsd_237457_Zn_Sb_Cs,-2.546884971,-2.544485569,0.002399402,-2.546885014,-2.758143902,0.211258888,-2.546884971,-55
POSCAR_a2b1c1e1_2_As2Cd1Ge1Rb1_icsd_291310_Ge_Sb_Na_Sr,-3.568893151,-5.231421471,1.66252832,-3.568893194,-3.02481699,0.544076204,-3.568893151,-54.6
POSCAR_a2c1e1_225_Hg1P2Si1_icsd_247969_As_Sn_Ge,-4.466464981,-3.541101217,0.925363764,-4.466464996,-3.409290791,1.057174205,-4.466464981,-54.3
POSCAR_a6b2c3c4_63_As6Ba4Cd3Li2_icsd_427778_Bi_Cs_Ba_Sn,-3.368226286,-3.85177803,0.483551744,-3.36822629,-3.085137367,0.283088923,-3.368226286,-53.7
POSCAR_a3b1c2c2_62_Ba2Cd2K1Sb3_icsd_420620_P_Na_Cd_Cd,-2.75783302,-2.760680199,0.002847179,-2.757833004,-2.765877724,0.00804472,-2.75783302,-53.6
POSCAR_a2b1b2d1_72_Al1As2K2Na1_icsd_073280_Li_Rb_Bi_Ga,-2.872328008,-3.482443333,0.610115325,-2.872328043,-2.75514102,0.117187023,-2.872328008,-53.5
POSCAR_a7c12c2_174_Mn12P7Yb2_icsd_602711_P_Ge_Sr,-4.678189126,-5.881184578,1.202995452,-4.678189278,-3.904016495,0.774172783,-4.678189126,-53.3
POSCAR_a2c1d2_194_Ca1In2P2_icsd_260562_Sb_Mg_Ga,-3.295428519,-3.352077961,0.056649442,-3.295428514,-3.083456993,0.211971521,-3.295428519,-53.1
POSCAR_a6b2b8e2_14_K2Na8Sb6Sn2_icsd_057400_As_Rb_Ge_Li,-3.477285871,-8.350661278,4.873375407,-3.477285862,-3.349938154,0.127347708,-3.477285871,-53.1
POSCAR_a4b3b6d1_194_Cs6Ga1K3Sb4_icsd_300150_Rb_As_K_Tl,-2.478368038,-5.540849686,3.062481648,-2.478368044,-2.989985228,0.511617184,-2.478368038,-52.8
POSCAR_a2b1c1e1_2_As2Cd1Ge1Rb1_icsd_291310_Sn_As_Li_Pb,-3.92742973,-4.993936539,1.066506809,-3.927429676,-3.034512758,0.892916918,-3.927429731,-52.6
POSCAR_a5c5d4_104_Ba5Bi5In4_icsd_054853_In_Sb_Ba,-3.583560461,-6.840332031,3.25677157,-3.583560467,-3.410703421,0.172857046,-3.583560461,-52.5
POSCAR_a2b1b2d1_72_Al1As2K2Na1_icsd_073280_Li_Na_Sb_Tl,-2.852021888,-3.520066738,0.66804485,-2.852021933,-2.489377022,0.362644911,-2.852021888,-52.2
POSCAR_a2c1d2_10_As2Ga2Sr1_icsd_422527_Cd_P_In,-3.42886248,-4.601630211,1.172767731,-3.428862572,-3.245999813,0.182862759,-3.42886248,-52
POSCAR_a2b1b2d1_64_As2In1K2Li1_icsd_402147_Rb_Li_Bi_Al,-3.015390914,-4.198406696,1.183015782,-3.015390873,-2.742287874,0.273102999,-3.015390914,-52
POSCAR_a4c3d2_15_Al2As4Sr3_icsd_423787_Cd_Bi_Tl,-2.565277869,-2.87945652,0.314178651,-2.565277815,-2.394661903,0.170615912,-2.565277869,-51.9
POSCAR_a2b1c1e1_2_As2Cd1Ge1Rb1_icsd_291310_Si_Sb_K_Sn,-3.93452555,-4.207837582,0.273312032,-3.93452549,-2.905093431,1.029432059,-3.934525551,-51.8
POSCAR_a3b2b3e1_64_K3Na2P3Sn1_icsd_050532_Li_Cs_Ge_P,-3.482299437,-6.662222862,3.179923425,-3.482299328,-3.543855429,0.061556101,-3.482299437,-51.6
POSCAR_a3b3d2_11_Al2As3K3_icsd_060950_P_Li_In,-3.772504218,-5.35494709,1.582442872,-3.77250433,-3.648912191,0.123592139,-3.772504218,-51.5
POSCAR_a3b3d2_64_As3In2K3_icsd_300199_Na_As_Al,-3.688249311,-6.111249924,2.423000613,-3.68824935,-3.111743689,0.576505661,-3.688249311,-51.4
POSCAR_a2b1c1e1_2_As2Cd1Ge1Rb1_icsd_291310_Ge_As_Li_Hg,-3.31221983,-4.249774456,0.937554626,-3.312219858,-2.891565323,0.420654535,-3.31221983,-51.1
POSCAR_a2b1c2_139_Cs1Mn2P2_icsd_095837_Rb_Sb_Ba,-3.208355676,-2.905928373,0.302427303,-3.208355665,-3.210346222,0.001990557,-3.208355676,-50.9
POSCAR_a2c1c1_62_Mn1Sb2Sr1_icsd_643539_Zn_Ca_Bi,-3.132603303,-2.935978413,0.19662489,-3.132603407,-2.807218075,0.325385332,-3.132603303,-50.8
POSCAR_a2c1c1c1_36_Ba1Cd1Sb2Yb1_icsd_422280_P_Sn_Pb_Be,-4.475420218,-3.812588692,0.662831526,-4.475419998,-3.911456585,0.563963413,-4.475420218,-50.5
POSCAR_a3b2b3e1_64_K3Na2P3Sn1_icsd_050532_Na_Li_Sn_P,-3.627653894,-7.110085487,3.482431593,-3.627653837,-3.514285803,0.113368034,-3.627653894,-50.5
POSCAR_a6b4b6e2_64_As6K6Na4Sn2_icsd_040560_Na_Li_P_Sn,-3.627576943,-7.169949532,3.542372589,-3.627576828,-3.521509409,0.106067419,-3.627576943,-50.4
POSCAR_a2b1c1e1_2_As2Cd1Ge1Rb1_icsd_291310_Pb_As_Li_Sn,-3.925058977,-5.088535309,1.163476332,-3.92505908,-3.038847446,0.886211634,-3.925058977,-50.2
POSCAR_a6b2b8e2_14_K2Na8Sb6Sn2_icsd_057400_P_Cs_Ge_Na,-3.300372091,-7.932154655,4.631782564,-3.300372124,-3.205051899,0.095320225,-3.300372091,-49.8
POSCAR_a1c1d1_62_Cd1Sb1Tl1_icsd_009572_P_Tl_Ge,-4.033598886,-4.131128788,0.097529902,-4.0335989,-3.52517128,0.50842762,-4.033598886,-49.4
POSCAR_a1d1_63_In1Sb1_icsd_156995_As_In,-3.719232648,-2.92462945,0.794603198,-3.719232559,-3.403396368,0.315836191,-3.719232648,-49.2
POSCAR_a1d1_25_In1Sb1_icsd_156995_As_In,-3.719232648,-2.92462945,0.794603198,-3.719232559,-3.403396368,0.315836191,-3.719232648,-49.2
POSCAR_a2b1c1e1_2_As2Cd1Ge1Rb1_icsd_291310_Si_Sb_Rb_Ge,-3.945588985,-4.42488575,0.479296765,-3.945589066,-3.036156654,0.909432412,-3.945588985,-49
POSCAR_a4b3b6d1_194_Cs6Ga1K3Sb4_icsd_300150_K_Bi_Na_Tl,-2.428403345,-5.254405022,2.826001677,-2.428403378,-2.960241795,0.531838417,-2.428403345,-48.6
POSCAR_a2c1c1c1_36_Ba1Cd1Sb2Yb1_icsd_422280_Bi_Sn_Ba_Cd,-3.363459598,-2.793608904,0.569850694,-3.363459587,-2.914349079,0.449110508,-3.363459598,-48.2
POSCAR_a3b3d2_11_Al2As3K3_icsd_060950_Bi_Na_Ga,-2.935712665,-3.883696556,0.947983891,-2.935712576,-2.657679319,0.278033257,-2.935712665,-47.9
POSCAR_a2c1d2_10_As2Ga2Sr1_icsd_422527_Zn_P_Ga,-3.736192782,-4.926552296,1.190359514,-3.736192703,-3.740987301,0.004794598,-3.736192782,-47.9
POSCAR_a2b1c1e1_2_As2Cd1Ge1Rb1_icsd_291310_Sn_Bi_Na_Sn,-3.540004724,-4.243063927,0.703059203,-3.54000473,-2.609263897,0.930740833,-3.540004724,-47.9
POSCAR_a2c1c1c1_36_Ba1Cd1Sb2Yb1_icsd_422280_P_Zn_Hg_Zn,-2.815295354,-2.544633627,0.270661727,-2.815295458,-2.770062447,0.045233011,-2.815295354,-47.7
POSCAR_a6c3e4_11_Ba3P6Si4_icsd_029261_P_Ge_Pb,-4.668395412,-6.34414959,1.675754178,-4.668395519,-3.965350389,0.70304513,-4.668395412,-46.9
POSCAR_a2b1c1e1_2_As2Cd1Ge1Rb1_icsd_291310_Ge_As_Li_Pb,-4.032018798,-5.122489929,1.090471131,-4.032018661,-3.122527838,0.909490823,-4.032018798,-46.7
POSCAR_a2c1_141_Bi2Eu1_icsd_150347_Sn_Sb,-4.06147076,-3.192861795,0.868608965,-4.061470985,-2.802938938,1.258532047,-4.06147076,-46.5
POSCAR_a2c1d2_194_Ca1In2P2_icsd_260562_P_Zn_Ga,-3.734529093,-3.487703085,0.246826008,-3.734529018,-3.779712439,0.045183421,-3.734529093,-46.3
POSCAR_a6b2c3c4_63_As6Ba4Cd3Li2_icsd_427778_Sb_Rb_Pb_Be,-3.377968988,-4.412070274,1.034101286,-3.377969027,-2.989012718,0.388956309,-3.377968988,-45.9
POSCAR_a3b1c2c2_62_Ba2Cd2K1Sb3_icsd_420620_Bi_Li_Sr_Pb,-3.5452718,-4.744137764,1.198865964,-3.545271873,-2.679267406,0.866004467,-3.5452718,-45.6
POSCAR_a4c3d2_62_Al2Ba3P4_icsd_423778_Bi_Pb_In,-3.616223686,-5.230782986,1.6145593,-3.616223574,-2.58812356,1.028100014,-3.616223686,-45.5
POSCAR_a2c1e1_225_Hg1P2Si1_icsd_247969_P_Ge_Pb,-4.666867868,-3.649722099,1.017145769,-4.666867733,-4.227237225,0.439630508,-4.666867868,-45.3
POSCAR_a4c3d2_58_Eu3In2P4_icsd_170634_Pb_Bi_In,-3.615908432,-3.748993874,0.133085442,-3.615908384,-2.805149555,0.810758829,-3.615908432,-45.2
POSCAR_a2c1c1_62_Mn1Sb2Sr1_icsd_643539_Mg_Zn_Sb,-2.864372871,-2.728065252,0.136307619,-2.864372969,-2.52529335,0.339079619,-2.864372871,-43.8
POSCAR_a4b3b6d1_194_Cs6Ga1K3Sb4_icsd_300150_Rb_P_Na_Tl,-2.631203288,-5.997786522,3.366583234,-2.631203175,-2.961638689,0.330435514,-2.631203288,-43.4
POSCAR_a2b2d1_14_As2Ga1K2_icsd_300142_Rb_Bi_Al,-3.041677628,-5.0685215,2.026843872,-3.041677713,-2.935876846,0.105800867,-3.041677628,-43.3
POSCAR_a3b2b3e1_62_K2Na3P3Si1_icsd_300203_Na_Cs_Ge_As,-3.089648742,-5.903512001,2.813863259,-3.089648724,-2.982545853,0.107102871,-3.089648742,-43.1
POSCAR_a3b1b4e1_14_K1Na4Sb3Sn1_icsd_054261_Li_Rb_Pb_Sb,-3.13296715,-5.540179729,2.407212579,-3.132967234,-2.73880434,0.394162894,-3.13296715,-43
POSCAR_a3b2d3_62_Ga3Na2Sb3_icsd_063617_P_In_Li,-3.763840161,-7.7550354,3.991195239,-3.763840199,-3.567156553,0.196683646,-3.763840161,-42.8
POSCAR_a2b2e1_72_As2Rb2Sn1_icsd_071223_P_Si_Cs,-4.073925257,-3.341985941,0.731939316,-4.073925495,-3.700179338,0.373746157,-4.073925257,-42.8
POSCAR_a4b3d3_52_As4Ga3K3_icsd_040206_Li_Sb_In,-3.257169322,-7.666808128,4.409638806,-3.257169247,-2.728313446,0.528855801,-3.257169322,-42.8
POSCAR_a3b4c1d1_7_Ca1Ga1Na4Sb3_icsd_291241_Bi_Ba_Tl_Li,-3.113183712,-6.310005188,3.196821476,-3.113183737,-2.692669153,0.420514584,-3.113183712,-41.6
POSCAR_a2c1e2_166_As2Sn2Sr1_icsd_611428_Hg_P_Pb,-3.50602536,-2.782307148,0.723718212,-3.506025314,-2.812884569,0.693140745,-3.50602536,-41.5
POSCAR_a3c3d1_62_Ca3In1P3_icsd_060125_Sb_Pb_Ga,-3.808642349,-4.850445271,1.041802922,-3.808642387,-2.793193817,1.01544857,-3.808642349,-41.4
POSCAR_a4b3b6d1_194_Cs6Ga1K3Sb4_icsd_300150_Cs_Bi_K_Tl,-2.304039922,-4.071584225,1.767544303,-2.304039955,-2.685747862,0.381707907,-2.304039922,-41.4
POSCAR_a1d1_186_In1Sb1_icsd_156995_Bi_Tl,-3.105043413,-2.838727713,0.2663157,-3.105043411,-3.210676432,0.105633021,-3.105043413,-41
POSCAR_a2c1c2_72_As2Ba2Zn1_icsd_421423_Mg_P_Ca,-4.286704353,-3.773645401,0.513058952,-4.28670454,-4.283531189,0.003173351,-4.286704353,-40.1
POSCAR_a2b1b2d1_64_As2In1K2Li1_icsd_402147_Li_Li_Sb_Tl,-3.050151986,-5.457886696,2.40773471,-3.050152063,-2.553045511,0.497106552,-3.050151986,-39.7
POSCAR_a4b3c3d1_186_Al1Ca3Na3Sb4_icsd_291242_K_Cd_Tl_Bi,-2.329453279,-2.544466734,0.215013455,-2.32945323,-2.672484636,0.343031406,-2.329453279,-39.6
POSCAR_a2b1b2d1_64_As2In1K2Li1_icsd_402147_Cs_Li_Bi_Al,-2.98489902,-3.44883585,0.46393683,-2.984899044,-2.800762653,0.184136391,-2.98489902,-39.5
POSCAR_a2c1c1_62_Mn1Sb2Sr1_icsd_643539_Mg_Zn_P,-3.649956473,-3.758163452,0.108206979,-3.649956465,-3.357297182,0.292659283,-3.649956473,-38.5
POSCAR_a2e1_205_P2Si1_icsd_043098_As_Ge,-4.683339486,-6.115159035,1.431819549,-4.683339596,-3.56567502,1.117664576,-4.683339486,-38.3
POSCAR_a2b1b2d1_72_Al1As2K2Na1_icsd_073280_Li_Cs_Bi_Al,-2.983280279,-2.938863039,0.04441724,-2.983280182,-2.853853464,0.129426718,-2.983280279,-37.8
POSCAR_a12b4c8d4_12_Al4Eu8Na4P12_icsd_409320_Be_Li_Tl_Sb,-3.265548721,-5.441635132,2.176086411,-3.265548706,-3.087470055,0.178078651,-3.265548721,-37.6
POSCAR_a2b2c1c1_26_Ba1Cd1K2Sb2_icsd_422272_Sb_K_Sr_Zn,-2.806440383,-3.351448774,0.545008391,-2.806440353,-3.199888229,0.393447876,-2.806440383,-37.5
POSCAR_a2b2d1_62_Ga1Rb2Sb2_icsd_300135_Bi_Li_Ga,-3.28416167,-7.201025009,3.916863339,-3.284161568,-2.895214081,0.388947487,-3.28416167,-37.4
POSCAR_a4b3c3d1_186_Al1Ca3Na3Sb4_icsd_291242_Cs_Pb_Al_Bi,-3.238084864,-3.307006359,0.068921495,-3.238084793,-2.712730885,0.525353908,-3.238084864,-36.9
POSCAR_a4b3b6d1_194_Cs6Ga1K3Sb4_icsd_300150_Li_Sb_Li_Tl,-3.046720738,-6.597366333,3.550645595,-3.046720743,-2.679036617,0.367684126,-3.046720738,-36.2
POSCAR_a12b7c12_12_Mn12Rb7Sb12_icsd_237459_P_Ca_Li,-4.169068649,-7.029669762,2.860601113,-4.169068813,-4.36542654,0.196357727,-4.169068649,-36
POSCAR_a3b4c1d1_7_Ca1Ga1Na4Sb3_icsd_291241_P_Sr_Ga_Li,-3.867755819,-9.944740295,6.076984476,-3.86775589,-3.84270525,0.02505064,-3.867755819,-35.7
POSCAR_a2c1c1c1_36_Ba1Cd1Sb2Yb1_icsd_422280_As_Sn_Sn_Cd,-3.622361273,-3.282865286,0.339495987,-3.622361183,-3.215941191,0.406419992,-3.622361273,-35.7
POSCAR_a3b4c1d1_7_Ca1Ga1Na4Sb3_icsd_291241_As_Mg_Tl_Na,-2.924380233,-6.704088211,3.779707978,-2.924380302,-2.956540108,0.032159806,-2.924380233,-35.3
POSCAR_a3b1c2c2_62_Ba2Cd2K1Sb3_icsd_420620_Bi_Cs_Si_Si,-4.106458415,-2.795400858,1.311057557,-4.106458187,-2.761660099,1.344798088,-4.106458415,-35.2
POSCAR_a2c1e1_225_Hg1P2Si1_icsd_247969_P_Ge_Ge,-4.819595836,-3.827457905,0.992137931,-4.819595814,-4.107263565,0.712332249,-4.819595836,-34.7
POSCAR_a2c1e2_105_As2Ba1Ge2_icsd_026417_P_Pb_Cd,-3.723997015,-3.745270014,0.021272999,-3.723997116,-3.054608107,0.669389009,-3.723997015,-34.6
POSCAR_a4b3b6d1_194_Cs6Ga1K3Sb4_icsd_300150_Rb_Bi_Rb_Tl,-2.271509742,-5.604188919,3.332679177,-2.271509647,-2.927073002,0.655563355,-2.271509742,-34.6
POSCAR_a3b3d2_64_As3In2K3_icsd_300199_Rb_Sb_Tl,-2.766180905,-6.192015648,3.425834743,-2.766180992,-2.754072905,0.012108087,-2.766180905,-34.4
POSCAR_a3b4c1d1_7_Ca1Ga1Na4Sb3_icsd_291241_Sb_Zn_Tl_K,-2.555441978,-6.693065643,4.137623665,-2.555442095,-2.981020212,0.425578117,-2.555441978,-34.2
POSCAR_a3b2b3e1_62_K2Na3P3Si1_icsd_300203_Cs_Cs_Pb_As,-2.778679597,-4.726648331,1.947968734,-2.778679609,-2.852583885,0.073904276,-2.778679597,-33.8
POSCAR_a6b4b6e2_64_As6K6Na4Sn2_icsd_040560_Cs_Li_P_Sn,-3.498925353,-7.27541256,3.776487207,-3.498925447,-3.715157032,0.216231585,-3.498925353,-33.6
POSCAR_a4c3d2_62_Al2Ba3P4_icsd_423778_P_Pb_In,-4.171446852,-8.085884094,3.914437242,-4.1714468,-3.755882502,0.415564298,-4.171446852,-33.4
POSCAR_a2b1b2d1_72_Al1As2K2Na1_icsd_073280_Li_Na_Bi_Al,-3.072767372,-3.259758711,0.186991339,-3.072767258,-2.520351887,0.552415371,-3.072767372,-33.4
POSCAR_a6b2b8e2_14_K2Na8Sb6Sn2_icsd_057400_Bi_K_Pb_Li,-3.090381395,-4.178023815,1.08764242,-3.090381384,-2.604712725,0.485668659,-3.090381395,-33
POSCAR_a3d1e1_62_Al1P3Si1_icsd_010032_Bi_Ge_In,-3.766863867,-3.826124191,0.059260324,-3.766863823,-3.165578365,0.601285458,-3.766863868,-32.8
POSCAR_a1d1_186_In1Sb1_icsd_156995_P_In,-4.024492458,-3.059649229,0.964843229,-4.024492264,-4.221452236,0.196959972,-4.024492458,-32.7
POSCAR_a4b3c3d1_186_Al1Ca3Na3Sb4_icsd_291242_Rb_Hg_Tl_Bi,-2.170281871,-2.544466734,0.374184863,-2.170281887,-2.348413944,0.178132057,-2.170281871,-32.7
POSCAR_a2c1d2_194_Ca1In2P2_icsd_260562_As_Sr_Tl,-3.543779287,-3.446260452,0.097518835,-3.543779373,-3.445791721,0.097987652,-3.543779287,-32.4
POSCAR_a12b4c8d4_12_Al4Eu8Na4P12_icsd_409320_Ge_Li_Ga_Bi,-3.657551478,-4.371994972,0.714443494,-3.657551527,-2.884050846,0.773500681,-3.657551478,-32.4
POSCAR_a2b1c1e1_2_As2Cd1Ge1Rb1_icsd_291310_Si_As_Na_Si,-4.402848932,-4.687829971,0.284981039,-4.402848721,-3.076555014,1.326293707,-4.402848932,-32.2
POSCAR_a2c1c1c1_36_Ba1Cd1Sb2Yb1_icsd_422280_Bi_Sr_Mg_Hg,-2.701333713,-2.560370922,0.140962791,-2.701333761,-2.561032295,0.140301466,-2.701333713,-32.1
POSCAR_a3b2d3_62_Ga3Na2Sb3_icsd_063617_As_In_Li,-3.517609918,-7.68249321,4.164883292,-3.517609835,-3.048097372,0.469512463,-3.517609918,-32
POSCAR_a2b2c1c1_26_Ba1Cd1K2Sb2_icsd_422272_As_Rb_Hg_Ca,-2.805199218,-3.173348427,0.368149209,-2.805199146,-3.091733932,0.286534786,-2.805199218,-31.9
POSCAR_a3b1c2c2_62_Ba2Cd2K1Sb3_icsd_420620_Sb_K_Hg_Ge,-2.925917283,-2.545603752,0.380313531,-2.925917387,-2.727374792,0.198542595,-2.925917283,-31.6
POSCAR_a3b2b3e1_73_Bi3K3Na2Sn1_icsd_050534_Li_Li_Ge_P,-3.908896074,-8.16174221,4.252846136,-3.908895969,-3.683070421,0.225825548,-3.908896074,-31.2
POSCAR_a7b4c7_63_As7Rb4Zn7_icsd_237457_Be_Bi_Na,-3.189692086,-5.358122826,2.16843074,-3.18969202,-3.04132843,0.14836359,-3.189692086,-30
POSCAR_a6c2e3_62_Ba2Sb6Sn3_icsd_082529_Sb_Ba_Ge,-4.222577706,-6.186408997,1.963831291,-4.222577572,-3.267427444,0.955150128,-4.222577706,-29.8
POSCAR_a3b1b4e1_14_K1Na4Sb3Sn1_icsd_054261_Li_Cs_Sn_Bi,-3.099417469,-4.191239357,1.091821888,-3.099417448,-2.76942277,0.329994678,-3.099417469,-29.4
POSCAR_a6c3e4_11_Ba3P6Si4_icsd_029261_P_Pb_Cd,-3.718298273,-4.179610252,0.461311979,-3.718298197,-3.234839439,0.483458758,-3.718298273,-28.9
POSCAR_a6b2c3c4_63_As6Ba4Cd3Li2_icsd_427778_Bi_Rb_Cd_Sr,-2.591395335,-2.955354214,0.363958879,-2.591395378,-2.658585072,0.067189694,-2.591395335,-28.7
POSCAR_a2b2_14_As2Na2_icsd_421420_Na_Sb,-3.047373393,-3.714286327,0.666912934,-3.047373295,-2.45208025,0.595293045,-3.047373393,-28.6
POSCAR_a2b1e2_166_As2Na1Sn2_icsd_082366_Li_Bi_Ge,-3.788331284,-2.838160753,0.950170531,-3.78833127,-2.809491396,0.978839874,-3.788331284,-28.2
POSCAR_a5b11c2_2_Cd2K11Sb5_icsd_425646_Sb_Na_Hg,-2.373394954,-5.403909683,3.030514729,-2.373394966,-2.554015398,0.180620432,-2.373394954,-28.1
POSCAR_a2c1d2_10_As2Ga2Sr1_icsd_422527_Ba_P_Tl,-3.822731604,-5.200071335,1.377339731,-3.822731495,-3.990973949,0.168242454,-3.822731604,-27.9
POSCAR_a2c1c1_139_Ba1Bi2Mn1_icsd_615787_Hg_Sb_Cd,-2.249450625,-2.544466734,0.295016109,-2.249450684,-1.998112917,0.251337767,-2.249450625,-27.6
POSCAR_a2c1d2_62_Eu1Ga2Sb2_icsd_182776_Zn_Sb_Ga,-3.017412434,-3.81986022,0.802447786,-3.017412424,-2.900445461,0.116966963,-3.017412434,-27.3
POSCAR_a2c1c2_164_Ca1P2Zn2_icsd_619477_As_Cd_Sr,-3.426488284,-2.929315567,0.497172717,-3.4264884,-3.514281511,0.087793111,-3.426488284,-27.2
POSCAR_a4c1e3_62_Eu1Sb4Sn3_icsd_411250_Be_As_Sn,-4.239736161,-6.801708221,2.56197206,-4.23973608,-3.273690701,0.966045379,-4.239736161,-26.9
POSCAR_a2c1c1_129_Bi2Ca1Mn1_icsd_010454_Hg_Hg_Bi,-2.070395484,-2.544466734,0.47407125,-2.07039547,-1.904730201,0.165665269,-2.070395484,-26.5
POSCAR_a2b1c2_139_Cs1Mn2P2_icsd_095837_K_Bi_Ba,-3.110579348,-2.919161081,0.191418267,-3.110579252,-3.117930889,0.007351637,-3.110579348,-26.3
POSCAR_a2c1e1_122_As2Mg1Si1_icsd_182367_As_Sr_Si,-4.708195454,-3.575990677,1.132204777,-4.708195686,-3.66372323,1.044472456,-4.708195454,-26.3
POSCAR_a2c1c1c1_36_Ba1Cd1Sb2Yb1_icsd_422280_As_Ba_Be_Sn,-4.211049354,-3.809607506,0.401441848,-4.211049557,-3.830618382,0.380431175,-4.211049354,-26.1
POSCAR_a2c1e2_160_As2Sn2Sr1_icsd_611428_Mg_As_Si,-4.403080842,-2.994403601,1.408677241,-4.40308094,-3.164007187,1.239073753,-4.403080842,-25.7
POSCAR_a2c1c1_62_Mn1Sb2Sr1_icsd_643539_Sr_Ge_P,-4.650201211,-4.732986927,0.082785716,-4.650201321,-4.150300026,0.499901295,-4.650201211,-25.3
POSCAR_a6b2c3c4_63_As6Ba4Cd3Li2_icsd_427778_P_Na_Zn_Ca,-3.403117936,-4.99472332,1.591605384,-3.403117895,-3.474437714,0.071319819,-3.403117936,-24.9
POSCAR_a3c2c2_12_Eu2P3Zn2_icsd_426082_Sn_P_Ba,-4.532456327,-4.1448102,0.387646127,-4.532456398,-4.1031003,0.429356098,-4.532456327,-24.7
POSCAR_a2b2c1c1_26_Ba1Cd1K2Sb2_icsd_422272_As_Li_Sn_Hg,-3.179081835,-3.313249588,0.134167753,-3.179081917,-2.769943476,0.409138441,-3.179081835,-24.2
POSCAR_a2b2c1c1_26_Ba1Cd1K2Sb2_icsd_422272_P_Li_Sn_Sn,-4.080910843,-4.128083229,0.047172386,-4.080910683,-3.62907505,0.451835633,-4.080910843,-23.7
POSCAR_a3b3d2_11_Al2As3K3_icsd_060950_Bi_K_In,-2.915003156,-3.862279177,0.947276021,-2.915003061,-2.939078569,0.024075508,-2.915003156,-23.4
POSCAR_a4b3c3d1_186_Al1Ca3Na3Sb4_icsd_291242_Rb_Be_Tl_Bi,-2.814120284,-3.818159103,1.004038819,-2.814120293,-3.086879969,0.272759676,-2.814120284,-23.4
POSCAR_a1b1c1_129_Mn1Na1Sb1_icsd_060735_Cs_Zn_As,-2.652315257,-2.832653046,0.180337789,-2.65231514,-2.895572901,0.243257761,-2.652315257,-23.1
POSCAR_a3c3d2_12_Cd3Sb3Tl2_icsd_076500_As_In_Ca,-3.902676933,-4.575210094,0.672533161,-3.902676821,-3.821097612,0.081579209,-3.902676933,-22.8
POSCAR_a2b1c1e1_2_As2Cd1Ge1Rb1_icsd_291310_Ge_Sb_Rb_Si,-3.919210119,-4.888635635,0.969425516,-3.919210196,-3.043069124,0.876141072,-3.91921012,-22.6
POSCAR_a4b3d3_52_As4Ga3K3_icsd_040206_Li_Sb_Al,-3.614826659,-8.110215187,4.495388528,-3.614826679,-2.666712284,0.948114395,-3.614826659,-22.5
POSCAR_a3b3d2_11_Al2As3K3_icsd_060950_Sb_Na_Al,-3.291801658,-4.249030113,0.957228455,-3.291801691,-2.648509741,0.64329195,-3.291801658,-22.3
POSCAR_a2b1b2d1_64_As2In1K2Li1_icsd_402147_Li_Rb_Bi_In,-2.722259296,-4.680775642,1.958516346,-2.722259283,-2.69540453,0.026854753,-2.722259296,-21.6
POSCAR_a2b2c1c1_26_Ba1Cd1K2Sb2_icsd_422272_Bi_Rb_Sr_Hg,-2.473992228,-2.77061224,0.296620012,-2.473992109,-2.693762302,0.219770193,-2.473992228,-21.6
POSCAR_a2c1d2_10_As2Ga2Sr1_icsd_422527_Be_As_Tl,-3.571901042,-5.394863129,1.822962087,-3.571901083,-3.075284004,0.496617079,-3.571901042,-21.3
POSCAR_a6b7d3_2_As6Cs7In3_icsd_411989_Rb_As_In,-2.987485681,-6.257818222,3.270332541,-2.987485647,-2.997891188,0.010405541,-2.987485681,-21.1
POSCAR_a2b2c1c1_26_Ba1Cd1K2Sb2_icsd_422272_P_K_Cd_Ca,-3.195713196,-3.810780048,0.615066852,-3.195713282,-3.711370945,0.515657663,-3.195713196,-21.1
POSCAR_a3d1e1_62_Al1P3Si1_icsd_010032_Sb_Pb_In,-3.655658854,-4.164590836,0.508931982,-3.65565896,-2.828389883,0.827269077,-3.655658854,-21
POSCAR_a3b1c2c2_62_Ba2Cd2K1Sb3_icsd_420620_As_Rb_Hg_Hg,-2.047602774,-2.544466734,0.49686396,-2.047602892,-2.288344383,0.240741491,-2.047602774,-20.9
POSCAR_a3c2_13_As3Ca2_icsd_043876_Ge_P,-4.92430518,-12.82692528,7.9026201,-4.924304962,-4.075611591,0.848693371,-4.92430518,-20.4
POSCAR_a2b3d1_14_As2In1Na3_icsd_300139_Li_As_In,-3.505984564,-12.07629585,8.570311286,-3.505984545,-3.111572266,0.394412279,-3.505984564,-20.4
POSCAR_a2b2d1_14_As2Ga1K2_icsd_300142_K_P_Al,-3.844447899,-10.4377203,6.593272401,-3.844447851,-3.751613617,0.092834234,-3.8444479,-20.3
POSCAR_a2c1e2_105_As2Ba1Ge2_icsd_026417_Sb_Ge_Pb,-4.136853367,-4.319697857,0.18284449,-4.136853218,-3.016129494,1.120723724,-4.136853367,-20.2
POSCAR_a2b2d1_14_As2Ga1K2_icsd_300142_Na_Sb_Tl,-2.843507366,-5.712495327,2.868987961,-2.84350729,-2.535045147,0.308462143,-2.843507366,-20
POSCAR_a6c5e2_55_As6Eu5Sn2_icsd_262647_Sn_Sb_Sn,-4.01538029,-5.112922668,1.097542378,-4.015380383,-2.915602684,1.099777699,-4.01538029,-19.7
POSCAR_a1b1e1_186_Li1Sb1Sn1_icsd_603169_P_Si_Cs,-4.050378568,-4.259275913,0.208897345,-4.050378799,-3.48374176,0.566637039,-4.050378568,-19.3
POSCAR_a12b7c12_12_Mn12Rb7Sb12_icsd_237459_P_Mn_Rb,-4.726309673,-8.645188332,3.918878659,-4.726309776,-4.953602791,0.227293015,-4.726309673,-19.2
POSCAR_a2b1b2d1_64_As2In1K2Li1_icsd_402147_Na_Cs_Bi_In,-2.462145931,-3.621979713,1.159833782,-2.462146044,-2.635682106,0.173536062,-2.462145931,-19
POSCAR_a4b3c3d1_186_Al1Ca3Na3Sb4_icsd_291242_Cs_Sr_Al_Sb,-3.188984012,-5.415538788,2.226554776,-3.188983917,-3.077962399,0.111021518,-3.188984012,-18.4
POSCAR_a2b2d1_14_As2Ga1K2_icsd_300142_Li_As_Ga,-3.673319589,-9.708180428,6.034860839,-3.673319578,-3.261870623,0.411448955,-3.673319589,-18.1
POSCAR_a4b6d1_15_Na6Sb4Tl1_icsd_096942_P_Tl_Na,-3.161477402,-10.02022362,6.858746218,-3.161477327,-3.154191971,0.007285356,-3.161477402,-17.7
POSCAR_a2c1d2_11_Ba1In2P2_icsd_260564_P_Cd_In,-3.394109495,-4.632764339,1.238654844,-3.394109488,-3.27619648,0.117913008,-3.394109495,-17.3
POSCAR_a4c3d2_62_Al2Ba3P4_icsd_423778_Bi_Ge_Al,-3.998221583,-4.924900055,0.926678472,-3.998221636,-2.750488758,1.247732878,-3.998221583,-17.3
POSCAR_a4b3c3d1_186_Al1Ca3Na3Sb4_icsd_291242_K_Be_Al_As,-3.610906235,-5.843251228,2.232344993,-3.610906124,-3.804484606,0.193578482,-3.610906235,-17.3
POSCAR_a6c6e2_14_Ba6P6Sn2_icsd_035342_P_Si_Pb,-5.011627048,-6.469643116,1.458016068,-5.011627197,-3.457032442,1.554594755,-5.011627048,-17.2
POSCAR_a2c2e1_14_As2Ba2Ge1_icsd_035151_P_Pb_Ge,-4.63858922,-5.862520218,1.223930998,-4.638589382,-3.839411259,0.799178123,-4.63858922,-17.1
POSCAR_a4c2c3_64_Ba2Bi4Cd3_icsd_416446_Sn_Mg_Bi,-3.448886314,-3.445572615,0.003313699,-3.448886395,-2.892791986,0.556094409,-3.448886314,-17
POSCAR_a2c1e2_160_As2Sn2Sr1_icsd_611428_Ba_Sb_Pb,-3.975860038,-2.840777159,1.135082879,-3.975860119,-3.126721859,0.84913826,-3.975860038,-16.9
POSCAR_a2b2c1c1_26_Ba1Cd1K2Sb2_icsd_422272_As_Na_Hg_Sr,-2.852738038,-3.298696995,0.445958957,-2.852738142,-2.950952053,0.098213911,-2.852738038,-16.8
POSCAR_a2c1c1c1_36_Ba1Cd1Sb2Yb1_icsd_422280_P_Si_Ca_Pb,-4.74731872,-3.621872663,1.125446057,-4.747318745,-4.072610378,0.674708367,-4.74731872,-16.5
POSCAR_a3b4c1d1_7_Ca1Ga1Na4Sb3_icsd_291241_Sb_Cd_Al_Na,-2.789827645,-4.796115875,2.00628823,-2.789827585,-2.573042631,0.216784954,-2.789827645,-16.3
POSCAR_a3b1c2c2_62_Ba2Cd2K1Sb3_icsd_420620_Sb_K_Be_Hg,-2.631009027,-2.856468201,0.225459174,-2.631009102,-2.79010582,0.159096718,-2.631009027,-16.3
POSCAR_a9c5_43_Ba5P9_icsd_098667_As_Cd,-3.292125815,-4.997961521,1.705835706,-3.292125702,-2.713956356,0.578169346,-3.292125815,-16.2
POSCAR_a6c5e2_55_As6Eu5Sn2_icsd_262647_Ba_P_Ge,-4.713424239,-6.12812233,1.414698091,-4.713424206,-4.366350651,0.347073555,-4.713424239,-16.2
POSCAR_a2c1d2_166_As2Ca1Ga2_icsd_422526_Zn_As_In,-3.23638646,-2.971425772,0.264960688,-3.236386538,-2.916744709,0.319641829,-3.23638646,-16.2
POSCAR_a2c1d2_194_Ca1In2P2_icsd_260562_Sb_Ba_Ga,-3.717939269,-3.499025583,0.218913686,-3.717939377,-3.512744665,0.205194712,-3.717939269,-16.1
POSCAR_a2c1d2_11_Ba1In2P2_icsd_260564_Bi_Ba_In,-3.503180788,-4.103273392,0.600092604,-3.503180742,-3.077613592,0.42556715,-3.503180788,-15.6
POSCAR_a3b6d2_15_K6Sb3Tl2_icsd_093048_Bi_Tl_Li,-2.914891927,-7.374411583,4.459519656,-2.914891958,-2.510104179,0.404787779,-2.914891927,-15.5
POSCAR_a4c3d2_62_Al2Ba3P4_icsd_423778_P_Ge_Ga,-4.542036499,-9.991116524,5.449080025,-4.542036533,-3.95274806,0.589288473,-4.542036499,-14.8
POSCAR_a2c1_14_P2Sr1_icsd_429731_Sr_Sb,-3.886736291,-4.440954208,0.554217917,-3.886736393,-3.279951811,0.606784582,-3.886736291,-14.7
POSCAR_a6b2b8e2_14_K2Na8Sb6Sn2_icsd_057400_P_Na_Sn_Na,-3.337677299,-8.363209724,5.025532425,-3.33767724,-3.22876668,0.10891056,-3.337677299,-14.7
POSCAR_a4b4c3_71_Eu3Li4Sb4_icsd_428113_Ba_Bi_Li,-3.464083533,-3.469500065,0.005416532,-3.464083433,-3.150822163,0.31326127,-3.464083533,-14.6
POSCAR_a6c3e4_11_Ba3P6Si4_icsd_029261_As_Ge_Ca,-4.446290546,-6.318652153,1.872361607,-4.446290493,-3.86664772,0.579642773,-4.446290546,-14.3
POSCAR_a2c1c1_139_Ba1Bi2Mn1_icsd_615787_Mg_P_Cd,-3.480022328,-3.068507671,0.411514657,-3.48002243,-3.234774113,0.245248317,-3.480022328,-13.8
POSCAR_a6c6e2_14_Ba6P6Sn2_icsd_035342_As_Ba_Pb,-4.200017703,-7.237127304,3.037109601,-4.200017929,-3.969305515,0.230712414,-4.200017703,-13.4
POSCAR_a3c3d1_64_Al1Ba3Sb3_icsd_032728_Bi_Sn_Al,-3.849409286,-4.901932716,1.05252343,-3.849409342,-2.885338783,0.964070559,-3.849409286,-12.9
POSCAR_a3b1c4_123_As3Rb1Zn4_icsd_262038_Pb_Bi_Li,-3.549412801,-2.867316008,0.682096793,-3.549412727,-2.419057846,1.130354881,-3.549412801,-12.7
POSCAR_a3b4c1d1_7_Ca1Ga1Na4Sb3_icsd_291241_As_Ba_Tl_Na,-3.122232746,-7.835889816,4.71365707,-3.122232676,-3.011316776,0.1109159,-3.122232746,-12.7
POSCAR_a6b7c4_12_Bi6Eu4Li7_icsd_428116_Zn_As_Cs,-2.641473519,-3.41433835,0.772864831,-2.641473532,-2.936369419,0.294895887,-2.641473519,-12.2
POSCAR_a6c5e2_55_As6Eu5Sn2_icsd_262647_Sr_Sb_Sn,-3.912840031,-4.744872093,0.832032062,-3.912840128,-3.44102931,0.471810818,-3.912840031,-12.1
POSCAR_a6b2b8e2_14_K2Na8Sb6Sn2_icsd_057400_As_K_Ge_Li,-3.526406406,-8.500425339,4.974018933,-3.526406288,-3.220444679,0.305961609,-3.526406406,-11.4
POSCAR_a4b2c5_63_As4Rb2Zn5_icsd_250688_Mn_P_Na,-4.975219548,-9.874712944,4.899493396,-4.975219727,-5.070664406,0.095444679,-4.975219548,-11.3
POSCAR_a4b3b6d1_194_Cs6Ga1K3Sb4_icsd_300150_Li_P_Na_In,-3.227084014,-6.131605625,2.904521611,-3.227083921,-3.22283721,0.004246711,-3.227084014,-11.1
POSCAR_a3b2b3e1_64_K3Na2P3Sn1_icsd_050532_Li_Cs_Ge_As,-3.273721835,-6.760558128,3.486836293,-3.273721933,-3.202481747,0.071240186,-3.273721835,-10.9
POSCAR_a2b2d1_14_As2Ga1K2_icsd_300142_Li_Sb_Ga,-3.366448808,-8.537678719,5.171229911,-3.366448879,-2.831544638,0.534904241,-3.366448808,-10.8
POSCAR_a12c14e3_146_As12Sn3Sr14_icsd_195752_Ge_Sb_Pb,-4.127128338,-6.192652702,2.065524364,-4.127128124,-3.002656221,1.124471903,-4.127128338,-10.5
POSCAR_a6c3e4_11_Ba3P6Si4_icsd_029261_Sb_Pb_Zn,-3.271301753,-2.73986721,0.531434543,-3.271301746,-2.571138859,0.700162887,-3.271301753,-10.4
POSCAR_a6c5e2_55_As6Eu5Sn2_icsd_262647_Ge_As_Sn,-4.422356041,-6.16445446,1.742098419,-4.422356129,-3.446261644,0.976094485,-4.422356041,-10.2
POSCAR_a2c1e2_160_As2Sn2Sr1_icsd_611428_Pb_Sb_Sn,-3.998712492,-2.837997198,1.160715294,-3.99871254,-2.871625423,1.127087117,-3.998712492,-9.7
POSCAR_a6c3e4_11_Ba3P6Si4_icsd_029261_Sb_Sn_Mg,-3.548588338,-4.165514946,0.616926608,-3.548588276,-2.8059268,0.742661476,-3.548588338,-9.6
POSCAR_a2c2e1_14_As2Ba2Ge1_icsd_035151_P_Ge_Ba,-4.706730891,-7.263141632,2.556410741,-4.706730843,-4.227138996,0.479591847,-4.706730891,-9.5
POSCAR_a6b2b8e2_14_K2Na8Sb6Sn2_icsd_057400_As_Cs_Pb_Na,-2.964985324,-6.159041405,3.194056081,-2.964985371,-2.816824436,0.148160935,-2.964985324,-9.3
POSCAR_a3c2c2_12_Eu2P3Zn2_icsd_426082_Be_As_Ba,-4.227676423,-4.521930695,0.294254272,-4.227676392,-4.220420361,0.007256031,-4.227676423,-9.1
POSCAR_a2c1c1c1_36_Ba1Cd1Sb2Yb1_icsd_422280_As_Pb_Zn_Ge,-3.798564474,-3.389240742,0.409323732,-3.798564434,-2.969027758,0.829536676,-3.798564474,-9.1
POSCAR_a2b2d1_14_As2Ga1K2_icsd_300142_Li_Bi_Ga,-3.255696174,-6.815468788,3.559772614,-3.255696058,-2.807313681,0.448382377,-3.255696174,-8.9
POSCAR_a3b4c1d1_7_Ca1Ga1Na4Sb3_icsd_291241_Bi_Be_Tl_Li,-3.058304061,-5.674645424,2.616341363,-3.058304071,-2.718157291,0.34014678,-3.058304061,-8.8
POSCAR_a3b1b4e1_14_K1Na4Sb3Sn1_icsd_054261_Na_Cs_Sn_P,-3.256394751,-7.308757782,4.052363031,-3.256394863,-3.140524626,0.115870237,-3.256394751,-8.6
POSCAR_a4b4c3_71_Eu3Li4Sb4_icsd_428113_Ba_As_Li,-3.838059479,-4.139759541,0.301700062,-3.838059425,-3.808362961,0.029696464,-3.838059479,-8.3
POSCAR_a4b4_14_Rb4Sb4_icsd_280591_P_K,-3.668905349,-5.103270531,1.434365182,-3.668905258,-3.964783192,0.295877934,-3.668905349,-8.2
POSCAR_a1c1d1_62_Cd1Sb1Tl1_icsd_009572_Bi_Ga_Sr,-3.399022077,-3.831128836,0.432106759,-3.399022102,-3.118266582,0.28075552,-3.399022077,-8.2
POSCAR_a4c3d2_15_Al2As4Sr3_icsd_423787_Mg_Bi_Ga,-3.050672308,-3.175371647,0.124699339,-3.050672293,-2.703377724,0.347294569,-3.050672308,-8.2
POSCAR_a2b2d1_62_Ga1Rb2Sb2_icsd_300135_P_Li_Ga,-3.940370075,-10.43870258,6.498332505,-3.940370083,-3.990089655,0.049719572,-3.940370075,-7.7
POSCAR_a2c1c1_62_Mn1Sb2Sr1_icsd_643539_Hg_Mg_As,-2.939678729,-3.205829859,0.26615113,-2.939678669,-2.787483454,0.152195215,-2.939678729,-6.9
POSCAR_a2c1e2_166_As2Sn2Sr1_icsd_611428_Mg_Bi_Si,-3.91470026,-2.790330172,1.124370088,-3.91470027,-2.692853451,1.221846819,-3.91470026,-6.2
POSCAR_a3b3d2_64_As3In2K3_icsd_300199_Li_P_Al,-4.263575013,-7.296187401,3.032612388,-4.263575077,-3.462738752,0.800836325,-4.263575013,-6
POSCAR_a6b2c3c4_63_As6Ba4Cd3Li2_icsd_427778_Sb_Cs_Pb_Pb,-3.405217161,-3.862865925,0.457648764,-3.405217171,-2.638613701,0.76660347,-3.405217161,-5.6
POSCAR_a2b1c1e1_2_As2Cd1Ge1Rb1_icsd_291310_Si_Bi_Cs_Ge,-3.836674181,-2.691515684,1.145158497,-3.836674213,-2.788025618,1.048648595,-3.836674181,-5.5
POSCAR_a2c1d2_194_Ca1In2P2_icsd_260562_As_Mg_In,-3.525630509,-3.554735184,0.029104675,-3.525630474,-3.18586874,0.339761734,-3.525630509,-5.4
POSCAR_a2c1d2_194_Ca1In2P2_icsd_260562_As_Zn_In,-3.225133305,-3.350901127,0.125767822,-3.225133419,-2.928663015,0.296470404,-3.225133305,-5
POSCAR_a3b2b3e1_62_K2Na3P3Si1_icsd_300203_Li_Cs_Pb_P,-3.363267907,-6.472094536,3.108826629,-3.363267899,-3.662796259,0.29952836,-3.363267907,-5
POSCAR_a4b3b6d1_194_Cs6Ga1K3Sb4_icsd_300150_Li_P_Li_Ga,-3.593426047,-7.768546104,4.175120057,-3.593425989,-3.505045891,0.088380098,-3.593426047,-4.9
POSCAR_a2b1e2_166_As2Na1Sn2_icsd_082366_Li_Sb_Pb,-3.601421234,-2.807868958,0.793552276,-3.601421118,-2.410434246,1.190986872,-3.601421234,-4.7
POSCAR_a12b4c8d4_12_Al4Eu8Na4P12_icsd_409320_Hg_Li_In_As,-2.822520628,-5.67298317,2.850462542,-2.822520733,-2.624238253,0.19828248,-2.822520628,-4.6
POSCAR_a6c5d2_55_Ca5Ga2Sb6_icsd_036466_As_Mg_In,-3.524196517,-5.114146233,1.589949716,-3.524196625,-3.313398838,0.210797787,-3.524196517,-3.9
POSCAR_a3b2d3_62_Ga3Na2Sb3_icsd_063617_Bi_Ga_Li,-3.250542486,-6.69555378,3.445011294,-3.250542402,-2.823159456,0.427382946,-3.250542486,-3.7
POSCAR_a2c1c1_139_Ba1Bi2Mn1_icsd_615787_Be_As_Pb,-4.191528465,-3.447768688,0.743759777,-4.19152832,-3.757900953,0.433627367,-4.191528465,-3.6
POSCAR_a4c3d2_62_Al2Ba3P4_icsd_423778_As_Zn_Tl,-2.958687848,-6.739769936,3.781082088,-2.958687782,-2.821907043,0.136780739,-2.958687848,-3.4
POSCAR_a4c2c3_64_Ba2Bi4Cd3_icsd_416446_Si_Zn_Sb,-3.747543022,-2.544466734,1.203076288,-3.747543097,-2.635755301,1.111787796,-3.747543022,-3.3
POSCAR_a12c14e3_146_As12Sn3Sr14_icsd_195752_Sr_P_Sn,-4.43233295,-8.665757179,4.233424229,-4.432332993,-4.169953823,0.26237917,-4.43233295,-3.1
POSCAR_a2b1c1e1_2_As2Cd1Ge1Rb1_icsd_291310_Si_Sb_Na_Ge,-3.938525981,-4.117124081,0.1785981,-3.938525915,-2.824271917,1.114253998,-3.938525981,-3.1
POSCAR_a2b2_14_As2Na2_icsd_421420_Na_Bi,-2.983728649,-2.935162783,0.048565866,-2.983728647,-2.36828804,0.615440607,-2.983728649,-3
POSCAR_a4c3d2_58_Eu3In2P4_icsd_170634_Be_P_Ga,-4.404510973,-5.863369465,1.458858492,-4.404510975,-4.455010414,0.050499439,-4.404510973,-2.6
POSCAR_a2c1c1c1_36_Ba1Cd1Sb2Yb1_icsd_422280_P_Ca_Mg_Si,-4.529649383,-3.651753426,0.877895957,-4.529649258,-3.875187159,0.654462099,-4.529649383,-2.6
POSCAR_a2b2c1c1_26_Ba1Cd1K2Sb2_icsd_422272_P_Na_Hg_Sr,-3.03491691,-3.347933769,0.313016859,-3.034916878,-3.179321766,0.144404888,-3.03491691,-2.3
POSCAR_a6c5e2_55_As6Eu5Sn2_icsd_262647_Ca_As_Pb,-4.254260408,-5.464014053,1.209753645,-4.25426054,-3.928144693,0.326115847,-4.254260408,-2
POSCAR_a3b4c1d1_7_Ca1Ga1Na4Sb3_icsd_291241_Bi_Sr_Tl_Na,-2.79905959,-5.498908043,2.699848453,-2.799059629,-2.728587151,0.070472478,-2.79905959,-1.8
POSCAR_a2c1c1c1_36_Ba1Cd1Sb2Yb1_icsd_422280_P_Mg_Sn_Cd,-3.592142157,-3.222860575,0.369281582,-3.592142105,-3.415248156,0.176893949,-3.592142157,-1.4
POSCAR_a4c3d2_62_Al2Ba3P4_icsd_423778_Bi_Sn_Al,-3.837871554,-5.713327885,1.875456331,-3.837871552,-2.699737549,1.138134003,-3.837871554,-1.3
POSCAR_a4b3c3d1_186_Al1Ca3Na3Sb4_icsd_291242_Na_Cd_Ga_As,-2.789683675,-4.213457584,1.423773909,-2.78968358,-2.856323957,0.066640377,-2.789683675,-1.3
POSCAR_a3b1c4_166_As3Cd4Rb1_icsd_262037_Bi_Na_Mg,-2.736489085,-2.75138092,0.014891835,-2.736489058,-2.791196108,0.05470705,-2.736489085,-1.2
POSCAR_a5c1_11_P5Yb1_icsd_409180_Sb_Ba,-4.014492098,-4.573379517,0.558887419,-4.014492035,-2.974788189,1.039703846,-4.014492098,-1.1
POSCAR_a3b2b3e1_73_Bi3K3Na2Sn1_icsd_050534_Cs_Cs_Ge_As,-2.817996661,-4.892337322,2.074340661,-2.81799674,-2.969438553,0.151441813,-2.817996661,-0.5
POSCAR_a6c2e3_62_Ba2Sb6Sn3_icsd_082529_As_Mg_Pb,-3.892755497,-6.64208889,2.749333393,-3.892755508,-2.994977713,0.897777795,-3.892755497,-0.1
POSCAR_a3b2b3e1_64_K3Na2P3Sn1_icsd_050532_Li_Na_Sn_P,-3.576974474,-6.971577644,3.39460317,-3.576974392,-3.226351738,0.350622654,-3.576974474,0.2
POSCAR_a3b2b3e1_62_K2Na3P3Si1_icsd_300203_Cs_Cs_Si_As,-3.04317287,-5.151831627,2.108658757,-3.043172836,-2.971058369,0.072114467,-3.04317287,0.8
POSCAR_a8c11e2_139_Bi8Sn2Yb11_icsd_263134_Ge_Sb_Pb,-4.115594347,-7.879571915,3.763977568,-4.115594387,-3.011459351,1.104135036,-4.115594347,1.1
POSCAR_a12b4c8d4_12_Al4Eu8Na4P12_icsd_409320_Hg_Na_In_Sb,-2.420114334,-2.544466734,0.1243524,-2.420114279,-2.321911812,0.098202467,-2.420114334,1.3
POSCAR_a2c2d1_79_Sb2Tl1Zn2_icsd_076499_Bi_Al_Sr,-3.610355538,-3.224277258,0.38607828,-3.610355616,-3.133687496,0.47666812,-3.610355538,1.6
POSCAR_a6c6e2_14_Ba6P6Sn2_icsd_035342_P_Si_Sn,-4.999474106,-6.892720222,1.893246116,-4.999474049,-3.455966711,1.543507338,-4.999474106,1.6
POSCAR_a4b4_14_Rb4Sb4_icsd_280591_Bi_K,-2.90129877,-3.321052551,0.419753781,-2.901298761,-2.786518097,0.114780664,-2.90129877,1.7
POSCAR_a4c3d2_62_Al2Ba3P4_icsd_423778_Sb_Si_Tl,-3.951639197,-5.198046684,1.246407487,-3.951639175,-2.809448242,1.142190933,-3.951639197,1.8
POSCAR_a4b4c3_71_Eu3Li4Sb4_icsd_428113_Ba_P_Li,-4.058556098,-4.18603611,0.127480012,-4.05855608,-4.024466515,0.034089565,-4.058556098,2.7
POSCAR_a4b3c3d1_186_Al1Ca3Na3Sb4_icsd_291242_Na_Si_In_Bi,-3.507891237,-3.349939346,0.157951891,-3.507891178,-2.718707085,0.789184093,-3.507891237,3.1
POSCAR_a2c1c1_139_Ba1Bi2Mn1_icsd_615787_Sr_As_Hg,-3.185528076,-3.131321907,0.054206169,-3.18552804,-3.174985409,0.010542631,-3.185528076,3.2
POSCAR_a6b2c3c4_63_As6Ba4Cd3Li2_icsd_427778_As_K_Cd_Be,-2.978145327,-4.784873486,1.806728159,-2.978145361,-3.177684307,0.199538946,-2.978145327,3.6
POSCAR_a4c3_43_Eu3P4_icsd_631484_Ca_As,-4.449697941,-4.250288486,0.199409455,-4.449697971,-4.254293919,0.195404052,-4.449697941,3.7
POSCAR_a3b2b3e1_62_K2Na3P3Si1_icsd_300203_Li_Na_Ge_P,-3.684712724,-7.260379791,3.575667067,-3.684712648,-3.330530643,0.354182005,-3.684712724,3.7
POSCAR_a3b4c1d1_7_Ca1Ga1Na4Sb3_icsd_291241_As_Cd_Al_K,-2.975505864,-7.231179237,4.255673373,-2.975505829,-3.175077438,0.199571609,-2.975505864,3.7
POSCAR_a2c1e2_166_As2Sn2Sr1_icsd_611428_Ba_P_Si,-4.992780508,-3.064396858,1.92838365,-4.992780685,-3.538622856,1.454157829,-4.992780508,4
POSCAR_a6c5d2_55_Ca5Ga2Sb6_icsd_036466_Bi_Cd_Tl,-2.50937475,-2.554142475,0.044767725,-2.509374857,-2.348743439,0.160631418,-2.50937475,4
POSCAR_a3b1b4e1_14_K1Na4Sb3Sn1_icsd_054261_Na_K_Pb_P,-3.198072566,-7.666965485,4.468892919,-3.198072672,-3.106030703,0.092041969,-3.198072566,4
POSCAR_a4b3c3d1_186_Al1Ca3Na3Sb4_icsd_291242_Rb_Mg_Ga_Sb,-2.758744186,-3.700736523,0.941992337,-2.75874424,-3.120559692,0.361815452,-2.758744186,4.1
POSCAR_a4b3c3d1_186_Al1Ca3Na3Sb4_icsd_291242_Rb_Zn_Ga_Bi,-2.433245721,-2.808054447,0.374808726,-2.433245659,-2.796853781,0.363608122,-2.433245721,4.6
POSCAR_a3b4c1d1_7_Ca1Ga1Na4Sb3_icsd_291241_Bi_Mg_In_Na,-2.688425222,-4.331942558,1.643517336,-2.688425303,-2.656571627,0.031853676,-2.688425222,5.3
POSCAR_a6b4_69_K4P6_icsd_033260_Sb_Li,-3.464228996,-4.16855669,0.704327694,-3.464229107,-2.565021276,0.899207831,-3.464228996,5.9
POSCAR_a4b3b6d1_194_Cs6Ga1K3Sb4_icsd_300150_Cs_Bi_Na_Tl,-2.309435989,-2.845046282,0.535610293,-2.309436083,-2.523200035,0.213763952,-2.309435989,6.4
POSCAR_a9c11d1_45_Ca11In1Sb9_icsd_042371_As_Pb_Ga,-4.06438236,-7.895795822,3.831413462,-4.064382553,-2.979310989,1.085071564,-4.06438236,6.5
POSCAR_a2b4c1_12_Cd1K4P2_icsd_061084_Sb_K_Hg,-2.301184751,-2.742483616,0.441298865,-2.301184654,-3.039379597,0.738194943,-2.301184751,6.7
POSCAR_a3b4c1d1_7_Ca1Ga1Na4Sb3_icsd_291241_Bi_Hg_Al_Cs,-2.442003156,-2.544466734,0.102463578,-2.44200325,-2.507971287,0.065968037,-2.442003156,6.7
POSCAR_a9c11d1_45_Ca11In1Sb9_icsd_042371_As_Ba_Al,-4.239024074,-11.02233887,6.783314796,-4.239024162,-4.035197258,0.203826904,-4.239024074,7.5
POSCAR_a2c1c2_8_As2Ca2Cd1_icsd_422578_Ba_As_Pb,-4.17895759,-5.255886078,1.076928488,-4.178957462,-3.799486876,0.379470586,-4.17895759,7.6
POSCAR_a2b1c1e1_2_As2Cd1Ge1Rb1_icsd_291310_Sn_Bi_Li_Hg,-2.931340174,-2.544466734,0.38687344,-2.931340218,-2.295320034,0.636020184,-2.931340174,7.6
POSCAR_a3b1b4e1_14_K1Na4Sb3Sn1_icsd_054261_Na_Rb_Pb_As,-2.997898456,-6.236633301,3.238734845,-2.99789834,-2.818970203,0.178928137,-2.997898456,7.7
POSCAR_a4b3c3d1_186_Al1Ca3Na3Sb4_icsd_291242_Na_Zn_In_Bi,-2.521246476,-2.544466734,0.023220258,-2.521246433,-2.507335663,0.01391077,-2.521246476,8
POSCAR_a3b1b4e1_14_K1Na4Sb3Sn1_icsd_054261_Na_Cs_Pb_P,-3.132660706,-6.751939774,3.619279068,-3.132660627,-3.049262047,0.08339858,-3.132660706,8.1
POSCAR_a6b7d3_2_As6Cs7In3_icsd_411989_Cs_Sb_Tl,-2.701728128,-5.180614471,2.478886343,-2.701728106,-2.707178593,0.005450487,-2.701728128,8.6
POSCAR_a3d1e1_62_Al1P3Si1_icsd_010032_P_Pb_Al,-4.730166219,-5.676801682,0.946635463,-4.730166435,-3.849583387,0.880583048,-4.730166219,8.8
POSCAR_a2b1c1e1_2_As2Cd1Ge1Rb1_icsd_291310_Si_Bi_Cs_Ca,-3.57931146,-2.572688818,1.006622642,-3.579311371,-3.021317005,0.557994366,-3.57931146,9
POSCAR_a2b4c1_12_Cd1K4P2_icsd_061084_Sb_Na_Hg,-2.335921203,-2.702608109,0.366686906,-2.335921288,-2.524635315,0.188714027,-2.335921203,9.3
POSCAR_a8c11e2_139_Bi8Sn2Yb11_icsd_263134_Ca_As_Sn,-4.267709013,-9.410168648,5.142459635,-4.267708778,-3.978811741,0.288897037,-4.267709013,9.4
POSCAR_a3b2b3e1_73_Bi3K3Na2Sn1_icsd_050534_Na_Cs_Ge_As,-3.037188146,-5.577972889,2.540784743,-3.037188053,-3.050072193,0.01288414,-3.037188146,9.4
POSCAR_a6b2c3c4_63_As6Ba4Cd3Li2_icsd_427778_Sb_Li_Ca_Sr,-3.521368784,-5.12796545,1.606596666,-3.521368742,-3.594236851,0.072868109,-3.521368784,9.4
POSCAR_a3d1e1_62_Al1P3Si1_icsd_010032_As_Si_Ga,-4.544658422,-5.359571934,0.814913512,-4.544658184,-3.455661774,1.08899641,-4.544658422,9.6
POSCAR_a3b4c1d1_7_Ca1Ga1Na4Sb3_icsd_291241_Sb_Sr_Tl_Li,-3.196796047,-8.482111931,5.285315884,-3.19679594,-2.749580383,0.447215557,-3.196796047,9.8
POSCAR_a2c1c2_36_Eu2P2Zn1_icsd_426081_Ba_Bi_Ca,-3.714149526,-3.286281586,0.42786794,-3.714149475,-3.738981009,0.024831534,-3.714149526,9.9
POSCAR_a3b1c2c2_62_Ba2Cd2K1Sb3_icsd_420620_P_Na_Zn_Hg,-2.634309751,-2.544466734,0.089843017,-2.634309769,-2.698969364,0.064659595,-2.634309751,10.2
POSCAR_a3b1b4e1_14_K1Na4Sb3Sn1_icsd_054261_Li_K_Pb_Sb,-3.124315576,-6.297534943,3.173219367,-3.1243155,-2.817644596,0.306670904,-3.124315576,10.3
POSCAR_a2c1c2_72_As2Ba2Zn1_icsd_421423_Ca_As_Ge,-4.421481981,-3.915605307,0.505876674,-4.421482086,-3.77481699,0.646665096,-4.421481981,10.5
POSCAR_a12b7c12_12_Mn12Rb7Sb12_icsd_237459_As_Cd_K,-2.711897722,-3.983982086,1.272084364,-2.711897612,-2.961956024,0.250058412,-2.711897722,10.6
POSCAR_a8c1_2_Ba1P8_icsd_096544_Sb_Sn,-4.004195523,-5.600937843,1.59674232,-4.00419569,-2.589507341,1.414688349,-4.004195523,10.8
POSCAR_a3b1b4e1_14_K1Na4Sb3Sn1_icsd_054261_Na_Rb_Sn_As,-3.105650232,-6.689835548,3.584185316,-3.105650187,-2.91721344,0.188436747,-3.105650232,10.9
POSCAR_a3b2b3e1_64_K3Na2P3Sn1_icsd_050532_Na_Cs_Pb_As,-2.944661816,-5.242922783,2.298260967,-2.944661856,-2.847135782,0.097526074,-2.944661816,11
POSCAR_a4c3d2_58_Eu3In2P4_icsd_170634_Mg_As_Ga,-3.637704346,-4.698862076,1.06115773,-3.637704372,-3.508972883,0.128731489,-3.637704346,11.1
POSCAR_a2c1c1_62_Mn1Sb2Sr1_icsd_643539_Pb_Mg_P,-4.129862028,-4.006696701,0.123165327,-4.129861832,-4.228693485,0.098831653,-4.129862028,11.1
POSCAR_a1b1c1_33_As1Cd1Na1_icsd_009571_K_Bi_Sn,-3.315238703,-3.410995483,0.09575678,-3.315238714,-2.948144913,0.367093801,-3.315238703,11.2
POSCAR_a2b1c1e1_2_As2Cd1Ge1Rb1_icsd_291310_Si_Sb_K_Ba,-3.74597952,-4.464210033,0.718230513,-3.745979548,-3.259709358,0.48627019,-3.74597952,11.2
POSCAR_a6c3e4_11_Ba3P6Si4_icsd_029261_As_Ge_Zn,-3.757744492,-5.050813675,1.293069183,-3.757744551,-3.147461891,0.61028266,-3.757744492,11.5
POSCAR_a4b3c3d1_186_Al1Ca3Na3Sb4_icsd_291242_Rb_Mg_Al_As,-3.162053259,-4.334845543,1.172792284,-3.162053347,-3.225966215,0.063912868,-3.162053259,11.5
POSCAR_a12b4c8d4_12_Al4Eu8Na4P12_icsd_409320_Hg_Na_Ga_Sb,-2.458160163,-2.544466734,0.086306571,-2.458160162,-2.329926014,0.128234148,-2.458160163,11.8
POSCAR_a6b4_70_K4P6_icsd_033260_Sb_Li,-3.458224332,-3.891033411,0.432809079,-3.458224297,-2.556478739,0.901745558,-3.458224332,11.9
POSCAR_a2c1c1c1_36_Ba1Cd1Sb2Yb1_icsd_422280_Bi_Hg_Ca_Cd,-2.500737658,-2.54449296,0.043755302,-2.500737667,-2.386162758,0.114574909,-2.500737658,11.9
POSCAR_a2c1e2_160_As2Sn2Sr1_icsd_611428_Sr_Bi_Pb,-3.761542114,-2.846591711,0.914950403,-3.761542082,-2.839086533,0.922455549,-3.761542114,12
POSCAR_a3b2b3e1_64_K3Na2P3Sn1_icsd_050532_Na_Na_Sn_P,-3.31046461,-7.564477921,4.254013311,-3.310464621,-3.289809942,0.020654679,-3.31046461,12.5
POSCAR_a2b2c1c1_26_Ba1Cd1K2Sb2_icsd_422272_P_Rb_Mg_Hg,-2.647932427,-3.153709888,0.505777461,-2.647932529,-3.099617004,0.451684475,-2.647932427,12.5
POSCAR_a6b2b8e2_14_K2Na8Sb6Sn2_icsd_057400_P_K_Pb_Na,-3.189594482,-7.682021141,4.492426659,-3.189594507,-3.107085466,0.082509041,-3.189594482,12.5
POSCAR_a4b3d3_52_As4Ga3K3_icsd_040206_Li_Bi_Al,-3.445281888,-5.389814854,1.944532966,-3.445281982,-2.694580555,0.750701427,-3.445281888,12.8
POSCAR_a6b2b8e2_14_K2Na8Sb6Sn2_icsd_057400_P_Cs_Pb_Na,-3.127985875,-6.749419212,3.621433337,-3.127985954,-3.061053514,0.06693244,-3.127985875,12.8
POSCAR_a4b3b6d1_194_Cs6Ga1K3Sb4_icsd_300150_Rb_P_Cs_Tl,-2.456058014,-5.387872696,2.931814682,-2.456058025,-2.937481165,0.48142314,-2.456058014,12.9
POSCAR_a4c2e1_62_As4Cd2Ge1_icsd_042132_Pb_As_Zn,-3.579581502,-5.615840912,2.03625941,-3.579581499,-3.028778315,0.550803184,-3.579581502,13
POSCAR_a3b2b3e1_64_K3Na2P3Sn1_icsd_050532_Cs_Na_Ge_As,-3.032918051,-5.590151787,2.557233736,-3.032917976,-3.034622669,0.001704693,-3.032918051,13.7
POSCAR_a9c4c9_55_Bi9Cd4Sr9_icsd_058763_Ba_P_Sn,-4.493898671,-7.369905472,2.876006801,-4.493898869,-4.198396683,0.295502186,-4.493898671,13.9
POSCAR_a1b1_189_As1Cs1_icsd_412595_Li_Sb,-3.456026169,-7.967567444,4.511541275,-3.456026077,-2.610278845,0.845747232,-3.456026169,14.1
POSCAR_a3b2b3e1_73_Bi3K3Na2Sn1_icsd_050534_Cs_Cs_Si_As,-3.029818881,-4.340968132,1.311149251,-3.029818773,-2.971276522,0.058542251,-3.029818881,14.2
POSCAR_a1d1_44_As1Ga1_icsd_043950_Bi_Al,-3.71546116,-2.687556744,1.027904416,-3.715461254,-2.418831587,1.296629667,-3.71546116,14.5
POSCAR_a9c11d1_45_Ca11In1Sb9_icsd_042371_Sb_Ge_Al,-4.158893968,-6.968819618,2.80992565,-4.158894062,-3.045431137,1.113462925,-4.158893968,14.9
POSCAR_a2b2d1_62_Ga1Rb2Sb2_icsd_300135_P_Li_In,-3.705890658,-10.48751831,6.781627652,-3.705890656,-3.896888256,0.1909976,-3.705890658,15.1
POSCAR_a4b3b6d1_194_Cs6Ga1K3Sb4_icsd_300150_Li_Sb_K_Tl,-2.74650276,-6.758766174,4.012263414,-2.746502876,-2.934119701,0.187616825,-2.74650276,15.1
POSCAR_a6b4b6e2_64_As6K6Na4Sn2_icsd_040560_Cs_Li_As_Si,-3.477349235,-6.007872581,2.530523346,-3.477349281,-3.274987936,0.202361345,-3.477349235,15.6
POSCAR_a2c1c1_129_Bi2Ca1Mn1_icsd_010454_Zn_Cd_P,-3.130109729,-2.842048407,0.288061322,-3.130109787,-2.931604385,0.198505402,-3.130109729,15.7
POSCAR_a12c11c6_12_Eu11Sb12Zn6_icsd_419343_Ba_P_Pb,-4.41620455,-5.879180908,1.462976358,-4.416204453,-4.19134903,0.224855423,-4.41620455,15.9
POSCAR_a1b1e1_186_Li1Sb1Sn1_icsd_603169_Sb_Ge_Cs,-3.396640032,-5.640070915,2.243430883,-3.396640062,-3.015174866,0.381465196,-3.396640032,16.2
POSCAR_a3b2b3e1_64_K3Na2P3Sn1_icsd_050532_Rb_Li_Ge_P,-3.589141161,-7.446882248,3.857741087,-3.58914113,-3.795559645,0.206418515,-3.589141161,16.2
POSCAR_a9c7d4_59_Ba7Ga4Sb9_icsd_060583_As_Si_In,-4.368191979,-7.078302383,2.710110404,-4.368192196,-3.033770084,1.334422112,-4.368191979,16.5
POSCAR_a1b1c1_194_Hg1K1Sb1_icsd_056201_Sb_Na_Ca,-3.245986102,-3.051968813,0.194017289,-3.245985985,-3.266810894,0.020824909,-3.245986102,17
POSCAR_a6c5e2_55_As6Eu5Sn2_icsd_262647_Sr_As_Ge,-4.359500213,-6.045186043,1.68568583,-4.359500408,-4.078975201,0.280525207,-4.359500213,17.1
POSCAR_a6b7d3_2_As6Cs7In3_icsd_411989_K_P_In,-3.324882279,-9.145326614,5.820444335,-3.324882269,-3.625482082,0.300599813,-3.324882279,17.4
POSCAR_a6c3e4_11_Ba3P6Si4_icsd_029261_P_Sn_Ge,-4.61073196,-6.801192284,2.190460324,-4.610732079,-3.775741816,0.834990263,-4.61073196,17.5
POSCAR_a2c1c1_62_Mn1Sb2Sr1_icsd_643539_Sn_Sr_Sb,-3.883081962,-3.818897247,0.064184715,-3.883081913,-3.155277967,0.727803946,-3.883081962,17.6
POSCAR_a2c1e1_225_Hg1P2Si1_icsd_247969_P_Pb_Ba,-4.414440403,-3.503207207,0.911233196,-4.414440632,-4.218457699,0.195982933,-4.414440403,17.7
POSCAR_a1b1c1_194_Hg1K1Sb1_icsd_056201_Sb_K_Zn,-2.557730675,-2.805430651,0.247699976,-2.557730675,-3.004188538,0.446457863,-2.557730675,17.8
POSCAR_a6b2b8e2_14_K2Na8Sb6Sn2_icsd_057400_As_Rb_Sn_Na,-3.098588471,-6.766026497,3.667438026,-3.098588467,-2.913698912,0.184889555,-3.098588471,17.9
POSCAR_a1b1c1_62_Cd1Na1Sb1_icsd_012159_Rb_Sb_Pb,-3.247499658,-3.246006012,0.001493646,-3.247499704,-2.623984575,0.623515129,-3.247499658,18
POSCAR_a3b1b4e1_14_K1Na4Sb3Sn1_icsd_054261_Li_Cs_Ge_Sb,-3.229292661,-5.020945072,1.791652411,-3.229292631,-2.878281355,0.351011276,-3.229292661,18
POSCAR_a1b1c1_129_Mn1Na1Sb1_icsd_060735_K_Mg_As,-3.118255365,-3.163651943,0.045396578,-3.118255377,-3.229474068,0.111218691,-3.118255365,18.4
POSCAR_a2c1c2_36_Eu2P2Zn1_icsd_426081_Si_As_Ba,-4.713445842,-3.686046124,1.027399718,-4.713445663,-3.499794722,1.213650941,-4.713445842,18.4
POSCAR_a10c7_43_Cd7P10_icsd_200596_P_Ca,-4.799317559,-8.465595245,3.666277686,-4.79931736,-4.404542923,0.394774437,-4.799317559,18.8
POSCAR_a4b4_14_Rb4Sb4_icsd_280591_Sb_K,-2.989461414,-4.397555828,1.408094414,-2.989461422,-3.018931866,0.029470444,-2.989461414,18.9
POSCAR_a1c1d1_62_Cd1Sb1Tl1_icsd_009572_Bi_Tl_Zn,-2.549610696,-3.120621681,0.571010985,-2.549610615,-2.669406414,0.119795799,-2.549610696,18.9
POSCAR_a5c1_4_P5Yb1_icsd_409180_Sb_Be,-3.846466487,-4.647900581,0.801434094,-3.846466541,-2.598517179,1.247949362,-3.846466487,19.2
POSCAR_a1b1_189_As1Cs1_icsd_412595_K_Sb,-2.988904068,-6.528107643,3.539203575,-2.988903999,-2.957314968,0.031589031,-2.988904068,19.5
POSCAR_a1b1c1_129_Mn1Na1Sb1_icsd_060735_Na_Be_Sb,-3.200271052,-3.026858807,0.173412245,-3.20027113,-3.084769249,0.115501881,-3.200271052,19.6
POSCAR_a3b2b3e1_64_K3Na2P3Sn1_icsd_050532_Cs_Na_Ge_P,-3.230932541,-6.814031601,3.58309906,-3.230932474,-3.397104025,0.166171551,-3.230932541,19.7
POSCAR_a2c2e1_14_As2Ba2Ge1_icsd_035151_P_Ge_Sr,-4.605082639,-7.219181061,2.614098422,-4.605082512,-4.161785603,0.443296909,-4.605082639,19.8
POSCAR_a3b2b3e1_73_Bi3K3Na2Sn1_icsd_050534_Na_Cs_Pb_As,-2.935782426,-5.208939552,2.273157126,-2.935782433,-2.871231318,0.064551115,-2.935782426,19.9
POSCAR_a3b2b3e1_62_K2Na3P3Si1_icsd_300203_Li_Li_Sn_P,-3.748516309,-7.351663589,3.60314728,-3.748516321,-3.52611661,0.222399711,-3.748516309,20
POSCAR_a2b2c1c1_26_Ba1Cd1K2Sb2_icsd_422272_Sb_Na_Be_Zn,-2.834715365,-3.05992198,0.225206615,-2.834715366,-2.779898643,0.054816723,-2.834715365,20.3
POSCAR_a4c3d2_15_Al2As4Sr3_icsd_423787_Pb_P_Ga,-4.343373756,-5.228034019,0.884660263,-4.343373775,-3.850834846,0.492538929,-4.343373756,20.5
POSCAR_a6b4b6e2_64_As6K6Na4Sn2_icsd_040560_Na_K_P_Pb,-3.181232212,-7.354394913,4.173162701,-3.181232214,-3.258999348,0.077767134,-3.181232212,20.8
POSCAR_a4c1e3_62_Eu1Sb4Sn3_icsd_411250_Ba_Bi_Pb,-3.8491601,-3.696875334,0.152284766,-3.849160194,-3.004508495,0.844651699,-3.8491601,20.9
POSCAR_a4c3e2_4_Ba3P4Sn2_icsd_660381_As_Sr_Si,-4.660842445,-7.745961189,3.085118744,-4.660842419,-3.654248238,1.006594181,-4.660842445,21.1
POSCAR_a9c7d4_59_Ba7Ga4Sb9_icsd_060583_Bi_Mg_Ga,-3.021262553,-3.69383812,0.672575567,-3.021262646,-2.729742527,0.291520119,-3.021262553,21.2
POSCAR_a3d1e1_62_Al1P3Si1_icsd_010032_Sb_Ge_Ga,-3.909308253,-4.537406921,0.628098668,-3.909308195,-2.988703728,0.920604467,-3.909308253,21.3
POSCAR_a6c6e2_14_Ba6P6Sn2_icsd_035342_Sb_Sn_Sn,-3.974220055,-7.008907318,3.034687263,-3.974220037,-2.752534866,1.221685171,-3.974220055,21.5
POSCAR_a3b2b3e1_62_K2Na3P3Si1_icsd_300203_Li_Li_Pb_P,-3.725921697,-7.29662323,3.570701533,-3.725921631,-3.346725702,0.379195929,-3.725921697,21.5
POSCAR_a3b4c1d1_7_Ca1Ga1Na4Sb3_icsd_291241_As_Ba_Ga_Li,-3.636728054,-9.891970634,6.25524258,-3.636728048,-3.556122065,0.080605983,-3.636728054,21.9
POSCAR_a1d1_216_Al1Sb1_icsd_041994_Bi_Al,-3.708006994,-3.07351017,0.634496824,-3.708007097,-2.651725054,1.056282043,-3.708006994,22
POSCAR_a4b3c3d1_186_Al1Ca3Na3Sb4_icsd_291242_Na_Mg_Ga_Sb,-2.837637153,-4.348817825,1.511180672,-2.837637186,-2.785818577,0.051818609,-2.837637153,22.2
POSCAR_a3b1b4e1_14_K1Na4Sb3Sn1_icsd_054261_Li_Na_Sn_Sb,-3.191595556,-5.655364037,2.463768481,-3.191595554,-2.780872583,0.410722971,-3.191595556,22.2
POSCAR_a4c2e1_62_As4Cd2Ge1_icsd_042132_Sn_Sb_Mg,-3.516658504,-4.046252728,0.529594224,-3.516658545,-2.741805315,0.77485323,-3.516658504,22.4
POSCAR_a7b4c7_63_As7Rb4Zn7_icsd_237457_Pb_P_Li,-4.048620119,-6.415328979,2.36670886,-4.048620224,-3.559428453,0.489191771,-4.048620119,22.5
POSCAR_a2c1d2_14_As2Ba1Ga2_icsd_380478_Sb_Ca_Al,-3.861397702,-4.418373108,0.556975406,-3.861397743,-3.106061935,0.755335808,-3.861397702,23.2
POSCAR_a2c1d2_62_Eu1Ga2Sb2_icsd_182776_Mg_Bi_In,-3.009212911,-3.97900033,0.969787419,-3.009212971,-2.715083599,0.294129372,-3.009212912,23.3
POSCAR_a6b2b8e2_14_K2Na8Sb6Sn2_icsd_057400_As_Cs_Pb_K,-2.912343203,-7.382321358,4.469978155,-2.912343264,-3.071633816,0.159290552,-2.912343203,23.3
POSCAR_a5c5d4_104_Ba5Bi5In4_icsd_054853_Tl_Bi_Mg,-2.764360112,-3.844620705,1.080260593,-2.764360189,-2.535892963,0.228467226,-2.764360112,23.5
POSCAR_a4c3d2_58_Eu3In2P4_icsd_170634_Zn_As_Ga,-3.325283073,-4.286711693,0.96142862,-3.325283051,-3.166876078,0.158406973,-3.325283073,23.5
POSCAR_a2b1c1e1_2_As2Cd1Ge1Rb1_icsd_291310_Si_Bi_K_Pb,-3.741832058,-2.554494619,1.187337439,-3.741832018,-2.695902109,1.045929909,-3.741832058,23.7
POSCAR_a2b4c1_166_As2Cd1K4_icsd_300190_Li_Sb_Zn,-2.880285257,-2.884422541,0.004137284,-2.880285263,-2.702465296,0.177819967,-2.880285257,24
POSCAR_a1b1c1_62_Cd1Na1Sb1_icsd_012159_K_Sb_Ca,-3.201458031,-3.711114407,0.509656376,-3.201457977,-3.441786528,0.240328551,-3.201458031,24.2
POSCAR_a8c11e2_139_Bi8Sn2Yb11_icsd_263134_Ge_Bi_Pb,-4.102358187,-4.936618805,0.834260618,-4.102358341,-2.844988346,1.257369995,-4.102358187,24.3
POSCAR_a8b12d4_2_Cs12In4P8_icsd_300148_Na_As_Tl,-2.872664163,-9.01504612,6.142381957,-2.872664213,-2.84295845,0.029705763,-2.872664163,24.4
POSCAR_a1c1d1_62_Cd1Sb1Tl1_icsd_009572_Sb_Tl_Ge,-3.608989212,-3.716583967,0.107594755,-3.608989239,-2.843190432,0.765798807,-3.608989212,24.4
POSCAR_a2c1e2_166_As2Sn2Sr1_icsd_611428_Ca_As_Si,-4.755491106,-3.004633904,1.750857202,-4.755491257,-3.410979033,1.344512224,-4.755491106,24.6
POSCAR_a2c1c2_62_Ba1Sb2Zn2_icsd_032020_Sb_Ca_Mg,-3.455018536,-3.979842186,0.52482365,-3.45501852,-3.476179838,0.021161318,-3.455018536,24.7
POSCAR_a3b2b3e1_73_Bi3K3Na2Sn1_icsd_050534_Li_Na_Sn_As,-3.374426156,-6.372601509,2.998175353,-3.374426126,-2.869041443,0.505384683,-3.374426156,24.8
POSCAR_a1b1c1_33_As1Cd1Na1_icsd_009571_Cs_As_Ca,-3.263929026,-3.838736534,0.574807508,-3.263929129,-3.358612061,0.094682932,-3.263929026,25
POSCAR_a3b1b4e1_14_K1Na4Sb3Sn1_icsd_054261_K_Rb_Sn_P,-3.196919215,-8.36022377,5.163304555,-3.196919203,-3.394680262,0.197761059,-3.196919215,25.1
POSCAR_a1c1d1_62_Cd1Sb1Tl1_icsd_009572_As_In_Ba,-3.829785492,-4.111816406,0.282030914,-3.829785585,-3.689916372,0.139869213,-3.829785492,25.3
POSCAR_a2c1c2_72_As2Ba2Zn1_icsd_421423_Ba_As_Pb,-4.161209708,-3.505715609,0.655494099,-4.161209583,-3.285698652,0.875510931,-4.161209708,25.4
POSCAR_a2c1c1c1_36_Ba1Cd1Sb2Yb1_icsd_422280_As_Zn_Zn_Hg,-2.443462062,-2.779924393,0.336462331,-2.443462133,-2.464752674,0.021290541,-2.443462062,25.4
POSCAR_a1b1c1_62_Cd1Na1Sb1_icsd_012159_K_As_Sn,-3.587635755,-3.940290451,0.352654696,-3.587635756,-3.093851089,0.493784667,-3.587635755,25.5
POSCAR_a4c3e2_14_As4Ge2Sr3_icsd_016454_Sr_Pb_As,-4.123043684,-8.342615128,4.219571444,-4.123043537,-3.72556901,0.397474527,-4.123043684,25.7
POSCAR_a4c3d2_58_Eu3In2P4_icsd_170634_Zn_Sb_Tl,-2.751886837,-2.741618872,0.010267965,-2.751886845,-2.660939455,0.09094739,-2.751886837,25.8
POSCAR_a3b4c1d1_7_Ca1Ga1Na4Sb3_icsd_291241_As_Mg_In_Rb,-2.875649026,-5.942111015,3.066461989,-2.875648975,-3.008194208,0.132545233,-2.875649026,25.8
POSCAR_a4b6d1_15_Na6Sb4Tl1_icsd_096942_Sb_In_Li,-3.188441978,-7.546841621,4.358399643,-3.188441992,-2.63120079,0.557241202,-3.188441978,26
POSCAR_a3b2b3e1_73_Bi3K3Na2Sn1_icsd_050534_Rb_Cs_Ge_P,-3.132409888,-6.008306026,2.875896138,-3.132409811,-3.276778936,0.144369125,-3.132409888,26.1
POSCAR_a3b4c1d1_7_Ca1Ga1Na4Sb3_icsd_291241_Bi_Zn_Al_Na,-2.687785797,-2.986654282,0.298868485,-2.687785864,-2.618942738,0.068843126,-2.687785797,26.3
POSCAR_a3c1_2_As3Sr1_icsd_611440_Sn_Sb,-3.988131874,-3.136872292,0.851259582,-3.988131762,-2.703286648,1.284845114,-3.988131874,26.9
POSCAR_a4b3c3d1_186_Al1Ca3Na3Sb4_icsd_291242_Cs_Pb_Al_P,-3.83221313,-4.529541969,0.697328839,-3.832213163,-3.405727863,0.4264853,-3.83221313,26.9
POSCAR_a12c11c6_12_Eu11Sb12Zn6_icsd_419343_Be_As_Be,-4.13224312,-8.62957859,4.49733547,-4.132243156,-4.156857491,0.024614335,-4.13224312,27
POSCAR_a3b2b3e1_64_K3Na2P3Sn1_icsd_050532_K_Li_Sn_P,-3.526008844,-9.077601433,5.551592589,-3.526008844,-3.810477257,0.284468413,-3.526008844,27.5
POSCAR_a2b4c1_166_As2Cd1K4_icsd_300190_Cs_P_Hg,-2.424570306,-2.789835453,0.365265147,-2.424570322,-2.937180519,0.512610197,-2.424570306,27.6
POSCAR_a3b2b3e1_64_K3Na2P3Sn1_icsd_050532_Na_Cs_Sn_P,-3.220062572,-5.649309635,2.429247063,-3.220062494,-3.287045479,0.066982985,-3.220062572,27.7
POSCAR_a3c3d2_12_Cd3Sb3Tl2_icsd_076500_As_In_Ge,-4.036606698,-5.131175041,1.094568343,-4.036606789,-3.333175659,0.70343113,-4.036606698,28.1
POSCAR_a2c1c2_36_Eu2P2Zn1_icsd_426081_Be_As_Cd,-3.410113637,-3.679512262,0.269398625,-3.410113573,-3.504126072,0.094012499,-3.410113637,28.5
POSCAR_a3b2b3e1_62_K2Na3P3Si1_icsd_300203_K_Cs_Ge_As,-3.054154947,-6.424871445,3.370716498,-3.054154873,-3.132933378,0.078778505,-3.054154947,28.7
POSCAR_a1b1e1_186_Li1Sb1Sn1_icsd_603169_Sb_Ge_Rb,-3.400023902,-6.722637177,3.322613275,-3.400023937,-3.115230799,0.284793138,-3.400023903,28.8
POSCAR_a2c1d2_14_As2Ba1Ga2_icsd_380478_P_Sn_Tl,-3.852021951,-5.447275162,1.595253211,-3.852021933,-3.372009754,0.480012179,-3.852021951,28.9
POSCAR_a3b2b3e1_73_Bi3K3Na2Sn1_icsd_050534_Cs_Cs_Pb_As,-2.715967047,-5.44695425,2.730987203,-2.71596694,-2.899799824,0.183832884,-2.715967047,28.9
POSCAR_a6b2c3c4_63_As6Ba4Cd3Li2_icsd_427778_Bi_Cs_Si_Ca,-3.558868793,-2.544514894,1.014353899,-3.558868885,-2.908702612,0.650166273,-3.558868793,29.4
POSCAR_a5b7d2_11_Al2Na7Sb5_icsd_048168_K_Tl_P,-3.064496786,-7.924988747,4.860491961,-3.064496756,-3.463028431,0.398531675,-3.064496786,29.6
POSCAR_a5b7d2_11_Al2Na7Sb5_icsd_048168_Li_Ga_P,-3.903000454,-7.384195328,3.481194874,-3.903000355,-3.660557508,0.242442847,-3.903000454,29.7
POSCAR_a12c11c6_12_Eu11Sb12Zn6_icsd_419343_Si_P_Ba,-4.966984174,-6.049668312,1.082684138,-4.966984272,-3.778049231,1.188935041,-4.966984174,29.8
POSCAR_a2c1c2_8_As2Ca2Cd1_icsd_422578_Sn_Sb_Pb,-3.958815458,-4.406748295,0.447932837,-3.958815575,-2.692080736,1.266734839,-3.958815458,30.2
POSCAR_a2c1c1c1_36_Ba1Cd1Sb2Yb1_icsd_422280_P_Ca_Si_Hg,-3.989323942,-3.231126308,0.758197634,-3.989323854,-3.284572124,0.70475173,-3.989323942,30.4
POSCAR_a2b1c1e1_2_As2Cd1Ge1Rb1_icsd_291310_Si_Bi_Rb_Ge,-3.839263943,-3.443827391,0.395436552,-3.839263916,-2.821515083,1.017748833,-3.839263943,30.4
POSCAR_a7c1_14_Eu1P7_icsd_014226_Be_Bi,-3.814379403,-3.596733093,0.21764631,-3.814379454,-3.211560965,0.602818489,-3.814379403,30.6
POSCAR_a7e1_14_P7Pb1_icsd_427804_Sn_Sb,-3.98425548,-7.77938652,3.79513104,-3.984255552,-2.565294981,1.418960571,-3.98425548,30.7
POSCAR_a4b3b6d1_194_Cs6Ga1K3Sb4_icsd_300150_Li_Sb_Li_Ga,-3.13969943,-6.391278267,3.251578837,-3.139699459,-2.739910841,0.399788618,-3.13969943,30.9
POSCAR_a5b7d2_11_Al2Na7Sb5_icsd_048168_Li_Ga_As,-3.623834416,-7.874106407,4.250271991,-3.623834372,-3.174653769,0.449180603,-3.623834416,31.4
POSCAR_a4c2e1_62_As4Cd2Ge1_icsd_042132_Sn_Bi_Ba,-3.938937289,-3.979326248,0.040388959,-3.938937187,-3.220480919,0.718456268,-3.938937289,31.9
POSCAR_a6c3e4_11_Ba3P6Si4_icsd_029261_Bi_Pb_Mg,-3.392660167,-2.544466734,0.848193433,-3.392660141,-2.463883162,0.928776979,-3.392660167,32.5
POSCAR_a4b3b6d1_194_Cs6Ga1K3Sb4_icsd_300150_Li_Bi_K_Tl,-2.546699859,-5.663079262,3.116379403,-2.546699762,-2.799527168,0.252827406,-2.546699859,32.7
POSCAR_a4b3c3d1_186_Al1Ca3Na3Sb4_icsd_291242_Li_Zn_In_As,-3.037001798,-5.560770035,2.523768237,-3.037001848,-3.000110865,0.036890983,-3.037001798,32.9
POSCAR_a1b1c1_62_Cd1Na1Sb1_icsd_012159_Rb_Bi_Ca,-3.006897411,-3.238891363,0.231993952,-3.006897449,-3.18964839,0.182750941,-3.006897411,33
POSCAR_a1c1d1_62_Cd1Sb1Tl1_icsd_009572_Sb_Ga_Sr,-3.534877498,-3.750478983,0.215601485,-3.534877539,-3.344889402,0.189988137,-3.534877498,33
POSCAR_a12c11c6_12_Eu11Sb12Zn6_icsd_419343_Ba_Sb_Sn,-3.999102783,-4.78811264,0.789009857,-3.999102831,-3.61558485,0.383517981,-3.999102783,33.1
POSCAR_a3b4c1d1_7_Ca1Ga1Na4Sb3_icsd_291241_Bi_Cd_Al_Cs,-2.525834351,-2.544466734,0.018632383,-2.525834322,-2.582824707,0.056990385,-2.525834351,33.1
POSCAR_a3b2b3e1_62_K2Na3P3Si1_icsd_300203_Cs_Li_Ge_As,-3.229654724,-6.383158207,3.153503483,-3.229654789,-3.16956377,0.060091019,-3.229654724,33.1
POSCAR_a4b3c3d1_186_Al1Ca3Na3Sb4_icsd_291242_Li_Ge_Al_P,-4.33117694,-6.386388779,2.055211839,-4.331176758,-3.976883888,0.35429287,-4.33117694,33.1
POSCAR_a1b1c1_33_As1Cd1Na1_icsd_009571_Rb_Bi_Ca,-3.00657327,-3.240832567,0.234259297,-3.0065732,-3.186413765,0.179840565,-3.00657327,33.3
POSCAR_a9c7d4_59_Ba7Ga4Sb9_icsd_060583_Sb_Pb_Ga,-3.733352316,-6.951591492,3.218239176,-3.733352423,-2.926617622,0.806734801,-3.733352316,33.9
POSCAR_a2c1c2_62_Ba1Sb2Zn2_icsd_032020_Sb_Sn_Ca,-3.910770127,-4.337241173,0.426471046,-3.910770178,-3.12822175,0.782548428,-3.910770127,33.9
POSCAR_a2c1d2_194_Ca1In2P2_icsd_260562_P_Pb_Tl,-3.691921695,-3.405130148,0.286791547,-3.691921711,-3.614236593,0.077685118,-3.691921695,34.2
POSCAR_a2c1_7_As2Ba1_icsd_414139_Sb_Ca,-3.930459367,-4.206800938,0.276341571,-3.930459261,-3.244889736,0.685569525,-3.930459367,34.5
POSCAR_a2c1c1c1_36_Ba1Cd1Sb2Yb1_icsd_422280_As_Mg_Cd_Cd,-2.723430206,-3.007240534,0.283810328,-2.723430157,-2.760840416,0.037410259,-2.723430206,34.5
POSCAR_a6b2b8e2_14_K2Na8Sb6Sn2_icsd_057400_P_Li_Si_Li,-4.095905875,-7.157798767,3.061892892,-4.095905781,-3.521971226,0.573934555,-4.095905875,34.6
POSCAR_a3b1b4e1_62_As3Ge1K1Na4_icsd_300204_Li_Cs_Bi_Si,-3.321184974,-3.759759665,0.438574691,-3.321184874,-2.980547428,0.340637446,-3.321184974,34.8
POSCAR_a2b2d1_62_Ga1Rb2Sb2_icsd_300135_Sb_Li_Al,-3.557235759,-7.814781189,4.25754543,-3.557235718,-2.567694902,0.989540816,-3.557235759,35.1
POSCAR_a3b2b3e1_73_Bi3K3Na2Sn1_icsd_050534_Na_Rb_Sn_P,-3.230238082,-6.315555096,3.085317014,-3.230238199,-3.196901083,0.033337116,-3.230238082,35.1
POSCAR_a3c1_2_As3Sr1_icsd_611440_Sn_As,-4.405336948,-3.686898708,0.71843824,-4.405336857,-3.566874504,0.838462353,-4.405336948,35.4
POSCAR_a2b2e1_72_As2Rb2Sn1_icsd_071223_P_Sn_Rb,-3.702102158,-3.642104626,0.059997532,-3.702102184,-3.389682531,0.312419653,-3.702102158,35.4
POSCAR_a3b4c1d1_7_Ca1Ga1Na4Sb3_icsd_291241_P_Mg_Tl_K,-3.018203499,-8.605356216,5.587152717,-3.018203497,-3.537513494,0.519309997,-3.018203499,35.4
POSCAR_a1b1e1_186_Li1Sb1Sn1_icsd_603169_P_Ge_Rb,-3.855748688,-5.746193886,1.890445198,-3.855748653,-3.44677043,0.408978223,-3.855748688,35.6
POSCAR_a6b2b8e2_14_K2Na8Sb6Sn2_icsd_057400_As_Cs_Sn_Na,-3.070390055,-6.549133301,3.478743246,-3.070389986,-2.898443699,0.171946287,-3.070390055,36.1
POSCAR_a3b4c1d1_7_Ca1Ga1Na4Sb3_icsd_291241_As_Mg_In_Na,-3.046701244,-6.928420067,3.881718823,-3.046701193,-3.043385267,0.003315926,-3.046701244,36.4
POSCAR_a3b4c1d1_7_Ca1Ga1Na4Sb3_icsd_291241_P_Ba_Tl_Rb,-3.069637148,-7.235276222,4.165639074,-3.06963706,-3.234347582,0.164710522,-3.069637148,37.1
POSCAR_a2c1c1c1_36_Ba1Cd1Sb2Yb1_icsd_422280_P_Hg_Zn_Ge,-3.273160468,-2.900998831,0.372161637,-3.273160458,-3.094441414,0.178719044,-3.273160468,37.3
POSCAR_a2c1e2_105_As2Ba1Ge2_icsd_026417_As_Pb_Zn,-3.555129062,-3.755813599,0.200684537,-3.555129051,-2.614148617,0.940980434,-3.555129062,37.5
POSCAR_a4b3b6d1_194_Cs6Ga1K3Sb4_icsd_300150_Na_As_Cs_Tl,-2.374909075,-5.538896561,3.163987486,-2.374909163,-2.79953742,0.424628257,-2.374909075,37.9
POSCAR_a4b2c5_63_As4Rb2Zn5_icsd_250688_Zn_Sb_Rb,-2.476150557,-2.544466734,0.068316177,-2.476150513,-2.642613649,0.166463136,-2.476150557,38.1
POSCAR_a2b1c1e1_2_As2Cd1Ge1Rb1_icsd_291310_Pb_Bi_K_Ge,-3.547292485,-3.235509872,0.311782613,-3.547292471,-2.753574848,0.793717623,-3.547292485,38.6
POSCAR_a3b1c2c2_62_Ba2Cd2K1Sb3_icsd_420620_Bi_Li_Mg_Ge,-3.34042563,-3.443010092,0.102584462,-3.34042573,-2.760907173,0.579518557,-3.34042563,38.6
POSCAR_a3b6d1_2_As3Ga1Na6_icsd_300276_Li_Sb_Tl,-3.074798963,-8.624445915,5.549646952,-3.074799061,-2.638901234,0.435897827,-3.074798963,38.7
POSCAR_a2c1e1_122_As2Mg1Si1_icsd_182367_As_Ca_Si,-4.741221876,-3.510492563,1.230729313,-4.741221905,-3.459972382,1.281249523,-4.741221876,38.9
POSCAR_a3b2b3e1_64_K3Na2P3Sn1_icsd_050532_Na_Rb_Pb_P,-3.123209219,-5.970070839,2.84686162,-3.123209238,-3.04345727,0.079751968,-3.123209219,38.9
POSCAR_a3b2b3e1_73_Bi3K3Na2Sn1_icsd_050534_Na_Cs_Ge_P,-3.211736278,-6.043353081,2.831616803,-3.211736202,-3.419233561,0.207497359,-3.211736278,38.9
POSCAR_a2c2d1_79_Sb2Tl1Zn2_icsd_076499_P_Ga_Sn,-4.331579689,-3.89171958,0.439860109,-4.331579685,-3.628742218,0.702837467,-4.331579689,39
POSCAR_a4b3b6d1_194_Cs6Ga1K3Sb4_icsd_300150_Li_P_K_Tl,-2.929170822,-7.367106438,4.437935616,-2.929170847,-3.523640156,0.594469309,-2.929170822,39.2
POSCAR_a6b2b8e2_14_K2Na8Sb6Sn2_icsd_057400_P_Cs_Ge_K,-3.208008153,-8.734187126,5.526178973,-3.208008051,-3.590584278,0.382576227,-3.208008153,39.4
POSCAR_a3b6d1_2_As3Ga1Na6_icsd_300276_Li_Sb_In,-3.174570411,-8.580324173,5.405753762,-3.174570322,-2.730848789,0.443721533,-3.174570411,39.8
POSCAR_a6b2b8e2_14_K2Na8Sb6Sn2_icsd_057400_P_Rb_Sn_Rb,-3.09052563,-7.723905563,4.633379933,-3.090525627,-3.046030045,0.044495582,-3.09052563,39.9
POSCAR_a6b7c4_12_Bi6Eu4Li7_icsd_428116_Hg_Bi_K,-2.220168197,-2.544466734,0.324298537,-2.220168114,-2.57664156,0.356473446,-2.220168197,40
POSCAR_a2b1c1e1_2_As2Cd1Ge1Rb1_icsd_291310_Sn_Bi_Li_Ca,-3.546490368,-3.772998333,0.226507965,-3.546490431,-2.850956917,0.695533514,-3.546490368,40
POSCAR_a14c3_14_P14Sr3_icsd_042461_Pb_Sb,-3.964869042,-6.887845039,2.922975997,-3.964869022,-2.72302556,1.241843462,-3.964869042,40.1
POSCAR_a6b7c4_12_Bi6Eu4Li7_icsd_428116_Sr_Sb_Li,-3.471227616,-4.171242714,0.700015098,-3.471227646,-3.194131613,0.277096033,-3.471227616,40.3
POSCAR_a3b6d1_11_Al1Rb6Sb3_icsd_300217_Sb_Tl_Li,-3.072853281,-4.401755333,1.328902052,-3.072853327,-2.685361147,0.38749218,-3.072853281,40.7
POSCAR_a3b2b3e1_64_K3Na2P3Sn1_icsd_050532_Na_K_Sn_As,-3.128209873,-7.154144287,4.025934414,-3.128209829,-3.131640673,0.003430844,-3.128209873,40.7
POSCAR_a2b1c1e1_2_As2Cd1Ge1Rb1_icsd_291310_Sn_Sb_K_Si,-3.841958743,-4.568912506,0.726953763,-3.841958761,-2.928773642,0.913185119,-3.841958743,40.7
POSCAR_a2b1_227_Bi2Cs1_icsd_055070_Li_Bi,-3.338527612,-2.806556702,0.53197091,-3.338527679,-2.420771599,0.91775608,-3.338527612,41.5
POSCAR_a6b2b8e2_14_K2Na8Sb6Sn2_icsd_057400_P_K_Sn_K,-3.219469983,-9.323708534,6.104238551,-3.219470024,-3.454280376,0.234810352,-3.219469983,41.5
POSCAR_a4c3d2_15_Al2As4Sr3_icsd_423787_Ge_Bi_Al,-3.939318224,-3.671673536,0.267644688,-3.93931818,-2.964719772,0.974598408,-3.939318224,41.6
POSCAR_a3b4c1d1_7_Ca1Ga1Na4Sb3_icsd_291241_P_Ba_Al_Li,-4.004246766,-9.8770504,5.872803634,-4.004246712,-3.893161297,0.111085415,-4.004246766,41.7
POSCAR_a6b2b8e2_14_K2Na8Sb6Sn2_icsd_057400_P_Cs_Pb_K,-3.061355015,-8.077628136,5.016273121,-3.061355114,-3.399165154,0.33781004,-3.061355015,42.1
POSCAR_a3c3d1_62_Ca3In1P3_icsd_060125_P_Ge_Al,-4.860017325,-6.796378136,1.936360811,-4.8600173,-4.10094595,0.75907135,-4.860017325,42.2
POSCAR_a3b1c2c2_62_Ba2Cd2K1Sb3_icsd_420620_Bi_Na_Cd_Be,-2.678363457,-3.06704545,0.388681993,-2.678363562,-2.676777363,0.001586199,-2.678363457,42.2
POSCAR_a1b1c1_33_As1Cd1Na1_icsd_009571_Na_As_Ge,-3.699704858,-3.938756943,0.239052085,-3.699704885,-3.153290749,0.546414136,-3.699704858,42.4
POSCAR_a4b3c3d1_186_Al1Ca3Na3Sb4_icsd_291242_Li_Mg_Tl_Sb,-2.91680928,-4.285375118,1.368565838,-2.91680932,-2.729996204,0.186813116,-2.91680928,42.4
POSCAR_a1b1c1_62_Cd1Na1Sb1_icsd_012159_Na_Bi_Ba,-3.112566878,-3.418148756,0.305581878,-3.112566948,-3.117921114,0.005354166,-3.112566878,42.7
POSCAR_a4b3b6d1_194_Cs6Ga1K3Sb4_icsd_300150_Li_P_Na_Ga,-3.278130392,-6.256029129,2.977898737,-3.278130293,-3.247433186,0.030697107,-3.278130392,42.7
POSCAR_a1b1c1_186_Li1Sb1Zn1_icsd_042064_Sb_Pb_Cs,-3.206257547,-2.728818178,0.477439369,-3.206257582,-2.53656435,0.669693232,-3.206257547,43.2
POSCAR_a6c3e4_11_Ba3P6Si4_icsd_029261_As_Si_Sn,-4.684280687,-5.171073914,0.486793227,-4.684280872,-3.171840191,1.512440681,-4.684280687,43.4
POSCAR_a6c5e2_55_As6Eu5Sn2_icsd_262647_Sr_Sb_Pb,-3.82130032,-4.609949589,0.788649269,-3.821300268,-3.305170298,0.51612997,-3.82130032,43.4
POSCAR_a6b2b8e2_14_K2Na8Sb6Sn2_icsd_057400_As_Rb_Sn_K,-3.026255108,-7.141217232,4.114962124,-3.026255131,-3.157690525,0.131435394,-3.026255108,43.6
POSCAR_a6b7d3_2_As6Cs7In3_icsd_411989_Na_Bi_Ga,-2.844043222,-5.413184166,2.569140944,-2.844043255,-2.716341019,0.127702236,-2.844043222,43.7
POSCAR_a4b3b6d1_194_Cs6Ga1K3Sb4_icsd_300150_Na_Bi_K_Tl,-2.335679319,-5.312358379,2.97667906,-2.335679293,-2.785698652,0.450019359,-2.335679319,44.1
POSCAR_a3b2b3e1_73_Bi3K3Na2Sn1_icsd_050534_Na_Rb_Pb_P,-3.118041087,-5.945631027,2.82758994,-3.118041039,-3.071384192,0.046656847,-3.118041087,44.1
POSCAR_a9c4c9_55_Bi9Cd4Sr9_icsd_058763_Ba_As_Sn,-4.253482852,-7.708634377,3.455151525,-4.253482819,-3.979678154,0.273804665,-4.253482852,44.2
POSCAR_a3b2b3e1_64_K3Na2P3Sn1_icsd_050532_Na_Rb_Sn_As,-3.072285377,-5.789008141,2.716722764,-3.072285414,-2.952035904,0.12024951,-3.072285377,44.2
POSCAR_a5b7d2_11_Al2Na7Sb5_icsd_048168_Rb_In_As,-2.922101583,-5.816264153,2.89416257,-2.922101498,-2.943241835,0.021140337,-2.922101583,44.3
POSCAR_a6b4b6e2_64_As6K6Na4Sn2_icsd_040560_Na_Rb_As_Sn,-3.072261179,-5.800088882,2.727827703,-3.072261095,-2.947108746,0.125152349,-3.072261179,44.3
POSCAR_a2b2c1c1_26_Ba1Cd1K2Sb2_icsd_422272_P_Li_Ca_Be,-4.136736935,-4.228520393,0.091783458,-4.13673687,-4.178149223,0.041412353,-4.136736935,44.4
POSCAR_a1b1_123_As1Na1_icsd_182160_Rb_Bi,-2.77034173,-2.660847425,0.109494305,-2.770341635,-2.654380322,0.115961313,-2.77034173,44.7
POSCAR_a6b7c4_12_Bi6Eu4Li7_icsd_428116_Zn_Bi_K,-2.419387805,-2.780164242,0.360776437,-2.419387817,-2.807551861,0.388164044,-2.419387805,45
POSCAR_a4b3b6d1_194_Cs6Ga1K3Sb4_icsd_300150_Cs_Bi_Rb_Ga,-2.317861213,-4.047336102,1.729474889,-2.317861319,-2.727721453,0.409860134,-2.317861213,45.2
POSCAR_a3b2b3e1_62_K2Na3P3Si1_icsd_300203_Cs_Na_Ge_P,-3.205302734,-5.483885765,2.278583031,-3.205302715,-3.420280457,0.214977742,-3.205302734,45.3
POSCAR_a4b3b6d1_194_Cs6Ga1K3Sb4_icsd_300150_Rb_Sb_Rb_In,-2.384183783,-6.805168152,4.420984369,-2.384183884,-2.954761982,0.570578098,-2.384183783,45.4
POSCAR_a8b12d4_2_Cs12In4P8_icsd_300148_K_As_Tl,-2.824642825,-10.3131628,7.488519975,-2.824642897,-3.09583807,0.271195173,-2.824642825,45.7
POSCAR_a4b6d2_14_Al2Cs6P4_icsd_300131_K_As_Tl,-2.82438454,-10.25751781,7.43313327,-2.824384451,-3.107670546,0.283286095,-2.82438454,46
POSCAR_a2c1c2_164_Ca1P2Zn2_icsd_619477_As_Sn_Be,-4.166751536,-3.194865465,0.971886071,-4.166751385,-4.00722599,0.159525395,-4.166751536,46.1
POSCAR_a4c1e3_62_Eu1Sb4Sn3_icsd_411250_Ge_Sb_Ge,-4.233895449,-5.30820179,1.074306341,-4.233895302,-3.007902384,1.225992918,-4.233895449,46.1
POSCAR_a6b4b6e2_64_As6K6Na4Sn2_icsd_040560_Na_Li_As_Sn,-3.353141296,-6.922774315,3.569633019,-3.353141308,-2.991898537,0.361242771,-3.353141296,46.1
POSCAR_a2c1e2_166_As2Sn2Sr1_icsd_611428_Zn_As_Pb,-3.546408664,-2.84722805,0.699180614,-3.546408653,-2.639772415,0.906636238,-3.546408664,46.2
POSCAR_a3d1e1_62_Al1P3Si1_icsd_010032_Bi_Pb_Al,-3.771069404,-3.22919488,0.541874524,-3.771069288,-2.849447012,0.921622276,-3.771069404,46.5
POSCAR_a9c5_43_Ba5P9_icsd_098667_Sb_Mg,-3.297874915,-2.544466734,0.753408181,-3.297874928,-2.397927761,0.899947167,-3.297874915,46.7
POSCAR_a2b3d1_14_As2In1Na3_icsd_300139_Na_P_Tl,-3.097060559,-10.23444748,7.137386921,-3.097060442,-3.109531403,0.012470961,-3.097060559,46.8
POSCAR_a4c3e2_4_Ba3P4Sn2_icsd_660381_P_Pb_Pb,-4.316548033,-6.499738693,2.18319066,-4.316547871,-3.594237804,0.722310067,-4.316548033,46.9
POSCAR_a3b6d1_2_As3Ga1Na6_icsd_300276_Li_As_In,-3.438662732,-10.01635647,6.577693738,-3.438662767,-3.192943573,0.245719194,-3.438662732,47
POSCAR_a4c3d2_58_Eu3In2P4_icsd_170634_Cd_Sb_Tl,-2.651809933,-2.556326151,0.095483782,-2.651809931,-2.590130806,0.061679125,-2.651809933,47
POSCAR_a2b3d1_72_In1K3P2_icsd_300141_Bi_Rb_Tl,-2.506811808,-3.348417282,0.841605474,-2.506811857,-2.777929783,0.271117926,-2.506811808,47.5
POSCAR_a6b2b8e2_14_K2Na8Sb6Sn2_icsd_057400_As_Cs_Sn_K,-3.012239602,-7.414725304,4.402485702,-3.012239695,-3.168337345,0.15609765,-3.012239602,47.6
POSCAR_a3b2b3e1_62_K2Na3P3Si1_icsd_300203_Na_Rb_Sn_P,-3.217615689,-5.999212265,2.781596576,-3.217615604,-3.254557371,0.036941767,-3.217615689,47.8
POSCAR_a4b3b6d1_194_Cs6Ga1K3Sb4_icsd_300150_K_Bi_Li_Tl,-2.531229086,-5.097446918,2.566217832,-2.531229019,-2.864959717,0.333730698,-2.531229086,48.2
POSCAR_a3b2b3e1_62_K2Na3P3Si1_icsd_300203_Li_Rb_Pb_P,-3.381567617,-6.691803932,3.310236315,-3.381567717,-3.477579117,0.0960114,-3.381567617,48.3
POSCAR_a1b1e1_186_Li1Sb1Sn1_icsd_603169_As_Sn_Cs,-3.47565869,-5.015527725,1.539869035,-3.475658655,-2.956235409,0.519423246,-3.47565869,48.4
POSCAR_a2b3d1_14_As2In1Na3_icsd_300139_Rb_Bi_Tl,-2.505744915,-6.315718651,3.809973736,-2.505744934,-2.748269558,0.242524624,-2.505744915,48.6
POSCAR_a9c7d4_59_Ba7Ga4Sb9_icsd_060583_Sb_Zn_Tl,-2.728592863,-2.767568111,0.038975248,-2.728592873,-2.53168869,0.196904183,-2.728592863,49.1
POSCAR_a2c2e1_14_As2Ba2Ge1_icsd_035151_P_Sn_Si,-4.951963383,-4.650577545,0.301385838,-4.951963425,-3.564399958,1.387563467,-4.951963383,49.1
POSCAR_a6b4b6e2_64_As6K6Na4Sn2_icsd_040560_Rb_Li_P_Ge,-3.556254878,-8.24742794,4.691173062,-3.556254864,-3.728414774,0.17215991,-3.556254878,49.1
POSCAR_a4b3b6d1_194_Cs6Ga1K3Sb4_icsd_300150_Rb_Sb_K_Tl,-2.387196351,-6.635093689,4.247897338,-2.387196302,-3.008529425,0.621333123,-2.387196351,49.2
POSCAR_a6b7d3_2_As6Cs7In3_icsd_411989_Na_P_In,-3.366301725,-8.317570686,4.951268961,-3.366301775,-3.160920382,0.205381393,-3.366301725,49.3
POSCAR_a4c3e2_4_Ba3P4Sn2_icsd_660381_Sb_Ba_Pb,-3.909626817,-5.836486816,1.926859999,-3.909626722,-3.569005966,0.340620756,-3.909626817,49.3
POSCAR_a1b1c1_194_Hg1K1Sb1_icsd_056201_As_K_Zn,-2.807486603,-2.945788145,0.138301542,-2.807486534,-3.250867844,0.44338131,-2.807486603,49.3
POSCAR_a4b3b6d1_194_Cs6Ga1K3Sb4_icsd_300150_K_Sb_K_Tl,-2.44740218,-5.975260735,3.527858555,-2.447402239,-3.148878098,0.701475859,-2.44740218,49.3
POSCAR_a1b1c1_33_As1Cd1Na1_icsd_009571_Rb_Bi_Mg,-2.576118056,-2.796833038,0.220714982,-2.576117992,-2.895697594,0.319579602,-2.576118056,49.6
POSCAR_a6b2b8e2_14_K2Na8Sb6Sn2_icsd_057400_Sb_K_Sn_Li,-3.1616987,-5.731002331,2.569303631,-3.161698818,-2.911476374,0.250222444,-3.1616987,49.6
POSCAR_a3b1b4e1_14_K1Na4Sb3Sn1_icsd_054261_Li_K_Sn_Sb,-3.161186519,-5.973446846,2.812260327,-3.161186457,-2.908314943,0.252871514,-3.161186519,50.1
POSCAR_a2c1c1_129_Bi2Ca1Mn1_icsd_010454_Mg_Zn_Sb,-2.770320919,-2.567831755,0.202489164,-2.770320892,-2.483961582,0.28635931,-2.770320919,50.2
POSCAR_a3b1b4e1_14_K1Na4Sb3Sn1_icsd_054261_Rb_Rb_Pb_P,-2.975200064,-7.246136665,4.270936601,-2.975200176,-2.958464384,0.016735792,-2.975200064,50.2
POSCAR_a3b1b4e1_14_K1Na4Sb3Sn1_icsd_054261_Na_Cs_Si_P,-3.434581363,-7.884137154,4.449555791,-3.43458128,-3.155267715,0.279313565,-3.434581363,50.3
POSCAR_a6b2b8e2_14_K2Na8Sb6Sn2_icsd_057400_As_K_Pb_K,-2.942954041,-7.952015877,5.009061836,-2.942954063,-3.128366232,0.185412169,-2.942954041,50.3
POSCAR_a4b3b6d1_194_Cs6Ga1K3Sb4_icsd_300150_Rb_As_K_In,-2.545483824,-5.57498455,3.029500726,-2.545483828,-3.049742937,0.504259109,-2.545483824,50.3
POSCAR_a12c14e3_146_As12Sn3Sr14_icsd_195752_Sr_P_Pb,-4.342125879,-8.711679459,4.36955358,-4.342125893,-4.160570621,0.181555272,-4.342125879,50.8
POSCAR_a6c6d2_64_Ba6Ga2P6_icsd_402177_P_Pb_Ga,-4.31290175,-6.115039825,1.802138075,-4.312901974,-3.766662836,0.546239138,-4.31290175,51
POSCAR_a3b1c2c2_62_Ba2Cd2K1Sb3_icsd_420620_Bi_Li_Mg_Mg,-2.756759219,-2.544475079,0.21228414,-2.756759167,-2.681860924,0.074898243,-2.756759219,51
POSCAR_a2b1_227_Bi2Cs1_icsd_055070_Li_As,-3.802854378,-3.19655323,0.606301148,-3.8028543,-2.961536646,0.841317654,-3.802854378,51.1
POSCAR_a1b1c1_33_As1Cd1Na1_icsd_009571_Rb_Bi_Sr,-2.923024141,-3.338988543,0.415964402,-2.923024178,-3.071908951,0.148884773,-2.923024141,51.1
POSCAR_a2c1c2_139_Ba1Mn2P2_icsd_077668_P_Si_Cd,-4.219959588,-2.941620111,1.278339477,-4.219959736,-3.205120087,1.014839649,-4.219959588,51.2
POSCAR_a4b3b6d1_194_Cs6Ga1K3Sb4_icsd_300150_Na_Sb_Na_Tl,-2.52869609,-6.433777809,3.905081719,-2.52869606,-2.687754631,0.159058571,-2.52869609,51.2
POSCAR_a4c3e2_14_As4Ge2Sr3_icsd_016454_Ge_Ge_Sb,-4.228582956,-6.114728928,1.886145972,-4.228582859,-3.084399223,1.144183636,-4.228582956,51.4
POSCAR_a1d1_205_As1In1_icsd_041993_As_Tl,-3.392083123,-4.94560051,1.553517387,-3.392083168,-3.187104464,0.204978704,-3.392083123,51.9
POSCAR_a2c1c1c1_36_Ba1Cd1Sb2Yb1_icsd_422280_Sb_Sn_Be_Ba,-3.862161772,-3.341273785,0.520887987,-3.862161875,-3.472456455,0.38970542,-3.862161772,52
POSCAR_a4c3e2_14_As4Ge2Sr3_icsd_016454_Be_Sn_As,-4.16077569,-7.137500763,2.976725073,-4.160775661,-3.887187958,0.273587703,-4.16077569,52.1
POSCAR_a5b11c2_2_Cd2K11Sb5_icsd_425646_Bi_Li_Mg,-2.946286394,-3.833269119,0.886982725,-2.94628644,-2.525853872,0.420432568,-2.946286394,52.2
POSCAR_a4b3b6d1_194_Cs6Ga1K3Sb4_icsd_300150_K_Sb_Rb_In,-2.433238485,-5.69342041,3.260181925,-2.433238506,-3.133871794,0.700633288,-2.433238485,52.2
POSCAR_a2c1e2_160_As2Sn2Sr1_icsd_611428_Mg_As_Pb,-3.840368848,-2.910032749,0.930336099,-3.840368748,-2.926477432,0.913891316,-3.840368848,52.3
POSCAR_a6b2b8e2_14_K2Na8Sb6Sn2_icsd_057400_P_Cs_Si_Na,-3.432548269,-7.886754036,4.454205767,-3.432548285,-3.155478954,0.277069331,-3.432548269,52.4
POSCAR_a4b4c3_71_Eu3Li4Sb4_icsd_428113_Be_As_Li,-3.771362572,-4.233403206,0.462040634,-3.771362543,-3.490779161,0.280583382,-3.771362572,52.6
POSCAR_a6b2c3c4_63_As6Ba4Cd3Li2_icsd_427778_Bi_Cs_Sr_Ge,-3.314419847,-4.161826134,0.847406287,-3.314419746,-2.929674149,0.384745597,-3.314419847,52.6
POSCAR_a1b1c1_186_Li1Sb1Zn1_icsd_042064_Bi_Cd_Cs,-2.269307767,-2.622550488,0.353242721,-2.269307852,-2.673960209,0.404652357,-2.269307767,52.7
POSCAR_a2b3d1_14_As2In1Na3_icsd_300139_Li_As_Ga,-3.602337392,-11.97123909,8.368901698,-3.60233736,-3.240985394,0.361351966,-3.602337392,52.9
POSCAR_a2b3d1_72_In1K3P2_icsd_300141_As_Rb_In,-2.913352385,-3.697345734,0.783993349,-2.913352489,-2.954096317,0.040743828,-2.913352385,53
POSCAR_a4b3b6d1_194_Cs6Ga1K3Sb4_icsd_300150_Na_Bi_Na_Ga,-2.534216523,-5.401815414,2.867598891,-2.534216404,-2.736034393,0.201817989,-2.534216523,53
POSCAR_a3d5_140_In5Sb3_icsd_640434_Bi_Ga,-3.306949142,-4.759183884,1.452234742,-3.306949139,-3.115830898,0.191118241,-3.306949142,53.1
POSCAR_a2c1c1c1_36_Ba1Cd1Sb2Yb1_icsd_422280_Bi_Hg_Hg_Zn,-1.874131021,-2.544466734,0.670335713,-1.874130964,-1.860291362,0.013839602,-1.874131021,53.1
POSCAR_a2b1c1e1_2_As2Cd1Ge1Rb1_icsd_291310_Pb_Bi_Li_Pb,-3.561872021,-3.122539282,0.439332739,-3.561872005,-2.541306496,1.020565509,-3.561872021,53.1
POSCAR_a2c1d2_10_As2Ga2Sr1_icsd_422527_Mg_Sb_Tl,-2.976618314,-3.703416348,0.726798034,-2.97661829,-2.482906342,0.493711948,-2.976618314,53.2
POSCAR_a6b2b8e2_14_K2Na8Sb6Sn2_icsd_057400_As_Cs_Ge_K,-3.029544678,-7.783758163,4.754213485,-3.029544592,-3.250169039,0.220624447,-3.029544678,53.3
POSCAR_a4c3d2_58_Eu3In2P4_icsd_170634_Pb_Bi_Al,-3.76375222,-3.448546648,0.315205572,-3.763752222,-2.944695473,0.819056749,-3.76375222,53.8
POSCAR_a3b1b4e1_14_K1Na4Sb3Sn1_icsd_054261_K_Cs_Pb_Sb,-2.749432316,-7.66508007,4.915647754,-2.749432325,-3.036290169,0.286857844,-2.749432316,53.8
POSCAR_a6b4b6e2_64_As6K6Na4Sn2_icsd_040560_Rb_Rb_P_Sn,-3.076460835,-7.008552551,3.932091716,-3.076460838,-3.100770235,0.024309397,-3.076460835,53.9
POSCAR_a2c2d1_79_Sb2Tl1Zn2_icsd_076499_As_Ga_Si,-4.50022852,-3.674663544,0.825564976,-4.500228405,-3.183612108,1.316616297,-4.50022852,54
POSCAR_a2c1c1_62_Mn1Sb2Sr1_icsd_643539_Be_Mg_P,-4.294332561,-4.597532749,0.303200188,-4.294332504,-3.906222343,0.388110161,-4.294332561,54.2
POSCAR_a5b7d2_11_Al2Na7Sb5_icsd_048168_Li_In_Bi,-3.089620731,-4.85871315,1.769092419,-3.089620829,-2.606504917,0.483115912,-3.089620731,54.4
POSCAR_a4b3b6d1_194_Cs6Ga1K3Sb4_icsd_300150_Na_Bi_Cs_In,-2.388770113,-3.199517965,0.810747852,-2.388770103,-2.715116262,0.326346159,-2.388770113,54.4
POSCAR_a3b2b3e1_73_Bi3K3Na2Sn1_icsd_050534_Na_Rb_Sn_As,-3.061702078,-5.815458775,2.753756697,-3.061702013,-2.960027456,0.101674557,-3.061702078,54.8
POSCAR_a7c12c2_174_Mn12P7Yb2_icsd_602711_Sb_Ge_Ge,-4.224844708,-4.630246162,0.405401454,-4.224844933,-3.149579048,1.075265885,-4.224844708,55.2
POSCAR_a4b4c3_71_Eu3Li4Sb4_icsd_428113_Sr_As_Cs,-3.130183514,-3.743374825,0.613191311,-3.130183458,-3.270542145,0.140358687,-3.130183514,55.2
POSCAR_a1b1c1_194_Hg1K1Sb1_icsd_056201_Sb_Rb_Ba,-3.102147392,-2.94418478,0.157962612,-3.102147341,-3.296105623,0.193958282,-3.102147392,55.3
POSCAR_a9c11d1_45_Ca11In1Sb9_icsd_042371_Bi_Be_Ga,-3.437223413,-7.367227554,3.930004141,-3.437223434,-3.490741968,0.053518534,-3.437223413,55.4
POSCAR_a4c2c3_12_As4Ba3Zn2_icsd_424760_Sb_Sr_Mg,-3.355844769,-3.072571278,0.283273491,-3.355844736,-3.251734018,0.104110718,-3.355844769,55.5
POSCAR_a2c1e2_160_As2Sn2Sr1_icsd_611428_Sr_Bi_Ge,-3.957152636,-2.94575572,1.011396916,-3.957152605,-3.131745815,0.82540679,-3.957152636,55.7
POSCAR_a7c12c2_174_Mn12P7Yb2_icsd_602711_P_Si_Ge,-5.102039663,-4.567262173,0.53477749,-5.102039814,-3.330912828,1.771126986,-5.102039663,55.7
POSCAR_a9c7d4_59_Ba7Ga4Sb9_icsd_060583_Sb_Mg_In,-3.082587896,-4.893947601,1.811359705,-3.082587957,-2.785181046,0.297406911,-3.082587896,55.8
POSCAR_a2c1e1_225_Hg1P2Si1_icsd_247969_Sb_Pb_Hg,-2.937156514,-2.544466972,0.392689542,-2.937156439,-2.470577717,0.466578722,-2.937156514,56
POSCAR_a2c2e1_14_As2Ba2Ge1_icsd_035151_Sb_Pb_Sn,-3.932975233,-4.977947235,1.044972002,-3.932975292,-2.713968277,1.219007015,-3.932975233,56
POSCAR_a5c5d4_104_Ba5Bi5In4_icsd_054853_Tl_P_Pb,-3.669310213,-5.979694843,2.31038463,-3.669310331,-3.28203392,0.387276411,-3.669310213,56.8
POSCAR_a3b2b3e1_62_K2Na3P3Si1_icsd_300203_K_Rb_Sn_P,-3.165079334,-6.602806091,3.437726757,-3.165079355,-3.33217144,0.167092085,-3.165079334,56.9
POSCAR_a4b3b6d1_194_Cs6Ga1K3Sb4_icsd_300150_Rb_Bi_Rb_Ga,-2.328323645,-5.79857254,3.470248895,-2.328323603,-3.025959969,0.697636366,-2.328323645,57.2
POSCAR_a2c1c2_164_Ca1P2Zn2_icsd_619477_Bi_Mg_Ba,-3.252667662,-2.872383833,0.380283829,-3.252667665,-3.206834555,0.04583311,-3.252667662,57.3
POSCAR_a2b1c2_139_Cs1Mn2P2_icsd_095837_Li_Sb_Pb,-3.539079734,-2.804080963,0.734998771,-3.539079666,-2.748483896,0.79059577,-3.539079734,57.7
POSCAR_a3b2b3e1_64_K3Na2P3Sn1_icsd_050532_Na_Li_Pb_As,-3.279322244,-6.237361908,2.958039664,-3.279322147,-2.836176872,0.443145275,-3.279322244,57.7
POSCAR_a6c3e4_11_Ba3P6Si4_icsd_029261_As_Si_Pb,-4.644104341,-4.879818439,0.235714098,-4.644104481,-3.228868723,1.415235758,-4.644104341,57.9
POSCAR_a1b1c1_62_Cd1Na1Sb1_icsd_012159_Rb_Bi_Cd,-2.293248446,-2.625713587,0.332465141,-2.293248415,-2.568384647,0.275136232,-2.293248446,57.9
POSCAR_a3b2b3e1_64_K3Na2P3Sn1_icsd_050532_Na_Cs_Sn_As,-3.048571949,-5.460432053,2.411860104,-3.048572063,-2.914566755,0.134005308,-3.048571949,57.9
POSCAR_a8c11e2_139_Bi8Sn2Yb11_icsd_263134_Sn_As_Sn,-4.199296021,-9.336288452,5.136992431,-4.199295998,-3.17189908,1.027396918,-4.199296021,58
POSCAR_a1b1c1_194_Hg1K1Sb1_icsd_056201_Bi_Rb_Sn,-3.186506565,-2.816004515,0.37050205,-3.18650651,-2.826542377,0.359964133,-3.186506565,58.1
POSCAR_a6b4b6e2_64_As6K6Na4Sn2_icsd_040560_K_Na_P_Sn,-3.247875204,-8.118304253,4.870429049,-3.247875214,-3.434708834,0.18683362,-3.247875204,58.2
POSCAR_a2c1c2_72_As2Ba2Zn1_icsd_421423_Mg_P_Pb,-4.081955314,-3.213248968,0.868706346,-4.081955433,-3.628214836,0.453740597,-4.081955314,59
POSCAR_a4b3b6d1_194_Cs6Ga1K3Sb4_icsd_300150_K_As_K_Ga,-2.641352285,-7.375935555,4.73458327,-2.641352177,-3.162075996,0.520723819,-2.641352285,59.1
POSCAR_a2c1c2_36_Eu2P2Zn1_icsd_426081_Sn_Sb_Be,-3.834300264,-3.375746965,0.458553299,-3.83430028,-3.156107664,0.678192616,-3.834300264,59.6
POSCAR_a3b2b3e1_62_K2Na3P3Si1_icsd_300203_Na_K_Ge_P,-3.368902377,-7.326212883,3.957310506,-3.368902445,-3.481648922,0.112746477,-3.368902377,59.7
POSCAR_a3c3d2_12_Cd3Sb3Tl2_icsd_076500_P_Tl_Cd,-2.960349971,-3.654730558,0.694380587,-2.960350037,-2.979219198,0.018869161,-2.960349971,59.8
POSCAR_a4b6d2_14_Al2Cs6P4_icsd_300131_Cs_Bi_Tl,-2.480849321,-3.559715748,1.078866427,-2.480849266,-2.52452755,0.043678284,-2.480849321,60.1
POSCAR_a3b1c2c2_62_Ba2Cd2K1Sb3_icsd_420620_As_Li_Cd_Ca,-3.256413846,-5.490010262,2.233596416,-3.256413937,-3.224805593,0.031608344,-3.256413846,60.2
POSCAR_a3c3d1_64_Al1Ba3Sb3_icsd_032728_Sb_Be_In,-3.4684184,-5.974434853,2.506016453,-3.46841836,-3.474169731,0.005751371,-3.4684184,60.4
POSCAR_a2c1_141_Bi2Eu1_icsd_150347_Sn_Bi,-3.969395053,-3.089655399,0.879739654,-3.969395161,-2.87301755,1.096377611,-3.969395053,60.6
POSCAR_a3b3d2_11_Al2As3K3_icsd_060950_As_Li_Ga,-3.593996196,-5.219857693,1.625861497,-3.593996286,-3.197391987,0.396604299,-3.593996196,61.2
POSCAR_a4b3b6d1_194_Cs6Ga1K3Sb4_icsd_300150_Rb_Sb_Na_In,-2.479138649,-6.336573601,3.857434952,-2.479138613,-2.904122829,0.424984216,-2.479138649,61.4
POSCAR_a6c2e3_62_Ba2Sb6Sn3_icsd_082529_Sb_Pb_Pb,-3.891631027,-5.172733307,1.28110228,-3.891631126,-2.788421154,1.103209972,-3.891631027,61.7
POSCAR_a6b4b6e2_64_As6K6Na4Sn2_icsd_040560_Li_K_As_Sn,-3.338941889,-8.114868164,4.775926275,-3.338941813,-3.233814716,0.105127097,-3.338941889,61.7
POSCAR_a1b1c1_62_Cd1Na1Sb1_icsd_012159_Na_Sb_Pb,-3.252895838,-3.393323421,0.140427583,-3.252895832,-2.733334541,0.519561291,-3.252895838,62
POSCAR_a3d1e1_62_Al1P3Si1_icsd_010032_As_Pb_Ga,-4.008853631,-5.588289261,1.57943563,-4.008853436,-3.407282591,0.601570845,-4.008853631,62
POSCAR_a2b1c1e1_2_As2Cd1Ge1Rb1_icsd_291310_Si_As_Li_Ca,-4.195725548,-5.191696167,0.995970619,-4.195725441,-3.618858576,0.576866865,-4.195725548,62.2
POSCAR_a4b3c3d1_186_Al1Ca3Na3Sb4_icsd_291242_Cs_Cd_Ga_Bi,-2.311803034,-2.544466734,0.2326637,-2.311803102,-2.543217421,0.231414319,-2.311803034,62.2
POSCAR_a2c1e2_166_As2Sn2Sr1_icsd_611428_Ge_Sb_Sn,-4.090004432,-2.853948593,1.236055839,-4.090004444,-2.833345652,1.256658792,-4.090004432,62.3
POSCAR_a5b7d2_11_Al2Na7Sb5_icsd_048168_K_Ga_Bi,-2.75439771,-5.162812233,2.408414523,-2.754397631,-3.052296877,0.297899246,-2.75439771,62.4
POSCAR_a6b4b6e2_64_As6K6Na4Sn2_icsd_040560_K_K_P_Sn,-3.198296989,-9.160843849,5.96254686,-3.198297024,-3.641430855,0.443133831,-3.198296989,62.6
POSCAR_a3b2b3e1_64_K3Na2P3Sn1_icsd_050532_Na_Na_Sn_As,-3.115815126,-6.652635574,3.536820448,-3.115815163,-2.96086359,0.154951573,-3.115815126,62.6
POSCAR_a4b3b6d1_194_Cs6Ga1K3Sb4_icsd_300150_K_Bi_K_In,-2.435877186,-5.374313354,2.938436168,-2.435877085,-3.166918039,0.731040954,-2.435877186,62.9
POSCAR_a3b1b4e1_14_K1Na4Sb3Sn1_icsd_054261_Na_Cs_Sn_Sb,-2.862661518,-5.528643608,2.66598209,-2.8626616,-2.742751122,0.119910478,-2.862661518,63
POSCAR_a2b2d1_62_Ga1Rb2Sb2_icsd_300135_P_Li_Al,-4.194518312,-9.935110092,5.74059178,-4.194518089,-3.426780701,0.767737388,-4.194518312,63.1
POSCAR_a3b2b3e1_62_K2Na3P3Si1_icsd_300203_Li_Na_Pb_P,-3.441170939,-6.501616478,3.060445539,-3.441170931,-3.449193716,0.008022785,-3.441170939,63.7
POSCAR_a2c1c1c1_36_Ba1Cd1Sb2Yb1_icsd_422280_Sb_Ba_Be_Zn,-3.258499826,-3.159643888,0.098855938,-3.258499861,-3.285102606,0.026602745,-3.258499826,63.7
POSCAR_a6b7c4_12_Bi6Eu4Li7_icsd_428116_Cd_Sb_Li,-2.761377708,-2.633635521,0.127742187,-2.761377811,-2.545694113,0.215683698,-2.761377708,64.1
POSCAR_a1b1c1_186_Li1Sb1Zn1_icsd_042064_Bi_Sr_K,-2.96597286,-2.981570721,0.015597861,-2.9659729,-3.165342569,0.199369669,-2.96597286,64.2
POSCAR_a3b1b4e1_14_K1Na4Sb3Sn1_icsd_054261_Li_Na_Ge_Sb,-3.237559276,-6.657674789,3.420115513,-3.237559319,-2.752618313,0.484941006,-3.237559276,64.4
POSCAR_a3b2b3e1_73_Bi3K3Na2Sn1_icsd_050534_Li_Na_Pb_P,-3.440228095,-6.331240654,2.891012559,-3.440227985,-3.13201189,0.308216095,-3.440228095,64.6
POSCAR_a2c1c1c1_36_Ba1Cd1Sb2Yb1_icsd_422280_Sb_Be_Cd_Zn,-2.69520253,-2.563131332,0.132071198,-2.695202589,-2.683952332,0.011250257,-2.69520253,64.8
POSCAR_a3b2b3e1_62_K2Na3P3Si1_icsd_300203_Li_Cs_Si_As,-3.427847135,-6.478631973,3.050784838,-3.427847147,-3.083726406,0.344120741,-3.427847135,65.1
POSCAR_a3b2b3e1_62_K2Na3P3Si1_icsd_300203_Li_Rb_Si_P,-3.715134218,-6.985974312,3.270840094,-3.715134144,-3.495692492,0.219441652,-3.715134218,65.2
POSCAR_a3b1c2c2_62_Ba2Cd2K1Sb3_icsd_420620_Bi_Na_Zn_Si,-3.155772279,-2.544466734,0.611305545,-3.155772209,-2.473371029,0.68240118,-3.155772279,65.4
POSCAR_a6b4b6e2_64_As6K6Na4Sn2_icsd_040560_Cs_Li_As_Sn,-3.264574985,-7.02984333,3.765268345,-3.264575005,-3.170494556,0.094080449,-3.264574985,65.5
POSCAR_a3b2b3e1_62_K2Na3P3Si1_icsd_300203_Rb_Rb_Si_P,-3.300364905,-6.00044632,2.700081415,-3.300364971,-3.088231564,0.212133407,-3.300364905,65.8
POSCAR_a2c1c2_36_Eu2P2Zn1_icsd_426081_Ca_Sb_Ba,-3.823097304,-3.392879486,0.430217818,-3.823097229,-3.745545149,0.07755208,-3.823097304,66
POSCAR_a3b2b3e1_64_K3Na2P3Sn1_icsd_050532_Cs_Li_Sn_As,-3.264028026,-7.096862793,3.832834767,-3.264028072,-3.150173187,0.113854885,-3.264028026,66
POSCAR_a6b4b6e2_64_As6K6Na4Sn2_icsd_040560_K_Li_Sb_Pb,-3.068546677,-6.076861858,3.008315181,-3.068546772,-2.850169182,0.21837759,-3.068546677,66
POSCAR_a1b1c1_186_Li1Sb1Zn1_icsd_042064_P_Si_Rb,-4.093830657,-3.071004391,1.022826266,-4.093830585,-3.114993811,0.978836774,-4.093830657,66.2
POSCAR_a3b4c1d1_7_Ca1Ga1Na4Sb3_icsd_291241_P_Ca_In_Na,-3.45187783,-9.308326721,5.856448891,-3.451877832,-3.413559437,0.038318395,-3.45187783,66.5
POSCAR_a1d1_225_In1Sb1_icsd_156995_P_Tl,-3.48728034,-2.938073158,0.549207182,-3.487280369,-3.954555511,0.467275142,-3.48728034,66.7
POSCAR_a8b12d4_2_Cs12In4P8_icsd_300148_Cs_As_In,-2.871133515,-7.824484825,4.95335131,-2.871133566,-2.920678616,0.04954505,-2.871133515,66.9
POSCAR_a4b3b6d1_194_Cs6Ga1K3Sb4_icsd_300150_Na_Bi_Na_In,-2.510848802,-5.248711586,2.737862784,-2.510848761,-2.697079182,0.186230421,-2.510848802,66.9
POSCAR_a3b2b3e1_64_K3Na2P3Sn1_icsd_050532_Na_Na_Pb_P,-3.170284242,-6.766359329,3.596075087,-3.170284271,-3.130609035,0.039675236,-3.170284242,66.9
POSCAR_a2b2e1_72_As2Rb2Sn1_icsd_071223_As_Sn_Rb,-3.466962162,-3.59582448,0.128862318,-3.466962099,-3.095641851,0.371320248,-3.466962162,67.3
POSCAR_a2b2c1c1_26_Ba1Cd1K2Sb2_icsd_422272_Bi_Na_Cd_Be,-2.653250245,-2.892046928,0.238796683,-2.653250217,-2.602051258,0.051198959,-2.653250245,67.3
POSCAR_a2b1b2d1_64_As2In1K2Li1_icsd_402147_Na_Cs_P_Al,-3.10908479,-5.557010651,2.447925861,-3.109084845,-3.179955482,0.070870637,-3.10908479,67.3
POSCAR_a6b4b6e2_64_As6K6Na4Sn2_icsd_040560_Rb_Rb_P_Pb,-2.958041484,-6.645723343,3.687681859,-2.95804143,-3.028665066,0.070623636,-2.958041484,67.3
POSCAR_a2b1c1e1_2_As2Cd1Ge1Rb1_icsd_291310_Pb_Sb_K_Si,-3.744509873,-4.128196716,0.383686843,-3.744509935,-2.799168348,0.945341587,-3.744509873,67.8
POSCAR_a6b4b6e2_64_As6K6Na4Sn2_icsd_040560_Rb_Na_P_Sn,-3.197565621,-6.668729782,3.471164161,-3.197565556,-3.307034731,0.109469175,-3.197565621,67.8
POSCAR_a6b4b6e2_64_As6K6Na4Sn2_icsd_040560_Cs_Cs_As_Si,-2.976010312,-4.392057419,1.416047107,-2.976010323,-2.930992842,0.045017481,-2.976010313,68
POSCAR_a3b2b3e1_64_K3Na2P3Sn1_icsd_050532_Rb_Na_Sn_P,-3.197337412,-6.684695244,3.487357832,-3.197337389,-3.301887274,0.104549885,-3.197337412,68
POSCAR_a6b4b6e2_64_As6K6Na4Sn2_icsd_040560_Li_Na_As_Ge,-3.42658551,-6.628814697,3.202229187,-3.426585436,-2.9629848,0.463600636,-3.42658551,68.1
POSCAR_a3b2b3e1_64_K3Na2P3Sn1_icsd_050532_Li_Na_Ge_As,-3.426590255,-6.627937317,3.201347062,-3.426590204,-2.961093426,0.465496778,-3.426590255,68.1
POSCAR_a2c1c1c1_36_Ba1Cd1Sb2Yb1_icsd_422280_As_Zn_Si_Sr,-3.918863267,-3.599142075,0.319721192,-3.918863297,-3.384459019,0.534404278,-3.918863267,68.3
POSCAR_a6b2b8e2_14_K2Na8Sb6Sn2_icsd_057400_As_K_Sn_K,-3.047553498,-7.993309021,4.945755523,-3.047553539,-3.204022408,0.156468869,-3.047553498,68.3
POSCAR_a3b2b3e1_64_K3Na2P3Sn1_icsd_050532_Li_Cs_Pb_P,-3.289862587,-5.954292297,2.66442971,-3.289862633,-3.391721249,0.101858616,-3.289862587,68.4
POSCAR_a2c1c1_62_Mn1Sb2Sr1_icsd_643539_Cd_Ca_Bi,-2.958167374,-3.021884441,0.063717067,-2.958167315,-2.701148033,0.257019282,-2.958167374,68.5
POSCAR_a7b4c7_63_As7Rb4Zn7_icsd_237457_Ca_Bi_Li,-3.343770131,-4.844983101,1.50121297,-3.343770027,-3.328364849,0.015405178,-3.343770131,68.9
POSCAR_a2b2d1_14_As2Ga1K2_icsd_300142_Na_Sb_Al,-3.200510537,-8.056899071,4.856388534,-3.200510502,-2.641998768,0.558511734,-3.200510537,69
POSCAR_a6c6d2_64_Ba6Ga2P6_icsd_402177_As_Mg_In,-3.450899843,-4.888515472,1.437615629,-3.450899839,-3.320764303,0.130135536,-3.450899843,69.4
POSCAR_a2b2e1_72_As2Rb2Sn1_icsd_071223_As_Sn_Cs,-3.45462796,-3.453208208,0.001419752,-3.454627991,-3.152005196,0.302622795,-3.45462796,69.5
POSCAR_a6b4b6e2_64_As6K6Na4Sn2_icsd_040560_Cs_Rb_As_Ge,-2.905105477,-5.229528427,2.32442295,-2.905105591,-2.942630768,0.037525177,-2.905105477,69.6
POSCAR_a3b2b3e1_64_K3Na2P3Sn1_icsd_050532_Cs_Rb_Ge_As,-2.905102318,-5.231130123,2.326027805,-2.905102253,-2.942636013,0.03753376,-2.905102318,69.6
POSCAR_a6b2c3c4_63_As6Ba4Cd3Li2_icsd_427778_Bi_Na_Ca_Ge,-3.443800826,-4.408013344,0.964212518,-3.443800926,-3.040229321,0.403571605,-3.443800826,69.7
POSCAR_a2b2c1c1_26_Ba1Cd1K2Sb2_icsd_422272_Sb_Rb_Cd_Sn,-2.758813243,-3.087226391,0.328413148,-2.758813143,-2.888993263,0.13018012,-2.758813243,69.9
POSCAR_a2c1c1_129_Bi2Ca1Mn1_icsd_010454_Mg_Hg_Sb,-2.482820618,-2.545725822,0.062905204,-2.482820511,-2.176947594,0.305872917,-2.482820618,70.1
POSCAR_a6b4b6e2_64_As6K6Na4Sn2_icsd_040560_Na_Li_P_Pb,-3.434627591,-6.974268913,3.539641322,-3.434627533,-3.356234312,0.078393221,-3.434627591,70.2
POSCAR_a12c14e3_146_As12Sn3Sr14_icsd_195752_Sn_Sb_Pb,-3.918720429,-7.08146286,3.162742431,-3.918720484,-2.833777905,1.084942579,-3.918720429,70.3
POSCAR_a5b7d2_11_Al2Na7Sb5_icsd_048168_Na_In_As,-3.138085711,-6.509266376,3.371180665,-3.138085604,-2.951764822,0.186320782,-3.138085711,70.5
POSCAR_a3b1c2c2_62_Ba2Cd2K1Sb3_icsd_420620_Sb_K_Hg_Hg,-1.863383727,-2.544466734,0.681083007,-1.86338377,-2.069436073,0.206052303,-1.863383727,70.7
POSCAR_a6c2e3_62_Ba2Sb6Sn3_icsd_082529_P_Be_Si,-5.094671841,-10.10478878,5.010116939,-5.094671726,-3.829278469,1.265393257,-5.094671841,70.8
POSCAR_a2c1c2_164_Ca1P2Zn2_icsd_619477_Bi_Sr_Sr,-3.51275047,-3.022533655,0.490216815,-3.512750387,-3.246682167,0.26606822,-3.51275047,71
POSCAR_a4b3c3d1_186_Al1Ca3Na3Sb4_icsd_291242_Rb_Ge_Al_Sb,-3.471530427,-4.632454872,1.160924445,-3.471530437,-3.066576719,0.404953718,-3.471530427,71
POSCAR_a2c1d2_14_As2Ba1Ga2_icsd_380478_Bi_Be_Tl,-3.138290139,-4.664974213,1.526684074,-3.138290167,-2.83640027,0.301889897,-3.138290139,71.1
POSCAR_a5b11c2_2_Cd2K11Sb5_icsd_425646_Sb_Na_Cd,-2.462827958,-6.645151138,4.18232318,-2.462827921,-2.626298904,0.163470983,-2.462827958,71.2
POSCAR_a3b2b3e1_73_Bi3K3Na2Sn1_icsd_050534_Li_Cs_Pb_As,-3.123223517,-6.192465305,3.069241788,-3.123223543,-3.005292654,0.117930889,-3.123223517,71.2
POSCAR_a6b2b8e2_14_K2Na8Sb6Sn2_icsd_057400_As_K_Si_Li,-3.640368272,-7.136824608,3.496456336,-3.640368223,-3.037929535,0.602438688,-3.640368272,71.3
POSCAR_a6b4b6e2_64_As6K6Na4Sn2_icsd_040560_Na_Cs_Sb_Sn,-2.854116505,-4.599247932,1.745131427,-2.85411644,-2.851698637,0.002417803,-2.854116505,71.5
POSCAR_a2b3d1_72_In1K3P2_icsd_300141_Bi_Li_In,-3.072495128,-3.560979605,0.488484477,-3.072495222,-2.50944066,0.563054562,-3.072495128,71.6
POSCAR_a3b2b3e1_64_K3Na2P3Sn1_icsd_050532_Na_Cs_Sn_Sb,-2.854013195,-4.617547035,1.76353384,-2.854013205,-2.853297472,0.000715733,-2.854013195,71.6
POSCAR_a3b2b3e1_64_K3Na2P3Sn1_icsd_050532_Cs_Na_Pb_As,-2.884009921,-4.642460823,1.758450902,-2.884009838,-2.850559711,0.033450127,-2.884009921,71.7
POSCAR_a6c6d2_64_Ba6Ga2P6_icsd_402177_As_Ge_Al,-4.494714831,-6.29409647,1.799381639,-4.494714737,-3.404330254,1.090384483,-4.494714831,71.8
POSCAR_a6c2e3_62_Ba2Sb6Sn3_icsd_082529_As_Sn_Pb,-4.17185937,-7.678186417,3.506327047,-4.171859264,-3.304495096,0.867364168,-4.17185937,72
POSCAR_a2c1c1c1_36_Ba1Cd1Sb2Yb1_icsd_422280_Bi_Zn_Sr_Ge,-3.331709379,-3.019156456,0.312552923,-3.331709385,-2.862627983,0.469081402,-3.331709379,72.3
POSCAR_a6b4b6e2_64_As6K6Na4Sn2_icsd_040560_Cs_Na_P_Sn,-3.175435371,-6.04193306,2.866497689,-3.175435305,-3.307489157,0.132053852,-3.175435371,72.3
POSCAR_a2c1c2_139_Ba1Mn2P2_icsd_077668_Sb_Sn_Mg,-3.466633412,-2.8221457,0.644487712,-3.46663332,-2.726998329,0.739634991,-3.466633412,72.4
POSCAR_a1e1_166_Sb1Sn1_icsd_052294_Bi_Sn,-3.957429645,-2.666163683,1.291265962,-3.957429647,-3.005515099,0.951914548,-3.957429645,72.6
POSCAR_a6b4b6e2_64_As6K6Na4Sn2_icsd_040560_Li_Cs_As_Pb,-3.121746976,-6.20250988,3.080762904,-3.121747017,-2.998459339,0.123287678,-3.121746976,72.7
POSCAR_a1b1c1_62_Cd1Na1Sb1_icsd_012159_Cs_Sb_Sr,-2.996540478,-3.608718395,0.612177917,-2.996540546,-2.996095657,0.000444889,-2.996540478,73
POSCAR_a4b3b6d1_194_Cs6Ga1K3Sb4_icsd_300150_Rb_Bi_K_In,-2.378132063,-5.389476776,3.011344713,-2.378132105,-3.054506302,0.676374197,-2.378132063,73.1
POSCAR_a4c3d2_58_Eu3In2P4_icsd_170634_Zn_Sb_In,-2.813006392,-2.790032148,0.022974244,-2.813006401,-2.617719173,0.195287228,-2.813006392,73.2
POSCAR_a1b1c1_186_Li1Sb1Zn1_icsd_042064_Sb_Sn_Li,-3.55558794,-2.907650709,0.647937231,-3.555588007,-2.981964111,0.573623896,-3.55558794,73.4
POSCAR_a2e1_55_P2Si1_icsd_043098_Sb_Pb,-3.931414707,-4.223926067,0.29251136,-3.931414604,-2.548628092,1.382786512,-3.931414707,73.6
POSCAR_a2e1_205_P2Si1_icsd_043098_Sb_Pb,-3.931420454,-4.224225521,0.292805067,-3.931420565,-2.548631907,1.382788658,-3.931420454,73.6
POSCAR_a1e1_166_Sb1Sn1_icsd_052294_As_Sn,-4.367152755,-2.68307972,1.684073035,-4.367152691,-3.29980135,1.067351341,-4.367152755,73.6
POSCAR_a2c1c2_164_Ca1P2Zn2_icsd_619477_Sb_Sr_Sr,-3.663212604,-2.830140114,0.83307249,-3.663212538,-3.601516008,0.06169653,-3.663212604,73.7
POSCAR_a3b1b4e1_14_K1Na4Sb3Sn1_icsd_054261_Na_Rb_Pb_Sb,-2.802025894,-5.646260262,2.844234368,-2.802025795,-2.703777313,0.098248482,-2.802025894,73.7
POSCAR_a4b3b6d1_194_Cs6Ga1K3Sb4_icsd_300150_Cs_Sb_Na_Tl,-2.369366895,-4.117527008,1.748160113,-2.369366884,-2.607177258,0.237810374,-2.369366895,73.7
POSCAR_a3b2b3e1_62_K2Na3P3Si1_icsd_300203_Li_Li_Sn_As,-3.528033113,-7.312792778,3.784759665,-3.528033018,-3.108548641,0.419484377,-3.528033113,73.8
POSCAR_a3b1b4e1_14_K1Na4Sb3Sn1_icsd_054261_Na_Rb_Ge_As,-3.140481706,-6.949077606,3.8085959,-3.14048171,-2.99164176,0.14883995,-3.140481706,73.9
POSCAR_a6b4b6e2_64_As6K6Na4Sn2_icsd_040560_Na_K_P_Ge,-3.354585696,-7.900341034,4.545755338,-3.354585648,-3.438994169,0.084408521,-3.354585696,74
POSCAR_a4c3e2_15_As4Si2Sr3_icsd_016453_Sn_Pb_Bi,-3.895870066,-3.679823399,0.216046667,-3.89586997,-2.460012913,1.435857057,-3.895870066,74.1
POSCAR_a4b3b6d1_194_Cs6Ga1K3Sb4_icsd_300150_K_Sb_Na_In,-2.564304652,-6.229204178,3.664899526,-2.56430459,-3.042716265,0.478411675,-2.564304652,74.6
POSCAR_a3b2b3e1_64_K3Na2P3Sn1_icsd_050532_Rb_Cs_Ge_P,-3.08393236,-6.357557297,3.273624937,-3.0839324,-3.284679174,0.200746774,-3.08393236,74.6
POSCAR_a3b1c2c2_62_Ba2Cd2K1Sb3_icsd_420620_P_Rb_Be_Mn,-4.648048718,-9.270798683,4.622749965,-4.648048878,-4.970364571,0.322315693,-4.648048718,74.7
POSCAR_a3b1b4e1_14_K1Na4Sb3Sn1_icsd_054261_K_Cs_Pb_Bi,-2.675420761,-4.598506927,1.923086166,-2.675420761,-2.9852283,0.309807539,-2.675420761,75
POSCAR_a3b4c1d1_7_Ca1Ga1Na4Sb3_icsd_291241_Sb_Zn_Al_Cs,-2.661867594,-3.436669588,0.774801994,-2.661867619,-2.761767387,0.099899768,-2.661867594,75.4
POSCAR_a3b2b3e1_64_K3Na2P3Sn1_icsd_050532_K_Cs_Pb_As,-2.86023007,-6.35214138,3.49191131,-2.860229969,-2.96710515,0.106875181,-2.86023007,75.4
POSCAR_a2b2c1c1_26_Ba1Cd1K2Sb2_icsd_422272_Sb_Cs_Pb_Hg,-2.560412855,-2.632201433,0.071788578,-2.560412884,-2.412882805,0.147530079,-2.560412855,75.9
POSCAR_a6b2b8e2_14_K2Na8Sb6Sn2_icsd_057400_As_Cs_Sn_Rb,-2.918576673,-6.318193436,3.399616763,-2.918576717,-2.887271166,0.031305551,-2.918576673,76
POSCAR_a1b1_14_As1Na1_icsd_182160_K_Sb,-2.932151175,-2.679190874,0.252960301,-2.932151079,-3.129456043,0.197304964,-2.932151175,76.2
POSCAR_a6b2c3c4_63_As6Ba4Cd3Li2_icsd_427778_Bi_Li_Be_Be,-3.363814174,-5.194432259,1.830618085,-3.363814116,-3.196807861,0.167006255,-3.363814174,76.2
POSCAR_a4c3d2_62_Al2Ba3P4_icsd_423778_P_Be_Ga,-4.325423319,-12.71652508,8.391101761,-4.325423241,-4.234079361,0.09134388,-4.325423319,76.5
POSCAR_a3b1b4e1_14_K1Na4Sb3Sn1_icsd_054261_K_Na_Sn_P,-3.229560804,-8.885507584,5.65594678,-3.229560852,-3.453593731,0.224032879,-3.229560804,76.5
POSCAR_a3b1b4e1_14_K1Na4Sb3Sn1_icsd_054261_Rb_Rb_Sn_As,-2.929489401,-6.729467392,3.799977991,-2.929489374,-2.926994801,0.002494573,-2.929489401,76.6
POSCAR_a1d1_205_As1In1_icsd_041993_Bi_In,-3.35432136,-3.922102928,0.567781568,-3.354321241,-2.683011293,0.671309948,-3.35432136,76.7
POSCAR_a1b1e1_186_Li1Sb1Sn1_icsd_603169_Sb_Ge_Na,-3.401528514,-5.047501564,1.64597305,-3.401528597,-2.92560935,0.475919247,-3.401528514,76.7
POSCAR_a3b2b3e1_64_K3Na2P3Sn1_icsd_050532_K_Li_Ge_P,-3.600933366,-9.133851051,5.532917685,-3.600933313,-3.882751703,0.28181839,-3.600933366,76.8
POSCAR_a2c1c2_139_Ba1Mn2P2_icsd_077668_Bi_Sn_Ca,-3.804922914,-2.83135581,0.973567104,-3.804922819,-2.919033051,0.885889768,-3.804922914,77.3
POSCAR_a4b3b6d1_194_Cs6Ga1K3Sb4_icsd_300150_Li_Sb_Cs_Ga,-2.822861093,-6.071857452,3.248996359,-2.822861195,-2.916666985,0.09380579,-2.822861093,77.5
POSCAR_a4b3b6d1_194_Cs6Ga1K3Sb4_icsd_300150_Rb_As_K_Ga,-2.571307746,-5.701819897,3.130512151,-2.571307659,-3.091375828,0.520068169,-2.571307746,77.5
POSCAR_a4b3b6d1_194_Cs6Ga1K3Sb4_icsd_300150_Rb_P_K_In,-2.655804206,-6.187671661,3.531867455,-2.655804157,-3.101976156,0.446171999,-2.655804206,77.6
POSCAR_a3b2b3e1_73_Bi3K3Na2Sn1_icsd_050534_Li_Rb_Sn_As,-3.267337508,-6.235061646,2.967724138,-3.267337561,-3.073935986,0.193401575,-3.267337508,77.9
POSCAR_a4b3b6d1_194_Cs6Ga1K3Sb4_icsd_300150_Cs_Bi_Na_In,-2.365252162,-3.042829037,0.677576875,-2.365252256,-2.558471441,0.193219185,-2.365252162,77.9
POSCAR_a2b1c1e1_2_As2Cd1Ge1Rb1_icsd_291310_Si_Bi_Na_Ca,-3.618224038,-3.28932023,0.328903808,-3.618224144,-2.893630505,0.724593639,-3.618224038,78.1
POSCAR_a4b3b6d1_194_Cs6Ga1K3Sb4_icsd_300150_Rb_Sb_K_Ga,-2.461688971,-6.675570488,4.213881517,-2.461688995,-3.089155674,0.627466679,-2.461688971,78.2
POSCAR_a4c2c3_12_As4Ba3Zn2_icsd_424760_Sb_Pb_Ca,-3.848345637,-3.301914454,0.546431183,-3.848345518,-3.154473543,0.693871975,-3.848345637,78.3
POSCAR_a8c5_12_Ca5P8_icsd_074854_Bi_Sn,-3.951602882,-3.454236507,0.497366375,-3.951602936,-2.67592001,1.275682926,-3.951602882,78.4
POSCAR_a6b7c4_12_Bi6Eu4Li7_icsd_428116_Cd_As_Rb,-2.563183753,-3.578773975,1.015590222,-2.563183784,-3.033867598,0.470683814,-2.563183753,78.6
POSCAR_a9c7d4_59_Ba7Ga4Sb9_icsd_060583_As_Mg_In,-3.441620697,-6.567688942,3.126068245,-3.441620588,-3.27897191,0.162648678,-3.441620697,78.6
POSCAR_a2b1b2d1_64_As2In1K2Li1_icsd_402147_Li_K_Bi_Al,-2.924940263,-4.712915421,1.787975158,-2.924940348,-2.709657907,0.215282441,-2.924940263,78.6
POSCAR_a2b2c1c1_26_Ba1Cd1K2Sb2_icsd_422272_P_Cs_Sn_Ge,-3.799232035,-3.722445011,0.076787024,-3.799232006,-3.452381849,0.346850157,-3.799232035,78.8
POSCAR_a2c1c1_129_Bi2Ca1Mn1_icsd_010454_Cd_Be_Sb,-3.01027929,-2.866265535,0.144013755,-3.010279179,-2.741002798,0.269276381,-3.01027929,78.9
POSCAR_a2b3d1_72_In1K3P2_icsd_300141_As_Li_Ga,-3.576233946,-4.658381462,1.082147516,-3.576233864,-3.192707777,0.383526087,-3.576233946,79
POSCAR_a3b1b4e1_14_K1Na4Sb3Sn1_icsd_054261_K_Rb_Sn_Sb,-2.83917499,-7.054051399,4.214876409,-2.839174986,-3.126814127,0.287639141,-2.83917499,79
POSCAR_a2b2c1c1_26_Ba1Cd1K2Sb2_icsd_422272_Sb_Li_Cd_Ge,-3.125138094,-2.965147495,0.159990599,-3.125138044,-2.761095285,0.364042759,-3.125138094,79
POSCAR_a3b3d2_11_Al2As3K3_icsd_060950_Sb_Li_Al,-3.513010476,-4.382107735,0.869097259,-3.513010502,-2.667232513,0.845777989,-3.513010476,79.3
POSCAR_a3b1b4e1_14_K1Na4Sb3Sn1_icsd_054261_Cs_Na_Ge_As,-2.967232534,-5.5392313,2.571998766,-2.967232466,-3.013236284,0.046003818,-2.967232534,79.3
POSCAR_a4b3c3d1_186_Al1Ca3Na3Sb4_icsd_291242_Rb_Mg_Al_Bi,-2.707375911,-2.544466734,0.162909177,-2.707376003,-2.98423624,0.276860237,-2.707375911,79.4
POSCAR_a2c1d2_166_As2Ca1Ga2_icsd_422526_Sn_Sb_Ga,-3.693846988,-2.985399485,0.708447503,-3.693846941,-3.188126802,0.505720139,-3.693846988,80.1
POSCAR_a6b4b6e2_64_As6K6Na4Sn2_icsd_040560_Na_K_Sb_Sn,-2.916903659,-5.746899605,2.829995946,-2.916903734,-3.020906448,0.104002714,-2.916903659,80.2
POSCAR_a6b7d3_2_As6Cs7In3_icsd_411989_Rb_Sb_In,-2.781215544,-6.830119133,4.048903589,-2.781215429,-2.99469614,0.213480711,-2.781215544,80.7
POSCAR_a3b2b3e1_73_Bi3K3Na2Sn1_icsd_050534_Na_Na_Pb_As,-3.011126434,-6.226122856,3.214996422,-3.011126518,-2.848358393,0.162768125,-3.011126434,80.8
POSCAR_a3b2b3e1_64_K3Na2P3Sn1_icsd_050532_K_Li_Pb_P,-3.388932111,-8.630458832,5.241526721,-3.388932228,-3.693074942,0.304142714,-3.388932111,80.8
POSCAR_a1d1_25_In1Sb1_icsd_156995_Bi_In,-3.35004627,-2.87129426,0.47875201,-3.350046158,-2.840738058,0.5093081,-3.35004627,81
POSCAR_a2c1e2_160_As2Sn2Sr1_icsd_611428_Ca_Sb_Si,-4.328964406,-2.857230425,1.471733981,-4.328964233,-3.133496284,1.195467949,-4.328964406,81
POSCAR_a4b3b6d1_194_Cs6Ga1K3Sb4_icsd_300150_K_Bi_Rb_In,-2.369577314,-4.570843697,2.201266383,-2.369577408,-3.114399433,0.744822025,-2.369577314,81.6
POSCAR_a3b2b3e1_73_Bi3K3Na2Sn1_icsd_050534_Li_Li_Pb_P,-3.665627861,-7.400551796,3.734923935,-3.665627956,-3.47151351,0.194114446,-3.665627861,81.8
POSCAR_a2c1e1_225_Hg1P2Si1_icsd_247969_As_Ge_Pb,-4.318136461,-3.378509998,0.939626463,-4.318136692,-3.364759207,0.953377485,-4.318136461,81.9
POSCAR_a3c2_71_Ba2Bi3_icsd_170218_P_Ba,-4.641251872,-3.170195341,1.471056531,-4.641252041,-4.363409996,0.277842045,-4.641251872,82
POSCAR_a2c1c2_164_Ca1P2Zn2_icsd_619477_P_Ge_Sn,-4.54611547,-3.138579607,1.407535863,-4.546115398,-3.745079517,0.801035881,-4.54611547,82.1
POSCAR_a12b7c12_12_Mn12Rb7Sb12_icsd_237459_Bi_Be_Li,-3.337897008,-5.064280987,1.726383979,-3.337897062,-3.123886585,0.214010477,-3.337897008,82.1
POSCAR_a3b1b4e1_14_K1Na4Sb3Sn1_icsd_054261_Na_Cs_Pb_Bi,-2.722390326,-2.674594879,0.047795447,-2.722390413,-2.632739305,0.089651108,-2.722390326,82.5
POSCAR_a3b1b4e1_14_K1Na4Sb3Sn1_icsd_054261_Na_Rb_Si_P,-3.474527174,-8.035038948,4.560511774,-3.474527121,-3.149339676,0.325187445,-3.474527174,82.8
POSCAR_a2c1c1_139_Ba1Bi2Mn1_icsd_615787_Pb_Sb_Zn,-3.178016079,-2.607273102,0.570742977,-3.178016186,-2.518699646,0.65931654,-3.178016079,82.9
POSCAR_a4b6d2_14_Al2Cs6P4_icsd_300131_Cs_Bi_Ga,-2.655285803,-5.434849739,2.779563936,-2.655285835,-2.674793482,0.019507647,-2.655285803,83
POSCAR_a5b11c2_2_Cd2K11Sb5_icsd_425646_Sb_Li_Mg,-3.073388174,-6.740764618,3.667376444,-3.0733881,-2.741983891,0.331404209,-3.073388174,83.1
POSCAR_a3b2b3e1_64_K3Na2P3Sn1_icsd_050532_Na_Li_Ge_As,-3.411673655,-7.254076004,3.842402349,-3.411673546,-3.077896118,0.333777428,-3.411673655,83.1
POSCAR_a2c1c1_139_Ba1Bi2Mn1_icsd_615787_Ba_Bi_Zn,-3.007406183,-2.842029572,0.165376611,-3.007406235,-2.864019871,0.143386364,-3.007406183,83.2
POSCAR_a2c1c2_8_As2Ca2Cd1_icsd_422578_Sr_Sb_Sr,-3.653742825,-4.943473816,1.289730991,-3.65374279,-3.587199211,0.066543579,-3.653742825,83.2
POSCAR_a3b2b3e1_64_K3Na2P3Sn1_icsd_050532_Rb_K_Sn_P,-3.138778474,-7.350750923,4.211972449,-3.138778448,-3.463554621,0.324776173,-3.138778474,83.2
POSCAR_a2c2d1_79_Sb2Tl1Zn2_icsd_076499_Bi_In_Si,-3.970765979,-3.025059462,0.945706517,-3.970766068,-2.694680214,1.276085854,-3.970765979,83.3
POSCAR_a3b2b3e1_62_K2Na3P3Si1_icsd_300203_Na_Na_Pb_P,-3.153779699,-6.102992058,2.949212359,-3.153779745,-3.212851286,0.059071541,-3.153779699,83.4
POSCAR_a1b1c1_186_Li1Sb1Zn1_icsd_042064_Sb_Mg_Na,-2.781577272,-2.867217541,0.085640269,-2.781577349,-2.789508343,0.007930994,-2.781577272,83.5
POSCAR_a5c5d4_104_Ba5Bi5In4_icsd_054853_In_Bi_Sr,-3.297725593,-5.399873734,2.102148141,-3.297725677,-2.921586514,0.376139163,-3.297725593,83.6
POSCAR_a1b2c1_225_Cd1Li2Sb1_icsd_052815_Bi_Rb_Sn,-3.160992625,-2.786336899,0.374655726,-3.160992622,-2.818733692,0.34225893,-3.160992625,83.6
POSCAR_a2c1d2_14_As2Ba1Ga2_icsd_380478_Bi_Pb_Tl,-3.242378605,-3.82498908,0.582610475,-3.242378712,-2.601109982,0.64126873,-3.242378605,83.7
POSCAR_a3b1b4e1_14_K1Na4Sb3Sn1_icsd_054261_Rb_Cs_Pb_P,-2.964217132,-7.075838089,4.111620957,-2.964217186,-3.024097919,0.059880733,-2.964217132,83.8
POSCAR_a4b3b6d1_194_Cs6Ga1K3Sb4_icsd_300150_Li_As_K_Ga,-3.104967573,-7.423545837,4.318578264,-3.104967594,-3.366985083,0.262017489,-3.104967573,84
POSCAR_a4b4c3_71_Eu3Li4Sb4_icsd_428113_Be_As_Rb,-3.278213356,-3.967212677,0.688999321,-3.278213263,-3.399404287,0.121191024,-3.278213356,84.2
POSCAR_a3b4c1d1_7_Ca1Ga1Na4Sb3_icsd_291241_As_Ba_Al_Li,-3.756279512,-9.478730202,5.72245069,-3.756279469,-3.427308798,0.328970671,-3.756279512,84.3
POSCAR_a3b1c4_123_As3Rb1Zn4_icsd_262038_Zn_Sb_Rb,-2.429801875,-2.556543112,0.126741237,-2.429801941,-2.6303339,0.200531959,-2.429801875,84.4
POSCAR_a4b3c3d1_186_Al1Ca3Na3Sb4_icsd_291242_Cs_Be_Al_Sb,-3.150676623,-4.217852116,1.067175493,-3.150676727,-3.268677235,0.118000508,-3.150676623,84.5
POSCAR_a2b2c1c1_26_Ba1Cd1K2Sb2_icsd_422272_Bi_Cs_Zn_Pb,-2.670621856,-2.612291336,0.05833052,-2.670621872,-2.731427193,0.060805321,-2.670621856,84.5
POSCAR_a1b1c1_129_Mn1Na1Sb1_icsd_060735_Rb_Cd_P,-2.738304798,-2.847663403,0.109358605,-2.738304853,-3.040528774,0.302223921,-2.738304798,84.9
POSCAR_a2c1e2_166_As2Sn2Sr1_icsd_611428_Be_P_Ge,-4.689859136,-3.264701843,1.425157293,-4.689858913,-3.902119875,0.787739038,-4.689859136,84.9
POSCAR_a3c2c2_12_Eu2P3Zn2_icsd_426082_Sn_P_Mg,-4.12411636,-3.744570494,0.379545866,-4.124116421,-3.868288755,0.255827666,-4.12411636,85.1
POSCAR_a3c2c2_12_Eu2P3Zn2_icsd_426082_Sn_Sb_Pb,-3.903554001,-3.623377085,0.280176916,-3.903553963,-2.684001207,1.219552756,-3.903554001,85.5
POSCAR_a4c3d2_58_Eu3In2P4_icsd_170634_Cd_Bi_Ga,-2.682331312,-3.142324448,0.459993136,-2.682331324,-2.5163064,0.166024924,-2.682331312,85.6
POSCAR_a3b2b3e1_64_K3Na2P3Sn1_icsd_050532_K_Na_Pb_P,-3.116466887,-7.471134186,4.354667299,-3.116466999,-3.305101395,0.188634396,-3.116466887,85.6
POSCAR_a2b2c1c1_26_Ba1Cd1K2Sb2_icsd_422272_Sb_Na_Hg_Sn,-2.675159902,-2.739322424,0.064162522,-2.675159931,-2.56850338,0.106656551,-2.675159902,86.1
POSCAR_a2c1c1c1_36_Ba1Cd1Sb2Yb1_icsd_422280_P_Sr_Si_Cd,-4.034225463,-3.403162718,0.631062745,-4.034225464,-3.57994318,0.454282284,-4.034225463,86.2
POSCAR_a4b3c3d1_186_Al1Ca3Na3Sb4_icsd_291242_Li_Hg_Tl_P,-2.760825323,-4.577601433,1.81677611,-2.760825396,-3.035799026,0.27497363,-2.760825323,86.4
POSCAR_a6b4b6e2_64_As6K6Na4Sn2_icsd_040560_Li_Rb_P_Ge,-3.518886264,-7.031352043,3.512465779,-3.518886328,-3.540384293,0.021497965,-3.518886264,86.5
POSCAR_a6c2e3_62_Ba2Sb6Sn3_icsd_082529_Sb_Sn_Pb,-3.901834401,-5.92630291,2.024468509,-3.901834488,-2.716669083,1.185165405,-3.901834401,87.2
POSCAR_a6b2c3c4_63_As6Ba4Cd3Li2_icsd_427778_Sb_Rb_Zn_Pb,-2.762209451,-2.595424891,0.16678456,-2.762209415,-2.714784861,0.047424554,-2.762209451,87.3
POSCAR_a4b3c3d1_186_Al1Ca3Na3Sb4_icsd_291242_Na_Sn_Al_P,-3.940642,-5.614863396,1.674221396,-3.940642118,-3.489201307,0.451440811,-3.940642,88
POSCAR_a5b7d2_11_Al2Na7Sb5_icsd_048168_Na_Ga_As,-3.193863111,-6.628930092,3.435066981,-3.193863153,-3.102964163,0.09089899,-3.193863111,88.1
POSCAR_a3b1b4e1_14_K1Na4Sb3Sn1_icsd_054261_K_K_Pb_Sb,-2.772208898,-7.851388931,5.079180033,-2.772208929,-3.075730562,0.303521633,-2.772208898,88.1
POSCAR_a2c1c1c1_36_Ba1Cd1Sb2Yb1_icsd_422280_As_Si_Ba_Be,-4.403281524,-3.79909277,0.604188754,-4.403281689,-3.895945549,0.50733614,-4.403281524,88.1
POSCAR_a2b4c1_12_Cd1K4P2_icsd_061084_As_Rb_Hg,-2.342864746,-2.825282574,0.482417828,-2.342864752,-2.967319012,0.62445426,-2.342864746,88.3
POSCAR_a1b1c1_62_Cd1Na1Sb1_icsd_012159_Li_Sb_Ge,-3.671820173,-3.530645847,0.141174326,-3.671820164,-3.031776905,0.640043259,-3.671820173,88.3
POSCAR_a3c2c2_12_Eu2P3Zn2_icsd_426082_Ca_Bi_Hg,-2.791129577,-2.544481993,0.246647584,-2.791129589,-2.528315067,0.262814522,-2.791129577,88.5
POSCAR_a2c1c1c1_36_Ba1Cd1Sb2Yb1_icsd_422280_Sb_Sr_Cd_Ge,-3.340453156,-2.965447664,0.375005492,-3.340453148,-2.882378101,0.458075047,-3.340453156,88.5
POSCAR_a3b2b3e1_62_K2Na3P3Si1_icsd_300203_K_K_Sn_As,-3.027156326,-6.968372345,3.941216019,-3.027156353,-3.274594784,0.247438431,-3.027156326,88.7
POSCAR_a8b12d4_2_Cs12In4P8_icsd_300148_Na_P_Tl,-3.054553088,-9.644280434,6.589727346,-3.054553032,-3.176419973,0.121866941,-3.054553088,89.3
POSCAR_a2c2e1_14_As2Ba2Ge1_icsd_035151_Sb_Ge_Sr,-3.9748908,-5.796703339,1.821812539,-3.974890709,-3.540883064,0.434007645,-3.9748908,89.4
POSCAR_a4b6d2_14_Al2Cs6P4_icsd_300131_Li_As_In,-3.396115711,-10.71123981,7.315124099,-3.39611578,-3.134516478,0.261599302,-3.396115711,89.5
POSCAR_a3b2b3e1_62_K2Na3P3Si1_icsd_300203_Rb_Cs_Pb_P,-2.958557968,-5.76981163,2.811253662,-2.958558083,-3.003008366,0.044450283,-2.958557968,89.5
POSCAR_a6b4b6e2_64_As6K6Na4Sn2_icsd_040560_K_K_As_Sn,-3.026430352,-7.730917931,4.704487579,-3.026430368,-3.317053556,0.290623188,-3.026430352,89.5
POSCAR_a4c3e2_15_As4Si2Sr3_icsd_016453_Sr_Pb_Sb,-3.774989439,-4.767245293,0.992255854,-3.774989367,-3.044829845,0.730159522,-3.774989439,89.7
POSCAR_a4c1e3_62_Eu1Sb4Sn3_icsd_411250_Pb_As_Pb,-4.126930637,-5.598198891,1.471268254,-4.126930714,-3.100293636,1.026637078,-4.126930637,89.7
POSCAR_a4b3c3d1_186_Al1Ca3Na3Sb4_icsd_291242_K_Mg_Al_Sb,-2.892644179,-4.36542654,1.472782361,-2.892644167,-3.037156105,0.144511938,-2.892644179,90.1
POSCAR_a3b3d2_64_As3In2K3_icsd_300199_Li_Sb_Tl,-3.023368087,-7.624453545,4.601085458,-3.02336812,-2.566853762,0.456514358,-3.023368087,90.2
POSCAR_a3b2b3e1_64_K3Na2P3Sn1_icsd_050532_K_Cs_Sn_P,-3.12012107,-6.7301054,3.60998433,-3.120121002,-3.442251205,0.322130203,-3.12012107,90.3
POSCAR_a2c1c1c1_36_Ba1Cd1Sb2Yb1_icsd_422280_As_Zn_Be_Pb,-3.544653672,-3.462929249,0.081724423,-3.544653654,-3.390083551,0.154570103,-3.544653672,90.8
POSCAR_a6b4b6e2_64_As6K6Na4Sn2_icsd_040560_Na_Na_As_Pb,-3.000401746,-6.087569237,3.087167491,-3.000401735,-2.849910259,0.150491476,-3.000401746,91.5
POSCAR_a2b3_15_Bi2Cs3_icsd_240017_Cs_P,-2.973262399,-3.338655472,0.365393073,-2.97326231,-3.373632431,0.400370121,-2.973262399,91.7
POSCAR_a6b2c3c4_63_As6Ba4Cd3Li2_icsd_427778_Sb_Li_Si_Sr,-3.878472312,-4.61462307,0.736150758,-3.878472328,-2.93280673,0.945665598,-3.878472312,91.7
POSCAR_a2b3d1_72_In1K3P2_icsd_300141_Sb_Li_Ga,-3.263804068,-4.019115925,0.755311857,-3.263803959,-2.786286831,0.477517128,-3.263804068,91.9
POSCAR_a3e1_166_P3Sn1_icsd_648158_Bi_Pb,-3.927913753,-2.812208652,1.115705101,-3.927913666,-3.049208641,0.878705025,-3.927913753,92.1
POSCAR_a2c1c2_139_Ba1Mn2P2_icsd_077668_P_Be_Mg,-4.25591735,-3.305280209,0.950637141,-4.255917549,-4.260257244,0.004339695,-4.25591735,92.6
POSCAR_a1b1e1_186_Li1Sb1Sn1_icsd_603169_P_Sn_K,-3.739632445,-6.347333908,2.607701463,-3.739632368,-3.477718115,0.261914253,-3.739632445,92.6
POSCAR_a3b2b3e1_64_K3Na2P3Sn1_icsd_050532_Rb_Rb_Sn_As,-2.913480257,-6.188344955,3.274864698,-2.913480282,-2.934664011,0.021183729,-2.913480257,92.6
POSCAR_a6b4b6e2_64_As6K6Na4Sn2_icsd_040560_Na_Cs_Sb_Pb,-2.771310672,-4.035593987,1.264283315,-2.771310568,-2.748592615,0.022717953,-2.771310672,92.6
POSCAR_a6b4b6e2_64_As6K6Na4Sn2_icsd_040560_Rb_Rb_As_Sn,-2.913451536,-6.186445236,3.2729937,-2.913451433,-2.935613394,0.022161961,-2.913451536,92.7
POSCAR_a3b2b3e1_64_K3Na2P3Sn1_icsd_050532_Cs_Cs_Si_P,-3.170286482,-4.973156452,1.80286997,-3.170286417,-3.257671595,0.087385178,-3.170286482,93
POSCAR_a2c1c2_139_Ba1Mn2P2_icsd_077668_As_Ge_Sr,-4.283359586,-3.097493649,1.185865937,-4.283359528,-3.867956161,0.415403367,-4.283359586,93.2
POSCAR_a3b2b3e1_64_K3Na2P3Sn1_icsd_050532_Rb_Li_Ge_As,-3.330988891,-7.56633091,4.235342019,-3.330988884,-3.253099442,0.077889442,-3.330988891,93.2
POSCAR_a2c1e2_105_As2Ba1Ge2_icsd_026417_Bi_Pb_Sr,-3.680213368,-3.890563488,0.21035012,-3.680213451,-2.592940092,1.087273359,-3.680213368,93.3
POSCAR_a2b3d1_72_In1K3P2_icsd_300141_P_Na_Tl,-3.050512559,-3.910710573,0.860198014,-3.050512552,-3.151120186,0.100607634,-3.050512559,93.3
POSCAR_a6c3e4_11_Ba3P6Si4_icsd_029261_Sb_Si_Sr,-4.25460735,-5.644284725,1.389677375,-4.254607201,-3.141256571,1.11335063,-4.25460735,93.4
POSCAR_a2c1c2_72_As2Ba2Zn1_icsd_421423_Sn_Sb_Ba,-3.938577917,-3.435420036,0.503157881,-3.93857789,-3.622169733,0.316408157,-3.938577917,93.6
POSCAR_a2b2e1_72_As2Rb2Sn1_icsd_071223_As_Sn_Li,-3.789327542,-3.918514729,0.129187187,-3.789327621,-3.302130222,0.487197399,-3.789327542,93.8
POSCAR_a2c1c1_129_Bi2Ca1Mn1_icsd_010454_Pb_Ca_P,-4.401146493,-3.548565388,0.852581105,-4.401146412,-4.345136642,0.05600977,-4.401146493,94.3
POSCAR_a14c11c8_12_Ba11Bi14Cd8_icsd_240338_Bi_Ge_Ge,-4.19569132,-5.646928787,1.451237467,-4.195691109,-3.045526505,1.150164604,-4.19569132,94.3
POSCAR_a9c4c9_55_Bi9Cd4Sr9_icsd_058763_Pb_P_Pb,-4.269185215,-6.643880844,2.374695629,-4.269185066,-3.562283993,0.706901073,-4.269185215,94.3
POSCAR_a6b4b6e2_64_As6K6Na4Sn2_icsd_040560_Cs_Na_P_Pb,-3.04625169,-5.56357193,2.51732024,-3.046251774,-3.216169119,0.169917345,-3.04625169,94.5
POSCAR_a6c5e2_55_As6Eu5Sn2_icsd_262647_Ca_Sb_Ge,-4.033809321,-4.710904598,0.677095277,-4.033809185,-3.660320044,0.373489141,-4.033809321,94.6
POSCAR_a3b2b3e1_62_K2Na3P3Si1_icsd_300203_Cs_K_Ge_P,-3.152525135,-6.28303051,3.130505375,-3.152525187,-3.43902564,0.286500453,-3.152525135,94.9
POSCAR_a4b3b6d1_194_Cs6Ga1K3Sb4_icsd_300150_K_As_Rb_Ga,-2.553861389,-6.360717773,3.806856384,-2.55386138,-3.219398975,0.665537595,-2.553861389,94.9
POSCAR_a14c11c8_12_Ba11Bi14Cd8_icsd_240338_Sb_Ge_Pb,-4.021557845,-5.184681892,1.163124047,-4.021557808,-2.770037889,1.251519919,-4.021557845,95.1
POSCAR_a2c1c2_36_Eu2P2Zn1_icsd_426081_Mg_Sb_Zn,-2.725289312,-2.551542282,0.17374703,-2.725289345,-2.711105347,0.014183998,-2.725289312,95.3
POSCAR_a8c11e2_139_Bi8Sn2Yb11_icsd_263134_Ge_Sb_Ge,-4.18436688,-7.495229721,3.310862841,-4.184366703,-3.120587826,1.063778877,-4.18436688,95.6
POSCAR_a2c2d1_79_Sb2Tl1Zn2_icsd_076499_Bi_Al_Sn,-3.740879063,-3.276987553,0.46389151,-3.740879059,-2.776204348,0.964674711,-3.740879063,95.7
POSCAR_a3b2b3e1_62_K2Na3P3Si1_icsd_300203_Li_K_Pb_Bi,-2.961725525,-4.547971725,1.5862462,-2.961725473,-2.69184494,0.269880533,-2.961725525,95.7
POSCAR_a6c2e3_62_Ba2Sb6Sn3_icsd_082529_Bi_Sn_Pb,-3.874219744,-4.39984417,0.525624426,-3.874219656,-2.790732384,1.083487272,-3.874219744,95.8
POSCAR_a4c2e1_62_As4Cd2Ge1_icsd_042132_Pb_Sb_Ba,-3.863100324,-5.889526367,2.026426043,-3.86310029,-3.24464345,0.61845684,-3.863100324,95.9
POSCAR_a5b7d2_11_Al2Na7Sb5_icsd_048168_K_Tl_Sb,-2.713335101,-6.63773632,3.924401219,-2.713335037,-3.037127495,0.323792458,-2.713335101,96
POSCAR_a2c1c1c1_36_Ba1Cd1Sb2Yb1_icsd_422280_Bi_Hg_Hg_Pb,-2.399266961,-2.544466734,0.145199773,-2.399266958,-2.04393816,0.355328798,-2.399266961,96.1
POSCAR_a1b1c1_62_Cd1Na1Sb1_icsd_012159_Cs_Sb_Cd,-2.316790973,-2.591675282,0.274884309,-2.316791058,-2.703236818,0.38644576,-2.316790973,96.2
POSCAR_a4b3c3d1_186_Al1Ca3Na3Sb4_icsd_291242_Na_Mg_Al_Sb,-2.925492814,-3.950862408,1.025369594,-2.925492764,-2.759324074,0.16616869,-2.925492814,96.3
POSCAR_a6b4b6e2_64_As6K6Na4Sn2_icsd_040560_Cs_K_P_Ge,-3.151085307,-7.486541748,4.335456441,-3.151085377,-3.548481464,0.397396087,-3.151085307,96.3
POSCAR_a3b1b4e1_14_K1Na4Sb3Sn1_icsd_054261_Cs_Rb_Ge_P,-3.062139189,-5.86527586,2.803136671,-3.062139273,-3.269537926,0.207398653,-3.062139189,96.3
POSCAR_a2b2c1c1_26_Ba1Cd1K2Sb2_icsd_422272_As_Li_Ge_Sr,-3.860794024,-4.271658897,0.410864873,-3.860794067,-3.51662612,0.344167947,-3.860794024,96.3
POSCAR_a2b3d1_72_In1K3P2_icsd_300141_Bi_Rb_Ga,-2.656984386,-3.564166784,0.907182398,-2.656984329,-2.962858915,0.305874586,-2.656984386,96.4
POSCAR_a12c11c6_12_Eu11Sb12Zn6_icsd_419343_Ca_Sb_Pb,-3.830206534,-5.020680428,1.190473894,-3.830206633,-3.292409658,0.537796975,-3.830206534,96.4
POSCAR_a2c1c2_72_As2Ba2Zn1_icsd_421423_Be_Sb_Si,-4.24729688,-3.145866871,1.101430009,-4.24729681,-2.765927792,1.481369018,-4.24729688,96.5
POSCAR_a3b2b3e1_64_K3Na2P3Sn1_icsd_050532_Cs_K_Ge_P,-3.150827095,-7.503499031,4.352671936,-3.150827169,-3.548770428,0.397943259,-3.150827095,96.6
POSCAR_a3b2b3e1_62_K2Na3P3Si1_icsd_300203_Rb_Cs_Pb_Sb,-2.658767843,-4.895606041,2.236838198,-2.658767939,-2.833396673,0.174628734,-2.658767843,96.8
POSCAR_a2b3d1_14_As2In1Na3_icsd_300139_Na_Bi_Ga,-2.79070128,-7.346837044,4.556135764,-2.790701389,-2.686644316,0.104057073,-2.79070128,97.1
POSCAR_a3b2b3e1_73_Bi3K3Na2Sn1_icsd_050534_Na_Li_Pb_P,-3.407597962,-7.09714222,3.689544258,-3.407598019,-3.367088795,0.040509224,-3.407597962,97.3
POSCAR_a3b2b3e1_62_K2Na3P3Si1_icsd_300203_Na_Na_Sn_As,-3.080865422,-6.036680222,2.9558148,-3.080865383,-2.996573687,0.084291696,-3.080865422,97.6
POSCAR_a6b2c3c4_63_As6Ba4Cd3Li2_icsd_427778_Bi_Cs_Mg_Sn,-2.882948622,-2.544466734,0.338481888,-2.882948637,-2.773195267,0.10975337,-2.882948622,97.8
POSCAR_a6b4b6e2_64_As6K6Na4Sn2_icsd_040560_K_Li_Bi_Pb,-2.959644619,-5.014462471,2.054817852,-2.959644556,-2.598142624,0.361501932,-2.959644619,97.8
POSCAR_a10c7_43_Cd7P10_icsd_200596_As_Sr,-4.200070619,-7.493894577,3.293823958,-4.200070381,-4.041749001,0.15832138,-4.200070619,98
POSCAR_a4b3c3d1_186_Al1Ca3Na3Sb4_icsd_291242_Na_Mg_Al_Bi,-2.780570287,-2.858662367,0.07809208,-2.780570269,-2.698852062,0.081718207,-2.780570287,98.1
POSCAR_a4b3b6d1_194_Cs6Ga1K3Sb4_icsd_300150_K_Sb_Rb_Ga,-2.441737823,-6.035467148,3.593729325,-2.44173789,-3.161567211,0.719829321,-2.441737823,98.2
POSCAR_a2b1c2_139_Cs1Mn2P2_icsd_095837_Li_Sb_Si,-3.981693374,-2.81953454,1.162158834,-3.981693268,-2.756716251,1.224977017,-3.981693374,98.4
POSCAR_a1b1c1_62_Cd1Na1Sb1_icsd_012159_K_As_Sr,-3.294223219,-4.194288731,0.900065512,-3.294223309,-3.376914978,0.082691669,-3.294223219,98.5
POSCAR_a6b7d3_2_As6Cs7In3_icsd_411989_K_Sb_In,-2.836868879,-6.46066761,3.623798731,-2.836868763,-3.088568926,0.251700163,-2.836868879,98.5
POSCAR_a5b7d2_11_Al2Na7Sb5_icsd_048168_Cs_In_Bi,-2.621637958,-3.519953012,0.898315054,-2.62163806,-2.589415073,0.032222987,-2.621637958,98.6
POSCAR_a3b2b3e1_64_K3Na2P3Sn1_icsd_050532_Cs_K_Pb_As,-2.836955527,-6.307957172,3.471001645,-2.836955547,-3.030888557,0.19393301,-2.836955527,98.7
POSCAR_a3b2b3e1_62_K2Na3P3Si1_icsd_300203_Na_K_Pb_As,-2.959997771,-6.202118397,3.242120626,-2.959997654,-3.04617691,0.086179256,-2.959997771,99
POSCAR_a2c1e2_105_As2Ba1Ge2_icsd_026417_P_Pb_Sn,-4.340727242,-4.764052391,0.423325149,-4.340727329,-3.353034019,0.98769331,-4.340727242,99.2
POSCAR_a2c1c1_129_Bi2Ca1Mn1_icsd_010454_Cd_Pb_P,-3.590227915,-3.094346762,0.495881153,-3.590227842,-3.43961668,0.150611162,-3.590227915,99.2
POSCAR_a3b2b3e1_73_Bi3K3Na2Sn1_icsd_050534_Li_Cs_Sn_As,-3.230862944,-6.617277145,3.386414201,-3.230862856,-3.118764162,0.112098694,-3.230862944,99.2
POSCAR_a9c7d4_59_Ba7Ga4Sb9_icsd_060583_Sb_Si_Ga,-4.151290346,-5.787216187,1.635925841,-4.151290417,-2.829500675,1.321789742,-4.151290346,99.3
POSCAR_a3b2b3e1_64_K3Na2P3Sn1_icsd_050532_Na_Rb_Sn_Bi,-2.781279642,-5.183239937,2.401960295,-2.781279564,-2.853016376,0.071736812,-2.781279642,99.5
POSCAR_a4c2c3_12_As4Ba3Zn2_icsd_424760_Bi_Mg_Mg,-2.787362322,-2.544540405,0.242821917,-2.787362337,-2.637116671,0.150245666,-2.787362322,99.7
POSCAR_a3b2b3e1_64_K3Na2P3Sn1_icsd_050532_Rb_Cs_Sn_P,-3.05462856,-6.242094994,3.187466434,-3.054628611,-3.239324808,0.184696197,-3.05462856,99.7
POSCAR_a3b2b3e1_62_K2Na3P3Si1_icsd_300203_Na_Rb_Si_P,-3.457610429,-6.231617928,2.774007499,-3.457610369,-3.146465778,0.311144591,-3.457610429,99.8
POSCAR_a3c2c2_12_Eu2P3Zn2_icsd_426082_Pb_Sb_Ca,-3.826768456,-3.81312108,0.013647376,-3.826768398,-3.120815754,0.705952644,-3.826768456,99.9
POSCAR_a4c2c3_64_Ba2Bi4Cd3_icsd_416446_Ge_Zn_P,-3.961127553,-4.333902359,0.372774806,-3.96112752,-3.523015499,0.438112021,-3.961127553,100
POSCAR_a2b4c1_166_As2Cd1K4_icsd_300190_Li_Sb_Mg,-3.056365891,-2.947582722,0.108783169,-3.056365967,-2.697183132,0.359182835,-3.056365891,100.1
POSCAR_a2c1d2_11_Ba1In2P2_icsd_260564_P_Sn_Ga,-4.270088655,-5.422546387,1.152457732,-4.270088673,-4.098902702,0.171185971,-4.270088655,100.5
POSCAR_a6b4b6e2_64_As6K6Na4Sn2_icsd_040560_Na_Cs_P_Si,-3.384374599,-5.771517754,2.387143155,-3.384374619,-3.375757694,0.008616925,-3.384374599,100.6
POSCAR_a3b2b3e1_73_Bi3K3Na2Sn1_icsd_050534_K_Li_Pb_Bi,-2.95668066,-4.885243893,1.928563233,-2.956680775,-2.631257057,0.325423718,-2.95668066,100.7
POSCAR_a4c3e2_15_As4Si2Sr3_icsd_016453_Si_Sn_As,-4.626912872,-4.161925316,0.464987556,-4.626913071,-3.064906359,1.562006712,-4.626912872,100.8
POSCAR_a3b2b3e1_62_K2Na3P3Si1_icsd_300203_Na_Rb_Ge_As,-3.113463283,-6.188006401,3.074543118,-3.113463402,-3.022484779,0.090978623,-3.113463283,101
POSCAR_a1b1c1_62_Cd1Na1Sb1_icsd_012159_Cs_P_Ca,-3.430930822,-3.849098206,0.418167384,-3.430930853,-3.762185335,0.331254482,-3.430930822,101.1
POSCAR_a4b3b6d1_194_Cs6Ga1K3Sb4_icsd_300150_K_Bi_Cs_Ga,-2.309401139,-4.750350475,2.440949336,-2.309401035,-3.028613567,0.719212532,-2.309401139,101.2
POSCAR_a3b2b3e1_64_K3Na2P3Sn1_icsd_050532_K_Cs_Pb_Sb,-2.701886277,-4.920999527,2.21911325,-2.701886177,-2.858342886,0.156456709,-2.701886277,101.3
POSCAR_a2c1e2_160_As2Sn2Sr1_icsd_611428_Pb_Sb_Si,-4.335262746,-2.829832792,1.505429954,-4.335262775,-2.685879946,1.649382829,-4.335262746,101.4
POSCAR_a6b2b8e2_14_K2Na8Sb6Sn2_icsd_057400_As_K_Pb_Rb,-2.847773494,-6.321122169,3.473348675,-2.847773552,-2.912644386,0.064870834,-2.847773494,101.4
POSCAR_a3b2b3e1_62_K2Na3P3Si1_icsd_300203_Li_Na_Pb_Sb,-3.068925924,-4.708959579,1.640033655,-3.068925858,-2.568517685,0.500408173,-3.068925924,101.6
POSCAR_a2b2e1_72_As2Rb2Sn1_icsd_071223_P_Ge_Li,-4.152327727,-4.109924793,0.042402934,-4.152327538,-4.197300434,0.044972896,-4.152327727,101.9
POSCAR_a8b12d4_2_Cs12In4P8_icsd_300148_Cs_Bi_Ga,-2.636248293,-3.922935009,1.286686716,-2.63624835,-2.703756332,0.067507982,-2.636248293,102
POSCAR_a4c3d2_62_Al2Ba3P4_icsd_423778_Sb_Be_In,-3.426753115,-7.591734886,4.164981771,-3.426753044,-3.353258371,0.073494673,-3.426753115,102.1
POSCAR_a3b2b3e1_64_K3Na2P3Sn1_icsd_050532_Rb_Na_Pb_As,-2.903505975,-5.22804451,2.324538535,-2.903506041,-2.886806965,0.016699076,-2.903505975,102.1
POSCAR_a3b2b3e1_73_Bi3K3Na2Sn1_icsd_050534_Li_Rb_Ge_P,-3.503225,-7.204455376,3.701230376,-3.503225088,-3.606512308,0.10328722,-3.503225,102.2
POSCAR_a4c2e1_62_As4Cd2Ge1_icsd_042132_Sn_Bi_Pb,-3.867503343,-3.04336834,0.824135003,-3.867503405,-2.834839344,1.032664061,-3.867503343,102.5
POSCAR_a1b1c1_194_Hg1K1Sb1_icsd_056201_P_Na_Si,-4.223945863,-3.191725969,1.032219894,-4.223946095,-3.255192995,0.9687531,-4.223945863,102.6
POSCAR_a6b2b8e2_14_K2Na8Sb6Sn2_icsd_057400_As_K_Ge_Na,-3.169495009,-7.273955345,4.104460336,-3.169495106,-3.079317093,0.090178013,-3.169495009,102.6
POSCAR_a3b1b4e1_14_K1Na4Sb3Sn1_icsd_054261_Rb_Cs_Pb_Bi,-2.600075152,-4.827854156,2.227779004,-2.600075245,-2.807877064,0.207801819,-2.600075152,102.7
POSCAR_a6b2b8e2_14_K2Na8Sb6Sn2_icsd_057400_P_Na_Pb_K,-3.099127629,-8.53792572,5.438798091,-3.099127531,-3.37599659,0.276869059,-3.099127629,102.9
POSCAR_a2c1c1c1_36_Ba1Cd1Sb2Yb1_icsd_422280_As_Si_Ca_Zn,-3.959959992,-3.340305328,0.619654664,-3.959959984,-3.483759403,0.476200581,-3.959959992,102.9
POSCAR_a6b2b8e2_14_K2Na8Sb6Sn2_icsd_057400_As_Rb_Pb_Cs,-2.784373408,-5.71001482,2.925641412,-2.784373522,-2.795218468,0.010844946,-2.784373408,103.2
POSCAR_a2c1d2_10_As2Ga2Sr1_icsd_422527_Be_As_In,-3.712264313,-5.700676918,1.988412605,-3.712264299,-3.39876318,0.313501119,-3.712264313,103.3
POSCAR_a6b2b8e2_14_K2Na8Sb6Sn2_icsd_057400_Bi_Cs_Sn_Na,-2.765965335,-4.072532177,1.306566842,-2.765965223,-2.670320034,0.095645189,-2.765965335,103.3
POSCAR_a3b2b3e1_73_Bi3K3Na2Sn1_icsd_050534_Li_Na_Sn_Sb,-3.110498451,-5.334287643,2.223789192,-3.110498428,-2.574420691,0.536077737,-3.110498451,103.3
POSCAR_a4c3e2_15_As4Si2Sr3_icsd_016453_Sn_Pb_Sb,-3.885594127,-4.829280853,0.943686726,-3.88559413,-2.726016045,1.159578085,-3.885594127,103.4
POSCAR_a3b2b3e1_73_Bi3K3Na2Sn1_icsd_050534_Na_Rb_Pb_Bi,-2.712328633,-4.793889999,2.081561366,-2.712328672,-2.792464495,0.080135823,-2.712328633,103.4
POSCAR_a4c3e2_4_Ba3P4Sn2_icsd_660381_Bi_Sn_Ge,-4.029848715,-5.556389809,1.526541094,-4.029848576,-2.766494274,1.263354302,-4.029848715,103.5
POSCAR_a3b1b4e1_14_K1Na4Sb3Sn1_icsd_054261_Na_K_Pb_Bi,-2.753916434,-4.166374207,1.412457773,-2.753916502,-2.683825493,0.070091009,-2.753916434,103.9
POSCAR_a4b3b6d1_194_Cs6Ga1K3Sb4_icsd_300150_Cs_Sb_Rb_Ga,-2.383860066,-5.538022518,3.154162452,-2.383860111,-2.762938499,0.379078388,-2.383860066,103.9
POSCAR_a4b3b6d1_194_Cs6Ga1K3Sb4_icsd_300150_Na_Bi_Cs_Ga,-2.359717757,-3.303284645,0.943566888,-2.359717846,-2.776828289,0.417110443,-2.359717757,104.1
POSCAR_a7e1_14_P7Pb1_icsd_427804_Pb_Bi,-3.91548055,-3.575746536,0.339734014,-3.915480614,-3.346517563,0.568963051,-3.91548055,104.5
POSCAR_a2b2e1_72_As2Rb2Sn1_icsd_071223_P_Ge_K,-3.905382475,-4.127198219,0.221815744,-3.905382395,-3.942718506,0.037336111,-3.905382475,104.5
POSCAR_a2c1d2_166_As2Ca1Ga2_icsd_422526_Pb_Bi_Al,-3.712957424,-2.912080765,0.800876659,-3.712957382,-2.707578897,1.005378485,-3.712957424,104.6
POSCAR_a3b1b4e1_14_K1Na4Sb3Sn1_icsd_054261_K_Rb_Ge_P,-3.228641354,-8.678761482,5.450120128,-3.228641272,-3.530182123,0.301540851,-3.228641354,104.6
POSCAR_a2c1_11_Sb2Sr1_icsd_052307_Pb_As,-4.295223177,-3.216671228,1.078551949,-4.295223236,-3.71842885,0.576794386,-4.295223177,104.8
POSCAR_a2c1e2_105_As2Ba1Ge2_icsd_026417_Sb_Ge_Ge,-4.17507252,-4.190906525,0.015834005,-4.17507267,-3.134314299,1.040758371,-4.17507252,104.9
POSCAR_a6b4b6e2_64_As6K6Na4Sn2_icsd_040560_Li_Na_P_Si,-3.815450105,-6.872484207,3.057034102,-3.815450191,-3.222757101,0.59269309,-3.815450105,104.9
POSCAR_a3b2b3e1_62_K2Na3P3Si1_icsd_300203_Rb_K_Pb_As,-2.843597408,-5.613222122,2.769624714,-2.843597412,-3.082803726,0.239206314,-2.843597408,105.6
POSCAR_a6b4b6e2_64_As6K6Na4Sn2_icsd_040560_Na_Rb_P_Ge,-3.287867539,-6.804276466,3.516408927,-3.287867546,-3.27445507,0.013412476,-3.287867539,105.7
POSCAR_a4c3e2_15_As4Si2Sr3_icsd_016453_Ca_Pb_P,-4.389244954,-5.671733856,1.282488902,-4.389245033,-4.248631001,0.140614032,-4.389244954,106.2
POSCAR_a6b2c3c4_63_As6Ba4Cd3Li2_icsd_427778_Sb_K_Cd_Pb,-2.731023862,-2.591828823,0.139195039,-2.731023788,-2.661236286,0.069787502,-2.731023862,106.2
POSCAR_a1b1e1_186_Li1Sb1Sn1_icsd_603169_Bi_Pb_Rb,-3.085392655,-3.952600956,0.867208301,-3.085392714,-2.500257015,0.585135699,-3.085392655,106.3
POSCAR_a1e1_225_Sb1Sn1_icsd_052294_As_Ge,-4.538397635,-2.696973324,1.841424311,-4.538397789,-3.809500217,0.728897572,-4.538397635,106.6
POSCAR_a1e1_141_Bi1Sn1_icsd_160382_Sb_Ge,-4.143337788,-3.171546698,0.97179109,-4.143337727,-3.00753212,1.135805607,-4.143337788,106.7
POSCAR_a1e1_64_Bi1Sn1_icsd_160382_Sb_Ge,-4.143340755,-3.171470404,0.971870351,-4.143340588,-3.008390427,1.134950161,-4.143340755,106.7
POSCAR_a3b6d1_2_As3Ga1Na6_icsd_300276_Na_As_Tl,-2.790344227,-7.733525276,4.943181049,-2.790344238,-2.862989902,0.072645664,-2.790344227,106.7
POSCAR_a2b3d1_72_In1K3P2_icsd_300141_P_K_Tl,-2.987334557,-4.477054119,1.489719562,-2.98733449,-3.474282503,0.486948013,-2.987334557,106.7
POSCAR_a3b1c2c2_62_Ba2Cd2K1Sb3_icsd_420620_Sb_Na_Cd_Hg,-2.029015684,-2.544466734,0.51545105,-2.029015779,-2.049917221,0.020901442,-2.029015684,106.8
POSCAR_a2c1e2_166_As2Sn2Sr1_icsd_611428_Be_Bi_Ge,-3.902753738,-2.869557381,1.033196357,-3.90275383,-3.09846139,0.80429244,-3.902753738,107.2
POSCAR_a3b2b3e1_64_K3Na2P3Sn1_icsd_050532_Cs_Rb_Pb_As,-2.780320311,-5.635127068,2.854806757,-2.780320406,-2.787765503,0.007445097,-2.780320311,107.2
POSCAR_a7c1_14_Eu1P7_icsd_014226_Ge_As,-4.537594821,-8.560785294,4.023190473,-4.537594795,-3.493130684,1.044464111,-4.537594821,107.4
POSCAR_a1b1c1_129_Mn1Na1Sb1_icsd_060735_Rb_Be_Sb,-3.051565735,-3.01854825,0.033017485,-3.051565647,-3.304130077,0.25256443,-3.051565735,107.4
POSCAR_a6b4b6e2_64_As6K6Na4Sn2_icsd_040560_Rb_Cs_P_Pb,-2.940204071,-6.074670792,3.134466721,-2.940204144,-3.203625679,0.263421535,-2.940204071,107.8
POSCAR_a1b1c1_33_As1Cd1Na1_icsd_009571_Li_P_Sn,-3.990814902,-3.99808979,0.007274888,-3.990814924,-3.508496046,0.482318878,-3.990814902,107.9
POSCAR_a2c1d2_14_As2Ba1Ga2_icsd_380478_Bi_Be_Ga,-3.384594643,-4.913566589,1.528971946,-3.384594679,-3.174623013,0.209971666,-3.384594643,108
POSCAR_a6b4b6e2_64_As6K6Na4Sn2_icsd_040560_Li_K_Sb_Sn,-3.103287254,-6.16994381,3.066656556,-3.10328722,-2.924512625,0.178774595,-3.103287254,108
POSCAR_a3b2b3e1_73_Bi3K3Na2Sn1_icsd_050534_K_Na_Sn_P,-3.197964109,-7.731420517,4.533456408,-3.197964191,-3.390307188,0.192342997,-3.197964109,108.1
POSCAR_a1c1e1_129_Eu1P1Sn1_icsd_095081_Sr_Bi_Sn,-3.721870255,-2.973145008,0.748725247,-3.721870184,-3.056164265,0.665705919,-3.721870255,108.4
POSCAR_a3b4c1d1_7_Ca1Ga1Na4Sb3_icsd_291241_Bi_Sr_Tl_Cs,-2.584764382,-3.852301598,1.267537216,-2.584764481,-2.530623674,0.054140807,-2.584764382,108.4
POSCAR_a6c2e3_62_Ba2Sb6Sn3_icsd_082529_P_Si_Ge,-5.048942643,-9.055418968,4.006476325,-5.048942566,-3.85725069,1.191691876,-5.048942643,108.8
POSCAR_a3b6d2_15_K6Sb3Tl2_icsd_093048_Sb_Tl_Li,-3.004565236,-9.485472679,6.480907443,-3.004565239,-2.63135767,0.373207569,-3.004565236,109
POSCAR_a6b4b6e2_64_As6K6Na4Sn2_icsd_040560_K_Cs_As_Ge,-2.973394975,-6.672320366,3.698925391,-2.973394871,-3.13427949,0.160884619,-2.973394975,109.5
POSCAR_a2c1c2_36_Eu2P2Zn1_icsd_426081_Pb_Bi_Sn,-3.860365421,-3.005167723,0.855197698,-3.860365391,-2.640031099,1.220334292,-3.860365421,109.6
POSCAR_a5c2d5_62_Ba2In5P5_icsd_161774_Sb_Sr_Tl,-3.260431046,-6.508633614,3.248202568,-3.260431051,-2.773361683,0.487069368,-3.260431046,109.8
POSCAR_a1b1c1_33_As1Cd1Na1_icsd_009571_Li_Bi_Ba,-3.33967869,-3.441239834,0.101561144,-3.339678764,-3.488365173,0.148686409,-3.33967869,109.8
POSCAR_a2c1e1_225_Hg1P2Si1_icsd_247969_Sb_Sn_Sn,-3.885660849,-2.908391953,0.977268896,-3.885660887,-2.819538832,1.066122055,-3.885660849,110
POSCAR_a6b4b6e2_64_As6K6Na4Sn2_icsd_040560_Na_Cs_Bi_Pb,-2.694843045,-3.065444469,0.370601424,-2.694843054,-2.57835865,0.116484404,-2.694843045,110.1
POSCAR_a1c1d1_62_Cd1Sb1Tl1_icsd_009572_Bi_Ga_Pb,-3.498969247,-3.670008183,0.171038936,-3.498969316,-2.618680954,0.880288362,-3.498969247,110.3
POSCAR_a6c6e2_14_Ba6P6Sn2_icsd_035342_Bi_Ba_Sn,-3.860331204,-4.727806091,0.867474887,-3.860331297,-3.385280848,0.475050449,-3.860331204,110.5
POSCAR_a6b4b6e2_64_As6K6Na4Sn2_icsd_040560_Cs_Na_P_Si,-3.374205397,-6.2889328,2.914727403,-3.374205351,-3.259354353,0.114850998,-3.374205397,110.7
POSCAR_a6c2e3_62_Ba2Sb6Sn3_icsd_082529_As_Be_Ge,-4.253418868,-8.771986961,4.518568093,-4.253418922,-3.571988821,0.681430101,-4.253418868,111.2
POSCAR_a2b3d1_14_As2In1Na3_icsd_300139_Rb_As_In,-2.854832051,-8.066282272,5.211450221,-2.854831934,-2.919913054,0.06508112,-2.854832051,111.5
POSCAR_a3b2b3e1_64_K3Na2P3Sn1_icsd_050532_Li_Li_Pb_As,-3.467448372,-7.776389122,4.30894075,-3.467448473,-2.906447649,0.561000824,-3.467448372,111.5
POSCAR_a6b4b6e2_64_As6K6Na4Sn2_icsd_040560_Na_Li_P_Si,-3.808863852,-7.332265854,3.523402002,-3.808863878,-3.392634392,0.416229486,-3.808863852,111.5
POSCAR_a4b6d2_14_Al2Cs6P4_icsd_300131_K_P_Tl,-2.982364066,-10.90914536,7.926781294,-2.982364178,-3.395676374,0.413312196,-2.982364066,111.7
POSCAR_a3b2b3e1_73_Bi3K3Na2Sn1_icsd_050534_Na_Cs_Sn_Bi,-2.75752409,-3.39186883,0.63434474,-2.757524014,-2.641950846,0.115573168,-2.75752409,111.7
POSCAR_a12c11c6_12_Eu11Sb12Zn6_icsd_419343_Mg_As_Hg,-2.820693123,-3.760093689,0.939400566,-2.820693016,-2.800945759,0.019747257,-2.820693123,112
POSCAR_a2c1c1c1_36_Ba1Cd1Sb2Yb1_icsd_422280_Bi_Be_Hg_Be,-2.928128963,-2.840339422,0.087789541,-2.928128958,-2.755750179,0.172378779,-2.928128963,112.1
POSCAR_a3c3d1_62_Ca3In1P3_icsd_060125_As_Sn_Al,-4.297584109,-6.25684166,1.959257551,-4.297584057,-3.370954514,0.926629543,-4.297584109,112.2
POSCAR_a1b1c1_186_Li1Sb1Zn1_icsd_042064_Sb_Cd_K,-2.387421753,-2.704479218,0.317057465,-2.387421846,-2.922384977,0.534963131,-2.387421753,112.3
POSCAR_a3b4c1d1_7_Ca1Ga1Na4Sb3_icsd_291241_Bi_Ba_In_K,-2.856327801,-6.972243309,4.115915508,-2.856327772,-3.176056623,0.319728851,-2.856327801,112.4
POSCAR_a3b2b3e1_62_K2Na3P3Si1_icsd_300203_Li_Na_Sn_Bi,-3.031173901,-4.355887413,1.324713512,-3.031173944,-2.553599596,0.477574348,-3.031173901,112.4
POSCAR_a2c1e2_166_As2Sn2Sr1_icsd_611428_Pb_Bi_Ge,-4.014078564,-2.839608192,1.174470372,-4.014078617,-2.85182476,1.162253857,-4.014078564,112.6
POSCAR_a4b6d1_15_Na6Sb4Tl1_icsd_096942_Sb_Ga_Li,-3.243046801,-7.682557106,4.439510305,-3.243046761,-2.659702063,0.583344698,-3.243046801,112.6
POSCAR_a4b3b6d1_194_Cs6Ga1K3Sb4_icsd_300150_Cs_As_Na_In,-2.533503704,-4.957159042,2.423655338,-2.533503771,-2.782875776,0.249372005,-2.533503704,112.9
POSCAR_a10c7_43_Cd7P10_icsd_200596_As_Zn,-3.350693433,-4.574245453,1.22355202,-3.350693464,-2.813481569,0.537211895,-3.350693433,113.2
POSCAR_a6b4b6e2_64_As6K6Na4Sn2_icsd_040560_Rb_Cs_Sb_Pb,-2.641994327,-4.862177849,2.220183522,-2.641994238,-2.827278614,0.185284376,-2.641994327,113.6
POSCAR_a4c3d2_15_Al2As4Sr3_icsd_423787_Pb_As_Al,-4.289459572,-4.703527451,0.414067879,-4.289459705,-3.163749456,1.125710249,-4.289459572,113.7
POSCAR_a6b2b8e2_14_K2Na8Sb6Sn2_icsd_057400_Bi_Rb_Ge_Li,-3.089868196,-4.634613037,1.544744841,-3.089868307,-2.71164155,0.378226757,-3.089868196,114
POSCAR_a4b3b6d1_194_Cs6Ga1K3Sb4_icsd_300150_Na_As_Li_In,-2.94719098,-5.836861134,2.889670154,-2.947191,-2.72294426,0.22424674,-2.94719098,114
POSCAR_a1b1c1_33_As1Cd1Na1_icsd_009571_Na_As_Ba,-3.385840462,-3.902793169,0.516952707,-3.385840416,-3.526366472,0.140526056,-3.385840462,114.2
POSCAR_a2c1c2_8_As2Ca2Cd1_icsd_422578_Ca_As_Sr,-4.069847377,-5.652849674,1.583002297,-4.069847584,-4.090166092,0.020318508,-4.069847377,114.4
POSCAR_a6b4b6e2_64_As6K6Na4Sn2_icsd_040560_Na_K_Bi_Sn,-2.825543309,-4.724518776,1.898975467,-2.825543404,-2.946373701,0.120830297,-2.825543309,114.8
POSCAR_a3b2b3e1_73_Bi3K3Na2Sn1_icsd_050534_Li_Li_Sn_Sb,-3.299503048,-6.222253799,2.922750751,-3.299503088,-2.689162731,0.610340357,-3.299503048,114.8
POSCAR_a2c1c1c1_36_Ba1Cd1Sb2Yb1_icsd_422280_Bi_Be_Ge_Cd,-3.245594331,-3.024747372,0.220846959,-3.245594263,-2.831518173,0.41407609,-3.245594331,114.9
POSCAR_a2c1d2_166_As2Ca1Ga2_icsd_422526_Ge_Bi_Tl,-3.37435159,-2.924715281,0.449636309,-3.374351501,-2.607065678,0.767285823,-3.37435159,115
POSCAR_a12c11c6_12_Eu11Sb12Zn6_icsd_419343_Be_As_Ca,-4.169836047,-6.708610535,2.538774488,-4.169836044,-4.251207352,0.081371308,-4.169836047,115
POSCAR_a6b2b8e2_14_K2Na8Sb6Sn2_icsd_057400_Bi_K_Pb_Na,-2.742785649,-4.383399487,1.640613838,-2.742785692,-2.675013065,0.067772627,-2.742785649,115
POSCAR_a2b2c1c1_26_Ba1Cd1K2Sb2_icsd_422272_Sb_Cs_Sn_Cd,-2.701665877,-2.70670557,0.005039693,-2.701665878,-2.679557085,0.022108793,-2.701665877,115.2
POSCAR_a3b1b4e1_62_As3Ge1K1Na4_icsd_300204_Li_Cs_Bi_Sn,-2.954731569,-4.826219559,1.87148799,-2.954731464,-2.872143269,0.082588195,-2.954731569,115.3
POSCAR_a4b5_12_As4Na5_icsd_182165_Na_Sb,-2.903368938,-3.121575832,0.218206894,-2.90336895,-2.508804798,0.394564152,-2.903368938,115.4
POSCAR_a2c1c1c1_36_Ba1Cd1Sb2Yb1_icsd_422280_P_Cd_Cd_Be,-3.246958614,-3.15007019,0.096888424,-3.246958733,-3.178629875,0.068328858,-3.246958614,115.6
POSCAR_a8b12d4_2_Cs12In4P8_icsd_300148_Li_As_Ga,-3.539542422,-11.56817341,8.028630988,-3.539542437,-3.405774117,0.13376832,-3.539542422,115.7
POSCAR_a4b3b6d1_194_Cs6Ga1K3Sb4_icsd_300150_Cs_As_Li_Tl,-2.535400784,-5.928744793,3.393344009,-2.535400867,-2.77878952,0.243388653,-2.535400784,116.1
POSCAR_a2b3d1_14_As2In1Na3_icsd_300139_Cs_Sb_In,-2.646573775,-6.285106659,3.638532884,-2.646573782,-2.72165966,0.075085878,-2.646573775,116.2
POSCAR_a2b1c1e1_2_As2Cd1Ge1Rb1_icsd_291310_Si_Sb_Li_Sr,-3.853874919,-4.694392204,0.840517285,-3.853874922,-3.077343941,0.776530981,-3.853874919,116.3
POSCAR_a3c3d1_62_Ca3In1P3_icsd_060125_Bi_Cd_Tl,-2.396975717,-2.544466734,0.147491017,-2.396975756,-2.336538315,0.060437441,-2.396975717,116.4
POSCAR_a2c1c2_139_Ba1Mn2P2_icsd_077668_Bi_Ca_Ba,-3.60763342,-2.876015425,0.731617995,-3.607633352,-3.595384598,0.012248754,-3.60763342,116.5
POSCAR_a3b2b3e1_62_K2Na3P3Si1_icsd_300203_Rb_Cs_Sn_Sb,-2.744524742,-4.778400898,2.033876156,-2.744524717,-2.926965237,0.18244052,-2.744524742,116.5
POSCAR_a4c3e2_14_As4Ge2Sr3_icsd_016454_Pb_Si_P,-4.877800723,-6.360370636,1.482569913,-4.877800941,-3.680848837,1.196952104,-4.877800723,116.6
POSCAR_a2c1c1_62_Mn1Sb2Sr1_icsd_643539_Mg_Sn_Sb,-3.42221123,-3.387959957,0.034251273,-3.42221117,-2.584984064,0.837227106,-3.42221123,116.8
POSCAR_a6b4b6e2_64_As6K6Na4Sn2_icsd_040560_Na_Rb_As_Ge,-3.097518561,-5.894721031,2.79720247,-3.097518444,-3.067505836,0.030012608,-3.097518561,116.9
POSCAR_a3b2b3e1_62_K2Na3P3Si1_icsd_300203_K_Na_Sn_P,-3.189069011,-7.017554283,3.828485272,-3.189069033,-3.450868845,0.261799812,-3.189069011,117
POSCAR_a6c6e2_14_Ba6P6Sn2_icsd_035342_Sb_Sn_Ge,-4.035268475,-6.872543335,2.83727486,-4.035268307,-2.960871458,1.074396849,-4.035268475,117.1
POSCAR_a4c2c3_64_Ba2Bi4Cd3_icsd_416446_Ge_Sr_As,-4.259519959,-5.636993408,1.377473449,-4.259520054,-3.524442196,0.735077858,-4.259519959,117.1
POSCAR_a6c5d2_55_Ca5Ga2Sb6_icsd_036466_P_Mg_Al,-4.209604265,-5.188425064,0.978820799,-4.209604263,-3.742387772,0.467216491,-4.209604265,117.2
POSCAR_a3b2b3e1_73_Bi3K3Na2Sn1_icsd_050534_Li_K_Pb_Sb,-3.017247926,-6.023189545,3.005941619,-3.017247915,-2.860570908,0.156677007,-3.017247926,117.3
POSCAR_a2b2c1c1_26_Ba1Cd1K2Sb2_icsd_422272_As_Cs_Pb_Sr,-3.298918514,-3.521085978,0.222167464,-3.298918486,-2.942147493,0.356770993,-3.298918514,117.5
POSCAR_a2b3d1_14_As2In1Na3_icsd_300139_Na_P_In,-3.297707579,-11.03035831,7.732650731,-3.297707558,-3.259506702,0.038200856,-3.297707579,117.9
POSCAR_a6b2b8e2_14_K2Na8Sb6Sn2_icsd_057400_P_Rb_Sn_Cs,-3.036505152,-6.008719444,2.972214292,-3.036505222,-3.158524513,0.122019291,-3.036505152,117.9
POSCAR_a3b1b4e1_14_K1Na4Sb3Sn1_icsd_054261_K_Rb_Ge_As,-3.047461999,-7.34694767,4.299485671,-3.047461987,-3.220623255,0.173161268,-3.047461999,118
POSCAR_a12b7c12_12_Mn12Rb7Sb12_icsd_237459_P_Hg_Rb,-2.480161758,-2.544466734,0.064304976,-2.480161667,-2.719160318,0.238998651,-2.480161758,118.2
POSCAR_a6b4b6e2_64_As6K6Na4Sn2_icsd_040560_Na_Li_Bi_Pb,-2.979276484,-4.081819534,1.10254305,-2.979276419,-2.442976713,0.536299706,-2.979276484,118.3
POSCAR_a3b1b4e1_14_K1Na4Sb3Sn1_icsd_054261_Rb_Rb_Sn_Sb,-2.754320423,-7.71646595,4.962145527,-2.754320383,-2.976635933,0.22231555,-2.754320423,118.3
POSCAR_a4b3c3d1_186_Al1Ca3Na3Sb4_icsd_291242_Na_Hg_Ga_Sb,-2.351404484,-2.544466734,0.19306225,-2.351404428,-2.377373219,0.025968791,-2.351404484,118.5
POSCAR_a3b2b3e1_64_K3Na2P3Sn1_icsd_050532_Na_Na_Sn_Sb,-2.883117699,-5.745455742,2.862338043,-2.883117676,-2.672275782,0.210841894,-2.883117699,118.6
POSCAR_a2b4c1_12_Cd1K4P2_icsd_061084_Sb_Na_Cd,-2.415335557,-2.805854082,0.390518525,-2.415335655,-2.630647659,0.215312004,-2.415335557,118.7
POSCAR_a3b2b3e1_73_Bi3K3Na2Sn1_icsd_050534_K_Rb_Pb_Sb,-2.697039641,-6.514378071,3.81733843,-2.697039604,-2.999671459,0.302631855,-2.697039641,118.7
POSCAR_a6b2b8e2_14_K2Na8Sb6Sn2_icsd_057400_Sb_Rb_Sn_Rb,-2.753895311,-7.719138145,4.965242834,-2.753895283,-2.976901054,0.223005771,-2.753895311,118.7
POSCAR_a3b2b3e1_73_Bi3K3Na2Sn1_icsd_050534_Li_Li_Pb_As,-3.459972603,-7.769052505,4.309079902,-3.45997262,-2.889339447,0.570633173,-3.459972603,119
POSCAR_a2b2c1c1_26_Ba1Cd1K2Sb2_icsd_422272_Sb_Na_Sr_Ca,-3.19745267,-3.581115246,0.383662576,-3.197452784,-3.161125898,0.036326886,-3.19745267,119.1
POSCAR_a4b3c3d1_186_Al1Ca3Na3Sb4_icsd_291242_Cs_Hg_Ga_Sb,-2.245914651,-2.544476748,0.298562097,-2.245914698,-2.669025898,0.4231112,-2.245914651,119.5
POSCAR_a6b2b8e2_14_K2Na8Sb6Sn2_icsd_057400_As_Rb_Ge_K,-3.045769529,-7.348331451,4.302561922,-3.045769453,-3.220956326,0.175186873,-3.045769529,119.7
POSCAR_a1b1_123_As1Na1_icsd_182160_Na_As,-3.24374424,-2.703235149,0.540509091,-3.243744135,-2.798550844,0.445193291,-3.24374424,119.9
POSCAR_a3b2b3e1_64_K3Na2P3Sn1_icsd_050532_Cs_Na_Sn_Sb,-2.805694952,-5.222234726,2.416539774,-2.805695057,-2.833141565,0.027446508,-2.805694952,119.9
POSCAR_a1b1e1_186_Li1Sb1Sn1_icsd_603169_Sb_Pb_Na,-3.194688588,-4.858839035,1.664150447,-3.194688559,-2.570879936,0.623808623,-3.194688588,120.2
POSCAR_a3b1b4e1_14_K1Na4Sb3Sn1_icsd_054261_Rb_K_Sn_As,-2.94967417,-6.502696991,3.553022821,-2.949674129,-2.981726646,0.032052517,-2.94967417,120.2
POSCAR_a6b2b8e2_14_K2Na8Sb6Sn2_icsd_057400_Sb_Rb_Pb_Cs,-2.635222652,-5.103458405,2.468235753,-2.635222673,-2.725934982,0.090712309,-2.635222652,120.3
POSCAR_a4b3b6d1_194_Cs6Ga1K3Sb4_icsd_300150_Li_As_Na_Ga,-3.101902538,-6.415966988,3.31406445,-3.101902485,-2.861536503,0.240365982,-3.101902538,120.4
POSCAR_a6b2b8e2_14_K2Na8Sb6Sn2_icsd_057400_As_K_Sn_Rb,-2.9494695,-6.497272015,3.547802515,-2.949469566,-2.980918884,0.031449318,-2.9494695,120.4
POSCAR_a6b4b6e2_64_As6K6Na4Sn2_icsd_040560_K_K_Sb_Pb,-2.739896738,-5.973284721,3.233387983,-2.739896774,-3.064149141,0.324252367,-2.739896738,120.5
POSCAR_a2c1c1_129_Bi2Ca1Mn1_icsd_010454_Ba_Ge_Bi,-4.012856225,-3.184635162,0.828221063,-4.012856007,-3.447263718,0.565592289,-4.012856225,120.6
POSCAR_a3b2b3e1_64_K3Na2P3Sn1_icsd_050532_Li_K_Pb_Sb,-3.013885418,-6.555724144,3.541838726,-3.013885498,-2.854910374,0.158975124,-3.013885418,120.7
POSCAR_a4b3b6d1_194_Cs6Ga1K3Sb4_icsd_300150_Na_Sb_Li_Tl,-2.679206109,-5.871529579,3.19232347,-2.679206133,-2.551453114,0.127753019,-2.679206109,120.7
POSCAR_a3b2b3e1_64_K3Na2P3Sn1_icsd_050532_Li_Cs_Sn_Sb,-3.015620876,-5.081105232,2.065484356,-3.015620947,-2.920418739,0.095202208,-3.015620876,120.9
POSCAR_a2c1c2_139_Ba1Mn2P2_icsd_077668_Sb_Ca_Ge,-4.007141802,-2.92907691,1.078064892,-4.00714159,-3.616014957,0.391126633,-4.007141802,121.2
POSCAR_a2c1e1_225_Hg1P2Si1_icsd_247969_Bi_Pb_Ba,-3.748628516,-2.895841122,0.852787394,-3.748628616,-2.994076014,0.754552602,-3.748628516,121.5
POSCAR_a3b4c1d1_7_Ca1Ga1Na4Sb3_icsd_291241_P_Sn_Ga_Li,-3.837745312,-8.471585274,4.633839962,-3.837745428,-3.695647478,0.14209795,-3.837745312,121.5
POSCAR_a6b7c4_12_Bi6Eu4Li7_icsd_428116_Cd_Bi_Na,-2.339172019,-2.544466972,0.205294953,-2.339172125,-2.416466713,0.077294588,-2.339172019,121.6
POSCAR_a6b4b6e2_64_As6K6Na4Sn2_icsd_040560_Li_Rb_P_Si,-3.658592779,-6.493994236,2.835401457,-3.658592701,-3.504783869,0.153808832,-3.658592779,121.7
POSCAR_a3b2b3e1_73_Bi3K3Na2Sn1_icsd_050534_Cs_Na_Sn_P,-3.125670171,-6.503222466,3.377552295,-3.125670195,-3.311473846,0.185803651,-3.125670171,122.1
POSCAR_a2c1c2_72_As2Ba2Zn1_icsd_421423_Zn_As_Mg,-3.146413264,-3.254161358,0.107748094,-3.146413326,-3.182320595,0.035907269,-3.146413264,122.2
POSCAR_a6b2b8e2_14_K2Na8Sb6Sn2_icsd_057400_P_K_Pb_Rb,-2.994767994,-7.287046432,4.292278438,-2.994767904,-3.04248929,0.047721386,-2.994767994,122.2
POSCAR_a3b2b3e1_64_K3Na2P3Sn1_icsd_050532_Li_Li_Sn_Sb,-3.291802869,-6.285837173,2.994034304,-3.291802883,-2.676850796,0.614952087,-3.291802869,122.5
POSCAR_a4b3c3d1_186_Al1Ca3Na3Sb4_icsd_291242_Li_Si_Ga_Sb,-3.719018477,-4.296527386,0.577508909,-3.719018459,-2.798377991,0.920640468,-3.719018477,122.7
POSCAR_a3c2_71_Ba2Bi3_icsd_170218_Bi_Cd,-2.677934856,-2.651142836,0.02679202,-2.677934885,-2.257982731,0.419952154,-2.677934856,123
POSCAR_a2b3d1_14_As2In1Na3_icsd_300139_Na_As_Ga,-3.158945486,-10.22258949,7.063644004,-3.15894556,-3.093397856,0.065547704,-3.158945486,123
POSCAR_a1b1e1_186_Li1Sb1Sn1_icsd_603169_Sb_Ge_K,-3.434244653,-4.955211163,1.52096651,-3.434244633,-3.21023798,0.224006653,-3.434244653,123.5
POSCAR_a4c2c3_64_Ba2Bi4Cd3_icsd_416446_Sn_Sr_As,-4.100049537,-5.066684246,0.966634709,-4.100049496,-3.219300747,0.880748749,-4.100049537,123.5
POSCAR_a1b1c1_129_Mn1Na1Sb1_icsd_060735_Na_Cd_Sb,-2.410379153,-2.694326162,0.283947009,-2.410379171,-2.41052103,0.000141859,-2.410379153,123.7
POSCAR_a2b2e1_72_As2Rb2Sn1_icsd_071223_P_Si_Li,-4.485420204,-3.798922777,0.686497427,-4.485420227,-3.600706339,0.884713888,-4.485420204,123.8
POSCAR_a1b1c1_62_Cd1Na1Sb1_icsd_012159_Cs_Bi_Zn,-2.253365673,-2.544630527,0.291264854,-2.253365755,-2.549524069,0.296158314,-2.253365673,123.8
POSCAR_a3b6d1_11_Al1Rb6Sb3_icsd_300217_Sb_In_Li,-3.090519658,-4.563931465,1.473411807,-3.090519667,-2.81895256,0.271567107,-3.090519658,123.9
POSCAR_a3b1b4e1_14_K1Na4Sb3Sn1_icsd_054261_K_Rb_Sn_Bi,-2.751316923,-5.208053589,2.456736666,-2.751317024,-3.08906889,0.337751866,-2.751316923,123.9
POSCAR_a2c1c1_139_Ba1Bi2Mn1_icsd_615787_Hg_P_Zn,-2.796589844,-2.649966955,0.146622889,-2.796589851,-2.766676426,0.029913425,-2.796589844,124.4
POSCAR_a3b4c1d1_7_Ca1Ga1Na4Sb3_icsd_291241_As_Si_Tl_Li,-3.612762895,-8.245194435,4.63243154,-3.612762928,-2.988142967,0.624619961,-3.612762895,124.7
POSCAR_a4b3b6d1_194_Cs6Ga1K3Sb4_icsd_300150_Na_P_Cs_Tl,-2.473054511,-5.592909813,3.119855302,-2.473054409,-2.999432087,0.526377678,-2.473054511,124.8
POSCAR_a3b1b4e1_14_K1Na4Sb3Sn1_icsd_054261_Rb_Rb_Si_P,-3.240993967,-7.260314941,4.019320974,-3.240993977,-3.108806133,0.132187844,-3.240993967,125.2
POSCAR_a3b4c1d1_7_Ca1Ga1Na4Sb3_icsd_291241_P_Sr_In_K,-3.269930139,-10.24071217,6.970782031,-3.269930124,-3.656689167,0.386759043,-3.269930139,125.4
POSCAR_a2c1e2_105_As2Ba1Ge2_icsd_026417_Bi_Sn_Be,-3.727795396,-3.846842766,0.11904737,-3.727795362,-2.897614956,0.830180406,-3.727795396,125.5
POSCAR_a2b1c1e1_2_As2Cd1Ge1Rb1_icsd_291310_Si_Bi_Na_Be,-3.577236725,-2.988213301,0.589023424,-3.577236652,-2.816500902,0.76073575,-3.577236726,125.6
POSCAR_a3b2b3e1_73_Bi3K3Na2Sn1_icsd_050534_Rb_Cs_Pb_As,-2.76189981,-5.277520657,2.515620847,-2.76189971,-2.842424393,0.080524683,-2.76189981,125.6
POSCAR_a6b4b6e2_64_As6K6Na4Sn2_icsd_040560_K_Cs_Sb_Sn,-2.780377342,-5.365769863,2.585392521,-2.780377388,-2.948028088,0.1676507,-2.780377342,126
POSCAR_a6b7d3_2_As6Cs7In3_icsd_411989_K_As_In,-3.058125949,-7.961467743,4.903341794,-3.058125973,-3.259093046,0.200967073,-3.058125949,126.1
POSCAR_a3b2b3e1_64_K3Na2P3Sn1_icsd_050532_Rb_Li_Sn_Bi,-2.964831729,-5.178160191,2.213328462,-2.964831829,-2.651077271,0.313754558,-2.964831729,126.3
POSCAR_a12c14e3_146_As12Sn3Sr14_icsd_195752_Be_As_Pb,-4.06150247,-8.543708801,4.482206331,-4.061502457,-3.919322014,0.142180443,-4.06150247,126.5
POSCAR_a6c6d2_64_Ba6Ga2P6_icsd_402177_As_Mg_Ga,-3.522380376,-5.112793922,1.590413546,-3.522380352,-3.362388849,0.159991503,-3.522380376,126.5
POSCAR_a3b2b3e1_73_Bi3K3Na2Sn1_icsd_050534_Li_Cs_Sn_Sb,-3.009950322,-4.934468746,1.924518424,-3.009950399,-2.909336567,0.100613832,-3.009950322,126.6
POSCAR_a1b1e1_186_Li1Sb1Sn1_icsd_603169_P_Ge_K,-3.883115895,-7.017107964,3.133992069,-3.883116007,-3.802092791,0.081023216,-3.883115895,126.7
POSCAR_a3b2b3e1_62_K2Na3P3Si1_icsd_300203_Rb_Cs_Pb_Bi,-2.575903547,-3.325148344,0.749244797,-2.575903654,-2.670194626,0.094290972,-2.575903547,126.9
POSCAR_a4c2e1_62_As4Cd2Ge1_icsd_042132_Pb_Bi_Ge,-3.99953793,-3.340562105,0.658975825,-3.999537945,-2.771148443,1.228389502,-3.99953793,127.1
POSCAR_a1e1_166_Sb1Sn1_icsd_052294_P_Si,-5.349849795,-2.733788013,2.616061782,-5.349849701,-3.447288036,1.902561665,-5.349849795,127.2
POSCAR_a3b2b3e1_73_Bi3K3Na2Sn1_icsd_050534_K_Rb_Sn_P,-3.094480332,-6.811432838,3.716952506,-3.094480276,-3.289951324,0.195471048,-3.094480332,127.5
POSCAR_a1b1e1_186_Li1Sb1Sn1_icsd_603169_Bi_Sn_Li,-3.467199799,-4.356554985,0.889355186,-3.467199802,-2.70064044,0.766559362,-3.467199799,127.8
POSCAR_a6c5e2_55_As6Eu5Sn2_icsd_262647_Ba_P_Si,-4.8690371,-5.884490967,1.015453867,-4.869037151,-4.244934082,0.624103069,-4.8690371,127.8
POSCAR_a2c1_14_P2Sr1_icsd_429731_Si_P,-5.348669359,-5.4656744,0.117005041,-5.348669529,-3.504611015,1.844058514,-5.348669359,128.4
POSCAR_a4b4c3_71_Eu3Li4Sb4_icsd_428113_Sn_P_K,-3.703892938,-4.07461071,0.370717772,-3.703892946,-3.613781929,0.090111017,-3.703892938,128.4
POSCAR_a3b4c1d1_7_Ca1Ga1Na4Sb3_icsd_291241_P_Be_Tl_Rb,-3.117433831,-7.240148544,4.122714713,-3.117433786,-3.359093189,0.241659403,-3.117433831,128.6
POSCAR_a1c1e1_129_Eu1P1Sn1_icsd_095081_Sr_Sb_Pb,-3.735774813,-2.946697712,0.789077101,-3.735774755,-2.950379848,0.785394907,-3.735774813,128.9
POSCAR_a3c2c2_12_Eu2P3Zn2_icsd_426082_Ca_As_Sr,-4.054959873,-4.231357574,0.176397701,-4.054959774,-3.986835241,0.068124533,-4.054959873,129.3
POSCAR_a2c1c2_8_As2Ca2Cd1_icsd_422578_Ba_P_Ge,-4.567715508,-6.105596542,1.537881034,-4.567715645,-4.266465664,0.301249981,-4.567715508,129.5
POSCAR_a2c1c1c1_36_Ba1Cd1Sb2Yb1_icsd_422280_Bi_Be_Cd_Hg,-2.388546142,-2.553375244,0.164829102,-2.388546228,-2.349929333,0.038616895,-2.388546142,129.6
POSCAR_a4c3e2_4_Ba3P4Sn2_icsd_660381_P_Sn_Si,-4.871386998,-6.791499138,1.92011214,-4.871387005,-3.756792545,1.11459446,-4.871386998,129.7
POSCAR_a3c3d2_12_Cd3Sb3Tl2_icsd_076500_As_In_Pb,-3.771648748,-4.519604206,0.747955458,-3.771648645,-2.858215094,0.913433551,-3.771648748,129.7
POSCAR_a4c1e3_62_Eu1Sb4Sn3_icsd_411250_Be_Sb_Si,-4.213955071,-4.377523422,0.163568351,-4.213954926,-2.783298016,1.43065691,-4.213955071,129.8
POSCAR_a3b2b3e1_62_K2Na3P3Si1_icsd_300203_Li_K_Si_P,-3.778330611,-7.610551834,3.832221223,-3.778330564,-3.509375334,0.26895523,-3.778330611,129.8
POSCAR_a4b6d2_14_Al2Cs6P4_icsd_300131_Na_Sb_In,-2.831493445,-9.596497536,6.765004091,-2.831493378,-2.662613392,0.168879986,-2.831493445,129.9
POSCAR_a4b4c3_71_Eu3Li4Sb4_icsd_428113_Ge_P_Li,-4.124112848,-4.269154549,0.145041701,-4.124113083,-3.780554533,0.34355855,-4.124112848,130.1
POSCAR_a6b4b6e2_64_As6K6Na4Sn2_icsd_040560_Rb_Cs_Bi_Pb,-2.572666073,-3.098507881,0.525841808,-2.572666168,-2.618674278,0.04600811,-2.572666073,130.2
POSCAR_a2b2c1c1_26_Ba1Cd1K2Sb2_icsd_422272_As_Na_Sr_Pb,-3.428881233,-3.73458004,0.305698807,-3.428881168,-2.983579159,0.445302009,-3.428881233,130.2
POSCAR_a6b7d3_2_As6Cs7In3_icsd_411989_Li_Sb_Ga,-3.225219295,-6.726991653,3.501772358,-3.22521925,-2.853185177,0.372034073,-3.225219295,130.5
POSCAR_a3b2b3e1_64_K3Na2P3Sn1_icsd_050532_Rb_Rb_Si_P,-3.235744171,-6.81616497,3.580420799,-3.235744238,-3.155315876,0.080428362,-3.235744171,130.5
POSCAR_a3c1_14_Ba1P3_icsd_426771_Sb_Be,-3.73504444,-3.040529966,0.694514474,-3.735044479,-2.728762388,1.006282091,-3.73504444,130.6
POSCAR_a1c1d1_62_Cd1Sb1Tl1_icsd_009572_As_Tl_Be,-3.420011761,-4.162194252,0.742182491,-3.420011759,-3.355071545,0.064940214,-3.420011761,130.6
POSCAR_a3b4c1d1_7_Ca1Ga1Na4Sb3_icsd_291241_Sb_Sr_Ga_K,-2.920131421,-7.997758865,5.077627444,-2.920131445,-3.290323257,0.370191812,-2.920131421,130.7
POSCAR_a6b2c3c4_63_As6Ba4Cd3Li2_icsd_427778_Sb_Na_Zn_Ge,-2.919799965,-2.832095385,0.08770458,-2.919800043,-2.65613699,0.263663053,-2.919799965,130.8
POSCAR_a2b2c1c1_26_Ba1Cd1K2Sb2_icsd_422272_Bi_Cs_Pb_Hg,-2.472591015,-2.544466972,0.071875957,-2.472590923,-2.390504599,0.082086324,-2.472591015,130.9
POSCAR_a3b2b3e1_73_Bi3K3Na2Sn1_icsd_050534_K_Cs_Pb_P,-2.972441215,-6.502683163,3.530241948,-2.972441196,-3.390722036,0.41828084,-2.972441215,131
POSCAR_a1e1_141_Bi1Sn1_icsd_160382_As_Ge,-4.51385988,-3.57539773,0.93846215,-4.513859749,-3.319682837,1.194176912,-4.51385988,131.1
POSCAR_a3b2b3e1_62_K2Na3P3Si1_icsd_300203_Na_Na_Pb_Sb,-2.816568763,-4.859947205,2.043378442,-2.816568851,-2.592223644,0.224345207,-2.816568763,131.9
POSCAR_a6b4b6e2_64_As6K6Na4Sn2_icsd_040560_Cs_Li_Bi_Sn,-2.937734373,-3.783838987,0.846104614,-2.937734365,-2.824926853,0.112807512,-2.937734373,132.3
POSCAR_a6b4b6e2_64_As6K6Na4Sn2_icsd_040560_K_Rb_Sb_Sn,-2.78578134,-7.003937721,4.218156381,-2.785781384,-3.061594009,0.275812625,-2.78578134,132.4
POSCAR_a3b2b3e1_73_Bi3K3Na2Sn1_icsd_050534_K_Rb_Pb_Bi,-2.630123946,-4.75611496,2.125991014,-2.630123854,-2.933290482,0.303166628,-2.630123946,132.4
POSCAR_a1b1c1_129_Mn1Na1Sb1_icsd_060735_Na_Zn_P,-3.064186568,-2.917596579,0.146589989,-3.064186573,-3.126262426,0.062075853,-3.064186568,132.8
POSCAR_a6b2b8e2_14_K2Na8Sb6Sn2_icsd_057400_Bi_K_Sn_Na,-2.807503256,-4.900259972,2.092756716,-2.807503223,-2.743556023,0.0639472,-2.807503256,132.9
POSCAR_a1b1e1_186_Li1Sb1Sn1_icsd_603169_Bi_Pb_Li,-3.403603805,-4.217350006,0.813746201,-3.403603792,-2.496103764,0.907500028,-3.403603805,133.1
POSCAR_a2c2d1_79_Sb2Tl1Zn2_icsd_076499_As_Ga_Pb,-3.937665433,-3.765832901,0.171832532,-3.937665462,-3.035208702,0.90245676,-3.937665433,133.2
POSCAR_a3b2b3e1_64_K3Na2P3Sn1_icsd_050532_Cs_Na_Si_As,-3.149578037,-5.325806618,2.176228581,-3.149578094,-2.932207823,0.217370271,-3.149578037,133.3
POSCAR_a2b2c1c1_26_Ba1Cd1K2Sb2_icsd_422272_As_Rb_Ba_Be,-3.289148812,-4.005875587,0.716726775,-3.289148808,-3.510189295,0.221040487,-3.289148812,133.4
POSCAR_a8b12d4_2_Cs12In4P8_icsd_300148_Na_Sb_Tl,-2.689762733,-8.471554756,5.781792023,-2.689762831,-2.65798831,0.031774521,-2.689762733,133.8
POSCAR_a5b7d2_11_Al2Na7Sb5_icsd_048168_Cs_In_P,-3.040539848,-5.583649635,2.543109787,-3.040539742,-3.318733215,0.278193473,-3.040539848,134.2
POSCAR_a3b1c2c2_62_Ba2Cd2K1Sb3_icsd_420620_Sb_Li_Si_Zn,-3.369078873,-2.544466972,0.824611901,-3.369078875,-2.547967434,0.821111441,-3.369078873,134.2
POSCAR_a3b2b3e1_73_Bi3K3Na2Sn1_icsd_050534_K_Li_Sn_As,-3.266318794,-8.191900253,4.925581459,-3.266318798,-3.426967859,0.160649061,-3.266318794,134.3
POSCAR_a5c5d4_104_Ba5Bi5In4_icsd_054853_Tl_As_Si,-3.929905288,-6.204864502,2.274959214,-3.929905176,-3.029998064,0.899907112,-3.929905288,134.7
POSCAR_a6b4b6e2_64_As6K6Na4Sn2_icsd_040560_Cs_K_Sb_Pb,-2.668486988,-5.284690857,2.616203869,-2.668487072,-2.950866222,0.28237915,-2.668486988,134.7
POSCAR_a3b1b4e1_14_K1Na4Sb3Sn1_icsd_054261_K_K_Ge_As,-3.072666159,-8.250380516,5.177714357,-3.072666168,-3.278533697,0.205867529,-3.072666159,134.9
POSCAR_a3b2b3e1_64_K3Na2P3Sn1_icsd_050532_Cs_K_Pb_Sb,-2.668281429,-5.264403343,2.596121914,-2.668281317,-2.94860363,0.280322313,-2.668281429,134.9
POSCAR_a6b2b8e2_14_K2Na8Sb6Sn2_icsd_057400_Bi_Rb_Pb_Cs,-2.567835863,-2.786356926,0.218521063,-2.567835808,-2.526966572,0.040869236,-2.567835863,135
POSCAR_a3b2b3e1_73_Bi3K3Na2Sn1_icsd_050534_Li_Na_Sn_Bi,-3.00859673,-4.294045448,1.285448718,-3.008596659,-2.486717463,0.521879196,-3.00859673,135
POSCAR_a3b4c1d1_7_Ca1Ga1Na4Sb3_icsd_291241_As_Pb_Tl_Rb,-2.932039819,-6.362492561,3.430452742,-2.932039738,-2.810788631,0.121251107,-2.932039819,135.1
POSCAR_a3b2b3e1_73_Bi3K3Na2Sn1_icsd_050534_Li_Cs_Si_As,-3.35781396,-5.803432941,2.445618981,-3.357814074,-3.073173761,0.284640313,-3.35781396,135.2
POSCAR_a6b4b6e2_64_As6K6Na4Sn2_icsd_040560_Li_Rb_Sb_Pb,-2.954670611,-5.788061619,2.833391008,-2.954670668,-2.776249409,0.178421259,-2.954670611,135.3
POSCAR_a1b1c1_186_Li1Sb1Zn1_icsd_042064_Bi_Ge_Li,-3.624428468,-2.958770037,0.665658431,-3.624428511,-2.784870625,0.839557886,-3.624428468,135.7
POSCAR_a2b2c1c1_26_Ba1Cd1K2Sb2_icsd_422272_As_Cs_Pb_Pb,-3.331550713,-3.398177624,0.066626911,-3.331550598,-2.839547396,0.492003202,-3.331550713,135.9
POSCAR_a2c2e1_14_As2Ba2Ge1_icsd_035151_Bi_Ge_Sn,-3.997147726,-4.078075409,0.080927683,-3.997147799,-2.768782377,1.228365422,-3.997147726,136.2
POSCAR_a6b7d3_2_As6Cs7In3_icsd_411989_Rb_P_Ga,-3.303803163,-7.473255157,4.169451994,-3.303803205,-3.37980485,0.076001645,-3.303803163,136.3
POSCAR_a1b1c1_194_Hg1K1Sb1_icsd_056201_Bi_Rb_Ca,-2.903582505,-2.891783476,0.011799029,-2.903582573,-3.080406666,0.176824093,-2.903582505,136.3
POSCAR_a3b4c1d1_7_Ca1Ga1Na4Sb3_icsd_291241_Bi_Ba_In_Rb,-2.765875788,-6.004050255,3.238174467,-2.765875816,-2.999197245,0.233321429,-2.765875788,136.3
POSCAR_a1b1c1_186_Li1Sb1Zn1_icsd_042064_Bi_Be_Li,-3.283598517,-3.036711931,0.246886586,-3.283598423,-2.993830442,0.289767981,-3.283598517,136.4
POSCAR_a3b2b3e1_73_Bi3K3Na2Sn1_icsd_050534_K_K_Pb_Bi,-2.668116855,-4.511715889,1.843599034,-2.668116808,-3.0308218,0.362704992,-2.668116855,136.5
POSCAR_a3b2b3e1_73_Bi3K3Na2Sn1_icsd_050534_Li_Rb_Pb_Sb,-2.953487444,-5.752212048,2.798724604,-2.953487396,-2.78700614,0.166481256,-2.953487444,136.5
POSCAR_a3b2b3e1_73_Bi3K3Na2Sn1_icsd_050534_Na_Li_Sn_Bi,-3.007073394,-4.284768581,1.277695187,-3.007073402,-2.506921291,0.500152111,-3.007073394,136.5
POSCAR_a3b2b3e1_73_Bi3K3Na2Sn1_icsd_050534_Rb_Cs_Pb_Sb,-2.618936734,-5.022796631,2.403859897,-2.618936777,-2.737817287,0.11888051,-2.618936734,136.6
POSCAR_a3b6d2_15_K6Sb3Tl2_icsd_093048_Bi_In_Li,-3.007216055,-8.009892464,5.002676409,-3.007215977,-2.535636425,0.471579552,-3.007216055,136.8
POSCAR_a6b7d3_2_As6Cs7In3_icsd_411989_K_Sb_Ga,-2.885546368,-6.109736919,3.224190551,-2.885546446,-3.178817272,0.293270826,-2.885546368,136.9
POSCAR_a3b4c1d1_7_Ca1Ga1Na4Sb3_icsd_291241_Bi_Sr_In_Rb,-2.717258081,-6.209217072,3.491958991,-2.717257977,-2.968691587,0.25143361,-2.717258081,137
POSCAR_a4c3_43_Eu3P4_icsd_631484_Mg_P,-4.146737104,-4.693690777,0.546953673,-4.146737099,-3.629889488,0.516847611,-4.146737104,137.6
POSCAR_a4c3d2_62_Al2Ba3P4_icsd_423778_Bi_Be_Ga,-3.354879502,-6.265250206,2.910370704,-3.354879618,-3.202698708,0.15218091,-3.354879502,137.7
POSCAR_a2c1e2_105_As2Ba1Ge2_icsd_026417_Sb_Pb_Sr,-3.726629529,-5.682184219,1.95555469,-3.726629496,-2.773611069,0.953018427,-3.726629529,138
POSCAR_a3b6d1_2_As3Ga1Na6_icsd_300276_Cs_As_Tl,-2.477697576,-5.721052647,3.243355071,-2.477697611,-2.821194172,0.343496561,-2.477697576,138.3
POSCAR_a3b2b3e1_64_K3Na2P3Sn1_icsd_050532_Li_Li_Pb_Sb,-3.253822865,-5.112791061,1.858968196,-3.253822803,-2.625432014,0.628390789,-3.253822865,138.8
POSCAR_a4b2c5_63_As4Rb2Zn5_icsd_250688_Zn_As_Na,-2.766868027,-3.114265919,0.347397892,-2.766868114,-2.764453888,0.002414226,-2.766868027,139.1
POSCAR_a4c3e2_4_Ba3P4Sn2_icsd_660381_As_Be_Ge,-4.225525171,-7.79624176,3.570716589,-4.225525379,-3.968154669,0.25737071,-4.225525171,139.1
POSCAR_a3b1b4e1_14_K1Na4Sb3Sn1_icsd_054261_Li_Li_Sn_Sb,-3.275182208,-6.02669239,2.751510182,-3.275182247,-2.757520199,0.517662048,-3.275182208,139.1
POSCAR_a3b1b4e1_14_K1Na4Sb3Sn1_icsd_054261_K_Na_Ge_P,-3.289558435,-9.263988495,5.97443006,-3.289558411,-3.627257109,0.337698698,-3.289558435,139.1
POSCAR_a8b12d4_2_Cs12In4P8_icsd_300148_Li_Bi_Ga,-3.107406534,-7.544017792,4.436611258,-3.107406616,-2.619665623,0.487740993,-3.107406534,139.4
POSCAR_a3b2b3e1_62_K2Na3P3Si1_icsd_300203_Cs_K_Sn_P,-3.070835132,-5.893965721,2.823130589,-3.070835114,-3.368087292,0.297252178,-3.070835132,139.6
POSCAR_a3b2b3e1_73_Bi3K3Na2Sn1_icsd_050534_Rb_Rb_Pb_Sb,-2.627970217,-6.326865196,3.698894979,-2.627970219,-2.901500463,0.273530244,-2.627970217,139.6
POSCAR_a3b2b3e1_73_Bi3K3Na2Sn1_icsd_050534_Cs_Na_Pb_P,-3.001063721,-4.93328619,1.932222469,-3.001063824,-3.249499321,0.248435497,-3.001063721,139.7
POSCAR_a3b1b4e1_14_K1Na4Sb3Sn1_icsd_054261_Cs_Cs_Sn_Sb,-2.709065524,-4.770082951,2.061017427,-2.709065437,-2.722177744,0.013112307,-2.709065524,140
POSCAR_a4b5_12_As4Na5_icsd_182165_Na_P,-3.513926948,-3.622845173,0.108918225,-3.513926983,-3.126117945,0.387809038,-3.513926948,140.3
POSCAR_a9c5_43_Ba5P9_icsd_098667_Sb_Be,-3.725257599,-5.306685925,1.581428326,-3.725257635,-2.956108809,0.769148826,-3.725257599,140.4
POSCAR_a6b4b6e2_64_As6K6Na4Sn2_icsd_040560_K_K_Bi_Pb,-2.664129013,-4.454072475,1.789943462,-2.664129019,-3.01275444,0.348625421,-2.664129013,140.4
POSCAR_a2c1e2_160_As2Sn2Sr1_icsd_611428_Ba_Sb_Si,-4.304435104,-2.814772844,1.48966226,-4.304435253,-3.132886887,1.171548366,-4.304435104,140.5
POSCAR_a3b4_63_K4P3_icsd_064625_As_K,-3.054822884,-4.205911636,1.151088752,-3.054822922,-3.336384058,0.281561136,-3.054822884,140.6
POSCAR_a3b2b3e1_64_K3Na2P3Sn1_icsd_050532_K_K_Pb_Bi,-2.663957918,-4.391211987,1.727254069,-2.663957834,-3.012345791,0.348387957,-2.663957918,140.6
POSCAR_a6b2b8e2_14_K2Na8Sb6Sn2_icsd_057400_Bi_K_Ge_Li,-3.117489955,-4.984671593,1.867181638,-3.117490053,-2.679426193,0.43806386,-3.117489955,140.6
POSCAR_a2c1_96_Cd1P2_icsd_062336_Sb_Ge,-4.109212981,-3.896860838,0.212352143,-4.109212875,-2.710764885,1.39844799,-4.109212981,140.8
POSCAR_a3b1b4e1_14_K1Na4Sb3Sn1_icsd_054261_K_Rb_Si_P,-3.353131169,-7.864741325,4.511610156,-3.353131056,-3.439620733,0.086489677,-3.353131169,140.8
POSCAR_a6b2b8e2_14_K2Na8Sb6Sn2_icsd_057400_Sb_Na_Pb_Na,-2.807649696,-5.883060932,3.075411236,-2.807649612,-2.634691715,0.172957897,-2.807649696,140.8
POSCAR_a9c7d4_59_Ba7Ga4Sb9_icsd_060583_Bi_Si_Al,-4.159388473,-2.661704302,1.497684171,-4.159388542,-2.626874447,1.532514095,-4.159388473,141.5
POSCAR_a3b2b3e1_73_Bi3K3Na2Sn1_icsd_050534_Rb_Li_Pb_P,-3.288351025,-7.540732384,4.252381359,-3.288351059,-3.620946407,0.332595348,-3.288351025,141.5
POSCAR_a8c11e2_139_Bi8Sn2Yb11_icsd_263134_Sn_P_Ge,-4.486467653,-9.201174736,4.714707083,-4.486467838,-3.624793291,0.861674547,-4.486467653,141.7
POSCAR_a6b4b6e2_64_As6K6Na4Sn2_icsd_040560_Cs_Na_Sb_Pb,-2.722203196,-4.152076244,1.429873048,-2.722203255,-2.798959494,0.076756239,-2.722203196,141.7
POSCAR_a3c2_52_Bi3Sr2_icsd_106329_Hg_Sb,-2.423017575,-2.544466734,0.121449159,-2.423017502,-1.964784265,0.458233237,-2.423017575,141.8
POSCAR_a3b2b3e1_62_K2Na3P3Si1_icsd_300203_Na_K_Sn_Sb,-2.855132584,-5.215411663,2.360279079,-2.85513258,-2.912479401,0.057346821,-2.855132584,142
POSCAR_a6b4b6e2_64_As6K6Na4Sn2_icsd_040560_Rb_Rb_Bi_Pb,-2.572556972,-4.981163979,2.408607007,-2.572556973,-2.867016315,0.294459342,-2.572556972,142.4
POSCAR_a3b4c1d1_7_Ca1Ga1Na4Sb3_icsd_291241_Sb_Ba_Ga_K,-2.957338859,-7.810963631,4.853624772,-2.95733881,-3.327299595,0.369960785,-2.957338859,142.6
POSCAR_a6b2b8e2_14_K2Na8Sb6Sn2_icsd_057400_P_K_Sn_Cs,-3.06786964,-6.150261879,3.082392239,-3.067869663,-3.276691914,0.208822251,-3.06786964,142.6
POSCAR_a5b7d2_11_Al2Na7Sb5_icsd_048168_Na_In_Bi,-2.765329874,-5.213355064,2.44802519,-2.765329838,-2.611628056,0.153701782,-2.765329874,142.8
POSCAR_a3b1b4e1_14_K1Na4Sb3Sn1_icsd_054261_Cs_K_Sn_P,-3.067495544,-6.153824329,3.086328785,-3.067495584,-3.276563644,0.20906806,-3.067495544,143
POSCAR_a3b2b3e1_64_K3Na2P3Sn1_icsd_050532_Rb_Rb_Sn_Sb,-2.729231831,-7.478989601,4.74975777,-2.729231834,-2.989889622,0.260657788,-2.729231831,143.3
POSCAR_a3c2c2_12_Eu2P3Zn2_icsd_426082_Ge_Bi_Zn,-3.225793385,-2.544489384,0.681304001,-3.225793362,-2.641499758,0.584293604,-3.225793385,143.4
POSCAR_a3b2b3e1_73_Bi3K3Na2Sn1_icsd_050534_Rb_Cs_Ge_As,-2.83123355,-5.608634949,2.777401399,-2.831233501,-2.985388517,0.154155016,-2.83123355,143.4
POSCAR_a3b2b3e1_73_Bi3K3Na2Sn1_icsd_050534_Na_Rb_Ge_As,-3.070729266,-5.98370266,2.912973394,-3.070729256,-3.028703928,0.042025328,-3.070729266,143.7
POSCAR_a6b4b6e2_64_As6K6Na4Sn2_icsd_040560_K_Li_As_Ge,-3.371275703,-8.4348526,5.063576897,-3.371275663,-3.443589926,0.072314263,-3.371275703,143.7
POSCAR_a3b2b3e1_64_K3Na2P3Sn1_icsd_050532_K_Li_Ge_As,-3.371238197,-8.435477257,5.06423906,-3.371238232,-3.44315815,0.071919918,-3.371238197,143.7
POSCAR_a4b3c3d1_186_Al1Ca3Na3Sb4_icsd_291242_Rb_Cd_Al_Sb,-2.55133888,-2.630752563,0.079413683,-2.551338911,-2.781022072,0.229683161,-2.55133888,144
POSCAR_a12c14e3_146_As12Sn3Sr14_icsd_195752_Pb_As_Pb,-4.072491836,-5.796460152,1.723968316,-4.072491646,-2.956865788,1.115625858,-4.072491836,144.2
POSCAR_a3b2b3e1_73_Bi3K3Na2Sn1_icsd_050534_Rb_Cs_Pb_Bi,-2.558582751,-2.860880375,0.302297624,-2.558582783,-2.563109636,0.004526853,-2.558582751,144.2
POSCAR_a6b4b6e2_64_As6K6Na4Sn2_icsd_040560_Cs_Cs_Bi_Pb,-2.544433874,-2.544466734,3.29E-05,-2.544433832,-2.642589092,0.09815526,-2.544433874,144.2
POSCAR_a3b1b4e1_14_K1Na4Sb3Sn1_icsd_054261_Na_Na_Ge_Sb,-2.944436466,-8.02994442,5.085507954,-2.94443655,-2.735028982,0.209407568,-2.944436466,144.3
POSCAR_a3b2b3e1_62_K2Na3P3Si1_icsd_300203_Cs_K_Pb_Bi,-2.60585163,-3.415198803,0.809347173,-2.60585165,-2.674544811,0.068693161,-2.60585163,144.6
POSCAR_a8c11e2_139_Bi8Sn2Yb11_icsd_263134_Ba_Bi_Sn,-3.826201244,-7.148988724,3.32278748,-3.8262012,-3.400218725,0.425982475,-3.826201244,144.7
POSCAR_a6b2b8e2_14_K2Na8Sb6Sn2_icsd_057400_Bi_Rb_Sn_Rb,-2.672531743,-6.174230576,3.501698833,-2.672531843,-2.944604397,0.272072554,-2.672531743,144.7
POSCAR_a3b2b3e1_73_Bi3K3Na2Sn1_icsd_050534_Na_Rb_Ge_P,-3.248786278,-6.723900795,3.475114517,-3.248786211,-3.319551229,0.070765018,-3.248786278,144.8
POSCAR_a2c1d2_62_Eu1Ga2Sb2_icsd_182776_Ca_As_Tl,-3.470057465,-4.99864912,1.528591655,-3.470057487,-3.294056416,0.176001071,-3.470057466,144.9
POSCAR_a3b2b3e1_73_Bi3K3Na2Sn1_icsd_050534_Rb_K_Pb_P,-2.972092245,-6.808320045,3.8362278,-2.972092152,-3.405943632,0.43385148,-2.972092245,144.9
POSCAR_a1d1_186_In1Sb1_icsd_156995_Sb_Tl,-3.135174465,-2.820516586,0.314657879,-3.135174513,-2.934722424,0.200452089,-3.135174465,145
POSCAR_a1d1_141_In1Sb1_icsd_156995_Sb_Tl,-3.135174465,-2.820516586,0.314657879,-3.135174513,-2.934722424,0.200452089,-3.135174465,145
POSCAR_a3b2b3e1_64_K3Na2P3Sn1_icsd_050532_Li_Rb_Pb_Bi,-2.87039762,-4.786610126,1.916212506,-2.870397568,-2.596991062,0.273406506,-2.87039762,145
POSCAR_a3b2b3e1_73_Bi3K3Na2Sn1_icsd_050534_Rb_Rb_Sn_As,-2.86114289,-6.046134949,3.184992059,-2.861142874,-2.981646061,0.120503187,-2.86114289,145
POSCAR_a3b1b4e1_14_K1Na4Sb3Sn1_icsd_054261_Rb_Na_Sn_As,-2.971179394,-6.37773037,3.406550976,-2.971179485,-2.94709444,0.024085045,-2.971179394,145.3
POSCAR_a3b2b3e1_62_K2Na3P3Si1_icsd_300203_K_Cs_Si_As,-3.160115582,-6.177164078,3.017048496,-3.16011548,-3.060676098,0.099439382,-3.160115582,145.5
POSCAR_a2b2c1c1_26_Ba1Cd1K2Sb2_icsd_422272_As_Cs_Ba_Ca,-3.2610857,-3.819794178,0.558708478,-3.261085749,-3.549114704,0.288028955,-3.2610857,145.6
POSCAR_a1b1c1_194_Hg1K1Sb1_icsd_056201_Bi_Na_Zn,-2.37018946,-2.685058355,0.314868895,-2.370189428,-2.464154005,0.093964577,-2.37018946,145.7
POSCAR_a6b4b6e2_64_As6K6Na4Sn2_icsd_040560_Cs_Cs_Sb_Ge,-2.701766658,-5.365620613,2.663853955,-2.701766729,-2.72640276,0.024636031,-2.701766658,145.8
POSCAR_a3b2b3e1_62_K2Na3P3Si1_icsd_300203_K_K_Sn_Bi,-2.746592145,-3.7104702,0.963878055,-2.746592045,-3.116819859,0.370227814,-2.746592145,146
POSCAR_a2b4c1_166_As2Cd1K4_icsd_300190_Rb_Bi_Cd,-2.205080277,-2.653913498,0.448833221,-2.205080271,-2.963538885,0.758458614,-2.205080277,146.1
POSCAR_a4c3e2_4_Ba3P4Sn2_icsd_660381_P_Mg_Sn,-4.063023579,-7.547585487,3.484561908,-4.063023567,-3.817442179,0.245581388,-4.063023579,146.2
POSCAR_a3b2b3e1_73_Bi3K3Na2Sn1_icsd_050534_Rb_K_Sn_P,-3.07565275,-7.015210152,3.939557402,-3.075652838,-3.503564119,0.427911281,-3.07565275,146.4
POSCAR_a4b3b6d1_194_Cs6Ga1K3Sb4_icsd_300150_K_P_Rb_Ga,-2.671814346,-7.194752693,4.522938347,-2.671814442,-3.285870314,0.614055872,-2.671814346,146.4
POSCAR_a4b6d2_14_Al2Cs6P4_icsd_300131_Cs_P_In,-3.028251755,-7.300544739,4.272292984,-3.028251648,-3.274863243,0.246611595,-3.028251755,146.5
POSCAR_a3b4c1d1_7_Ca1Ga1Na4Sb3_icsd_291241_Sb_Sr_In_Cs,-2.753214334,-5.72277689,2.969562556,-2.753214359,-2.802042484,0.048828125,-2.753214334,146.5
POSCAR_a2b3d1_72_In1K3P2_icsd_300141_Bi_Li_Ga,-3.100156906,-3.567896843,0.467739937,-3.100157022,-2.625775814,0.474381208,-3.100156906,146.6
POSCAR_a3b2b3e1_62_K2Na3P3Si1_icsd_300203_Na_Na_Si_P,-3.534443911,-6.578888893,3.044444982,-3.534443855,-3.224606037,0.309837818,-3.534443911,146.8
POSCAR_a1b1e1_186_Li1Sb1Sn1_icsd_603169_Bi_Pb_Na,-3.12937876,-3.605473757,0.476094997,-3.129378796,-2.58187294,0.547505856,-3.12937876,147
POSCAR_a6b4b6e2_64_As6K6Na4Sn2_icsd_040560_Rb_Na_Sb_Sn,-2.79041751,-5.658231735,2.867814225,-2.790417433,-2.899863243,0.10944581,-2.79041751,147
POSCAR_a3b2b3e1_73_Bi3K3Na2Sn1_icsd_050534_Rb_K_Pb_Sb,-2.668364301,-5.71957922,3.051214919,-2.668364286,-2.989838839,0.321474553,-2.668364301,147.4
POSCAR_a3b2b3e1_64_K3Na2P3Sn1_icsd_050532_Li_Li_Sn_Bi,-3.191366664,-4.647940636,1.456573972,-3.191366673,-2.540520668,0.650846005,-3.191366664,147.4
POSCAR_a5c8e3_139_Ge3Sb5Yb8_icsd_170575_As_Pb_Si,-4.554478886,-4.388936996,0.16554189,-4.554479122,-2.944549084,1.609930038,-4.554478886,147.5
POSCAR_a4c5_62_Ba5P4_icsd_413273_P_Sn,-4.587332178,-7.685671806,3.098339628,-4.587332249,-3.745142221,0.842190028,-4.587332178,147.6
POSCAR_a2b2c1c1_26_Ba1Cd1K2Sb2_icsd_422272_Sb_Li_Mg_Pb,-3.182155752,-3.261281967,0.079126215,-3.182155848,-2.690652132,0.491503716,-3.182155752,147.7
POSCAR_a6b4b6e2_64_As6K6Na4Sn2_icsd_040560_Li_Li_Bi_Sn,-3.191013042,-4.62110281,1.430089768,-3.191013098,-2.529454947,0.661558151,-3.191013042,147.8
POSCAR_a1b1c1_194_Hg1K1Sb1_icsd_056201_As_K_Hg,-2.369593723,-2.831899405,0.462305682,-2.36959362,-2.817392349,0.447798729,-2.369593723,148.1
POSCAR_a6b2b8e2_14_K2Na8Sb6Sn2_icsd_057400_Sb_K_Sn_Rb,-2.770028374,-7.647618294,4.87758992,-2.770028353,-3.024058342,0.254029989,-2.770028374,148.1
POSCAR_a6c6e2_14_Ba6P6Sn2_icsd_035342_Bi_Sr_Sn,-3.681934084,-4.915374756,1.233440672,-3.681934118,-3.038481236,0.643452882,-3.681934084,148.4
POSCAR_a6b4b6e2_64_As6K6Na4Sn2_icsd_040560_Na_Na_Sb_Pb,-2.800035186,-5.190177917,2.390142731,-2.800035238,-2.639083147,0.160952091,-2.800035186,148.4
POSCAR_a4b3b6d1_194_Cs6Ga1K3Sb4_icsd_300150_Cs_Sb_Cs_Ga,-2.337787801,-5.422114372,3.084326571,-2.337787867,-2.595374107,0.25758624,-2.337787801,148.7
POSCAR_a3b1b4e1_14_K1Na4Sb3Sn1_icsd_054261_Rb_Na_Pb_P,-3.01340219,-6.556185722,3.542783532,-3.013402224,-3.042205811,0.028803587,-3.01340219,148.7
POSCAR_a2c1e1_225_Hg1P2Si1_icsd_247969_Bi_Sn_Ba,-3.822111075,-2.906495571,0.915615504,-3.82211113,-3.477989912,0.344121218,-3.822111075,148.8
POSCAR_a3b2b3e1_73_Bi3K3Na2Sn1_icsd_050534_Rb_Li_Ge_As,-3.275124254,-6.973143578,3.698019324,-3.275124311,-3.39038372,0.115259409,-3.275124254,149
POSCAR_a2c1d2_11_Ba1In2P2_icsd_260564_P_Be_Tl,-3.807203115,-5.60438633,1.797183215,-3.807203054,-3.633437872,0.173765182,-3.807203115,149.2
POSCAR_a4b3b6d1_194_Cs6Ga1K3Sb4_icsd_300150_Rb_P_Na_Ga,-2.763443078,-6.40653801,3.643094932,-2.763442993,-3.016306877,0.252863884,-2.763443078,149.3
POSCAR_a6c6d2_64_Ba6Ga2P6_icsd_402177_As_Cd_Tl,-2.680442567,-4.655972004,1.975529437,-2.680442572,-2.686228752,0.00578618,-2.680442568,149.5
POSCAR_a1e1_141_Bi1Sn1_icsd_160382_As_Sn,-4.291108801,-3.405364513,0.885744288,-4.291108608,-3.076895952,1.214212656,-4.291108801,149.6
POSCAR_a6b2b8e2_14_K2Na8Sb6Sn2_icsd_057400_P_Na_Pb_Rb,-3.012506427,-6.504823685,3.492317258,-3.012506485,-3.045707226,0.033200741,-3.012506427,149.6
POSCAR_a6c2e3_62_Ba2Sb6Sn3_icsd_082529_Bi_Mg_Si,-3.758701917,-2.999418974,0.759282943,-3.758701801,-2.645320415,1.113381386,-3.758701917,149.8
POSCAR_a2b2c1c1_26_Ba1Cd1K2Sb2_icsd_422272_Sb_K_Be_Mg,-2.900621229,-3.497527361,0.596906132,-2.900621176,-3.248134136,0.34751296,-2.900621229,149.8
POSCAR_a6b7c4_12_Bi6Eu4Li7_icsd_428116_Sr_Bi_Na,-2.933314744,-3.717411757,0.784097013,-2.9333148,-2.966148615,0.032833815,-2.933314744,150.4
POSCAR_a3b1b4e1_14_K1Na4Sb3Sn1_icsd_054261_Cs_Na_Sn_P,-3.097194149,-5.722593307,2.625399158,-3.097194195,-3.268368721,0.171174526,-3.097194149,150.6
POSCAR_a2b2c1c1_26_Ba1Cd1K2Sb2_icsd_422272_Sb_Na_Sn_Ca,-3.302212065,-3.445131779,0.142919714,-3.302212,-2.969095945,0.333116055,-3.302212065,150.6
POSCAR_a4b3c3d1_186_Al1Ca3Na3Sb4_icsd_291242_Cs_Hg_Al_Sb,-2.385596635,-2.544466734,0.158870099,-2.385596752,-2.568906307,0.183309555,-2.385596635,150.9
POSCAR_a7b4c7_63_As7Rb4Zn7_icsd_237457_Hg_Sb_Rb,-2.095468703,-2.544466734,0.448998031,-2.09546876,-2.334153175,0.238684415,-2.095468703,151
POSCAR_a4c3d2_62_Al2Ba3P4_icsd_423778_Bi_Si_Al,-4.149776806,-2.544466734,1.605310072,-4.149776936,-2.621903181,1.527873755,-4.149776806,151.1
POSCAR_a6b2b8e2_14_K2Na8Sb6Sn2_icsd_057400_P_K_Pb_Cs,-2.952089838,-6.074295044,3.122205206,-2.952089787,-3.256875277,0.30478549,-2.952089838,151.4
POSCAR_a6b4b6e2_64_As6K6Na4Sn2_icsd_040560_Li_Cs_Bi_Sn,-2.918437408,-4.046272278,1.12783487,-2.918437481,-2.772932291,0.14550519,-2.918437408,151.6
POSCAR_a4b3b6d1_194_Cs6Ga1K3Sb4_icsd_300150_Na_Bi_Li_In,-2.65666725,-4.379714012,1.723046762,-2.656667233,-2.551623821,0.105043412,-2.65666725,151.6
POSCAR_a2c1e2_166_As2Sn2Sr1_icsd_611428_Pb_Bi_Si,-4.294970804,-2.798231125,1.496739679,-4.294970989,-2.617263556,1.677707433,-4.294970804,151.7
POSCAR_a4c3e2_14_As4Ge2Sr3_icsd_016454_Ba_Ge_Bi,-3.98171134,-4.353093147,0.371381807,-3.981711388,-3.519349813,0.462361575,-3.98171134,151.8
POSCAR_a3b2b3e1_73_Bi3K3Na2Sn1_icsd_050534_Cs_Na_Sn_Bi,-2.71745536,-3.656075478,0.938620118,-2.717455387,-2.747326851,0.029871464,-2.71745536,151.8
POSCAR_a6b4b6e2_64_As6K6Na4Sn2_icsd_040560_Na_Li_Sb_Pb,-3.018186518,-4.913905144,1.895718626,-3.018186569,-2.599389791,0.418796778,-3.018186518,152.3
POSCAR_a3b2b3e1_73_Bi3K3Na2Sn1_icsd_050534_K_K_Sn_Sb,-2.809654173,-6.49932766,3.689673487,-2.809654236,-3.164339066,0.35468483,-2.809654173,152.5
POSCAR_a6b4b6e2_64_As6K6Na4Sn2_icsd_040560_K_K_As_Ge,-3.05497094,-7.900504112,4.845533172,-3.05497098,-3.321323395,0.266352415,-3.05497094,152.6
POSCAR_a2b2c1c1_26_Ba1Cd1K2Sb2_icsd_422272_P_Rb_Ge_Pb,-3.728434781,-3.841579437,0.113144656,-3.728434801,-3.218536615,0.509898186,-3.728434781,152.6
POSCAR_a3b2b3e1_62_K2Na3P3Si1_icsd_300203_Cs_K_Sn_As,-2.906994886,-5.715227127,2.808232241,-2.90699482,-3.01348567,0.10649085,-2.906994886,152.9
POSCAR_a1b1e1_186_Li1Sb1Sn1_icsd_603169_As_Pb_Na,-3.381370516,-4.722041607,1.340671091,-3.381370544,-2.710591793,0.670778751,-3.381370516,153
POSCAR_a3b2b3e1_64_K3Na2P3Sn1_icsd_050532_Cs_K_Sn_Sb,-2.753191769,-6.011893272,3.258701503,-2.75319171,-3.034700871,0.281509161,-2.753191769,153.2
POSCAR_a3b2b3e1_64_K3Na2P3Sn1_icsd_050532_K_Li_Si_P,-3.754590589,-8.25873661,4.504146021,-3.754590511,-3.770236731,0.01564622,-3.754590589,153.5
POSCAR_a4b6d2_14_Al2Cs6P4_icsd_300131_K_Sb_In,-2.781668007,-8.34926033,5.567592323,-2.781667948,-3.13710022,0.355432272,-2.781668007,153.7
POSCAR_a5c5d4_104_Ba5Bi5In4_icsd_054853_In_Sb_Pb,-3.480961725,-5.880046368,2.399084643,-3.4809618,-2.611569405,0.869392395,-3.480961725,153.7
POSCAR_a2b2e1_72_As2Rb2Sn1_icsd_071223_Sb_Ge_Cs,-3.259004228,-3.225975752,0.033028476,-3.259004116,-3.040552855,0.218451261,-3.259004228,153.8
POSCAR_a3b2b3e1_73_Bi3K3Na2Sn1_icsd_050534_Rb_Cs_Pb_P,-2.89410049,-5.716785431,2.822684941,-2.894100428,-3.227515936,0.333415508,-2.89410049,153.9
POSCAR_a3b2b3e1_62_K2Na3P3Si1_icsd_300203_Na_Cs_Sn_Bi,-2.715152475,-3.418282509,0.703130034,-2.715152502,-2.712297916,0.002854586,-2.715152475,154.1
POSCAR_a4c2e1_62_As4Cd2Ge1_icsd_042132_Si_As_Cd,-3.79778295,-4.064797401,0.267014451,-3.797782898,-2.821843386,0.975939512,-3.79778295,154.2
POSCAR_a2c1e2_105_As2Ba1Ge2_icsd_026417_Sb_Pb_Pb,-3.799038848,-4.002741814,0.203702966,-3.799038887,-2.516876698,1.282162189,-3.799038848,154.3
POSCAR_a3b1c4_166_As3Cd4Rb1_icsd_262037_P_Li_Mg,-3.672505368,-3.273258686,0.399246682,-3.672505379,-3.588154793,0.084350586,-3.672505368,154.3
POSCAR_a2c1e1_122_As2Mg1Si1_icsd_182367_Bi_Hg_Pb,-2.849289675,-2.544466734,0.304822941,-2.849289656,-2.785047531,0.064242125,-2.849289675,154.3
POSCAR_a4b6d2_14_Al2Cs6P4_icsd_300131_Rb_Sb_In,-2.707633196,-8.513870239,5.806237043,-2.707633257,-2.988402605,0.280769348,-2.707633196,154.3
POSCAR_a3b2b3e1_62_K2Na3P3Si1_icsd_300203_Rb_Cs_Sn_Bi,-2.652572831,-3.570910454,0.918337623,-2.65257287,-2.793602228,0.141029358,-2.652572831,154.6
POSCAR_a2b2c1c1_26_Ba1Cd1K2Sb2_icsd_422272_As_Rb_Mg_Ba,-3.046225517,-3.433739424,0.387513907,-3.046225548,-3.296049118,0.24982357,-3.046225517,154.8
POSCAR_a8b12d4_2_Cs12In4P8_icsd_300148_Rb_Sb_Tl,-2.57637926,-8.585450172,6.009070912,-2.576379299,-2.843808889,0.26742959,-2.57637926,155.4
POSCAR_a3b2b3e1_64_K3Na2P3Sn1_icsd_050532_Cs_K_Pb_Bi,-2.594839112,-2.849669218,0.254830106,-2.594839096,-2.825894356,0.23105526,-2.594839112,155.6
POSCAR_a4c3d2_58_Eu3In2P4_icsd_170634_Hg_As_Tl,-2.463360528,-3.326569557,0.863209029,-2.463360548,-2.438760042,0.024600506,-2.463360528,156
POSCAR_a2c1e2_160_As2Sn2Sr1_icsd_611428_Be_Bi_Sn,-3.697290488,-2.866582394,0.830708094,-3.697290421,-2.839776516,0.857513905,-3.697290488,156
POSCAR_a1b1c1_62_Cd1Na1Sb1_icsd_012159_Cs_Bi_Hg,-2.018492545,-2.544466734,0.525974189,-2.01849246,-2.144517899,0.126025439,-2.018492545,156.4
POSCAR_a3b4c1d1_7_Ca1Ga1Na4Sb3_icsd_291241_Bi_Pb_Tl_K,-2.757972858,-5.093024254,2.335051396,-2.757972956,-2.888318062,0.130345106,-2.757972858,156.7
POSCAR_a6c5d2_55_Ca5Ga2Sb6_icsd_036466_Sb_Zn_In,-2.729325712,-2.544466734,0.184858978,-2.729325771,-2.549315929,0.180009842,-2.729325712,156.9
POSCAR_a3b2b3e1_64_K3Na2P3Sn1_icsd_050532_Na_Na_Si_P,-3.524314146,-8.430438042,4.906123896,-3.524314165,-3.325903416,0.198410749,-3.524314146,157
POSCAR_a2c1d2_11_Ba1In2P2_icsd_260564_Sb_Be_In,-3.371565472,-4.45515728,1.083591808,-3.37156558,-2.956985712,0.414579868,-3.371565472,157.3
POSCAR_a3b4c1d1_7_Ca1Ga1Na4Sb3_icsd_291241_Bi_Sr_Al_Na,-2.982578568,-6.448368073,3.465789505,-2.982578516,-2.855640888,0.126937628,-2.982578568,157.3
POSCAR_a6b2b8e2_14_K2Na8Sb6Sn2_icsd_057400_Sb_Na_Ge_Na,-2.931257931,-8.038763046,5.107505115,-2.931257963,-2.738076687,0.193181276,-2.931257931,157.5
POSCAR_a3b2b3e1_64_K3Na2P3Sn1_icsd_050532_Cs_Rb_Si_P,-3.20252996,-5.773921967,2.571392007,-3.202529907,-3.17361331,0.028916597,-3.20252996,157.5
POSCAR_a8b12d4_2_Cs12In4P8_icsd_300148_Cs_Sb_Tl,-2.552790938,-5.315680981,2.762890043,-2.55279088,-2.637906313,0.085115433,-2.552790938,157.6
POSCAR_a3b4c1d1_7_Ca1Ga1Na4Sb3_icsd_291241_As_Ca_In_K,-3.123273181,-8.591162682,5.467889501,-3.123273134,-3.407817602,0.284544468,-3.123273181,157.6
POSCAR_a8b12d4_2_Cs12In4P8_icsd_300148_Na_Sb_In,-2.803641969,-9.136437416,6.332795447,-2.803642035,-2.689489603,0.114152432,-2.803641969,157.7
POSCAR_a6b4b6e2_64_As6K6Na4Sn2_icsd_040560_Li_Cs_Bi_Pb,-2.845585381,-3.795885086,0.950299705,-2.845585346,-2.701573849,0.144011497,-2.845585381,157.7
POSCAR_a12b4c8d4_12_Al4Eu8Na4P12_icsd_409320_Hg_Li_Ga_Bi,-2.520080584,-2.614117384,0.0940368,-2.520080566,-2.196217537,0.323863029,-2.520080584,157.7
POSCAR_a1b1c1_129_Mn1Na1Sb1_icsd_060735_Li_Mg_Sb,-2.99781707,-2.875556707,0.122260363,-2.997817039,-2.821251869,0.17656517,-2.99781707,158.6
POSCAR_a4c3e2_14_As4Ge2Sr3_icsd_016454_Pb_Ge_Bi,-3.96776369,-3.734764099,0.232999591,-3.967763662,-2.699442387,1.268321275,-3.96776369,158.9
POSCAR_a3b4c1d1_7_Ca1Ga1Na4Sb3_icsd_291241_As_Pb_In_Na,-3.209841,-6.964199066,3.754358066,-3.209841013,-2.823909521,0.385931492,-3.209841,159.1
POSCAR_a2b3d1_14_As2In1Na3_icsd_300139_Cs_Bi_In,-2.560752736,-5.093607903,2.532855167,-2.56075263,-2.537047386,0.023705244,-2.560752736,159.5
POSCAR_a6b2b8e2_14_K2Na8Sb6Sn2_icsd_057400_Sb_Cs_Ge_Na,-2.880064862,-7.210622787,4.330557925,-2.880064964,-2.802708387,0.077356577,-2.880064862,159.6
POSCAR_a3b2b3e1_73_Bi3K3Na2Sn1_icsd_050534_Na_Li_Si_P,-3.760664262,-6.894542694,3.133878432,-3.760664225,-3.419095278,0.341568947,-3.760664262,159.7
POSCAR_a3c2_71_Ba2Bi3_icsd_170218_As_Sn,-4.280822316,-3.077011108,1.203811208,-4.280822277,-3.772460938,0.508361339,-4.280822316,159.9
POSCAR_a5c5d4_104_Ba5Bi5In4_icsd_054853_Al_Bi_Be,-3.54091371,-5.0208745,1.47996079,-3.54091382,-3.03801775,0.50289607,-3.54091371,160
POSCAR_a3b2b3e1_62_K2Na3P3Si1_icsd_300203_Na_Li_Ge_P,-3.528350319,-7.090312958,3.561962639,-3.528350353,-3.389848471,0.138501882,-3.528350319,160.1
POSCAR_a6b2b8e2_14_K2Na8Sb6Sn2_icsd_057400_Bi_K_Pb_Cs,-2.58953475,-2.833663225,0.244128475,-2.58953476,-2.629901648,0.040366888,-2.58953475,160.9
POSCAR_a3b2b3e1_62_K2Na3P3Si1_icsd_300203_Cs_Cs_Sn_Bi,-2.634411197,-2.8509655,0.216554303,-2.634411097,-2.492842674,0.141568423,-2.634411197,161.2
POSCAR_a3c3d2_12_Cd3Sb3Tl2_icsd_076500_Bi_Ga_Be,-3.330984703,-4.312842369,0.981857666,-3.330984592,-3.396689177,0.065704585,-3.330984703,161.6
POSCAR_a4b6d1_15_Na6Sb4Tl1_icsd_096942_Sb_Tl_Rb,-2.570085563,-8.464102745,5.894017182,-2.570085526,-2.951937199,0.381851673,-2.570085563,161.7
POSCAR_a2c1c1_139_Ba1Bi2Mn1_icsd_615787_Sr_Bi_Pb,-3.611540368,-2.983681202,0.627859166,-3.611540318,-2.699670553,0.911869765,-3.611540368,162
POSCAR_a5c2d5_62_Ba2In5P5_icsd_161774_P_Be_Tl,-3.794038468,-9.915811539,6.121773071,-3.794038534,-3.634289026,0.159749508,-3.794038468,162.4
POSCAR_a1c1e1_129_Eu1P1Sn1_icsd_095081_Sr_Sb_Ge,-3.901565955,-3.103524685,0.79804127,-3.901566029,-3.408864737,0.492701292,-3.901565955,162.7
POSCAR_a6b4b6e2_64_As6K6Na4Sn2_icsd_040560_Rb_Na_P_Si,-3.394657936,-6.68576622,3.291108284,-3.39465785,-3.279150724,0.115507126,-3.394657936,162.7
POSCAR_a3b2b3e1_62_K2Na3P3Si1_icsd_300203_Na_Cs_Pb_Bi,-2.641790621,-3.216420174,0.574629553,-2.641790628,-2.645158052,0.003367424,-2.641790621,163.1
POSCAR_a1b1c1_33_As1Cd1Na1_icsd_009571_Li_P_Zn,-3.357245904,-3.424868822,0.067622918,-3.357245922,-3.258049488,0.099196434,-3.357245904,163.2
POSCAR_a2c1d2_10_As2Ga2Sr1_icsd_422527_Ca_Sb_Tl,-3.274624821,-4.278957844,1.004333023,-3.274624825,-2.843120098,0.431504727,-3.274624821,163.5
POSCAR_a1b1c1_129_Mn1Na1Sb1_icsd_060735_Li_Zn_Sb,-2.740593152,-2.710366964,0.030226188,-2.740593195,-2.584746122,0.155847073,-2.740593152,163.7
POSCAR_a2b2e1_72_As2Rb2Sn1_icsd_071223_Sb_Pb_Li,-3.432864098,-3.117670059,0.315194039,-3.432864189,-2.692358971,0.740505218,-3.432864098,163.9
POSCAR_a4c1e3_62_Eu1Sb4Sn3_icsd_411250_Pb_Bi_Pb,-3.799366266,-3.492973804,0.306392462,-3.799366236,-2.813594341,0.985771895,-3.799366266,164
POSCAR_a2b2c1c1_26_Ba1Cd1K2Sb2_icsd_422272_Sb_Li_Pb_Sr,-3.443590256,-3.540989161,0.097398905,-3.443590164,-2.815606594,0.62798357,-3.443590256,164.1
POSCAR_a2c1d2_62_Eu1Ga2Sb2_icsd_182776_Pb_Sb_Tl,-3.305861995,-3.936888695,0.6310267,-3.30586195,-2.417885303,0.887976647,-3.305861995,164.2
POSCAR_a3b2b3e1_64_K3Na2P3Sn1_icsd_050532_Na_Na_Pb_Bi,-2.733734552,-4.050251007,1.316516455,-2.733734608,-2.631850958,0.10188365,-2.733734552,164.2
POSCAR_a4b3b6d1_194_Cs6Ga1K3Sb4_icsd_300150_Cs_As_Rb_Ga,-2.478656894,-5.317943573,2.839286679,-2.478657007,-2.826768875,0.348111868,-2.478656894,164.4
POSCAR_a3c3d1_62_Ca3In1P3_icsd_060125_P_Cd_Tl,-2.855711513,-3.889670372,1.033958859,-2.85571146,-2.992351294,0.136639834,-2.855711513,164.5
POSCAR_a3b2b3e1_62_K2Na3P3Si1_icsd_300203_K_Cs_Ge_Sb,-2.849420689,-4.522868156,1.673447467,-2.849420786,-3.114693403,0.265272617,-2.849420689,164.5
POSCAR_a2c1d2_166_As2Ca1Ga2_icsd_422526_Ge_P_In,-4.135940428,-3.181625366,0.954315062,-4.135940552,-3.887705803,0.248234749,-4.135940428,165.4
POSCAR_a6b4b6e2_64_As6K6Na4Sn2_icsd_040560_K_Na_Sb_Sn,-2.831463965,-5.893743515,3.06227955,-2.831464052,-2.936704874,0.105240822,-2.831463965,165.7
POSCAR_a4b6d2_14_Al2Cs6P4_icsd_300131_Na_Bi_In,-2.742385157,-7.20181942,4.459434263,-2.742385149,-2.621189356,0.121195793,-2.742385157,165.8
POSCAR_a3c3d2_12_Cd3Sb3Tl2_icsd_076500_Sb_In_Zn,-2.720198233,-3.112245798,0.392047565,-2.720198154,-2.734750986,0.014552832,-2.720198233,166
POSCAR_a2b4c1_166_As2Cd1K4_icsd_300190_Cs_Sb_Cd,-2.246782301,-2.546677351,0.29989505,-2.246782303,-2.683816433,0.43703413,-2.246782301,166.2
POSCAR_a3b2b3e1_73_Bi3K3Na2Sn1_icsd_050534_Cs_K_Sn_P,-3.044220273,-7.08577919,4.041558917,-3.044220209,-3.515403271,0.471183062,-3.044220273,166.2
POSCAR_a4b3b6d1_194_Cs6Ga1K3Sb4_icsd_300150_K_Bi_K_Al,-2.49326082,-5.241803169,2.748542349,-2.49326086,-3.184767008,0.691506148,-2.49326082,166.3
POSCAR_a5c5d4_104_Ba5Bi5In4_icsd_054853_Ga_Sb_Ge,-3.764182796,-6.422427177,2.658244381,-3.764182806,-3.107426167,0.656756639,-3.764182796,166.4
POSCAR_a3b2b3e1_73_Bi3K3Na2Sn1_icsd_050534_Cs_Cs_Pb_Sb,-2.575658442,-3.579145908,1.003487466,-2.57565856,-2.584168911,0.008510351,-2.575658442,166.4
POSCAR_a2b2c1c1_26_Ba1Cd1K2Sb2_icsd_422272_As_Cs_Sr_Ca,-3.211654832,-3.791609287,0.579954455,-3.211654902,-3.38030529,0.168650388,-3.211654832,166.6
POSCAR_a3d4e1_140_Bi3In4Pb1_icsd_616725_Pb_Bi_Ga,-3.442548732,-4.413455009,0.970906277,-3.442548752,-2.917481184,0.525067568,-3.442548732,166.7
POSCAR_a5b6c1_59_Bi5K6Zn1_icsd_238106_Cs_Pb_P,-3.30758994,-4.603368759,1.295778819,-3.307590008,-3.525250196,0.217660188,-3.30758994,166.8
POSCAR_a4b3c3d1_186_Al1Ca3Na3Sb4_icsd_291242_Li_Be_In_Bi,-3.066172975,-4.470757961,1.404584986,-3.066173077,-2.942309856,0.123863221,-3.066172975,166.9
POSCAR_a3b2b3e1_62_K2Na3P3Si1_icsd_300203_Cs_Na_Si_As,-3.115522142,-4.561867714,1.446345572,-3.115522146,-2.934965134,0.180557012,-3.115522142,167.3
POSCAR_a9c7d4_59_Ba7Ga4Sb9_icsd_060583_Bi_Hg_Ga,-2.453510233,-2.544466734,0.090956501,-2.453510284,-2.157095194,0.29641509,-2.453510233,167.4
POSCAR_a2b4c1_20_Bi2K4Zn1_icsd_192439_Na_Zn_Bi,-2.348404198,-3.070033789,0.721629591,-2.348404169,-2.637346745,0.288942576,-2.348404198,167.5
POSCAR_a6b4b6e2_64_As6K6Na4Sn2_icsd_040560_Rb_K_As_Ge,-2.997908832,-6.303774834,3.305866002,-2.997908831,-3.232611179,0.234702348,-2.997908832,167.5
POSCAR_a4b3c3d1_186_Al1Ca3Na3Sb4_icsd_291242_Rb_Hg_Al_Bi,-2.30304003,-2.544466734,0.241426704,-2.303040028,-2.397337437,0.094297409,-2.30304003,167.5
POSCAR_a2c1c1c1_36_Ba1Cd1Sb2Yb1_icsd_422280_Sb_Pb_Be_Zn,-3.170825168,-2.827379942,0.343445226,-3.170825243,-2.806278706,0.364546537,-3.170825168,167.7
POSCAR_a4c2c3_12_As4Ba3Zn2_icsd_424760_Sb_Mg_Mg,-2.904875746,-2.808325052,0.096550694,-2.904875755,-2.79856658,0.106309175,-2.904875746,167.8
POSCAR_a6b4b6e2_64_As6K6Na4Sn2_icsd_040560_Li_Li_Sb_Ge,-3.347389312,-6.92773819,3.580348878,-3.347389221,-2.757713318,0.589675903,-3.347389312,167.8
POSCAR_a4b4c3_71_Eu3Li4Sb4_icsd_428113_Mg_P_Rb,-3.106821647,-3.422127724,0.315306077,-3.106821537,-3.369450092,0.262628555,-3.106821647,168
POSCAR_a3b1b4e1_14_K1Na4Sb3Sn1_icsd_054261_Cs_K_Sn_Sb,-2.738373402,-4.512950897,1.774577495,-2.738373518,-2.814426661,0.076053143,-2.738373402,168
POSCAR_a5b7d2_11_Al2Na7Sb5_icsd_048168_Rb_In_P,-3.097700884,-6.68981266,3.592111776,-3.097700834,-3.209199429,0.111498595,-3.097700884,168.2
POSCAR_a3b2b3e1_73_Bi3K3Na2Sn1_icsd_050534_Cs_K_Ge_As,-2.914703172,-6.944079399,4.029376227,-2.914703131,-3.183205366,0.268502235,-2.914703172,168.2
POSCAR_a3b4c1d1_7_Ca1Ga1Na4Sb3_icsd_291241_Bi_Sr_Ga_Cs,-2.672952651,-4.129806519,1.456853868,-2.672952652,-2.688133001,0.015180349,-2.672952651,168.2
POSCAR_a3b2b3e1_62_K2Na3P3Si1_icsd_300203_K_Rb_Ge_Sb,-2.857117796,-5.144001961,2.286884165,-2.857117891,-3.1784935,0.321375609,-2.857117796,168.7
POSCAR_a2c1d2_14_As2Ba1Ga2_icsd_380478_As_Pb_Al,-4.234197267,-4.658776283,0.424579016,-4.23419714,-3.197369814,1.036827326,-4.234197267,169
POSCAR_a9c7d4_59_Ba7Ga4Sb9_icsd_060583_P_Zn_Ga,-3.519024036,-6.97267437,3.453650334,-3.519024134,-3.453320742,0.065703392,-3.519024036,169.2
POSCAR_a12c14e3_146_As12Sn3Sr14_icsd_195752_Sn_Bi_Ge,-3.964167307,-5.971399307,2.007232,-3.964167356,-2.729186535,1.234980821,-3.964167307,169.2
POSCAR_a3b2b3e1_62_K2Na3P3Si1_icsd_300203_Na_Li_Sn_As,-3.229963314,-6.285291672,3.055328358,-3.229963303,-2.737354994,0.492608309,-3.229963314,169.3
POSCAR_a3b2b3e1_73_Bi3K3Na2Sn1_icsd_050534_Na_Cs_Si_P,-3.315311749,-5.557135582,2.241823833,-3.31531167,-3.333167791,0.017856121,-3.315311749,169.6
POSCAR_a2c1c1c1_36_Ba1Cd1Sb2Yb1_icsd_422280_As_Be_Ge_Si,-4.454903138,-3.817543507,0.637359631,-4.454903126,-3.70822978,0.746673346,-4.454903138,170
POSCAR_a6b2b8e2_14_K2Na8Sb6Sn2_icsd_057400_Bi_Na_Pb_K,-2.687689626,-4.763393402,2.075703776,-2.687689543,-2.965590239,0.277900696,-2.687689626,170.1
POSCAR_a5c8e3_139_Ge3Sb5Yb8_icsd_170575_Sb_Sn_Si,-4.302148613,-5.660251617,1.358103004,-4.302148819,-2.807869196,1.494279623,-4.302148613,170.2
POSCAR_a3b2b3e1_64_K3Na2P3Sn1_icsd_050532_Rb_Rb_Ge_P,-3.111267218,-7.592535019,4.481267801,-3.111267328,-3.1955688,0.084301472,-3.111267218,170.2
POSCAR_a2b3d1_72_In1K3P2_icsd_300141_As_K_In,-3.013997416,-4.400029659,1.386032243,-3.013997316,-3.282894373,0.268897057,-3.013997416,170.3
POSCAR_a2b2c1c1_26_Ba1Cd1K2Sb2_icsd_422272_P_Rb_Pb_Ge,-3.710721833,-3.842078209,0.131356376,-3.710721731,-3.237582207,0.473139524,-3.710721833,170.3
POSCAR_a8b12d4_2_Cs12In4P8_icsd_300148_Cs_As_Ga,-2.936973137,-8.498051643,5.561078506,-2.936973095,-3.060022116,0.123049021,-2.936973137,170.6
POSCAR_a1b1_14_As1Na1_icsd_182160_K_As,-3.024698035,-2.704313755,0.32038428,-3.024698019,-3.632710457,0.608012438,-3.024698035,170.7
POSCAR_a5b7d2_11_Al2Na7Sb5_icsd_048168_K_Ga_Sb,-2.851637242,-6.24452877,3.392891528,-2.851637125,-3.191373587,0.339736462,-2.851637242,170.8
POSCAR_a4c2c3_12_As4Ba3Zn2_icsd_424760_P_Mg_Mg,-3.746798891,-3.402411699,0.344387192,-3.746798992,-3.680060863,0.066738129,-3.746798891,171
POSCAR_a4b2c5_63_As4Rb2Zn5_icsd_250688_Hg_As_Cs,-2.122306668,-2.557245255,0.434938587,-2.122306585,-2.377850771,0.255544186,-2.122306668,171.1
POSCAR_a2c1c2_62_Ba1Sb2Zn2_icsd_032020_Sb_Zn_Cd,-2.318225178,-2.544466734,0.226241556,-2.318225145,-2.315728664,0.002496481,-2.318225178,171.3
POSCAR_a4b2c5_63_As4Rb2Zn5_icsd_250688_Cd_P_K,-2.804667189,-3.334980488,0.530313299,-2.804667234,-2.960808516,0.156141282,-2.804667189,171.5
POSCAR_a4b4c3_71_Eu3Li4Sb4_icsd_428113_Ge_Bi_Rb,-3.22132376,-3.227495193,0.006171433,-3.221323729,-3.000699282,0.220624447,-3.22132376,171.6
POSCAR_a2c1c2_8_As2Ca2Cd1_icsd_422578_Be_Sb_Ca,-3.708377,-4.686525345,0.978148345,-3.708376884,-3.751995802,0.043618918,-3.708377,171.8
POSCAR_a4b6d1_15_Na6Sb4Tl1_icsd_096942_Sb_In_Cs,-2.59100679,-5.176562309,2.585555519,-2.591006756,-2.813237906,0.22223115,-2.59100679,171.8
POSCAR_a5b7d2_11_Al2Na7Sb5_icsd_048168_Li_Al_Sb,-3.42043266,-6.36169672,2.94126406,-3.420432568,-2.59597826,0.824454308,-3.42043266,171.9
POSCAR_a1b1c1_194_Hg1K1Sb1_icsd_056201_P_Rb_Sn,-3.565533477,-3.072571754,0.492961723,-3.5655334,-3.171538353,0.393995047,-3.565533477,171.9
POSCAR_a6b4b6e2_64_As6K6Na4Sn2_icsd_040560_Rb_Na_Sb_Pb,-2.703712745,-4.952121735,2.24840899,-2.703712702,-2.834658861,0.130946159,-2.703712745,172.1
POSCAR_a2b2e1_72_As2Rb2Sn1_icsd_071223_Sb_Pb_Na,-3.142740657,-3.181675434,0.038934777,-3.142740726,-2.566710472,0.576030254,-3.142740657,172.2
POSCAR_a3b2b3e1_73_Bi3K3Na2Sn1_icsd_050534_Cs_Cs_Sn_As,-2.794178391,-5.56643486,2.772256469,-2.794178486,-2.936440945,0.142262459,-2.794178391,172.3
POSCAR_a2c1c2_164_Ca1P2Zn2_icsd_619477_As_Ba_Zn,-3.390158836,-2.876636982,0.513521854,-3.390158892,-3.394876719,0.004717827,-3.390158836,172.4
POSCAR_a2c1c2_164_Ca1P2Zn2_icsd_619477_P_Be_Ge,-4.602165872,-3.342217207,1.259948665,-4.602165699,-4.085287094,0.516878605,-4.602165872,172.6
POSCAR_a2c1c2_8_As2Ca2Cd1_icsd_422578_Si_P_Si,-5.305051535,-5.233549118,0.071502417,-5.305051327,-3.336302757,1.96874857,-5.305051535,172.7
POSCAR_a4b5_12_As4Na5_icsd_182165_Rb_As,-3.01296944,-3.262449265,0.249479825,-3.012969494,-3.079671144,0.06670165,-3.01296944,172.8
POSCAR_a4b6d1_15_Na6Sb4Tl1_icsd_096942_Sb_In_Na,-2.787854815,-9.332321167,6.544466352,-2.78785491,-2.640716076,0.147138834,-2.787854815,173.5
POSCAR_a6c5d2_55_Ca5Ga2Sb6_icsd_036466_Bi_Mg_Al,-3.089514786,-2.663289309,0.426225477,-3.089514732,-2.644643784,0.444870948,-3.089514786,174
POSCAR_a6b4b6e2_64_As6K6Na4Sn2_icsd_040560_Na_Cs_Sb_Ge,-2.86571284,-4.867812157,2.002099317,-2.865712881,-2.970039606,0.104326725,-2.86571284,174
POSCAR_a6c2e3_62_Ba2Sb6Sn3_icsd_082529_Bi_Be_Ge,-3.83584243,-5.116867065,1.281024635,-3.835842371,-2.948146343,0.887696028,-3.83584243,174.2
POSCAR_a3b1b4e1_14_K1Na4Sb3Sn1_icsd_054261_Cs_Li_Ge_P,-3.256480057,-6.091108799,2.834628742,-3.256479979,-3.489884615,0.233404636,-3.256480057,174.2
POSCAR_a2b3d1_14_As2In1Na3_icsd_300139_K_Bi_In,-2.71672646,-6.694195747,3.977469287,-2.716726542,-3.0574193,0.340692758,-2.71672646,174.8
POSCAR_a3b1b4e1_14_K1Na4Sb3Sn1_icsd_054261_K_Na_Ge_As,-3.097300516,-7.933031082,4.835730566,-3.097300529,-3.290161848,0.192861319,-3.097300516,174.8
POSCAR_a3b1b4e1_14_K1Na4Sb3Sn1_icsd_054261_Li_Li_Si_As,-3.766913315,-7.633378029,3.866464714,-3.766913414,-3.019886494,0.74702692,-3.766913315,175.1
POSCAR_a3b1b4e1_14_K1Na4Sb3Sn1_icsd_054261_K_Na_Sn_Bi,-2.76512193,-5.012171745,2.247049815,-2.765121937,-3.031563997,0.26644206,-2.76512193,175.3
POSCAR_a2b3d1_72_In1K3P2_icsd_300141_As_Li_Al,-3.777265038,-4.536587715,0.759322677,-3.777265072,-2.931963921,0.845301151,-3.777265038,176.1
POSCAR_a2b2c1c1_26_Ba1Cd1K2Sb2_icsd_422272_As_Li_Si_Cd,-3.476759275,-3.379400492,0.097358783,-3.476759195,-2.778753757,0.698005438,-3.476759275,176.2
POSCAR_a1d1_25_In1Sb1_icsd_156995_As_Tl,-3.267589898,-2.891484261,0.376105637,-3.267589808,-3.126119137,0.141470671,-3.267589898,176.4
POSCAR_a12b7c12_12_Mn12Rb7Sb12_icsd_237459_P_Cd_Na,-2.875367895,-3.719486237,0.844118342,-2.87536788,-2.874825001,0.000542879,-2.875367895,176.4
POSCAR_a8b12d4_2_Cs12In4P8_icsd_300148_Na_As_In,-3.031849829,-9.112631798,6.080781969,-3.031849861,-2.997446299,0.034403562,-3.031849829,176.7
POSCAR_a4b3b6d1_194_Cs6Ga1K3Sb4_icsd_300150_K_Sb_Cs_Ga,-2.370475001,-5.724616528,3.354141527,-2.370475054,-3.096469879,0.725994825,-2.370475001,176.7
POSCAR_a6b2b8e2_14_K2Na8Sb6Sn2_icsd_057400_Bi_Cs_Si_Li,-3.178856976,-3.923141956,0.74428498,-3.178857088,-2.728949547,0.449907541,-3.178856976,177.1
POSCAR_a3c3d1_64_Al1Ba3Sb3_icsd_032728_As_Pb_Al,-4.225962994,-5.72157383,1.495610836,-4.225963116,-3.122140884,1.103822232,-4.225962994,177.2
POSCAR_a2c1d2_166_As2Ca1Ga2_icsd_422526_Be_Bi_Ga,-3.315297782,-2.979671478,0.335626304,-3.315297842,-3.072995901,0.242301941,-3.315297782,177.3
POSCAR_a4c2c3_64_Ba2Bi4Cd3_icsd_416446_Be_Hg_P,-3.494765162,-4.763586998,1.268821836,-3.494765043,-3.627647638,0.132882595,-3.494765162,177.3
POSCAR_a3b2b3e1_62_K2Na3P3Si1_icsd_300203_Rb_Li_Ge_As,-3.246888175,-6.72956562,3.482677445,-3.246888161,-3.151317835,0.095570326,-3.246888175,177.3
POSCAR_a6b7d3_2_As6Cs7In3_icsd_411989_Na_Sb_Ga,-2.906835874,-7.370610237,4.463774363,-2.906835794,-2.757002115,0.149833679,-2.906835874,177.4
POSCAR_a6c6d2_64_Ba6Ga2P6_icsd_402177_As_Pb_Al,-4.225745294,-5.726051807,1.500306513,-4.225745201,-3.123616457,1.102128744,-4.225745294,177.4
POSCAR_a1b1c1_62_Cd1Na1Sb1_icsd_012159_K_P_Si,-4.186605365,-4.063707352,0.122898013,-4.186605453,-3.396045685,0.790559768,-4.186605365,177.5
POSCAR_a6b4b6e2_64_As6K6Na4Sn2_icsd_040560_Na_Na_Sb_Ge,-2.911109679,-6.743046761,3.831937082,-2.911109686,-2.734604597,0.176505089,-2.911109679,177.6
POSCAR_a6b2b8e2_14_K2Na8Sb6Sn2_icsd_057400_Sb_Rb_Ge_Na,-2.902160506,-8.365814209,5.463653703,-2.902160406,-2.865393639,0.036766767,-2.902160506,177.8
POSCAR_a6b2b8e2_14_K2Na8Sb6Sn2_icsd_057400_Sb_Li_Ge_Li,-3.337205291,-6.049747467,2.712542176,-3.33720541,-2.72960043,0.60760498,-3.337205291,177.9
POSCAR_a4b3b6d1_194_Cs6Ga1K3Sb4_icsd_300150_K_Sb_Li_In,-2.672678567,-6.968045235,4.295366668,-2.672678471,-3.085501671,0.4128232,-2.672678567,178
POSCAR_a6b4b6e2_64_As6K6Na4Sn2_icsd_040560_Rb_Li_Sb_Ge,-3.0811993,-5.597036362,2.515837062,-3.081199408,-2.786935091,0.294264317,-3.0811993,178
POSCAR_a3b1b4e1_62_As3Ge1K1Na4_icsd_300204_Li_Cs_Sb_Pb,-2.899221745,-5.081686974,2.182465229,-2.899221659,-2.685971022,0.213250637,-2.899221745,178.2
POSCAR_a9c7d4_59_Ba7Ga4Sb9_icsd_060583_P_Pb_Al,-4.560526173,-7.837771416,3.277245243,-4.560526371,-3.923210382,0.637315989,-4.560526173,178.4
POSCAR_a3b2b3e1_62_K2Na3P3Si1_icsd_300203_Cs_Li_Sn_As,-3.151392154,-5.687016487,2.535624333,-3.151392221,-3.10373497,0.047657251,-3.151392154,178.6
POSCAR_a3b4_63_K4P3_icsd_064625_Bi_K,-2.724338689,-2.874672413,0.150333724,-2.72433877,-3.019373178,0.295034408,-2.724338689,178.7
POSCAR_a4b4c3_71_Eu3Li4Sb4_icsd_428113_Sn_P_Na,-3.638054968,-3.70366168,0.065606712,-3.638055086,-3.347540379,0.290514707,-3.638054968,178.8
POSCAR_a3b2b3e1_73_Bi3K3Na2Sn1_icsd_050534_K_Cs_Ge_P,-3.068238615,-6.978683472,3.910444857,-3.068238497,-3.510056496,0.441817999,-3.068238615,179.2
POSCAR_a4c2c3_64_Ba2Bi4Cd3_icsd_416446_Sr_Cd_As,-3.220026951,-4.951205254,1.731178303,-3.22002697,-3.399579287,0.179552317,-3.220026951,179.3
POSCAR_a4b3b6d1_194_Cs6Ga1K3Sb4_icsd_300150_Li_P_K_In,-2.981325807,-7.446024895,4.464699088,-2.981325865,-3.542201519,0.560875654,-2.981325807,179.6
POSCAR_a3b1b4e1_14_K1Na4Sb3Sn1_icsd_054261_Na_K_Si_As,-3.285125109,-6.95241642,3.667291311,-3.285125017,-3.058439016,0.226686001,-3.285125109,180.2
POSCAR_a8b12d4_2_Cs12In4P8_icsd_300148_Li_As_Al,-3.772829976,-10.6325264,6.859696424,-3.772830009,-3.20686388,0.565966129,-3.772829976,180.5
POSCAR_a8b12d4_2_Cs12In4P8_icsd_300148_Na_P_In,-3.23489018,-10.6834507,7.44856052,-3.234890223,-3.291335106,0.056444883,-3.23489018,180.7
POSCAR_a3b2b3e1_73_Bi3K3Na2Sn1_icsd_050534_Cs_Li_Sn_Sb,-2.955900196,-5.963373661,3.007473465,-2.955900192,-2.868096352,0.08780384,-2.955900196,180.7
POSCAR_a1c1d1_62_Cd1Sb1Tl1_icsd_009572_P_In_Sn,-3.963906832,-4.108023643,0.144116811,-3.963906765,-3.404258251,0.559648514,-3.963906832,180.8
POSCAR_a3b2b3e1_62_K2Na3P3Si1_icsd_300203_K_K_Ge_Sb,-2.884382855,-5.384245872,2.499863017,-2.884382963,-3.223897696,0.339514733,-2.884382855,180.9
POSCAR_a3b4c1d1_7_Ca1Ga1Na4Sb3_icsd_291241_As_Mg_Al_K,-3.117339779,-7.183474541,4.066134762,-3.117339849,-3.258141756,0.140801907,-3.117339779,181
POSCAR_a4b6d2_14_Al2Cs6P4_icsd_300131_K_Sb_Ga,-2.841020563,-8.540772438,5.699751875,-2.841020584,-3.181648731,0.340628147,-2.841020563,181.4
POSCAR_a3b2b3e1_64_K3Na2P3Sn1_icsd_050532_Rb_Rb_Ge_As,-2.935739593,-7.001152039,4.065412446,-2.935739517,-2.999717712,0.063978195,-2.935739593,181.6
POSCAR_a6b2b8e2_14_K2Na8Sb6Sn2_icsd_057400_As_Li_Si_Li,-3.760339389,-7.548742294,3.788402905,-3.760339499,-3.010364056,0.749975443,-3.760339389,181.6
POSCAR_a2b3d1_72_In1K3P2_icsd_300141_Bi_K_Al,-2.865151439,-3.392353535,0.527202096,-2.865151405,-3.094600916,0.229449511,-2.865151439,181.8
POSCAR_a1e1_64_Bi1Sn1_icsd_160382_Bi_Pb,-3.837972743,-2.793994904,1.043977839,-3.837972641,-2.410185337,1.427787304,-3.837972743,182
POSCAR_a3b1c2c2_62_Ba2Cd2K1Sb3_icsd_420620_P_Cs_Ca_Mn,-4.356665175,-8.048531532,3.691866357,-4.356665134,-4.658603668,0.301938534,-4.356665175,182
POSCAR_a3b1b4e1_62_As3Ge1K1Na4_icsd_300204_Li_K_Bi_Sn,-2.955302032,-5.286203384,2.330901352,-2.955302,-2.96082902,0.00552702,-2.955302032,182
POSCAR_a3b2b3e1_64_K3Na2P3Sn1_icsd_050532_Rb_Li_Ge_Sb,-3.077166291,-6.415602684,3.338436393,-3.077166319,-2.905476093,0.171690226,-3.077166291,182.1
POSCAR_a6b4b6e2_64_As6K6Na4Sn2_icsd_040560_Cs_Cs_Bi_Sn,-2.613412628,-2.544466734,0.068945894,-2.613412619,-2.640304089,0.02689147,-2.613412628,182.2
POSCAR_a3b2b3e1_62_K2Na3P3Si1_icsd_300203_Na_Cs_Ge_Sb,-2.857317827,-4.579485893,1.722168066,-2.857317924,-2.895359516,0.038041592,-2.857317827,182.3
POSCAR_a5b7d2_11_Al2Na7Sb5_icsd_048168_Na_Ga_Sb,-2.901869891,-6.197828293,3.295958402,-2.901869774,-2.745852232,0.156017542,-2.901869891,182.4
POSCAR_a10c11_71_Ba11Sb10_icsd_413518_P_Sr,-4.481311486,-13.82397556,9.342664074,-4.481311321,-4.11275816,0.368553161,-4.481311486,183
POSCAR_a3b2b3e1_64_K3Na2P3Sn1_icsd_050532_Rb_K_Si_P,-3.310889812,-6.963849068,3.652959256,-3.310889721,-3.491096497,0.180206776,-3.310889812,183.1
POSCAR_a3b2b3e1_73_Bi3K3Na2Sn1_icsd_050534_Rb_Li_Ge_Bi,-3.020152328,-4.99156189,1.971409562,-3.02015233,-2.694140434,0.326011896,-3.020152328,183.7
POSCAR_a2c2e1_14_As2Ba2Ge1_icsd_035151_Sb_Si_Ba,-4.26089642,-5.092917442,0.832021022,-4.260896206,-3.521799564,0.739096642,-4.26089642,184
POSCAR_a6b2b8e2_14_K2Na8Sb6Sn2_icsd_057400_Bi_Na_Sn_Rb,-2.696826245,-5.822902679,3.126076434,-2.69682622,-2.948780537,0.251954317,-2.696826245,184
POSCAR_a3b4_63_K4P3_icsd_064625_Bi_Rb,-2.630917304,-3.736916542,1.105999238,-2.630917311,-2.885940075,0.255022764,-2.630917304,184.1
POSCAR_a3b2b3e1_73_Bi3K3Na2Sn1_icsd_050534_K_Rb_Sn_Bi,-2.690826846,-5.382540703,2.691713857,-2.690826893,-3.029724121,0.338897228,-2.690826846,184.4
POSCAR_a2b2e1_72_As2Rb2Sn1_icsd_071223_Bi_Sn_Na,-3.139848109,-3.106265783,0.033582326,-3.139847994,-2.598120689,0.541727305,-3.139848109,184.7
POSCAR_a3b2b3e1_64_K3Na2P3Sn1_icsd_050532_K_Li_Ge_Sb,-3.150797506,-7.246934891,4.096137385,-3.150797606,-2.95859623,0.192201376,-3.150797506,184.7
POSCAR_a4b6d2_14_Al2Cs6P4_icsd_300131_Li_P_Ga,-3.74788992,-11.03971386,7.29182394,-3.747889996,-3.687448263,0.060441733,-3.74788992,184.8
POSCAR_a4b3b6d1_194_Cs6Ga1K3Sb4_icsd_300150_Cs_Bi_Rb_Al,-2.362899048,-3.477306366,1.114407318,-2.362899065,-2.666088581,0.303189516,-2.362899048,185.1
POSCAR_a3b2b3e1_62_K2Na3P3Si1_icsd_300203_Li_Rb_Ge_Sb,-3.073793467,-5.507438183,2.433644716,-3.073793411,-2.907371759,0.166421652,-3.073793467,185.4
POSCAR_a3b2b3e1_73_Bi3K3Na2Sn1_icsd_050534_K_Cs_Sn_Bi,-2.678879409,-3.982177734,1.303298325,-2.678879499,-2.80210948,0.123229981,-2.678879409,185.5
POSCAR_a6b7d3_2_As6Cs7In3_icsd_411989_Cs_Bi_Al,-2.799173128,-2.544466734,0.254706394,-2.799173117,-2.739730835,0.059442282,-2.799173128,185.8
POSCAR_a2b4c1_20_Bi2K4Zn1_icsd_192439_Na_Hg_P,-2.640694045,-3.320208788,0.679514743,-2.640694141,-2.994712591,0.35401845,-2.640694045,186.2
POSCAR_a1c1e1_129_Eu1P1Sn1_icsd_095081_Sr_As_Si,-4.495733107,-3.206626892,1.289106215,-4.495733261,-3.571903229,0.923830032,-4.495733107,186.2
POSCAR_a4b3b6d1_194_Cs6Ga1K3Sb4_icsd_300150_Na_Bi_Li_Ga,-2.695854704,-5.199804306,2.503949602,-2.695854664,-2.597450018,0.098404646,-2.695854704,186.6
POSCAR_a4c3e2_4_Ba3P4Sn2_icsd_660381_As_Mg_Sn,-3.730598272,-5.875511169,2.144912897,-3.730598211,-3.309677839,0.420920372,-3.730598272,187
POSCAR_a4c3e2_14_As4Ge2Sr3_icsd_016454_Mg_Sn_As,-3.730478153,-5.745096207,2.014618054,-3.730478048,-3.30715394,0.423324108,-3.730478153,187.1
POSCAR_a3b4c1d1_7_Ca1Ga1Na4Sb3_icsd_291241_Sb_Ba_Ga_Rb,-2.868812251,-7.926519394,5.057707143,-2.868812323,-3.174071074,0.305258751,-2.868812251,187.4
POSCAR_a3b2b3e1_64_K3Na2P3Sn1_icsd_050532_Na_K_Ge_Sb,-2.933680489,-6.337419987,3.403739498,-2.933680534,-3.066356659,0.132676125,-2.933680489,187.6
POSCAR_a3b1b4e1_14_K1Na4Sb3Sn1_icsd_054261_Rb_K_Sn_Bi,-2.687212451,-6.094507694,3.407295243,-2.687212467,-2.990220308,0.303007841,-2.687212451,188
POSCAR_a4c3e2_15_As4Si2Sr3_icsd_016453_Mg_Pb_P,-3.952468113,-4.485685349,0.533217236,-3.952468157,-3.461574316,0.490893841,-3.952468113,188.5
POSCAR_a3b2b3e1_62_K2Na3P3Si1_icsd_300203_Rb_Na_Sn_Bi,-2.692239839,-4.448142529,1.75590269,-2.692239761,-2.882843018,0.190603257,-2.692239839,188.5
POSCAR_a2b2c1c1_26_Ba1Cd1K2Sb2_icsd_422272_As_Rb_Hg_Si,-3.02327569,-3.015179396,0.008096294,-3.023275614,-2.976325989,0.046949625,-3.02327569,188.6
POSCAR_a2b2c1c1_26_Ba1Cd1K2Sb2_icsd_422272_Sb_Na_Ca_Sr,-3.127739208,-3.512514353,0.384775145,-3.127739191,-3.166296244,0.038557053,-3.127739208,188.8
POSCAR_a4b3c3d1_186_Al1Ca3Na3Sb4_icsd_291242_Li_Si_Al_Bi,-3.785863445,-3.105929852,0.679933593,-3.7858634,-2.596838951,1.189024449,-3.785863445,188.9
POSCAR_a5b7d2_11_Al2Na7Sb5_icsd_048168_K_Al_Bi,-2.857894521,-4.599129677,1.741235156,-2.857894421,-3.036261082,0.178366661,-2.857894521,189
POSCAR_a4c2c3_64_Ba2Bi4Cd3_icsd_416446_Si_Ba_Sb,-4.255918261,-4.309115887,0.053197626,-4.255918026,-3.14430213,1.111615896,-4.255918261,189
POSCAR_a3b1b4e1_14_K1Na4Sb3Sn1_icsd_054261_Li_Na_Si_Sb,-3.349382014,-7.041343689,3.691961675,-3.349381924,-2.673125744,0.67625618,-3.349382014,189.1
POSCAR_a3c2_14_Sb3Sr2_icsd_032033_Hg_As,-2.770131318,-2.849759102,0.079627784,-2.77013135,-2.356389999,0.413741351,-2.770131318,189.9
POSCAR_a4b3b6d1_194_Cs6Ga1K3Sb4_icsd_300150_Cs_P_Na_Ga,-2.692965699,-5.305427551,2.612461852,-2.692965746,-3.041070223,0.348104477,-2.692965699,190.1
POSCAR_a2c1d2_14_As2Ba1Ga2_icsd_380478_Bi_Pb_In,-3.380356597,-4.71505928,1.334702683,-3.38035655,-2.503087282,0.877269268,-3.380356597,190.3
POSCAR_a3b2b3e1_62_K2Na3P3Si1_icsd_300203_Na_K_Si_As,-3.27495844,-6.460673332,3.185714892,-3.274958372,-3.126070976,0.148887396,-3.27495844,190.4
POSCAR_a3b2b3e1_73_Bi3K3Na2Sn1_icsd_050534_K_Li_Ge_Sb,-3.144771757,-7.871730804,4.726959047,-3.144771814,-3.015795469,0.128976345,-3.144771757,190.7
POSCAR_a3b2b3e1_64_K3Na2P3Sn1_icsd_050532_Li_Rb_Ge_Sb,-3.0684488,-6.538226128,3.469777328,-3.068448782,-2.989156961,0.079291821,-3.0684488,190.8
POSCAR_a3b2b3e1_73_Bi3K3Na2Sn1_icsd_050534_Rb_Rb_Sn_Bi,-2.626334186,-5.514893055,2.888558869,-2.62633419,-2.932869673,0.306535483,-2.626334186,190.9
POSCAR_a4b3c3d1_186_Al1Ca3Na3Sb4_icsd_291242_Li_Hg_In_As,-2.627040664,-5.649466038,3.022425374,-2.627040625,-2.806879044,0.179838419,-2.627040664,190.9
POSCAR_a2c1e1_225_Hg1P2Si1_icsd_247969_As_Pb_Ca,-4.06104013,-3.436079502,0.624960628,-4.061039925,-3.838458538,0.222581387,-4.06104013,191.2
POSCAR_a3b2b3e1_62_K2Na3P3Si1_icsd_300203_Rb_Li_Pb_As,-3.059428315,-6.248270035,3.18884172,-3.059428215,-2.908267498,0.151160717,-3.059428315,191.3
POSCAR_a3b2b3e1_73_Bi3K3Na2Sn1_icsd_050534_K_Na_Sn_Sb,-2.8054353,-6.281655788,3.476220488,-2.805435419,-2.867620945,0.062185526,-2.8054353,191.7
POSCAR_a3b2b3e1_64_K3Na2P3Sn1_icsd_050532_Rb_Li_Ge_Bi,-3.011900995,-4.525247097,1.513346102,-3.011900902,-2.658500195,0.353400707,-3.011900995,192
POSCAR_a1e1_64_Bi1Sn1_icsd_160382_As_Sn,-4.248540355,-3.484196424,0.764343931,-4.248540401,-3.022572994,1.225967407,-4.248540355,192.2
POSCAR_a3b6d2_15_K6Sb3Tl2_icsd_093048_As_In_Li,-3.293377934,-11.01919365,7.725815716,-3.293377876,-3.036995888,0.256381988,-3.293377934,192.3
POSCAR_a4b3b6d1_194_Cs6Ga1K3Sb4_icsd_300150_Rb_Bi_Na_Al,-2.478357748,-5.111207008,2.63284926,-2.478357792,-2.929164886,0.450807094,-2.478357748,192.4
POSCAR_a4b3b6d1_194_Cs6Ga1K3Sb4_icsd_300150_Na_P_K_Ga,-2.77299572,-7.598775864,4.825780144,-2.77299571,-3.254168034,0.481172324,-2.77299572,192.5
POSCAR_a2c1d2_166_As2Ca1Ga2_icsd_422526_Sn_Sb_Tl,-3.31470099,-2.898577213,0.416123777,-3.31470108,-2.627798796,0.686902284,-3.31470099,193.1
POSCAR_a6b7c4_12_Bi6Eu4Li7_icsd_428116_Pb_Bi_Li,-3.343362078,-3.450137377,0.106775299,-3.343362093,-2.808646679,0.534715414,-3.343362078,193.3
POSCAR_a3d1e1_62_Al1P3Si1_icsd_010032_Bi_Si_In,-3.860737041,-3.665631533,0.195105508,-3.860737085,-3.052473783,0.808263302,-3.860737041,193.3
POSCAR_a2c1d2_166_As2Ca1Ga2_icsd_422526_Sn_As_Tl,-3.577831048,-2.977237701,0.600593347,-3.57783103,-2.941913605,0.635917425,-3.577831048,193.3
POSCAR_a8b12d4_2_Cs12In4P8_icsd_300148_Na_Bi_In,-2.714640648,-6.645471573,3.930830925,-2.714640617,-2.652583361,0.062057256,-2.714640648,193.5
POSCAR_a9c7d4_59_Ba7Ga4Sb9_icsd_060583_Bi_Be_Al,-3.507258915,-5.027098656,1.519839741,-3.507258892,-3.081621647,0.425637245,-3.507258915,193.6
POSCAR_a2c1e2_160_As2Sn2Sr1_icsd_611428_Si_P_Si,-5.283940854,-3.060261011,2.223679843,-5.283940792,-3.316845417,1.967095375,-5.283940854,193.8
POSCAR_a3b1c4_166_As3Cd4Rb1_icsd_262037_Sb_Li_Mg,-2.962620561,-2.87054491,0.092075651,-2.962620497,-2.802214622,0.160405875,-2.962620561,193.8
POSCAR_a3b2b3e1_62_K2Na3P3Si1_icsd_300203_Rb_Rb_Ge_Sb,-2.789889144,-5.879517555,3.089628411,-2.789889097,-3.081931353,0.292042256,-2.789889144,193.9
POSCAR_a3b1b4e1_14_K1Na4Sb3Sn1_icsd_054261_Rb_K_Ge_As,-2.971527801,-6.66411972,3.692591919,-2.971527815,-3.039569855,0.06804204,-2.971527801,193.9
POSCAR_a9c7d4_59_Ba7Ga4Sb9_icsd_060583_Bi_Hg_In,-2.416995333,-3.234201431,0.817206098,-2.416995287,-2.097896576,0.319098711,-2.416995333,194
POSCAR_a3b2b3e1_64_K3Na2P3Sn1_icsd_050532_K_Rb_Si_P,-3.299926018,-7.106606483,3.806680465,-3.299926043,-3.304242134,0.004316091,-3.299926018,194
POSCAR_a6b7d3_2_As6Cs7In3_icsd_411989_Na_Bi_Al,-2.914765961,-4.234253407,1.319487446,-2.914766073,-2.622602463,0.29216361,-2.914765961,194.1
POSCAR_a2c1c2_139_Ba1Mn2P2_icsd_077668_Bi_Si_Sn,-4.25912863,-2.803430557,1.455698073,-4.259128571,-2.75737977,1.501748801,-4.25912863,194.2
POSCAR_a3b1b4e1_14_K1Na4Sb3Sn1_icsd_054261_Rb_Na_Pb_Bi,-2.621242711,-5.099211216,2.477968505,-2.621242762,-2.873365402,0.25212264,-2.621242711,194.5
POSCAR_a3b2b3e1_62_K2Na3P3Si1_icsd_300203_Li_Li_Ge_Sb,-3.320401469,-5.44082737,2.120425901,-3.32040143,-2.729194403,0.591207027,-3.320401469,194.7
POSCAR_a9c11d1_45_Ca11In1Sb9_icsd_042371_P_Mg_Ga,-3.799740211,-10.17191505,6.372174839,-3.799740314,-3.625725508,0.174014806,-3.799740211,194.9
POSCAR_a3b2b3e1_73_Bi3K3Na2Sn1_icsd_050534_Li_Rb_Ge_Sb,-3.064102364,-6.405849457,3.341747093,-3.064102411,-2.927535534,0.136566877,-3.064102364,195.1
POSCAR_a4b3b6d1_194_Cs6Ga1K3Sb4_icsd_300150_Li_Bi_Rb_In,-2.505279277,-4.661045551,2.155766274,-2.505279303,-2.769338131,0.264058828,-2.505279277,195.3
POSCAR_a4b3c3d1_186_Al1Ca3Na3Sb4_icsd_291242_Li_Cd_Al_Sb,-2.8481559,-2.544466734,0.303689166,-2.848155975,-2.59455204,0.253603935,-2.8481559,195.5
POSCAR_a2b3d1_14_As2In1Na3_icsd_300139_Na_Bi_Al,-2.913145704,-5.752093315,2.838947611,-2.913145781,-2.676427841,0.23671794,-2.913145704,195.7
POSCAR_a3b1b4e1_14_K1Na4Sb3Sn1_icsd_054261_Li_Cs_Si_Sb,-3.238431028,-4.724032402,1.485601374,-3.238430977,-2.804085255,0.434345722,-3.238431028,195.8
POSCAR_a4b3b6d1_194_Cs6Ga1K3Sb4_icsd_300150_Li_Bi_Na_Al,-2.84307572,-3.954025269,1.110949549,-2.843075752,-2.430655003,0.412420749,-2.84307572,196.3
POSCAR_a8c5_12_Ca5P8_icsd_074854_P_Si,-5.280666201,-4.440539837,0.840126364,-5.280666351,-3.502280474,1.778385877,-5.280666201,196.4
POSCAR_a4b3b6d1_194_Cs6Ga1K3Sb4_icsd_300150_K_Sb_Na_Al,-2.647647558,-6.230818748,3.58317119,-2.647647619,-3.06493926,0.417291641,-2.647647558,196.4
POSCAR_a3b2b3e1_73_Bi3K3Na2Sn1_icsd_050534_Na_K_Ge_Sb,-2.92436831,-6.147644997,3.223276687,-2.924368382,-3.078995705,0.154627323,-2.92436831,196.9
POSCAR_a6b2b8e2_14_K2Na8Sb6Sn2_icsd_057400_Sb_Na_Si_Li,-3.341339065,-6.377307892,3.035968827,-3.341339111,-2.642567158,0.698771953,-3.341339065,197.1
POSCAR_a6c5e2_55_As6Eu5Sn2_icsd_262647_Mg_P_Ge,-4.170113611,-5.252845764,1.082732153,-4.170113564,-3.869029045,0.301084519,-4.170113611,197.4
POSCAR_a2c1d2_11_Ba1In2P2_icsd_260564_P_Si_Tl,-4.159064329,-4.957870007,0.798805678,-4.159064293,-3.080835819,1.078228474,-4.159064329,198
POSCAR_a3b1b4e1_14_K1Na4Sb3Sn1_icsd_054261_Li_Rb_Si_Bi,-3.179888866,-3.461475849,0.281586983,-3.179888964,-2.615995169,0.563893795,-3.179888866,198
POSCAR_a2c1d2_166_As2Ca1Ga2_icsd_422526_Be_Sb_Tl,-3.179105976,-2.920190811,0.258915165,-3.179105997,-2.671607256,0.507498741,-3.179105976,198.1
POSCAR_a3b2b3e1_62_K2Na3P3Si1_icsd_300203_Li_Rb_Si_As,-3.460646927,-6.824934959,3.364288032,-3.460646868,-3.03169775,0.428949118,-3.460646927,198.2
POSCAR_a4b6d2_14_Al2Cs6P4_icsd_300131_K_As_In,-2.985886686,-10.14327431,7.157387624,-2.985886574,-3.230324984,0.24443841,-2.985886686,198.4
POSCAR_a3b2b3e1_62_K2Na3P3Si1_icsd_300203_Rb_Na_Ge_P,-3.195076748,-6.120785713,2.925708965,-3.195076704,-3.2952528,0.100176096,-3.195076748,198.5
POSCAR_a4c3e2_15_As4Si2Sr3_icsd_016453_Mg_Ge_Sb,-3.477693196,-3.320398331,0.157294865,-3.477693081,-2.907562733,0.570130348,-3.477693196,198.7
POSCAR_a2b3d1_14_As2In1Na3_icsd_300139_Cs_P_In,-2.97555505,-7.202445984,4.226890934,-2.975554943,-3.234729528,0.259174585,-2.97555505,199.2
POSCAR_a2c1c1c1_36_Ba1Cd1Sb2Yb1_icsd_422280_Sb_Si_Sn_Cd,-3.530890067,-2.75717473,0.773715337,-3.530889988,-2.707438231,0.823451757,-3.530890067,200.1
POSCAR_a6c5e2_55_As6Eu5Sn2_icsd_262647_Be_P_Ge,-4.574542416,-7.096671104,2.522128688,-4.574542522,-4.316488266,0.258054256,-4.574542416,200.2
POSCAR_a4b3c3d1_186_Al1Ca3Na3Sb4_icsd_291242_Cs_Hg_Al_As,-2.526814622,-3.49347949,0.966664868,-2.526814699,-2.696693182,0.169878483,-2.526814622,200.6
POSCAR_a6b7c4_12_Bi6Eu4Li7_icsd_428116_Sn_Sb_Na,-3.157430817,-3.942948818,0.785518001,-3.157430887,-2.750653028,0.406777859,-3.157430817,201.5
POSCAR_a3c3d1_64_Al1Ba3Sb3_icsd_032728_Bi_Be_In,-3.252471565,-4.991837502,1.739365937,-3.252471447,-3.196796179,0.055675268,-3.252471565,201.6
POSCAR_a2c1c2_139_Ba1Mn2P2_icsd_077668_Bi_Be_Ba,-3.582018248,-2.911040306,0.670977942,-3.582018137,-3.65080905,0.068790913,-3.582018248,201.6
POSCAR_a2c1c1c1_36_Ba1Cd1Sb2Yb1_icsd_422280_Bi_Be_Be_Sn,-3.563427399,-3.310879469,0.25254793,-3.563427448,-3.23113966,0.332287788,-3.563427399,201.6
POSCAR_a4b3c3d1_186_Al1Ca3Na3Sb4_icsd_291242_Li_Zn_Al_Sb,-2.901114301,-2.620194435,0.280919866,-2.901114225,-2.569637537,0.331476688,-2.901114301,201.7
POSCAR_a4c1_2_Mn1P4_icsd_001829_Sb_Ge,-4.048087552,-6.706943512,2.65885596,-4.048087597,-2.610723495,1.437364102,-4.048087552,201.9
POSCAR_a4b3c3d1_186_Al1Ca3Na3Sb4_icsd_291242_Na_Zn_Al_Bi,-2.511828683,-2.544466734,0.032638051,-2.511828661,-2.520072937,0.008244276,-2.511828683,202.3
POSCAR_a3c3d1_62_Ca3In1P3_icsd_060125_As_Mn_Tl,-4.603670341,-8.034217834,3.430547493,-4.60367012,-4.480854988,0.122815132,-4.603670341,202.5
POSCAR_a6b2b8e2_14_K2Na8Sb6Sn2_icsd_057400_P_Na_Ge_Rb,-3.190407465,-7.297296524,4.106889059,-3.190407515,-3.235096931,0.044689416,-3.190407465,203.2
POSCAR_a4c2e1_62_As4Cd2Ge1_icsd_042132_Ge_Bi_Mg,-3.385124256,-2.544466734,0.840657522,-3.385124207,-2.697668076,0.687456131,-3.385124256,203.4
POSCAR_a6b2c3c4_63_As6Ba4Cd3Li2_icsd_427778_Bi_Rb_Sn_Si,-3.55504932,-4.019635677,0.464586357,-3.555049419,-2.793503284,0.761546135,-3.55504932,203.4
POSCAR_a3b2b3e1_62_K2Na3P3Si1_icsd_300203_Cs_Na_Si_P,-3.281502119,-5.186695099,1.90519298,-3.281502008,-3.250948668,0.03055334,-3.281502119,203.4
POSCAR_a6b4b6e2_64_As6K6Na4Sn2_icsd_040560_K_Na_Bi_Sn,-2.736774096,-2.95217061,0.215396514,-2.736774206,-2.913655758,0.176881552,-2.736774096,203.6
POSCAR_a4c5_62_Ba5P4_icsd_413273_As_Be,-4.153108478,-10.18403721,6.030928732,-4.153108597,-4.121301174,0.031807423,-4.153108478,203.8
POSCAR_a6b2b8e2_14_K2Na8Sb6Sn2_icsd_057400_As_Na_Si_Na,-3.301027514,-7.180958748,3.879931234,-3.301027536,-2.971587658,0.329439878,-3.301027514,203.8
POSCAR_a1b2c1_225_Cd1Li2Sb1_icsd_052815_As_Li_Ge,-3.826510588,-2.89524889,0.931261698,-3.826510668,-3.564875364,0.261635304,-3.826510588,203.9
POSCAR_a3b2b3e1_62_K2Na3P3Si1_icsd_300203_Na_Rb_Ge_Sb,-2.875939714,-5.089525223,2.213585509,-2.875939608,-2.927932978,0.05199337,-2.875939714,204
POSCAR_a3b2b3e1_64_K3Na2P3Sn1_icsd_050532_K_Na_Sn_Bi,-2.73641093,-2.968828917,0.232417987,-2.736410856,-2.905794859,0.169384003,-2.73641093,204
POSCAR_a1b1c1_129_Mn1Na1Sb1_icsd_060735_Li_Sn_P,-3.894192598,-3.210088253,0.684104345,-3.894192696,-3.625541925,0.268650771,-3.894192598,204.6
POSCAR_a4b6d2_14_Al2Cs6P4_icsd_300131_K_Bi_Al,-2.841990872,-5.381936073,2.539945201,-2.841990948,-3.138939857,0.296948909,-2.841990872,204.9
POSCAR_a4c2e1_62_As4Cd2Ge1_icsd_042132_Ge_As_Si,-4.678475953,-5.962837219,1.284361266,-4.678475857,-3.102940798,1.575535059,-4.678475953,204.9
POSCAR_a3b2b3e1_62_K2Na3P3Si1_icsd_300203_Na_Li_Pb_Sb,-2.965449367,-4.747650146,1.782200779,-2.965449333,-2.53486681,0.430582523,-2.965449367,205.1
POSCAR_a6b2b8e2_14_K2Na8Sb6Sn2_icsd_057400_As_Rb_Si_K,-3.144854108,-6.736889839,3.592035731,-3.144854069,-3.171154261,0.026300192,-3.144854108,205.2
POSCAR_a3b2b3e1_73_Bi3K3Na2Sn1_icsd_050534_Cs_Rb_Sn_Sb,-2.655829535,-5.762290001,3.106460466,-2.65582943,-2.852680206,0.196850776,-2.655829535,205.2
POSCAR_a4b4c3_71_Eu3Li4Sb4_icsd_428113_Ca_As_Na,-3.360155496,-3.864743233,0.504587737,-3.360155582,-3.571053743,0.210898161,-3.360155496,205.5
POSCAR_a4b6d2_14_Al2Cs6P4_icsd_300131_K_P_Ga,-3.282134384,-12.07036018,8.788225796,-3.282134295,-3.648126364,0.365992069,-3.282134384,205.7
POSCAR_a3b1b4e1_14_K1Na4Sb3Sn1_icsd_054261_Na_Rb_Ge_Bi,-2.814015359,-4.898603916,2.084588557,-2.814015388,-2.793989897,0.020025491,-2.814015359,205.7
POSCAR_a6b2b8e2_14_K2Na8Sb6Sn2_icsd_057400_Bi_Na_Pb_Cs,-2.598914171,-2.544466734,0.054447437,-2.598914146,-2.667577267,0.068663121,-2.598914171,206
POSCAR_a3b2b3e1_64_K3Na2P3Sn1_icsd_050532_Rb_Li_Si_As,-3.452658143,-6.799517632,3.346859489,-3.452658176,-3.128740311,0.323917865,-3.452658143,206.2
POSCAR_a1b1c1_187_As1K1Zn1_icsd_010459_Pb_Li_Sb,-3.390063042,-2.874873638,0.515189404,-3.390063047,-2.924255848,0.465807199,-3.390063042,206.7
POSCAR_a3b2b3e1_62_K2Na3P3Si1_icsd_300203_K_Cs_Ge_Bi,-2.753821533,-3.165210724,0.411389191,-2.753821611,-3.019127369,0.265305758,-2.753821533,206.7
POSCAR_a4b6d1_15_Na6Sb4Tl1_icsd_096942_Bi_Ga_Cs,-2.531472018,-2.689840794,0.158368776,-2.531471968,-2.58902216,0.057550192,-2.531472018,206.8
POSCAR_a3b1b4e1_14_K1Na4Sb3Sn1_icsd_054261_Na_Li_Ge_P,-3.481620698,-8.055663109,4.574042411,-3.481620789,-3.200513124,0.281107665,-3.481620698,206.8
POSCAR_a6b2b8e2_14_K2Na8Sb6Sn2_icsd_057400_As_Na_Ge_Rb,-3.007469113,-6.376124859,3.368655746,-3.007469177,-3.015048981,0.007579804,-3.007469113,207
POSCAR_a1b1c1_33_As1Cd1Na1_icsd_009571_Na_Sb_Hg,-2.137820557,-2.544466734,0.406646177,-2.137820482,-2.176404715,0.038584233,-2.137820557,207.4
POSCAR_a2b2c1c1_26_Ba1Cd1K2Sb2_icsd_422272_Bi_Rb_Ca_Ba,-2.910780343,-3.344251156,0.433470813,-2.91078043,-3.124343872,0.213563442,-2.910780343,207.8
POSCAR_a1c1d1_62_Cd1Sb1Tl1_icsd_009572_P_Tl_Hg,-2.569616512,-3.347111464,0.777494952,-2.569616556,-2.595112085,0.025495529,-2.569616512,208.6
POSCAR_a2b2c1c1_26_Ba1Cd1K2Sb2_icsd_422272_Bi_Cs_Pb_Sn,-3.175822321,-2.732304811,0.44351751,-3.175822258,-2.698188066,0.477634192,-3.175822321,208.6
POSCAR_a3b2b3e1_62_K2Na3P3Si1_icsd_300203_Cs_Na_Pb_Bi,-2.595913942,-3.721236706,1.125322764,-2.595913887,-2.541517973,0.054395914,-2.595913942,209
POSCAR_a3b1c4_123_As3Rb1Zn4_icsd_262038_Ca_As_Li,-3.678815289,-3.466411829,0.21240346,-3.678815365,-4.138931274,0.460115909,-3.678815289,209.4
POSCAR_a3b1b4e1_14_K1Na4Sb3Sn1_icsd_054261_Li_Rb_Si_Sb,-3.241689783,-4.971486092,1.729796309,-3.241689682,-2.826668739,0.415020943,-3.241689783,209.4
POSCAR_a3b4c1d1_7_Ca1Ga1Na4Sb3_icsd_291241_P_Be_In_K,-3.33240086,-10.09034443,6.75794357,-3.332400799,-3.84899807,0.516597271,-3.33240086,210.1
POSCAR_a12b4c8d4_12_Al4Eu8Na4P12_icsd_409320_Mn_Cs_Tl_Sb,-3.56208386,-6.614676476,3.052592616,-3.56208396,-3.409342051,0.152741909,-3.56208386,210.7
POSCAR_a3b1b4e1_62_As3Ge1K1Na4_icsd_300204_Li_Cs_As_Sn,-3.119312367,-5.556873322,2.437560955,-3.119312286,-3.150844097,0.031531811,-3.119312367,210.7
POSCAR_a6b2b8e2_14_K2Na8Sb6Sn2_icsd_057400_P_Li_Ge_Na,-3.477006418,-8.07528019,4.598273772,-3.477006435,-3.199448824,0.277557611,-3.477006418,211.4
POSCAR_a3b2b3e1_62_K2Na3P3Si1_icsd_300203_Na_Li_Pb_Bi,-2.885817982,-4.290648937,1.404830955,-2.885818005,-2.475290775,0.41052723,-2.885817982,211.8
POSCAR_a1b1c1_194_Hg1K1Sb1_icsd_056201_P_Cs_Ca,-3.320044108,-3.078494549,0.241549559,-3.320044041,-3.694643974,0.374599933,-3.320044108,212
POSCAR_a2c1d2_14_As2Ba1Ga2_icsd_380478_Bi_Sn_Tl,-3.305731567,-4.321712494,1.015980927,-3.305731535,-2.531295776,0.774435759,-3.305731567,212.1
POSCAR_a12c14e3_146_As12Sn3Sr14_icsd_195752_Si_Bi_Ge,-4.397537417,-2.544466734,1.853070683,-4.397537231,-2.767007828,1.630529403,-4.397537417,212.5
POSCAR_a3b2b3e1_62_K2Na3P3Si1_icsd_300203_K_Na_Sn_Bi,-2.726980673,-4.828695774,2.101715101,-2.726980686,-2.899696827,0.172716141,-2.726980673,213.4
POSCAR_a3b2b3e1_62_K2Na3P3Si1_icsd_300203_Cs_Rb_Ge_Sb,-2.758327673,-4.351994038,1.593666365,-2.758327723,-2.879706621,0.121378898,-2.758327673,213.5
POSCAR_a1b1c1_186_Li1Sb1Zn1_icsd_042064_Bi_Hg_Na,-2.100109567,-2.557064056,0.456954489,-2.100109577,-2.101884127,0.00177455,-2.100109567,213.6
POSCAR_a3b4c1d1_7_Ca1Ga1Na4Sb3_icsd_291241_P_Sr_Ga_Rb,-3.210272305,-7.918358803,4.708086498,-3.210272312,-3.36942482,0.159152508,-3.210272305,213.7
POSCAR_a9c4c9_55_Bi9Cd4Sr9_icsd_058763_Sr_Bi_Ge,-3.798979963,-5.802103043,2.00312308,-3.798979998,-3.215745687,0.583234311,-3.798979963,213.9
POSCAR_a6b2b8e2_14_K2Na8Sb6Sn2_icsd_057400_As_Na_Si_Cs,-3.06842216,-4.538896561,1.470474401,-3.068422079,-2.957051277,0.111370802,-3.06842216,214.4
POSCAR_a3b1b4e1_14_K1Na4Sb3Sn1_icsd_054261_Cs_Na_Si_As,-3.068211729,-4.544001579,1.47578985,-3.068211794,-2.956443548,0.111768246,-3.068211729,214.6
POSCAR_a8b12d4_2_Cs12In4P8_icsd_300148_Cs_Sb_Ga,-2.732232936,-6.634384155,3.902151219,-2.732233047,-2.827872515,0.095639468,-2.732232936,214.7
POSCAR_a3b2b3e1_62_K2Na3P3Si1_icsd_300203_Rb_Rb_Si_As,-3.091649387,-5.549108982,2.457459595,-3.091649294,-3.015955925,0.075693369,-3.091649387,215.3
POSCAR_a2c1c2_62_Ba1Sb2Zn2_icsd_032020_Sb_Si_Sn,-4.256802853,-3.787435532,0.469367321,-4.256803036,-2.811757088,1.445045948,-4.256802853,215.5
POSCAR_a3b1b4e1_14_K1Na4Sb3Sn1_icsd_054261_Na_Na_Ge_Bi,-2.844244249,-5.109076023,2.264831774,-2.844244242,-2.706221104,0.138023138,-2.844244249,215.6
POSCAR_a2c1e2_105_As2Ba1Ge2_icsd_026417_P_Pb_Ge,-4.405673511,-5.287524223,0.881850712,-4.405673504,-3.439171076,0.966502428,-4.405673511,215.9
POSCAR_a4c2e1_62_As4Cd2Ge1_icsd_042132_Ge_Sb_Hg,-2.940562436,-2.544466734,0.396095702,-2.940562487,-2.278496742,0.662065745,-2.940562436,216
POSCAR_a4c3e2_15_As4Si2Sr3_icsd_016453_Cd_Sn_Bi,-2.941197216,-2.544466972,0.396730244,-2.941197157,-2.383842945,0.557354212,-2.941197216,216.1
POSCAR_a3b2b3e1_62_K2Na3P3Si1_icsd_300203_Li_Na_Ge_Bi,-3.051089514,-4.638246059,1.587156545,-3.051089525,-2.571647167,0.479442358,-3.051089514,216.3
POSCAR_a1b1c1_186_Li1Sb1Zn1_icsd_042064_Bi_Si_Cs,-3.444978653,-2.749155521,0.695823132,-3.444978714,-2.8793571,0.565621614,-3.444978653,216.6
POSCAR_a3b4c1d1_7_Ca1Ga1Na4Sb3_icsd_291241_Sb_Ca_Tl_Rb,-2.719105358,-7.224387169,4.505281811,-2.719105244,-2.973942757,0.254837513,-2.719105358,216.6
POSCAR_a1b1e1_186_Li1Sb1Sn1_icsd_603169_Sb_Si_Rb,-3.531890734,-4.503674507,0.971783773,-3.531890631,-2.941871643,0.590018988,-3.531890734,216.9
POSCAR_a2c1e2_105_As2Ba1Ge2_icsd_026417_As_Si_Si,-4.967656369,-4.164656162,0.803000207,-4.967656136,-3.028234005,1.939422131,-4.967656369,217.7
POSCAR_a4b3b6d1_194_Cs6Ga1K3Sb4_icsd_300150_Na_Sb_Rb_Ga,-2.38232082,-5.946146965,3.563826145,-2.382320881,-2.818686247,0.436365366,-2.38232082,217.7
POSCAR_a5c8e3_139_Ge3Sb5Yb8_icsd_170575_P_Sn_Ca,-4.292920557,-7.714831352,3.421910795,-4.292920589,-4.08672142,0.206199169,-4.292920557,218
POSCAR_a4c2c3_64_Ba2Bi4Cd3_icsd_416446_Si_Si_Sb,-4.701227421,-3.276759863,1.424467558,-4.701227188,-2.765824556,1.935402632,-4.701227421,218.8
POSCAR_a4b3c3d1_186_Al1Ca3Na3Sb4_icsd_291242_Na_Mn_Tl_P,-4.157786853,-7.764703751,3.606916898,-4.157786846,-4.232899666,0.07511282,-4.157786853,219
POSCAR_a3b2b3e1_62_K2Na3P3Si1_icsd_300203_Na_Li_Sn_Bi,-2.924390783,-4.493117332,1.568726549,-2.924390793,-2.544164896,0.380225897,-2.924390783,219.2
POSCAR_a3b6d1_11_Al1Rb6Sb3_icsd_300217_Sb_Ga_Li,-3.13639744,-4.555246353,1.418848913,-3.136397362,-2.841860294,0.294537068,-3.13639744,219.3
POSCAR_a12b4c8d4_12_Al4Eu8Na4P12_icsd_409320_Mn_Na_In_As,-4.07497264,-8.997133255,4.922160615,-4.07497263,-4.015455246,0.059517384,-4.07497264,219.3
POSCAR_a3b2b3e1_73_Bi3K3Na2Sn1_icsd_050534_Rb_Na_Pb_Bi,-2.59649679,-2.544466734,0.052030056,-2.59649682,-2.734672546,0.138175726,-2.59649679,219.3
POSCAR_a6b2b8e2_14_K2Na8Sb6Sn2_icsd_057400_P_Na_Si_K,-3.423710023,-8.486865997,5.063155974,-3.423710108,-3.523104191,0.099394083,-3.423710023,219.6
POSCAR_a3b2b3e1_62_K2Na3P3Si1_icsd_300203_Na_Li_Sn_Sb,-2.993952511,-4.940330505,1.946377994,-2.993952513,-2.628334522,0.365617991,-2.993952511,219.9
POSCAR_a3b4c1d1_7_Ca1Ga1Na4Sb3_icsd_291241_As_Ba_Ga_Cs,-3.013297084,-7.584288597,4.570991513,-3.013297081,-3.160694122,0.147397041,-3.013297084,220.2
POSCAR_a2c1c1_62_Mn1Sb2Sr1_icsd_643539_Ca_Sr_Bi,-3.429266393,-3.688779831,0.259513438,-3.429266453,-3.193681717,0.235584736,-3.429266393,220.3
POSCAR_a3b2b3e1_62_K2Na3P3Si1_icsd_300203_K_K_Ge_Bi,-2.786697994,-4.40592289,1.619224896,-2.786698103,-3.155890942,0.369192839,-2.786697994,220.3
POSCAR_a4b3b6d1_194_Cs6Ga1K3Sb4_icsd_300150_Rb_Sb_Na_Al,-2.559974395,-6.268231392,3.708256997,-2.559974432,-2.947024345,0.387049913,-2.559974395,220.8
POSCAR_a6b4b6e2_64_As6K6Na4Sn2_icsd_040560_K_K_Sb_Ge,-2.844344436,-7.28554821,4.441203774,-2.844344378,-3.206951857,0.362607479,-2.844344436,220.9
POSCAR_a3b1b4e1_14_K1Na4Sb3Sn1_icsd_054261_Rb_Rb_Ge_Sb,-2.762695249,-7.967603683,5.204908434,-2.762695313,-3.053889751,0.291194438,-2.762695249,221.1
POSCAR_a4c1e3_62_Eu1Sb4Sn3_icsd_411250_Be_Bi_Si,-4.108828683,-3.450141191,0.658687492,-4.108828545,-2.779790163,1.329038382,-4.108828683,221.2
POSCAR_a3b2b3e1_64_K3Na2P3Sn1_icsd_050532_K_K_Ge_Sb,-2.843798806,-7.298311234,4.454512428,-2.843798876,-3.201564312,0.357765436,-2.843798806,221.4
POSCAR_a3b2b3e1_73_Bi3K3Na2Sn1_icsd_050534_Li_Cs_Ge_Sb,-3.025637121,-5.377174377,2.351537256,-3.02563715,-2.936113358,0.089523792,-3.025637121,221.6
POSCAR_a6c6d2_64_Ba6Ga2P6_icsd_402177_Bi_Hg_Tl,-2.144315977,-2.544466734,0.400150757,-2.144315958,-1.973165274,0.171150684,-2.144315977,222
POSCAR_a3b5e3_62_As3K5Pb3_icsd_055419_Sn_Sb_Li,-3.40706348,-6.056295395,2.649231915,-3.407063484,-2.743746042,0.663317442,-3.40706348,222
POSCAR_a2b2c1c1_26_Ba1Cd1K2Sb2_icsd_422272_P_K_Ge_Ca,-3.766999828,-4.246547699,0.479547871,-3.766999722,-4.016038418,0.249038696,-3.766999828,222.1
POSCAR_a2b2c1c1_26_Ba1Cd1K2Sb2_icsd_422272_P_Na_Be_Sr,-3.623211651,-3.982105732,0.358894081,-3.623211622,-3.845867157,0.222655535,-3.623211651,222.3
POSCAR_a4b3b6d1_194_Cs6Ga1K3Sb4_icsd_300150_Rb_Sb_Li_In,-2.570197418,-6.518078804,3.947881386,-2.570197344,-2.966207504,0.39601016,-2.570197418,222.4
POSCAR_a2b2e1_72_As2Rb2Sn1_icsd_071223_As_Si_Na,-3.834580914,-3.463126898,0.371454016,-3.834580898,-3.043964148,0.79061675,-3.834580914,222.5
POSCAR_a12b7c12_12_Mn12Rb7Sb12_icsd_237459_Sb_Zn_Li,-2.681712626,-2.544466734,0.137245892,-2.681712627,-2.497742176,0.183970451,-2.681712626,222.6
POSCAR_a3b2b3e1_64_K3Na2P3Sn1_icsd_050532_Na_K_Ge_Bi,-2.835854787,-4.855257511,2.019402724,-2.835854769,-2.989433527,0.153578758,-2.835854787,222.6
POSCAR_a2c1d2_194_Ca1In2P2_icsd_260562_Sb_Be_In,-3.306128713,-3.323607922,0.017479209,-3.30612874,-2.914160013,0.391968727,-3.306128713,222.7
POSCAR_a12b4c8d4_12_Al4Eu8Na4P12_icsd_409320_Mn_Cs_In_Sb,-3.59998168,-6.642983437,3.043001757,-3.599981785,-3.450884104,0.149097681,-3.59998168,222.7
POSCAR_a6c3e4_11_Ba3P6Si4_icsd_029261_Bi_Pb_Be,-3.623873204,-3.26719141,0.356681794,-3.623873234,-2.861618519,0.762254715,-3.623873204,222.8
POSCAR_a2b3d1_14_As2In1Na3_icsd_300139_K_Sb_Ga,-2.799298793,-9.268686295,6.469387502,-2.799298763,-3.209954023,0.41065526,-2.799298793,223.1
POSCAR_a2c2d1_79_Sb2Tl1Zn2_icsd_076499_As_In_Ba,-3.631446853,-3.851684332,0.220237479,-3.631446838,-3.58934927,0.042097568,-3.631446853,223.7
POSCAR_a4b4c3_71_Eu3Li4Sb4_icsd_428113_Ca_P_Na,-3.581397945,-4.077038765,0.49564082,-3.58139801,-3.869546175,0.288148165,-3.581397945,223.7
POSCAR_a5b7d2_11_Al2Na7Sb5_icsd_048168_K_Ga_P,-3.26332057,-8.242947578,4.979627008,-3.263320684,-3.730171204,0.46685052,-3.26332057,224.5
POSCAR_a1c1e1_129_Eu1P1Sn1_icsd_095081_Pb_P_Pb,-4.138956165,-3.045375347,1.093580818,-4.13895607,-3.433209181,0.705746889,-4.138956165,224.5
POSCAR_a4b6d2_14_Al2Cs6P4_icsd_300131_Rb_Bi_Al,-2.773791824,-6.301825523,3.528033699,-2.77379179,-3.013298988,0.239507198,-2.773791824,224.5
POSCAR_a4c3d2_15_Al2As4Sr3_icsd_423787_Be_Bi_Al,-3.475463086,-3.632258177,0.156795091,-3.475463152,-2.929815292,0.54564786,-3.475463086,225.4
POSCAR_a4c2e1_62_As4Cd2Ge1_icsd_042132_Sn_Sb_Si,-4.245899273,-4.717642307,0.471743034,-4.2458992,-2.638554811,1.607344389,-4.245899273,226.4
POSCAR_a1b1c1_33_As1Cd1Na1_icsd_009571_Li_As_Cd,-2.87677748,-3.252244949,0.375467469,-2.876777411,-2.714737654,0.162039757,-2.87677748,226.5
POSCAR_a1b1c1_216_As1Cd1Li1_icsd_609966_Bi_Zn_K,-2.237662153,-2.681253433,0.44359128,-2.237662077,-2.787477016,0.549814939,-2.237662153,226.7
POSCAR_a5b11c2_2_Cd2K11Sb5_icsd_425646_Bi_Rb_Zn,-2.17958725,-4.305060863,2.125473613,-2.179587364,-2.993433952,0.813846588,-2.17958725,226.7
POSCAR_a4b4c3_71_Eu3Li4Sb4_icsd_428113_Sn_Bi_K,-3.099704969,-3.313654184,0.213949215,-3.099704981,-2.939529181,0.1601758,-3.099704969,226.7
POSCAR_a6b4b6e2_64_As6K6Na4Sn2_icsd_040560_Li_Li_Bi_Ge,-3.235577991,-4.94672966,1.711151669,-3.23557806,-2.570255756,0.665322304,-3.235577991,227.1
POSCAR_a3b2b3e1_64_K3Na2P3Sn1_icsd_050532_Na_Rb_Si_As,-3.199021215,-5.595352173,2.396330958,-3.199021101,-3.079421997,0.119599104,-3.199021215,227.2
POSCAR_a3b2b3e1_64_K3Na2P3Sn1_icsd_050532_Na_Na_Si_As,-3.277609409,-6.78283596,3.505226551,-3.277609348,-3.048000097,0.229609251,-3.277609409,227.2
POSCAR_a3d5_140_In5Sb3_icsd_640434_As_In,-3.442638618,-5.443175316,2.000536698,-3.442638636,-3.425311565,0.017327071,-3.442638618,227.4
POSCAR_a4b6d2_14_Al2Cs6P4_icsd_300131_Cs_Bi_Al,-2.757550114,-3.136452675,0.378902561,-2.757550001,-2.66664362,0.090906381,-2.757550114,227.4
POSCAR_a3b2b3e1_62_K2Na3P3Si1_icsd_300203_Na_Cs_Ge_Bi,-2.758686553,-3.71825552,0.959568967,-2.758686543,-2.743107796,0.015578747,-2.758686553,227.6
POSCAR_a4c3e2_4_Ba3P4Sn2_icsd_660381_As_Mg_Ge,-3.841411572,-5.791942596,1.950531024,-3.841411591,-3.356053591,0.485358,-3.841411572,228
POSCAR_a2b2c1c1_26_Ba1Cd1K2Sb2_icsd_422272_As_Na_Pb_Ge,-3.540812097,-3.707260609,0.166448512,-3.540812016,-2.958709478,0.582102538,-3.540812097,228.3
POSCAR_a3b1b4e1_62_As3Ge1K1Na4_icsd_300204_Cs_Cs_As_Ge,-2.588909638,-4.278766632,1.689856994,-2.588909626,-2.893937588,0.305027962,-2.588909638,228.6
POSCAR_a6b2b8e2_14_K2Na8Sb6Sn2_icsd_057400_Bi_K_Ge_Na,-2.829631951,-5.035467148,2.205835197,-2.829632044,-2.790334702,0.039297342,-2.829631951,228.8
POSCAR_a3b2b3e1_64_K3Na2P3Sn1_icsd_050532_K_Cs_Ge_Sb,-2.785022113,-6.047308922,3.262286809,-2.78502202,-3.046057224,0.261035204,-2.785022113,228.9
POSCAR_a6b4b6e2_64_As6K6Na4Sn2_icsd_040560_K_Rb_Sb_Ge,-2.7969474,-7.493300438,4.696353038,-2.796947479,-3.148498058,0.351550579,-2.7969474,228.9
POSCAR_a1c1d1_62_Cd1Sb1Tl1_icsd_009572_Sb_Tl_Si,-3.724408867,-3.377566338,0.346842529,-3.724408865,-2.741020441,0.983388424,-3.724408867,229
POSCAR_a4b3b6d1_194_Cs6Ga1K3Sb4_icsd_300150_Rb_Bi_Cs_Al,-2.318936244,-4.433279037,2.114342793,-2.318936348,-2.850141048,0.5312047,-2.318936244,229.1
POSCAR_a1c1e1_129_Eu1P1Sn1_icsd_095081_Si_P_Ge,-4.928517772,-3.25535202,1.673165752,-4.928517818,-3.370735407,1.557782411,-4.928517772,229.2
POSCAR_a3b2b3e1_73_Bi3K3Na2Sn1_icsd_050534_Rb_Rb_Si_P,-3.136799002,-5.880521774,2.743722772,-3.136799097,-3.283621311,0.146822214,-3.136799002,229.4
POSCAR_a6b7d3_2_As6Cs7In3_icsd_411989_Cs_Sb_Al,-2.912607942,-3.839370251,0.926762309,-2.912607908,-2.885673523,0.026934385,-2.912607942,229.7
POSCAR_a4b3b6d1_194_Cs6Ga1K3Sb4_icsd_300150_Li_Bi_K_In,-2.570427466,-5.850569725,3.280142259,-2.570427418,-2.873214006,0.302786588,-2.570427466,229.7
POSCAR_a12c11c6_12_Eu11Sb12Zn6_icsd_419343_Zn_As_Hg,-2.402752321,-3.035464764,0.632712443,-2.402752399,-2.417651176,0.014898777,-2.402752321,229.9
POSCAR_a1b2_190_Li2Sb1_icsd_604562_Sb_Li,-3.240193966,-3.036199093,0.203994873,-3.240194082,-2.6520257,0.588168382,-3.240193966,230
POSCAR_a3c3d1_62_Ca3In1P3_icsd_060125_P_Mg_Al,-4.096804162,-5.520447731,1.423643569,-4.096804142,-3.689479589,0.407324553,-4.096804162,230
POSCAR_a1b1e1_186_Li1Sb1Sn1_icsd_603169_As_Si_Na,-3.827154458,-4.986747742,1.159593284,-3.827154398,-3.099835157,0.727319241,-3.827154458,230
POSCAR_a2b1c2_139_Cs1Mn2P2_icsd_095837_Li_Sb_Zn,-2.67431412,-2.606829166,0.067484954,-2.674314022,-2.507692099,0.166621923,-2.67431412,230
POSCAR_a3b6d1_11_Al1Rb6Sb3_icsd_300217_As_Tl_K,-2.640226128,-5.276382446,2.636156318,-2.640226126,-3.125129461,0.484903335,-2.640226128,230.1
POSCAR_a6b4b6e2_64_As6K6Na4Sn2_icsd_040560_Na_Rb_Bi_Ge,-2.789134797,-4.885086536,2.095951739,-2.789134741,-2.916656017,0.127521276,-2.789134797,230.5
POSCAR_a3b2b3e1_64_K3Na2P3Sn1_icsd_050532_Na_Rb_Ge_Bi,-2.789104267,-4.862816334,2.073712067,-2.789104223,-2.915668488,0.126564265,-2.789104267,230.6
POSCAR_a4b3b6d1_194_Cs6Ga1K3Sb4_icsd_300150_Cs_P_Rb_Ga,-2.589050422,-5.339476109,2.750425687,-2.589050531,-2.986835241,0.39778471,-2.589050422,231.1
POSCAR_a6b4b6e2_64_As6K6Na4Sn2_icsd_040560_Cs_K_P_Si,-3.281840041,-6.861252785,3.579412744,-3.281840086,-3.492821217,0.210981131,-3.281840041,231.2
POSCAR_a6b4b6e2_64_As6K6Na4Sn2_icsd_040560_Rb_Li_Bi_Ge,-2.972558402,-4.490810394,1.518251992,-2.972558498,-2.697849751,0.274708747,-2.972558402,231.3
POSCAR_a3b2b3e1_64_K3Na2P3Sn1_icsd_050532_Cs_K_Si_P,-3.281782665,-6.866184235,3.58440157,-3.281782627,-3.491947174,0.210164547,-3.281782665,231.3
POSCAR_a1b1c1_194_Hg1K1Sb1_icsd_056201_P_K_Ge,-3.778104353,-3.255445004,0.522659349,-3.778104305,-3.671202421,0.106901884,-3.778104353,231.7
POSCAR_a2b3d1_72_In1K3P2_icsd_300141_Sb_Cs_Ga,-2.714701543,-3.455707073,0.74100553,-2.714701653,-2.81599617,0.101294517,-2.714701543,232.2
POSCAR_a2c1c1_62_Mn1Sb2Sr1_icsd_643539_Sr_Si_As,-4.44967362,-4.519618988,0.069945368,-4.449673653,-3.667366028,0.782307625,-4.44967362,232.2
POSCAR_a2c1d2_10_As2Ga2Sr1_icsd_422527_Ge_P_Al,-4.669945084,-5.151747704,0.48180262,-4.66994524,-3.689381361,0.980563879,-4.669945084,232.3
POSCAR_a1b1c1_129_Mn1Na1Sb1_icsd_060735_K_Ba_P,-3.414525207,-3.21960187,0.194923337,-3.41452527,-3.75348258,0.33895731,-3.414525207,232.3
POSCAR_a3b2b3e1_62_K2Na3P3Si1_icsd_300203_K_Na_Si_P,-3.411052735,-7.130414963,3.719362228,-3.411052704,-3.333773851,0.077278853,-3.411052735,232.3
POSCAR_a2c1c2_72_As2Ba2Zn1_icsd_421423_Si_As_Si,-4.952868526,-3.393610954,1.559257572,-4.952868462,-3.068340302,1.88452816,-4.952868526,232.5
POSCAR_a2b3_15_Bi2Cs3_icsd_240017_Cs_Sb,-2.569981713,-2.887846231,0.317864518,-2.569981813,-2.793083191,0.223101378,-2.569981713,232.6
POSCAR_a3b1c4_166_As3Cd4Rb1_icsd_262037_Bi_Na_Zn,-2.283367318,-2.559044361,0.275677043,-2.283367395,-2.412437916,0.129070521,-2.283367318,232.6
POSCAR_a3b2b3e1_73_Bi3K3Na2Sn1_icsd_050534_Li_K_Ge_Bi,-3.025483114,-5.0969944,2.071511286,-3.025483131,-2.841000795,0.184482336,-3.025483114,232.6
POSCAR_a1c1d1_62_Cd1Sb1Tl1_icsd_009572_As_Tl_Hg,-2.386641487,-3.31640625,0.929764763,-2.386641502,-2.890277863,0.503636361,-2.386641487,232.7
POSCAR_a10c1_36_Ba1P10_icsd_035295_Bi_Ge,-4.032131361,-3.342560291,0.68957107,-4.032131195,-3.148034811,0.884096384,-4.032131361,232.9
POSCAR_a3b4c1d1_7_Ca1Ga1Na4Sb3_icsd_291241_As_Sr_Al_Rb,-3.132640514,-6.80651474,3.673874226,-3.1326406,-3.042617321,0.090023279,-3.132640514,232.9
POSCAR_a1b1e1_186_Li1Sb1Sn1_icsd_603169_As_Si_Li,-4.10424092,-4.398128033,0.293887113,-4.104240894,-2.971986771,1.132254123,-4.10424092,233.1
POSCAR_a2c1d2_62_Eu1Ga2Sb2_icsd_182776_Ge_Sb_In,-3.564376179,-4.463347912,0.898971733,-3.564376116,-2.902413845,0.661962271,-3.564376179,233.6
POSCAR_a2c1c2_139_Ba1Mn2P2_icsd_077668_P_Zn_Cd,-2.911819284,-2.73400116,0.177818124,-2.91181922,-2.916714907,0.004895687,-2.911819284,234
POSCAR_a3b1b4e1_62_As3Ge1K1Na4_icsd_300204_Li_Li_Bi_Ge,-3.228033465,-6.465277195,3.23724373,-3.228033543,-3.136532068,0.091501475,-3.228033465,234.6
POSCAR_a3b1b4e1_14_K1Na4Sb3Sn1_icsd_054261_Rb_Na_Si_P,-3.322070546,-6.831464767,3.509394221,-3.322070599,-3.197137833,0.124932766,-3.322070546,235.3
POSCAR_a6b4b6e2_64_As6K6Na4Sn2_icsd_040560_K_Cs_As_Si,-3.069369113,-5.912716389,2.843347276,-3.069369078,-3.058781862,0.010587216,-3.069369113,236.2
POSCAR_a6c6e2_14_Ba6P6Sn2_icsd_035342_Sb_Si_Ge,-4.363695234,-5.003801346,0.640106112,-4.363695145,-2.804158688,1.559536457,-4.363695234,236.3
POSCAR_a4c3e2_14_As4Ge2Sr3_icsd_016454_Be_Sn_Bi,-3.616027619,-4.333028316,0.717000697,-3.616027594,-3.114470243,0.501557351,-3.616027619,237.3
POSCAR_a3b2b3e1_73_Bi3K3Na2Sn1_icsd_050534_Rb_K_Ge_As,-2.927378029,-6.494851112,3.567473083,-2.927377939,-3.245109081,0.317731142,-2.927378029,238.1
POSCAR_a3b2b3e1_64_K3Na2P3Sn1_icsd_050532_Rb_Rb_Ge_Sb,-2.744687129,-7.259943008,4.515255879,-2.74468708,-3.052994728,0.308307648,-2.744687129,239.1
POSCAR_a2c1d2_194_Ca1In2P2_icsd_260562_Sb_Ge_Al,-3.934544534,-3.299866676,0.634677858,-3.934544563,-2.959307671,0.975236892,-3.934544534,239.3
POSCAR_a1b1c1_216_As1Cd1Li1_icsd_609966_As_Zn_Na,-2.666657227,-2.736051083,0.069393856,-2.666657209,-2.856935024,0.190277815,-2.666657227,239.3
POSCAR_a6b4b6e2_64_As6K6Na4Sn2_icsd_040560_Rb_Rb_Sb_Ge,-2.744431333,-7.29979229,4.555360957,-2.744431257,-3.051239491,0.306808234,-2.744431333,239.3
POSCAR_a4b4c3_71_Eu3Li4Sb4_icsd_428113_Ba_Sb_Rb,-2.917963314,-3.293761015,0.375797701,-2.917963266,-3.388844013,0.470880747,-2.917963314,239.5
POSCAR_a1b1e1_186_Li1Sb1Sn1_icsd_603169_P_Si_Li,-4.369310473,-5.215137482,0.845827009,-4.369310379,-3.408876896,0.960433483,-4.369310473,239.9
POSCAR_a7b4c7_63_As7Rb4Zn7_icsd_237457_Mn_As_Cs,-4.240113962,-8.768336296,4.528222334,-4.240113735,-4.531318665,0.29120493,-4.240113962,240
POSCAR_a3b1b4e1_14_K1Na4Sb3Sn1_icsd_054261_K_Li_Pb_Bi,-2.816821286,-4.491033554,1.674212268,-2.816821337,-2.8954916,0.078670263,-2.816821286,240.6
POSCAR_a6b7d3_2_As6Cs7In3_icsd_411989_Rb_Sb_Al,-2.924274145,-6.386062622,3.461788477,-2.924274206,-3.00741291,0.083138704,-2.924274145,241
POSCAR_a2b2e1_72_As2Rb2Sn1_icsd_071223_Bi_Ge_Rb,-3.151565743,-3.078207254,0.073358489,-3.15156579,-2.886805773,0.264760017,-3.151565743,241.3
POSCAR_a3d4e1_140_Bi3In4Pb1_icsd_616725_Pb_Bi_Al,-3.575429363,-4.294874668,0.719445305,-3.57542944,-2.540659666,1.034769774,-3.575429363,242.1
POSCAR_a6b4b6e2_64_As6K6Na4Sn2_icsd_040560_K_Cs_P_Si,-3.270912539,-6.447873116,3.176960577,-3.270912647,-3.394002914,0.123090267,-3.270912539,242.2
POSCAR_a3c3d1_64_Al1Ba3Sb3_icsd_032728_P_Mn_Al,-5.49982889,-13.265275,7.76544611,-5.499828815,-5.134858131,0.364970684,-5.49982889,242.4
POSCAR_a3b2b3e1_64_K3Na2P3Sn1_icsd_050532_K_Cs_Si_P,-3.270699966,-6.447925568,3.177225602,-3.270699978,-3.392361641,0.121661663,-3.270699966,242.4
POSCAR_a2b2e1_72_As2Rb2Sn1_icsd_071223_As_Si_K,-3.844766564,-3.7257061,0.119060464,-3.844766617,-3.356315374,0.488451243,-3.844766564,242.7
POSCAR_a2c1c1c1_36_Ba1Cd1Sb2Yb1_icsd_422280_Sb_Si_Zn_Ge,-3.650245038,-2.75534296,0.894902078,-3.650244951,-2.738710403,0.911534548,-3.650245038,242.9
POSCAR_a5c5d4_104_Ba5Bi5In4_icsd_054853_Al_Sb_Be,-3.654595713,-6.726037025,3.071441312,-3.654595613,-3.113416195,0.541179418,-3.654595713,243.7
POSCAR_a4b3b6d1_194_Cs6Ga1K3Sb4_icsd_300150_Cs_Bi_Li_In,-2.440890498,-3.786254168,1.34536367,-2.440890551,-2.601632595,0.160742044,-2.440890498,243.8
POSCAR_a6b2b8e2_14_K2Na8Sb6Sn2_icsd_057400_Sb_K_Ge_Rb,-2.781781821,-7.796834946,5.015053125,-2.781781912,-3.085062504,0.303280592,-2.781781821,244.1
POSCAR_a3b1b4e1_14_K1Na4Sb3Sn1_icsd_054261_Rb_K_Ge_Sb,-2.7815742,-7.764996529,4.983422329,-2.781574249,-3.086573601,0.304999352,-2.7815742,244.3
POSCAR_a4b6d1_15_Na6Sb4Tl1_icsd_096942_Bi_In_K,-2.647096688,-5.854427338,3.20733065,-2.647096634,-3.07468915,0.427592516,-2.647096688,244.5
POSCAR_a4c3e2_14_As4Ge2Sr3_icsd_016454_Si_Pb_Sb,-4.191758577,-4.007905483,0.183853094,-4.191758633,-2.635980606,1.555778027,-4.191758577,244.9
POSCAR_a2c1c2_36_Eu2P2Zn1_icsd_426081_Mg_As_Ba,-3.617733298,-3.446866512,0.170866786,-3.61773324,-3.735987663,0.118254423,-3.617733298,244.9
POSCAR_a4c3e2_14_As4Ge2Sr3_icsd_016454_Zn_Sn_Bi,-2.966945958,-2.544466734,0.422479224,-2.966945887,-2.46079731,0.506148577,-2.966945958,245.5
POSCAR_a5b6c1_59_Bi5K6Zn1_icsd_238106_Cs_Sr_P,-3.183632825,-4.618560791,1.434927966,-3.183632851,-3.621927977,0.438295126,-3.183632825,245.9
POSCAR_a3b1b4e1_62_As3Ge1K1Na4_icsd_300204_Na_Na_Bi_Ge,-2.813759012,-5.620052814,2.806293802,-2.813759089,-2.95053196,0.136772871,-2.813759012,246.1
POSCAR_a3b2b3e1_62_K2Na3P3Si1_icsd_300203_Na_Rb_Ge_Bi,-2.773422273,-4.236201286,1.462779013,-2.773422241,-2.867645025,0.094222784,-2.773422273,246.2
POSCAR_a2c1d2_194_Ca1In2P2_icsd_260562_As_Si_Tl,-3.817925294,-3.482112885,0.335812409,-3.817925215,-2.698218346,1.119706869,-3.817925294,246.7
POSCAR_a9c7d4_59_Ba7Ga4Sb9_icsd_060583_Sb_Si_Al,-4.247101116,-5.258384228,1.011283112,-4.247101307,-2.653358698,1.593742609,-4.247101116,246.7
POSCAR_a4b6d1_15_Na6Sb4Tl1_icsd_096942_As_Ga_Na,-3.035080335,-8.668622971,5.633542636,-3.035080433,-3.033379793,0.00170064,-3.035080335,246.9
POSCAR_a3b1b4e1_14_K1Na4Sb3Sn1_icsd_054261_Rb_Cs_Ge_Bi,-2.671087316,-5.07806778,2.406980464,-2.671087265,-2.948639393,0.277552128,-2.671087316,247.3
POSCAR_a5c5d4_104_Ba5Bi5In4_icsd_054853_In_As_Zn,-2.97250028,-6.53442812,3.56192784,-2.972500324,-3.014463425,0.041963101,-2.97250028,247.7
POSCAR_a3b2b3e1_64_K3Na2P3Sn1_icsd_050532_Cs_Na_Ge_Bi,-2.737999837,-2.946147203,0.208147366,-2.737999916,-2.760076523,0.022076607,-2.737999837,248.3
POSCAR_a3d4e1_140_Bi3In4Pb1_icsd_616725_Pb_As_Tl,-3.330901619,-4.908837795,1.577936176,-3.330901623,-2.848174095,0.482727528,-3.330901619,248.4
POSCAR_a2b2c1c1_26_Ba1Cd1K2Sb2_icsd_422272_P_Na_Ca_Ba,-3.525328274,-4.015136719,0.489808445,-3.525328159,-3.705182314,0.179854155,-3.525328274,248.7
POSCAR_a4b3b6d1_194_Cs6Ga1K3Sb4_icsd_300150_Cs_As_Rb_Al,-2.540250176,-5.017793179,2.477543003,-2.540250063,-2.802970886,0.262720823,-2.540250176,248.8
POSCAR_a5c5d4_104_Ba5Bi5In4_icsd_054853_In_As_Cd,-2.845393425,-5.956825256,3.111431831,-2.845393419,-2.814199448,0.031193971,-2.845393425,249.5
POSCAR_a12b4c8d4_12_Al4Eu8Na4P12_icsd_409320_Mn_K_Al_As,-4.222086545,-8.675011635,4.45292509,-4.22208643,-4.121242523,0.100843907,-4.222086545,249.6
POSCAR_a6b2b8e2_14_K2Na8Sb6Sn2_icsd_057400_Bi_Rb_Ge_Rb,-2.678560477,-5.91235733,3.233796853,-2.678560495,-3.008579254,0.330018759,-2.678560477,249.9
POSCAR_a6b2b8e2_14_K2Na8Sb6Sn2_icsd_057400_Sb_Rb_Ge_Cs,-2.721726834,-5.239050865,2.517324031,-2.721726894,-2.847817659,0.126090765,-2.721726834,250.1
POSCAR_a3b2b3e1_62_K2Na3P3Si1_icsd_300203_Na_Na_Ge_Bi,-2.809735385,-4.522123337,1.712387952,-2.809735298,-2.691431284,0.118304014,-2.809735385,250.1
POSCAR_a2b2c1c1_26_Ba1Cd1K2Sb2_icsd_422272_As_Na_Hg_Si,-3.034788086,-3.091430426,0.05664234,-3.034788132,-2.713099003,0.321689129,-3.034788086,250.6
POSCAR_a5c6_167_Cd6Sb5_icsd_420110_As_Ge,-4.39421614,-5.734726906,1.340510766,-4.394216061,-3.692095041,0.70212102,-4.39421614,250.8
POSCAR_a14c11c8_12_Ba11Bi14Cd8_icsd_240338_As_Sn_Pb,-3.993077008,-5.398519516,1.405442508,-3.99307704,-2.715295792,1.277781248,-3.993077008,250.8
POSCAR_a3c3d1_64_Al1Ba3Sb3_icsd_032728_Bi_Zn_In,-2.562254007,-2.546827316,0.015426691,-2.562253952,-2.42431879,0.137935162,-2.562254007,250.9
POSCAR_a4b3b6d1_194_Cs6Ga1K3Sb4_icsd_300150_Cs_Sb_Rb_Al,-2.433907299,-4.616558075,2.182650776,-2.43390727,-2.691372395,0.257465125,-2.433907299,251.5
POSCAR_a3b2b3e1_62_K2Na3P3Si1_icsd_300203_Rb_K_Ge_Bi,-2.718368574,-4.435784817,1.717416243,-2.71836853,-3.066018343,0.347649813,-2.718368574,252.1
POSCAR_a4b3b6d1_194_Cs6Ga1K3Sb4_icsd_300150_Cs_P_Cs_Ga,-2.536939889,-5.244991302,2.708051413,-2.536939859,-3.00245595,0.465516091,-2.536939889,253.5
POSCAR_a5c2d5_62_Ba2In5P5_icsd_161774_Sb_Ge_Al,-3.920199451,-6.36050415,2.440304699,-3.920199394,-2.889387608,1.030811786,-3.920199451,253.6
POSCAR_a2b2e1_72_As2Rb2Sn1_icsd_071223_Bi_Pb_K,-2.986166693,-2.978343487,0.007823206,-2.986166716,-2.779747725,0.206418991,-2.986166693,254.1
POSCAR_a2c1d2_166_As2Ca1Ga2_icsd_422526_Be_Bi_In,-3.199950242,-2.946227074,0.253723168,-3.199950218,-2.803044319,0.396905899,-3.199950242,254.1
POSCAR_a4b4c3_71_Eu3Li4Sb4_icsd_428113_Be_P_K,-3.596166493,-4.271284103,0.67511761,-3.596166611,-4.188144207,0.591977596,-3.596166493,254.6
POSCAR_a4c1e3_62_Eu1Sb4Sn3_icsd_411250_Si_P_Sn,-4.746438766,-6.338442802,1.592004036,-4.74643898,-3.804001331,0.942437649,-4.746438766,254.7
POSCAR_a4c2c3_64_Ba2Bi4Cd3_icsd_416446_Pb_Be_Sb,-3.60564221,-3.933434725,0.327792515,-3.605642319,-2.648568153,0.957074166,-3.60564221,254.8
POSCAR_a12c14e3_146_As12Sn3Sr14_icsd_195752_Si_P_Si,-5.222727299,-7.506625175,2.283897876,-5.222727299,-3.333534718,1.889192581,-5.222727299,255
POSCAR_a4c2c3_64_Ba2Bi4Cd3_icsd_416446_Ca_Pb_As,-3.996209048,-4.636218071,0.640009023,-3.996209145,-3.58558917,0.410619975,-3.996209048,256
POSCAR_a6b4b6e2_64_As6K6Na4Sn2_icsd_040560_Rb_Cs_As_Si,-3.00817505,-5.159898758,2.151723708,-3.008175135,-2.883915663,0.124259472,-3.00817505,256.2
POSCAR_a3b1b4e1_62_As3Ge1K1Na4_icsd_300204_Na_Na_Bi_Sn,-2.68118388,-5.114421844,2.433237964,-2.681183815,-2.892148018,0.210964203,-2.68118388,256.2
POSCAR_a2b4c1_20_Bi2K4Zn1_icsd_192439_Rb_Cd_As,-2.385272479,-3.322129488,0.936857009,-2.385272503,-3.034776449,0.649503946,-2.385272479,256.5
POSCAR_a7c12c2_174_Mn12P7Yb2_icsd_602711_Sb_Be_Ba,-3.609156779,-5.108725548,1.499568769,-3.609156847,-3.765753508,0.156596661,-3.609156779,256.9
POSCAR_a3b1c2c2_62_Ba2Cd2K1Sb3_icsd_420620_P_Rb_Mn_Ca,-4.349086662,-9.503919601,5.154832939,-4.349086761,-4.614453793,0.265367032,-4.349086662,257.1
POSCAR_a12c11c6_12_Eu11Sb12Zn6_icsd_419343_Be_Sb_Be,-3.510023325,-5.438282013,1.928258688,-3.510023355,-3.504900455,0.0051229,-3.510023325,257.5
POSCAR_a6c6d2_64_Ba6Ga2P6_icsd_402177_P_Mg_Al,-4.06774263,-7.216668129,3.148925499,-4.067742825,-3.640959024,0.426783801,-4.06774263,259.1
POSCAR_a2b3d1_72_In1K3P2_icsd_300141_Sb_K_Al,-2.986171377,-3.884951353,0.898779976,-2.986171484,-3.124914169,0.138742685,-2.986171377,259.4
POSCAR_a3b2b3e1_62_K2Na3P3Si1_icsd_300203_Li_Cs_Si_Bi,-3.096362723,-3.781676531,0.685313808,-3.096362829,-2.927422523,0.168940306,-3.096362723,259.6
POSCAR_a1b2_189_Li2Sb1_icsd_604562_Bi_Li,-3.120118483,-3.068508625,0.051609858,-3.12011838,-2.448714018,0.671404362,-3.120118483,259.9
POSCAR_a8c11e2_139_Bi8Sn2Yb11_icsd_263134_Si_P_Si,-5.217824357,-9.383271217,4.16544686,-5.217824459,-3.352406502,1.865417957,-5.217824357,259.9
POSCAR_a3b6d1_2_As3Ga1Na6_icsd_300276_Na_Bi_Ga,-2.627826854,-6.078241825,3.450414971,-2.627826929,-2.77407527,0.146248341,-2.627826854,260
POSCAR_a3b2b3e1_64_K3Na2P3Sn1_icsd_050532_Rb_K_Ge_Bi,-2.710433013,-4.57592535,1.865492337,-2.710433006,-3.132344961,0.421911955,-2.710433013,260.1
POSCAR_a6b4b6e2_64_As6K6Na4Sn2_icsd_040560_Rb_Li_Sb_Si,-3.190394557,-6.215498924,3.025104367,-3.19039464,-2.961597443,0.228797197,-3.190394557,260.7
POSCAR_a3b2b3e1_62_K2Na3P3Si1_icsd_300203_Rb_Rb_Si_Sb,-2.865101493,-5.423762798,2.558661305,-2.865101576,-3.073763371,0.208661795,-2.865101493,260.8
POSCAR_a3b1b4e1_14_K1Na4Sb3Sn1_icsd_054261_K_Li_Sn_As,-3.139437778,-7.889522552,4.750084774,-3.139437675,-3.242427826,0.102990151,-3.139437778,261.2
POSCAR_a2c1d2_14_As2Ba1Ga2_icsd_380478_Sb_Ge_Ga,-3.6693055,-4.894404411,1.225098911,-3.669305563,-3.119935036,0.549370527,-3.6693055,261.3
POSCAR_a3b2b3e1_62_K2Na3P3Si1_icsd_300203_K_Rb_Si_Sb,-2.934489653,-5.096364498,2.161874845,-2.934489727,-3.165499687,0.23100996,-2.934489653,261.3
POSCAR_a7b4c7_63_As7Rb4Zn7_icsd_237457_Hg_As_Na,-2.30867437,-2.544466972,0.235792602,-2.308674335,-2.30492425,0.003750085,-2.30867437,261.5
POSCAR_a2b2c1c1_26_Ba1Cd1K2Sb2_icsd_422272_P_K_Be_Sr,-3.502808977,-4.276200771,0.773391794,-3.502809048,-4.14978838,0.646979332,-3.502808977,261.5
POSCAR_a3b1b4e1_14_K1Na4Sb3Sn1_icsd_054261_Na_Li_Pb_Sb,-2.908819141,-5.119072914,2.210253773,-2.908819199,-2.618340731,0.290478468,-2.908819141,261.7
POSCAR_a5b7d2_11_Al2Na7Sb5_icsd_048168_Rb_Ga_As,-2.941784029,-6.213968754,3.272184725,-2.941784143,-3.055157185,0.113373042,-2.941784029,262.2
POSCAR_a2c1d2_166_As2Ca1Ga2_icsd_422526_Si_As_Tl,-3.802262722,-3.006629229,0.795633493,-3.802262783,-2.732699871,1.069562912,-3.802262722,262.4
POSCAR_a4c2c3_12_As4Ba3Zn2_icsd_424760_As_Zn_Hg,-2.369392662,-2.546000242,0.17660758,-2.369392633,-2.313906431,0.055486202,-2.369392662,263.2
POSCAR_a1c1e1_129_Eu1P1Sn1_icsd_095081_Si_P_Si,-5.214312712,-3.171842813,2.042469899,-5.214312553,-3.230937243,1.98337531,-5.214312712,263.4
POSCAR_a5b6c1_59_Bi5K6Zn1_icsd_238106_Li_Ca_As,-3.623736623,-5.846810341,2.223073718,-3.62373662,-3.260060549,0.363676071,-3.623736623,264.5
POSCAR_a1b2e1_57_Bi1K2Sn1_icsd_107616_Li_Bi_Sn,-3.330570863,-3.402486563,0.0719157,-3.330570936,-2.687072515,0.643498421,-3.330570863,264.5
POSCAR_a2b2c1c1_26_Ba1Cd1K2Sb2_icsd_422272_P_Rb_Si_Be,-3.906394115,-3.910115719,0.003721604,-3.906394005,-3.606861115,0.29953289,-3.906394115,264.5
POSCAR_a4b3b6d1_194_Cs6Ga1K3Sb4_icsd_300150_K_P_Na_Al,-2.945464044,-7.167234421,4.221770377,-2.945464134,-3.141645193,0.196181059,-2.945464044,264.6
POSCAR_a3b2b3e1_62_K2Na3P3Si1_icsd_300203_Na_Li_Ge_Sb,-3.035515147,-5.142447948,2.106932801,-3.03551507,-2.685110807,0.350404263,-3.035515147,266.4
POSCAR_a1b1c1_216_As1Cd1Li1_icsd_609966_Bi_Ge_K,-3.231109063,-2.750154734,0.480954329,-3.231109142,-3.16661644,0.064492702,-3.231109063,266.7
POSCAR_a6b2b8e2_14_K2Na8Sb6Sn2_icsd_057400_Bi_Li_Pb_Na,-2.830528427,-4.036001205,1.205472778,-2.830528498,-2.562841892,0.267686606,-2.830528427,267.1
POSCAR_a4b3b6d1_194_Cs6Ga1K3Sb4_icsd_300150_K_As_Rb_Al,-2.615530865,-6.157731056,3.542200191,-2.615530968,-3.20865345,0.593122482,-2.615530865,267.4
POSCAR_a1e1_225_Sb1Sn1_icsd_052294_As_Si,-4.85736975,-2.702769518,2.154600232,-4.8573699,-3.173458576,1.683911324,-4.85736975,267.6
POSCAR_a3b2b3e1_64_K3Na2P3Sn1_icsd_050532_K_Na_Ge_Sb,-2.853572209,-6.236747742,3.383175533,-2.85357213,-2.990974188,0.137402058,-2.853572209,267.7
POSCAR_a1b1c1_194_Hg1K1Sb1_icsd_056201_As_Li_Pb,-3.584605473,-3.076992989,0.507612484,-3.584605455,-2.714353085,0.87025237,-3.584605473,268.1
POSCAR_a2c2d1_79_Sb2Tl1Zn2_icsd_076499_Sb_Al_Pb,-3.742212882,-3.143643618,0.598569264,-3.742212772,-2.612269163,1.129943609,-3.742212882,268.3
POSCAR_a2c2_189_As2Sr2_icsd_083353_Pb_As,-4.131633348,-3.68428278,0.447350568,-4.131633282,-3.034252644,1.097380638,-4.131633348,268.4
POSCAR_a3b1b4e1_14_K1Na4Sb3Sn1_icsd_054261_Li_K_Si_Bi,-3.168819116,-4.168656826,0.99983771,-3.168819189,-2.661183357,0.507635832,-3.168819116,268.5
POSCAR_a4c3e2_4_Ba3P4Sn2_icsd_660381_Bi_Be_Sn,-3.584363805,-4.347290993,0.762927188,-3.584363699,-3.131831169,0.45253253,-3.584363805,269
POSCAR_a3b2b3e1_62_K2Na3P3Si1_icsd_300203_Rb_Li_Pb_Sb,-2.820092704,-4.863330841,2.043238137,-2.820092678,-2.784471989,0.035620689,-2.820092704,269.8
POSCAR_a4c3e2_15_As4Si2Sr3_icsd_016453_Ge_Si_Sb,-4.329544031,-4.337623596,0.008079565,-4.329544067,-3.001257896,1.328286171,-4.329544031,270.5
POSCAR_a1c1_61_Cd1Sb1_icsd_620395_As_Pb,-4.129367976,-4.204746723,0.075378747,-4.129367828,-2.925086021,1.204281807,-4.129367976,270.6
POSCAR_a3b2b3e1_64_K3Na2P3Sn1_icsd_050532_Rb_Cs_Ge_Bi,-2.647710489,-3.153801918,0.506091429,-2.647710562,-2.681696892,0.03398633,-2.647710489,270.7
POSCAR_a3b6d1_2_As3Ga1Na6_icsd_300276_Rb_As_Tl,-2.535277593,-6.618532181,4.083254588,-2.535277605,-2.837953091,0.302675486,-2.535277593,270.9
POSCAR_a3b5e3_62_As3K5Pb3_icsd_055419_Ge_Sb_Na,-3.207074791,-6.62454319,3.417468399,-3.207074881,-2.82491684,0.382158041,-3.207074791,271.2
POSCAR_a2c1c2_62_Ba1Sb2Zn2_icsd_032020_Sb_Ba_Pb,-3.687727308,-4.169968128,0.48224082,-3.687727213,-3.396465302,0.291261911,-3.687727308,271.2
POSCAR_a3c3d2_12_Cd3Sb3Tl2_icsd_076500_P_Al_Be,-4.46245537,-5.55758667,1.0951313,-4.462455273,-4.171683788,0.290771485,-4.46245537,271.7
POSCAR_a3b1b4e1_14_K1Na4Sb3Sn1_icsd_054261_Cs_K_Ge_Sb,-2.741587714,-5.026268005,2.284680291,-2.741587639,-2.890038967,0.148451328,-2.741587714,272.3
POSCAR_a8b12d4_2_Cs12In4P8_icsd_300148_Rb_P_Ga,-3.167734631,-10.15385723,6.986122599,-3.167734623,-3.282959461,0.115224838,-3.167734631,272.4
POSCAR_a8b12d4_2_Cs12In4P8_icsd_300148_K_Sb_Al,-2.972603707,-9.037561417,6.06495771,-2.972603798,-3.15288353,0.180279732,-2.972603707,273
POSCAR_a4c3e2_4_Ba3P4Sn2_icsd_660381_Bi_Si_Ge,-4.336759341,-3.294281244,1.042478097,-4.336759567,-2.752513885,1.584245682,-4.336759341,273.2
POSCAR_a2c1e2_160_As2Sn2Sr1_icsd_611428_Ge_Bi_Pb,-3.853328078,-2.83480978,1.018518298,-3.85332799,-2.817833424,1.035494566,-3.853328078,273.3
POSCAR_a3b1b4e1_14_K1Na4Sb3Sn1_icsd_054261_K_Rb_Si_Sb,-2.922562435,-6.572621346,3.650058911,-2.922562361,-3.140851259,0.218288898,-2.922562435,273.3
POSCAR_a6b2b8e2_14_K2Na8Sb6Sn2_icsd_057400_Sb_Rb_Si_K,-2.922432135,-6.713414192,3.790982057,-2.922432184,-3.149265528,0.226833344,-2.922432135,273.4
POSCAR_a2c1c2_36_Eu2P2Zn1_icsd_426081_Sr_P_Si,-4.660406422,-3.777295589,0.883110833,-4.66040659,-4.117109299,0.543297291,-4.660406422,273.5
POSCAR_a6b2b8e2_14_K2Na8Sb6Sn2_icsd_057400_As_Rb_Si_Cs,-2.990573864,-5.040992737,2.050418873,-2.990573883,-2.889048576,0.101525307,-2.990573864,273.8
POSCAR_a3b2b3e1_64_K3Na2P3Sn1_icsd_050532_K_Na_Ge_Bi,-2.784539231,-4.589046478,1.804507247,-2.784539223,-2.839607,0.055067777,-2.784539231,273.9
POSCAR_a6b4b6e2_64_As6K6Na4Sn2_icsd_040560_K_Na_Bi_Ge,-2.784527928,-4.589354515,1.804826587,-2.784528017,-2.839474916,0.054946899,-2.784527928,273.9
POSCAR_a2c1c2_8_As2Ca2Cd1_icsd_422578_Zn_P_Sr,-3.56895194,-4.917439461,1.348487521,-3.568951845,-3.567032814,0.001919031,-3.56895194,274.7
POSCAR_a3b4c1d1_7_Ca1Ga1Na4Sb3_icsd_291241_P_Ca_Ga_Cs,-3.197310027,-6.866141319,3.668831292,-3.197309971,-3.541777849,0.344467878,-3.197310027,275.7
POSCAR_a3b1b4e1_62_As3Ge1K1Na4_icsd_300204_Li_Rb_Bi_Si,-3.101661162,-4.824998379,1.723337217,-3.101661205,-2.879105091,0.222556114,-3.101661162,276.2
POSCAR_a4b3b6d1_194_Cs6Ga1K3Sb4_icsd_300150_Rb_P_Cs_Ga,-2.543421844,-5.791370392,3.247948548,-2.543421745,-3.113752365,0.57033062,-2.543421844,276.7
POSCAR_a2b2c1c1_26_Ba1Cd1K2Sb2_icsd_422272_Bi_K_Ge_Pb,-3.309162456,-3.361049175,0.051886719,-3.309162378,-2.863771915,0.445390463,-3.309162456,276.7
POSCAR_a3b2b3e1_73_Bi3K3Na2Sn1_icsd_050534_Rb_K_Si_P,-3.217288599,-7.550451279,4.33316268,-3.217288494,-3.535354376,0.318065882,-3.217288599,276.7
POSCAR_a3b2b3e1_73_Bi3K3Na2Sn1_icsd_050534_K_Cs_Ge_Sb,-2.737077469,-5.62471199,2.887634521,-2.737077475,-3.06006813,0.322990655,-2.737077469,276.8
POSCAR_a3b4c1d1_7_Ca1Ga1Na4Sb3_icsd_291241_P_Sn_Ga_Na,-3.47063417,-8.85710144,5.38646727,-3.470634222,-3.310835838,0.159798384,-3.47063417,276.8
POSCAR_a3b2b3e1_73_Bi3K3Na2Sn1_icsd_050534_Cs_Na_Ge_Sb,-2.762353716,-5.586631775,2.824278059,-2.762353659,-2.883859634,0.121505975,-2.762353716,277.3
POSCAR_a3b2b3e1_62_K2Na3P3Si1_icsd_300203_K_Na_Ge_Sb,-2.843980015,-5.67044735,2.826467335,-2.843980074,-2.993469715,0.149489641,-2.843980015,277.3
POSCAR_a3b1b4e1_14_K1Na4Sb3Sn1_icsd_054261_Rb_Na_Ge_Sb,-2.802530673,-7.271443367,4.468912694,-2.802530766,-3.065987349,0.263456583,-2.802530673,277.4
POSCAR_a4c3d2_15_Al2As4Sr3_icsd_423787_Hg_As_Al,-3.039047031,-3.466480732,0.427433701,-3.039047003,-2.518955708,0.520091295,-3.039047031,277.5
POSCAR_a3b1c2c2_62_Ba2Cd2K1Sb3_icsd_420620_P_Li_Ba_Mn,-4.625697783,-8.627416611,4.001718828,-4.625697613,-4.755779266,0.130081653,-4.625697783,277.5
POSCAR_a3b1c2c2_62_Ba2Cd2K1Sb3_icsd_420620_P_Cs_Cd_Mn,-3.695893294,-6.303886414,2.60799312,-3.695893288,-3.95729804,0.261404752,-3.695893294,277.8
POSCAR_a3b1b4e1_14_K1Na4Sb3Sn1_icsd_054261_Cs_Rb_Ge_Bi,-2.640097726,-2.855924129,0.215826403,-2.640097618,-2.625835896,0.014261722,-2.640097726,278.3
POSCAR_a5b6c1_59_Bi5K6Zn1_icsd_238106_Li_Pb_Bi,-3.258266249,-3.687629938,0.429363689,-3.258266211,-2.402149677,0.856116534,-3.258266249,278.4
POSCAR_a7c12c2_174_Mn12P7Yb2_icsd_602711_As_Pb_Ca,-3.973186365,-4.329353333,0.356166968,-3.973186255,-2.859657526,1.113528729,-3.973186365,279.1
POSCAR_a3b5e3_62_As3K5Pb3_icsd_055419_Ge_P_Li,-3.974653488,-9.695250511,5.720597023,-3.974653482,-3.531098366,0.443555116,-3.974653488,279.6
POSCAR_a6b2b8e2_14_K2Na8Sb6Sn2_icsd_057400_P_Li_Ge_K,-3.397981856,-9.114060402,5.716078546,-3.397981882,-3.719928026,0.321946144,-3.397981856,279.7
POSCAR_a2c1c1c1_36_Ba1Cd1Sb2Yb1_icsd_422280_Sb_Be_Mg_Si,-3.6351735,-3.154466629,0.480706871,-3.635173559,-2.833759546,0.801414013,-3.6351735,279.8
POSCAR_a3b1b4e1_62_As3Ge1K1Na4_icsd_300204_Li_K_Sb_Pb,-2.854717198,-4.954885483,2.100168285,-2.854717255,-2.637672186,0.217045069,-2.854717198,279.9
POSCAR_a1e1_225_Sb1Sn1_icsd_052294_P_Pb,-4.34004152,-2.69141984,1.64862168,-4.340041637,-3.93570137,0.404340267,-4.34004152,280.2
POSCAR_a3b1b4e1_14_K1Na4Sb3Sn1_icsd_054261_Rb_K_Si_As,-3.069827804,-6.170488834,3.10066103,-3.069827795,-2.978251934,0.091575861,-3.069827804,280.2
POSCAR_a1c1_189_As1Eu1_icsd_026265_Si_As,-4.844578991,-3.618360758,1.226218233,-4.84457922,-3.121965885,1.722613335,-4.844578991,280.4
POSCAR_a3b2b3e1_73_Bi3K3Na2Sn1_icsd_050534_Cs_Li_Si_Bi,-3.075612277,-4.133814812,1.058202535,-3.075612307,-2.742958546,0.332653761,-3.075612277,280.4
POSCAR_a4b3b6d1_194_Cs6Ga1K3Sb4_icsd_300150_Cs_Sb_Cs_Al,-2.387233836,-5.553711414,3.166477578,-2.387233734,-2.615302086,0.228068352,-2.387233836,280.9
POSCAR_a6b2b8e2_14_K2Na8Sb6Sn2_icsd_057400_As_K_Si_Rb,-3.06883736,-6.166349411,3.097512051,-3.068837404,-2.981544256,0.087293148,-3.06883736,281.2
POSCAR_a3c3d1_64_Al1Ba3Sb3_icsd_032728_As_Mn_Tl,-4.524689958,-9.761445999,5.236756041,-4.524690151,-4.482176304,0.042513847,-4.524689958,281.4
POSCAR_a6b2b8e2_14_K2Na8Sb6Sn2_icsd_057400_Sb_Li_Pb_Na,-2.887912618,-5.361884117,2.473971499,-2.887912512,-2.628790617,0.259121895,-2.887912618,282.6
POSCAR_a3b1c4_123_As3Rb1Zn4_icsd_262038_Ba_Sb_Li,-3.309633684,-3.146279097,0.163354587,-3.309633732,-3.649588346,0.339954614,-3.309633684,282.9
POSCAR_a3b1b4e1_62_As3Ge1K1Na4_icsd_300204_Li_Cs_As_Pb,-2.911127181,-5.375842094,2.464714913,-2.91112709,-2.843032837,0.068094253,-2.911127181,283.3
POSCAR_a4b3b6d1_194_Cs6Ga1K3Sb4_icsd_300150_Na_Sb_Li_Al,-2.852899489,-6.409260273,3.556360784,-2.852899551,-2.574334145,0.278565406,-2.852899489,283.3
POSCAR_a3b1b4e1_14_K1Na4Sb3Sn1_icsd_054261_K_Li_Pb_As,-3.020814555,-7.577539444,4.556724889,-3.020814657,-3.150596857,0.1297822,-3.020814555,283.4
POSCAR_a4b3b6d1_194_Cs6Ga1K3Sb4_icsd_300150_K_P_Li_Ga,-3.01194956,-7.386541367,4.374591807,-3.011949539,-3.406202316,0.394252777,-3.01194956,283.6
POSCAR_a2b2c1c1_26_Ba1Cd1K2Sb2_icsd_422272_P_Rb_Ba_Si,-3.753386896,-3.749502182,0.003884714,-3.753386974,-3.577397108,0.175989866,-3.753386896,283.6
POSCAR_a2b4c1_20_Bi2K4Zn1_icsd_192439_Cs_Zn_P,-2.558216974,-3.40815711,0.849940136,-2.558217049,-3.020917416,0.462700367,-2.558216974,283.7
POSCAR_a1c1e1_129_Eu1P1Sn1_icsd_095081_Be_As_Pb,-3.90411149,-3.182853937,0.721257553,-3.904111385,-3.54328537,0.360826015,-3.90411149,283.9
POSCAR_a4b3b6d1_194_Cs6Ga1K3Sb4_icsd_300150_Rb_P_Li_In,-2.819731499,-6.302231789,3.48250029,-2.819731474,-3.216277599,0.396546125,-2.819731499,283.9
POSCAR_a4c3e2_14_As4Ge2Sr3_icsd_016454_Zn_Pb_Sb,-2.976139009,-2.544466734,0.431672275,-2.976139069,-2.575880289,0.40025878,-2.976139009,284.7
POSCAR_a3b4c1d1_7_Ca1Ga1Na4Sb3_icsd_291241_Sb_Sn_In_K,-2.943816551,-7.526219368,4.582402817,-2.943816662,-3.098995209,0.155178547,-2.943816551,285.6
POSCAR_a2c1d2_62_Eu1Ga2Sb2_icsd_182776_Be_As_Ga,-3.668343196,-5.72592926,2.057586064,-3.668343306,-3.888872147,0.220528841,-3.668343197,285.9
POSCAR_a6b4b6e2_64_As6K6Na4Sn2_icsd_040560_Cs_Na_Bi_Ge,-2.700222265,-3.468383312,0.768161047,-2.700222254,-2.702136993,0.001914739,-2.700222265,286
POSCAR_a2b2c1c1_26_Ba1Cd1K2Sb2_icsd_422272_Sb_Na_Ge_Sn,-3.317938196,-3.502125263,0.184187067,-3.317938089,-2.835043192,0.482894897,-3.317938196,286.2
POSCAR_a3b1b4e1_62_As3Ge1K1Na4_icsd_300204_Li_Na_Sb_Si,-3.252148287,-5.027434349,1.775286062,-3.25214839,-2.856757402,0.395390988,-3.252148287,286.3
POSCAR_a4b6d2_14_Al2Cs6P4_icsd_300131_K_Sb_Al,-2.958305394,-8.285746574,5.32744118,-2.958305359,-3.148238659,0.1899333,-2.958305394,287.3
POSCAR_a1c1e1_129_Eu1P1Sn1_icsd_095081_Be_Bi_Sn,-3.565356102,-2.965984106,0.599371996,-3.565356016,-3.026810169,0.538545847,-3.565356102,288
POSCAR_a4c5_62_Ba5P4_icsd_413273_As_Pb,-4.111325701,-6.778505325,2.667179624,-4.111325741,-2.833050728,1.278275013,-4.111325701,288.7
POSCAR_a3b2b3e1_62_K2Na3P3Si1_icsd_300203_K_Li_Sn_Bi,-2.847249895,-4.924537659,2.077287764,-2.847249985,-2.83537817,0.011871815,-2.847249895,290.1
POSCAR_a2c1c2_62_Ba1Sb2Zn2_icsd_032020_Sb_Zn_Ca,-2.937229959,-2.829914808,0.107315151,-2.937229872,-2.908597708,0.028632164,-2.937229959,290.3
POSCAR_a3b1b4e1_14_K1Na4Sb3Sn1_icsd_054261_Cs_K_Si_As,-3.01512157,-5.479360104,2.464238534,-3.01512146,-2.966418743,0.048702717,-3.01512157,290.5
POSCAR_a3b2b3e1_73_Bi3K3Na2Sn1_icsd_050534_Rb_Rb_Ge_Sb,-2.693151915,-6.80007267,4.106920755,-2.693151951,-3.012154818,0.319002867,-2.693151915,290.6
POSCAR_a4b6d1_15_Na6Sb4Tl1_icsd_096942_Sb_Ga_K,-2.731749148,-8.501509666,5.769760518,-2.731749058,-3.178366899,0.446617841,-2.731749148,290.7
POSCAR_a14c11c8_12_Ba11Bi14Cd8_icsd_240338_Sb_Sn_Hg,-2.728365198,-2.544466734,0.183898464,-2.728365183,-2.541282415,0.187082768,-2.728365198,290.8
POSCAR_a4b3b6d1_194_Cs6Ga1K3Sb4_icsd_300150_Li_P_Cs_Al,-3.142450849,-6.42553997,3.283089121,-3.142450809,-3.632134438,0.489683629,-3.142450849,290.8
POSCAR_a3d4e1_140_Bi3In4Pb1_icsd_616725_Sn_Sb_Ga,-3.483035111,-5.349699974,1.866664863,-3.483035088,-3.388890743,0.094144345,-3.483035111,290.9
POSCAR_a9c11d1_45_Ca11In1Sb9_icsd_042371_As_Pb_Al,-4.112280931,-7.531413078,3.419132147,-4.112280846,-2.987810373,1.124470473,-4.112280931,290.9
POSCAR_a3b1b4e1_62_As3Ge1K1Na4_icsd_300204_Li_Cs_P_Pb,-3.0670441,-5.231426239,2.164382139,-3.06704402,-3.021202803,0.045841217,-3.0670441,291.2
POSCAR_a2b3d1_72_In1K3P2_icsd_300141_Sb_Cs_Al,-2.850864269,-3.083515644,0.232651375,-2.850864172,-2.80593276,0.044931412,-2.850864269,291.5
POSCAR_a5b6c1_59_Bi5K6Zn1_icsd_238106_Na_Sn_P,-3.525052453,-5.380227089,1.855174636,-3.525052547,-3.301989079,0.223063468,-3.525052453,291.8
POSCAR_a3b1b4e1_62_As3Ge1K1Na4_icsd_300204_Li_Rb_As_Ge,-3.13210664,-7.613890648,4.481784008,-3.132106543,-3.165753365,0.033646822,-3.13210664,292.1
POSCAR_a3b1b4e1_14_K1Na4Sb3Sn1_icsd_054261_Rb_Rb_Si_Sb,-2.833558845,-7.543426514,4.709867669,-2.833558798,-3.018169641,0.184610843,-2.833558845,292.3
POSCAR_a3c3d1_62_Ca3In1P3_icsd_060125_P_Cd_In,-3.084396276,-3.94264102,0.858244744,-3.084396362,-3.094275951,0.009879589,-3.084396276,292.5
POSCAR_a1b1c1_194_Hg1K1Sb1_icsd_056201_Bi_Cs_Si,-3.36897419,-2.827334642,0.541639548,-3.368974209,-2.971888542,0.397085667,-3.36897419,292.6
POSCAR_a6b2b8e2_14_K2Na8Sb6Sn2_icsd_057400_Sb_K_Si_Na,-3.008307555,-8.081065178,5.072757623,-3.008307457,-2.829673529,0.178633928,-3.008307555,292.6
POSCAR_a2b2c1c1_26_Ba1Cd1K2Sb2_icsd_422272_P_Na_Si_Ca,-3.938980385,-3.935497522,0.003482863,-3.938980341,-3.632379293,0.306601048,-3.938980385,292.8
POSCAR_a4b3b6d1_194_Cs6Ga1K3Sb4_icsd_300150_Rb_Bi_Li_Ga,-2.526090775,-5.770102501,3.244011726,-2.52609086,-2.828291416,0.302200556,-2.526090775,292.8
POSCAR_a4c3e2_15_As4Si2Sr3_icsd_016453_Cd_Ge_As,-3.350547741,-3.764137506,0.413589765,-3.350547791,-2.930318832,0.420228959,-3.350547741,293.4
POSCAR_a4b2c5_63_As4Rb2Zn5_icsd_250688_Hg_Bi_Cs,-1.881267876,-2.544466734,0.663198858,-1.881267905,-1.999325037,0.118057132,-1.881267876,293.7
POSCAR_a6c6e2_14_Ba6P6Sn2_icsd_035342_As_Sn_Si,-4.43291715,-6.383932114,1.951014964,-4.432917118,-3.177016258,1.25590086,-4.43291715,294.8
POSCAR_a4b6d1_15_Na6Sb4Tl1_icsd_096942_Sb_Al_Li,-3.297241533,-6.993195534,3.695954001,-3.297241449,-2.604914188,0.692327261,-3.297241533,295.1
POSCAR_a3b2b3e1_73_Bi3K3Na2Sn1_icsd_050534_K_Cs_Ge_Bi,-2.665248878,-3.80883646,1.143587582,-2.665248871,-2.862513065,0.197264194,-2.665248878,295.2
POSCAR_a3c2c2_12_Eu2P3Zn2_icsd_426082_Si_As_Ca,-4.484790274,-4.141222,0.343568274,-4.484790325,-3.647302389,0.837487936,-4.484790274,295.3
POSCAR_a3b2b3e1_64_K3Na2P3Sn1_icsd_050532_Na_Cs_Si_Sb,-2.93753028,-4.158208847,1.220678567,-2.937530279,-2.949822903,0.012292624,-2.93753028,295.3
POSCAR_a6b4b6e2_64_As6K6Na4Sn2_icsd_040560_Na_Cs_Sb_Si,-2.937543085,-4.161108971,1.223565886,-2.937543154,-2.951015234,0.01347208,-2.937543085,295.3
POSCAR_a3b6d2_15_K6Sb3Tl2_icsd_093048_Sb_In_Cs,-2.46712678,-6.360847473,3.893720693,-2.467126846,-2.66065073,0.193523884,-2.46712678,295.7
POSCAR_a3b2b3e1_62_K2Na3P3Si1_icsd_300203_Na_Cs_Si_Sb,-2.936763828,-4.143807411,1.207043583,-2.936763763,-2.841907978,0.094855785,-2.936763828,296
POSCAR_a6c6d2_64_Ba6Ga2P6_icsd_402177_Sb_Mg_Al,-3.190265734,-3.439346313,0.249080579,-3.190265656,-2.821164131,0.369101525,-3.190265734,296.4
POSCAR_a2c1d2_14_As2Ba1Ga2_icsd_380478_P_Pb_Ga,-4.067357681,-5.879532814,1.812175133,-4.06735754,-3.681486607,0.385870933,-4.067357681,296.6
POSCAR_a2b3_15_Bi2Cs3_icsd_240017_Rb_Bi,-2.518080966,-3.061091423,0.543010457,-2.51808095,-2.887791157,0.369710207,-2.518080966,297
POSCAR_a2b2e1_72_As2Rb2Sn1_icsd_071223_Bi_Ge_K,-3.200220454,-3.061658382,0.138562072,-3.200220346,-3.023642778,0.176577568,-3.200220454,297.6
POSCAR_a12c11c6_12_Eu11Sb12Zn6_icsd_419343_Sn_Sb_Si,-4.174075475,-4.646697044,0.472621569,-4.174075603,-2.894364595,1.279711008,-4.174075475,298.3
POSCAR_a3b1b4e1_14_K1Na4Sb3Sn1_icsd_054261_Cs_Li_Pb_P,-3.058867376,-5.622736931,2.563869555,-3.058867455,-3.35943532,0.300567865,-3.058867376,299.4
POSCAR_a4b2c5_63_As4Rb2Zn5_icsd_250688_Cd_P_Na,-2.752168041,-2.640776157,0.111391884,-2.75216794,-2.783136606,0.030968666,-2.752168041,299.6
POSCAR_a1b1c1_62_Cd1Na1Sb1_icsd_012159_Li_Bi_Si,-3.720118654,-2.972692251,0.747426403,-3.720118761,-2.523320913,1.196797848,-3.720118654,299.9
POSCAR_a12b4c8d4_12_Al4Eu8Na4P12_icsd_409320_Mn_Rb_Tl_Sb,-3.569810321,-6.993286133,3.423475812,-3.56981039,-3.464941025,0.104869365,-3.569810321,300.2
POSCAR_a2c1e2_166_As2Sn2Sr1_icsd_611428_Si_Sb_Si,-4.61954166,-2.83451581,1.78502585,-4.619541645,-2.708986282,1.910555363,-4.61954166,300.5
POSCAR_a4b3b6d1_194_Cs6Ga1K3Sb4_icsd_300150_Rb_Sb_Cs_Al,-2.384409344,-5.676931381,3.292522037,-2.384409428,-2.880129576,0.495720148,-2.384409344,300.9
POSCAR_a6c5e2_55_As6Eu5Sn2_icsd_262647_Mg_Bi_Sn,-3.130815156,-2.667693377,0.463121779,-3.130815268,-2.61807251,0.512742758,-3.130815156,301
POSCAR_a12c11c6_12_Eu11Sb12Zn6_icsd_419343_Ca_Sb_Si,-4.108627384,-4.787134171,0.678506787,-4.108627319,-3.527360201,0.581267118,-4.108627384,301.3
POSCAR_a3b2b3e1_62_K2Na3P3Si1_icsd_300203_Rb_Na_Ge_Sb,-2.778418597,-5.396419525,2.618000928,-2.778418541,-2.982974052,0.204555511,-2.778418597,301.5
POSCAR_a2c1e1_122_As2Mg1Si1_icsd_182367_Bi_Pb_Ge,-3.824853894,-2.831421137,0.993432757,-3.824853897,-3.260685444,0.564168453,-3.824853894,301.8
POSCAR_a6b7d3_2_As6Cs7In3_icsd_411989_Li_P_Al,-3.955654038,-8.014479637,4.058825599,-3.955654144,-3.52133894,0.434315204,-3.955654038,302
POSCAR_a1b1c1_194_Hg1K1Sb1_icsd_056201_As_Li_Si,-4.035332755,-3.086415529,0.948917226,-4.03533268,-2.856946707,1.178385973,-4.035332755,302
POSCAR_a2c1c1_139_Ba1Bi2Mn1_icsd_615787_Si_Bi_Ca,-4.020509765,-3.037855148,0.982654617,-4.02050972,-3.079627275,0.940882445,-4.020509765,302.2
POSCAR_a3b2b3e1_73_Bi3K3Na2Sn1_icsd_050534_Cs_K_Si_As,-3.003381532,-6.554712296,3.551330764,-3.003381491,-3.136333466,0.132951975,-3.003381532,302.2
POSCAR_a2c1c1c1_36_Ba1Cd1Sb2Yb1_icsd_422280_Sb_Ba_Si_Ge,-4.167149405,-3.285629511,0.881519894,-4.167149544,-3.112108707,1.055040837,-4.167149405,302.4
POSCAR_a3b1c2c2_62_Ba2Cd2K1Sb3_icsd_420620_P_Li_Hg_Hg,-2.331638912,-2.544466734,0.212827822,-2.331638813,-2.426046848,0.094408035,-2.331638912,303
POSCAR_a6b2b8e2_14_K2Na8Sb6Sn2_icsd_057400_P_Li_Ge_Rb,-3.301528842,-6.905081749,3.603552907,-3.301528931,-3.384003162,0.082474231,-3.301528842,303.9
POSCAR_a3b1b4e1_14_K1Na4Sb3Sn1_icsd_054261_Rb_Li_Sn_Sb,-2.852852481,-7.268987656,4.416135175,-2.852852583,-2.969502926,0.116650343,-2.852852481,304.1
POSCAR_a6b4b6e2_64_As6K6Na4Sn2_icsd_040560_Na_Rb_Sb_Si,-2.957609514,-6.16921854,3.211609026,-2.957609415,-3.029179811,0.071570396,-2.957609514,304.4
POSCAR_a3b5e3_62_As3K5Pb3_icsd_055419_Pb_Sb_Na,-3.010267766,-5.367656231,2.357388465,-3.010267735,-2.574746609,0.435521126,-3.010267766,304.7
POSCAR_a3b2b3e1_62_K2Na3P3Si1_icsd_300203_Na_Rb_Si_Sb,-2.957310404,-4.715468407,1.758158003,-2.957310438,-2.892374039,0.064936399,-2.957310404,304.7
POSCAR_a4b4c3_71_Eu3Li4Sb4_icsd_428113_Sr_As_K,-3.087400753,-3.966659546,0.879258793,-3.087400675,-3.485942125,0.39854145,-3.087400753,305.3
POSCAR_a3b2b3e1_62_K2Na3P3Si1_icsd_300203_Li_Cs_Si_Sb,-3.128218258,-4.902183533,1.773965275,-3.128218174,-2.811692953,0.316525221,-3.128218258,306.1
POSCAR_a1b1c1_129_Mn1Na1Sb1_icsd_060735_Na_Sr_P,-3.408254007,-3.234384537,0.17386947,-3.408253908,-3.62696743,0.218713522,-3.408254007,306.2
POSCAR_a3b5e3_62_As3K5Pb3_icsd_055419_Pb_Bi_K,-2.934044723,-4.699195385,1.765150662,-2.934044838,-2.913860798,0.02018404,-2.934044723,306.2
POSCAR_a2b3d1_72_In1K3P2_icsd_300141_P_Rb_Al,-3.342692149,-3.822918415,0.480226266,-3.342692137,-3.15993762,0.182754517,-3.342692149,306.2
POSCAR_a4b3b6d1_194_Cs6Ga1K3Sb4_icsd_300150_K_Sb_Cs_Al,-2.419566856,-5.55355072,3.133983864,-2.41956687,-3.073451996,0.653885126,-2.419566856,306.7
POSCAR_a5c8e3_139_Ge3Sb5Yb8_icsd_170575_P_Pb_Ca,-4.18849675,-7.74485302,3.55635627,-4.18849659,-4.03071022,0.15778637,-4.18849675,306.9
POSCAR_a2c2e1_14_As2Ba2Ge1_icsd_035151_P_Pb_Be,-4.28667281,-7.358719826,3.072047016,-4.286672592,-4.089249611,0.197422981,-4.28667281,307.1
POSCAR_a4b3b6d1_194_Cs6Ga1K3Sb4_icsd_300150_Na_Sb_K_Al,-2.536432491,-6.810909271,4.27447678,-2.536432505,-2.824931622,0.288499117,-2.536432491,307.6
POSCAR_a3b2b3e1_62_K2Na3P3Si1_icsd_300203_Rb_K_Si_Sb,-2.88811156,-5.385976315,2.497864755,-2.888111591,-3.114933491,0.2268219,-2.88811156,307.7
POSCAR_a3b1c4_123_As3Rb1Zn4_icsd_262038_Mg_Sb_Li,-2.848414674,-2.877481699,0.029067025,-2.84841466,-2.838289022,0.010125638,-2.848414674,308
POSCAR_a1b1c1_33_As1Cd1Na1_icsd_009571_Li_As_Si,-4.029024659,-3.729162455,0.299862204,-4.029024601,-2.859190464,1.169834137,-4.029024659,308.3
POSCAR_a2c1c1_129_Bi2Ca1Mn1_icsd_010454_Si_Si_As,-4.876902543,-3.339327812,1.537574731,-4.87690258,-3.089681149,1.787221431,-4.876902543,308.4
POSCAR_a6b2b8e2_14_K2Na8Sb6Sn2_icsd_057400_Sb_Li_Sn_Cs,-2.82775056,-5.008544922,2.180794362,-2.827750444,-2.882076979,0.054326535,-2.82775056,308.8
POSCAR_a3b1b4e1_62_As3Ge1K1Na4_icsd_300204_Li_Li_As_Ge,-3.399195472,-7.187592506,3.788397034,-3.399195433,-3.431419849,0.032224416,-3.399195472,308.9
POSCAR_a3b4c1d1_7_Ca1Ga1Na4Sb3_icsd_291241_Bi_Sn_Ga_Cs,-2.809804092,-3.3894701,0.579666008,-2.809804201,-2.688062668,0.121741533,-2.809804092,309.1
POSCAR_a3b2b3e1_64_K3Na2P3Sn1_icsd_050532_Li_Na_Si_Sb,-3.229338411,-6.177347183,2.948008772,-3.229338408,-2.575858355,0.653480053,-3.229338411,309.1
POSCAR_a5b6c1_59_Bi5K6Zn1_icsd_238106_Na_Sr_P,-3.40528644,-5.750850677,2.345564237,-3.405286551,-3.367719412,0.037567139,-3.40528644,309.2
POSCAR_a1b1c1_216_As1Cd1Li1_icsd_609966_Bi_Ca_Na,-2.83970974,-2.778241158,0.061468582,-2.839709759,-3.184370756,0.344660997,-2.83970974,309.7
POSCAR_a14c11c8_12_Ba11Bi14Cd8_icsd_240338_As_Sn_Si,-4.417516699,-5.31033802,0.892821321,-4.417516708,-2.980350256,1.437166452,-4.417516699,310.2
POSCAR_a9c4c9_55_Bi9Cd4Sr9_icsd_058763_Zn_P_Sr,-3.533049263,-6.581534386,3.048485123,-3.533049345,-3.562428236,0.029378891,-3.533049263,310.6
POSCAR_a1b1c1_216_As1Cd1Li1_icsd_609966_Sb_Ca_Na,-2.951737503,-2.784718752,0.167018751,-2.951737404,-3.273985386,0.322247982,-2.951737503,311.2
POSCAR_a5c5d4_104_Ba5Bi5In4_icsd_054853_In_As_Mg,-3.208450231,-5.755899906,2.547449675,-3.208450317,-3.173588991,0.034861326,-3.208450231,311.8
POSCAR_a3b4c1d1_7_Ca1Ga1Na4Sb3_icsd_291241_Sb_Sr_Al_Cs,-2.858833769,-5.939795494,3.080961725,-2.85883379,-2.869648457,0.010814667,-2.858833769,311.8
POSCAR_a3b2b3e1_62_K2Na3P3Si1_icsd_300203_Na_Li_Si_As,-3.420242503,-6.144065857,2.723823354,-3.420242548,-2.879077435,0.541165113,-3.420242503,312.1
POSCAR_a3b2b3e1_73_Bi3K3Na2Sn1_icsd_050534_Na_K_Si_Sb,-2.988721488,-5.8646698,2.875948312,-2.988721371,-3.036869526,0.048148155,-2.988721488,312.2
POSCAR_a3d4e1_140_Bi3In4Pb1_icsd_616725_Sn_As_In,-3.594594864,-5.08438015,1.489785286,-3.594594955,-3.393278599,0.201316356,-3.594594864,313.4
POSCAR_a3b6d2_15_K6Sb3Tl2_icsd_093048_Bi_Ga_Cs,-2.424432176,-4.642811775,2.218379599,-2.424432278,-2.64891386,0.224481582,-2.424432176,313.9
POSCAR_a6c5d2_55_Ca5Ga2Sb6_icsd_036466_Sb_Hg_Ga,-2.408269437,-2.544466734,0.136197297,-2.408269405,-2.25145793,0.156811475,-2.408269437,314.2
POSCAR_a3b6d1_11_Al1Rb6Sb3_icsd_300217_Bi_Ga_Rb,-2.438821402,-4.019387245,1.580565843,-2.438821316,-3.019117832,0.580296516,-2.438821402,314.5
POSCAR_a3b2b3e1_62_K2Na3P3Si1_icsd_300203_Cs_Li_Sn_Bi,-2.754543573,-3.488293171,0.733749598,-2.754543543,-2.625785351,0.128758192,-2.754543573,315.5
POSCAR_a6b2b8e2_14_K2Na8Sb6Sn2_icsd_057400_As_Li_Ge_Rb,-3.108283065,-6.236504555,3.12822149,-3.108283043,-3.048750877,0.059532166,-3.108283065,315.9
POSCAR_a4b6d1_15_Na6Sb4Tl1_icsd_096942_Bi_Al_Na,-2.792109954,-4.565258026,1.773148072,-2.792109966,-2.630252123,0.161857843,-2.792109954,316.8
POSCAR_a2b3d1_14_As2In1Na3_icsd_300139_K_Sb_Al,-2.9276799,-9.048848152,6.121168252,-2.927680016,-3.110933781,0.183253765,-2.9276799,317.9
POSCAR_a3b2b3e1_64_K3Na2P3Sn1_icsd_050532_Li_Cs_Si_Sb,-3.116186053,-5.087759972,1.971573919,-3.116186142,-2.968001366,0.148184776,-3.116186053,318.1
POSCAR_a3b2b3e1_62_K2Na3P3Si1_icsd_300203_Rb_Li_Ge_Sb,-2.940217561,-5.871603966,2.931386405,-2.940217495,-3.076225519,0.136008024,-2.940217561,319
POSCAR_a3b1b4e1_14_K1Na4Sb3Sn1_icsd_054261_Na_Cs_Si_Bi,-2.851780892,-3.545826912,0.69404602,-2.851780891,-2.73081255,0.120968341,-2.851780892,319.1
POSCAR_a6b2c3c4_63_As6Ba4Cd3Li2_icsd_427778_Sb_Rb_Cd_Si,-2.832139858,-2.964431047,0.132291189,-2.832139969,-2.664004803,0.168135166,-2.832139858,319.4
POSCAR_a6b4b6e2_64_As6K6Na4Sn2_icsd_040560_K_K_Sb_Si,-2.921334256,-7.060148239,4.138813983,-2.921334267,-3.160880089,0.239545822,-2.921334256,319.7
POSCAR_a1b1c1_187_As1K1Zn1_icsd_010459_Hg_Cs_Bi,-1.854180243,-2.54553628,0.691356037,-1.854180217,-2.335083008,0.480902791,-1.854180243,320.7
POSCAR_a4c3d2_58_Eu3In2P4_icsd_170634_Be_Sb_Al,-3.577203617,-4.154074669,0.576871052,-3.577203512,-3.044295073,0.532908439,-3.577203617,321.1
POSCAR_a3b6d1_2_As3Ga1Na6_icsd_300276_Rb_Bi_Ga,-2.431785048,-6.627020836,4.195235788,-2.431785107,-3.048582554,0.616797447,-2.431785048,321.6
POSCAR_a2c2e1_14_As2Ba2Ge1_icsd_035151_P_Ge_Mn,-5.540259182,-8.672785759,3.132526577,-5.540259361,-5.226869583,0.313389778,-5.540259182,321.6
POSCAR_a3b4c1d1_7_Ca1Ga1Na4Sb3_icsd_291241_As_Sr_Al_Cs,-3.074817231,-6.830862045,3.756044814,-3.074817181,-2.988214254,0.086602927,-3.074817231,321.6
POSCAR_a3b2b3e1_73_Bi3K3Na2Sn1_icsd_050534_Cs_Rb_Ge_Bi,-2.596801811,-2.719047546,0.122245735,-2.596801758,-2.771786928,0.17498517,-2.596801811,321.6
POSCAR_a3b2b3e1_64_K3Na2P3Sn1_icsd_050532_Rb_K_Si_Sb,-2.874017795,-6.364430428,3.490412633,-2.874017715,-3.114771366,0.240753651,-2.874017795,321.8
POSCAR_a3b2b3e1_73_Bi3K3Na2Sn1_icsd_050534_Li_Li_Si_Sb,-3.433029788,-5.931499481,2.498469693,-3.43302989,-2.688321829,0.744708061,-3.433029788,322.1
POSCAR_a2b2c1c1_26_Ba1Cd1K2Sb2_icsd_422272_Sb_Li_Si_Ba,-3.700514777,-3.529448032,0.171066745,-3.700514793,-3.131149769,0.569365024,-3.700514777,322.9
POSCAR_a3b2b3e1_64_K3Na2P3Sn1_icsd_050532_Li_Li_Si_Sb,-3.432129841,-6.042900085,2.610770244,-3.43212986,-2.653594971,0.778534889,-3.432129841,323
POSCAR_a3b2b3e1_73_Bi3K3Na2Sn1_icsd_050534_Rb_K_Si_As,-3.026537806,-7.61934185,4.592804044,-3.026537895,-3.246123791,0.219585896,-3.026537806,323.5
POSCAR_a3b1b4e1_62_As3Ge1K1Na4_icsd_300204_Cs_Na_Bi_Ge,-2.662092456,-4.620168686,1.95807623,-2.662092447,-2.824997902,0.162905455,-2.662092456,324.2
POSCAR_a3b2b3e1_73_Bi3K3Na2Sn1_icsd_050534_Na_Na_Si_Sb,-2.992180545,-6.053631783,3.061451238,-2.992180586,-2.714498281,0.277682305,-2.992180545,324.2
POSCAR_a6b7c4_12_Bi6Eu4Li7_icsd_428116_Si_P_Li,-4.284543424,-4.470464706,0.185921282,-4.284543514,-3.583078861,0.701464653,-4.284543424,324.6
POSCAR_a3b2b3e1_64_K3Na2P3Sn1_icsd_050532_K_Cs_Si_Sb,-2.855034294,-5.768942833,2.913908539,-2.855034351,-3.035829544,0.180795193,-2.855034294,324.9
POSCAR_a3b1b4e1_14_K1Na4Sb3Sn1_icsd_054261_Rb_Li_Sn_Bi,-2.765625543,-5.552742004,2.787116461,-2.765625477,-2.868618965,0.102993488,-2.765625543,325.5
POSCAR_a6b2b8e2_14_K2Na8Sb6Sn2_icsd_057400_Bi_Cs_Si_Na,-2.845296515,-3.542921782,0.697625267,-2.845296621,-2.733031988,0.112264633,-2.845296515,325.6
POSCAR_a6b2b8e2_14_K2Na8Sb6Sn2_icsd_057400_Bi_Li_Sn_Rb,-2.765558576,-5.494669914,2.729111338,-2.765558481,-2.878074408,0.112515927,-2.765558576,325.6
POSCAR_a1b1c1_216_As1Cd1Li1_icsd_609966_Sb_Ba_Rb,-2.83104245,-3.19092226,0.35987981,-2.831042528,-3.12782836,0.296785832,-2.83104245,326.4
POSCAR_a1b1c1_186_Li1Sb1Zn1_icsd_042064_P_Si_K,-4.037274823,-3.257317543,0.77995728,-4.037274837,-3.51668334,0.520591497,-4.037274823,326.8
POSCAR_a3b5e3_62_As3K5Pb3_icsd_055419_Pb_Bi_Rb,-2.864675395,-4.811953068,1.947277673,-2.864675283,-2.721005201,0.143670082,-2.864675395,327
POSCAR_a3b4c1d1_7_Ca1Ga1Na4Sb3_icsd_291241_As_Sn_Ga_Rb,-3.149656276,-6.916104317,3.766448041,-3.149656296,-3.041607618,0.108048678,-3.149656276,327
POSCAR_a6b2b8e2_14_K2Na8Sb6Sn2_icsd_057400_Bi_Cs_Si_Rb,-2.72855369,-4.605546951,1.876993261,-2.728553772,-2.944336414,0.215782642,-2.72855369,327
POSCAR_a6b4b6e2_64_As6K6Na4Sn2_icsd_040560_K_Rb_Sb_Si,-2.86830926,-6.935853004,4.067543744,-2.868309259,-3.084744453,0.216435194,-2.86830926,327.5
POSCAR_a3b6d2_15_K6Sb3Tl2_icsd_093048_Sb_Al_Li,-3.26434069,-8.545770645,5.281429955,-3.264340639,-2.63135004,0.632990599,-3.26434069,328
POSCAR_a5b6c1_59_Bi5K6Zn1_icsd_238106_Na_Pb_P,-3.452830468,-5.357617855,1.904787387,-3.452830553,-3.195034027,0.257796526,-3.452830468,328.3
POSCAR_a8b12d4_2_Cs12In4P8_icsd_300148_Na_As_Al,-3.308346877,-8.756611824,5.448264947,-3.308346987,-3.0562644,0.252082587,-3.308346877,328.5
POSCAR_a3b1c4_123_As3Rb1Zn4_icsd_262038_Cd_Bi_Na,-2.131978734,-2.609285593,0.477306859,-2.13197875,-2.225737095,0.093758345,-2.131978734,328.8
POSCAR_a3b5e3_62_As3K5Pb3_icsd_055419_Pb_Bi_Na,-2.947411479,-4.410526752,1.463115273,-2.947411537,-2.558233976,0.389177561,-2.947411479,329
POSCAR_a14c11c8_12_Ba11Bi14Cd8_icsd_240338_P_Sn_Ba,-4.17839587,-5.601882935,1.423487065,-4.178395748,-3.537554264,0.640841484,-4.17839587,329.4
POSCAR_a6c6e2_14_Ba6P6Sn2_icsd_035342_P_Mg_Ge,-4.037630712,-6.748689651,2.711058939,-4.037630558,-3.676343203,0.361287355,-4.037630712,329.8
POSCAR_a3b6d2_15_K6Sb3Tl2_icsd_093048_Sb_Ga_Na,-2.75422478,-9.345107079,6.590882299,-2.754224777,-2.783025742,0.028800965,-2.75422478,330
POSCAR_a3b1b4e1_62_As3Ge1K1Na4_icsd_300204_K_Na_Bi_Sn,-2.609650082,-5.116339684,2.506689602,-2.609650135,-3.066066742,0.456416607,-2.609650082,330.7
POSCAR_a3b2b3e1_62_K2Na3P3Si1_icsd_300203_Cs_Li_Ge_Sb,-2.915912644,-4.502655506,1.586742862,-2.915912628,-2.833800316,0.082112312,-2.915912644,331.3
POSCAR_a6b2b8e2_14_K2Na8Sb6Sn2_icsd_057400_Sb_Li_Pb_Rb,-2.758535927,-6.606665611,3.848129684,-2.758535862,-2.895081282,0.13654542,-2.758535927,331.4
POSCAR_a4c3e2_14_As4Ge2Sr3_icsd_016454_Cd_Pb_P,-3.357919531,-4.118534088,0.760614557,-3.357919455,-3.0665133,0.291406155,-3.357919531,331.5
POSCAR_a3d4e1_140_Bi3In4Pb1_icsd_616725_Ge_P_Tl,-3.652748373,-5.262699127,1.609950754,-3.652748346,-3.357285023,0.295463323,-3.652748373,331.5
POSCAR_a12b4c8d4_12_Al4Eu8Na4P12_icsd_409320_Mn_Rb_Al_Bi,-3.761273947,-5.948334694,2.187060747,-3.761273861,-3.345346689,0.415927172,-3.761273947,331.8
POSCAR_a2c1c2_139_Ba1Mn2P2_icsd_077668_P_Ge_Si,-4.825832552,-3.232591629,1.593240923,-4.825832367,-3.727836609,1.097995758,-4.825832552,331.9
POSCAR_a6b2b8e2_14_K2Na8Sb6Sn2_icsd_057400_Bi_Cs_Si_Cs,-2.689917394,-2.544466734,0.14545066,-2.689917326,-2.677079916,0.01283741,-2.689917394,331.9
POSCAR_a3b1b4e1_62_As3Ge1K1Na4_icsd_300204_Rb_Cs_Bi_Sn,-2.475052725,-4.986858368,2.511805643,-2.475052834,-2.841920853,0.366868019,-2.475052725,332.1
POSCAR_a3b6d1_11_Al1Rb6Sb3_icsd_300217_P_Tl_Rb,-2.639356326,-4.416640282,1.777283956,-2.639356375,-2.985724449,0.346368074,-2.639356326,332.6
POSCAR_a1b1c1_194_Hg1K1Sb1_icsd_056201_As_K_Si,-3.754803788,-3.127619267,0.627184521,-3.754803896,-3.303344727,0.451459169,-3.754803788,332.6
POSCAR_a6b7d3_2_As6Cs7In3_icsd_411989_K_P_Al,-3.491296736,-8.685630798,5.194334062,-3.491296768,-3.655433178,0.16413641,-3.491296736,332.8
POSCAR_a2b3d1_14_As2In1Na3_icsd_300139_Cs_P_Ga,-3.067452428,-7.909190178,4.84173775,-3.067452431,-3.364603996,0.297151565,-3.067452428,333.1
POSCAR_a2c1e2_160_As2Sn2Sr1_icsd_611428_Si_P_Pb,-4.66073316,-3.01847887,1.64225429,-4.660733223,-3.138621807,1.522111416,-4.66073316,333.7
POSCAR_a4b6d1_15_Na6Sb4Tl1_icsd_096942_As_Ga_Cs,-2.772820722,-6.144792557,3.371971835,-2.772820711,-3.0254457,0.252624989,-2.772820722,334.7
POSCAR_a4c3e2_14_As4Ge2Sr3_icsd_016454_Cd_Ge_Bi,-2.978994124,-2.544466734,0.43452739,-2.978994131,-2.443846226,0.535147905,-2.978994124,335
POSCAR_a3b1b4e1_62_As3Ge1K1Na4_icsd_300204_Cs_Cs_Sb_Ge,-2.512591941,-4.030241966,1.517650025,-2.512591839,-2.799110174,0.286518335,-2.512591941,335
POSCAR_a3b5e3_62_As3K5Pb3_icsd_055419_Pb_Sb_Rb,-2.930352028,-5.955349922,3.024997894,-2.930351973,-2.758537292,0.171814681,-2.930352028,335.1
POSCAR_a6b4b6e2_64_As6K6Na4Sn2_icsd_040560_Cs_Na_Sb_Si,-2.897247641,-4.21001482,1.312767179,-2.897247553,-2.816212654,0.081034899,-2.897247641,335.6
POSCAR_a6b2b8e2_14_K2Na8Sb6Sn2_icsd_057400_Sb_Li_Ge_Na,-2.966177474,-6.637891769,3.671714295,-2.966177464,-2.723687649,0.242489815,-2.966177474,335.8
POSCAR_a3b1b4e1_14_K1Na4Sb3Sn1_icsd_054261_Rb_Li_Si_P,-3.444104754,-6.483647346,3.039542592,-3.444104671,-3.339896679,0.104207992,-3.444104754,336.2
POSCAR_a3b2b3e1_73_Bi3K3Na2Sn1_icsd_050534_Na_Rb_Si_Sb,-2.925572899,-5.981058598,3.055485699,-2.925572872,-2.997398615,0.071825743,-2.925572899,336.5
POSCAR_a3b1b4e1_62_As3Ge1K1Na4_icsd_300204_Rb_Rb_Bi_Sn,-2.480503477,-4.858251095,2.377747618,-2.480503559,-2.92545867,0.444955111,-2.480503477,336.7
POSCAR_a3d4e1_140_Bi3In4Pb1_icsd_616725_Sn_As_Al,-4.072688098,-4.370331764,0.297643666,-4.072688103,-3.138338327,0.934349776,-4.072688098,337.1
POSCAR_a3b6d1_2_As3Ga1Na6_icsd_300276_Li_As_Al,-3.616128793,-9.428975105,5.812846312,-3.616128683,-3.181089878,0.435038805,-3.616128794,337.2
POSCAR_a1b2e1_57_Bi1K2Sn1_icsd_107616_Na_Sb_Sn,-3.020995531,-3.801028728,0.780033197,-3.020995617,-2.716743469,0.304252148,-3.020995531,337.9
POSCAR_a2b2c1c1_26_Ba1Cd1K2Sb2_icsd_422272_As_Na_Si_Sr,-3.623900988,-3.819461107,0.195560119,-3.62390089,-3.265725851,0.358175039,-3.623900988,338.2
POSCAR_a12b4c8d4_12_Al4Eu8Na4P12_icsd_409320_Mn_Li_Tl_Sb,-3.791419885,-6.772226334,2.980806449,-3.791419983,-3.627440214,0.163979769,-3.791419885,338.4
POSCAR_a6b2b8e2_14_K2Na8Sb6Sn2_icsd_057400_Bi_Li_Pb_Cs,-2.663305225,-2.544466734,0.118838491,-2.663305283,-2.710893154,0.047587871,-2.663305225,340
POSCAR_a4c2c3_64_Ba2Bi4Cd3_icsd_416446_Pb_Ge_P,-4.280798433,-4.450055599,0.169257166,-4.280798435,-3.380699396,0.900099039,-4.280798433,340.7
POSCAR_a2c1c1c1_36_Ba1Cd1Sb2Yb1_icsd_422280_Bi_Si_Sn_Be,-3.874342815,-2.975630522,0.898712293,-3.874342918,-2.867136002,1.007206916,-3.874342815,340.7
POSCAR_a4c3e2_4_Ba3P4Sn2_icsd_660381_As_Zn_Ge,-3.428432471,-5.190091133,1.761658662,-3.428432465,-3.068924665,0.3595078,-3.428432471,340.8
POSCAR_a2b3d1_14_As2In1Na3_icsd_300139_Na_P_Al,-3.57431568,-11.35469532,7.78037964,-3.574315786,-3.354799747,0.219516039,-3.57431568,340.8
POSCAR_a3b2b3e1_64_K3Na2P3Sn1_icsd_050532_Cs_Cs_Si_Bi,-2.680983795,-2.544466734,0.136517061,-2.680983782,-2.586063147,0.094920635,-2.680983795,340.8
POSCAR_a4b3b6d1_194_Cs6Ga1K3Sb4_icsd_300150_Cs_Bi_Li_Ga,-2.467815745,-4.069499016,1.601683271,-2.467815638,-2.624250174,0.156434536,-2.467815745,341
POSCAR_a6b2b8e2_14_K2Na8Sb6Sn2_icsd_057400_Sb_Li_Pb_Cs,-2.736310992,-4.464756966,1.728445974,-2.736310959,-2.786864042,0.050553083,-2.736310992,341.1
POSCAR_a2b2c1c1_26_Ba1Cd1K2Sb2_icsd_422272_As_Na_Si_Be,-3.707873061,-3.786464214,0.078591153,-3.707873106,-3.117372274,0.590500832,-3.707873061,341.5
POSCAR_a3b1b4e1_14_K1Na4Sb3Sn1_icsd_054261_Na_Li_Ge_Sb,-2.960394998,-6.612241745,3.651846747,-2.960395098,-2.712219715,0.248175383,-2.960394998,341.6
POSCAR_a3b1b4e1_14_K1Na4Sb3Sn1_icsd_054261_Rb_K_Si_Sb,-2.853942039,-7.315075874,4.461133835,-2.853942156,-3.045922518,0.191980362,-2.853942039,341.9
POSCAR_a2c1c2_139_Ba1Mn2P2_icsd_077668_Sb_Pb_Ge,-3.774136526,-2.817494869,0.956641657,-3.774136543,-2.660438061,1.113698482,-3.774136526,342.5
POSCAR_a1b2c1_216_Li2Sb1Zn1_icsd_001243_Sb_Zn_Li,-2.561603523,-2.763695955,0.202092432,-2.561603546,-2.704604864,0.143001318,-2.561603523,342.7
POSCAR_a3b2b3e1_73_Bi3K3Na2Sn1_icsd_050534_Rb_Cs_Si_As,-2.920680352,-5.411375523,2.490695171,-2.920680285,-2.912349463,0.008330822,-2.920680352,343.7
POSCAR_a3b1c2c2_62_Ba2Cd2K1Sb3_icsd_420620_P_K_Mn_Sn,-4.487280176,-8.951821327,4.464541151,-4.487280369,-4.38696003,0.100320339,-4.487280176,344.3
POSCAR_a5b6c1_59_Bi5K6Zn1_icsd_238106_Na_Sr_As,-3.117726723,-4.89840126,1.780674537,-3.117726803,-3.054563761,0.063163042,-3.117726723,344.4
POSCAR_a3b1b4e1_14_K1Na4Sb3Sn1_icsd_054261_K_Na_Si_Sb,-2.956606098,-7.176544189,4.219938091,-2.95660615,-3.098977327,0.142371177,-2.956606098,344.4
POSCAR_a3b6d2_15_K6Sb3Tl2_icsd_093048_As_In_Na,-2.863775025,-9.728343964,6.864568939,-2.863775015,-2.924185038,0.060410023,-2.863775025,344.8
POSCAR_a3b5e3_62_As3K5Pb3_icsd_055419_Ge_Sb_Cs,-3.067812193,-5.7539711,2.686158907,-3.067812204,-2.903865337,0.163946867,-3.067812193,345
POSCAR_a4b3b6d1_194_Cs6Ga1K3Sb4_icsd_300150_Rb_As_Li_Ga,-2.74112264,-5.670806885,2.929684245,-2.741122723,-2.990041256,0.248918533,-2.74112264,345
POSCAR_a2c2d1_79_Sb2Tl1Zn2_icsd_076499_P_Ga_Zn,-3.343086875,-3.463447809,0.120360934,-3.343086958,-3.467148304,0.124061346,-3.343086875,345.2
POSCAR_a3b2b3e1_62_K2Na3P3Si1_icsd_300203_Na_Cs_Si_Bi,-2.825260979,-3.377526283,0.552265304,-2.825260878,-2.757313728,0.06794715,-2.825260979,345.6
POSCAR_a9c4c9_55_Bi9Cd4Sr9_icsd_058763_Ba_Sb_Si,-4.099090301,-5.977065563,1.877975262,-4.099090099,-3.573284626,0.525805473,-4.099090301,345.8
POSCAR_a3d4e1_140_Bi3In4Pb1_icsd_616725_Sn_Bi_Tl,-3.171604004,-4.403254509,1.231650505,-3.171603918,-2.534346819,0.637257099,-3.171604004,346.2
POSCAR_a6b2b8e2_14_K2Na8Sb6Sn2_icsd_057400_Bi_K_Si_Na,-2.891338869,-4.592999935,1.701661066,-2.891338825,-2.79001236,0.101326465,-2.891338869,346.4
POSCAR_a3d4e1_140_Bi3In4Pb1_icsd_616725_Ge_Sb_Al,-3.826959254,-5.234339714,1.40738046,-3.826959372,-2.689193964,1.137765408,-3.826959254,346.8
POSCAR_a4b6d1_15_Na6Sb4Tl1_icsd_096942_Sb_Ga_Rb,-2.626827311,-8.827386856,6.200559545,-2.62682724,-3.043316364,0.416489124,-2.626827311,346.9
POSCAR_a2c1d2_11_Ba1In2P2_icsd_260564_Bi_Si_Ga,-3.745637413,-4.322183132,0.576545719,-3.745637417,-2.863423109,0.882214308,-3.745637413,347
POSCAR_a2c1c2_72_As2Ba2Zn1_icsd_421423_Mg_Sb_Cd,-2.39444734,-2.544466734,0.150019394,-2.394447327,-2.388946056,0.005501271,-2.39444734,347.3
POSCAR_a3b1b4e1_62_As3Ge1K1Na4_icsd_300204_Rb_Na_Bi_Sn,-2.533460494,-4.748513222,2.215052728,-2.533460379,-2.943287611,0.409827232,-2.533460494,347.3
POSCAR_a3b4c1d1_7_Ca1Ga1Na4Sb3_icsd_291241_P_Si_In_Na,-3.551123159,-8.792367935,5.241244776,-3.551123142,-3.310953617,0.240169525,-3.551123159,348.3
POSCAR_a1b1c1_216_As1Cd1Li1_icsd_609966_As_Pb_K,-3.15914145,-2.764915228,0.394226222,-3.159141541,-3.002583981,0.15655756,-3.15914145,348.5
POSCAR_a4c3d2_62_Al2Ba3P4_icsd_423778_P_Mn_Tl,-4.712128186,-14.00773907,9.295610884,-4.712128162,-4.792115688,0.079987526,-4.712128186,349.1
POSCAR_a2b3d1_14_As2In1Na3_icsd_300139_Cs_Sb_Al,-2.792918338,-4.733287334,1.940368996,-2.792918444,-2.817159653,0.024241209,-2.792918338,349.4
POSCAR_a3b1c2c2_62_Ba2Cd2K1Sb3_icsd_420620_P_Na_Mn_Cd,-3.808041819,-6.360462666,2.552420847,-3.808041811,-3.814837456,0.006795645,-3.808041819,349.6
POSCAR_a3b6d1_11_Al1Rb6Sb3_icsd_300217_As_In_Rb,-2.616715542,-4.195135117,1.578419575,-2.616715431,-3.039268255,0.422552824,-2.616715542,349.7
POSCAR_a1c1e1_129_Eu1P1Sn1_icsd_095081_Mg_P_Si,-4.372704725,-3.137984991,1.234719734,-4.372704506,-3.356698513,1.016005993,-4.372704725,350
POSCAR_a3b5e1_62_Ge1P3Rb5_icsd_300186_P_Sn_Li,-3.748687081,-7.350909233,3.602222152,-3.748687029,-3.52528882,0.223398209,-3.748687081,350.1
POSCAR_a6b4b6e2_64_As6K6Na4Sn2_icsd_040560_Rb_Cs_Bi_Si,-2.70497915,-2.544466734,0.160512416,-2.704979181,-2.670995235,0.033983946,-2.70497915,350.6
POSCAR_a4c2e1_62_As4Cd2Ge1_icsd_042132_Si_Sb_Pb,-4.085952959,-4.502577782,0.416624823,-4.085952759,-2.694293976,1.391658783,-4.085952959,350.7
POSCAR_a3d4e1_140_Bi3In4Pb1_icsd_616725_Ge_Bi_In,-3.383002223,-4.47436285,1.091360627,-3.383002281,-2.718649149,0.664353132,-3.383002223,351
POSCAR_a12c11c6_12_Eu11Sb12Zn6_icsd_419343_Be_Bi_Pb,-3.495579303,-4.257037163,0.76145786,-3.495579243,-3.111623526,0.383955717,-3.495579303,351.1
POSCAR_a1c1e1_129_Eu1P1Sn1_icsd_095081_Hg_Sb_Ge,-2.805181387,-2.604006767,0.20117462,-2.805181503,-2.348330975,0.456850528,-2.805181387,351.3
POSCAR_a3b1b4e1_62_As3Ge1K1Na4_icsd_300204_Cs_Rb_Bi_Pb,-2.351441373,-2.776036739,0.424595366,-2.351441383,-2.460232496,0.108791113,-2.351441373,351.4
POSCAR_a6b4b6e2_64_As6K6Na4Sn2_icsd_040560_Li_K_Bi_Si,-3.085531709,-4.050215721,0.964684012,-3.085531712,-2.806945562,0.27858615,-3.085531709,351.8
POSCAR_a3c2_52_Bi3Sr2_icsd_106329_Si_As,-4.772504264,-4.623946667,0.148557597,-4.77250433,-2.974760056,1.797744274,-4.772504264,352.5
POSCAR_a3b1c4_123_As3Rb1Zn4_icsd_262038_Mn_Bi_Rb,-3.841910063,-3.567451715,0.274458348,-3.841910124,-4.132507324,0.2905972,-3.841910063,353.1
POSCAR_a3b2b3e1_64_K3Na2P3Sn1_icsd_050532_Li_Rb_Si_Bi,-3.024386762,-4.057644367,1.033257605,-3.024386644,-2.731832266,0.292554378,-3.024386762,353.5
POSCAR_a3d4e1_140_Bi3In4Pb1_icsd_616725_Pb_As_In,-3.547509946,-5.208292961,1.660783015,-3.547509909,-3.25916028,0.288349629,-3.547509946,353.9
POSCAR_a6b4b6e2_64_As6K6Na4Sn2_icsd_040560_Na_Rb_Bi_Si,-2.849008049,-4.421985149,1.5729771,-2.849008083,-2.914261103,0.06525302,-2.849008049,354.4
POSCAR_a12c14e3_146_As12Sn3Sr14_icsd_195752_Ba_P_Si,-4.642065102,-9.892398834,5.250333732,-4.642065048,-4.146496296,0.495568752,-4.642065102,354.7
POSCAR_a2b3d1_72_In1K3P2_icsd_300141_P_K_Al,-3.469335841,-4.363175869,0.893840028,-3.469335794,-3.577039957,0.107704163,-3.469335841,354.8
POSCAR_a3d4e1_140_Bi3In4Pb1_icsd_616725_Pb_Sb_Al,-3.654787746,-5.01490593,1.360118184,-3.654787779,-2.574072123,1.080715656,-3.654787746,355.7
POSCAR_a3b2b3e1_64_K3Na2P3Sn1_icsd_050532_Cs_Rb_Si_Bi,-2.699297759,-3.169556379,0.47025862,-2.699297667,-2.798033953,0.098736286,-2.699297759,356.2
POSCAR_a6b2b8e2_14_K2Na8Sb6Sn2_icsd_057400_As_Li_Si_Na,-3.375853324,-6.532577515,3.156724191,-3.3758533,-2.849247932,0.526605368,-3.375853324,356.5
POSCAR_a2b2c1c1_26_Ba1Cd1K2Sb2_icsd_422272_P_K_Si_Sr,-3.79337034,-4.207312584,0.413942244,-3.793370247,-3.868945122,0.075574875,-3.79337034,356.6
POSCAR_a3b2b3e1_73_Bi3K3Na2Sn1_icsd_050534_Na_Li_Si_Sb,-3.181275903,-4.990679741,1.809403838,-3.181275845,-2.6883986,0.492877245,-3.181275903,357.2
POSCAR_a4b3b6d1_194_Cs6Ga1K3Sb4_icsd_300150_Cs_As_K_Al,-2.601419153,-5.734682083,3.13326293,-2.60141921,-2.896514416,0.295095206,-2.601419153,357.2
POSCAR_a1b1_14_As1Na1_icsd_182160_Rb_As,-2.827985405,-2.693198919,0.134786486,-2.827985287,-3.44016242,0.612177133,-2.827985405,357.8
POSCAR_a6b10e2_14_As6Na10Si2_icsd_300188_Li_Ge_P,-3.896450572,-8.418709755,4.522259183,-3.89645052,-3.663940191,0.232510329,-3.896450572,357.8
POSCAR_a3c3d1_64_Al1Ba3Sb3_icsd_032728_Sb_Hg_Tl,-2.151888878,-2.544466734,0.392577856,-2.151888847,-2.178892612,0.027003765,-2.151888878,358.1
POSCAR_a6c5d2_55_Ca5Ga2Sb6_icsd_036466_As_Cd_Al,-3.167729869,-3.651730061,0.484000192,-3.167729855,-2.689178228,0.478551627,-3.167729869,359.4
POSCAR_a4b4c3_71_Eu3Li4Sb4_icsd_428113_Si_Bi_Cs,-3.302119971,-2.544896126,0.757223845,-3.30211997,-2.79901433,0.50310564,-3.302119971,359.5
POSCAR_a2c1e1_122_As2Mg1Si1_icsd_182367_Sb_Si_Ge,-4.24053454,-2.964178324,1.276356216,-4.240534306,-2.874295473,1.366238833,-4.24053454,359.5
POSCAR_a3b1b4e1_62_As3Ge1K1Na4_icsd_300204_Rb_Na_Bi_Ge,-2.660114675,-4.992393494,2.332278819,-2.660114765,-3.041817188,0.381702423,-2.660114675,359.6
POSCAR_a4c3e2_15_As4Si2Sr3_icsd_016453_Hg_Ge_P,-3.330781727,-2.703338623,0.627443104,-3.330781698,-3.048701763,0.282079935,-3.330781727,360.2
POSCAR_a3b4c1d1_7_Ca1Ga1Na4Sb3_icsd_291241_P_Pb_Al_Na,-3.570219873,-8.087996483,4.51777661,-3.570219755,-3.193894148,0.376325607,-3.570219873,360.2
POSCAR_a3b1b4e1_62_As3Ge1K1Na4_icsd_300204_Li_K_As_Ge,-3.154627973,-7.695205688,4.540577715,-3.154628038,-3.231588602,0.076960564,-3.154627973,360.3
POSCAR_a9c11d1_45_Ca11In1Sb9_icsd_042371_P_Zn_In,-3.161486228,-5.478002071,2.316515843,-3.161486149,-3.110949039,0.05053711,-3.161486228,360.6
POSCAR_a3b1b4e1_62_As3Ge1K1Na4_icsd_300204_Na_Rb_Sb_Sn,-2.576690323,-5.108968258,2.532277935,-2.576690435,-2.785016537,0.208326102,-2.576690323,360.7
POSCAR_a3b2b3e1_64_K3Na2P3Sn1_icsd_050532_Li_Li_Si_Bi,-3.296345486,-3.502940178,0.206594692,-3.296345472,-2.494949818,0.801395654,-3.296345486,361.2
POSCAR_a6b4b6e2_64_As6K6Na4Sn2_icsd_040560_Li_Li_Bi_Si,-3.296202311,-3.503020048,0.206817737,-3.296202421,-2.496519566,0.799682855,-3.296202311,361.3
POSCAR_a6b2b8e2_14_K2Na8Sb6Sn2_icsd_057400_Sb_Li_Si_Li,-3.393563674,-5.578638554,2.18507488,-3.393563747,-2.656569004,0.736994743,-3.393563674,361.6
POSCAR_a2b3d1_72_In1K3P2_icsd_300141_As_Cs_Al,-3.078158132,-3.58169198,0.503533848,-3.07815814,-2.977298975,0.100859165,-3.078158132,361.7
POSCAR_a5c5d4_104_Ba5Bi5In4_icsd_054853_In_Bi_Si,-3.69114001,-5.678628922,1.987488912,-3.691139936,-2.811726332,0.879413604,-3.69114001,362.9
POSCAR_a2c1c2_72_As2Ba2Zn1_icsd_421423_Sn_Bi_Mg,-3.068798432,-2.545183182,0.52361525,-3.068798542,-2.763604641,0.305193901,-3.068798432,363
POSCAR_a4b3c3d1_186_Al1Ca3Na3Sb4_icsd_291242_Li_Mn_Tl_As,-4.012104382,-7.558555603,3.546451221,-4.012104511,-4.174133778,0.162029267,-4.012104382,363.1
POSCAR_a3b1b4e1_62_As3Ge1K1Na4_icsd_300204_Na_Cs_Sb_Sn,-2.562047877,-4.964357853,2.402309976,-2.562047958,-2.74319458,0.181146622,-2.562047877,363.6
POSCAR_a3b4c1d1_7_Ca1Ga1Na4Sb3_icsd_291241_Bi_Be_Al_Rb,-2.760125377,-5.265330315,2.505204938,-2.760125399,-2.939646006,0.179520607,-2.760125377,363.6
POSCAR_a2c1c2_8_As2Ca2Cd1_icsd_422578_Ca_Sb_Si,-4.045929438,-4.462235928,0.41630649,-4.045929432,-3.540372849,0.505556583,-4.045929438,364
POSCAR_a3b1b4e1_62_As3Ge1K1Na4_icsd_300204_Li_Rb_P_Ge,-3.241406721,-7.700753212,4.459346491,-3.241406679,-3.295171738,0.053765059,-3.241406721,364
POSCAR_a1b2e1_57_Bi1K2Sn1_icsd_107616_Na_Bi_Sn,-2.959818403,-3.578543663,0.61872526,-2.959818363,-2.702706337,0.257112026,-2.959818403,364.8
POSCAR_a3b2b3e1_73_Bi3K3Na2Sn1_icsd_050534_Li_Na_Si_Bi,-3.104426966,-3.643370628,0.538943662,-3.104426861,-2.498767376,0.605659485,-3.104426966,364.9
POSCAR_a1b1_123_As1Na1_icsd_182160_Cs_P,-2.699902615,-2.698541403,0.001361212,-2.699902534,-3.712353706,1.012451172,-2.699902615,365.1
POSCAR_a6b4b6e2_64_As6K6Na4Sn2_icsd_040560_K_Na_Sb_Si,-2.935820045,-5.962050438,3.026230393,-2.935820103,-2.938768864,0.002948761,-2.935820045,365.1
POSCAR_a2c2d1_79_Sb2Tl1Zn2_icsd_076499_As_Ga_Cd,-2.857659547,-3.282060623,0.424401076,-2.857659578,-2.914367676,0.056708098,-2.857659547,365.8
POSCAR_a3b1b4e1_62_As3Ge1K1Na4_icsd_300204_K_K_Bi_Pb,-2.43810975,-5.085403442,2.647293692,-2.438109636,-2.944128513,0.506018877,-2.43810975,366.5
POSCAR_a4c1_15_Mn1P4_icsd_001829_As_Si,-4.758371181,-10.16460991,5.406238729,-4.758371353,-3.162814379,1.595556974,-4.758371181,366.6
POSCAR_a3b1b4e1_62_As3Ge1K1Na4_icsd_300204_Cs_Cs_P_Sn,-2.558113241,-4.205628872,1.647515631,-2.558113337,-2.769307375,0.211194038,-2.558113241,366.8
POSCAR_a5c6_167_Cd6Sb5_icsd_420110_Sb_Mg,-2.977352287,-2.544466734,0.432885553,-2.977352381,-2.815091133,0.162261248,-2.977352287,367.2
POSCAR_a6b2b8e2_14_K2Na8Sb6Sn2_icsd_057400_Sb_K_Si_Cs,-2.812045149,-4.059120178,1.247075029,-2.812045097,-2.910310507,0.09826541,-2.812045149,367.8
POSCAR_a5b11c2_2_Cd2K11Sb5_icsd_425646_Bi_Rb_Mg,-2.257826696,-5.008425713,2.750599017,-2.257826805,-3.071059704,0.813232899,-2.257826696,367.9
POSCAR_a1c1e1_129_Eu1P1Sn1_icsd_095081_Sr_Sb_Si,-3.980142123,-3.032851458,0.947290665,-3.980142117,-3.330284357,0.64985776,-3.980142123,367.9
POSCAR_a12b4c8d4_12_Al4Eu8Na4P12_icsd_409320_Mn_K_Tl_Sb,-3.556892764,-7.587198257,4.030305493,-3.556892872,-3.436831713,0.120061159,-3.556892764,368.2
POSCAR_a3b6d1_2_As3Ga1Na6_icsd_300276_Cs_As_In,-2.569129992,-6.157824039,3.588694047,-2.569129944,-2.80580759,0.236677646,-2.569129992,368.9
POSCAR_a6b4b6e2_64_As6K6Na4Sn2_icsd_040560_Rb_K_Bi_Si,-2.773898555,-4.121560097,1.347661542,-2.773898602,-3.123516083,0.349617481,-2.773898555,369.5
POSCAR_a3b2b3e1_73_Bi3K3Na2Sn1_icsd_050534_Cs_Rb_Si_Bi,-2.685429134,-2.778493881,0.093064747,-2.685429096,-2.77118659,0.085757494,-2.685429134,370.1
POSCAR_a2b2c1c1_26_Ba1Cd1K2Sb2_icsd_422272_As_Rb_Si_Ba,-3.539877927,-3.708866119,0.168988192,-3.539877892,-3.305067778,0.234810114,-3.539877928,370.4
POSCAR_a3b1b4e1_62_As3Ge1K1Na4_icsd_300204_Rb_K_Sb_Sn,-2.547731523,-5.481250763,2.93351924,-2.547731638,-2.929434776,0.381703138,-2.547731523,370.4
POSCAR_a3b6d1_11_Al1Rb6Sb3_icsd_300217_Bi_Al_Li,-3.087033995,-4.210495949,1.123461954,-3.087033987,-2.526965141,0.560068846,-3.087033995,371
POSCAR_a3b1b4e1_62_As3Ge1K1Na4_icsd_300204_Cs_Cs_Bi_Si,-2.650462781,-2.544466734,0.105996047,-2.650462866,-2.689989567,0.039526701,-2.650462781,371.3
POSCAR_a3b6d1_11_Al1Rb6Sb3_icsd_300217_As_In_Cs,-2.566574988,-4.289696693,1.723121705,-2.56657505,-2.801507235,0.234932185,-2.566574988,371.5
POSCAR_a6b2b8e2_14_K2Na8Sb6Sn2_icsd_057400_Sb_Li_Ge_Rb,-2.886786505,-7.247375488,4.360588983,-2.886786461,-3.038448334,0.151661873,-2.886786505,372.4
POSCAR_a6b2c3c4_63_As6Ba4Cd3Li2_icsd_427778_Bi_Na_Cd_Si,-2.807365361,-2.544466734,0.262898627,-2.807365417,-2.398773193,0.408592224,-2.807365361,372.4
POSCAR_a6b10e2_14_As6Na10Si2_icsd_300188_Li_Pb_Bi,-3.164189733,-3.956080198,0.791890465,-3.164189816,-2.474761248,0.689428568,-3.164189733,372.5
POSCAR_a3b2b3e1_73_Bi3K3Na2Sn1_icsd_050534_Rb_Na_Si_Bi,-2.830885002,-3.913164139,1.082279137,-2.830884933,-2.87273407,0.041849137,-2.830885002,372.5
POSCAR_a3b2b3e1_73_Bi3K3Na2Sn1_icsd_050534_Rb_Rb_Si_Sb,-2.753208622,-6.103096962,3.34988834,-2.753208637,-2.930791378,0.177582741,-2.753208622,372.7
POSCAR_a3b2b3e1_73_Bi3K3Na2Sn1_icsd_050534_Cs_Rb_Si_Sb,-2.736265156,-5.164081097,2.427815941,-2.736265182,-2.905631065,0.169365883,-2.736265156,372.8
POSCAR_a2b1c2_139_Cs1Mn2P2_icsd_095837_K_Sb_Mn,-4.017457568,-3.160057306,0.857400262,-4.017457485,-4.120350361,0.102892876,-4.017457568,373
POSCAR_a2c1c2_72_As2Ba2Zn1_icsd_421423_Sr_Bi_Cd,-2.587746888,-2.563637495,0.024109393,-2.587746859,-2.579882622,0.007864237,-2.587746888,373.1
POSCAR_a3b6d1_11_Al1Rb6Sb3_icsd_300217_Sb_In_Rb,-2.488504221,-4.383058548,1.894554327,-2.488504171,-2.978661299,0.490157128,-2.488504221,373.4
POSCAR_a6c2e3_62_Ba2Sb6Sn3_icsd_082529_Sb_Si_Pb,-4.063087266,-4.999032021,0.935944755,-4.063087463,-2.53323555,1.529851913,-4.063087266,373.6
POSCAR_a4b6d1_15_Na6Sb4Tl1_icsd_096942_P_Ga_Cs,-3.026995657,-4.162938118,1.135942461,-3.026995659,-3.499859571,0.472863912,-3.026995657,373.6
POSCAR_a3b2b3e1_73_Bi3K3Na2Sn1_icsd_050534_Li_Cs_Si_Bi,-2.981943902,-2.981392384,0.000551518,-2.981943846,-2.874965429,0.106978417,-2.981943902,374.1
POSCAR_a14c11c8_12_Ba11Bi14Cd8_icsd_240338_Bi_Ca_Zn,-2.707272283,-4.438778877,1.731506594,-2.707272291,-3.202650547,0.495378256,-2.707272283,374.5
POSCAR_a3b1b4e1_14_K1Na4Sb3Sn1_icsd_054261_K_Li_Ge_Sb,-2.96081086,-7.923113823,4.962302963,-2.9608109,-3.141139507,0.180328607,-2.96081086,374.6
POSCAR_a3b5e3_62_As3K5Pb3_icsd_055419_Sn_P_Na,-3.441897469,-7.232905388,3.791007919,-3.441897392,-3.180990219,0.260907173,-3.441897469,375
POSCAR_a6b2b8e2_14_K2Na8Sb6Sn2_icsd_057400_Sb_Li_Ge_K,-2.960262038,-7.927981377,4.967719339,-2.96026206,-3.142141819,0.181879759,-2.960262038,375.2
POSCAR_a3b1b4e1_62_As3Ge1K1Na4_icsd_300204_Na_Cs_P_Ge,-2.875428303,-6.348678589,3.473250286,-2.8754282,-3.075082302,0.199654102,-2.875428303,375.2
POSCAR_a4b4c3_71_Eu3Li4Sb4_icsd_428113_Si_Sb_K,-3.424036395,-3.359518051,0.064518344,-3.424036503,-3.01089716,0.413139343,-3.424036395,375.7
POSCAR_a2b3d1_72_In1K3P2_icsd_300141_As_K_Al,-3.249033251,-4.246703625,0.997670374,-3.249033213,-3.314835787,0.065802574,-3.249033251,375.7
POSCAR_a2b4c1_20_Bi2K4Zn1_icsd_192439_Na_Zn_P,-2.820893488,-3.577386379,0.756492891,-2.820893526,-3.076246023,0.255352497,-2.820893488,376.1
POSCAR_a14c11c8_12_Ba11Bi14Cd8_icsd_240338_P_Sn_Sr,-4.05310466,-5.909157753,1.856053093,-4.053104877,-3.34261179,0.710493087,-4.05310466,376.1
POSCAR_a1b2c1_225_Cd1Li2Sb1_icsd_052815_Bi_Na_Ca,-2.773206863,-2.879018068,0.105811205,-2.773206949,-3.347465277,0.574258328,-2.773206863,376.2
POSCAR_a3b5e3_62_As3K5Pb3_icsd_055419_Ge_Bi_Rb,-3.016553673,-5.90332365,2.886769977,-3.01655364,-3.097260952,0.080707312,-3.016553673,376.3
POSCAR_a6b7d3_2_As6Cs7In3_icsd_411989_Na_P_Al,-3.538736988,-8.863060951,5.324323963,-3.538737059,-3.285292864,0.253444195,-3.538736988,376.4
POSCAR_a6b4b6e2_64_As6K6Na4Sn2_icsd_040560_Cs_Na_Bi_Si,-2.794172793,-2.544466734,0.249706059,-2.794172764,-2.732341766,0.061830998,-2.794172793,376.7
POSCAR_a3b2b3e1_64_K3Na2P3Sn1_icsd_050532_Cs_Na_Si_Bi,-2.794206613,-2.544466734,0.249739879,-2.794206619,-2.724529982,0.069676637,-2.794206613,376.7
POSCAR_a6b4b6e2_64_As6K6Na4Sn2_icsd_040560_K_Li_Bi_Si,-3.060558246,-4.352845192,1.292286946,-3.060558319,-2.690752029,0.36980629,-3.060558246,376.8
POSCAR_a4b3b6d1_194_Cs6Ga1K3Sb4_icsd_300150_Rb_P_Li_Al,-2.961439962,-6.357050419,3.395610457,-2.961439848,-3.193375587,0.231935739,-2.961439962,376.8
POSCAR_a3b2b3e1_73_Bi3K3Na2Sn1_icsd_050534_Rb_K_Si_Sb,-2.818904216,-6.311951637,3.493047421,-2.818904161,-3.095650673,0.276746512,-2.818904216,376.9
POSCAR_a3b1b4e1_62_As3Ge1K1Na4_icsd_300204_Na_Cs_Bi_Ge,-2.608463462,-5.414437294,2.805973832,-2.608463526,-2.843541622,0.235078096,-2.608463462,377.8
POSCAR_a3d4e1_140_Bi3In4Pb1_icsd_616725_Ge_P_Ga,-4.148151778,-5.779467106,1.631315328,-4.148151875,-3.874416828,0.273735047,-4.148151778,379.1
POSCAR_a1c1e1_129_Eu1P1Sn1_icsd_095081_Cd_P_Ge,-3.536664848,-2.926987886,0.609676962,-3.536664963,-2.987166166,0.549498797,-3.536664848,379.2
POSCAR_a3b6d1_2_As3Ga1Na6_icsd_300276_K_Bi_In,-2.511690559,-5.276114464,2.764423905,-2.511690617,-3.16241312,0.650722503,-2.511690559,379.9
POSCAR_a3b2b3e1_73_Bi3K3Na2Sn1_icsd_050534_K_Na_Si_Bi,-2.857377271,-4.458924294,1.601547023,-2.857377291,-2.859223127,0.001845836,-2.857377271,380.3
POSCAR_a5c5d4_104_Ba5Bi5In4_icsd_054853_Ga_P_Zn,-3.307669371,-6.349716187,3.042046816,-3.307669401,-3.506132364,0.198462963,-3.307669371,380.6
POSCAR_a3e1_166_P3Sn1_icsd_648158_As_Si,-4.744282278,-3.55764389,1.186638388,-4.744282246,-3.030231237,1.714051009,-4.744282278,380.7
POSCAR_a3b2b3e1_62_K2Na3P3Si1_icsd_300203_K_Li_Si_Sb,-3.133987534,-5.222043037,2.088055503,-3.133987427,-3.020338535,0.113648892,-3.133987534,381.1
POSCAR_a1c1_61_Cd1Sb1_icsd_620395_Bi_Zn,-2.502396046,-2.544466734,0.042070688,-2.502396107,-2.305722237,0.19667387,-2.502396046,381.3
POSCAR_a3b2b3e1_64_K3Na2P3Sn1_icsd_050532_Rb_Li_Si_Bi,-2.995207449,-4.009440899,1.01423345,-2.995207548,-2.651987553,0.343219995,-2.995207449,382.7
POSCAR_a3b1b4e1_14_K1Na4Sb3Sn1_icsd_054261_Rb_Na_Si_Sb,-2.879059688,-6.825166702,3.946107014,-2.879059792,-3.020234108,0.141174316,-2.879059688,383
POSCAR_a2b4c1_12_Cd1K4P2_icsd_061084_Sb_K_Mg,-2.444603766,-2.956137419,0.511533653,-2.444603682,-3.241401911,0.796798229,-2.444603766,383.1
POSCAR_a3b4c1d1_7_Ca1Ga1Na4Sb3_icsd_291241_As_Si_Tl_K,-3.166741022,-7.549881935,4.383140913,-3.166741133,-3.11468482,0.052056313,-3.166741022,383.3
POSCAR_a5b6c1_59_Bi5K6Zn1_icsd_238106_Na_Ba_Bi,-2.771558512,-3.213612556,0.442054044,-2.771558523,-2.748953342,0.022605181,-2.771558512,383.7
POSCAR_a3b1b4e1_62_As3Ge1K1Na4_icsd_300204_Li_K_P_Pb,-3.086073186,-5.900752068,2.814678882,-3.08607316,-3.058618546,0.027454614,-3.086073186,383.7
POSCAR_a2b4c1_12_Cd1K4P2_icsd_061084_Sb_Li_Pb,-3.211760236,-2.951655865,0.260104371,-3.211760283,-2.619615555,0.592144728,-3.211760236,385
POSCAR_a2c2e1_14_As2Ba2Ge1_icsd_035151_Sb_Ge_Mg,-3.291088114,-3.480739594,0.18965148,-3.291088104,-2.939840317,0.351247787,-3.291088114,385.3
POSCAR_a6c5e2_55_As6Eu5Sn2_icsd_262647_Ge_Sb_Si,-4.214346107,-4.450558662,0.236212555,-4.214345932,-3.034472704,1.179873228,-4.214346107,385.7
POSCAR_a2c1d2_194_Ca1In2P2_icsd_260562_P_Si_Ga,-4.460791207,-3.86809659,0.592694617,-4.460791111,-3.757791519,0.702999592,-4.460791207,386.5
POSCAR_a6b10e2_14_As6Na10Si2_icsd_300188_Li_Sn_Bi,-3.208202514,-4.253486156,1.045283642,-3.2082026,-2.55132103,0.65688157,-3.208202514,386.8
POSCAR_a2c1c2_72_As2Ba2Zn1_icsd_421423_Si_P_Be,-4.778592491,-4.262361526,0.516230965,-4.778592587,-4.236050129,0.542542458,-4.778592491,386.8
POSCAR_a2b2c1c1_26_Ba1Cd1K2Sb2_icsd_422272_Bi_Na_Ge_Be,-3.099716138,-3.393619776,0.293903638,-3.099716187,-2.868953705,0.230762482,-3.099716138,387.8
POSCAR_a6b2b8e2_14_K2Na8Sb6Sn2_icsd_057400_Sb_Li_Ge_Cs,-2.858528632,-4.406256199,1.547727567,-2.858528614,-2.970425367,0.111896753,-2.858528632,388.7
POSCAR_a3b2b3e1_62_K2Na3P3Si1_icsd_300203_Cs_Na_Si_Bi,-2.782066746,-2.544466734,0.237600012,-2.782066822,-2.726769686,0.055297136,-2.782066746,388.8
POSCAR_a3b2b3e1_73_Bi3K3Na2Sn1_icsd_050534_K_Cs_Si_Sb,-2.789630609,-5.022553444,2.232922835,-2.789630651,-2.951711178,0.162080527,-2.789630609,390.3
POSCAR_a4c3e2_14_As4Ge2Sr3_icsd_016454_Zn_Si_Sb,-3.353653148,-2.544466734,0.809186414,-3.353653193,-2.516158581,0.837494612,-3.353653148,390.6
POSCAR_a3b2b3e1_64_K3Na2P3Sn1_icsd_050532_Na_Na_Si_Bi,-2.878986098,-4.057089806,1.178103708,-2.87898612,-2.705389977,0.173596143,-2.878986098,390.7
POSCAR_a3d4e1_140_Bi3In4Pb1_icsd_616725_Ge_Sb_Ga,-3.539709719,-5.068396091,1.528686372,-3.539709806,-3.406906128,0.132803678,-3.539709719,390.9
POSCAR_a3d4e1_140_Bi3In4Pb1_icsd_616725_Ge_Sb_Tl,-3.241200182,-4.77936554,1.538165358,-3.241200209,-2.664098263,0.577101946,-3.241200182,392.2
POSCAR_a3c3d2_12_Cd3Sb3Tl2_icsd_076500_Sb_Ga_Hg,-2.329901487,-2.544864655,0.214963168,-2.329901457,-2.360978603,0.031077146,-2.329901487,392.6
POSCAR_a3b4c1d1_7_Ca1Ga1Na4Sb3_icsd_291241_As_Si_Tl_Rb,-3.115821951,-5.933376312,2.817554361,-3.115821838,-2.927306175,0.188515663,-3.115821951,393
POSCAR_a2b2e1_72_As2Rb2Sn1_icsd_071223_Bi_Si_Cs,-3.268481711,-2.567023754,0.701457957,-3.268481731,-2.67298007,0.595501661,-3.268481711,393.1
POSCAR_a1b1c1_187_As1K1Zn1_icsd_010459_Hg_Cs_Sb,-1.83076545,-2.545109987,0.714344537,-1.830765486,-2.530795097,0.700029611,-1.83076545,393.4
POSCAR_a1b1c1_216_As1Cd1Li1_icsd_609966_Bi_Zn_Cs,-1.983525277,-2.588858604,0.605333327,-1.983525276,-2.630023241,0.646497965,-1.983525277,393.6
POSCAR_a5c8e3_139_Ge3Sb5Yb8_icsd_170575_P_Sn_Sr,-4.032684517,-6.967263222,2.934578705,-4.032684326,-3.557305574,0.475378752,-4.032684517,396.6
POSCAR_a2c1e2_166_As2Sn2Sr1_icsd_611428_Si_Sb_Pb,-4.039699082,-2.788671732,1.25102735,-4.039699078,-2.438037395,1.601661683,-4.039699082,397
POSCAR_a3b2b3e1_73_Bi3K3Na2Sn1_icsd_050534_Na_Li_Si_Bi,-3.071354159,-3.904952765,0.833598606,-3.071354151,-2.502379894,0.568974257,-3.071354159,397.9
POSCAR_a6b2b8e2_14_K2Na8Sb6Sn2_icsd_057400_As_Li_Si_K,-3.313544336,-7.293385506,3.97984117,-3.313544273,-3.274120569,0.039423704,-3.313544336,398.2
POSCAR_a3b6d1_11_Al1Rb6Sb3_icsd_300217_Sb_Ga_K,-2.622842071,-4.489661694,1.866819623,-2.622842073,-3.204642296,0.581800223,-2.622842071,399.6
POSCAR_a3b1b4e1_62_As3Ge1K1Na4_icsd_300204_Na_Na_As_Sn,-2.777976458,-5.510403633,2.732427175,-2.777976513,-2.91678524,0.138808727,-2.777976458,400.5
POSCAR_a7c12c2_174_Mn12P7Yb2_icsd_602711_P_Ba_Pb,-4.031496984,-4.990317822,0.958820838,-4.031497002,-3.954978704,0.076518298,-4.031496984,400.6
POSCAR_a2c1c1_139_Ba1Bi2Mn1_icsd_615787_Sr_P_Sr,-3.960488966,-3.44659996,0.513889006,-3.960489035,-4.088970184,0.128481149,-3.960488966,400.7
POSCAR_a8c5_12_Ca5P8_icsd_074854_Sb_Si,-4.327260601,-3.197653055,1.129607546,-4.327260494,-2.539949179,1.787311315,-4.327260601,402.7
POSCAR_a3b4c1d1_7_Ca1Ga1Na4Sb3_icsd_291241_Sb_Ge_Ga_Rb,-2.957012137,-7.827566147,4.87055401,-2.957012177,-3.078303337,0.12129116,-2.957012137,403.1
POSCAR_a5b11c2_2_Cd2K11Sb5_icsd_425646_P_K_Cd,-2.572918828,-7.527935028,4.9550162,-2.572918892,-3.265537262,0.69261837,-2.572918828,403.2
POSCAR_a2c1d2_10_As2Ga2Sr1_icsd_422527_Si_P_Ga,-4.444056242,-5.44624424,1.002187998,-4.444056034,-3.598557949,0.845498085,-4.444056242,403.2
POSCAR_a3b2b3e1_64_K3Na2P3Sn1_icsd_050532_Rb_Na_Si_Bi,-2.800207905,-3.53422308,0.734015175,-2.800207853,-2.902570248,0.102362395,-2.800207905,403.2
POSCAR_a6b4b6e2_64_As6K6Na4Sn2_icsd_040560_Rb_Na_Bi_Si,-2.799536197,-3.451012611,0.651476414,-2.799536228,-2.902739763,0.103203535,-2.799536197,403.9
POSCAR_a5c8e3_139_Ge3Sb5Yb8_icsd_170575_Sb_Si_Sr,-3.943680246,-6.459581375,2.515901129,-3.943680286,-3.44464612,0.499034166,-3.943680246,404.3
POSCAR_a3b6d1_11_Al1Rb6Sb3_icsd_300217_Sb_Ga_Na,-2.679714556,-4.454615593,1.774901037,-2.679714441,-2.777930021,0.09821558,-2.679714556,404.5
POSCAR_a3b1c4_166_As3Cd4Rb1_icsd_262037_Bi_Cs_Hg,-1.770312868,-2.544466734,0.774153866,-1.770312905,-1.903198123,0.132885218,-1.770312868,404.6
POSCAR_a3b1c4_166_As3Cd4Rb1_icsd_262037_As_Rb_Hg,-2.025780825,-2.544700384,0.518919559,-2.025780916,-2.298733234,0.272952318,-2.025780825,405.4
POSCAR_a3b1c4_123_As3Rb1Zn4_icsd_262038_Mn_Bi_Na,-3.909561373,-3.600173473,0.3093879,-3.909561396,-4.077698231,0.168136835,-3.909561373,408.2
POSCAR_a3b1b4e1_62_As3Ge1K1Na4_icsd_300204_Cs_K_Bi_Si,-2.71498363,-2.544466734,0.170516896,-2.714983702,-2.814623594,0.099639892,-2.71498363,408.6
POSCAR_a3b1b4e1_62_As3Ge1K1Na4_icsd_300204_Na_K_Bi_Ge,-2.648678386,-5.791811466,3.14313308,-2.648678303,-2.929491997,0.280813694,-2.648678386,409.8
POSCAR_a6c5e2_55_As6Eu5Sn2_icsd_262647_Cd_Bi_Pb,-2.739926314,-2.544466734,0.19545958,-2.739926338,-2.374210358,0.36571598,-2.739926314,410.7
POSCAR_a2b2e1_72_As2Rb2Sn1_icsd_071223_Bi_Si_K,-3.326215736,-2.850007057,0.476208679,-3.326215744,-3.008654594,0.31756115,-3.326215736,411.2
POSCAR_a1c1e1_129_Eu1P1Sn1_icsd_095081_Zn_As_Si,-3.665677983,-2.858623981,0.807054002,-3.665678024,-2.795768738,0.869909286,-3.665677983,411.6
POSCAR_a3b5e3_62_As3K5Pb3_icsd_055419_Ge_As_K,-3.378480215,-8.751670837,5.373190622,-3.378480196,-3.25468874,0.123791456,-3.378480215,412
POSCAR_a3b1b4e1_62_As3Ge1K1Na4_icsd_300204_Na_K_Bi_Pb,-2.445821631,-4.357081413,1.911259782,-2.445821524,-2.739522934,0.29370141,-2.445821631,412
POSCAR_a2c1c2_62_Ba1Sb2Zn2_icsd_032020_Sb_Hg_Ba,-2.557327183,-2.544466734,0.012860449,-2.557327271,-2.5119524,0.045374871,-2.557327183,414.1
POSCAR_a3b1b4e1_62_As3Ge1K1Na4_icsd_300204_Cs_Na_Bi_Pb,-2.390762016,-3.527108908,1.136346892,-2.390762091,-2.599929094,0.209167003,-2.390762016,414.2
POSCAR_a1b1c1_216_As1Cd1Li1_icsd_609966_As_Sr_Cs,-2.77111314,-2.709942818,0.061170322,-2.771113157,-3.267538071,0.496424914,-2.77111314,414.3
POSCAR_a3b4c1d1_7_Ca1Ga1Na4Sb3_icsd_291241_As_Si_In_Rb,-3.207426248,-6.024352074,2.816925826,-3.20742631,-3.010825634,0.196600676,-3.207426248,414.4
POSCAR_a5b6c1_59_Bi5K6Zn1_icsd_238106_Rb_Ca_As,-3.012204462,-4.808931351,1.796726889,-3.012204409,-3.219980717,0.207776308,-3.012204462,414.5
POSCAR_a2b3d1_14_As2In1Na3_icsd_300139_Cs_As_Al,-3.024003069,-6.572856903,3.548853834,-3.024003029,-2.978847504,0.045155525,-3.024003069,415.8
POSCAR_a4c3e2_4_Ba3P4Sn2_icsd_660381_P_Hg_Si,-3.630276382,-2.544466734,1.085809648,-3.630276442,-2.783818007,0.846458435,-3.630276382,416
POSCAR_a9c11d1_45_Ca11In1Sb9_icsd_042371_Bi_Zn_Ga,-2.407095388,-2.544466734,0.137371346,-2.407095432,-2.329258442,0.07783699,-2.407095388,416
POSCAR_a3b1b4e1_62_As3Ge1K1Na4_icsd_300204_K_Rb_Sb_Sn,-2.502170849,-4.61694622,2.114775371,-2.502170801,-3.112373829,0.610203028,-2.502170849,416
POSCAR_a1c1e1_129_Eu1P1Sn1_icsd_095081_Sr_Bi_Si,-3.839418608,-2.997409582,0.842009026,-3.83941865,-3.179804325,0.659614325,-3.839418608,417.5
POSCAR_a3b1b4e1_62_As3Ge1K1Na4_icsd_300204_Rb_Cs_Sb_Sn,-2.443083931,-4.432123661,1.98903973,-2.443084002,-2.807234764,0.364150762,-2.443083931,417.9
POSCAR_a3b1b4e1_62_As3Ge1K1Na4_icsd_300204_K_Cs_Sb_Pb,-2.385118821,-3.866354942,1.481236121,-2.385118723,-2.877592802,0.492474079,-2.385118821,418.1
POSCAR_a3b6d2_15_K6Sb3Tl2_icsd_093048_P_In_Na,-2.996140493,-9.906905174,6.910764681,-2.99614048,-3.157543182,0.161402702,-2.996140493,419.5
POSCAR_a3b1b4e1_62_As3Ge1K1Na4_icsd_300204_K_Na_Sb_Pb,-2.501306678,-4.798373222,2.297066544,-2.501306772,-2.875901699,0.374594927,-2.501306678,419.9
POSCAR_a3b4c1d1_7_Ca1Ga1Na4Sb3_icsd_291241_P_Sn_Al_Na,-3.606890366,-8.795309067,5.188418701,-3.60689044,-3.263738394,0.343152046,-3.606890366,421.8
POSCAR_a3b1b4e1_14_K1Na4Sb3Sn1_icsd_054261_Cs_Na_Si_Bi,-2.748628638,-2.544466734,0.204161904,-2.748628616,-2.734520197,0.014108419,-2.748628638,422.2
POSCAR_a8c11e2_139_Bi8Sn2Yb11_icsd_263134_Sn_Bi_Si,-4.030091179,-7.163579941,3.133488762,-4.030091286,-2.714460373,1.315630913,-4.030091179,423.2
POSCAR_a3b1b4e1_62_As3Ge1K1Na4_icsd_300204_Cs_Cs_Bi_Pb,-2.265398048,-3.211573601,0.946175553,-2.265398026,-2.568392992,0.302994966,-2.265398048,423.2
POSCAR_a4b6d1_15_Na6Sb4Tl1_icsd_096942_Bi_Al_Cs,-2.560221558,-2.544466734,0.015754824,-2.560221672,-2.607575655,0.047353983,-2.560221558,424.7
POSCAR_a8c11e2_139_Bi8Sn2Yb11_icsd_263134_Ba_Sb_Si,-4.019554161,-8.963220596,4.943666435,-4.019554138,-3.678794861,0.340759277,-4.019554161,425.3
POSCAR_a1b2e1_57_Bi1K2Sn1_icsd_107616_Rb_Bi_Pb,-2.766208369,-3.552821636,0.786613267,-2.76620841,-2.739550829,0.026657581,-2.766208369,425.5
POSCAR_a3b1b4e1_62_As3Ge1K1Na4_icsd_300204_K_Rb_Sb_Pb,-2.389439776,-4.092569828,1.703130052,-2.389439821,-2.933817387,0.544377566,-2.389439776,426.3
POSCAR_a3b5e3_62_As3K5Pb3_icsd_055419_Si_P_Li,-4.182171533,-6.56580925,2.383637717,-4.182171345,-3.409945011,0.772226334,-4.182171533,427
POSCAR_a3b1b4e1_62_As3Ge1K1Na4_icsd_300204_Li_Na_P_Si,-3.493107593,-5.566577911,2.073470318,-3.493107557,-3.108762741,0.384344816,-3.493107593,427.2
POSCAR_a3b5e3_62_As3K5Pb3_icsd_055419_Si_Sb_Li,-3.652762322,-6.180954933,2.528192611,-3.652762413,-2.686358213,0.9664042,-3.652762322,427.3
POSCAR_a1b2c1_216_Li2Sb1Zn1_icsd_001243_Bi_Cd_K,-1.9791697,-2.76886797,0.78969827,-1.979169726,-2.796185255,0.817015529,-1.9791697,428
POSCAR_a2c1c2_139_Ba1Mn2P2_icsd_077668_P_Zn_Pb,-3.406268604,-2.856677294,0.54959131,-3.406268597,-3.539997816,0.133729219,-3.406268604,428.4
POSCAR_a1c1_61_Cd1Sb1_icsd_620395_Bi_Be,-3.416129918,-3.675601006,0.259471088,-3.416129827,-3.196407318,0.219722509,-3.416129918,428.9
POSCAR_a3b1b4e1_62_As3Ge1K1Na4_icsd_300204_Li_K_As_Si,-3.282526468,-5.583802223,2.301275755,-3.282526493,-2.945641756,0.336884737,-3.282526468,429.2
POSCAR_a2c1c1c1_36_Ba1Cd1Sb2Yb1_icsd_422280_P_Sr_Cd_Mn,-4.183980393,-3.908900261,0.275080132,-4.183980465,-4.243440151,0.059459686,-4.183980393,429.4
POSCAR_a3b2b3e1_64_K3Na2P3Sn1_icsd_050532_Na_Li_Si_Bi,-3.039488943,-3.500936985,0.461448042,-3.039489031,-2.505865335,0.533623696,-3.039488943,429.8
POSCAR_a3b4c1d1_7_Ca1Ga1Na4Sb3_icsd_291241_As_Si_In_Cs,-3.098128729,-5.620241165,2.522112436,-3.098128796,-2.956325054,0.141803742,-3.098128729,430.4
POSCAR_a3b1b4e1_62_As3Ge1K1Na4_icsd_300204_K_Na_Sb_Si,-2.870135939,-5.802124023,2.931988084,-2.870136023,-3.037204027,0.167068004,-2.870135939,430.8
POSCAR_a6c6e2_14_Ba6P6Sn2_icsd_035342_Sb_Mg_Pb,-3.080847784,-2.544466734,0.53638105,-3.08084774,-2.703702211,0.377145529,-3.080847784,432.2
POSCAR_a3b1b4e1_62_As3Ge1K1Na4_icsd_300204_K_Cs_Bi_Ge,-2.52629451,-5.058744431,2.532449921,-2.52629447,-3.129892349,0.603597879,-2.52629451,434.2
POSCAR_a3b5e3_62_As3K5Pb3_icsd_055419_Ge_P_Rb,-3.457022514,-7.644724846,4.187702332,-3.457022429,-3.224952698,0.232069731,-3.457022514,434.3
POSCAR_a3b1b4e1_62_As3Ge1K1Na4_icsd_300204_Rb_Cs_Bi_Ge,-2.483621824,-4.743774891,2.260153067,-2.483621836,-2.998927116,0.51530528,-2.483621824,434.8
POSCAR_a4b3b6d1_194_Cs6Ga1K3Sb4_icsd_300150_Na_Sb_Cs_Al,-2.328097657,-4.738916397,2.41081874,-2.328097582,-2.762526989,0.434429407,-2.328097657,435.4
POSCAR_a3b1b4e1_62_As3Ge1K1Na4_icsd_300204_Rb_Cs_Sb_Ge,-2.534609806,-5.031336784,2.496726978,-2.534609795,-3.018930912,0.484321117,-2.534609806,437.2
POSCAR_a4c2e1_62_As4Cd2Ge1_icsd_042132_Si_Sb_Sn,-4.034983061,-5.404397011,1.36941395,-4.034983158,-2.973870754,1.061112404,-4.034983061,437.4
POSCAR_a3b1b4e1_62_As3Ge1K1Na4_icsd_300204_K_Rb_Sb_Ge,-2.587942211,-5.876779556,3.288837345,-2.587942123,-3.176643848,0.588701725,-2.587942211,437.9
POSCAR_a2c2_189_As2Sr2_icsd_083353_Cd_Sb,-2.410060338,-2.544466734,0.134406396,-2.410060406,-2.184673548,0.225386858,-2.410060338,438
POSCAR_a3b1b4e1_62_As3Ge1K1Na4_icsd_300204_Li_Na_P_Sn,-3.138877336,-5.878578186,2.73970085,-3.138877392,-3.183037281,0.044159889,-3.138877336,438.3
POSCAR_a4c2e1_62_As4Cd2Ge1_icsd_042132_Si_Bi_Zn,-3.25014573,-2.544466734,0.705678996,-3.250145674,-2.658545732,0.591599942,-3.25014573,439
POSCAR_a1b1c1_216_As1Cd1Li1_icsd_609966_Sb_Be_K,-2.77212962,-2.775113583,0.002983963,-2.772129536,-3.632890701,0.860761165,-2.77212962,440.8
POSCAR_a1b2c1_225_Cd1Li2Sb1_icsd_052815_Bi_Li_Ca,-2.971275743,-2.86320734,0.108068403,-2.971275806,-3.451248169,0.479972363,-2.971275743,441.4
POSCAR_a3b4c1d1_7_Ca1Ga1Na4Sb3_icsd_291241_As_Ge_Ga_Rb,-3.145443818,-7.127866745,3.982422927,-3.145443916,-3.129256725,0.016187191,-3.145443818,442.4
POSCAR_a3b1b4e1_62_As3Ge1K1Na4_icsd_300204_Na_Li_Bi_Pb,-2.653399821,-4.316708088,1.663308267,-2.653399706,-2.599167109,0.054232597,-2.653399821,444.2
POSCAR_a3b6d2_15_K6Sb3Tl2_icsd_093048_Sb_Ga_Cs,-2.502112796,-7.083039284,4.580926488,-2.502112865,-2.740802288,0.238689423,-2.502112796,444.8
POSCAR_a3b6d2_15_K6Sb3Tl2_icsd_093048_Sb_Ga_Rb,-2.528695366,-9.223320961,6.694625595,-2.528695345,-3.071737289,0.543041944,-2.528695366,445
POSCAR_a3b4c1d1_7_Ca1Ga1Na4Sb3_icsd_291241_Sb_Sn_Al_Rb,-2.98624076,-7.460632324,4.474391564,-2.986240864,-2.965421677,0.020819187,-2.98624076,445.1
POSCAR_a4b3b6d1_194_Cs6Ga1K3Sb4_icsd_300150_Cs_As_Li_Al,-2.75930129,-5.531838417,2.772537127,-2.759301186,-2.99444437,0.235143184,-2.75930129,445.7
POSCAR_a1b1c1_216_As1Cd1Li1_icsd_609966_As_Ca_K,-3.050362837,-2.786903143,0.263459694,-3.050362825,-3.89853406,0.848171235,-3.050362837,445.9
POSCAR_a3b1b4e1_62_As3Ge1K1Na4_icsd_300204_Rb_Cs_P_Ge,-2.712477844,-5.307704926,2.595227082,-2.712477922,-3.07063961,0.358161688,-2.712477844,446
POSCAR_a1b1c1_216_As1Cd1Li1_icsd_609966_P_Mg_Li,-3.380554007,-2.812394142,0.568159865,-3.380553961,-3.403099537,0.022545576,-3.380554007,446.3
POSCAR_a3b6d1_11_Al1Rb6Sb3_icsd_300217_P_Ga_Na,-3.077558814,-4.985609055,1.908050241,-3.077558756,-3.295292139,0.217733383,-3.077558814,446.6
POSCAR_a3b1b4e1_62_As3Ge1K1Na4_icsd_300204_Cs_K_Sb_Pb,-2.355976469,-3.480255842,1.124279373,-2.355976582,-2.579411745,0.223435163,-2.355976469,447.2
POSCAR_a1b2e1_57_Bi1K2Sn1_icsd_107616_Na_Bi_Ge,-3.034831112,-3.761154652,0.72632354,-3.034831047,-2.756119967,0.27871108,-3.034831112,448.6
POSCAR_a4b8e1_227_Na8Sb4Sn1_icsd_655768_Li_Pb_Sb,-3.147914587,-4.90982914,1.761914553,-3.147914648,-2.620880365,0.527034283,-3.147914587,448.9
POSCAR_a4b3b6d1_194_Cs6Ga1K3Sb4_icsd_300150_Cs_Sb_Li_Al,-2.584068255,-4.85667038,2.272602125,-2.584068298,-2.644677162,0.060608864,-2.584068255,449.5
POSCAR_a3b5e3_62_As3K5Pb3_icsd_055419_Si_P_Cs,-3.579137472,-4.452272892,0.87313542,-3.579137564,-3.183528662,0.395608902,-3.579137472,452
POSCAR_a9c4c9_55_Bi9Cd4Sr9_icsd_058763_Zn_P_Ca,-3.487635385,-5.819065094,2.331429709,-3.487635374,-3.545387506,0.057752132,-3.487635385,452.6
POSCAR_a2c1c2_8_As2Ca2Cd1_icsd_422578_Zn_Bi_Pb,-2.752548403,-2.544466734,0.208081669,-2.752548456,-2.471585274,0.280963182,-2.752548403,453.3
POSCAR_a4c3e2_15_As4Si2Sr3_icsd_016453_Mg_Si_Bi,-3.454662175,-2.544466734,0.910195441,-3.454662085,-2.69295454,0.761707545,-3.454662175,453.8
POSCAR_a3b1b4e1_62_As3Ge1K1Na4_icsd_300204_Rb_K_Bi_Ge,-2.516447789,-5.047193527,2.530745738,-2.516447783,-3.099897623,0.58344984,-2.516447789,454.1
POSCAR_a5b11c2_2_Cd2K11Sb5_icsd_425646_As_Li_Ca,-3.4339448,-8.658737183,5.224792383,-3.433944702,-3.364762306,0.069182396,-3.4339448,454.3
POSCAR_a2c2_189_As2Sr2_icsd_083353_Cd_Bi,-2.34597321,-2.544466734,0.198493524,-2.345973253,-2.190333605,0.155639648,-2.34597321,455
POSCAR_a7c12c2_174_Mn12P7Yb2_icsd_602711_P_Ca_Ge,-4.270250166,-5.447409153,1.177158987,-4.27025032,-4.16281414,0.10743618,-4.270250166,455.2
POSCAR_a3b4c1d1_7_Ca1Ga1Na4Sb3_icsd_291241_Bi_Si_Ga_Li,-3.304736111,-4.683702469,1.378966358,-3.304736137,-2.543980837,0.7607553,-3.304736111,455.4
POSCAR_a3c3d1_64_Al1Ba3Sb3_icsd_032728_As_Zn_Al,-3.19695368,-4.664904594,1.467950914,-3.196953773,-2.836498737,0.360455036,-3.19695368,455.5
POSCAR_a1b1c1_216_As1Cd1Li1_icsd_609966_P_Hg_Li,-2.694603337,-2.719838858,0.025235521,-2.694603443,-2.692897797,0.001705646,-2.694603337,455.7
POSCAR_a9c11d1_45_Ca11In1Sb9_icsd_042371_As_Mg_Al,-3.496904859,-5.979911804,2.483006945,-3.49690485,-3.326316357,0.170588493,-3.496904859,455.7
POSCAR_a2c1c2_36_Eu2P2Zn1_icsd_426081_Hg_Bi_Ca,-2.422437669,-2.544466972,0.122029303,-2.422437668,-2.226751328,0.19568634,-2.422437669,457.2
POSCAR_a1c1d1_62_Cd1Sb1Tl1_icsd_009572_As_Ga_Hg,-2.555499505,-3.561209679,1.005710174,-2.555499554,-2.7237854,0.168285846,-2.555499505,457.4
POSCAR_a2c1c2_164_Ca1P2Zn2_icsd_619477_As_Ge_Zn,-3.311502582,-2.854544163,0.456958419,-3.311502695,-3.151699066,0.159803629,-3.311502582,457.8
POSCAR_a12c14e3_146_As12Sn3Sr14_icsd_195752_Si_Bi_Si,-4.470599134,-2.544466734,1.9261324,-4.470599174,-2.708042622,1.762556552,-4.470599134,459.4
POSCAR_a2c1e2_105_As2Ba1Ge2_icsd_026417_As_Pb_Si,-4.241739099,-4.129600525,0.112138574,-4.241739273,-2.673051834,1.568687439,-4.241739099,460.2
POSCAR_a10c11_139_Eu11Sb10_icsd_008152_Cd_Sb,-2.38743906,-2.544466734,0.157027674,-2.387439013,-2.176826477,0.210612536,-2.38743906,460.6
POSCAR_a14c11c8_12_Ba11Bi14Cd8_icsd_240338_Bi_Sr_Si,-3.79518845,-4.730172634,0.934984184,-3.795188427,-3.143962383,0.651226044,-3.79518845,461.7
POSCAR_a1b2e1_57_Bi1K2Sn1_icsd_107616_Cs_P_Sn,-3.118143055,-3.797216892,0.679073837,-3.118143082,-2.978049755,0.140093327,-3.118143055,461.7
POSCAR_a3b6d1_2_As3Ga1Na6_icsd_300276_Rb_Sb_Ga,-2.511586863,-8.4064188,5.894831937,-2.511586905,-3.063597918,0.552011013,-2.511586863,462.1
POSCAR_a4c2c3_64_Ba2Bi4Cd3_icsd_416446_Mg_Sn_Sb,-3.076819438,-4.014195442,0.937376004,-3.07681942,-2.939934015,0.136885405,-3.076819438,462.2
POSCAR_a1c1e1_129_Eu1P1Sn1_icsd_095081_Cd_As_Pb,-3.004951163,-2.780587912,0.224363251,-3.004951239,-2.457227707,0.547723532,-3.004951163,462.3
POSCAR_a2b2e1_72_As2Rb2Sn1_icsd_071223_Bi_Si_Na,-3.308190913,-2.912504673,0.39568624,-3.308190823,-2.619991302,0.688199521,-3.308190913,462.3
POSCAR_a2b2c1c1_26_Ba1Cd1K2Sb2_icsd_422272_Bi_Li_Be_Si,-3.426347066,-3.158597946,0.26774912,-3.426347017,-2.82387042,0.602476597,-3.426347066,463.7
POSCAR_a1b1c1_129_Mn1Na1Sb1_icsd_060735_Li_Hg_As,-2.427213458,-2.77511692,0.347903462,-2.42721343,-2.41684103,0.0103724,-2.427213458,465.5
POSCAR_a3b6d1_2_As3Ga1Na6_icsd_300276_Na_Sb_Al,-2.803987659,-8.896510124,6.092522465,-2.803987741,-2.704544544,0.099443197,-2.803987659,465.5
POSCAR_a3b1c2c2_62_Ba2Cd2K1Sb3_icsd_420620_As_Li_Mn_Ge,-4.510166928,-8.558517456,4.048350528,-4.510167122,-4.197796822,0.3123703,-4.510166928,465.5
POSCAR_a4b2c5_63_As4Rb2Zn5_icsd_250688_Hg_As_Na,-2.10431481,-2.544466734,0.440151924,-2.104314804,-2.20933485,0.105020046,-2.10431481,465.8
POSCAR_a3b1b4e1_62_As3Ge1K1Na4_icsd_300204_K_Cs_As_Si,-2.839629834,-5.556113243,2.716483409,-2.839629889,-3.069464207,0.229834318,-2.839629834,466
POSCAR_a7c12c2_174_Mn12P7Yb2_icsd_602711_As_Ba_Sr,-3.652418518,-4.647798538,0.99538002,-3.652418613,-3.888276577,0.235857964,-3.652418518,466.2
POSCAR_a1b1c1_187_As1K1Zn1_icsd_010459_Ba_Na_As,-3.032472095,-3.153213263,0.120741168,-3.032472134,-3.442611456,0.410139322,-3.032472095,467.6
POSCAR_a3b4c1d1_7_Ca1Ga1Na4Sb3_icsd_291241_Sb_Si_In_Na,-3.084686686,-7.434878349,4.350191663,-3.084686756,-2.729215145,0.355471611,-3.084686686,467.6
POSCAR_a10c11_139_Eu11Sb10_icsd_008152_Cd_Bi,-2.332939581,-2.544466734,0.211527153,-2.332939625,-2.10323143,0.229708195,-2.332939581,468
POSCAR_a3b1b4e1_62_As3Ge1K1Na4_icsd_300204_K_Na_As_Ge,-2.803972047,-7.255495071,4.451523024,-2.803972006,-3.119524956,0.31555295,-2.803972047,468.2
POSCAR_a4c3e2_14_As4Ge2Sr3_icsd_016454_Mg_Si_Bi,-3.439197662,-2.544466734,0.894730928,-3.439197779,-2.622999191,0.816198588,-3.439197662,469.3
POSCAR_a3b6d1_11_Al1Rb6Sb3_icsd_300217_Sb_Ga_Cs,-2.477226728,-3.664209127,1.186982399,-2.477226734,-2.645352125,0.168125391,-2.477226728,469.7
POSCAR_a3b1b4e1_62_As3Ge1K1Na4_icsd_300204_Cs_Li_Bi_Si,-2.885120619,-2.544466734,0.340653885,-2.88512063,-2.819660187,0.065460443,-2.885120619,470.9
POSCAR_a4b8e1_227_Na8Sb4Sn1_icsd_655768_Li_Ge_As,-3.559157987,-7.113097191,3.553939204,-3.559158087,-3.191689968,0.367468119,-3.559157987,471.2
POSCAR_a3b6d2_15_K6Sb3Tl2_icsd_093048_P_In_K,-2.870607734,-11.24817181,8.377564076,-2.870607853,-3.354055405,0.483447552,-2.870607734,471.6
POSCAR_a3b1b4e1_62_As3Ge1K1Na4_icsd_300204_Cs_K_As_Ge,-2.610572706,-5.315372467,2.704799761,-2.610572815,-2.970448494,0.359875679,-2.610572706,472.3
POSCAR_a1b1c1_187_As1K1Zn1_icsd_010459_Pb_Rb_Sb,-2.792280808,-2.812241316,0.019960508,-2.792280912,-2.748464823,0.043816089,-2.792280808,473.2
POSCAR_a6c6e2_14_Ba6P6Sn2_icsd_035342_P_Mn_Pb,-5.224413455,-10.33883762,5.114424165,-5.224413395,-5.071227551,0.153185844,-5.224413455,474.1
POSCAR_a2c1d2_62_Eu1Ga2Sb2_icsd_182776_Si_Sb_In,-3.643725875,-4.237462521,0.593736646,-3.643725872,-2.780281067,0.863444805,-3.643725875,474.3
POSCAR_a3b1b4e1_62_As3Ge1K1Na4_icsd_300204_Cs_K_Bi_Ge,-2.486103153,-4.288669586,1.802566433,-2.486103058,-2.861623287,0.375520229,-2.486103153,474.4
POSCAR_a4c3e2_14_As4Ge2Sr3_icsd_016454_Hg_Si_As,-3.264832907,-2.544466734,0.720366173,-3.264832973,-2.435380936,0.829452037,-3.264832908,476.5
POSCAR_a3b1b4e1_62_As3Ge1K1Na4_icsd_300204_Rb_Cs_As_Sn,-2.516953448,-4.686769485,2.169816037,-2.516953468,-2.846703053,0.329749585,-2.516953448,477.6
POSCAR_a3b4c1d1_7_Ca1Ga1Na4Sb3_icsd_291241_P_Ge_Ga_Rb,-3.329350931,-7.83810997,4.508759039,-3.329350948,-3.426305771,0.096954823,-3.329350931,478.3
POSCAR_a2c1d2_10_As2Ga2Sr1_icsd_422527_Si_Sb_In,-3.639400518,-4.323689938,0.68428942,-3.639400482,-2.691296101,0.948104381,-3.639400518,478.6
POSCAR_a2c1d2_194_Ca1In2P2_icsd_260562_Sb_Si_In,-3.639080489,-3.274458408,0.364622081,-3.639080524,-2.703432083,0.935648441,-3.639080489,478.9
POSCAR_a3b1b4e1_62_As3Ge1K1Na4_icsd_300204_Cs_Li_Bi_Sn,-2.590884464,-3.65612793,1.065243466,-2.590884447,-2.784216166,0.193331719,-2.590884464,479.1
POSCAR_a3b1b4e1_62_As3Ge1K1Na4_icsd_300204_Cs_K_Sb_Ge,-2.534503357,-4.712896824,2.178393467,-2.53450346,-2.863385201,0.328881741,-2.534503357,479.4
POSCAR_a5c2d5_62_Ba2In5P5_icsd_161774_Sb_Si_Tl,-3.473824883,-6.121179104,2.647354221,-3.473824978,-2.391115665,1.082709313,-3.473824883,479.6
POSCAR_a1b2e1_57_Bi1K2Sn1_icsd_107616_Cs_Sb_Ge,-2.933084738,-3.547039509,0.613954771,-2.933084726,-2.786503792,0.146580934,-2.933084738,479.7
POSCAR_a2b4c1_166_As2Cd1K4_icsd_300190_Li_P_Sn,-3.619003831,-3.302912712,0.316091119,-3.619003773,-3.918923855,0.299920082,-3.619003831,479.7
POSCAR_a2b4c1_12_Cd1K4P2_icsd_061084_P_Li_Sn,-3.61903714,-3.301039934,0.317997206,-3.619037151,-3.904602051,0.2855649,-3.61903714,479.7
POSCAR_a3c3d1_64_Al1Ba3Sb3_icsd_032728_Sb_Cd_Al,-2.675875974,-2.544466734,0.13140924,-2.675875902,-2.316589832,0.35928607,-2.675875974,479.8
POSCAR_a1b2e1_57_Bi1K2Sn1_icsd_107616_Cs_Bi_Ge,-2.861694867,-3.305594921,0.443900054,-2.861694813,-2.722075701,0.139619112,-2.861694867,479.9
POSCAR_a1b2e1_57_Bi1K2Sn1_icsd_107616_K_As_Sn,-3.132590185,-4.465695858,1.333105673,-3.132590294,-3.142921448,0.010331154,-3.132590185,480.5
POSCAR_a3b1b4e1_62_As3Ge1K1Na4_icsd_300204_Rb_Li_Bi_Si,-2.897203986,-3.741243362,0.844039376,-2.897203922,-2.936206818,0.039002896,-2.897203986,480.7
POSCAR_a4b3b6d1_194_Cs6Ga1K3Sb4_icsd_300150_K_P_Li_Al,-3.086442676,-7.100244522,4.013801846,-3.086442709,-3.320452929,0.23401022,-3.086442676,481.4
POSCAR_a3b1b4e1_14_K1Na4Sb3Sn1_icsd_054261_Rb_Li_Si_Sb,-2.969135498,-6.363049507,3.393914009,-2.969135523,-3.013231754,0.044096231,-2.969135498,481.9
POSCAR_a2c1_1_Be1P2_icsd_002262_Sb_Si,-4.248018562,-4.774324417,0.526305855,-4.248018742,-2.413826704,1.834192038,-4.248018562,482
POSCAR_a1b1c1_187_As1K1Zn1_icsd_010459_Be_Li_Bi,-2.93743624,-3.05109787,0.11366163,-2.937436342,-3.035712957,0.098276615,-2.93743624,482.6
POSCAR_a4c5_64_As4Eu5_icsd_654242_Mg_As,-3.431144759,-3.87742424,0.446279481,-3.431144714,-3.333595514,0.0975492,-3.431144759,482.9
POSCAR_a2b4_62_Cs4Sb2_icsd_092474_Rb_Bi,-2.329642573,-4.434566975,2.104924402,-2.329642534,-2.948619127,0.618976593,-2.329642573,485.4
POSCAR_a4b8e1_227_Na8Sb4Sn1_icsd_655768_Li_Ge_Sb,-3.27450172,-5.910693169,2.636191449,-3.274501801,-2.732784271,0.54171753,-3.27450172,485.6
POSCAR_a1b2c1_216_Li2Sb1Zn1_icsd_001243_As_Zn_Li,-2.74279639,-2.829067469,0.086271079,-2.742796421,-2.908705711,0.16590929,-2.74279639,485.8
POSCAR_a3c3d1_64_Al1Ba3Sb3_icsd_032728_Sb_Mn_In,-4.212947221,-8.806032181,4.59308496,-4.212947369,-4.019688129,0.19325924,-4.212947221,486.3
POSCAR_a2c1c1c1_36_Ba1Cd1Sb2Yb1_icsd_422280_P_Mn_Ba_Cd,-4.140303688,-3.74751997,0.392783718,-4.140303612,-4.171225548,0.030921936,-4.140303688,487.1
POSCAR_a3c3d1_62_Ca3In1P3_icsd_060125_Sb_Cd_Al,-2.668090356,-2.544466734,0.123623622,-2.668090343,-2.289794922,0.378295421,-2.668090356,487.6
POSCAR_a2b4c1_166_As2Cd1K4_icsd_300190_Na_Sb_Be,-2.732088473,-3.102358103,0.37026963,-2.732088566,-2.813751698,0.081663132,-2.732088473,487.7
POSCAR_a2b4c1_12_Cd1K4P2_icsd_061084_Sb_Na_Be,-2.731998431,-3.101514339,0.369515908,-2.731998444,-2.813800812,0.081802368,-2.731998431,487.8
POSCAR_a3c3d1_62_Ca3In1P3_icsd_060125_P_Hg_Ga,-2.830239859,-2.767478228,0.062761631,-2.830239773,-2.768569469,0.061670304,-2.830239859,487.9
POSCAR_a3b6d2_15_K6Sb3Tl2_icsd_093048_As_Ga_K,-2.778432392,-9.845644951,7.067212559,-2.778432369,-3.236322403,0.457890034,-2.778432392,488.5
POSCAR_a3b5e3_62_As3K5Pb3_icsd_055419_Pb_P_Na,-3.291770241,-6.131528854,2.839758613,-3.29177022,-2.98418045,0.30758977,-3.291770241,489.4
POSCAR_a3b1b4e1_62_As3Ge1K1Na4_icsd_300204_Na_K_As_Sn,-2.678516718,-5.832116127,3.153599409,-2.678516626,-2.931648254,0.253131628,-2.678516718,490.4
POSCAR_a4c5_64_As4Eu5_icsd_654242_Zn_Sb,-2.475782526,-2.544466734,0.068684208,-2.475782633,-2.332859278,0.142923355,-2.475782526,490.5
POSCAR_a3b1b4e1_62_As3Ge1K1Na4_icsd_300204_Cs_Li_Sb_Ge,-2.756388419,-5.506947517,2.750559098,-2.756388426,-2.918813229,0.162424803,-2.756388419,490.9
POSCAR_a4c3e2_4_Ba3P4Sn2_icsd_660381_P_Mn_Sn,-5.212572162,-13.34733963,8.134767468,-5.212572098,-4.83159256,0.380979538,-5.212572162,492.6
POSCAR_a1b2e1_57_Bi1K2Sn1_icsd_107616_Rb_As_Sn,-3.040697685,-4.02511692,0.984419235,-3.040697575,-2.928282499,0.112415076,-3.040697685,493.6
POSCAR_a1b2e1_57_Bi1K2Sn1_icsd_107616_Rb_Bi_Ge,-2.897444167,-3.715788841,0.818344674,-2.897444248,-3.039846897,0.142402649,-2.897444167,495.4
POSCAR_a3b4c1d1_7_Ca1Ga1Na4Sb3_icsd_291241_Sb_Si_Tl_K,-2.945616085,-6.639163017,3.693546932,-2.945616007,-3.039644003,0.094027996,-2.945616085,495.5
POSCAR_a6b2b8e2_14_K2Na8Sb6Sn2_icsd_057400_Sb_Li_Si_Cs,-2.938650861,-2.665387154,0.273263707,-2.938650846,-2.932281971,0.006368875,-2.938650861,495.6
POSCAR_a12c14e3_146_As12Sn3Sr14_icsd_195752_Mg_Bi_Sn,-2.93590865,-2.544466734,0.391441916,-2.935908556,-2.708870411,0.227038145,-2.93590865,495.9
POSCAR_a3b6d2_15_K6Sb3Tl2_icsd_093048_Bi_Al_Cs,-2.489088715,-2.544466734,0.055378019,-2.489088774,-2.656654835,0.167566061,-2.489088715,495.9
POSCAR_a3b5e1_62_Ge1P3Rb5_icsd_300186_As_Ge_Cs,-2.938318292,-5.594455719,2.656137427,-2.938318253,-2.982013702,0.043695449,-2.938318292,498.4
POSCAR_a3b1b4e1_62_As3Ge1K1Na4_icsd_300204_Rb_Cs_As_Pb,-2.388881706,-4.249592781,1.860711075,-2.388881683,-2.6515522,0.262670517,-2.388881706,498.7
POSCAR_a4c2e1_62_As4Cd2Ge1_icsd_042132_Ge_P_Mn,-5.362848707,-12.39216232,7.029313613,-5.362848759,-4.71480608,0.648042679,-5.362848707,499
POSCAR_a3c3d2_12_Cd3Sb3Tl2_icsd_076500_P_In_Hg,-2.652925058,-3.15552783,0.502602772,-2.652925014,-2.828744888,0.175819874,-2.652925058,499.1
POSCAR_a2c1d2_14_As2Ba1Ga2_icsd_380478_As_Si_Al,-4.387018589,-4.652308464,0.265289875,-4.387018681,-3.154329062,1.232689619,-4.387018589,499.5
POSCAR_a4b3c3d1_186_Al1Ca3Na3Sb4_icsd_291242_Cs_Mn_Ga_Bi,-3.269040628,-5.06243515,1.793394522,-3.269040585,-3.197037697,0.072002888,-3.269040628,499.7
POSCAR_a3d4e1_140_Bi3In4Pb1_icsd_616725_Ge_P_In,-3.800600314,-5.934443474,2.13384316,-3.80060029,-3.828965187,0.028364897,-3.800600314,500.8
POSCAR_a1b1c1_216_As1Cd1Li1_icsd_609966_P_Pb_K,-3.23646407,-2.7829597,0.45350437,-3.236464024,-3.288292408,0.051828384,-3.23646407,501
POSCAR_a6c6d2_64_Ba6Ga2P6_icsd_402177_As_Cd_Al,-3.025824184,-4.01357317,0.987748986,-3.02582407,-2.664351463,0.361472607,-3.025824184,501.3
POSCAR_a3b1b4e1_62_As3Ge1K1Na4_icsd_300204_K_Cs_As_Sn,-2.558477764,-4.845335007,2.286857243,-2.558477879,-3.113931179,0.5554533,-2.558477764,501.4
POSCAR_a1b2c1_216_Li2Sb1Zn1_icsd_001243_Bi_Zn_K,-1.96261965,-2.78979516,0.82717551,-1.962619662,-2.834919691,0.872300029,-1.96261965,501.8
POSCAR_a1b2c1_216_Li2Sb1Zn1_icsd_001243_Bi_Ge_Li,-3.258344448,-2.821528435,0.436816013,-3.258344412,-2.739237309,0.519107103,-3.258344448,501.8
POSCAR_a2c1d2_10_As2Ga2Sr1_icsd_422527_Si_Sb_Al,-3.990727161,-4.198214531,0.20748737,-3.990727186,-2.655720711,1.335006475,-3.990727162,503.1
POSCAR_a1b2e1_57_Bi1K2Sn1_icsd_107616_Li_As_Si,-3.833672016,-3.942017555,0.108345539,-3.833672047,-2.934110641,0.899561406,-3.833672016,503.6
POSCAR_a4b3c3d1_186_Al1Ca3Na3Sb4_icsd_291242_Li_Mn_Ga_As,-4.063930047,-7.366026878,3.302096831,-4.063930035,-4.457587242,0.393657207,-4.063930047,503.8
POSCAR_a3b6d1_11_Al1Rb6Sb3_icsd_300217_As_Ga_Cs,-2.603181122,-4.333507538,1.730326416,-2.603181124,-2.890771151,0.287590027,-2.603181123,504.4
POSCAR_a1b2e1_57_Bi1K2Sn1_icsd_107616_K_Bi_Ge,-2.991292122,-3.97623539,0.984943268,-2.991292238,-3.143091679,0.151799441,-2.991292122,506.6
POSCAR_a3b1b4e1_14_K1Na4Sb3Sn1_icsd_054261_K_Li_Si_Bi,-2.929868046,-4.375418663,1.445550617,-2.929867983,-3.028236389,0.098368406,-2.929868046,507.5
POSCAR_a1b1c1_187_As1K1Zn1_icsd_010459_Si_Na_Bi,-3.262570642,-2.95467329,0.307897352,-3.26257062,-2.545466185,0.717104435,-3.262570642,507.9
POSCAR_a3b1b4e1_62_As3Ge1K1Na4_icsd_300204_K_Cs_Sb_Si,-2.671433425,-4.43570137,1.764267945,-2.671433449,-3.104433537,0.433000088,-2.671433425,508.5
POSCAR_a3b1b4e1_62_As3Ge1K1Na4_icsd_300204_Li_Li_As_Pb,-3.069612298,-5.207213402,2.137601104,-3.069612265,-2.750433922,0.319178343,-3.069612298,509.4
POSCAR_a3b1b4e1_62_As3Ge1K1Na4_icsd_300204_Cs_Na_As_Pb,-2.446228463,-3.861582756,1.415354293,-2.446228504,-2.717469931,0.271241427,-2.446228463,509.5
POSCAR_a3b5e1_62_Ge1P3Rb5_icsd_300186_Sb_Sn_Na,-2.849121663,-4.993350029,2.144228366,-2.849121571,-2.705024242,0.144097329,-2.849121663,509.8
POSCAR_a3b6d1_2_As3Ga1Na6_icsd_300276_Rb_P_In,-2.755351464,-8.001234055,5.245882591,-2.755351543,-2.95642519,0.201073647,-2.755351464,510.5
POSCAR_a2c1c2_139_Ba1Mn2P2_icsd_077668_Sb_Hg_Sr,-2.380367958,-2.607265949,0.226897991,-2.380367994,-2.409933567,0.029565573,-2.380367958,511.1
POSCAR_a4c2c3_64_Ba2Bi4Cd3_icsd_416446_Ba_Be_P,-4.070892406,-6.309519768,2.238627362,-4.070892334,-4.388019085,0.317126751,-4.070892406,511.2
POSCAR_a2b4_62_Cs4Sb2_icsd_092474_Li_P,-3.654172545,-6.214075565,2.55990302,-3.654172659,-3.603818178,0.050354481,-3.654172545,513.4
POSCAR_a1b2e1_57_Bi1K2Sn1_icsd_107616_Rb_As_Pb,-2.929434605,-3.753855228,0.824420623,-2.929434538,-2.73685503,0.192579508,-2.929434605,514.1
POSCAR_a6b10e2_14_As6Na10Si2_icsd_300188_K_Sn_Sb,-2.853565657,-7.799800873,4.946235216,-2.853565693,-3.146196365,0.292630672,-2.853565657,514.1
POSCAR_a3b1b4e1_62_As3Ge1K1Na4_icsd_300204_Rb_Rb_P_Si,-2.851545969,-4.741399765,1.889853796,-2.851546049,-3.053632259,0.20208621,-2.851545969,514.7
POSCAR_a6b2c3c4_63_As6Ba4Cd3Li2_icsd_427778_P_Li_Mn_Si,-4.920224499,-8.904557228,3.984332729,-4.920224667,-4.687718391,0.232506276,-4.920224499,514.7
POSCAR_a3b6d1_11_Al1Rb6Sb3_icsd_300217_Sb_Al_Na,-2.754438441,-4.45690155,1.702463109,-2.7544384,-2.714772701,0.039665699,-2.754438441,515.1
POSCAR_a2c1d2_194_Ca1In2P2_icsd_260562_Sb_Si_Tl,-3.438291573,-3.184850216,0.253441357,-3.43829155,-2.563388348,0.874903202,-3.438291573,515.1
POSCAR_a3b2b3e1_62_K2Na3P3Si1_icsd_300203_K_Li_Si_Bi,-2.921851159,-4.754842281,1.832991122,-2.921851158,-2.879714489,0.042136669,-2.921851159,515.5
POSCAR_a2c1d2_166_As2Ca1Ga2_icsd_422526_Si_Sb_Al,-3.978101242,-2.891681671,1.086419571,-3.978101254,-2.724235058,1.253866196,-3.978101242,515.7
POSCAR_a3b1b4e1_62_As3Ge1K1Na4_icsd_300204_Na_Na_P_Ge,-2.935683244,-6.461946011,3.526262767,-2.93568325,-3.164089203,0.228405953,-2.935683244,517.7
POSCAR_a12c14e3_146_As12Sn3Sr14_icsd_195752_Mn_P_Si,-5.668322869,-13.79015064,8.121827771,-5.66832304,-5.349400997,0.318922043,-5.668322869,518
POSCAR_a3b1b4e1_62_As3Ge1K1Na4_icsd_300204_Na_K_Bi_Si,-2.719674971,-4.756709099,2.037034128,-2.719675064,-2.867715836,0.148040772,-2.719674971,518
POSCAR_a3b1b4e1_14_K1Na4Sb3Sn1_icsd_054261_Rb_Li_Si_Bi,-2.859783033,-4.370020866,1.510237833,-2.859782934,-2.931221008,0.071438074,-2.859783033,518.1
POSCAR_a6b10e2_14_As6Na10Si2_icsd_300188_Rb_Sn_Sb,-2.753906256,-7.73733902,4.983432764,-2.75390625,-2.974740267,0.220834017,-2.753906256,518.2
POSCAR_a7b4c7_63_As7Rb4Zn7_icsd_237457_Mn_As_Li,-4.553780098,-10.08207321,5.528293112,-4.553780079,-4.506942749,0.04683733,-4.553780098,518.5
POSCAR_a6c5e2_55_As6Eu5Sn2_icsd_262647_Cd_P_Ge,-3.397054439,-3.791397333,0.394342894,-3.397054434,-3.191627264,0.20542717,-3.397054439,518.8
POSCAR_a3b6d1_11_Al1Rb6Sb3_icsd_300217_Bi_Al_Cs,-2.465704063,-2.871938944,0.406234881,-2.465703964,-2.516587019,0.050883055,-2.465704063,519.3
POSCAR_a1b2e1_57_Bi1K2Sn1_icsd_107616_Li_Bi_Si,-3.499851208,-3.116915703,0.382935505,-3.499851227,-2.600338697,0.89951253,-3.499851208,520.2
POSCAR_a3b6d2_15_K6Sb3Tl2_icsd_093048_Sb_Al_K,-2.723945076,-8.119084358,5.395139282,-2.723945141,-3.151451349,0.427506208,-2.723945076,521.6
POSCAR_a2b4_62_Cs4Sb2_icsd_092474_Cs_As,-2.43311147,-4.527440071,2.094328601,-2.433111429,-2.878130198,0.445018769,-2.43311147,521.9
POSCAR_a6b2b8e2_14_K2Na8Sb6Sn2_icsd_057400_Bi_Li_Si_Cs,-2.834026202,-2.544466734,0.289559468,-2.834026098,-2.82015419,0.013871908,-2.834026202,522
POSCAR_a3b1b4e1_62_As3Ge1K1Na4_icsd_300204_Na_Li_As_Sn,-2.877247408,-5.424370766,2.547123358,-2.877247334,-2.833056211,0.044191123,-2.877247408,522
POSCAR_a3b1b4e1_14_K1Na4Sb3Sn1_icsd_054261_Cs_Li_Si_Bi,-2.83370046,-2.544466734,0.289233726,-2.833700418,-2.817217112,0.016483306,-2.83370046,522.3
POSCAR_a3b6d2_15_K6Sb3Tl2_icsd_093048_P_Al_Li,-3.734948458,-9.380691528,5.64574307,-3.734948397,-3.424819231,0.310129166,-3.734948458,522.7
POSCAR_a3b1b4e1_62_As3Ge1K1Na4_icsd_300204_Rb_K_As_Sn,-2.546500024,-5.396680832,2.850180808,-2.546499968,-2.934684277,0.388184309,-2.546500024,523.4
POSCAR_a3b5e3_62_As3K5Pb3_icsd_055419_Si_Sb_K,-3.276135751,-6.330429554,3.054293803,-3.276135683,-3.128211498,0.147924185,-3.276135751,523.6
POSCAR_a2c2e1_14_As2Ba2Ge1_icsd_035151_As_Pb_Zn,-3.068980025,-3.693342686,0.624362661,-3.068979979,-2.683609009,0.38537097,-3.068980025,523.6
POSCAR_a3b1b4e1_62_As3Ge1K1Na4_icsd_300204_Cs_Na_P_Ge,-2.726334928,-5.351483345,2.625148417,-2.72633481,-3.043915272,0.317580462,-2.726334928,524.3
POSCAR_a2b4c1_20_Bi2K4Zn1_icsd_192439_Li_Ca_P,-3.608239553,-4.481069565,0.872830012,-3.608239651,-3.889501572,0.281261921,-3.608239553,524.8
POSCAR_a2c1e1_122_As2Mg1Si1_icsd_182367_Bi_Si_Ge,-4.083789915,-2.824889183,1.258900732,-4.083789825,-3.35069561,0.733094215,-4.083789915,526.2
POSCAR_a6c3e4_11_Ba3P6Si4_icsd_029261_Bi_Si_Si,-4.403710685,-2.544466734,1.859243951,-4.403710842,-2.608253956,1.795456886,-4.403710685,526.3
POSCAR_a3b1b4e1_62_As3Ge1K1Na4_icsd_300204_K_Rb_Sb_Si,-2.669512889,-4.80626297,2.136750081,-2.669512987,-3.129826069,0.460313082,-2.669512889,526.3
POSCAR_a6c5e2_55_As6Eu5Sn2_icsd_262647_Be_Sb_Si,-3.817341389,-4.515051842,0.697710453,-3.817341328,-3.193358898,0.62398243,-3.817341389,526.4
POSCAR_a3b1b4e1_62_As3Ge1K1Na4_icsd_300204_Li_Li_P_Si,-3.603924118,-5.652992249,2.049068131,-3.603924036,-3.322480679,0.281443357,-3.603924118,526.5
POSCAR_a3b4c1d1_7_Ca1Ga1Na4Sb3_icsd_291241_Bi_Si_In_Na,-2.983710921,-4.594543934,1.610833013,-2.983711004,-2.680284739,0.303426265,-2.983710921,527.3
POSCAR_a14c11c8_12_Ba11Bi14Cd8_icsd_240338_P_Si_Hg,-3.516909579,-2.744106531,0.772803048,-3.516909599,-2.640172958,0.876736641,-3.516909579,529.3
POSCAR_a6c6e2_14_Ba6P6Sn2_icsd_035342_Sb_Be_Si,-3.81349033,-4.92696476,1.11347443,-3.813490391,-3.248533249,0.564957142,-3.81349033,530.3
POSCAR_a2c1c1c1_36_Ba1Cd1Sb2Yb1_icsd_422280_P_Mg_Mn_Sn,-4.507742437,-4.168438911,0.339303526,-4.507742405,-4.442428589,0.065313816,-4.507742437,532.1
POSCAR_a3c3d1_62_Ca3In1P3_icsd_060125_As_Cd_Al,-2.994473627,-3.59381175,0.599338123,-2.994473696,-2.597715855,0.396757841,-2.994473627,532.7
POSCAR_a7b4c7_63_As7Rb4Zn7_icsd_237457_Mn_Sb_Na,-3.926996277,-6.829721451,2.902725174,-3.926996231,-3.671902418,0.255093813,-3.926996277,533.3
POSCAR_a2b4c1_166_As2Cd1K4_icsd_300190_K_As_Mg,-2.60226047,-3.135143042,0.532882572,-2.602260351,-3.195707321,0.59344697,-2.60226047,534.4
POSCAR_a3b4c1d1_7_Ca1Ga1Na4Sb3_icsd_291241_Sb_Si_In_Rb,-2.940692571,-7.50493145,4.564238879,-2.940692663,-3.001404524,0.060711861,-2.940692571,535.3
POSCAR_a3b1c2c2_62_Ba2Cd2K1Sb3_icsd_420620_As_Li_Mg_Mn,-3.949575822,-7.854269981,3.904694159,-3.949575901,-4.007624149,0.058048248,-3.949575822,536.3
POSCAR_a3b1b4e1_62_As3Ge1K1Na4_icsd_300204_Cs_Rb_P_Si,-2.822463143,-3.671995401,0.849532258,-2.822463036,-2.936624527,0.114161491,-2.822463143,537.6
POSCAR_a4b2c5_63_As4Rb2Zn5_icsd_250688_Cd_P_Li,-2.836089185,-3.117543459,0.281454274,-2.836089134,-2.939662933,0.103573799,-2.836089185,539.1
POSCAR_a3b5e1_62_Ge1P3Rb5_icsd_300186_P_Sn_Cs,-3.039267345,-5.155976295,2.11670895,-3.039267302,-3.241076946,0.201809644,-3.039267345,540.6
POSCAR_a2b4c1_20_Bi2K4Zn1_icsd_192439_Na_Ca_Sb,-2.72193721,-3.550280333,0.828343123,-2.72193718,-2.963965416,0.242028236,-2.72193721,541
POSCAR_a2b2c1c1_26_Ba1Cd1K2Sb2_icsd_422272_Bi_K_Sn_Si,-3.284149941,-3.340975761,0.05682582,-3.284149885,-2.954320669,0.329829216,-3.284149941,542
POSCAR_a3c3d1_64_Al1Ba3Sb3_icsd_032728_P_Cd_Al,-3.32878447,-3.938218117,0.609433647,-3.328784466,-2.924259901,0.404524565,-3.32878447,546.4
POSCAR_a14c11c8_12_Ba11Bi14Cd8_icsd_240338_P_Sn_Cd,-3.210511806,-3.800245047,0.589733241,-3.210511923,-3.053411961,0.157099962,-3.210511806,547.1
POSCAR_a4c1_15_Mn1P4_icsd_001829_Sb_Si,-4.1828014,-6.099378586,1.916577186,-4.182801247,-2.389943123,1.792858124,-4.1828014,547.2
POSCAR_a6b10e2_14_As6Na10Si2_icsd_300188_Cs_Sn_Sb,-2.70893167,-4.793654442,2.084722772,-2.708931684,-2.71389246,0.004960776,-2.70893167,547.2
POSCAR_a3b6d1_2_As3Ga1Na6_icsd_300276_K_Sb_Al,-2.698120706,-7.408921242,4.710800536,-2.698120594,-3.17833209,0.480211496,-2.698120706,547.5
POSCAR_a3b1b4e1_62_As3Ge1K1Na4_icsd_300204_Cs_Li_Bi_Pb,-2.45491728,-2.714433908,0.259516628,-2.454917192,-2.725421667,0.270504475,-2.45491728,548.4
POSCAR_a3b1b4e1_62_As3Ge1K1Na4_icsd_300204_K_K_As_Si,-2.837155338,-5.82798481,2.990829472,-2.837155342,-3.188780785,0.351625443,-2.837155338,548.7
POSCAR_a3b1b4e1_62_As3Ge1K1Na4_icsd_300204_K_Rb_P_Sn,-2.672206468,-5.756048203,3.083841735,-2.672206402,-3.19300127,0.520794868,-2.672206468,549.8
POSCAR_a3b6d1_2_As3Ga1Na6_icsd_300276_Rb_Bi_Al,-2.447385041,-6.085666656,3.638281615,-2.447385073,-2.959832907,0.512447834,-2.447385041,550.9
POSCAR_a3b1b4e1_62_As3Ge1K1Na4_icsd_300204_K_K_P_Ge,-2.823876781,-7.436103821,4.61222704,-2.823876858,-3.290531635,0.466654777,-2.823876781,551.4
POSCAR_a2c1c2_62_Ba1Sb2Zn2_icsd_032020_Bi_Hg_Sn,-2.456718375,-2.544466734,0.087748359,-2.456718445,-2.038229942,0.418488503,-2.456718375,553.5
POSCAR_a6b10e2_14_As6Na10Si2_icsd_300188_Cs_Sn_P,-3.025094324,-5.693068504,2.66797418,-3.025094271,-3.208738565,0.183644294,-3.025094324,554.7
POSCAR_a2c1c2_139_Ba1Mn2P2_icsd_077668_P_Mg_Ge,-3.811350292,-3.134979486,0.676370806,-3.811350346,-3.72998929,0.081361056,-3.811350292,556.1
POSCAR_a3b1c2c2_62_Ba2Cd2K1Sb3_icsd_420620_Sb_K_Mn_Sn,-3.872301056,-6.271727562,2.399426506,-3.872301102,-3.586254358,0.286046744,-3.872301056,557.4
POSCAR_a6b10e2_14_As6Na10Si2_icsd_300188_Cs_Pb_P,-2.914649088,-5.489393234,2.574744146,-2.91464901,-3.183057547,0.268408537,-2.914649088,559.7
POSCAR_a2b4c1_166_As2Cd1K4_icsd_300190_K_As_Be,-2.909015157,-3.422873259,0.513858102,-2.909015179,-3.232905626,0.323890447,-2.909015157,561.2
POSCAR_a3b1b4e1_62_As3Ge1K1Na4_icsd_300204_K_Na_P_Sn,-2.744419569,-6.563469887,3.819050318,-2.744419575,-3.106758595,0.36233902,-2.744419569,561.7
POSCAR_a2c1_14_P2Sr1_icsd_429731_Si_Bi,-4.182299503,-2.552604198,1.629695305,-4.182299614,-2.520035267,1.662264347,-4.182299503,562.7
POSCAR_a7c12c2_174_Mn12P7Yb2_icsd_602711_Sb_Pb_Si,-3.872982151,-3.48383379,0.389148361,-3.872982264,-2.44642067,1.426561594,-3.872982151,563.7
POSCAR_a2b4c1_20_Bi2K4Zn1_icsd_192439_Na_Sn_Sb,-2.794838826,-3.533443213,0.738604387,-2.794838905,-2.760318756,0.034520149,-2.794838826,564
POSCAR_a6b10e2_14_As6Na10Si2_icsd_300188_K_Pb_As,-2.942940762,-7.954748154,5.011807392,-2.942940712,-3.127612591,0.184671879,-2.942940763,564.7
POSCAR_a6b10e2_14_As6Na10Si2_icsd_300188_K_Sn_As,-3.047708686,-8.008126259,4.960417573,-3.04770875,-3.202110291,0.154401541,-3.047708686,565.4
POSCAR_a3b1b4e1_62_As3Ge1K1Na4_icsd_300204_Rb_Na_As_Si,-2.860676377,-4.810911179,1.950234802,-2.860676289,-2.965820074,0.105143785,-2.860676377,565.5
POSCAR_a1b2c1_225_Cd1Li2Sb1_icsd_052815_Bi_Cs_Ba,-2.43086953,-2.800072193,0.369202663,-2.430869579,-3.021149158,0.590279579,-2.43086953,566.5
POSCAR_a5b11c2_2_Cd2K11Sb5_icsd_425646_Bi_Na_Be,-2.590153502,-6.171452999,3.581299497,-2.590153456,-2.80021143,0.210057974,-2.590153503,569.6
POSCAR_a3b5e1_62_Ge1P3Rb5_icsd_300186_Sb_Pb_K,-2.746493348,-4.123700142,1.377206794,-2.74649334,-3.113909245,0.367415905,-2.746493348,569.9
POSCAR_a3b5e1_62_Ge1P3Rb5_icsd_300186_Bi_Pb_K,-2.670272988,-4.130819798,1.46054681,-2.670273066,-2.961379766,0.2911067,-2.670272988,570
POSCAR_a3b1b4e1_62_As3Ge1K1Na4_icsd_300204_Na_Na_As_Si,-2.933213758,-5.129669189,2.196455431,-2.933213711,-3.003579378,0.070365667,-2.933213758,571.6
POSCAR_a3b1c2c2_62_Ba2Cd2K1Sb3_icsd_420620_As_K_Pb_Mn,-4.043212759,-8.003087997,3.959875238,-4.043212891,-3.652310133,0.390902758,-4.043212759,573.5
POSCAR_a3b1b4e1_62_As3Ge1K1Na4_icsd_300204_Rb_Li_Sb_Si,-2.877446104,-4.531486034,1.65403993,-2.877446175,-2.933911085,0.05646491,-2.877446104,573.6
POSCAR_a3b1b4e1_62_As3Ge1K1Na4_icsd_300204_Rb_Rb_As_Si,-2.733105883,-4.667281151,1.934175268,-2.733105898,-3.002996445,0.269890547,-2.733105883,573.8
POSCAR_a2c1c1c1_36_Ba1Cd1Sb2Yb1_icsd_422280_As_Zn_Mn_Hg,-3.225261223,-3.313849449,0.088588226,-3.225261211,-3.119338512,0.105922699,-3.225261223,574.4
POSCAR_a7b4c7_63_As7Rb4Zn7_icsd_237457_Mn_Bi_Rb,-3.618941446,-6.727073669,3.108132223,-3.618941545,-3.749860287,0.130918742,-3.618941446,576.1
POSCAR_a10c11_71_Ba11Sb10_icsd_413518_Bi_Hg,-2.003975801,-2.544466734,0.540490933,-2.003975868,-1.783286691,0.220689177,-2.003975801,576.4
POSCAR_a3b1b4e1_62_As3Ge1K1Na4_icsd_300204_Cs_Li_As_Si,-2.916137051,-2.910440445,0.005696606,-2.91613698,-2.883955717,0.032181263,-2.916137051,576.9
POSCAR_a3b1b4e1_62_As3Ge1K1Na4_icsd_300204_Rb_Li_Sb_Pb,-2.512899669,-4.411223412,1.898323743,-2.512899637,-2.650102139,0.137202502,-2.512899669,577
POSCAR_a2b4c1_12_Cd1K4P2_icsd_061084_Sb_Li_Ge,-3.182294683,-3.006278992,0.176015691,-3.182294607,-2.827634811,0.354659796,-3.182294683,577.8
POSCAR_a4c3e2_4_Ba3P4Sn2_icsd_660381_Bi_Hg_Si,-2.908816342,-2.544466734,0.364349608,-2.908816338,-2.126158953,0.782657385,-2.908816342,578.1
POSCAR_a14c3_14_P14Sr3_icsd_042461_Si_Sb,-4.151342159,-6.848540306,2.697198147,-4.151342392,-2.375236034,1.776106358,-4.151342159,578.7
POSCAR_a1b2e1_57_Bi1K2Sn1_icsd_107616_K_P_Sn,-3.252602929,-4.682371616,1.429768687,-3.252602816,-3.22192049,0.030682326,-3.252602929,579.7
POSCAR_a3d4e1_140_Bi3In4Pb1_icsd_616725_Si_P_Ga,-4.264819719,-6.380771637,2.115951918,-4.264819622,-3.84723258,0.417587042,-4.264819719,582.4
POSCAR_a3b1b4e1_62_As3Ge1K1Na4_icsd_300204_K_Na_P_Ge,-2.841863191,-7.542466164,4.700602973,-2.841863155,-3.172583818,0.330720663,-2.841863191,586.8
POSCAR_a4b6d1_15_Na6Sb4Tl1_icsd_096942_As_Al_Cs,-2.850806895,-5.884782791,3.033975896,-2.850806952,-2.967744589,0.116937637,-2.850806895,589
POSCAR_a1b1c1_216_As1Cd1Li1_icsd_609966_P_Ca_Li,-3.543627507,-2.84630537,0.697322137,-3.543627501,-3.791885853,0.248258352,-3.543627507,589.4
POSCAR_a2c2e1_14_As2Ba2Ge1_icsd_035151_Bi_Pb_Hg,-2.414196734,-2.544466734,0.13027,-2.41419673,-1.915585279,0.498611451,-2.414196734,589.4
POSCAR_a1b2_189_Li2Sb1_icsd_604562_As_Na,-2.773995726,-3.352541447,0.578545721,-2.773995638,-2.974956274,0.200960636,-2.773995726,589.7
POSCAR_a3c1_2_As3Sr1_icsd_611440_Si_Bi,-4.15471747,-2.742533684,1.412183786,-4.154717445,-2.69576335,1.458954095,-4.15471747,590.3
POSCAR_a3b5e1_62_Ge1P3Rb5_icsd_300186_Bi_Sn_Rb,-2.654296425,-4.587975025,1.9336786,-2.654296398,-2.916499376,0.262202978,-2.654296425,590.3
POSCAR_a3b5e1_62_Ge1P3Rb5_icsd_300186_P_Si_Li,-4.017450675,-7.357075691,3.339625016,-4.017450809,-3.478153467,0.539297342,-4.017450675,591.7
POSCAR_a6b2c3c4_63_As6Ba4Cd3Li2_icsd_427778_As_Na_Mn_Sn,-4.075784227,-7.972343445,3.896559218,-4.075784206,-3.857830048,0.217954158,-4.075784227,592
POSCAR_a2c2d1_79_Sb2Tl1Zn2_icsd_076499_Sb_Ga_Hg,-2.130209594,-2.55579257,0.425582976,-2.130209684,-2.225160599,0.094950915,-2.130209594,592.3
POSCAR_a6b10e2_14_As6Na10Si2_icsd_300188_Rb_Pb_Sb,-2.672957394,-7.294883728,4.621926334,-2.67295742,-2.902146578,0.229189158,-2.672957394,592.5
POSCAR_a3b1c2c2_62_Ba2Cd2K1Sb3_icsd_420620_Bi_Cs_Si_Mn,-3.98599816,-5.36970377,1.38370561,-3.985998154,-3.253072262,0.732925892,-3.98599816,593.9
POSCAR_a3b5e1_62_Ge1P3Rb5_icsd_300186_Bi_Sn_Cs,-2.633381006,-2.593420029,0.039960977,-2.63338089,-2.501824617,0.131556273,-2.633381006,595.8
POSCAR_a1b2_190_Li2Sb1_icsd_604562_Sb_K,-2.409743977,-3.33727622,0.927532243,-2.409744024,-3.19001627,0.780272246,-2.409743977,598.6
POSCAR_a1b2_189_Li2Sb1_icsd_604562_Sb_K,-2.409737877,-3.337261438,0.927523561,-2.409737825,-3.190136671,0.780398846,-2.409737877,598.6
POSCAR_a2c1c2_8_As2Ca2Cd1_icsd_422578_Hg_As_Sn,-2.682058453,-2.544466734,0.137591719,-2.682058334,-2.460576773,0.221481561,-2.682058453,599.5
POSCAR_a5c8e3_139_Ge3Sb5Yb8_icsd_170575_Bi_Pb_Mg,-2.823023798,-2.544466734,0.278557064,-2.823023796,-2.718524218,0.104499578,-2.823023798,602.2
POSCAR_a12c14e3_146_As12Sn3Sr14_icsd_195752_Mg_Bi_Ge,-2.986288063,-2.544466734,0.441821329,-2.986288071,-2.717143059,0.269145012,-2.986288063,602.2
POSCAR_a5c8e3_139_Ge3Sb5Yb8_icsd_170575_P_Si_Ba,-4.394334346,-8.532144547,4.137810201,-4.394334316,-3.859274387,0.535059929,-4.394334346,602.5
POSCAR_a5b1c2_36_As5Ba2K1_icsd_414140_K_Bi_Mn,-3.640351552,-3.990286827,0.349935275,-3.640351534,-3.389967442,0.250384092,-3.640351552,607.3
POSCAR_a3b6d1_2_As3Ga1Na6_icsd_300276_Cs_Sb_Al,-2.532420112,-3.851831675,1.319411563,-2.532420158,-2.709661007,0.177240849,-2.532420112,609.9
POSCAR_a3b5e1_62_Ge1P3Rb5_icsd_300186_As_Sn_Rb,-2.924132861,-5.750021458,2.825888597,-2.924132824,-3.07504034,0.150907516,-2.924132861,610.2
POSCAR_a3b1b4e1_62_As3Ge1K1Na4_icsd_300204_K_K_P_Si,-2.956246332,-5.868034363,2.911788031,-2.956246376,-3.230806112,0.274559736,-2.956246332,610.4
POSCAR_a6b10e2_14_As6Na10Si2_icsd_300188_K_Sn_P,-3.219560596,-9.323404312,6.103843716,-3.219560623,-3.453732491,0.234171868,-3.219560596,612.7
POSCAR_a6b10e2_14_As6Na10Si2_icsd_300188_Rb_Pb_As,-2.830378009,-6.409216881,3.578838872,-2.830378056,-2.853947639,0.023569583,-2.830378009,613.1
POSCAR_a3b5e3_62_As3K5Pb3_icsd_055419_Si_As_Rb,-3.418380405,-5.799628258,2.381247853,-3.418380499,-3.035865784,0.382514715,-3.418380405,614.1
POSCAR_a4b6d1_15_Na6Sb4Tl1_icsd_096942_P_Al_K,-3.207717433,-10.22493458,7.017217147,-3.207717419,-3.619659901,0.411942482,-3.207717433,616.4
POSCAR_a2c2e1_14_As2Ba2Ge1_icsd_035151_P_Pb_Hg,-2.842223683,-2.544466734,0.297756949,-2.842223644,-2.487169027,0.355054617,-2.842223683,622.3
POSCAR_a2b1c1e1_2_As2Cd1Ge1Rb1_icsd_291310_Pb_As_K_Mn,-3.99339875,-6.033802986,2.040404236,-3.993398666,-3.648513794,0.344884872,-3.99339875,623.3
POSCAR_a3b1b4e1_62_As3Ge1K1Na4_icsd_300204_Cs_Na_P_Si,-2.860324658,-3.601156712,0.740832054,-2.860324621,-2.960942268,0.100617647,-2.860324658,624.6
POSCAR_a1b2c1_225_Cd1Li2Sb1_icsd_052815_Bi_Rb_Mg,-1.998708833,-2.794331789,0.795622956,-1.998708844,-2.889445543,0.890736699,-1.998708833,627
POSCAR_a3b1b4e1_62_As3Ge1K1Na4_icsd_300204_Rb_K_P_Pb,-2.488105091,-4.985424995,2.497319904,-2.488105059,-2.769643068,0.281538009,-2.488105091,628.9
POSCAR_a3b4c1d1_7_Ca1Ga1Na4Sb3_icsd_291241_Bi_Si_Al_Rb,-2.942576767,-4.345859528,1.403282761,-2.942576885,-2.995256901,0.052680016,-2.942576767,631.2
POSCAR_a1b2e1_57_Bi1K2Sn1_icsd_107616_Rb_P_Ge,-3.259754573,-4.117268562,0.857513989,-3.259754658,-3.15301156,0.106743098,-3.259754573,631.6
POSCAR_a3b1b4e1_62_As3Ge1K1Na4_icsd_300204_Cs_Li_As_Pb,-2.562438629,-3.839005947,1.276567318,-2.562438726,-2.744691133,0.182252407,-2.562438629,632
POSCAR_a3b1b4e1_62_As3Ge1K1Na4_icsd_300204_Rb_Na_P_Ge,-2.761210209,-5.786693573,3.025483364,-2.761210203,-3.110168934,0.348958731,-2.761210209,632.4
POSCAR_a6b2c3c4_63_As6Ba4Cd3Li2_icsd_427778_As_K_Ba_Mn,-3.792485254,-7.910734177,4.118248923,-3.792485237,-4.012628078,0.220142841,-3.792485254,633.6
POSCAR_a3b5e1_62_Ge1P3Rb5_icsd_300186_P_Sn_K,-3.198087195,-7.433526039,4.235438844,-3.198087215,-3.486099482,0.288012267,-3.198087195,634.2
POSCAR_a12c14e3_146_As12Sn3Sr14_icsd_195752_Mn_As_Sn,-4.817695629,-10.39916134,5.581465711,-4.817695618,-4.690858841,0.126836777,-4.817695629,634.4
POSCAR_a4b6d1_15_Na6Sb4Tl1_icsd_096942_As_Al_K,-2.989905379,-9.020490646,6.030585267,-2.989905357,-3.265700102,0.275794745,-2.989905379,634.9
POSCAR_a3b6d2_15_K6Sb3Tl2_icsd_093048_As_Al_Rb,-2.762848447,-7.560596466,4.797748019,-2.762848377,-2.951695204,0.188846827,-2.762848447,635.8
POSCAR_a1b2e1_57_Bi1K2Sn1_icsd_107616_K_P_Ge,-3.372675134,-5.009068012,1.636392878,-3.37267518,-3.403204679,0.030529499,-3.372675134,637.2
POSCAR_a2b4c1_12_Cd1K4P2_icsd_061084_Bi_Na_Sr,-2.446202439,-3.052868605,0.606666166,-2.446202517,-2.885754824,0.439552307,-2.446202439,637.5
POSCAR_a5b11c2_2_Cd2K11Sb5_icsd_425646_Bi_Rb_Sr,-2.33573645,-6.608985901,4.273249451,-2.335736513,-3.059921026,0.724184513,-2.33573645,638.4
POSCAR_a1b2c1_216_Li2Sb1Zn1_icsd_001243_Sb_Pb_K,-2.67615081,-2.803975344,0.127824534,-2.676150799,-2.904165506,0.228014707,-2.67615081,640.3
POSCAR_a3b1b4e1_62_As3Ge1K1Na4_icsd_300204_Na_Li_P_Sn,-2.935420565,-5.553721428,2.618300863,-2.935420513,-2.900643826,0.034776687,-2.935420565,641.8
POSCAR_a3b6d1_11_Al1Rb6Sb3_icsd_300217_P_Ga_Rb,-2.797780089,-4.625105858,1.827325769,-2.797780037,-3.096457005,0.298676968,-2.797780089,642.4
POSCAR_a4c5_64_As4Eu5_icsd_654242_Zn_As,-2.821019298,-3.689445496,0.868426198,-2.821019411,-2.682162523,0.138856888,-2.821019298,642.9
POSCAR_a3d4e1_140_Bi3In4Pb1_icsd_616725_Si_As_Tl,-3.421330786,-4.595937252,1.174606466,-3.42133069,-2.876562357,0.544768333,-3.421330786,643.3
POSCAR_a4b8e1_227_Na8Sb4Sn1_icsd_655768_Na_Sn_Bi,-2.677107038,-3.685362577,1.008255539,-2.677107096,-2.726934195,0.049827099,-2.677107038,647.5
POSCAR_a3b5e1_62_Ge1P3Rb5_icsd_300186_As_Sn_Cs,-2.875067015,-5.429286957,2.554219942,-2.875066996,-2.894498348,0.019431352,-2.875067015,649
POSCAR_a1b2c1_216_Li2Sb1Zn1_icsd_001243_As_Cd_Cs,-1.854777595,-2.754553795,0.8997762,-1.854777575,-2.617790937,0.763013362,-1.854777595,649.2
POSCAR_a2b1c1e1_2_As2Cd1Ge1Rb1_icsd_291310_Ge_Bi_Na_Mn,-3.769482584,-4.648238182,0.878755598,-3.769482613,-3.222125769,0.547356844,-3.769482585,649.9
POSCAR_a3b5e3_62_As3K5Pb3_icsd_055419_Si_P_K,-3.712933783,-7.712272644,3.999338861,-3.712933779,-3.409731865,0.303201914,-3.712933783,651.2
POSCAR_a6b2c3c4_63_As6Ba4Cd3Li2_icsd_427778_Bi_K_Mn_Ca,-3.45627639,-6.191675186,2.735398796,-3.456276417,-3.377511501,0.078764916,-3.45627639,651.6
POSCAR_a4b8e1_227_Na8Sb4Sn1_icsd_655768_Na_Pb_As,-2.882656228,-5.678730011,2.796073783,-2.882656336,-2.886016369,0.003360033,-2.882656228,651.7
POSCAR_a4c2c3_64_Ba2Bi4Cd3_icsd_416446_Mn_Mg_P,-4.777951982,-7.533453941,2.755501959,-4.777952194,-5.118401051,0.340448857,-4.777951982,651.9
POSCAR_a6b10e2_14_As6Na10Si2_icsd_300188_Cs_Sn_As,-2.871453534,-5.992110252,3.120656718,-2.871453524,-2.883880138,0.012426614,-2.871453534,652.6
POSCAR_a3b6d2_15_K6Sb3Tl2_icsd_093048_As_Al_Cs,-2.785497693,-4.595377922,1.809880229,-2.785497665,-2.893195629,0.107697964,-2.785497693,654.3
POSCAR_a2c1c2_62_Ba1Sb2Zn2_icsd_032020_Bi_Hg_Ge,-2.512552006,-2.544466734,0.031914728,-2.512552023,-2.04295373,0.469598293,-2.512552006,654.4
POSCAR_a3b1b4e1_62_As3Ge1K1Na4_icsd_300204_Cs_Na_P_Pb,-2.48639676,-3.449114084,0.962717324,-2.48639679,-2.765361547,0.278964757,-2.48639676,654.4
POSCAR_a5b6c1_59_Bi5K6Zn1_icsd_238106_Li_Si_Sb,-3.423088798,-3.972102642,0.549013844,-3.423088789,-2.679324627,0.743764162,-3.423088798,657
POSCAR_a3b5e1_62_Ge1P3Rb5_icsd_300186_Sb_Ge_Cs,-2.754697853,-3.787332296,1.032634443,-2.7546978,-2.804374218,0.049676418,-2.754697853,658.1
POSCAR_a2b4c1_12_Cd1K4P2_icsd_061084_Bi_Na_Ba,-2.496697201,-3.038516283,0.541819082,-2.496697187,-2.844278812,0.347581625,-2.496697201,658.5
POSCAR_a6b2c3c4_63_As6Ba4Cd3Li2_icsd_427778_P_Rb_Cd_Mn,-3.38213074,-5.069264889,1.687134149,-3.382130623,-3.681184292,0.299053669,-3.38213074,659
POSCAR_a3c3d1_62_Ca3In1P3_icsd_060125_P_Hg_Al,-2.990171921,-2.544466734,0.445705187,-2.990171909,-2.604067326,0.386104583,-2.990171921,660.2
POSCAR_a4c2c3_12_As4Ba3Zn2_icsd_424760_P_Mn_Si,-5.525431488,-4.099899292,1.425532196,-5.525431633,-4.345402718,1.180028915,-5.525431488,660.9
POSCAR_a1b1c1_187_As1K1Zn1_icsd_010459_Sr_Cs_Sb,-2.407757275,-2.968583822,0.560826547,-2.407757282,-3.067354202,0.65959692,-2.407757275,661.8
POSCAR_a3e1_166_P3Sn1_icsd_648158_Bi_Si,-4.083137779,-2.708547592,1.374590187,-4.083137989,-2.763327599,1.31981039,-4.083137779,661.9
POSCAR_a2b4c1_166_As2Cd1K4_icsd_300190_Na_Bi_Ba,-2.492485123,-3.031966448,0.539481325,-2.492485046,-2.852909803,0.360424757,-2.492485123,662.7
POSCAR_a6b2c3c4_63_As6Ba4Cd3Li2_icsd_427778_P_Rb_Sr_Mn,-3.875132106,-6.514133453,2.639001347,-3.875132084,-4.190685272,0.315553188,-3.875132106,663.1
POSCAR_a3b6d2_15_K6Sb3Tl2_icsd_093048_P_Ga_Cs,-2.736645589,-7.437098503,4.700452914,-2.736645699,-3.138824701,0.402179002,-2.736645589,663.9
POSCAR_a6b10e2_14_As6Na10Si2_icsd_300188_Rb_Ge_Sb,-2.763217885,-7.967803955,5.20458607,-2.763217926,-3.059776068,0.296558142,-2.763217885,665.6
POSCAR_a7c12c2_174_Mn12P7Yb2_icsd_602711_P_Pb_Si,-4.325451884,-4.112499237,0.212952647,-4.325451851,-3.055378437,1.270073414,-4.325451884,669
POSCAR_a1b2c1_225_Cd1Li2Sb1_icsd_052815_Bi_Cs_Zn,-1.705329358,-2.716694832,1.011365474,-1.705329299,-2.521980762,0.816651463,-1.705329358,671.8
POSCAR_a5c5d4_104_Ba5Bi5In4_icsd_054853_Al_Bi_Mn,-4.164222771,-6.604754448,2.440531677,-4.164222717,-3.405701399,0.758521318,-4.164222771,672.6
POSCAR_a4b8e1_227_Na8Sb4Sn1_icsd_655768_Na_Sn_P,-3.14373778,-6.611171722,3.467433942,-3.143737793,-3.161105394,0.017367601,-3.14373778,673.1
POSCAR_a4b8e1_227_Na8Sb4Sn1_icsd_655768_K_Pb_Sb,-2.643054191,-5.27107048,2.628016289,-2.643054247,-3.153671026,0.510616779,-2.643054191,673.4
POSCAR_a3b1b4e1_62_As3Ge1K1Na4_icsd_300204_K_Li_As_Pb,-2.63062199,-5.821995258,3.191373268,-2.63062191,-2.824207306,0.193585396,-2.63062199,673.6
POSCAR_a3b5e1_62_Ge1P3Rb5_icsd_300186_Bi_Ge_Cs,-2.667771787,-2.887285709,0.219513922,-2.667771816,-2.590573072,0.077198744,-2.667771787,673.9
POSCAR_a1b1c1_187_As1K1Zn1_icsd_010459_Sr_Na_P,-3.04027755,-3.223748446,0.183470896,-3.040277481,-3.516564608,0.476287127,-3.04027755,674.2
POSCAR_a1b2c1_225_Cd1Li2Sb1_icsd_052815_Bi_Cs_Hg,-1.498454188,-2.592281818,1.09382763,-1.498454213,-2.089300394,0.590846181,-1.498454188,676.5
POSCAR_a12c14e3_146_As12Sn3Sr14_icsd_195752_Be_P_Si,-4.486079912,-10.748353,6.262273088,-4.486079693,-4.322178841,0.163900852,-4.486079912,679.3
POSCAR_a1b1c1_187_As1K1Zn1_icsd_010459_Cd_Cs_As,-1.81975405,-2.79669261,0.97693856,-1.819754004,-2.965148926,1.145394922,-1.81975405,684.2
POSCAR_a2c1e1_225_Hg1P2Si1_icsd_247969_P_Sn_Mn,-5.019160544,-4.080330849,0.938829695,-5.019160748,-4.518929958,0.50023079,-5.019160544,686
POSCAR_a1b1c1_33_As1Cd1Na1_icsd_009571_Rb_P_Mn,-4.019017447,-4.392608643,0.373591196,-4.01901722,-4.327690125,0.308672905,-4.019017447,688.1
POSCAR_a2b4c1_20_Bi2K4Zn1_icsd_192439_Rb_Mg_P,-2.586447192,-3.767038822,1.18059163,-2.586447239,-3.250263929,0.66381669,-2.586447192,688.4
POSCAR_a1b1c1_216_As1Cd1Li1_icsd_609966_As_Ba_Li,-3.141230573,-2.804261684,0.336968889,-3.141230583,-3.587168455,0.445937872,-3.141230573,688.6
POSCAR_a3d4e1_140_Bi3In4Pb1_icsd_616725_Si_P_In,-3.931428566,-4.920022964,0.988594398,-3.931428671,-3.59808445,0.333344221,-3.931428566,690
POSCAR_a2b4c1_20_Bi2K4Zn1_icsd_192439_Cs_Ge_P,-2.967795339,-3.727823019,0.76002768,-2.967795372,-3.261238575,0.293443203,-2.967795339,690.4
POSCAR_a7c12c2_174_Mn12P7Yb2_icsd_602711_As_Mg_Sr,-3.133826324,-4.137482643,1.003656319,-3.133826256,-3.392784834,0.258958578,-3.133826324,690.9
POSCAR_a6c5d2_55_Ca5Ga2Sb6_icsd_036466_Bi_Mn_Ga,-3.919759138,-6.090345383,2.170586245,-3.919759035,-3.799453259,0.120305776,-3.919759138,692.9
POSCAR_a3b6d1_2_As3Ga1Na6_icsd_300276_Na_P_Al,-3.221266447,-9.679022789,6.457756342,-3.221266508,-3.271846056,0.050579548,-3.221266447,693.9
POSCAR_a2c1c1c1_36_Ba1Cd1Sb2Yb1_icsd_422280_As_Cd_Hg_Mn,-3.009951545,-3.299558163,0.289606618,-3.009951591,-2.997976542,0.011975049,-3.009951545,695.8
POSCAR_a9c4c9_55_Bi9Cd4Sr9_icsd_058763_Hg_As_Ge,-2.736540915,-2.578365326,0.158175589,-2.736541033,-2.509560108,0.226980925,-2.736540915,696.8
POSCAR_a1b2e1_57_Bi1K2Sn1_icsd_107616_Rb_Bi_Si,-2.97545858,-3.3449049,0.36944632,-2.975458622,-3.000933886,0.025475264,-2.97545858,699.5
POSCAR_a4c3e2_14_As4Ge2Sr3_icsd_016454_Mn_Si_P,-5.484453504,-12.5977211,7.113267596,-5.484453678,-4.743296146,0.741157532,-5.484453504,701.9
POSCAR_a3b1c2c2_62_Ba2Cd2K1Sb3_icsd_420620_Bi_Li_Mn_Sr,-3.546758276,-6.792445183,3.245686907,-3.546758175,-3.40170598,0.145052195,-3.546758276,705.4
POSCAR_a2c1c2_72_As2Ba2Zn1_icsd_421423_Si_Sb_Cd,-2.959059143,-2.544466734,0.414592409,-2.959059238,-2.363455057,0.595604181,-2.959059143,706.3
POSCAR_a3b1b4e1_62_As3Ge1K1Na4_icsd_300204_Na_Li_P_Pb,-2.79708461,-4.780823708,1.983739098,-2.79708457,-2.749916553,0.047168017,-2.79708461,707.8
POSCAR_a3d4e1_140_Bi3In4Pb1_icsd_616725_Si_P_Al,-4.511144967,-5.683738232,1.172593265,-4.511145115,-3.464086294,1.047058821,-4.511144967,711.1
POSCAR_a1b2e1_57_Bi1K2Sn1_icsd_107616_Rb_Sb_Si,-3.036849892,-3.737944603,0.701094711,-3.036849976,-2.963531017,0.073318959,-3.036849892,711.9
POSCAR_a6b2c3c4_63_As6Ba4Cd3Li2_icsd_427778_Bi_Na_Mn_Be,-3.56524053,-5.76794529,2.20270476,-3.565240622,-3.467947245,0.097293377,-3.56524053,713.4
POSCAR_a2b4c1_12_Cd1K4P2_icsd_061084_P_Rb_Be,-2.9683876,-3.317882061,0.349494461,-2.968387604,-3.12005949,0.151671886,-2.9683876,713.7
POSCAR_a6b2c3c4_63_As6Ba4Cd3Li2_icsd_427778_As_K_Mn_Si,-4.265412927,-7.698702812,3.433289885,-4.265412807,-4.073711395,0.191701412,-4.265412927,713.8
POSCAR_a6b10e2_14_As6Na10Si2_icsd_300188_Rb_Ge_Bi,-2.678687195,-5.910431862,3.231744667,-2.678687096,-3.007544041,0.328856945,-2.678687195,714.2
POSCAR_a1b2_190_Li2Sb1_icsd_604562_As_K,-2.480750747,-3.659272432,1.178521685,-2.480750799,-3.18669796,0.705947161,-2.480750747,714.7
POSCAR_a2b4c1_166_As2Cd1K4_icsd_300190_Cs_P_Be,-2.91475837,-3.166531086,0.251772716,-2.914758444,-3.333717823,0.418959379,-2.91475837,715.7
POSCAR_a3c3d2_12_Cd3Sb3Tl2_icsd_076500_As_In_Mn,-4.290181143,-5.870922565,1.580741422,-4.29018116,-4.343773842,0.053592682,-4.290181143,716.5
POSCAR_a4b3c3d1_186_Al1Ca3Na3Sb4_icsd_291242_K_Mn_Al_Sb,-3.538076395,-6.657287598,3.119211203,-3.538076401,-3.504359961,0.03371644,-3.538076395,717.5
POSCAR_a2b4c1_20_Bi2K4Zn1_icsd_192439_Na_Sn_P,-3.097126376,-3.961240292,0.864113916,-3.097126484,-3.258983374,0.16185689,-3.097126376,719.8
POSCAR_a3b5e1_62_Ge1P3Rb5_icsd_300186_P_Pb_Rb,-2.965712613,-6.05175209,3.086039477,-2.965712547,-3.005989552,0.040277005,-2.965712613,720.6
POSCAR_a6b10e2_14_As6Na10Si2_icsd_300188_K_Ge_Bi,-2.776814411,-5.216949463,2.440135052,-2.776814461,-3.163666725,0.386852264,-2.776814411,721
POSCAR_a6b2c3c4_63_As6Ba4Cd3Li2_icsd_427778_Sb_Cs_Ba_Mn,-3.379788564,-5.236382484,1.85659392,-3.379788637,-3.587236643,0.207448006,-3.379788564,721
POSCAR_a7c12c2_174_Mn12P7Yb2_icsd_602711_Bi_Mg_Sn,-2.708951927,-2.603657007,0.10529492,-2.70895195,-2.900023937,0.191071987,-2.708951927,722.9
POSCAR_a6c6e2_14_Ba6P6Sn2_icsd_035342_P_Hg_Sn,-2.808569173,-2.544466734,0.264102439,-2.808569193,-2.659517527,0.149051666,-2.808569173,724.2
POSCAR_a1b2c1_225_Cd1Li2Sb1_icsd_052815_Sb_Rb_Zn,-1.790010375,-2.733668327,0.943657952,-1.790010333,-2.697943926,0.907933593,-1.790010375,724.2
POSCAR_a5b6c1_59_Bi5K6Zn1_icsd_238106_Na_Si_Sb,-3.073112749,-4.231379509,1.15826676,-3.073112726,-2.599453211,0.473659515,-3.073112749,727.4
POSCAR_a3c3d2_12_Cd3Sb3Tl2_icsd_076500_Sb_Al_Mn,-4.314398641,-5.058966637,0.744567996,-4.314398766,-3.716448545,0.597950221,-4.314398641,728.1
POSCAR_a4b8e1_227_Na8Sb4Sn1_icsd_655768_Cs_Sn_Sb,-2.526449571,-3.915198803,1.388749232,-2.52644968,-2.717286825,0.190837145,-2.526449571,729.7
POSCAR_a6c3e4_11_Ba3P6Si4_icsd_029261_P_Si_Mn,-5.453561163,-9.663618088,4.210056925,-5.453561306,-4.230307102,1.223254204,-5.453561163,732.8
POSCAR_a2b4c1_20_Bi2K4Zn1_icsd_192439_Rb_Pb_As,-2.709919816,-3.526331425,0.816411609,-2.70991993,-2.978599787,0.268679857,-2.709919816,733.6
POSCAR_a2c1c2_62_Ba1Sb2Zn2_icsd_032020_P_Hg_Be,-2.936611071,-2.7665205,0.170090571,-2.936611176,-2.846880436,0.08973074,-2.936611071,735.4
POSCAR_a4b8e1_227_Na8Sb4Sn1_icsd_655768_Li_Si_Sb,-3.34370026,-5.126286507,1.782586247,-3.343700171,-2.691633224,0.652066947,-3.34370026,736.4
POSCAR_a4b8e1_227_Na8Sb4Sn1_icsd_655768_Rb_Pb_Sb,-2.52867699,-5.782761574,3.254084584,-2.528676987,-3.026541471,0.497864484,-2.52867699,736.8
POSCAR_a1c1d1_62_Cd1Sb1Tl1_icsd_009572_As_Ga_Mn,-4.384897842,-5.144300938,0.759403096,-4.384897709,-4.503221512,0.118323803,-4.384897842,738.2
POSCAR_a3c3d2_12_Cd3Sb3Tl2_icsd_076500_Sb_In_Mn,-3.960069289,-4.724596024,0.764526735,-3.96006918,-3.927284718,0.032784462,-3.960069289,739.2
POSCAR_a2b4c1_20_Bi2K4Zn1_icsd_192439_Rb_Be_P,-2.940605929,-4.007544041,1.066938112,-2.940605879,-3.188550234,0.247944355,-2.940605929,741.5
POSCAR_a4b3c3d1_186_Al1Ca3Na3Sb4_icsd_291242_Na_Mn_Al_Bi,-3.407791,-5.386857033,1.979066033,-3.407790899,-3.196103573,0.211687326,-3.407791,744.1
POSCAR_a3b6d1_2_As3Ga1Na6_icsd_300276_Rb_P_Al,-2.901279324,-8.209982872,5.308703548,-2.901279211,-2.981798649,0.080519438,-2.901279324,747.6
POSCAR_a3b6d1_11_Al1Rb6Sb3_icsd_300217_As_Al_Cs,-2.689681971,-4.092550278,1.402868307,-2.689682007,-2.880806446,0.191124439,-2.689681972,750.1
POSCAR_a3b6d1_2_As3Ga1Na6_icsd_300276_Cs_As_Al,-2.685232719,-5.298908234,2.613675515,-2.685232639,-2.861362696,0.176130057,-2.685232719,754.6
POSCAR_a3c3d2_12_Cd3Sb3Tl2_icsd_076500_As_Tl_Mn,-4.051201461,-5.642924309,1.591722848,-4.051201344,-4.163452625,0.112251281,-4.051201461,754.9
POSCAR_a2b4c1_20_Bi2K4Zn1_icsd_192439_K_Ba_As,-2.67418563,-4.073702812,1.399517182,-2.674185514,-3.244415283,0.570229769,-2.67418563,756.4
POSCAR_a2b4c1_166_As2Cd1K4_icsd_300190_K_Bi_Sn,-2.566454694,-3.235971928,0.669517234,-2.566454649,-3.111104488,0.544649839,-2.566454694,760
POSCAR_a6c6e2_14_Ba6P6Sn2_icsd_035342_Bi_Hg_Ge,-2.406682597,-2.544466734,0.137784137,-2.406682491,-2.009457588,0.397224903,-2.406682597,760.2
POSCAR_a4c3e2_4_Ba3P4Sn2_icsd_660381_As_Mn_Sn,-4.691809531,-9.959288597,5.267479066,-4.691809654,-4.306612015,0.385197639,-4.691809531,760.2
POSCAR_a6c6e2_14_Ba6P6Sn2_icsd_035342_P_Hg_Ge,-2.930623835,-2.544466734,0.386157101,-2.93062377,-2.712710142,0.217913628,-2.930623835,760.4
POSCAR_a2b4c1_12_Cd1K4P2_icsd_061084_Sb_K_Ba,-2.458326379,-3.511786222,1.053459843,-2.45832634,-3.220112562,0.761786222,-2.458326379,760.5
POSCAR_a12c14e3_146_As12Sn3Sr14_icsd_195752_Zn_As_Ge,-3.00853152,-4.139668941,1.131137421,-3.00853157,-2.833652496,0.174879074,-3.00853152,760.7
POSCAR_a1b2c1_225_Cd1Li2Sb1_icsd_052815_Sb_Rb_Mg,-2.002209558,-2.808482647,0.806273089,-2.002209663,-2.97286272,0.970653057,-2.002209558,764.1
POSCAR_a5c8e3_139_Ge3Sb5Yb8_icsd_170575_Sb_Si_Mg,-3.232041738,-3.81000948,0.577967742,-3.232041836,-2.900753021,0.331288815,-3.232041738,764.3
POSCAR_a4c3e2_4_Ba3P4Sn2_icsd_660381_As_Mn_Ge,-4.841754272,-10.12058353,5.278829258,-4.841754436,-4.476881027,0.364873409,-4.841754272,765
POSCAR_a14c11c8_12_Ba11Bi14Cd8_icsd_240338_As_Zn_Si,-3.309552014,-3.92180109,0.612249076,-3.309551954,-2.747669935,0.561882019,-3.309552014,767.7
POSCAR_a4c2c3_64_Ba2Bi4Cd3_icsd_416446_Zn_Ge_P,-3.293152256,-3.831093073,0.537940817,-3.293152332,-3.233294249,0.059858083,-3.293152256,768
POSCAR_a5b11c2_2_Cd2K11Sb5_icsd_425646_Bi_Cs_Pb,-2.410308131,-2.544466734,0.134158603,-2.410308123,-2.5159235,0.105615377,-2.410308131,768
POSCAR_a1b1c1_33_As1Cd1Na1_icsd_009571_Li_As_Mn,-4.303411337,-5.057603359,0.754192022,-4.303411484,-4.41782856,0.114417076,-4.303411337,768.8
POSCAR_a1b2c1_225_Cd1Li2Sb1_icsd_052815_As_Rb_Si,-3.261686853,-2.860318899,0.401367954,-3.261686802,-2.917620659,0.344066143,-3.261686853,770.8
POSCAR_a3b1b4e1_62_As3Ge1K1Na4_icsd_300204_Cs_Li_P_Pb,-2.586221314,-4.424226761,1.838005447,-2.586221218,-2.838271856,0.252050638,-2.586221314,772.1
POSCAR_a6b10e2_14_As6Na10Si2_icsd_300188_Rb_Ge_P,-3.118313832,-7.547440529,4.429126697,-3.118313789,-3.182731152,0.064417363,-3.118313832,773
POSCAR_a8c11e2_139_Bi8Sn2Yb11_icsd_263134_Zn_P_Sn,-3.126817269,-4.221522331,1.094705062,-3.126817226,-3.061717033,0.065100193,-3.126817269,776.1
POSCAR_a9c11d1_45_Ca11In1Sb9_icsd_042371_Sb_Cd_Al,-2.375968531,-2.544466734,0.168498203,-2.375968456,-2.209637165,0.166331291,-2.375968531,779.7
POSCAR_a1b1c1_33_As1Cd1Na1_icsd_009571_K_P_Mn,-4.078150653,-5.081781387,1.003630734,-4.078150749,-4.475483418,0.397332669,-4.078150653,783.7
POSCAR_a2c1c1c1_36_Ba1Cd1Sb2Yb1_icsd_422280_Bi_Mg_Mg_Mn,-3.11421545,-3.191830635,0.077615185,-3.114215374,-3.050950527,0.063264847,-3.11421545,784.4
POSCAR_a2c1c1c1_36_Ba1Cd1Sb2Yb1_icsd_422280_P_Mn_Pb_Sr,-4.463900027,-4.025253773,0.438646254,-4.463900089,-4.45177269,0.012127399,-4.463900027,784.7
POSCAR_a3b5e1_62_Ge1P3Rb5_icsd_300186_P_Si_Cs,-3.246284423,-5.331421852,2.085137429,-3.246284485,-3.304436207,0.058151722,-3.246284423,784.8
POSCAR_a2c1c2_8_As2Ca2Cd1_icsd_422578_Hg_P_Si,-3.261101495,-2.54447794,0.716623555,-3.261101484,-2.620322704,0.64077878,-3.261101495,785.2
POSCAR_a5c8e3_139_Ge3Sb5Yb8_icsd_170575_As_Pb_Mn,-4.658056024,-10.14490986,5.486853836,-4.658056259,-4.547416687,0.110639572,-4.658056024,785.4
POSCAR_a2b4c1_166_As2Cd1K4_icsd_300190_Cs_Sb_Sr,-2.283037239,-4.03353405,1.750496811,-2.283037186,-2.662696123,0.379658937,-2.283037239,786.5
POSCAR_a5b11c2_2_Cd2K11Sb5_icsd_425646_P_Na_Pb,-2.994501553,-7.338053703,4.34355215,-2.994501591,-3.070516586,0.076014995,-2.994501553,786.7
POSCAR_a4b8e1_227_Na8Sb4Sn1_icsd_655768_Cs_Pb_P,-2.687485753,-4.384506702,1.697020949,-2.687485695,-3.133280754,0.445795059,-2.687485753,786.9
POSCAR_a6b10e2_14_As6Na10Si2_icsd_300188_Na_Si_Sb,-3.012591575,-7.980560303,4.967968728,-3.0125916,-2.686409473,0.326182127,-3.012591575,787.9
POSCAR_a4c2c3_64_Ba2Bi4Cd3_icsd_416446_Mn_Hg_Sb,-3.368749736,-5.183586121,1.814836385,-3.368749619,-3.449027061,0.080277442,-3.368749736,788.9
POSCAR_a6b2c3c4_63_As6Ba4Cd3Li2_icsd_427778_As_Na_Pb_Mn,-3.868624778,-6.473124981,2.604500203,-3.868624687,-3.252433777,0.61619091,-3.868624778,790.6
POSCAR_a4c3d2_58_Eu3In2P4_icsd_170634_Mn_Bi_Tl,-3.600419561,-4.833760262,1.233340701,-3.600419521,-3.512268305,0.088151216,-3.600419561,792.4
POSCAR_a4c1e3_62_Eu1Sb4Sn3_icsd_411250_Mn_P_Ge,-5.068556006,-8.719488144,3.650932138,-5.068555832,-4.337854385,0.730701447,-5.068556006,793.3
POSCAR_a1b2c1_225_Cd1Li2Sb1_icsd_052815_Sb_Cs_Zn,-1.698434455,-2.72638464,1.027950185,-1.698434472,-2.649190187,0.950755715,-1.698434455,793.4
POSCAR_a2c1c1c1_36_Ba1Cd1Sb2Yb1_icsd_422280_As_Be_Mn_Ba,-4.285671308,-4.274088383,0.011582925,-4.285671234,-4.461022377,0.175351143,-4.285671308,794.2
POSCAR_a5b11c2_2_Cd2K11Sb5_icsd_425646_As_K_Ba,-2.636043284,-8.4420681,5.806024816,-2.63604331,-3.245645046,0.609601736,-2.636043284,794.5
POSCAR_a1b2c1_225_Cd1Li2Sb1_icsd_052815_As_Li_Sr,-2.9868002,-2.892248154,0.094552046,-2.986800194,-3.49625349,0.509453296,-2.9868002,797.9
POSCAR_a4b8e1_227_Na8Sb4Sn1_icsd_655768_Rb_Pb_As,-2.643062469,-5.604698181,2.961635712,-2.643062353,-2.89682436,0.253762007,-2.643062469,800.4
POSCAR_a2b4c1_166_As2Cd1K4_icsd_300190_Li_Bi_Si,-3.219414511,-2.990495205,0.228919306,-3.219414473,-2.792243958,0.427170515,-3.219414511,800.6
POSCAR_a2c2e1_14_As2Ba2Ge1_icsd_035151_Sb_Sn_Mn,-4.344327493,-6.579715729,2.235388236,-4.34432745,-3.904545784,0.439781666,-4.344327493,811.9
POSCAR_a2c1c1c1_36_Ba1Cd1Sb2Yb1_icsd_422280_As_Mn_Pb_Mg,-3.984244013,-3.85205245,0.132191563,-3.984244108,-3.737796307,0.246447801,-3.984244013,812.5
POSCAR_a12c14e3_146_As12Sn3Sr14_icsd_195752_Mg_Sb_Si,-3.181298571,-2.544466734,0.636831837,-3.181298494,-2.835909843,0.345388651,-3.181298571,815.1
POSCAR_a2c1c2_62_Ba1Sb2Zn2_icsd_032020_Sb_Mn_Sr,-4.240305796,-5.414320946,1.17401515,-4.240305901,-4.175877094,0.064428807,-4.240305796,816.9
POSCAR_a2c1d2_11_Ba1In2P2_icsd_260564_P_Mn_Ga,-4.592170544,-6.833194733,2.241024189,-4.592170715,-4.493674755,0.09849596,-4.592170544,817.3
POSCAR_a3c2c2_12_Eu2P3Zn2_icsd_426082_Ca_As_Mn,-4.653741545,-4.893230915,0.23948937,-4.65374136,-4.574219227,0.079522133,-4.653741545,818.1
POSCAR_a14c11c8_12_Ba11Bi14Cd8_icsd_240338_P_Cd_Sn,-2.939399914,-3.180690527,0.241290613,-2.939399958,-2.946973324,0.007573366,-2.939399914,818.2
POSCAR_a2b2c1c1_26_Ba1Cd1K2Sb2_icsd_422272_P_Rb_Mn_Cd,-3.219704207,-3.768332243,0.548628036,-3.219704151,-3.624204636,0.404500485,-3.219704207,821.4
POSCAR_a2b4c1_12_Cd1K4P2_icsd_061084_Bi_Cs_Pb,-2.355255627,-2.780260086,0.425004459,-2.355255604,-2.39845109,0.043195486,-2.355255627,823
POSCAR_a4b8e1_227_Na8Sb4Sn1_icsd_655768_Rb_Sn_As,-2.706254405,-5.630437851,2.924183446,-2.706254482,-2.940641403,0.234386921,-2.706254405,828
POSCAR_a2b4c1_166_As2Cd1K4_icsd_300190_Cs_As_Ba,-2.39441238,-3.382250309,0.987837929,-2.394412279,-2.939157009,0.54474473,-2.39441238,828.9
POSCAR_a2c1c1_129_Bi2Ca1Mn1_icsd_010454_Mn_Zn_P,-4.294373578,-3.628445625,0.665927953,-4.294373512,-3.938599348,0.355774164,-4.294373578,829.1
POSCAR_a2b4c1_20_Bi2K4Zn1_icsd_192439_Cs_Si_As,-2.907533142,-3.444848537,0.537315395,-2.907533169,-2.967400312,0.059867143,-2.907533142,831.1
POSCAR_a5c8e3_139_Ge3Sb5Yb8_icsd_170575_Sb_Ge_Cd,-2.513404343,-2.544466734,0.031062391,-2.513404369,-2.453061104,0.060343265,-2.513404343,831.9
POSCAR_a1b2c1_216_Li2Sb1Zn1_icsd_001243_Sb_Ge_K,-2.725305455,-2.85234046,0.127035005,-2.725305557,-3.175014734,0.449709177,-2.725305455,832.5
POSCAR_a4c3d2_62_Al2Ba3P4_icsd_423778_Sb_Mn_Tl,-3.793859992,-8.443011284,4.649151292,-3.793859959,-3.68922925,0.104630709,-3.793859992,845.3
POSCAR_a2c1c1_139_Ba1Bi2Mn1_icsd_615787_Ca_As_Mn,-4.624291309,-3.903526783,0.720764526,-4.62429142,-4.487451077,0.136840343,-4.624291309,847.6
POSCAR_a8c11e2_139_Bi8Sn2Yb11_icsd_263134_Mn_As_Si,-5.077600208,-14.68993378,9.612333572,-5.077600002,-4.932030201,0.145569801,-5.077600208,849.2
POSCAR_a8c11e2_139_Bi8Sn2Yb11_icsd_263134_Cd_Bi_Pb,-2.291333095,-2.544466734,0.253133639,-2.291333199,-2.116109133,0.175224066,-2.291333095,859.3
POSCAR_a2b4c1_20_Bi2K4Zn1_icsd_192439_Cs_Sr_P,-2.569567649,-3.492699623,0.923131974,-2.56956768,-3.254172802,0.684605122,-2.569567649,860
POSCAR_a1b1c1_187_As1K1Zn1_icsd_010459_Cd_Rb_P,-1.961896447,-2.854490757,0.89259431,-1.96189642,-3.090439081,1.128542661,-1.961896447,861.3
POSCAR_a1b1c1_187_As1K1Zn1_icsd_010459_Cd_Cs_P,-1.832538555,-2.808746815,0.97620826,-1.832538605,-3.179121971,1.346583366,-1.832538555,861.7
POSCAR_a2b4c1_166_As2Cd1K4_icsd_300190_K_As_Ca,-2.631964669,-3.104492903,0.472528234,-2.631964684,-3.40453434,0.772569656,-2.631964669,864.3
POSCAR_a3b5e1_62_Ge1P3Rb5_icsd_300186_P_Si_Rb,-3.295224463,-6.224183559,2.928959096,-3.295224428,-3.092970133,0.202254295,-3.295224463,864.8
POSCAR_a5b11c2_2_Cd2K11Sb5_icsd_425646_Sb_K_Ge,-2.69255873,-7.932810783,5.240252053,-2.692558765,-3.246404648,0.553845883,-2.69255873,865.2
POSCAR_a14c11c8_12_Ba11Bi14Cd8_icsd_240338_P_Ca_Be,-3.793206979,-7.41869545,3.625488471,-3.79320693,-4.503866196,0.710659266,-3.793206979,867.7
POSCAR_a9c11d1_45_Ca11In1Sb9_icsd_042371_P_Hg_Ga,-2.448689231,-2.544466734,0.095777503,-2.448689222,-2.393952847,0.054736375,-2.448689231,869.4
POSCAR_a4c3d2_15_Al2As4Sr3_icsd_423787_Mn_Bi_In,-3.738003477,-4.979317188,1.241313711,-3.738003492,-3.63612318,0.101880312,-3.738003477,870.2
POSCAR_a1b1c1_187_As1K1Zn1_icsd_010459_Si_Rb_Sb,-2.875085438,-2.918697834,0.043612396,-2.875085354,-2.865585327,0.009500027,-2.875085438,873.7
POSCAR_a3b4c1d1_7_Ca1Ga1Na4Sb3_icsd_291241_Sb_Mn_Tl_Li,-3.255265641,-8.562935829,5.307670188,-3.255265713,-2.97725749,0.278008223,-3.255265641,874.6
POSCAR_a2b2c1c1_26_Ba1Cd1K2Sb2_icsd_422272_Sb_Na_Cd_Mn,-2.847071559,-3.297644615,0.450573056,-2.847071648,-2.884042263,0.036970615,-2.847071559,875.9
POSCAR_a4b8e1_227_Na8Sb4Sn1_icsd_655768_K_Ge_Bi,-2.6207331,-4.170555592,1.549822492,-2.620733023,-3.181569815,0.560836792,-2.6207331,877.1
POSCAR_a4c2c3_12_As4Ba3Zn2_icsd_424760_Sb_Mn_Ge,-4.435810993,-3.612429619,0.823381374,-4.435811043,-3.754034281,0.681776762,-4.435810993,877.1
POSCAR_a2c1c1_62_Mn1Sb2Sr1_icsd_643539_Mn_Ba_Sb,-4.267431989,-4.212788582,0.054643407,-4.267432213,-3.9342556,0.333176613,-4.267431989,880.3
POSCAR_a1b1c1_187_As1K1Zn1_icsd_010459_Ca_Rb_P,-2.695836368,-3.171228886,0.475392518,-2.695836306,-3.50215435,0.806318044,-2.695836368,880.7
POSCAR_a14c11c8_12_Ba11Bi14Cd8_icsd_240338_P_Hg_Ba,-2.612789644,-3.454283476,0.841493832,-2.612789631,-2.861022711,0.24823308,-2.612789644,885.5
POSCAR_a14c11c8_12_Ba11Bi14Cd8_icsd_240338_As_Be_Mn,-4.520091097,-9.235467911,4.715376814,-4.520091057,-4.853515625,0.333424568,-4.520091097,887.5
POSCAR_a14c11c8_12_Ba11Bi14Cd8_icsd_240338_P_Be_Sr,-3.669173706,-7.613341331,3.944167625,-3.669173717,-4.448379517,0.7792058,-3.669173706,890.5
POSCAR_a2c2e1_14_As2Ba2Ge1_icsd_035151_P_Si_Hg,-3.153429421,-2.544466734,0.608962687,-3.153429508,-2.610083342,0.543346166,-3.153429421,892.8
POSCAR_a4b8e1_227_Na8Sb4Sn1_icsd_655768_Cs_Ge_Sb,-2.51986561,-2.904345989,0.384480379,-2.519865513,-2.793897629,0.274032116,-2.51986561,893
POSCAR_a4c3e2_15_As4Si2Sr3_icsd_016453_Mn_Si_As,-5.033555575,-6.089512825,1.05595725,-5.033555508,-4.313323498,0.72023201,-5.033555575,893.2
POSCAR_a3b5e1_62_Ge1P3Rb5_icsd_300186_Bi_Si_Na,-2.875597652,-4.199640274,1.324042622,-2.875597715,-2.72734189,0.148255825,-2.875597652,894.9
POSCAR_a3b5e1_62_Ge1P3Rb5_icsd_300186_Bi_Si_K,-2.839976429,-4.808953762,1.968977333,-2.839976311,-3.101858139,0.261881828,-2.839976429,897.4
POSCAR_a14c11c8_12_Ba11Bi14Cd8_icsd_240338_P_Cd_Ba,-2.818793215,-4.87309742,2.054304205,-2.818793297,-3.248055458,0.429262161,-2.818793215,904.4
POSCAR_a4c2c3_64_Ba2Bi4Cd3_icsd_416446_Mn_Sn_Sb,-4.250595231,-6.419435501,2.16884027,-4.250595093,-4.034115314,0.216479779,-4.250595231,905.7
POSCAR_a1b1_216_Rb1Sb1_icsd_191491_Sb_Na,-2.11098139,-2.652601957,0.541620567,-2.110981464,-2.770151854,0.65917039,-2.11098139,907.8
POSCAR_a5c5d4_104_Ba5Bi5In4_icsd_054853_Tl_P_Mn,-4.15129337,-10.13281727,5.9815239,-4.151293278,-4.234762669,0.083469391,-4.15129337,909.9
POSCAR_a2b4c1_166_As2Cd1K4_icsd_300190_Rb_As_Ca,-2.515890467,-2.901958942,0.386068475,-2.51589036,-3.110911369,0.595021009,-2.515890467,910.8
POSCAR_a5c8e3_139_Ge3Sb5Yb8_icsd_170575_As_Pb_Cd,-2.555508693,-3.532070637,0.976561944,-2.555508614,-2.403152943,0.152355671,-2.555508693,911.8
POSCAR_a4c3e2_15_As4Si2Sr3_icsd_016453_Mn_Ge_Bi,-4.277270537,-4.780755997,0.50348546,-4.277270317,-3.740933895,0.536336422,-4.277270537,916.2
POSCAR_a8c11e2_139_Bi8Sn2Yb11_icsd_263134_Cd_Sb_Ge,-2.42870651,-2.544466734,0.115760224,-2.428706408,-2.30751276,0.121193648,-2.42870651,916.6
POSCAR_a2b2c1c1_26_Ba1Cd1K2Sb2_icsd_422272_P_Cs_Sr_Mn,-3.607747993,-4.175983906,0.568235913,-3.607748032,-4.127513885,0.519765853,-3.607747993,918.3
POSCAR_a3b5e1_62_Ge1P3Rb5_icsd_300186_Bi_Si_Rb,-2.756059707,-4.624958038,1.868898331,-2.756059647,-2.9768188,0.220759153,-2.756059707,918.9
POSCAR_a2c1d2_62_Eu1Ga2Sb2_icsd_182776_Mn_Sb_Al,-4.123123705,-5.361607075,1.23848337,-4.123123646,-3.223856449,0.899267197,-4.123123705,919.3
POSCAR_a6b10e2_14_As6Na10Si2_icsd_300188_Rb_Si_P,-3.239965534,-7.259658813,4.019693279,-3.239965439,-3.108832359,0.13113308,-3.239965534,920.1
POSCAR_a1b2c1_225_Cd1Li2Sb1_icsd_052815_As_Cs_Zn,-1.700304555,-2.76937604,1.069071485,-1.700304508,-2.732195616,1.031891108,-1.700304555,928.9
POSCAR_a2c1d2_14_As2Ba1Ga2_icsd_380478_P_Mn_Tl,-4.130891052,-6.858434677,2.727543625,-4.130890846,-4.07481432,0.056076526,-4.130891052,930.3
POSCAR_a2c1c1_62_Mn1Sb2Sr1_icsd_643539_Mn_Zn_Bi,-3.322497202,-3.353145838,0.030648636,-3.322497129,-3.065012932,0.257484197,-3.322497202,930.6
POSCAR_a2b2c1c1_26_Ba1Cd1K2Sb2_icsd_422272_Bi_Li_Mn_Sn,-3.527959944,-3.715050697,0.187090753,-3.527960062,-3.124123573,0.403836489,-3.527959944,930.9
POSCAR_a3c2c2_12_Eu2P3Zn2_icsd_426082_Cd_Sb_Mn,-3.415159526,-3.263034344,0.152125182,-3.415159464,-3.195441246,0.219718218,-3.415159526,931.3
POSCAR_a1b2c1_225_Cd1Li2Sb1_icsd_052815_As_K_Ca,-2.557530973,-2.919261932,0.361730959,-2.55753088,-3.491339922,0.933809042,-2.557530973,938.7
POSCAR_a2c1c2_164_Ca1P2Zn2_icsd_619477_P_Mn_Pb,-4.757749306,-3.253017426,1.50473188,-4.757749081,-4.34069252,0.417056561,-4.757749306,940.8
POSCAR_a8c11e2_139_Bi8Sn2Yb11_icsd_263134_Cd_P_Sn,-2.816199669,-2.544466734,0.271732935,-2.81619978,-2.785228729,0.030971051,-2.816199669,941.4
POSCAR_a1b2c1_216_Li2Sb1Zn1_icsd_001243_As_Ge_Cs,-2.494545295,-2.807745457,0.313200162,-2.494545221,-2.878368139,0.383822918,-2.494545295,942.1
POSCAR_a1b1c1_62_Cd1Na1Sb1_icsd_012159_Li_Bi_Mn,-3.641251727,-4.303073406,0.661821679,-3.641251802,-3.59757638,0.043675422,-3.641251727,942.7
POSCAR_a4b8e1_227_Na8Sb4Sn1_icsd_655768_Na_Si_Sb,-2.851689262,-6.224452019,3.372762757,-2.851689339,-2.739726543,0.111962796,-2.851689262,948.8
POSCAR_a2c1d2_10_As2Ga2Sr1_icsd_422527_Mn_P_Ga,-4.460073639,-6.853487015,2.393413376,-4.460073471,-4.432061672,0.028011799,-4.460073639,949.4
POSCAR_a4c3e2_4_Ba3P4Sn2_icsd_660381_Bi_Mn_Ge,-4.242299309,-6.862711906,2.620412597,-4.24229908,-3.653312683,0.588986397,-4.242299309,951.2
POSCAR_a2c1c1_129_Bi2Ca1Mn1_icsd_010454_Sr_Mn_Sb,-4.105967669,-3.415634632,0.690333037,-4.105967522,-3.868274927,0.237692595,-4.105967669,951.3
POSCAR_a6c3e4_11_Ba3P6Si4_icsd_029261_As_Si_Mn,-4.973044732,-6.82286644,1.849821708,-4.973044872,-3.895263433,1.077781439,-4.973044732,953.7
POSCAR_a2b4c1_12_Cd1K4P2_icsd_061084_P_K_Ba,-2.691279964,-3.239496231,0.548216267,-2.691279888,-3.564236164,0.872956276,-2.691279964,955.6
POSCAR_a2b4c1_166_As2Cd1K4_icsd_300190_Cs_P_Si,-3.074142996,-3.097129822,0.022986826,-3.074142933,-3.169018745,0.094875812,-3.074142996,956.9
POSCAR_a5c8e3_139_Ge3Sb5Yb8_icsd_170575_P_Sn_Cd,-2.793019961,-2.749876976,0.043142985,-2.79302001,-2.788282633,0.004737377,-2.793019961,964.6
POSCAR_a4c2e1_62_As4Cd2Ge1_icsd_042132_Pb_Bi_Mn,-4.064800938,-5.432059765,1.367258827,-4.064800739,-3.403193474,0.661607265,-4.064800938,965.3
POSCAR_a2c1d2_10_As2Ga2Sr1_icsd_422527_Mn_Sb_Ga,-3.832762206,-4.967218399,1.134456193,-3.832762241,-3.671956062,0.160806179,-3.832762206,965.3
POSCAR_a2c1e2_105_As2Ba1Ge2_icsd_026417_As_Ge_Mn,-4.640576564,-6.166026115,1.525449551,-4.640576363,-4.053328991,0.587247372,-4.640576564,966.2
POSCAR_a1b1c1_187_As1K1Zn1_icsd_010459_Zn_Rb_P,-1.998506432,-2.889041424,0.890534992,-1.998506427,-3.032279491,1.033773064,-1.998506432,970
POSCAR_a9c11d1_45_Ca11In1Sb9_icsd_042371_Sb_Hg_Al,-1.993304489,-2.544466734,0.551162245,-1.993304491,-1.895941019,0.097363472,-1.993304489,973.5
POSCAR_a2c1d2_11_Ba1In2P2_icsd_260564_Sb_Mn_Ga,-3.82159106,-5.000311852,1.178720792,-3.821591139,-3.715734959,0.10585618,-3.82159106,976.5
POSCAR_a1b1c1_129_Mn1Na1Sb1_icsd_060735_Cs_Mn_Bi,-3.201902383,-3.180941582,0.020960801,-3.20190239,-3.366238594,0.164336204,-3.201902383,979.7
POSCAR_a5c8e3_139_Ge3Sb5Yb8_icsd_170575_Sb_Si_Zn,-2.764082017,-2.544466734,0.219615283,-2.764081955,-2.460144997,0.303936958,-2.764082017,980.1
POSCAR_a4c2c3_12_As4Ba3Zn2_icsd_424760_As_Mn_Ba,-4.503512169,-4.001455784,0.502056385,-4.503512383,-4.349478245,0.154034138,-4.503512169,985.1
POSCAR_a2c1c1_129_Bi2Ca1Mn1_icsd_010454_Mn_Mg_Sb,-3.691112271,-3.238393307,0.452718964,-3.69111228,-3.411274195,0.279838085,-3.691112271,986.4
POSCAR_a3c2c2_12_Eu2P3Zn2_icsd_426082_Mn_Bi_Ge,-4.205605641,-4.222026825,0.016421184,-4.205605507,-3.663528442,0.542077065,-4.205605641,987.8
POSCAR_a2c1d2_11_Ba1In2P2_icsd_260564_Bi_Mn_Ga,-3.622752373,-5.34500885,1.722256477,-3.622752428,-3.57120204,0.051550388,-3.622752373,989.9
POSCAR_a2b2c1c1_26_Ba1Cd1K2Sb2_icsd_422272_As_Rb_Mn_Sn,-3.570343792,-4.053752899,0.483409107,-3.570343733,-3.482916594,0.087427139,-3.570343793,990.3
POSCAR_a6c6e2_14_Ba6P6Sn2_icsd_035342_Bi_Hg_Si,-2.49504752,-2.544466734,0.049419214,-2.495047569,-1.952967286,0.542080283,-2.49504752,991.9
POSCAR_a1b2c1_216_Li2Sb1Zn1_icsd_001243_Bi_Be_K,-2.126843458,-2.864332438,0.73748898,-2.126843452,-3.200917244,1.074073792,-2.126843458,996.7
POSCAR_a2c1d2_14_As2Ba1Ga2_icsd_380478_As_Mn_Ga,-4.125901956,-6.510017395,2.384115439,-4.125902176,-4.204815865,0.078913689,-4.125901956,997.2
POSCAR_a12c14e3_146_As12Sn3Sr14_icsd_195752_Zn_Bi_Si,-2.676131599,-2.544466734,0.131664865,-2.676131487,-2.359015942,0.317115545,-2.676131599,1013
POSCAR_a5c5d4_104_Ba5Bi5In4_icsd_054853_Tl_As_Mn,-3.789785055,-8.328193665,4.53840861,-3.789785147,-3.705344677,0.08444047,-3.789785055,1016.3
POSCAR_a1b1c1_187_As1K1Zn1_icsd_010459_Be_Rb_Sb,-2.134527522,-2.998118639,0.863591117,-2.134527445,-3.350921631,1.216394186,-2.134527522,1024.5
POSCAR_a1b2c1_216_Li2Sb1Zn1_icsd_001243_As_Ge_Rb,-2.620555088,-2.852469206,0.231914118,-2.620555162,-2.971652269,0.351097107,-2.620555088,1025.7
POSCAR_a2c1e1_122_As2Mg1Si1_icsd_182367_As_Mn_Pb,-4.415096494,-3.891566038,0.523530456,-4.415096283,-3.476604939,0.938491344,-4.415096494,1028.4
POSCAR_a3b4c1d1_7_Ca1Ga1Na4Sb3_icsd_291241_As_Mn_Tl_Na,-3.15082769,-8.475026131,5.324198441,-3.150827646,-3.081393719,0.069433927,-3.15082769,1030.4
POSCAR_a1b1_216_Rb1Sb1_icsd_191491_As_Li,-2.82217972,-2.694839239,0.127340481,-2.822179794,-3.700664759,0.878484965,-2.82217972,1031.8
POSCAR_a3c2c2_12_Eu2P3Zn2_icsd_426082_Mn_Bi_Ba,-3.842196537,-4.132862091,0.290665554,-3.842196465,-3.771081448,0.071115017,-3.842196537,1033.6
POSCAR_a2b2c1c1_26_Ba1Cd1K2Sb2_icsd_422272_As_Na_Mn_Be,-3.593301502,-4.294217587,0.700916085,-3.593301535,-3.773710489,0.180408954,-3.593301502,1034.4
POSCAR_a4b8e1_227_Na8Sb4Sn1_icsd_655768_Na_Si_P,-3.288612934,-6.612112045,3.323499111,-3.288612843,-3.146612406,0.142000437,-3.288612934,1038
POSCAR_a1b2c1_216_Li2Sb1Zn1_icsd_001243_P_Sn_K,-2.793346915,-2.901088953,0.107742038,-2.793346882,-3.175843954,0.382497072,-2.793346915,1038.9
POSCAR_a1b1c1_33_As1Cd1Na1_icsd_009571_Na_Sb_Mn,-3.416264374,-4.161658287,0.745393913,-3.416264296,-3.356962681,0.059301615,-3.416264374,1044.1
POSCAR_a1b1c1_187_As1K1Zn1_icsd_010459_Mn_Cs_Sb,-3.253652682,-3.485398054,0.231745372,-3.253652573,-3.335976839,0.082324266,-3.253652682,1046.6
POSCAR_a2c1e2_105_As2Ba1Ge2_icsd_026417_P_Pb_Mn,-4.649062126,-6.55136776,1.902305634,-4.649062157,-4.149756432,0.499305725,-4.649062126,1049.5
POSCAR_a4b8e1_227_Na8Sb4Sn1_icsd_655768_K_Si_Sb,-2.747430922,-5.621883392,2.87445247,-2.74743104,-3.24361515,0.49618411,-2.747430922,1052.3
POSCAR_a12c14e3_146_As12Sn3Sr14_icsd_195752_Cd_Sb_Si,-2.61168296,-2.544466734,0.067216226,-2.611682892,-2.272532463,0.339150429,-2.61168296,1053.7
POSCAR_a5c8e3_139_Ge3Sb5Yb8_icsd_170575_Bi_Si_Cd,-2.579001208,-2.544466734,0.034534474,-2.579001188,-2.255697012,0.323304176,-2.579001208,1055
POSCAR_a1b2c1_225_Cd1Li2Sb1_icsd_052815_P_Cs_Ca,-2.476624313,-2.901750088,0.425125775,-2.47662425,-3.604166031,1.127541781,-2.476624313,1055.4
POSCAR_a1b2c1_225_Cd1Li2Sb1_icsd_052815_P_Rb_Hg,-1.542398368,-2.688336134,1.145937766,-1.542398334,-2.488997221,0.946598887,-1.542398368,1056
POSCAR_a3c1_14_Ba1P3_icsd_426771_P_Mn,-5.45513243,-4.230930328,1.224202102,-5.455132484,-4.451388359,1.003744125,-5.45513243,1058
POSCAR_a3c2c2_12_Eu2P3Zn2_icsd_426082_Sr_Sb_Mn,-3.997784659,-4.185483932,0.187699273,-3.997784615,-3.939987898,0.057796717,-3.997784659,1059.5
POSCAR_a1b2c1_216_Li2Sb1Zn1_icsd_001243_As_Mg_Rb,-1.99992275,-2.822537899,0.822615149,-1.999922752,-3.015947819,1.016025067,-1.99992275,1067.3
POSCAR_a2c1c2_62_Ba1Sb2Zn2_icsd_032020_P_Pb_Mn,-4.625026001,-5.671731949,1.046705948,-4.625026226,-4.043880463,0.581145763,-4.625026001,1073.5
POSCAR_a2b2c1c1_26_Ba1Cd1K2Sb2_icsd_422272_P_K_Ge_Mn,-3.899206357,-4.746622562,0.847416205,-3.8992064,-4.2712183,0.3720119,-3.899206357,1075
POSCAR_a3c2c2_12_Eu2P3Zn2_icsd_426082_Mn_Bi_Mg,-3.388833006,-3.726010799,0.337177793,-3.388833046,-3.264287233,0.124545813,-3.388833006,1083.6
POSCAR_a5c2d5_62_Ba2In5P5_icsd_161774_P_Mn_In,-4.18845328,-10.94561481,6.75716153,-4.188453197,-4.24130249,0.052849293,-4.18845328,1084.7
POSCAR_a1c1d1_62_Cd1Sb1Tl1_icsd_009572_Sb_Tl_Mn,-3.554055429,-4.272758484,0.718703055,-3.554055452,-3.565208912,0.01115346,-3.554055429,1085.1
POSCAR_a4c2c3_12_As4Ba3Zn2_icsd_424760_As_Mn_Mg,-4.025133613,-3.833865166,0.191268447,-4.02513361,-4.00055933,0.02457428,-4.025133613,1087.2
POSCAR_a2b2c1c1_26_Ba1Cd1K2Sb2_icsd_422272_Sb_Cs_Mn_Be,-3.114586659,-3.39686203,0.282275371,-3.114586592,-3.501771212,0.38718462,-3.114586659,1099.3
POSCAR_a1b2c1_216_Li2Sb1Zn1_icsd_001243_Bi_Si_Rb,-2.574051415,-2.763542414,0.189490999,-2.57405138,-2.824181795,0.250130415,-2.574051415,1100.9
POSCAR_a2c1d2_14_As2Ba1Ga2_icsd_380478_As_Mn_Tl,-3.702852843,-5.976937294,2.274084451,-3.702852726,-3.367968798,0.334883928,-3.702852843,1103.3
POSCAR_a2b2c1c1_26_Ba1Cd1K2Sb2_icsd_422272_Sb_K_Mn_Ge,-3.467776142,-3.821642876,0.353866734,-3.46777606,-3.428471804,0.039304256,-3.467776142,1104.5
POSCAR_a2c1e2_160_As2Sn2Sr1_icsd_611428_Mn_Sb_Si,-4.526961448,-2.984783173,1.542178275,-4.526961327,-3.228573084,1.298388243,-4.526961448,1106
POSCAR_a1b1_216_Rb1Sb1_icsd_191491_As_Na,-2.254579465,-2.703160524,0.448581059,-2.254579544,-3.169355869,0.914776325,-2.254579465,1109.1
POSCAR_a1b2c1_225_Cd1Li2Sb1_icsd_052815_P_Li_Mg,-2.704321533,-2.903791428,0.199469895,-2.704321623,-3.32314682,0.618825197,-2.704321533,1122.5
POSCAR_a6b7c4_12_Bi6Eu4Li7_icsd_428116_Mn_Bi_Li,-3.4597935,-4.616833687,1.157040187,-3.459793568,-3.231919289,0.227874279,-3.4597935,1124.1
POSCAR_a8c11e2_139_Bi8Sn2Yb11_icsd_263134_Zn_P_Si,-3.284794378,-3.528867245,0.244072867,-3.284794331,-2.99553442,0.289259911,-3.284794378,1131.6
POSCAR_a12c11c6_12_Eu11Sb12Zn6_icsd_419343_Mn_Bi_Si,-4.467081539,-6.110205173,1.643123634,-4.467081547,-3.749836206,0.717245341,-4.467081539,1141.2
POSCAR_a5b11c2_2_Cd2K11Sb5_icsd_425646_Sb_Rb_Si,-2.592082069,-7.527812958,4.935730889,-2.592082024,-3.005063057,0.412981033,-2.592082069,1156.7
POSCAR_a6c6e2_14_Ba6P6Sn2_icsd_035342_Bi_Mn_Si,-4.430614839,-6.697803497,2.267188658,-4.430614948,-3.933520317,0.497094631,-4.430614839,1177.7
POSCAR_a2b2c1c1_26_Ba1Cd1K2Sb2_icsd_422272_Bi_Na_Mn_Be,-3.100513427,-3.711853027,0.6113396,-3.100513458,-3.221209764,0.120696306,-3.100513428,1178.1
POSCAR_a2c1d2_194_Ca1In2P2_icsd_260562_Sb_Mn_In,-3.500132546,-3.490940332,0.009192214,-3.500132561,-3.160245895,0.339886666,-3.500132546,1199.1
POSCAR_a2c1e1_225_Hg1P2Si1_icsd_247969_Bi_Sn_Mn,-3.796931043,-3.322875023,0.47405602,-3.796931028,-3.544137001,0.252794027,-3.796931043,1239.9
POSCAR_a4b8e1_227_Na8Sb4Sn1_icsd_655768_Rb_Si_P,-2.913553094,-6.263524532,3.349971438,-2.913552999,-3.037296295,0.123743296,-2.913553094,1246.5
POSCAR_a6c2e3_62_Ba2Sb6Sn3_icsd_082529_Bi_Mn_Si,-4.357964366,-5.655172348,1.297207982,-4.357964516,-3.193209648,1.164754868,-4.357964366,1250.3
POSCAR_a6b7c4_12_Bi6Eu4Li7_icsd_428116_Mn_Bi_Rb,-2.939015481,-4.508734703,1.569719222,-2.939015388,-3.133625507,0.194610119,-2.939015481,1256
POSCAR_a12c11c6_12_Eu11Sb12Zn6_icsd_419343_Mg_Sb_Mn,-3.411500785,-4.884356022,1.472855237,-3.411500692,-3.258063316,0.153437376,-3.411500785,1266
POSCAR_a4b8e1_227_Na8Sb4Sn1_icsd_655768_Rb_Si_As,-2.765065144,-5.588302612,2.823237468,-2.765065193,-2.93435812,0.169292927,-2.765065144,1267.4
POSCAR_a6c3e4_11_Ba3P6Si4_icsd_029261_Bi_Si_Mn,-4.339642721,-4.437034607,0.097391886,-4.339642525,-3.193183422,1.146459103,-4.339642721,1268.7
POSCAR_a1b2c1_216_Li2Sb1Zn1_icsd_001243_Sb_Si_Cs,-2.452654605,-2.744316816,0.291662211,-2.4526546,-2.660207748,0.207553148,-2.452654605,1280.2
POSCAR_a1b2c1_216_Li2Sb1Zn1_icsd_001243_P_Sr_Rb,-2.19100103,-2.844763041,0.653762011,-2.191000938,-3.230275631,1.039274693,-2.19100103,1295
POSCAR_a6b7c4_12_Bi6Eu4Li7_icsd_428116_Mn_Bi_Cs,-2.835965178,-4.025446892,1.189481714,-2.835965157,-3.028312683,0.192347526,-2.835965178,1345.7
POSCAR_a3c2_13_As3Ca2_icsd_043876_Mn_As,-4.867612809,-10.95079994,6.083187131,-4.867612839,-4.597175598,0.270437241,-4.867612809,1361.8
POSCAR_a5b6c1_59_Bi5K6Zn1_icsd_238106_K_Mn_Bi,-2.884018863,-4.133782387,1.249763524,-2.884018898,-3.089824677,0.205805779,-2.884018863,1363.6
POSCAR_a2c1_33_Cd1P2_icsd_062336_As_Mn,-4.865591751,-7.786836624,2.921244873,-4.865591526,-4.500653267,0.364938259,-4.865591751,1363.8
POSCAR_a1b1c1_216_As1Cd1Li1_icsd_609966_P_Mn_Na,-3.59711555,-2.925811768,0.671303782,-3.597115517,-4.353199005,0.756083488,-3.59711555,1366.8
POSCAR_a1b1c1_186_Li1Sb1Zn1_icsd_042064_Sb_Mn_Rb,-2.955344297,-3.193816662,0.238472365,-2.9553442,-3.456484318,0.501140118,-2.955344297,1370.5
POSCAR_a3c2_14_Sb3Sr2_icsd_032033_Mn_Sb,-4.355185515,-9.578620911,5.223435396,-4.355185509,-3.907951355,0.447234154,-4.355185515,1372.7
POSCAR_a2c1_7_As2Ba1_icsd_414139_As_Mn,-4.854876622,-6.426199436,1.571322814,-4.854876518,-4.420945168,0.43393135,-4.854876622,1374.5
POSCAR_a5b6c1_59_Bi5K6Zn1_icsd_238106_Cs_Mn_Sb,-2.894594706,-3.894065142,0.999470436,-2.894594669,-2.943147421,0.048552752,-2.894594706,1405.7
POSCAR_a3c1_12_As3Sr1_icsd_611440_Mn_Sb,-4.3202286,-3.279405832,1.040822768,-4.320228577,-3.441303253,0.878925324,-4.3202286,1407.6
POSCAR_a4c1_92_As4Mg1_icsd_001079_As_Mn,-4.815343695,-6.482683182,1.667339487,-4.815343857,-4.161822319,0.653521538,-4.815343695,1414.1
POSCAR_a1b2c1_216_Li2Sb1Zn1_icsd_001243_P_Ca_Cs,-2.116812545,-2.837840796,0.721028251,-2.116812468,-3.09133172,0.974519252,-2.116812545,1415.3
POSCAR_a2c1c2_62_Ba1Sb2Zn2_icsd_032020_As_Zn_Mn,-3.376288846,-5.32882309,1.952534244,-3.376288891,-3.359370947,0.016917944,-3.376288846,1435.9
POSCAR_a2c1_1_Be1P2_icsd_002262_Sb_Mn,-4.290030323,-6.755970001,2.465939678,-4.290030479,-3.735239506,0.554790973,-4.290030323,1437.8
POSCAR_a14c11c8_12_Ba11Bi14Cd8_icsd_240338_Sb_Mn_Mn,-4.748482158,-8.755361557,4.006879399,-4.748482227,-5.109034061,0.360551834,-4.748482158,1476.2
POSCAR_a1b2c1_216_Li2Sb1Zn1_icsd_001243_Bi_Mn_Li,-3.101964333,-2.897170782,0.204793551,-3.101964235,-3.551026821,0.449062586,-3.101964333,1482
POSCAR_a1b1c1_186_Li1Sb1Zn1_icsd_042064_Bi_Mn_K,-2.752791328,-3.231524944,0.478733616,-2.752791405,-3.525357485,0.77256608,-2.752791328,1494.8
POSCAR_a1b2c1_216_Li2Sb1Zn1_icsd_001243_As_Mn_Li,-3.565085063,-2.972236156,0.592848907,-3.565085173,-4.417927742,0.852842569,-3.565085063,1507.2
POSCAR_a9c4c9_55_Bi9Cd4Sr9_icsd_058763_Cd_As_Mn,-3.160030339,-6.067621708,2.907591369,-3.160030365,-3.064777374,0.095252991,-3.160030339,1526.9
POSCAR_a5c1_11_P5Yb1_icsd_409180_Sb_Mn,-4.177506656,-5.592218876,1.41471222,-4.177506447,-3.114706278,1.062800169,-4.177506656,1550.4
POSCAR_a2c1c2_164_Ca1P2Zn2_icsd_619477_Bi_Mn_Zn,-2.698293288,-2.689361334,0.008931954,-2.698293209,-2.874154329,0.17586112,-2.698293288,1554.8
POSCAR_a10c1_36_Ba1P10_icsd_035295_Bi_Mn,-3.983710046,-3.772527218,0.211182828,-3.983710051,-3.545665979,0.438044072,-3.983710046,1577.9
POSCAR_a7c12c2_174_Mn12P7Yb2_icsd_602711_As_Ca_Mn,-3.880135067,-5.102149963,1.222014896,-3.880135059,-4.175349712,0.295214653,-3.880135067,1591.7
POSCAR_a2b4c1_20_Bi2K4Zn1_icsd_192439_Li_Mn_Bi,-2.986500974,-3.983961105,0.997460131,-2.986500978,-2.842540264,0.143960714,-2.986500974,1597.4
POSCAR_a8c11e2_139_Bi8Sn2Yb11_icsd_263134_Hg_P_Si,-2.420966029,-2.544466734,0.123500705,-2.42096591,-2.283764362,0.137201548,-2.420966029,1625.3
POSCAR_a2c1c2_164_Ca1P2Zn2_icsd_619477_As_Mn_Mn,-4.93949304,-3.575454712,1.364038328,-4.939493179,-4.99379921,0.054306031,-4.93949304,1647.1
POSCAR_a8c1_2_Ba1P8_icsd_096544_As_Mn,-4.564265856,-6.630254745,2.065988889,-4.564265728,-3.857591867,0.706673861,-4.564265856,1665.1
POSCAR_a5b11c2_2_Cd2K11Sb5_icsd_425646_Sb_Na_Mn,-2.777848974,-9.194434166,6.416585192,-2.777848959,-2.9283216,0.150472641,-2.777848974,1682.5
POSCAR_a2b4c1_12_Cd1K4P2_icsd_061084_Bi_K_Mn,-2.517708246,-3.144648552,0.626940306,-2.517708302,-3.220671892,0.70296359,-2.517708246,1729.9
POSCAR_a5b11c2_2_Cd2K11Sb5_icsd_425646_As_Na_Mn,-2.974270043,-8.653182983,5.67891294,-2.974270105,-3.195520878,0.221250773,-2.974270043,1771.1
POSCAR_a2b4c1_20_Bi2K4Zn1_icsd_192439_Na_Mn_P,-3.122408591,-4.588962078,1.466553487,-3.122408628,-3.357938051,0.235529423,-3.122408591,1841.5
POSCAR_a5b11c2_2_Cd2K11Sb5_icsd_425646_As_Rb_Mn,-2.621938717,-7.44848156,4.826542843,-2.621938705,-3.176125526,0.554186821,-2.621938717,1936.5
POSCAR_a5c6_167_Cd6Sb5_icsd_420110_P_Yb,-4.290836237,-8.448602676,4.157766439,-4.290836334,-4.31393671,0.023100376,-4.290836237,
POSCAR_a3c1_12_As3Sr1_icsd_611440_Yb_Sb,-3.908427259,-3.092804909,0.81562235,-3.908427238,-2.950559855,0.957867383,-3.908427259,
POSCAR_a2c1_92_Cd1P2_icsd_062336_Sb_Yb,-3.795377756,-4.39609766,0.600719904,-3.795377731,-3.164315224,0.631062507,-3.795377756,
POSCAR_a3c2_52_Bi3Sr2_icsd_106329_Yb_Sb,-3.817605636,-4.426553726,0.60894809,-3.817605734,-3.333849907,0.483755827,-3.817605636,
POSCAR_a4c1_9_Mn1P4_icsd_001829_P_Yb,-5.057752383,-12.04722404,6.989471657,-5.057752609,-4.073081493,0.984671116,-5.057752383,
POSCAR_a1c1_189_As1Eu1_icsd_026265_Yb_Sb,-3.728942249,-4.453183174,0.724240925,-3.728942156,-3.418278694,0.310663462,-3.728942249,
POSCAR_a1c1_189_As1Eu1_icsd_026265_Yb_Bi,-3.563061921,-3.724500656,0.161438735,-3.563061953,-3.238386154,0.324675799,-3.563061921,
POSCAR_a2c1_98_As2Cd1_icsd_020518_P_Yb,-4.798498053,-3.429944277,1.368553776,-4.798498154,-4.356802464,0.44169569,-4.798498053,
POSCAR_a10c11_139_Eu11Sb10_icsd_008152_Yb_Sb,-3.680196355,-13.64081764,9.960621285,-3.680196285,-3.519361019,0.160835266,-3.680196355,
POSCAR_a2c1_7_As2Ba1_icsd_414139_As_Yb,-4.309854167,-5.337088108,1.027233941,-4.309854031,-4.003023148,0.306830883,-4.309854167,
POSCAR_a4c3e2_15_As4Si2Sr3_icsd_016453_Yb_Si_Sb,-4.071586,-5.146400452,1.074814452,-4.071586132,-3.180341005,0.891245127,-4.071586,
POSCAR_a2c2e1_14_As2Ba2Ge1_icsd_035151_P_Sn_Yb,-4.413685053,-5.538214684,1.124529631,-4.413684845,-4.019951344,0.393733501,-4.413685053,
POSCAR_a2c1c2_62_Ba1Sb2Zn2_icsd_032020_P_Yb_Mg,-3.873212399,-4.782014847,0.908802448,-3.873212337,-3.966765165,0.093552828,-3.873212399,
POSCAR_a9c7d4_59_Ba7Ga4Sb9_icsd_060583_As_Yb_Ga,-4.017580039,-9.146404266,5.128824227,-4.017580032,-3.907858133,0.109721899,-4.017580039,
POSCAR_a9c4c9_55_Bi9Cd4Sr9_icsd_058763_Yb_Bi_Be,-3.50186733,-6.842411995,3.340544665,-3.501867294,-3.374343872,0.127523422,-3.50186733,
POSCAR_a6b7c4_12_Bi6Eu4Li7_icsd_428116_Yb_P_K,-3.181571502,-4.653095245,1.471523743,-3.181571484,-3.846364021,0.664792537,-3.181571502,
POSCAR_a2c1c2_8_As2Ca2Cd1_icsd_422578_Yb_As_Be,-4.133146139,-6.293212414,2.160066275,-4.133146286,-4.175410748,0.042264462,-4.133146139,
POSCAR_a4c2e1_62_As4Cd2Ge1_icsd_042132_Ge_Bi_Yb,-3.754554908,-4.153017998,0.39846309,-3.754554987,-2.863969088,0.890585899,-3.754554908,
POSCAR_a12c11c6_12_Eu11Sb12Zn6_icsd_419343_Yb_Bi_Sr,-3.319698782,-5.086119652,1.76642087,-3.319698811,-3.188054323,0.131644488,-3.319698782,
POSCAR_a4c3e2_15_As4Si2Sr3_icsd_016453_Yb_Pb_P,-4.383998773,-5.598158836,1.214160063,-4.383998871,-4.006926537,0.377072334,-4.383998773,
POSCAR_a6c6d2_64_Ba6Ga2P6_icsd_402177_As_Yb_Ga,-4.085598966,-7.19365406,3.108055094,-4.085598946,-3.921380997,0.164217949,-4.085598966,
POSCAR_a1b2c1_216_Li2Sb1Zn1_icsd_001243_Sb_Yb_Li,-2.839651073,-2.834974289,0.004676784,-2.839651108,-3.113262892,0.273611784,-2.839651073,
POSCAR_a2c1d2_10_As2Ga2Sr1_icsd_422527_Yb_P_In,-4.130924387,-5.420982361,1.290057974,-4.130924225,-3.978629589,0.152294636,-4.130924387,
POSCAR_a6c6d2_64_Ba6Ga2P6_icsd_402177_Sb_Yb_Ga,-3.637241187,-7.674238205,4.036997018,-3.637241125,-3.426440239,0.210800886,-3.637241187,
POSCAR_a2c1c2_164_Ca1P2Zn2_icsd_619477_Sb_Yb_Yb,-3.496334802,-2.98237896,0.513955842,-3.496334791,-3.50551796,0.009183169,-3.496334802,
POSCAR_a5c8e3_139_Ge3Sb5Yb8_icsd_170575_P_Ge_Yb,-4.201586803,-8.480031013,4.27844421,-4.201586723,-3.752609968,0.448976755,-4.201586803,
POSCAR_a12b7c12_12_Mn12Rb7Sb12_icsd_237459_Sb_Yb_Cs,-3.105492932,-4.888724804,1.783231872,-3.10549283,-3.21228981,0.10679698,-3.105492932,
POSCAR_a2c1e2_105_As2Ba1Ge2_icsd_026417_P_Si_Yb,-5.160807193,-5.737177849,0.576370656,-5.160807133,-3.579216003,1.58159113,-5.160807193,
POSCAR_a2c1e2_166_As2Sn2Sr1_icsd_611428_Yb_P_Si,-5.069304274,-3.058816195,2.010488079,-5.069304466,-3.618297577,1.451006889,-5.069304274,
POSCAR_a1c1d1_62_Cd1Sb1Tl1_icsd_009572_P_In_Yb,-3.917834818,-4.142380714,0.224545896,-3.917834759,-3.78837204,0.129462719,-3.917834818,
POSCAR_a2c1c1_129_Bi2Ca1Mn1_icsd_010454_Yb_Cd_Sb,-3.171850256,-2.837302685,0.334547571,-3.171850204,-2.938482761,0.233367443,-3.171850256,
POSCAR_a2b1c2_139_Cs1Mn2P2_icsd_095837_Rb_Bi_Yb,-2.99156159,-2.873633146,0.117928444,-2.991561651,-3.080240726,0.088679075,-2.99156159,
POSCAR_a9c4c9_55_Bi9Cd4Sr9_icsd_058763_Yb_Sb_Sr,-3.46441484,-7.210469246,3.746054406,-3.464414835,-3.443975687,0.020439148,-3.46441484,
POSCAR_a2c1d2_11_Ba1In2P2_icsd_260564_P_Yb_Ga,-4.331690251,-5.509531975,1.177841724,-4.331690311,-4.184121609,0.147568702,-4.331690251,
POSCAR_a7c12c2_174_Mn12P7Yb2_icsd_602711_Bi_Yb_Mn,-3.068501708,-4.953534603,1.885032895,-3.068501711,-3.367159843,0.298658132,-3.068501708,
POSCAR_a4c1e3_62_Eu1Sb4Sn3_icsd_411250_Yb_As_Si,-4.785770468,-5.562395573,0.776625105,-4.785770416,-3.316322803,1.469447613,-4.785770468,
POSCAR_a8c11e2_139_Bi8Sn2Yb11_icsd_263134_Yb_As_Sn,-4.029576989,-10.8186655,6.789088511,-4.029576778,-3.792676449,0.236900329,-4.029576989,
POSCAR_a2c1c2_36_Eu2P2Zn1_icsd_426081_Sn_Bi_Yb,-3.831473886,-3.219890118,0.611583768,-3.831473827,-2.837710381,0.993763446,-3.831473886,
POSCAR_a1b1c1_33_As1Cd1Na1_icsd_009571_K_Bi_Yb,-2.89780617,-3.390323639,0.492517469,-2.897806168,-3.215296745,0.317490577,-2.89780617,
POSCAR_a5b1c2_36_As5Ba2K1_icsd_414140_Rb_As_Yb,-4.022262112,-4.940132141,0.917870029,-4.022262096,-3.914670944,0.107591152,-4.022262112,
POSCAR_a2c1c1_129_Bi2Ca1Mn1_icsd_010454_Be_Yb_P,-4.716002296,-3.770889282,0.945113014,-4.716002464,-4.391718388,0.324284076,-4.716002296,
POSCAR_a2c1c2_8_As2Ca2Cd1_icsd_422578_Mg_As_Yb,-3.616212782,-4.884055138,1.267842356,-3.616212845,-3.643038988,0.026826143,-3.616212782,
POSCAR_a5c8e3_139_Ge3Sb5Yb8_icsd_170575_P_Si_Yb,-4.311645757,-7.988635063,3.676989306,-4.311645985,-3.764146805,0.54749918,-4.311645757,
POSCAR_a2c2e1_14_As2Ba2Ge1_icsd_035151_As_Si_Yb,-4.426221373,-5.145849228,0.719627855,-4.426221371,-3.681913853,0.744307518,-4.426221373,
POSCAR_a1c1d1_62_Cd1Sb1Tl1_icsd_009572_P_Al_Yb,-4.267119292,-4.070879459,0.196239833,-4.267119408,-3.952405691,0.314713717,-4.267119292,
POSCAR_a3b1c4_166_As3Cd4Rb1_icsd_262037_P_Cs_Yb,-3.770840696,-3.433065653,0.337775043,-3.770840645,-3.996423483,0.225582838,-3.770840696,
POSCAR_a5b1c2_36_As5Ba2K1_icsd_414140_Cs_As_Yb,-3.973281741,-5.004446983,1.031165242,-3.973281622,-3.983697891,0.010416269,-3.973281741,
POSCAR_a1b2c1_225_Cd1Li2Sb1_icsd_052815_As_Rb_Yb,-2.214925208,-2.877067089,0.662141881,-2.214925289,-3.174823999,0.95989871,-2.214925208,
POSCAR_a1b1c1_129_Mn1Na1Sb1_icsd_060735_Cs_Yb_Bi,-2.852839087,-2.906686783,0.053847696,-2.852838993,-2.97973299,0.126893997,-2.852839087,
POSCAR_a2b4c1_20_Bi2K4Zn1_icsd_192439_Cs_Yb_Bi,-2.189179141,-2.703894854,0.514715713,-2.189179182,-2.574976444,0.385797262,-2.189179141,
POSCAR_a3b1c4_166_As3Cd4Rb1_icsd_262037_Bi_Li_Yb,-3.194527119,-3.163118124,0.031408995,-3.194527149,-3.169253111,0.025274038,-3.194527119,
POSCAR_a2c2d1_79_Sb2Tl1Zn2_icsd_076499_P_Ga_Yb,-4.221487446,-4.059434891,0.162052555,-4.221487522,-4.143304825,0.078182697,-4.221487446,
POSCAR_a1b1c1_216_As1Cd1Li1_icsd_609966_P_Yb_K,-3.075297263,-2.805695534,0.269601729,-3.075297356,-3.887450218,0.812152862,-3.075297263,
POSCAR_a5c5d4_104_Ba5Bi5In4_icsd_054853_Al_Bi_Yb,-3.429350987,-6.084514141,2.655163154,-3.429351091,-3.017582417,0.411768674,-3.429350987,
POSCAR_a5c2d5_62_Ba2In5P5_icsd_161774_As_Yb_Al,-4.34480831,-8.065217972,3.720409662,-4.344808102,-3.449896097,0.894912005,-4.34480831,
POSCAR_a2c1c2_164_Ca1P2Zn2_icsd_619477_Bi_Sr_Yb,-3.427712768,-2.967681885,0.460030883,-3.427712679,-3.307762146,0.119950533,-3.427712768,
POSCAR_a3c3d1_62_Ca3In1P3_icsd_060125_Bi_Yb_Tl,-3.325207728,-5.18441534,1.859207612,-3.32520771,-2.931284428,0.393923282,-3.325207728,
POSCAR_a2c1e2_105_As2Ba1Ge2_icsd_026417_As_Pb_Yb,-3.896202571,-4.831415176,0.935212605,-3.896202564,-3.036710501,0.859492063,-3.896202571,
POSCAR_a2c1c2_62_Ba1Sb2Zn2_icsd_032020_As_Cd_Yb,-2.975669067,-3.67403245,0.698363383,-2.975669146,-2.992586374,0.016917228,-2.975669067,
POSCAR_a4c2c3_64_Ba2Bi4Cd3_icsd_416446_Mn_Yb_Sb,-4.117368802,-6.215220451,2.097851649,-4.117368698,-4.253097534,0.135728836,-4.117368802,
POSCAR_a5c2d5_62_Ba2In5P5_icsd_161774_P_Yb_Ga,-4.338716069,-9.661799431,5.323083362,-4.33871603,-4.19816494,0.14055109,-4.338716069,
POSCAR_a4c3d2_58_Eu3In2P4_icsd_170634_Yb_P_In,-4.358264972,-5.01627636,0.658011388,-4.358264923,-4.195112228,0.163152695,-4.358264972,
POSCAR_a2b4c1_12_Cd1K4P2_icsd_061084_Sb_K_Yb,-2.390749193,-3.364319324,0.973570131,-2.390749216,-3.220707893,0.829958677,-2.390749193,
POSCAR_a4c1e3_62_Eu1Sb4Sn3_icsd_411250_Yb_Bi_Sn,-3.881723306,-4.489974976,0.60825167,-3.881723404,-2.737129688,1.144593716,-3.881723306,
POSCAR_a2b4c1_20_Bi2K4Zn1_icsd_192439_K_Yb_P,-2.686509817,-4.293886662,1.607376845,-2.686509848,-3.477618456,0.791108608,-2.686509817,
POSCAR_a7b4c7_63_As7Rb4Zn7_icsd_237457_Yb_P_Li,-3.871144343,-7.799889565,3.928745222,-3.871144295,-4.210292339,0.339148044,-3.871144343,
POSCAR_a2c1c2_139_Ba1Mn2P2_icsd_077668_P_Yb_Ca,-3.91111278,-3.081462383,0.829650397,-3.911112785,-3.9715662,0.060453415,-3.91111278,
POSCAR_a5c5d4_104_Ba5Bi5In4_icsd_054853_Ga_Sb_Yb,-3.434449944,-7.079055786,3.644605842,-3.434449911,-3.461821079,0.027371168,-3.434449944,
POSCAR_a3c3d2_12_Cd3Sb3Tl2_icsd_076500_P_In_Yb,-3.989154168,-4.894942284,0.905788116,-3.9891541,-3.933465242,0.055688858,-3.989154168,
POSCAR_a2c1c2_62_Ba1Sb2Zn2_icsd_032020_Bi_Yb_Zn,-2.95373679,-3.729180574,0.775443784,-2.953736782,-2.920440674,0.033296108,-2.95373679,
POSCAR_a4c3e2_15_As4Si2Sr3_icsd_016453_Yb_Ge_Bi,-3.745421281,-3.952745438,0.207324157,-3.745421171,-3.182461977,0.562959194,-3.745421281,
POSCAR_a2c1c2_139_Ba1Mn2P2_icsd_077668_Sb_Yb_Yb,-3.193885028,-2.841783047,0.352101981,-3.193885088,-3.324633837,0.130748749,-3.193885028,
POSCAR_a2b4c1_166_As2Cd1K4_icsd_300190_Na_Bi_Yb,-2.39259057,-3.010814905,0.618224335,-2.392590523,-2.945487976,0.552897453,-2.39259057,
POSCAR_a3b1c4_166_As3Cd4Rb1_icsd_262037_P_Na_Yb,-3.901017138,-3.489622593,0.411394545,-3.901017189,-3.985467911,0.084450722,-3.901017138,
POSCAR_a2c1c1_139_Ba1Bi2Mn1_icsd_615787_Pb_P_Yb,-4.478847818,-3.484660625,0.994187193,-4.47884798,-4.118904591,0.359943389,-4.478847818,
POSCAR_a6c5d2_55_Ca5Ga2Sb6_icsd_036466_P_Yb_Al,-4.721003875,-6.351011276,1.630007401,-4.721004009,-4.325401783,0.395602226,-4.721003875,
POSCAR_a6c5d2_55_Ca5Ga2Sb6_icsd_036466_Sb_Yb_In,-3.641182417,-5.012147903,1.370965486,-3.641182423,-3.316717625,0.324464798,-3.641182417,
POSCAR_a2c2d1_79_Sb2Tl1Zn2_icsd_076499_Bi_Ga_Yb,-3.383040987,-3.555695534,0.172654547,-3.383040905,-3.132740974,0.250299931,-3.383040987,
POSCAR_a9c4c9_55_Bi9Cd4Sr9_icsd_058763_Yb_Sb_Yb,-3.477800757,-7.376553535,3.898752778,-3.477800846,-3.44920969,0.028591156,-3.477800757,
POSCAR_a2b4c1_12_Cd1K4P2_icsd_061084_Sb_Cs_Yb,-2.244024263,-3.879567623,1.63554336,-2.244024277,-2.765193462,0.521169185,-2.244024263,
POSCAR_a4c2c3_12_As4Ba3Zn2_icsd_424760_Sb_Yb_Ba,-3.769273813,-3.456943512,0.312330301,-3.769273758,-3.69389081,0.075382948,-3.769273813,
POSCAR_a1b1c1_216_As1Cd1Li1_icsd_609966_P_Yb_Rb,-2.945332273,-2.773308754,0.172023519,-2.945332289,-3.721563101,0.776230812,-2.945332273,
POSCAR_a2c1c1_62_Mn1Sb2Sr1_icsd_643539_Ge_Yb_Sb,-3.814728788,-3.648543119,0.166185669,-3.814728737,-3.281486034,0.533242703,-3.814728788,
POSCAR_a9c7d4_59_Ba7Ga4Sb9_icsd_060583_Bi_Yb_Ga,-3.446613583,-6.705365181,3.258751598,-3.44661355,-3.043539762,0.403073788,-3.446613583,
POSCAR_a2b1c2_139_Cs1Mn2P2_icsd_095837_Na_P_Yb,-3.828853696,-3.083100319,0.745753377,-3.828853607,-4.011658669,0.182805062,-3.828853696,
POSCAR_a2c1c2_8_As2Ca2Cd1_icsd_422578_Yb_P_Sr,-4.133404568,-5.950226784,1.816822216,-4.133404732,-4.165801525,0.032396793,-4.133404568,
POSCAR_a2c1c1_129_Bi2Ca1Mn1_icsd_010454_Pb_Yb_As,-3.79714017,-3.330097198,0.467042972,-3.797140121,-3.20075655,0.596383571,-3.79714017,
POSCAR_a4b2c5_63_As4Rb2Zn5_icsd_250688_Yb_As_Li,-3.561732434,-6.152700901,2.590968467,-3.561732531,-3.909659863,0.347927332,-3.561732434,
POSCAR_a1b1c1_33_As1Cd1Na1_icsd_009571_Rb_Sb_Yb,-2.932961266,-3.408257246,0.47529598,-2.932961226,-3.170359612,0.237398386,-2.932961266,
POSCAR_a2c1c1_129_Bi2Ca1Mn1_icsd_010454_Sn_Yb_Sb,-3.661098545,-3.065937996,0.595160549,-3.66109848,-3.155399799,0.505698681,-3.661098545,
POSCAR_a6c2e3_62_Ba2Sb6Sn3_icsd_082529_Sb_Yb_Sn,-3.935828443,-6.06637907,2.130550627,-3.935828447,-2.986600399,0.949228048,-3.935828443,
POSCAR_a2c1c2_62_Ba1Sb2Zn2_icsd_032020_Sb_Sr_Yb,-3.560396377,-4.200614929,0.640218552,-3.560396433,-3.503130198,0.057266235,-3.560396377,
POSCAR_a1c1e1_129_Eu1P1Sn1_icsd_095081_Yb_As_Si,-4.396210128,-3.157721519,1.238488609,-4.396210194,-3.618890047,0.777320147,-4.396210128,
POSCAR_a2c1e2_160_As2Sn2Sr1_icsd_611428_Yb_Bi_Sn,-3.803769186,-2.873388052,0.930381134,-3.803769112,-2.99301362,0.810755492,-3.803769186,
POSCAR_a2c1d2_194_Ca1In2P2_icsd_260562_Bi_Yb_In,-3.304713476,-3.334267139,0.029553663,-3.304713488,-2.93346262,0.371250868,-3.304713476,
POSCAR_a1b1c1_187_As1K1Zn1_icsd_010459_Yb_Cs_As,-2.328818843,-3.039658308,0.710839465,-2.328818798,-3.1387918,0.809973002,-2.328818843,
POSCAR_a12b7c12_12_Mn12Rb7Sb12_icsd_237459_Bi_Yb_Rb,-3.000197179,-4.502181053,1.501983874,-3.000197172,-3.117107391,0.116910219,-3.000197179,
POSCAR_a12c11c6_12_Eu11Sb12Zn6_icsd_419343_Yb_P_Pb,-4.258241692,-6.069396973,1.811155281,-4.258241653,-3.969130039,0.289111614,-4.258241692,
POSCAR_a1b1c1_187_As1K1Zn1_icsd_010459_Yb_Cs_Bi,-2.231018277,-2.946036816,0.715018539,-2.231018305,-2.802125454,0.571107149,-2.231018277,
POSCAR_a7b4c7_63_As7Rb4Zn7_icsd_237457_Yb_As_Rb,-3.400182105,-6.701713562,3.301531457,-3.400182009,-3.447961807,0.047779798,-3.400182105,
POSCAR_a9c4c9_55_Bi9Cd4Sr9_icsd_058763_Hg_P_Yb,-2.851475817,-3.33132267,0.479846853,-2.851475716,-2.847911358,0.003564358,-2.851475817,
POSCAR_a2c1d2_11_Ba1In2P2_icsd_260564_Sb_Yb_Tl,-3.163481252,-4.4290061,1.265524848,-3.163481236,-2.681921005,0.481560231,-3.163481252,
POSCAR_a4c2c3_12_As4Ba3Zn2_icsd_424760_P_Sr_Yb,-4.288162163,-3.769997597,0.518164566,-4.288162231,-4.221662045,0.066500186,-4.288162163,
POSCAR_a1b1c1_129_Mn1Na1Sb1_icsd_060735_K_Yb_Sb,-3.010542755,-2.982032061,0.028510694,-3.01054287,-3.267991781,0.257448911,-3.010542755,
POSCAR_a2c1c2_36_Eu2P2Zn1_icsd_426081_Mn_P_Yb,-5.008368104,-4.593156815,0.415211289,-5.008368015,-5.043681145,0.03531313,-5.008368104,
POSCAR_a3c3d1_64_Al1Ba3Sb3_icsd_032728_P_Yb_Ga,-4.427616842,-7.736441612,3.30882477,-4.427617073,-4.343849182,0.083767891,-4.427616842,
POSCAR_a2c1c1_139_Ba1Bi2Mn1_icsd_615787_Mn_Bi_Yb,-3.86740835,-3.452696323,0.414712027,-3.867408276,-3.599238396,0.26816988,-3.86740835,
POSCAR_a2c1d2_62_Eu1Ga2Sb2_icsd_182776_Yb_As_Tl,-3.388071826,-5.02791214,1.639840314,-3.388071775,-3.155065536,0.233006239,-3.388071826,
POSCAR_a1b1c1_186_Li1Sb1Zn1_icsd_042064_Bi_Yb_K,-2.84179303,-2.967095137,0.125302107,-2.84179306,-3.100882292,0.259089232,-2.84179303,
POSCAR_a4c3e2_14_As4Ge2Sr3_icsd_016454_Yb_Si_Bi,-3.903030156,-4.670381069,0.767350913,-3.903030157,-3.088988781,0.814041376,-3.903030156,
POSCAR_a2c1c1_129_Bi2Ca1Mn1_icsd_010454_Ca_Yb_Bi,-3.479885805,-3.113624096,0.366261709,-3.479885817,-3.24552393,0.234361887,-3.479885805,
POSCAR_a9c11d1_45_Ca11In1Sb9_icsd_042371_Bi_Yb_Al,-3.537722041,-8.392986298,4.855264257,-3.537722111,-3.129068851,0.40865326,-3.537722041,
POSCAR_a2c1d2_62_Eu1Ga2Sb2_icsd_182776_Yb_Bi_In,-3.308166498,-4.528660774,1.220494276,-3.308166504,-2.728301525,0.579864979,-3.308166498,
POSCAR_a2c1c1_129_Bi2Ca1Mn1_icsd_010454_Yb_Ba_Bi,-3.313246665,-3.088954687,0.224291978,-3.313246727,-3.006868362,0.306378365,-3.313246665,
POSCAR_a4c3d2_62_Al2Ba3P4_icsd_423778_P_Yb_In,-4.262281183,-10.32571888,6.063437697,-4.262281418,-4.170031548,0.09224987,-4.262281183,
POSCAR_a2c1c2_72_As2Ba2Zn1_icsd_421423_Sr_Bi_Yb,-3.285791976,-3.416543961,0.130751985,-3.285791874,-3.304793596,0.019001722,-3.285791976,
POSCAR_a6b7c4_12_Bi6Eu4Li7_icsd_428116_Yb_Bi_Rb,-2.586742249,-3.484045982,0.897303733,-2.586742163,-3.082877159,0.496134996,-2.586742249,
POSCAR_a2c1e1_225_Hg1P2Si1_icsd_247969_As_Sn_Yb,-4.174698079,-3.430935144,0.743762935,-4.174697876,-3.569800854,0.604897022,-4.174698079,
POSCAR_a4c3e2_15_As4Si2Sr3_icsd_016453_Yb_Ge_Sb,-3.902863643,-5.212378502,1.309514859,-3.902863741,-3.347486019,0.555377722,-3.902863643,
POSCAR_a1b1c1_186_Li1Sb1Zn1_icsd_042064_Bi_Yb_Na,-2.959769695,-3.014731169,0.054961474,-2.959769726,-3.027690172,0.067920446,-2.959769695,
POSCAR_a9c4c9_55_Bi9Cd4Sr9_icsd_058763_Yb_Bi_Sn,-3.591733934,-5.89070797,2.298974036,-3.591733932,-3.044688463,0.547045469,-3.591733934,
POSCAR_a2c1e1_225_Hg1P2Si1_icsd_247969_As_Pb_Yb,-3.919725599,-3.407018185,0.512707414,-3.919725657,-3.646853924,0.272871733,-3.919725599,
POSCAR_a2b4c1_12_Cd1K4P2_icsd_061084_As_K_Yb,-2.53155235,-3.049219131,0.517666781,-2.531552315,-3.362491846,0.830939531,-2.53155235,
POSCAR_a5b1c2_36_As5Ba2K1_icsd_414140_Li_Bi_Yb,-3.581587051,-3.518947601,0.06263945,-3.581587076,-2.851507664,0.730079412,-3.581587051,
POSCAR_a2b4c1_12_Cd1K4P2_icsd_061084_Sb_Li_Yb,-3.219999841,-3.179582357,0.040417484,-3.21999979,-2.972084045,0.247915745,-3.219999841,
POSCAR_a1c1d1_62_Cd1Sb1Tl1_icsd_009572_Sb_Tl_Yb,-3.244673456,-4.029443741,0.784770285,-3.244673491,-2.945369005,0.299304486,-3.244673456,
POSCAR_a5c2d5_62_Ba2In5P5_icsd_161774_Sb_Yb_Ga,-3.552472041,-7.164000511,3.61152847,-3.552472115,-3.250977993,0.301494122,-3.552472041,
POSCAR_a9c4c9_55_Bi9Cd4Sr9_icsd_058763_Yb_Bi_Sr,-3.325365499,-6.258924484,2.933558985,-3.325365543,-3.241178036,0.084187507,-3.325365499,
POSCAR_a2c1d2_62_Eu1Ga2Sb2_icsd_182776_Yb_Bi_Al,-3.693868388,-4.092802525,0.398934137,-3.693868399,-2.943906069,0.74996233,-3.693868388,
POSCAR_a2c1c1_62_Mn1Sb2Sr1_icsd_643539_Yb_Pb_P,-4.414483228,-4.291703701,0.122779527,-4.41448307,-4.195349216,0.219133854,-4.414483228,
POSCAR_a3c3d2_12_Cd3Sb3Tl2_icsd_076500_P_Tl_Yb,-3.890700014,-4.913939476,1.023239462,-3.890700102,-3.791772842,0.09892726,-3.890700014,
POSCAR_a5b6c1_59_Bi5K6Zn1_icsd_238106_K_Yb_P,-3.315372932,-5.856111526,2.540738594,-3.315372944,-3.741208076,0.425835132,-3.315372932,
POSCAR_a5c2d5_62_Ba2In5P5_icsd_161774_As_Yb_Ga,-3.981867329,-9.677124977,5.695257648,-3.981867313,-3.799117327,0.182749986,-3.981867329,
POSCAR_a2c1e1_122_As2Mg1Si1_icsd_182367_Bi_Yb_Pb,-3.377004386,-2.93666482,0.440339566,-3.377004385,-3.043689728,0.333314657,-3.377004386,
POSCAR_a4c2c3_12_As4Ba3Zn2_icsd_424760_P_Ge_Yb,-4.622893886,-3.691779375,0.931114511,-4.62289381,-4.313263416,0.309630394,-4.622893886,
POSCAR_a2c1c2_72_As2Ba2Zn1_icsd_421423_Hg_As_Yb,-3.320624314,-3.649837971,0.329213657,-3.320624352,-3.463615179,0.142990827,-3.320624314,
POSCAR_a2c1c1c1_36_Ba1Cd1Sb2Yb1_icsd_422280_P_Yb_Cd_Ca,-3.864543041,-3.620424032,0.244119009,-3.864542961,-3.894113779,0.029570818,-3.864543041,
POSCAR_a3b1c2c2_62_Ba2Cd2K1Sb3_icsd_420620_Bi_Cs_Yb_Be,-3.236122371,-5.348187447,2.112065076,-3.23612237,-3.3078475,0.07172513,-3.236122371,
POSCAR_a2b2c1c1_26_Ba1Cd1K2Sb2_icsd_422272_As_Cs_Zn_Yb,-2.887701334,-3.461102724,0.57340139,-2.887701273,-2.99124074,0.103539467,-2.887701334,
POSCAR_a2c1c1c1_36_Ba1Cd1Sb2Yb1_icsd_422280_P_Yb_Sr_Ba,-4.234337875,-3.711788654,0.522549221,-4.234337807,-4.145092964,0.089244843,-4.234337875,
POSCAR_a6b2c3c4_63_As6Ba4Cd3Li2_icsd_427778_Sb_Li_Mg_Yb,-3.14609031,-4.85923624,1.71314593,-3.146090269,-2.984693289,0.16139698,-3.14609031,
POSCAR_a2b1c1e1_2_As2Cd1Ge1Rb1_icsd_291310_Ge_Bi_Li_Yb,-3.604331757,-3.948632717,0.34430096,-3.604331732,-2.862938643,0.741393089,-3.604331757,
POSCAR_a3b4c1d1_7_Ca1Ga1Na4Sb3_icsd_291241_Sb_Yb_Al_Rb,-2.856279983,-7.651526451,4.795246468,-2.856280088,-3.031339645,0.175059557,-2.856279983,
POSCAR_a3b4c1d1_7_Ca1Ga1Na4Sb3_icsd_291241_P_Yb_Al_K,-3.422499468,-8.641852379,5.219352911,-3.422499418,-3.667211771,0.244712353,-3.422499468,
POSCAR_a6b2c3c4_63_As6Ba4Cd3Li2_icsd_427778_P_Rb_Yb_Sr,-3.67472628,-6.06669426,2.39196798,-3.674726248,-3.945485115,0.270758867,-3.67472628,
POSCAR_a6b2c3c4_63_As6Ba4Cd3Li2_icsd_427778_Bi_K_Yb_Ge,-3.285092186,-4.617780685,1.332688499,-3.285092115,-3.107622385,0.17746973,-3.285092186,
POSCAR_a3b1c2c2_62_Ba2Cd2K1Sb3_icsd_420620_As_Rb_Yb_Be,-3.80127252,-6.746541023,2.945268503,-3.801272631,-4.137674809,0.336402178,-3.80127252,
POSCAR_a2b2c1c1_26_Ba1Cd1K2Sb2_icsd_422272_Sb_Rb_Sr_Yb,-2.973502372,-3.553792477,0.580290105,-2.973502398,-3.217465639,0.243963241,-2.973502372,
POSCAR_a4b3c3d1_186_Al1Ca3Na3Sb4_icsd_291242_Cs_Yb_Al_P,-3.611935366,-5.98836422,2.376428854,-3.611935377,-3.504658222,0.107277155,-3.611935366,
POSCAR_a4b3c3d1_186_Al1Ca3Na3Sb4_icsd_291242_Na_Yb_Ga_P,-3.83318955,-7.249610901,3.416421351,-3.833189487,-3.834300041,0.001110554,-3.83318955,
POSCAR_a2b1c1e1_2_As2Cd1Ge1Rb1_icsd_291310_Si_As_Na_Yb,-4.003237854,-4.48239851,0.479160656,-4.003237724,-3.291445255,0.711792469,-4.003237854,
POSCAR_a3b1c2c2_62_Ba2Cd2K1Sb3_icsd_420620_Sb_Na_Si_Yb,-3.765559429,-5.066619873,1.301060444,-3.765559435,-3.170487881,0.595071554,-3.765559429,
POSCAR_a6b2c3c4_63_As6Ba4Cd3Li2_icsd_427778_P_Cs_Yb_Mn,-3.938546736,-6.645271301,2.706724565,-3.938546658,-4.317183495,0.378636837,-3.938546736,
POSCAR_a3b4c1d1_7_Ca1Ga1Na4Sb3_icsd_291241_Bi_Yb_Ga_Cs,-2.61894689,-3.971129417,1.352182527,-2.618946791,-2.640065193,0.021118402,-2.61894689,
POSCAR_a3b4c1d1_7_Ca1Ga1Na4Sb3_icsd_291241_Bi_Yb_Tl_Na,-2.756740365,-5.163974762,2.407234397,-2.756740332,-2.704422474,0.052317858,-2.756740365,
POSCAR_a3b1c2c2_62_Ba2Cd2K1Sb3_icsd_420620_Sb_Cs_Yb_Yb,-3.230744368,-5.62180233,2.391057962,-3.230744362,-3.337157726,0.106413364,-3.230744368,
POSCAR_a6b2c3c4_63_As6Ba4Cd3Li2_icsd_427778_Bi_Rb_Yb_Yb,-2.96963384,-4.825636864,1.856003024,-2.969633818,-3.108253479,0.138619661,-2.96963384,
POSCAR_a4b3c3d1_186_Al1Ca3Na3Sb4_icsd_291242_K_Yb_Tl_Sb,-2.98441344,-5.530694485,2.546281045,-2.984413385,-3.167057514,0.182644129,-2.98441344,
POSCAR_a4b3c3d1_186_Al1Ca3Na3Sb4_icsd_291242_Cs_Yb_Ga_Bi,-2.840832897,-4.389286041,1.548453144,-2.840832949,-2.79926157,0.041571379,-2.840832897,
POSCAR_a2c1c1c1_36_Ba1Cd1Sb2Yb1_icsd_422280_As_Mg_Yb_Sr,-3.703480927,-3.751573086,0.048092159,-3.703480959,-3.728381872,0.024900913,-3.703480927,
POSCAR_a2c1c1c1_36_Ba1Cd1Sb2Yb1_icsd_422280_P_Si_Yb_Ca,-4.766375425,-3.716055393,1.050320032,-4.766375542,-4.172800541,0.593575001,-4.766375425,
POSCAR_a3b1c2c2_62_Ba2Cd2K1Sb3_icsd_420620_Sb_K_Mn_Yb,-3.509646252,-6.283513069,2.773866817,-3.509646177,-3.764317036,0.254670859,-3.509646252,
POSCAR_a2b2c1c1_26_Ba1Cd1K2Sb2_icsd_422272_As_Li_Yb_Hg,-3.184423823,-3.641060829,0.456637006,-3.184423923,-2.92024827,0.264175653,-3.184423823,
POSCAR_a4b3c3d1_186_Al1Ca3Na3Sb4_icsd_291242_Li_Yb_In_Sb,-3.3933113,-6.597057343,3.203746043,-3.393311262,-3.308251381,0.085059881,-3.3933113,
POSCAR_a2b2c1c1_26_Ba1Cd1K2Sb2_icsd_422272_P_Cs_Yb_Sr,-3.259984287,-3.632950544,0.372966257,-3.259984255,-3.683051109,0.423066854,-3.259984287,
POSCAR_a6b2c3c4_63_As6Ba4Cd3Li2_icsd_427778_Sb_Na_Hg_Yb,-2.490143228,-2.544466734,0.054323506,-2.490143299,-2.453614712,0.036528587,-2.490143228,
POSCAR_a3b1c2c2_62_Ba2Cd2K1Sb3_icsd_420620_Sb_K_Yb_Hg,-2.716526696,-3.363947392,0.647420696,-2.716526747,-2.870482445,0.153955698,-2.716526696,
POSCAR_a3b1c2c2_62_Ba2Cd2K1Sb3_icsd_420620_Sb_Rb_Yb_Mg,-3.148729993,-5.046973228,1.898243235,-3.14873004,-3.290571213,0.141841173,-3.148729993,
POSCAR_a2c1c1c1_36_Ba1Cd1Sb2Yb1_icsd_422280_P_Hg_Mg_Yb,-3.41991529,-3.297348738,0.122566552,-3.419915199,-3.49669838,0.076783181,-3.41991529,
POSCAR_a2b2c1c1_26_Ba1Cd1K2Sb2_icsd_422272_Bi_Na_Mg_Yb,-2.732345369,-3.114301682,0.381956313,-2.732345343,-2.844773531,0.112428188,-2.732345369,
POSCAR_a2c1c1c1_36_Ba1Cd1Sb2Yb1_icsd_422280_Bi_Sr_Yb_Ca,-3.473138619,-3.218706608,0.254432011,-3.473138571,-3.35960865,0.113529921,-3.473138619,
POSCAR_a6b2c3c4_63_As6Ba4Cd3Li2_icsd_427778_Sb_K_Yb_Be,-3.180168228,-5.134658813,1.954490585,-3.180168152,-3.426707506,0.246539354,-3.180168228,
POSCAR_a2c1c1c1_36_Ba1Cd1Sb2Yb1_icsd_422280_As_Yb_Si_Mn,-4.688549558,-4.175647736,0.512901822,-4.688549519,-4.094961166,0.593588353,-4.688549558,
POSCAR_a4b3c3d1_186_Al1Ca3Na3Sb4_icsd_291242_Na_Yb_Tl_As,-3.368607766,-5.526759148,2.158151382,-3.368607759,-3.240709782,0.127897977,-3.368607766,
POSCAR_a2b2c1c1_26_Ba1Cd1K2Sb2_icsd_422272_As_Na_Si_Yb,-3.613742413,-3.642955303,0.02921289,-3.613742352,-3.315420628,0.298321724,-3.613742413,
POSCAR_a2b1c1e1_2_As2Cd1Ge1Rb1_icsd_291310_Sn_As_Cs_Yb,-3.727625985,-5.113681793,1.386055808,-3.727626085,-3.288708448,0.438917637,-3.727625985,
POSCAR_a2c1c1c1_36_Ba1Cd1Sb2Yb1_icsd_422280_Bi_Zn_Sn_Yb,-3.23474558,-2.952543974,0.282201606,-3.234745502,-2.757606506,0.477138996,-3.23474558,
POSCAR_a6b2c3c4_63_As6Ba4Cd3Li2_icsd_427778_Bi_Na_Ba_Yb,-3.325805838,-4.749167919,1.423362081,-3.325805902,-3.21604228,0.109763622,-3.325805838,
POSCAR_a6b2c3c4_63_As6Ba4Cd3Li2_icsd_427778_Sb_Na_Yb_Mn,-3.381776844,-5.236100674,1.85432383,-3.38177681,-3.394206762,0.012429952,-3.381776844,
POSCAR_a12b4c8d4_12_Al4Eu8Na4P12_icsd_409320_Yb_Cs_Ga_Bi,-3.118357319,-5.301984787,2.183627468,-3.11835742,-2.899977922,0.218379498,-3.118357319,
POSCAR_a4b3c3d1_186_Al1Ca3Na3Sb4_icsd_291242_Li_Yb_Al_P,-4.196670084,-6.734983444,2.53831336,-4.196670055,-4.084328651,0.112341404,-4.196670084,
POSCAR_a6b2c3c4_63_As6Ba4Cd3Li2_icsd_427778_As_Cs_Yb_Sn,-3.570676362,-5.933514595,2.362838233,-3.570676327,-3.407423735,0.163252592,-3.570676362,
POSCAR_a12b4c8d4_12_Al4Eu8Na4P12_icsd_409320_Yb_Li_Ga_P,-4.350287017,-8.795003891,4.444716874,-4.350286961,-4.288392067,0.061894894,-4.350287017,
POSCAR_a12b4c8d4_12_Al4Eu8Na4P12_icsd_409320_Yb_Na_In_Sb,-3.35934236,-8.042266846,4.682924486,-3.359342337,-3.10017395,0.259168387,-3.35934236,
POSCAR_a3b1c2c2_62_Ba2Cd2K1Sb3_icsd_420620_P_Li_Yb_Yb,-4.074497933,-7.05876255,2.984264617,-4.0744977,-4.189032078,0.114534378,-4.074497933,
POSCAR_a4b3c3d1_186_Al1Ca3Na3Sb4_icsd_291242_Li_Yb_Ga_Bi,-3.308593937,-5.093659878,1.785065941,-3.308593988,-3.015897512,0.292696476,-3.308593937,
POSCAR_a6b2c3c4_63_As6Ba4Cd3Li2_icsd_427778_Sb_Cs_Cd_Yb,-2.651166225,-2.992914915,0.34174869,-2.651166201,-2.892169714,0.241003513,-2.651166225,
POSCAR_a2b1c1e1_2_As2Cd1Ge1Rb1_icsd_291310_Pb_P_K_Yb,-3.836754011,-5.579540253,1.742786242,-3.836754084,-3.784621239,0.052132845,-3.836754012,
POSCAR_a3b1c2c2_62_Ba2Cd2K1Sb3_icsd_420620_P_Li_Yb_Cd,-3.624055428,-5.558906555,1.934851127,-3.624055386,-3.617871284,0.006184102,-3.624055428,
POSCAR_a3b4c1d1_7_Ca1Ga1Na4Sb3_icsd_291241_Bi_Yb_Ga_K,-2.770426257,-5.861780643,3.091354386,-2.770426273,-3.140422821,0.369996548,-2.770426257,
POSCAR_a4b3c3d1_186_Al1Ca3Na3Sb4_icsd_291242_Rb_Yb_Al_As,-3.435441452,-5.374145508,1.938704056,-3.435441494,-3.214225769,0.221215725,-3.435441452,
POSCAR_a2b1c1e1_2_As2Cd1Ge1Rb1_icsd_291310_Si_P_Rb_Yb,-4.324345751,-5.067437172,0.743091421,-4.324345589,-3.852952003,0.471393586,-4.324345751,
POSCAR_a4b3c3d1_186_Al1Ca3Na3Sb4_icsd_291242_Na_Yb_Tl_Sb,-3.065867914,-6.190092087,3.124224173,-3.065867901,-3.009620428,0.056247473,-3.065867914,
POSCAR_a2c1c1c1_36_Ba1Cd1Sb2Yb1_icsd_422280_Bi_Ba_Yb_Hg,-3.018665043,-2.93396616,0.084698883,-3.018665075,-2.925534248,0.093130827,-3.018665043,
POSCAR_a2c1c1c1_36_Ba1Cd1Sb2Yb1_icsd_422280_Bi_Zn_Yb_Sr,-3.100658633,-3.15996933,0.059310697,-3.100658655,-3.053932667,0.046725988,-3.100658633,
POSCAR_a2c1c1c1_36_Ba1Cd1Sb2Yb1_icsd_422280_Sb_Yb_Yb_Zn,-3.293455426,-3.161187649,0.132267777,-3.293455362,-3.271687031,0.021768331,-3.293455426,
POSCAR_a2b1c1e1_2_As2Cd1Ge1Rb1_icsd_291310_Ge_Bi_K_Yb,-3.41853164,-3.635427475,0.216895835,-3.418531656,-3.121634007,0.296897649,-3.41853164,
POSCAR_a3b4c1d1_7_Ca1Ga1Na4Sb3_icsd_291241_Sb_Yb_Al_Na,-3.075392579,-7.846074104,4.770681525,-3.075392485,-2.860351563,0.215040922,-3.075392579,
POSCAR_a2c1c1c1_36_Ba1Cd1Sb2Yb1_icsd_422280_Bi_Be_Sr_Yb,-3.549949646,-3.431204557,0.118745089,-3.549949646,-3.386482477,0.163467169,-3.549949646,
POSCAR_a4b3c3d1_186_Al1Ca3Na3Sb4_icsd_291242_Na_Yb_Tl_Bi,-2.949166883,-4.671603203,1.72243632,-2.949166775,-2.825843334,0.123323441,-2.949166883,
POSCAR_a2c1c1c1_36_Ba1Cd1Sb2Yb1_icsd_422280_Sb_Yb_Ge_Mn,-3.989043165,-3.68808198,0.300961185,-3.989043236,-3.763101101,0.225942135,-3.989043165,
POSCAR_a2c1c1c1_36_Ba1Cd1Sb2Yb1_icsd_422280_As_Yb_Mn_Ge,-4.44457425,-4.272182941,0.172391309,-4.444574356,-4.136277676,0.30829668,-4.44457425,
POSCAR_a3b1c2c2_62_Ba2Cd2K1Sb3_icsd_420620_P_Rb_Mg_Yb,-3.533872872,-6.058740139,2.524867267,-3.533872843,-3.764221907,0.230349064,-3.533872872,
POSCAR_a3b4c1d1_7_Ca1Ga1Na4Sb3_icsd_291241_Sb_Yb_In_Na,-2.951953965,-7.628723145,4.67676918,-2.951953888,-2.828041792,0.123912096,-2.951953965,
POSCAR_a2b1c1e1_2_As2Cd1Ge1Rb1_icsd_291310_Pb_As_Rb_Yb,-3.572236942,-5.168273926,1.596036984,-3.572237015,-3.16715765,0.405079365,-3.572236943,
POSCAR_a12b4c8d4_12_Al4Eu8Na4P12_icsd_409320_Yb_Li_In_P,-4.203535211,-8.731432915,4.527897704,-4.20353508,-4.193583488,0.009951592,-4.203535211,
POSCAR_a2b2c1c1_26_Ba1Cd1K2Sb2_icsd_422272_P_Cs_Cd_Yb,-3.012963391,-3.458006382,0.445042991,-3.012963295,-3.232425213,0.219461918,-3.012963391,
POSCAR_a2b2c1c1_26_Ba1Cd1K2Sb2_icsd_422272_P_K_Ba_Yb,-3.475627577,-4.046096802,0.570469225,-3.475627661,-3.860882282,0.385254621,-3.475627578,
POSCAR_a2b1c1e1_2_As2Cd1Ge1Rb1_icsd_291310_Ge_Sb_Li_Yb,-3.667394369,-4.969432831,1.302038462,-3.6673944,-3.117763042,0.549631358,-3.667394369,
POSCAR_a6b2c3c4_63_As6Ba4Cd3Li2_icsd_427778_P_Rb_Yb_Be,-3.853244223,-6.247991562,2.394747339,-3.853244305,-4.183294773,0.330050468,-3.853244223,
POSCAR_a2c1c1c1_36_Ba1Cd1Sb2Yb1_icsd_422280_P_Hg_Yb_Ge,-3.704890355,-3.377711296,0.327179059,-3.704890251,-3.624884844,0.080005407,-3.704890355,
POSCAR_a12b4c8d4_12_Al4Eu8Na4P12_icsd_409320_Yb_K_In_P,-3.929081067,-8.182107925,4.253026858,-3.929080963,-4.083215714,0.154134751,-3.929081067,
POSCAR_a3b4c1d1_7_Ca1Ga1Na4Sb3_icsd_291241_As_Yb_Al_Li,-3.771779005,-8.445242882,4.673463877,-3.77177906,-3.160090685,0.611688375,-3.771779005,
POSCAR_a2c1c1c1_36_Ba1Cd1Sb2Yb1_icsd_422280_P_Hg_Yb_Hg,-2.856509696,-2.780344248,0.076165448,-2.856509686,-2.859849215,0.003339529,-2.856509696,
POSCAR_a3b4c1d1_7_Ca1Ga1Na4Sb3_icsd_291241_Bi_Yb_Al_K,-2.851693272,-5.392259598,2.540566326,-2.851693153,-3.118471146,0.266777993,-2.851693272,
POSCAR_a3b1c2c2_62_Ba2Cd2K1Sb3_icsd_420620_P_Cs_Ge_Yb,-4.168675436,-6.401879311,2.233203875,-4.168675423,-4.032132626,0.136542797,-4.168675436,
POSCAR_a2c1c1c1_36_Ba1Cd1Sb2Yb1_icsd_422280_Bi_Cd_Yb_Ca,-3.11772622,-3.065943241,0.051782979,-3.117726326,-3.035205841,0.082520485,-3.11772622,
POSCAR_a2b1c1e1_2_As2Cd1Ge1Rb1_icsd_291310_Pb_P_Li_Yb,-4.084230333,-5.454915047,1.370684714,-4.084230423,-3.797060966,0.287169457,-4.084230333,
POSCAR_a6b2c3c4_63_As6Ba4Cd3Li2_icsd_427778_Sb_Na_Pb_Yb,-3.386278875,-4.634243965,1.24796509,-3.386278868,-2.853288174,0.532990694,-3.386278875,
POSCAR_a2c1c1c1_36_Ba1Cd1Sb2Yb1_icsd_422280_As_Mg_Yb_Sn,-3.936898685,-3.559991121,0.376907564,-3.936898708,-3.532937527,0.403961181,-3.936898685,
POSCAR_a2b2c1c1_26_Ba1Cd1K2Sb2_icsd_422272_Bi_Li_Yb_Sr,-3.329855808,-3.573993206,0.244137398,-3.329855919,-3.080738306,0.249117613,-3.329855808,
POSCAR_a2b2c1c1_26_Ba1Cd1K2Sb2_icsd_422272_As_K_Yb_Yb,-3.211415005,-3.925435543,0.714020538,-3.211415052,-3.388255119,0.176840067,-3.211415005,
POSCAR_a2b1c1e1_2_As2Cd1Ge1Rb1_icsd_291310_Sn_As_Na_Yb,-3.700936888,-4.8927598,1.191822912,-3.700936794,-3.188273191,0.512663603,-3.700936888,
POSCAR_a2b1c1e1_2_As2Cd1Ge1Rb1_icsd_291310_Ge_Bi_Cs_Yb,-3.373999946,-3.18556118,0.188438766,-3.373999834,-3.021415234,0.3525846,-3.373999946,
POSCAR_a6b2c3c4_63_As6Ba4Cd3Li2_icsd_427778_As_Rb_Yb_Yb,-3.384389557,-6.034963608,2.650574051,-3.384389639,-3.50263834,0.118248701,-3.384389557,
POSCAR_a2c1c1c1_36_Ba1Cd1Sb2Yb1_icsd_422280_Bi_Mn_Yb_Be,-3.646656066,-3.687360764,0.040704698,-3.646656036,-3.650833607,0.004177571,-3.646656066,