id,target,P1,P2,num_elements,family
./Binary/a10c1/36/Ba1P10/CONTCAR,-5.347973842,P,Ba,2,a10c1
./Binary/a10c13/2/Sb10Zn13/CONTCAR,-2.5203288,Sb,Zn,2,a10c13
./Binary/a10c13/7/Cd13Sb10/CONTCAR,-2.337771912,Cd,Sb,2,a10c13
./Binary/a11b3/15/As11Cs3/CONTCAR,-4.145111683,As,Cs,2,a11b3
./Binary/a11b3/60/As11K3/CONTCAR,-4.167932236,As,K,2,a11b3
./Binary/a11b3/60/As11Rb3/CONTCAR,-4.146551673,As,Rb,2,a11b3
./Binary/a11b3/60/K3P11/CONTCAR,-4.803027708,P,K,2,a11b3
./Binary/a11b3/60/Na3P11/CONTCAR,-4.772213694,P,Na,2,a11b3
./Binary/a11b3/60/P11Rb3/CONTCAR,-4.780394816,P,Rb,2,a11b3
./Binary/a14c3/14/As14Ba3/CONTCAR,-4.631952376,As,Ba,2,a14c3
./Binary/a14c3/14/Ba3P14/CONTCAR,-5.300945051,P,Ba,2,a14c3
./Binary/a14c3/14/P14Sr3/CONTCAR,-5.218524141,P,Sr,2,a14c3
./Binary/a1b1/123/Bi1Li1/CONTCAR,-3.323916955,Bi,Li,2,a1b1
./Binary/a1b1/14/As1Li1/CONTCAR,-3.767984649,As,Li,2,a1b1
./Binary/a1b1/14/Bi1Cs1/CONTCAR,-2.841526987,Bi,Cs,2,a1b1
./Binary/a1b1/14/Bi1K1/CONTCAR,-2.935505046,Bi,K,2,a1b1
./Binary/a1b1/14/Bi1Rb1/CONTCAR,-2.862547737,Bi,Rb,2,a1b1
./Binary/a1b1/14/Cs1Sb1/CONTCAR,-2.948464383,Sb,Cs,2,a1b1
./Binary/a1b1/14/K1Sb1/CONTCAR,-3.049592334,Sb,K,2,a1b1
./Binary/a1b1/14/Li1P1/CONTCAR,-4.181738733,P,Li,2,a1b1
./Binary/a1b1/14/Na1Sb1/CONTCAR,-3.047384503,Sb,Na,2,a1b1
./Binary/a1b1/189/As1Cs1/CONTCAR,-3.167080293,As,Cs,2,a1b1
./Binary/a1b1/19/As1K1/CONTCAR,-3.336503668,As,K,2,a1b1
./Binary/a1b1/19/As1Rb1/CONTCAR,-3.240264613,As,Rb,2,a1b1
./Binary/a1b1/19/K1P1/CONTCAR,-3.672057528,P,K,2,a1b1
./Binary/a1b1/19/Na1P1/CONTCAR,-3.746745573,P,Na,2,a1b1
./Binary/a1b1/216/Rb1Sb1/CONTCAR,-1.842685325,Sb,Rb,2,a1b1
./Binary/a1b2/189/Li2Sb1/CONTCAR,-3.240191453,Sb,Li,2,a1b2
./Binary/a1d1/186/In1P1/CONTCAR,-4.272867443,In,P,2,a1d1
./Binary/a1d1/205/Al1Sb1/CONTCAR,-3.978477734,Al,Sb,2,a1d1
./Binary/a1d1/205/As1In1/CONTCAR,-3.82010767,As,In,2,a1d1
./Binary/a1d1/63/In1Sb1/CONTCAR,-3.401750165,In,Sb,2,a1d1
./Binary/a1e1/166/Sb1Sn1/CONTCAR,-4.058633695,Sb,Sn,2,a1e1
./Binary/a1e1/64/Bi1Sn1/CONTCAR,-3.953527759,Bi,Sn,2,a1e1
./Binary/a2b1/12/K1Sb2/CONTCAR,-3.419292185,Sb,K,2,a2b1
./Binary/a2b1/12/Rb1Sb2/CONTCAR,-3.366734755,Sb,Rb,2,a2b1
./Binary/a2b1/227/As2Na1/CONTCAR,-3.656452147,As,Na,2,a2b1
./Binary/a2b1/227/Bi2Cs1/CONTCAR,-3.270661855,Bi,Cs,2,a2b1
./Binary/a2b1/227/Bi2K1/CONTCAR,-3.360719143,Bi,K,2,a2b1
./Binary/a2b1/227/Bi2Rb1/CONTCAR,-3.309249453,Bi,Rb,2,a2b1
./Binary/a2b2/14/As2Na2/CONTCAR,-3.376576691,As,Na,2,a2b2
./Binary/a2b3/15/Bi2Cs3/CONTCAR,-2.486524349,Bi,Cs,2,a2b3
./Binary/a2b4/62/Cs4Sb2/CONTCAR,-2.35006171,Sb,Cs,2,a2b4
./Binary/a2c1/11/Ba1Sb2/CONTCAR,-4.1209694,Sb,Ba,2,a2c1
./Binary/a2c1/11/Ca1Sb2/CONTCAR,-4.026223875,Sb,Ca,2,a2c1
./Binary/a2c1/11/Sb2Sr1/CONTCAR,-3.98337407,Sb,Sr,2,a2c1
./Binary/a2c1/14/Ba1P2/CONTCAR,-5.050761501,P,Ba,2,a2c1
./Binary/a2c1/14/P2Sr1/CONTCAR,-4.958068156,P,Sr,2,a2c1
./Binary/a2c1/7/As2Ba1/CONTCAR,-4.530956466,As,Ba,2,a2c1
./Binary/a2c1/92/P2Zn1/CONTCAR,-4.274699638,P,Zn,2,a2c1
./Binary/a2c1/96/Cd1P2/CONTCAR,-4.034948791,Cd,P,2,a2c1
./Binary/a2c2/189/As2Sr2/CONTCAR,-4.261794331,As,Sr,2,a2c2
./Binary/a2c2/189/Ca2P2/CONTCAR,-4.795724373,P,Ca,2,a2c2
./Binary/a2d1/191/Bi2Tl1/CONTCAR,-3.43443586,Bi,Tl,2,a2d1
./Binary/a2e1/55/P2Si1/CONTCAR,-5.535571184,P,Si,2,a2e1
./Binary/a3b2/69/P3Rb2/CONTCAR,-4.070631251,P,Rb,2,a3b2
./Binary/a3c1/12/As3Ba1/CONTCAR,-4.598552628,As,Ba,2,a3c1
./Binary/a3c1/12/As3Sr1/CONTCAR,-4.514720008,As,Sr,2,a3c1
./Binary/a3c1/12/Ba1P3/CONTCAR,-5.202099086,P,Ba,2,a3c1
./Binary/a3c1/12/Ba1Sb3/CONTCAR,-4.113842755,Sb,Ba,2,a3c1
./Binary/a3c1/12/P3Sr1/CONTCAR,-5.117678971,P,Sr,2,a3c1
./Binary/a3c1/2/As3Ca1/CONTCAR,-4.556354243,As,Ca,2,a3c1
./Binary/a3c1/2/Ca1P3/CONTCAR,-5.185074434,P,Ca,2,a3c1
./Binary/a3c2/14/Ba2Sb3/CONTCAR,-4.092103813,Sb,Ba,2,a3c2
./Binary/a3c2/14/Sb3Sr2/CONTCAR,-3.953048161,Sb,Sr,2,a3c2
./Binary/a3c2/52/Bi3Sr2/CONTCAR,-3.816256679,Bi,Sr,2,a3c2
./Binary/a3d1/166/In1P3/CONTCAR,-4.792566755,In,P,2,a3d1
./Binary/a3e1/166/Ge1P3/CONTCAR,-5.18606196,Ge,P,2,a3e1
./Binary/a4b4/14/Rb4Sb4/CONTCAR,-2.972746844,Sb,Rb,2,a4b4
./Binary/a4c1/14/Cd1P4/CONTCAR,-4.572794627,Cd,P,2,a4c1
./Binary/a4c1/14/Mg1P4/CONTCAR,-4.944226252,P,Mg,2,a4c1
./Binary/a4c1/15/Mn1P4/CONTCAR,-5.791384289,Mn, P,2,a4c1
./Binary/a4c1/92/As4Mg1/CONTCAR,-4.26105304,As,Mg,2,a4c1
./Binary/a4c1/92/P4Zn1/CONTCAR,-4.66463419,P,Zn,2,a4c1
./Binary/a4c3/43/As4Sr3/CONTCAR,-4.342508309,As,Sr,2,a4c3
./Binary/a4c3/43/Ba3P4/CONTCAR,-4.863337874,P,Ba,2,a4c3
./Binary/a4c3/43/P4Sr3/CONTCAR,-4.77181514,P,Sr,2,a4c3
./Binary/a5b1/33/Li1P5/CONTCAR,-5.01479792,P,Li,2,a5b1
./Binary/a5b1/62/Na1P5/CONTCAR,-4.89937211,P,Na,2,a5b1
./Binary/a5c1/4/P5Yb1/CONTCAR,-5.147689076,P,Yb,2,a5c1
./Binary/a5d1/26/P5Tl1/CONTCAR,-4.923453067,P,Tl,2,a5d1
./Binary/a6b4/69/As6Cs4/CONTCAR,-3.596728236,As,Cs,2,a6b4
./Binary/a6b4/69/As6Rb4/CONTCAR,-3.600200579,As,Rb,2,a6b4
./Binary/a6b4/69/Cs4P6/CONTCAR,-4.06456874,P,Cs,2,a6b4
./Binary/a6b4/69/P6Rb4/CONTCAR,-4.070633425,P,Rb,2,a6b4
./Binary/a6b4/70/K4P6/CONTCAR,-4.126660912,P,K,2,a6b4
./Binary/a7b3/14/As7Na3/CONTCAR,-3.925393319,As,Na,2,a7b3
./Binary/a7b3/14/As7Rb3/CONTCAR,-3.915506487,As,Rb,2,a7b3
./Binary/a7b3/14/Cs3Sb7/CONTCAR,-3.447782969,Sb,Cs,2,a7b3
./Binary/a7b3/19/Li3P7/CONTCAR,-4.718348833,P,Li,2,a7b3
./Binary/a7b3/61/As7Cs3/CONTCAR,-3.916481144,As,Cs,2,a7b3
./Binary/a7b3/61/As7K3/CONTCAR,-3.953949738,As,K,2,a7b3
./Binary/a7b3/61/As7Li3/CONTCAR,-4.125474598,As,Li,2,a7b3
./Binary/a7b3/76/Cs3P7/CONTCAR,-4.494345521,P,Cs,2,a7b3
./Binary/a8b5/14/Cs5Sb8/CONTCAR,-3.237510424,Sb,Cs,2,a8b5
./Binary/a8c1/2/Ba1P8/CONTCAR,-5.331763798,P,Ba,2,a8c1
./Binary/a8c5/12/Ca5P8/CONTCAR,-5.004905032,P,Ca,2,a8c5
./UBEM_stable_relaxed/CONTCAR/CONTCAR_a10c1_36_Ba1P10_icsd_035295_P_Ca,-5.267477889,Ca,P,2,a10c1
./UBEM_stable_relaxed/CONTCAR/CONTCAR_a10c1_36_Ba1P10_icsd_035295_P_Hg,-4.834389772,,"P, Hg",2,a10c1
./UBEM_stable_relaxed/CONTCAR/CONTCAR_a10c1_36_Ba1P10_icsd_035295_P_Pb,-5.22211316,Pb,P,2,a10c1
./UBEM_stable_relaxed/CONTCAR/CONTCAR_a10c1_36_Ba1P10_icsd_035295_P_Sn,-5.23385762,,"P, Sn",2,a10c1
./UBEM_stable_relaxed/CONTCAR/CONTCAR_a10c1_36_Ba1P10_icsd_035295_P_Sr,-5.285616015,Sr,P,2,a10c1
./UBEM_stable_relaxed/CONTCAR/CONTCAR_a2b1_12_Rb1Sb2_icsd_419402_Sb_Cs,-3.361839217,Cs,Sb,2,a2b1
./UBEM_stable_relaxed/CONTCAR/CONTCAR_a2c1_96_Cd1P2_icsd_062336_P_Hg,-3.659162463,,"P, Hg",2,a2c1
./UBEM_stable_relaxed/CONTCAR/CONTCAR_a2c1c2_8_As2Ca2Cd1_icsd_422578_Ca_P_Ca,-4.468109464,Ca,P,2,a2c1c2
./UBEM_stable_relaxed/CONTCAR/CONTCAR_a2e1_55_P2Si1_icsd_043098_Sb_Ge,-4.237723283,,"Sb, Ge",2,a2e1
./UBEM_stable_relaxed/CONTCAR/CONTCAR_a4c1_14_Mg1P4_icsd_000113_P_Hg,-4.322048611,,"P, Hg",2,a4c1
./UBEM_stable_relaxed/CONTCAR/CONTCAR_a4c3_43_Eu3P4_icsd_631484_Ba_As,-4.462586916,Ba,As,2,a4c3
./UBEM_stable_relaxed/CONTCAR/CONTCAR_a6b4_70_K4P6_icsd_033260_As_Cs,-3.595449046,Cs,As,2,a6b4
./UBEM_stable_relaxed/CONTCAR/CONTCAR_a7b3_14_As7Rb3_icsd_412597_P_K,-4.524682109,K,P,2,a7b3
./UBEM_stable_relaxed/CONTCAR/CONTCAR_a7b3_14_As7Rb3_icsd_412597_P_Rb,-4.490129806,Rb,P,2,a7b3
./UBEM_stable_relaxed/CONTCAR/CONTCAR_a7c1_14_Eu1P7_icsd_014226_Ca_P,-5.292980994,Ca,P,2,a7c1
./UBEM_stable_relaxed/CONTCAR/CONTCAR_a7c1_14_Eu1P7_icsd_014226_Hg_P,-4.652816715,,"Hg, P",2,a7c1
./UBEM_stable_relaxed/CONTCAR/CONTCAR_a8c1_2_Ba1P8_icsd_096544_P_Ca,-5.266925026,Ca,P,2,a8c1
./UBEM_stable_relaxed/CONTCAR/CONTCAR_a8c1_2_Ba1P8_icsd_096544_P_Sr,-5.274763423,Sr,P,2,a8c1
./Binary/a10c11/139/Bi10Ca11/CONTCAR,-3.792057,Bi,Ca,2,a10c11
./Binary/a10c11/139/Bi10Sr11/CONTCAR,-3.681984499,Bi,Sr,2,a10c11
./Binary/a10c11/139/Sb10Sr11/CONTCAR,-3.826745399,Sb,Sr,2,a10c11
./Binary/a10c11/71/Ba11Sb10/CONTCAR,-3.98027497,Sb,Ba,2,a10c11
./Binary/a1c1/189/As1Ca1/CONTCAR,-4.441548981,As,Ca,2,a1c1
./Binary/a1c1/189/As1Sr1/CONTCAR,-4.261794178,As,Sr,2,a1c1
./Binary/a1c1/189/Ca1P1/CONTCAR,-4.795719396,P,Ca,2,a1c1
./Binary/a1c1/189/P1Sr1/CONTCAR,-4.598979362,P,Sr,2,a1c1
./Binary/a1c1/61/As1Cd1/CONTCAR,-2.859976758,As,Cd,2,a1c1
./Binary/a1c1/61/As1Zn1/CONTCAR,-3.092180806,As,Zn,2,a1c1
./Binary/a1c1/61/Cd1Sb1/CONTCAR,-2.554824633,Cd,Sb,2,a1c1
./Binary/a1c1/61/Sb1Zn1/CONTCAR,-2.715978504,Sb,Zn,2,a1c1
./Binary/a3b4/63/K4P3/CONTCAR,-3.327834666,P,K,2,a3b4
./Binary/a3c4/55/As3Ca4/CONTCAR,-4.301875704,As,Ca,2,a3c4
./Binary/a3c4/55/As3Sr4/CONTCAR,-4.089512786,As,Sr,2,a3c4
./Binary/a3c4/55/Ba4P3/CONTCAR,-4.420600773,P,Ba,2,a3c4
./Binary/a4c5/62/Ba5P4/CONTCAR,-4.479304999,P,Ba,2,a4c5
./Binary/a4c5/62/Ba5Sb4/CONTCAR,-3.949964606,Sb,Ba,2,a4c5
./Binary/a7b1/142/Li1P7/CONTCAR,-5.128984011,P,Li,2,a7b1
./Binary/a7b1/142/Na1P7/CONTCAR,-5.053155043,P,Na,2,a7b1
./Binary/a7b1/57/Cs1P7/CONTCAR,-5.042797366,P,Cs,2,a7b1
./Binary/a7c8/31/Sb7Zn8/CONTCAR,-2.606030665,Sb,Zn,2,a7c8
./Binary/a7e1/14/P7Pb1/CONTCAR,-5.197916868,P,Pb,2,a7e1
./UBEM_stable_relaxed/CONTCAR/CONTCAR_a14c1e1_62_P14Pb1Zn1_icsd_601342_Ge_P_Ge,-5.268634541,,"Ge, P",2,a14c1e1
./UBEM_stable_relaxed/CONTCAR/CONTCAR_a14c1e1_62_P14Pb1Zn1_icsd_601342_Sn_P_Sn,-5.224848723,,"Sn, P",2,a14c1e1
./UBEM_stable_relaxed/CONTCAR/CONTCAR_a3c4_55_As3Ca4_icsd_252055_As_Ba,-4.185100929,Ba,As,2,a3c4
./UBEM_stable_relaxed/CONTCAR/CONTCAR_a3c4_55_As3Ca4_icsd_252055_P_Ca,-4.602966057,Ca,P,2,a3c4
./UBEM_stable_relaxed/CONTCAR/CONTCAR_a3c4_55_As3Ca4_icsd_252055_P_Sr,-4.354335791,Sr,P,2,a3c4
./UBEM_stable_relaxed/CONTCAR/CONTCAR_a3c4_55_As3Ca4_icsd_252055_Sb_Ba,-3.909294049,Ba,Sb,2,a3c4
./UBEM_stable_relaxed/CONTCAR/CONTCAR_a3c4_55_As3Ca4_icsd_252055_Sb_Ca,-3.916930859,Ca,Sb,2,a3c4
./UBEM_stable_relaxed/CONTCAR/CONTCAR_a3c4_55_As3Ca4_icsd_252055_Sb_Sr,-3.770000177,Sr,Sb,2,a3c4
./UBEM_stable_relaxed/CONTCAR/CONTCAR_a4c5_64_As4Eu5_icsd_654242_Ba_As,-4.230547344,Ba,As,2,a4c5
./UBEM_stable_relaxed/CONTCAR/CONTCAR_a4c5_64_As4Eu5_icsd_654242_Ca_As,-4.332127001,Ca,As,2,a4c5
./UBEM_stable_relaxed/CONTCAR/CONTCAR_a4c5_64_As4Eu5_icsd_654242_Ca_P,-4.644276812,Ca,P,2,a4c5
./UBEM_stable_relaxed/CONTCAR/CONTCAR_a4c5_64_As4Eu5_icsd_654242_Sr_P,-4.409369141,Sr,P,2,a4c5
./UBEM_stable_relaxed/CONTCAR/CONTCAR_a4c5_64_As4Eu5_icsd_654242_Sr_Sb,-3.797142779,Sr,Sb,2,a4c5
./UBEM_stable_relaxed/CONTCAR/CONTCAR_a7b1_57_Cs1P7_icsd_428141_K_P,-5.042284874,K,P,2,a7b1
./UBEM_stable_relaxed/CONTCAR/CONTCAR_a7b1_57_Cs1P7_icsd_428141_Na_P,-5.018288203,Na,P,2,a7b1
./UBEM_stable_relaxed/CONTCAR/CONTCAR_a7b1_57_Cs1P7_icsd_428141_Rb_P,-5.037301729,Rb,P,2,a7b1
./Binary/a3c2/13/As3Ca2/CONTCAR,-4.473457781,As,Ca,2,a3c2
./Binary/a7c8/31/Sb7Zn8/CONTCAR,-2.606030665,Sb,Zn,2,a7c8
./UBEM_stable_relaxed/CONTCAR/CONTCAR_a7c8_31_Sb7Zn8_icsd_238947_As_Be,-4.249078266,Be,As,2,a7c8
./UBEM_stable_relaxed/CONTCAR/CONTCAR_a11b3_15_As11Cs3_icsd_412873_Cs_P,-4.775069388,Cs,P,2,a11b3
./UBEM_stable_relaxed/CONTCAR/CONTCAR_a11b3_15_As11Cs3_icsd_412873_K_P,-4.782452086,K,P,2,a11b3
./UBEM_stable_relaxed/CONTCAR/CONTCAR_a11b3_15_As11Cs3_icsd_412873_Rb_P,-4.767879965,Rb,P,2,a11b3
./Ternary/a11c14d1/142/Al1Sb11Yb14/CONTCAR,-3.680126947,"Al, Sb",Yb,3,a11c14d1
./Ternary/a11c14d1/142/As11Ca14Ga1/CONTCAR,-4.313663092,"As, Ga",Ca,3,a11c14d1
./Ternary/a11c1c14/142/Ba14Bi11Mn1/CONTCAR,-3.788698616,"Bi, Mn",Ba,3,a11c1c14
./Ternary/a11c1c14/142/Bi11Ca14Mn1/CONTCAR,-3.767812968,"Bi, Mn",Ca,3,a11c1c14
./Ternary/a11c1c14/142/Bi11Mn1Sr14/CONTCAR,-3.786711662,"Bi, Mn",Sr,3,a11c1c14
./Ternary/a11c1c14/142/Ca14Mn1Sb11/CONTCAR,-3.958815593,"Mn, Sb",Ca,3,a11c1c14
./Ternary/a11c1c14/142/Mn1Sb11Sr14/CONTCAR,-3.947769211,"Mn, Sb",Sr,3,a11c1c14
./Ternary/a11c1c14/142/Mn1Sb11Yb14/CONTCAR,-3.675839155,"Mn, Sb",Yb,3,a11c1c14
./Ternary/a11c1c14/142/Sb11Yb14Zn1/CONTCAR,-3.574781859,"Sb, Zn",Yb,3,a11c1c14
./Ternary/a12b14d8/2/Bi12Cs14In8/CONTCAR,-2.78674392,"Bi, In",Cs,3,a12b14d8
./Ternary/a12b7c12/12/Mn12Rb7Sb12/CONTCAR,-4.940484015,"Mn, Sb",Rb,3,a12b7c12
./Ternary/a12c14e3/146/As12Sn3Sr14/CONTCAR,-4.17468995,"As, Sn",Sr,3,a12c14e3
./Ternary/a14c1e1/62/Cd1P14Pb1/CONTCAR,-4.989266327," P, Pb",Cd,3,a14c1e1
./Ternary/a14c1e1/62/Cd1P14Sn1/CONTCAR,-5.079817224,"P, Sn",Cd,3,a14c1e1
./Ternary/a14c1e1/62/Hg1P14Pb1/CONTCAR,-4.996011709," P, Pb",Hg,3,a14c1e1
./Ternary/a14c1e1/62/Hg1P14Sn1/CONTCAR,-5.008049978,"Hg, P",Sn,3,a14c1e1
./Ternary/a14c1e1/62/P14Pb1Zn1/CONTCAR,-5.024545916,"P,Pb",Zn,3,a14c1e1
./Ternary/a14c1e1/62/P14Sn1Zn1/CONTCAR,-5.111195986,"P, Sn",Zn,3,a14c1e1
./Ternary/a18c21c4/12/As18Ca21Zn4/CONTCAR,-4.129657263,"As, Zn",Ca,3,a18c21c4
./Ternary/a18c21c4/12/Bi18Cd4Sr21/CONTCAR,-3.447243815,"Bi, Cd",Sr,3,a18c21c4
./Ternary/a18c21c4/12/Ca21Mn4Sb18/CONTCAR,-3.979554609,"Mn, Sb",Ca,3,a18c21c4
./Ternary/a18c21c4/12/Ca21Sb18Zn4/CONTCAR,-3.750061144,"Sb, Zn",Ca,3,a18c21c4
./Ternary/a18c21c4/12/Mn4Sb18Sr21/CONTCAR,-4.181529469,"Mn, Sb",Sr,3,a18c21c4
./Ternary/a18c21c4/15/Bi18Ca21Mn4/CONTCAR,-4.116791665,"Bi, Mn",Ca,3,a18c21c4
./Ternary/a18c21c4/64/Ba21Cd4Sb18/CONTCAR,-3.719014455,"Cd, Sb",Ba,3,a18c21c4
./Ternary/a1b1c1/129/As1Be1Li1/CONTCAR,-3.914965958,As,"Li,Be",3,a1b1c1
./Ternary/a1b1c1/129/As1Cd1K1/CONTCAR,-2.636958152,"As, Cd",K,3,a1b1c1
./Ternary/a1b1c1/129/As1Cs1Mn1/CONTCAR,-3.74411857,"As, Mn",Cs,3,a1b1c1
./Ternary/a1b1c1/129/As1K1Mn1/CONTCAR,-3.889082278,"As, Mn",K,3,a1b1c1
./Ternary/a1b1c1/129/As1Mn1Na1/CONTCAR,-4.892849704,"As, Mn",Na,3,a1b1c1
./Ternary/a1b1c1/129/As1Mn1Rb1/CONTCAR,-3.795580638,"As, Mn",Rb,3,a1b1c1
./Ternary/a1b1c1/129/As1Na1Zn1/CONTCAR,-2.823624808,"As, Zn",Na,3,a1b1c1
./Ternary/a1b1c1/129/Be1Li1P1/CONTCAR,-4.269964573,P,"Li,Be",3,a1b1c1
./Ternary/a1b1c1/129/Bi1K1Mn1/CONTCAR,-3.192641027,"Bi, Mn",K,3,a1b1c1
./Ternary/a1b1c1/129/Bi1Mn1Na1/CONTCAR,-3.305454812,"Bi, Mn",Na,3,a1b1c1
./Ternary/a1b1c1/129/Bi1Mn1Rb1/CONTCAR,-3.10553579,"Bi, Mn",Rb,3,a1b1c1
./Ternary/a1b1c1/129/Cd1K1Sb1/CONTCAR,-2.437676942,"Cd, Sb",K,3,a1b1c1
./Ternary/a1b1c1/129/Cs1Mn1P1/CONTCAR,-4.15548096,"Mn, P",Cs,3,a1b1c1
./Ternary/a1b1c1/129/Cs1Mn1Sb1/CONTCAR,-3.299392958,"Mn, Sb",Cs,3,a1b1c1
./Ternary/a1b1c1/129/K1Mn1P1/CONTCAR,-5.085811765,"Mn, P",K,3,a1b1c1
./Ternary/a1b1c1/129/K1Mn1Sb1/CONTCAR,-3.434972077,"Mn, Sb",K,3,a1b1c1
./Ternary/a1b1c1/129/Li1Mn1P1/CONTCAR,-4.687086162,"Mn, P",Li,3,a1b1c1
./Ternary/a1b1c1/129/Li1Mn1Sb1/CONTCAR,-3.715740617,"Mn, Sb",Li,3,a1b1c1
./Ternary/a1b1c1/129/Mn1Na1P1/CONTCAR,-4.43148233,"Mn, P",Na,3,a1b1c1
./Ternary/a1b1c1/129/Mn1Na1Sb1/CONTCAR,-4.582792982,"Mn, Sb",Na,3,a1b1c1
./Ternary/a1b1c1/129/Mn1P1Rb1/CONTCAR,-5.001238591,"Mn, P",Rb,3,a1b1c1
./Ternary/a1b1c1/129/Mn1Rb1Sb1/CONTCAR,-4.498126884,"Mn, Sb",Rb,3,a1b1c1
./Ternary/a1b1c1/129/Na1P1Zn1/CONTCAR,-3.064287902,"P, Zn",Na,3,a1b1c1
./Ternary/a1b1c1/129/Na1Sb1Zn1/CONTCAR,-2.520969882,"Sb, Zn",Na,3,a1b1c1
./Ternary/a1b1c1/186/Be1Li1Sb1/CONTCAR,-3.503138872,Sb,"Li,Be",3,a1b1c1
./Ternary/a1b1c1/186/Li1Sb1Zn1/CONTCAR,-2.78895977,"Sb, Zn",Li,3,a1b1c1
./Ternary/a1b1c1/194/As1Be1Na1/CONTCAR,-3.632511028,As,"Na,Be",3,a1b1c1
./Ternary/a1b1c1/194/As1K1Zn1/CONTCAR,-2.807495878,"As, Zn",K,3,a1b1c1
./Ternary/a1b1c1/194/Be1Na1Sb1/CONTCAR,-3.232449688,Sb,"Na,Be",3,a1b1c1
./Ternary/a1b1c1/194/K1P1Zn1/CONTCAR,-3.049682928,"P, Zn",K,3,a1b1c1
./Ternary/a1b1c1/194/K1Sb1Zn1/CONTCAR,-2.557838225,"Sb, Zn",K,3,a1b1c1
./Ternary/a1b1c1/216/As1Cd1Li1/CONTCAR,-2.702430147,"As, Cd",Li,3,a1b1c1
./Ternary/a1b1c1/216/As1Li1Mn1/CONTCAR,-5.156514063,"As, Mn",Li,3,a1b1c1
./Ternary/a1b1c1/216/As1Li1Zn1/CONTCAR,-3.127532977,"As, Zn",Li,3,a1b1c1
./Ternary/a1b1c1/216/Cd1Li1P1/CONTCAR,-2.860021833,"Cd, P",Li,3,a1b1c1
./Ternary/a1b1c1/216/Li1P1Zn1/CONTCAR,-3.409713147,"P, Zn",Li,3,a1b1c1
./Ternary/a1b1c1/62/As1Cd1Na1/CONTCAR,-2.669795693,"As, Cd",Na,3,a1b1c1
./Ternary/a1b1c1/62/Cd1Na1Sb1/CONTCAR,-2.439314286,"Cd, Sb",Na,3,a1b1c1
./Ternary/a1b1e1/186/As1K1Sn1/CONTCAR,-3.652448797,"As, Sn",K,3,a1b1e1
./Ternary/a1b1e1/186/K1Sb1Sn1/CONTCAR,-3.410212435,"Sb, Sn",K,3,a1b1e1
./Ternary/a1b1e1/186/Li1Sb1Sn1/CONTCAR,-3.518624327,"Sb, Sn",Li,3,a1b1e1
./Ternary/a1b1e1/186/Na1P1Sn1/CONTCAR,-3.877055123,"P, Sn",Na,3,a1b1e1
./Ternary/a1c1d1/62/Cd1Sb1Tl1/CONTCAR,-2.542364198,"Sb, Tl",Cd,3,a1c1d1
./Ternary/a1c63e32/215/Bi1Mg63Si32/CONTCAR,-3.005663653,"Bi, Si",Mg,3,a1c63e32
./Ternary/a1c64e31/221/Bi1Mg64Si31/CONTCAR,-2.980630185,"Bi, Si",Mg,3,a1c64e31
./Ternary/a1c64e32/221/Bi1Mg64Si32/CONTCAR,-2.974273873,"Bi, Si",Mg,3,a1c64e32
./Ternary/a2b1e2/166/As2Na1Sn2/CONTCAR,-3.97472105,"As, Sn",Na,3,a2b1e2
./Ternary/a2b2d1/14/As2Ga1K2/CONTCAR,-3.406534571,"As, Ga",K,3,a2b2d1
./Ternary/a2b2d1/14/As2Ga1Rb2/CONTCAR,-3.338854721,"As, Ga",Rb,3,a2b2d1
./Ternary/a2b2d1/14/Ga1K2P2/CONTCAR,-3.679366319,"Ga, P",K,3,a2b2d1
./Ternary/a2b2d1/62/Cs2Ga1Sb2/CONTCAR,-3.030306192,"Ga, Sb",Cs,3,a2b2d1
./Ternary/a2b2d1/62/Ga1K2Sb2/CONTCAR,-3.120892167,"Ga, Sb",K,3,a2b2d1
./Ternary/a2b2d1/62/Ga1Rb2Sb2/CONTCAR,-3.062496079,"Ga, Sb",Rb,3,a2b2d1
./Ternary/a2b2e1/142/As2Na2Sn1/CONTCAR,-3.544082962,"As, Sn",Na,3,a2b2e1
./Ternary/a2b2e1/72/As2Cs2Si1/CONTCAR,-3.757503677,"As, Si",Cs,3,a2b2e1
./Ternary/a2b2e1/72/As2Cs2Sn1/CONTCAR,-3.454900456,"As, Sn",Cs,3,a2b2e1
./Ternary/a2b2e1/72/As2Ge1K2/CONTCAR,-3.62992537,"As, Ge",K,3,a2b2e1
./Ternary/a2b2e1/72/As2K2Si1/CONTCAR,-3.844914592,"As, Si",K,3,a2b2e1
./Ternary/a2b2e1/72/As2Rb2Si1/CONTCAR,-3.778991335,"As, Si",Rb,3,a2b2e1
./Ternary/a2b2e1/72/As2Rb2Sn1/CONTCAR,-3.46715191,"As, Sn",Rb,3,a2b2e1
./Ternary/a2b2e1/72/Cs2P2Si1/CONTCAR,-4.073245608,"P, Si",Cs,3,a2b2e1
./Ternary/a2b2e1/72/K2P2Si1/CONTCAR,-4.176889189,"P, Si",K,3,a2b2e1
./Ternary/a2b4c1/166/As2Be1K4/CONTCAR,-2.910285601,As,"K,Be",3,a2b4c1
./Ternary/a2b4c1/166/As2Cd1K4/CONTCAR,-2.520156066,"As, Cd",K,3,a2b4c1
./Ternary/a2b4c1/166/As2Hg1K4/CONTCAR,-2.447412914,"As, Hg",K,3,a2b4c1
./Ternary/a2b4c1/166/As2K4Zn1/CONTCAR,-2.601015923,"As, Zn",K,3,a2b4c1
./Ternary/a2b4c1/166/Be1K4P2/CONTCAR,-3.089630643,P,"K,Be",3,a2b4c1
./Ternary/a2b4c1/166/Hg1K4P2/CONTCAR,-2.589789311,"Hg, P",K,3,a2b4c1
./Ternary/a2b4c1/166/K4P2Zn1/CONTCAR,-2.756826991,"P, Zn",K,3,a2b4c1
./Ternary/a2b4c1/20/Bi2K4Zn1/CONTCAR,-2.327847286,"Bi, Zn",K,3,a2b4c1
./Ternary/a2c1c1/129/Bi2Ca1Mn1/CONTCAR,-4.726997928,"Bi, Mn",Ca,3,a2c1c1
./Ternary/a2c1c1/139/Ba1Bi2Mn1/CONTCAR,-4.824195291,"Bi, Mn",Ba,3,a2c1c1
./Ternary/a2c1c1/139/Ba1Cd1Sb2/CONTCAR,-3.367398583,"Cd, Sb",Ba,3,a2c1c1
./Ternary/a2c1c1/139/Ba1Mn1Sb2/CONTCAR,-4.991864942,"Mn, Sb",Ba,3,a2c1c1
./Ternary/a2c1c1/139/Bi2Mn1Sr1/CONTCAR,-4.719261062,"Bi, Mn",Sr,3,a2c1c1
./Ternary/a2c1c1/62/Ca1Mn1Sb2/CONTCAR,-4.907706572,"Mn, Sb",Ca,3,a2c1c1
./Ternary/a2c1c1/62/Mn1Sb2Sr1/CONTCAR,-4.104763937,"Mn, Sb",Sr,3,a2c1c1
./Ternary/a2c1c1/62/Sb2Sr1Zn1/CONTCAR,-3.354508551,"Sb, Zn",Sr,3,a2c1c1
./Ternary/a2c1c2/139/As2Ba1Mn2/CONTCAR,-4.841811412,"As, Mn",Ba,3,a2c1c2
./Ternary/a2c1c2/139/As2Ba1Zn2/CONTCAR,-3.391130462,"As, Zn",Ba,3,a2c1c2
./Ternary/a2c1c2/139/Ba1Mn2P2/CONTCAR,-5.385864324,"Mn, P",Ba,3,a2c1c2
./Ternary/a2c1c2/139/Ba1Mn2Sb2/CONTCAR,-5.480567106,"Mn, Sb",Ba,3,a2c1c2
./Ternary/a2c1c2/139/Ba1P2Zn2/CONTCAR,-3.695586572,"P, Zn",Ba,3,a2c1c2
./Ternary/a2c1c2/164/As2Ba1Cd2/CONTCAR,-3.245248206,"As, Cd",Ba,3,a2c1c2
./Ternary/a2c1c2/164/As2Be2Ca1/CONTCAR,-4.374668242,As,"Be,Ca",3,a2c1c2
./Ternary/a2c1c2/164/As2Be2Mg1/CONTCAR,-3.991157918,As,"Mg,Be",3,a2c1c2
./Ternary/a2c1c2/164/As2Ca1Cd2/CONTCAR,-3.21535046,"As, Cd",Ca,3,a2c1c2
./Ternary/a2c1c2/164/As2Ca1Mn2/CONTCAR,-4.739839304,"As, Mn",Ca,3,a2c1c2
./Ternary/a2c1c2/164/As2Ca1Zn2/CONTCAR,-3.425062204,"As, Zn",Ca,3,a2c1c2
./Ternary/a2c1c2/164/As2Cd2Sr1/CONTCAR,-3.188992598,"As, Cd",Sr,3,a2c1c2
./Ternary/a2c1c2/164/As2Mg2Zn1/CONTCAR,-3.029898174,"As, Zn",Mg,3,a2c1c2
./Ternary/a2c1c2/164/As2Mn2Sr1/CONTCAR,-4.630814798,"As, Mn",Sr,3,a2c1c2
./Ternary/a2c1c2/164/As2Mn2Yb1/CONTCAR,-4.666635856,"As, Mn",Yb,3,a2c1c2
./Ternary/a2c1c2/164/As2Mn2Zn1/CONTCAR,-4.048159084,"As,  Zn",Mn,3,a2c1c2
./Ternary/a2c1c2/164/As2Sr1Zn2/CONTCAR,-3.36498082,"As, Zn",Sr,3,a2c1c2
./Ternary/a2c1c2/164/As2Yb1Zn2/CONTCAR,-3.351797004,"As, Zn",Yb,3,a2c1c2
./Ternary/a2c1c2/164/Ba1Cd2P2/CONTCAR,-3.494361134,"Cd, P",Ba,3,a2c1c2
./Ternary/a2c1c2/164/Ba1Cd2Sb2/CONTCAR,-2.94258295,"Cd, Sb",Ba,3,a2c1c2
./Ternary/a2c1c2/164/Be2Ca1P2/CONTCAR,-4.79552889,P,"Ca,Be",3,a2c1c2
./Ternary/a2c1c2/164/Be2Mg1P2/CONTCAR,-4.4452507,P,"Mg,Be",3,a2c1c2
./Ternary/a2c1c2/164/Bi2Ca1Mn2/CONTCAR,-5.217753968,"Bi, Mn",Ca,3,a2c1c2
./Ternary/a2c1c2/164/Ca1Cd2P2/CONTCAR,-3.491921388,"Cd, P",Ca,3,a2c1c2
./Ternary/a2c1c2/164/Ca1Cd2Sb2/CONTCAR,-2.869766372,"Cd, Sb",Ca,3,a2c1c2
./Ternary/a2c1c2/164/Ca1Mn2P2/CONTCAR,-5.326966328,"Mn, P",Ca,3,a2c1c2
./Ternary/a2c1c2/164/Ca1Mn2Sb2/CONTCAR,-5.447770457,"Mn, Sb",Ca,3,a2c1c2
./Ternary/a2c1c2/164/Ca1P2Zn2/CONTCAR,-3.768949896,"P, Zn",Ca,3,a2c1c2
./Ternary/a2c1c2/164/Ca1Sb2Zn2/CONTCAR,-2.996425158,"Sb, Zn",Ca,3,a2c1c2
./Ternary/a2c1c2/164/Cd2P2Sr1/CONTCAR,-3.455207436,"Cd, P",Sr,3,a2c1c2
./Ternary/a2c1c2/164/Cd2Sb2Sr1/CONTCAR,-2.85921905,"Cd, Sb",Sr,3,a2c1c2
./Ternary/a2c1c2/164/Cd2Sb2Yb1/CONTCAR,-2.769512434,"Cd, Sb",Yb,3,a2c1c2
./Ternary/a2c1c2/164/Mn2P2Sr1/CONTCAR,-5.187004606,"Mn, P",Sr,3,a2c1c2
./Ternary/a2c1c2/164/Mn2Sb2Sr1/CONTCAR,-5.413648417,"Mn, Sb",Sr,3,a2c1c2
./Ternary/a2c1c2/164/Mn2Sb2Yb1/CONTCAR,-5.345152665,"Mn, Sb",Yb,3,a2c1c2
./Ternary/a2c1c2/164/P2Sr1Zn2/CONTCAR,-3.695190592,"P, Zn",Sr,3,a2c1c2
./Ternary/a2c1c2/164/P2Yb1Zn2/CONTCAR,-3.709520448,"P, Zn",Yb,3,a2c1c2
./Ternary/a2c1c2/164/Sb2Sr1Zn2/CONTCAR,-2.97121524,"Sb, Zn",Sr,3,a2c1c2
./Ternary/a2c1c2/164/Sb2Yb1Zn2/CONTCAR,-2.900633076,"Sb, Zn",Yb,3,a2c1c2
./Ternary/a2c1c2/36/As2Ba2Cd1/CONTCAR,-3.752362057,"As, Cd",Ba,3,a2c1c2
./Ternary/a2c1c2/36/As2Cd1Sr2/CONTCAR,-3.674266923,"As, Cd",Sr,3,a2c1c2
./Ternary/a2c1c2/36/Ca2Cd1P2/CONTCAR,-4.052252915,"Cd, P",Ca,3,a2c1c2
./Ternary/a2c1c2/36/Cd1Sb2Yb2/CONTCAR,-3.21242539,"Cd, Sb",Yb,3,a2c1c2
./Ternary/a2c1c2/62/Ba1Sb2Zn2/CONTCAR,-3.06416104,"Sb, Zn",Ba,3,a2c1c2
./Ternary/a2c1c2/62/Ca2Cd1Sb2/CONTCAR,-3.415135917,"Cd, Sb",Ca,3,a2c1c2
./Ternary/a2c1c2/62/Mn1Sb2Sr2/CONTCAR,-4.59702273,"Mn, Sb",Sr,3,a2c1c2
./Ternary/a2c1c2/72/As2Ba2Zn1/CONTCAR,-3.830570092,"As, Zn",Ba,3,a2c1c2
./Ternary/a2c1c2/72/Ba2Bi2Zn1/CONTCAR,-3.390084426,"Bi, Zn",Ba,3,a2c1c2
./Ternary/a2c1c2/72/Ba2Sb2Zn1/CONTCAR,-3.542750381,"Sb, Zn",Ba,3,a2c1c2
./Ternary/a2c1c2/8/As2Ca2Cd1/CONTCAR,-3.774198278,"As, Cd",Ca,3,a2c1c2
./Ternary/a2c1d2/10/As2Ga2Sr1/CONTCAR,-4.055327887,"As, Ga",Sr,3,a2c1d2
./Ternary/a2c1d2/11/Ba1In2P2/CONTCAR,-4.20480609,"In, P",Ba,3,a2c1d2
./Ternary/a2c1d2/14/As2Ba1Ga2/CONTCAR,-4.111002102,"As, Ga",Ba,3,a2c1d2
./Ternary/a2c1d2/14/Ba1Ga2P2/CONTCAR,-4.415111892,"Ga, P",Ba,3,a2c1d2
./Ternary/a2c1d2/166/As2Ca1Ga2/CONTCAR,-4.11031247,"As, Ga",Ca,3,a2c1d2
./Ternary/a2c1d2/194/Ca1Ga2P2/CONTCAR,-4.447616871,"Ga, P",Ca,3,a2c1d2
./Ternary/a2c1d2/194/Ca1In2P2/CONTCAR,-4.246242501,"In, P",Ca,3,a2c1d2
./Ternary/a2c1d2/194/In2P2Sr1/CONTCAR,-4.187954025,"In, P",Sr,3,a2c1d2
./Ternary/a2c1d2/62/Ba1Ga2Sb2/CONTCAR,-3.772554405,"Ga, Sb",Ba,3,a2c1d2
./Ternary/a2c1e1/122/As2Be1Si1/CONTCAR,-4.831979661,"As, Si",Be,3,a2c1e1
./Ternary/a2c1e1/122/As2Cd1Si1/CONTCAR,-4.03398686,"As, Si", Cd,3,a2c1e1
./Ternary/a2c1e1/122/As2Cd1Sn1/CONTCAR,-3.68932018,"As, Sn", Cd,3,a2c1e1
./Ternary/a2c1e1/122/As2Ge1Mg1/CONTCAR,-4.139878243,"As, Ge",Mg,3,a2c1e1
./Ternary/a2c1e1/122/As2Ge1Zn1/CONTCAR,-3.961820453,"As, Ge", Zn,3,a2c1e1
./Ternary/a2c1e1/122/As2Mg1Si1/CONTCAR,-4.383734828,"As, Si",Mg,3,a2c1e1
./Ternary/a2c1e1/122/As2Si1Zn1/CONTCAR,-4.19487359,"As, Si",Zn,3,a2c1e1
./Ternary/a2c1e1/122/As2Sn1Zn1/CONTCAR,-3.833734096,"As, Sn", Zn,3,a2c1e1
./Ternary/a2c1e1/122/Be1Sb2Si1/CONTCAR,-4.268285689,"Sb, Si",Be,3,a2c1e1
./Ternary/a2c1e1/122/Cd1P2Sn1/CONTCAR,-4.029654783," P, Sn",Cd,3,a2c1e1
./Ternary/a2c1e1/122/Cd1Sb2Sn1/CONTCAR,-3.325955819,"Sb, Sn",Cd,3,a2c1e1
./Ternary/a2c1e1/122/Ge1Mg1P2/CONTCAR,-4.556885715,"Ge, P",Mg,3,a2c1e1
./Ternary/a2c1e1/122/Ge1P2Zn1/CONTCAR,-4.384813829,"Ge, P", Zn,3,a2c1e1
./Ternary/a2c1e1/122/Hg1P2Si1/CONTCAR,-4.187381848," P, Si",Hg,3,a2c1e1
./Ternary/a2c1e1/122/Mg1P2Si1/CONTCAR,-4.871102763,"P, Si",Mg,3,a2c1e1
./Ternary/a2c1e1/122/Mg1Sb2Si1/CONTCAR,-3.844445923,"Sb, Si",Mg,3,a2c1e1
./Ternary/a2c1e1/122/P2Sn1Zn1/CONTCAR,-4.211965594,"P, Sn",Zn,3,a2c1e1
./Ternary/a2c1e1/225/Be1P2Si1/CONTCAR,-4.414493003,"P, Si",Be,3,a2c1e1
./Ternary/a2c1e1/225/Cd1Ge1P2/CONTCAR,-3.57815482,"Ge, P",Cd,3,a2c1e1
./Ternary/a2c1e1/225/Cd1P2Si1/CONTCAR,-3.681533158,"P, Si",Cd,3,a2c1e1
./Ternary/a2c1e1/225/P2Si1Zn1/CONTCAR,-3.855079405,"P, Si",Zn,3,a2c1e1
./Ternary/a2c1e2/105/As2Ba1Ge2/CONTCAR,-4.595692124,"As, Ge",Ba,3,a2c1e2
./Ternary/a2c1e2/105/Ba1Ge2P2/CONTCAR,-4.899481017,"Ge, P",Ba,3,a2c1e2
./Ternary/a2c1e2/166/As2Sn2Sr1/CONTCAR,-4.35419843,"As, Sn",Sr,3,a2c1e2
./Ternary/a2c2e1/14/As2Ba2Ge1/CONTCAR,-4.447347728,"As, Ge",Ba,3,a2c2e1
./Ternary/a2c2e1/14/Ba2Ge1P2/CONTCAR,-4.706803984,"Ge, P",Ba,3,a2c2e1
./Ternary/a3b1c4/123/As3Cd4Cs1/CONTCAR,-2.54616345,"As, Cd",Cs,3,a3b1c4
./Ternary/a3b1c4/123/As3Cs1Zn4/CONTCAR,-2.782456574,"As, Zn",Cs,3,a3b1c4
./Ternary/a3b1c4/123/As3Rb1Zn4/CONTCAR,-2.784329434,"As, Zn",Rb,3,a3b1c4
./Ternary/a3b1c4/123/Cs1P3Zn4/CONTCAR,-3.069395969,"P, Zn",Cs,3,a3b1c4
./Ternary/a3b1c4/123/P3Rb1Zn4/CONTCAR,-3.07456776,"P, Zn",Rb,3,a3b1c4
./Ternary/a3b1c4/166/As3Cd4K1/CONTCAR,-2.582023476,"As, Cd",K,3,a3b1c4
./Ternary/a3b1c4/166/As3Cd4Na1/CONTCAR,-2.568955704,"As, Cd",Na,3,a3b1c4
./Ternary/a3b1c4/166/As3Cd4Rb1/CONTCAR,-2.561056408,"As, Cd",Rb,3,a3b1c4
./Ternary/a3b1c4/166/As3Na1Zn4/CONTCAR,-2.798726021,"As, Zn",Na,3,a3b1c4
./Ternary/a3b1c4/166/Cd4K1P3/CONTCAR,-2.806728201,"Cd, P",K,3,a3b1c4
./Ternary/a3b1c4/166/K1P3Zn4/CONTCAR,-3.100019521,"P, Zn",K,3,a3b1c4
./Ternary/a3b3d2/11/Al2As3K3/CONTCAR,-3.669115737,"Al, As",K,3,a3b3d2
./Ternary/a3b3d2/64/As3In2K3/CONTCAR,-3.283539311,"As, In",K,3,a3b3d2
./Ternary/a3b5e1/14/As3Na5Sn1/CONTCAR,-3.151421988,"As, Sn",Na,3,a3b5e1
./Ternary/a3b5e1/14/Ge1Na5P3/CONTCAR,-3.410153036,"Ge, P",Na,3,a3b5e1
./Ternary/a3b5e1/14/K5Sb3Sn1/CONTCAR,-2.855626649,"Sb, Sn",K,3,a3b5e1
./Ternary/a3b5e1/14/Na5P3Si1/CONTCAR,-3.554171196,"P, Si",Na,3,a3b5e1
./Ternary/a3b5e1/14/Na5Sb3Sn1/CONTCAR,-2.915768406,"Sb, Sn",Na,3,a3b5e1
./Ternary/a3b5e1/62/As3Cs5Ge1/CONTCAR,-2.938992865,"As, Ge",Cs,3,a3b5e1
./Ternary/a3b5e1/62/As3Cs5Si1/CONTCAR,-3.044713962,"As, Si",Cs,3,a3b5e1
./Ternary/a3b5e1/62/As3Rb5Si1/CONTCAR,-3.086615815,"As, Si",Rb,3,a3b5e1
./Ternary/a3b5e1/62/Cs5Ge1P3/CONTCAR,-3.115758993,"Ge, P",Cs,3,a3b5e1
./Ternary/a3b5e1/62/Cs5P3Si1/CONTCAR,-3.247300007,"P, Si",Cs,3,a3b5e1
./Ternary/a3b5e1/62/Ge1P3Rb5/CONTCAR,-3.162021133,"Ge, P",Rb,3,a3b5e1
./Ternary/a3b6d1/11/Al1Cs6Sb3/CONTCAR,-2.54774832,"Al, Sb",Cs,3,a3b6d1
./Ternary/a3b6d1/11/Al1Rb6Sb3/CONTCAR,-2.589101123,"Al, Sb",Rb,3,a3b6d1
./Ternary/a3b6d1/11/As3Cs6In1/CONTCAR,-2.567350452,"As, In",Cs,3,a3b6d1
./Ternary/a3b6d1/11/Cs6Ga1Sb3/CONTCAR,-2.47775664,"Ga, Sb",Cs,3,a3b6d1
./Ternary/a3b6d1/2/As3Ga1Na6/CONTCAR,-2.93990698,"As, Ga",K,3,a3b6d1
./Ternary/a3b6d1/2/Ga1Na6P3/CONTCAR,-3.117806338,"Ga, P",Na,3,a3b6d1
./Ternary/a3b6d2/15/K6Sb3Tl2/CONTCAR,-2.547534828,"Sb, Tl",K,3,a3b6d2
./Ternary/a3c3d1/14/Ga1Sb3Sr3/CONTCAR,-3.785710556,"Ga, Sb",Sr,3,a3c3d1
./Ternary/a3c3d1/62/Al1As3Ca3/CONTCAR,-4.451389801,"Al, As",Ca,3,a3c3d1
./Ternary/a3c3d1/62/Al1Ca3Sb3/CONTCAR,-3.988164473,"Al, Sb",Ca,3,a3c3d1
./Ternary/a3c3d1/62/As3Ba3In1/CONTCAR,-4.186840226,"As, In",Ba,3,a3c3d1
./Ternary/a3c3d1/62/As3Ca3Ga1/CONTCAR,-4.292711417,"As, Ga",Ca,3,a3c3d1
./Ternary/a3c3d1/62/Ba3Ga1Sb3/CONTCAR,-3.917651939,"Ga, Sb",Ba,3,a3c3d1
./Ternary/a3c3d1/62/Ca3In1P3/CONTCAR,-4.523699429,"In, P",Ca,3,a3c3d1
./Ternary/a3c3d1/62/In1P3Sr3/CONTCAR,-4.376379892,"In, P",Sr,3,a3c3d1
./Ternary/a3c3d1/64/Al1Ba3Sb3/CONTCAR,-4.029646315,"Al, Sb",Ba,3,a3c3d1
./Ternary/a3c3d1/64/Al1Sb3Sr3/CONTCAR,-3.898141074,"Al, Sb",Sr,3,a3c3d1
./Ternary/a3d1e1/62/Al1P3Si1/CONTCAR,-5.384222508," P, Si",Al,3,a3d1e1
./Ternary/a4b1d1/62/Al1K1Sb4/CONTCAR,-3.777413928,"Al, Sb",K,3,a4b1d1
./Ternary/a4b1d1/62/Ga1K1Sb4/CONTCAR,-3.662849213,"Ga, Sb",K,3,a4b1d1
./Ternary/a4b2c5/63/As4Cd5Rb2/CONTCAR,-2.57464381,"As, Cd",Rb,3,a4b2c5
./Ternary/a4b2c5/63/As4K2Zn5/CONTCAR,-2.805195493,"As, Zn",K,3,a4b2c5
./Ternary/a4b2c5/63/As4Rb2Zn5/CONTCAR,-2.769200499,"As, Zn",Rb,3,a4b2c5
./Ternary/a4b2c5/63/Rb2Sb4Zn5/CONTCAR,-2.476658757,"Sb, Zn",Rb,3,a4b2c5
./Ternary/a4b3d3/52/As4Ga3K3/CONTCAR,-3.567307804,"As, Ga",K,3,a4b3d3
./Ternary/a4b4c3/71/As4Ba3Li4/CONTCAR,-3.838099073,As,"Li,Ba",3,a4b4c3
./Ternary/a4b4c3/71/Ba3Li4Sb4/CONTCAR,-3.59902405,Sb,"Li,Ba",3,a4b4c3
./Ternary/a4b5d3/14/As4Cs5In3/CONTCAR,-3.031808779,"As, In",Cs,3,a4b5d3
./Ternary/a4b6d2/14/Al2Cs6P4/CONTCAR,-3.317221914,"Al, P",Cs,3,a4b6d2
./Ternary/a4b6d2/14/Cs6Ga2P4/CONTCAR,-3.155152896,"Ga, P",Cs,3,a4b6d2
./Ternary/a4b8e1/227/K8Sb4Sn1/CONTCAR,-2.700976409,"Sb, Sn",K,3,a4b8e1
./Ternary/a4b8e1/227/Na8Sb4Sn1/CONTCAR,-2.771700371,"Sb, Sn",Na,3,a4b8e1
./Ternary/a4c1e3/62/Sb4Sn3Sr1/CONTCAR,-4.048596112,"Sb, Sn",Sr,3,a4c1e3
./Ternary/a4c2c3/12/As4Ba3Zn2/CONTCAR,-3.842193316,"As, Zn",Ba,3,a4c2c3
./Ternary/a4c2e1/62/As4Cd2Ge1/CONTCAR,-3.666100436,"As, Ge",Cd,3,a4c2e1
./Ternary/a4c2e2/92/Ca2P4Si2/CONTCAR,-5.234298036,"P, Si",Ca,3,a4c2e2
./Ternary/a4c3d2/15/Al2As4Ca3/CONTCAR,-4.516308563,"Al, As",Ca,3,a4c3d2
./Ternary/a4c3d2/15/Al2As4Sr3/CONTCAR,-4.426066007,"Al, As",Sr,3,a4c3d2
./Ternary/a4c3d2/15/Al2Ca3P4/CONTCAR,-4.913683531,"Al, P",Ca,3,a4c3d2
./Ternary/a4c3d2/15/Al2P4Sr3/CONTCAR,-4.794492061,"Al, P",Sr,3,a4c3d2
./Ternary/a4c3d2/15/As4Ga2Sr3/CONTCAR,-4.171047873,"As, Ga",Sr,3,a4c3d2
./Ternary/a4c3d2/15/Ba3In2P4/CONTCAR,-4.440689457,"In, P",Ba,3,a4c3d2
./Ternary/a4c3d2/15/Ca3Ga2P4/CONTCAR,-4.619947105,"Ga, P",Ca,3,a4c3d2
./Ternary/a4c3d2/15/Ga2P4Sr3/CONTCAR,-4.508368966,"Ga, P",Sr,3,a4c3d2
./Ternary/a4c3d2/58/As4Ca3In2/CONTCAR,-4.170674132,"As, In",Ca,3,a4c3d2
./Ternary/a4c3d2/58/In2P4Sr3/CONTCAR,-4.385207864,"In, P",Sr,3,a4c3d2
./Ternary/a4c3d2/62/Al2As4Ba3/CONTCAR,-4.497248932,"Al, As",Ba,3,a4c3d2
./Ternary/a4c3d2/62/Al2Ba3P4/CONTCAR,-4.841578335,"Al, P",Ba,3,a4c3d2
./Ternary/a4c3e2/14/As4Ba3Sn2/CONTCAR,-4.421064889,"As, Sn",Na,3,a4c3e2
./Ternary/a4c3e2/14/As4Ca3Ge2/CONTCAR,-4.540142855,"As, Ge",Ca,3,a4c3e2
./Ternary/a4c3e2/14/As4Ca3Si2/CONTCAR,-4.763488571,"As, Si",Ca,3,a4c3e2
./Ternary/a4c3e2/14/As4Ge2Sr3/CONTCAR,-4.45588709,"As, Ge",Sr,3,a4c3e2
./Ternary/a4c3e2/14/Ba3P4Sn2/CONTCAR,-4.699164789,"P, Sn",Ba,3,a4c3e2
./Ternary/a4c3e2/14/Ca3Ge2P4/CONTCAR,-4.891688012,"Ge, P",Ca,3,a4c3e2
./Ternary/a4c3e2/14/Ca3P4Si2/CONTCAR,-5.162685741,"P, Si",Ca,3,a4c3e2
./Ternary/a4c3e2/14/Ge2P4Sr3/CONTCAR,-4.786941641,"Ge, P",Sr,3,a4c3e2
./Ternary/a4c3e2/15/As4Ba3Si2/CONTCAR,-4.722302211,"As, Si",Ba,3,a4c3e2
./Ternary/a4c3e2/15/As4Si2Sr3/CONTCAR,-4.667969904,"As, Si",Sr,3,a4c3e2
./Ternary/a4c3e2/64/As4Sn2Sr3/CONTCAR,-4.328289168,"As, Sn",Sr,3,a4c3e2
./Ternary/a4c3e2/64/P4Sn2Sr3/CONTCAR,-4.630403924,"P, Sn",Sr,3,a4c3e2
./Ternary/a4c4e1/218/As4Ba4Ge1/CONTCAR,-4.383432673,"As, Ge",Ba,3,a4c4e1
./Ternary/a4c4e1/218/As4Ba4Si1/CONTCAR,-4.501712961,"As, Si",Ba,3,a4c4e1
./Ternary/a4c4e1/218/As4Ge1Sr4/CONTCAR,-4.316002645,"As, Ge",Sr,3,a4c4e1
./Ternary/a4c4e1/218/As4Si1Sr4/CONTCAR,-4.442774111,"As, Si",Sr,3,a4c4e1
./Ternary/a4c4e1/218/Ba4Ge1P4/CONTCAR,-4.6894729,"Ge, P",Ba,3,a4c4e1
./Ternary/a4c4e1/218/Ba4P4Si1/CONTCAR,-4.831342873,"P, Si",Ba,3,a4c4e1
./Ternary/a4c4e1/218/Ge1P4Sr4/CONTCAR,-4.626006656,"Ge, P",Sr,3,a4c4e1
./Ternary/a5b11c2/2/Cd2K11Sb5/CONTCAR,-2.359958436,"Cd, Sb",K,3,a5b11c2
./Ternary/a5b6c1/59/Bi5K6Zn1/CONTCAR,-2.698076759,"Bi, Zn",K,3,a5b6c1
./Ternary/a5c2d5/62/As5Ba2In5/CONTCAR,-3.937154884,"As, In",Ba,3,a5c2d5
./Ternary/a5c2d5/62/Ba2In5P5/CONTCAR,-4.21298536,"In, P",Ba,3,a5c2d5
./Ternary/a5c5d4/104/Ba5Bi5In4/CONTCAR,-3.565983526,"Bi, In",Ba,3,a5c5d4
./Ternary/a6b4d4/14/As6In4K4/CONTCAR,-3.510728499,"As, In",K,3,a6b4d4
./Ternary/a6b4d4/14/In4K4Sb6/CONTCAR,-3.215194049,"In, Sb",K,3,a6b4d4
./Ternary/a6b4e1/147/Rb4Sb6Sn1/CONTCAR,-3.285277032,"Sb, Sn",Rb,3,a6b4e1
./Ternary/a6b9d3/14/Bi6In3Na9/CONTCAR,-2.773204627,"Bi, In",Na,3,a6b9d3
./Ternary/a6c2e3/62/Ba2Sb6Sn3/CONTCAR,-4.111874365,"Sb, Sn",Ba,3,a6c2e3
./Ternary/a6c3e4/11/Ba3P6Si4/CONTCAR,-5.265766685,"P, Si",Ba,3,a6c3e4
./Ternary/a6c3e4/14/As6Ba3Sn4/CONTCAR,-4.424316842,"As, Sn",Ba,3,a6c3e4
./Ternary/a6c5d2/55/Al2Bi6Ca5/CONTCAR,-3.809673682,"Al, Bi",Ca,3,a6c5d2
./Ternary/a6c5d2/55/Al2Ca5Sb6/CONTCAR,-4.017783606,"Al, Sb",Ca,3,a6c5d2
./Ternary/a6c5d2/55/Al2Sb6Yb5/CONTCAR,-3.816398688,"Al, Sb",Yb,3,a6c5d2
./Ternary/a6c5d2/55/As6Ca5Ga2/CONTCAR,-4.331788512,"As, Ga",Ca,3,a6c5d2
./Ternary/a6c5d2/55/Ba5In2Sb6/CONTCAR,-3.882187465,"In, Sb",Ba,3,a6c5d2
./Ternary/a6c5d2/55/Bi6In2Sr5/CONTCAR,-3.608395625,"Bi, In",Sr,3,a6c5d2
./Ternary/a6c5d2/55/Ca5Ga2Sb6/CONTCAR,-3.888754629,"Ga, Sb",Ca,3,a6c5d2
./Ternary/a6c5d2/55/Ca5In2Sb6/CONTCAR,-3.839344191,"In, Sb",Ca,3,a6c5d2
./Ternary/a6c5d2/55/Ga2Sb6Yb5/CONTCAR,-3.696419942,"Ga, Sb",Yb,3,a6c5d2
./Ternary/a6c5d2/55/In2Sb6Sr5/CONTCAR,-3.77356282,"In, Sb",K,3,a6c5d2
./Ternary/a6c5d2/55/In2Sb6Yb5/CONTCAR,-3.637853434,"In, Sb",Yb,3,a6c5d2
./Ternary/a6c5d2/62/Al2Sb6Sr5/CONTCAR,-3.934163553,"Al, Sb",Sr,3,a6c5d2
./Ternary/a6c5e2/55/As6Ca5Sn2/CONTCAR,-4.400959401,"As, Sn",Ca,3,a6c5e2
./Ternary/a6c5e2/55/As6Sn2Sr5/CONTCAR,-4.310220229,"As, Sn",Sr,3,a6c5e2
./Ternary/a6c5e2/55/P6Sn2Sr5/CONTCAR,-4.612351729,"P, Sn",Sr,3,a6c5e2
./Ternary/a6c6d2/64/Ba6Ga2P6/CONTCAR,-4.521186459,"Ga, P",Ba,3,a6c6d2
./Ternary/a6c6e2/14/Ba6P6Sn2/CONTCAR,-4.588165514,"P, Sn",Ba,3,a6c6e2
./Ternary/a7b4c7/63/As7Rb4Zn7/CONTCAR,-2.872814457,"As, Zn",Rb,3,a7b4c7
./Ternary/a7c12c2/174/Mn12P7Yb2/CONTCAR,-5.584869855,"Mn, P",Yb,3,a7c12c2
./Ternary/a8c11e2/139/Bi8Sn2Yb11/CONTCAR,-3.546651417,"Bi, Sn",Yb,3,a8c11e2
./Ternary/a9b11d6/2/Bi9In6K11/CONTCAR,-2.844652979,"Bi, In",K,3,a9b11d6
./Ternary/a9c11d1/45/Al1Sb9Yb11/CONTCAR,-3.694510006,"Al, Sb",Yb,3,a9c11d1
./Ternary/a9c11d1/45/Ca11In1Sb9/CONTCAR,-3.918676781,"In, Sb",Ca,3,a9c11d1
./Ternary/a9c11d1/45/Ga1Sb9Yb11/CONTCAR,-3.66035961,"Ga, Sb",Yb,3,a9c11d1
./Ternary/a9c11d1/45/In1Sb9Sr11/CONTCAR,-3.78879181,"In, Sb",Sr,3,a9c11d1
./Ternary/a9c11d1/45/In1Sb9Yb11/CONTCAR,-3.642718879,"In, Sb",Yb,3,a9c11d1
./Ternary/a9c4c9/55/Bi9Ca9Cd4/CONTCAR,-3.303087762,"Bi, Cd",Ca,3,a9c4c9
./Ternary/a9c4c9/55/Bi9Ca9Mn4/CONTCAR,-3.752582637,"Bi, Mn",Ca,3,a9c4c9
./Ternary/a9c4c9/55/Bi9Ca9Zn4/CONTCAR,-3.367122874,"Bi, Zn",Ca,3,a9c4c9
./Ternary/a9c4c9/55/Bi9Cd4Sr9/CONTCAR,-3.235164113,"Bi, Cd",Sr,3,a9c4c9
./Ternary/a9c4c9/55/Bi9Cd4Yb9/CONTCAR,-3.112486965,"Bi, Cd",Yb,3,a9c4c9
./Ternary/a9c4c9/55/Bi9Mn4Yb9/CONTCAR,-4.231232465,"Bi, Mn",Yb,3,a9c4c9
./Ternary/a9c4c9/55/Ca9Sb9Zn4/CONTCAR,-3.54378463,"Sb, Zn",Ca,3,a9c4c9
./Ternary/a9c7d4/59/Ba7Ga4Sb9/CONTCAR,-3.899735203,"Ga, Sb",Ba,3,a9c7d4
./UBEM_stable_relaxed/CONTCAR/CONTCAR_a11c14d1_142_Al1Ca14Sb11_icsd_033266_As_Ca_Al,-4.35908785,Ca,"As, Al",3,a11c14d1
./UBEM_stable_relaxed/CONTCAR/CONTCAR_a11c14d1_142_Al1Ca14Sb11_icsd_033266_As_Ca_In,-4.297494115,Ca,"As, In",3,a11c14d1
./UBEM_stable_relaxed/CONTCAR/CONTCAR_a11c14d1_142_Al1Ca14Sb11_icsd_033266_As_Ca_Tl,-4.251135695,Ca,"As, Tl",3,a11c14d1
./UBEM_stable_relaxed/CONTCAR/CONTCAR_a11c14d1_142_Al1Ca14Sb11_icsd_033266_Bi_Ba_Al,-3.803521234,Ba,"Al, Bi",3,a11c14d1
./UBEM_stable_relaxed/CONTCAR/CONTCAR_a11c14d1_142_Al1Ca14Sb11_icsd_033266_Bi_Ba_Ga,-3.774502244,Ba,"Bi, Ga",3,a11c14d1
./UBEM_stable_relaxed/CONTCAR/CONTCAR_a11c14d1_142_Al1Ca14Sb11_icsd_033266_Bi_Ba_In,-3.772538943,Ba,"Bi, In",3,a11c14d1
./UBEM_stable_relaxed/CONTCAR/CONTCAR_a11c14d1_142_Al1Ca14Sb11_icsd_033266_Bi_Ca_Al,-3.774443603,Ca,"Bi, Al",3,a11c14d1
./UBEM_stable_relaxed/CONTCAR/CONTCAR_a11c14d1_142_Al1Ca14Sb11_icsd_033266_Bi_Ca_In,-3.733101153,Ca,"Bi, In",3,a11c14d1
./UBEM_stable_relaxed/CONTCAR/CONTCAR_a11c14d1_142_Al1Ca14Sb11_icsd_033266_Bi_Sr_Al,-3.654371364,Sr,"Bi, Al",3,a11c14d1
./UBEM_stable_relaxed/CONTCAR/CONTCAR_a11c14d1_142_Al1Ca14Sb11_icsd_033266_P_Ca_Al,-4.654211149,Ca,"P, Al",3,a11c14d1
./UBEM_stable_relaxed/CONTCAR/CONTCAR_a11c14d1_142_Al1Ca14Sb11_icsd_033266_P_Ca_Ga,-4.603956161,Ca,"P, Ga",3,a11c14d1
./UBEM_stable_relaxed/CONTCAR/CONTCAR_a11c14d1_142_Al1Ca14Sb11_icsd_033266_P_Ca_In,-4.582471166,Ca,"In, P",3,a11c14d1
./UBEM_stable_relaxed/CONTCAR/CONTCAR_a11c14d1_142_Al1Ca14Sb11_icsd_033266_P_Ca_Tl,-4.536338743,Ca,"P, Tl",3,a11c14d1
./UBEM_stable_relaxed/CONTCAR/CONTCAR_a11c14d1_142_Al1Ca14Sb11_icsd_033266_P_Sr_Ga,-4.357595277,Sr,"P, Ga",3,a11c14d1
./UBEM_stable_relaxed/CONTCAR/CONTCAR_a11c14d1_142_Al1Ca14Sb11_icsd_033266_P_Sr_In,-4.346087019,Sr,"In, P",3,a11c14d1
./UBEM_stable_relaxed/CONTCAR/CONTCAR_a11c14d1_142_Al1Ca14Sb11_icsd_033266_Sb_Ba_Al,-3.950887238,Ba,"Sb, Al",3,a11c14d1
./UBEM_stable_relaxed/CONTCAR/CONTCAR_a11c14d1_142_Al1Ca14Sb11_icsd_033266_Sb_Ba_Ga,-3.916578612,Ba,"Ga, Sb",3,a11c14d1
./UBEM_stable_relaxed/CONTCAR/CONTCAR_a11c14d1_142_Al1Ca14Sb11_icsd_033266_Sb_Ba_In,-3.915831961,Ba,"In, Sb",3,a11c14d1
./UBEM_stable_relaxed/CONTCAR/CONTCAR_a11c14d1_142_Al1Ca14Sb11_icsd_033266_Sb_Ba_Tl,-3.881698524,Ba,"Sb, Tl",3,a11c14d1
./UBEM_stable_relaxed/CONTCAR/CONTCAR_a11c14d1_142_Al1Ca14Sb11_icsd_033266_Sb_Ca_Ga,-3.926433627,Ca,"Sb, Ga",3,a11c14d1
./UBEM_stable_relaxed/CONTCAR/CONTCAR_a11c14d1_142_Al1Ca14Sb11_icsd_033266_Sb_Ca_In,-3.915445811,Ca,"Sb, In",3,a11c14d1
./UBEM_stable_relaxed/CONTCAR/CONTCAR_a11c14d1_142_Al1Ca14Sb11_icsd_033266_Sb_Sr_Al,-3.820948536,Sr,"Sb, Al",3,a11c14d1
./UBEM_stable_relaxed/CONTCAR/CONTCAR_a11c14d1_142_Al1Ca14Sb11_icsd_033266_Sb_Sr_Ga,-3.784791112,Sr,"Sb, Ga",3,a11c14d1
./UBEM_stable_relaxed/CONTCAR/CONTCAR_a11c14d1_142_Al1Ca14Sb11_icsd_033266_Sb_Sr_In,-3.780353215,Sr,"Sb, In",3,a11c14d1
./UBEM_stable_relaxed/CONTCAR/CONTCAR_a12b14d8_2_Bi12Cs14In8_icsd_410420_Cs_Bi_In,-2.786604982,Cs,"Bi, In",3,a12b14d8
./UBEM_stable_relaxed/CONTCAR/CONTCAR_a12b14d8_2_Bi12Cs14In8_icsd_410420_Cs_Sb_In,-2.876156941,Cs,"Sb, In",3,a12b14d8
./UBEM_stable_relaxed/CONTCAR/CONTCAR_a12b14d8_2_Bi12Cs14In8_icsd_410420_Cs_Sb_Tl,-2.68510108,Cs,"Sb, Tl",3,a12b14d8
./UBEM_stable_relaxed/CONTCAR/CONTCAR_a12b14d8_2_Bi12Cs14In8_icsd_410420_K_As_In,-3.182956431,K,"As, In",3,a12b14d8
./UBEM_stable_relaxed/CONTCAR/CONTCAR_a12b14d8_2_Bi12Cs14In8_icsd_410420_K_As_Tl,-2.941497471,K,"As, Tl",3,a12b14d8
./UBEM_stable_relaxed/CONTCAR/CONTCAR_a12b14d8_2_Bi12Cs14In8_icsd_410420_K_Bi_Al,-3.073575804,K,"Bi, Al",3,a12b14d8
./UBEM_stable_relaxed/CONTCAR/CONTCAR_a12b14d8_2_Bi12Cs14In8_icsd_410420_K_P_In,-3.376098872,K,"P, In",3,a12b14d8
./UBEM_stable_relaxed/CONTCAR/CONTCAR_a12b14d8_2_Bi12Cs14In8_icsd_410420_K_Sb_Al,-3.206942449,K,"Sb, Al",3,a12b14d8
./UBEM_stable_relaxed/CONTCAR/CONTCAR_a12b14d8_2_Bi12Cs14In8_icsd_410420_K_Sb_Ga,-3.017415379,K,"Ga, Sb",3,a12b14d8
./UBEM_stable_relaxed/CONTCAR/CONTCAR_a12b14d8_2_Bi12Cs14In8_icsd_410420_K_Sb_In,-2.954976892,K,"Sb, In",3,a12b14d8
./UBEM_stable_relaxed/CONTCAR/CONTCAR_a12b14d8_2_Bi12Cs14In8_icsd_410420_Rb_As_In,-3.112996156,Rb,"As, In",3,a12b14d8
./UBEM_stable_relaxed/CONTCAR/CONTCAR_a12b14d8_2_Bi12Cs14In8_icsd_410420_Rb_As_Tl,-2.877437921,Rb,"As, Tl",3,a12b14d8
./UBEM_stable_relaxed/CONTCAR/CONTCAR_a12b14d8_2_Bi12Cs14In8_icsd_410420_Rb_Bi_Al,-3.003969016,Rb,"Bi, Al",3,a12b14d8
./UBEM_stable_relaxed/CONTCAR/CONTCAR_a12b14d8_2_Bi12Cs14In8_icsd_410420_Rb_Bi_In,-2.803779262,Rb,"Bi, In",3,a12b14d8
./UBEM_stable_relaxed/CONTCAR/CONTCAR_a12b14d8_2_Bi12Cs14In8_icsd_410420_Rb_Sb_Al,-3.133088874,Rb,"Sb, Al",3,a12b14d8
./UBEM_stable_relaxed/CONTCAR/CONTCAR_a12b14d8_2_Bi12Cs14In8_icsd_410420_Rb_Sb_In,-2.89601668,Rb,"In, Sb",3,a12b14d8
./UBEM_stable_relaxed/CONTCAR/CONTCAR_a12c11c6_12_Eu11Sb12Zn6_icsd_419343_Ba_Sb_Hg,-3.296672137,Ba,"Sb, Hg",3,a12c11c6
./UBEM_stable_relaxed/CONTCAR/CONTCAR_a12c11c6_12_Eu11Sb12Zn6_icsd_419343_Sr_Bi_Zn,-3.232692432,Sr,"Bi, Zn",3,a12c11c6
./UBEM_stable_relaxed/CONTCAR/CONTCAR_a12c11c6_12_Eu11Sb12Zn6_icsd_419343_Sr_Sb_Zn,-3.412452407,Sr,"Sb, Zn",3,a12c11c6
./UBEM_stable_relaxed/CONTCAR/CONTCAR_a12c14e3_146_As12Sn3Sr14_icsd_195752_Ba_As_Sn,-4.272721673,Ba,"As, Sn",3,a12c14e3
./UBEM_stable_relaxed/CONTCAR/CONTCAR_a12c14e3_146_As12Sn3Sr14_icsd_195752_Sr_Sb_Sn,-3.846739248,Sr,"Sb, Sn",3,a12c14e3
./UBEM_stable_relaxed/CONTCAR/CONTCAR_a14c1e1_62_P14Pb1Zn1_icsd_601342_Ge_P_Cd,-4.997777111,Cd,"Ge, P",3,a14c1e1
./UBEM_stable_relaxed/CONTCAR/CONTCAR_a14c1e1_62_P14Pb1Zn1_icsd_601342_Ge_P_Hg,-4.970219121,,"Ge, P, Hg",3,a14c1e1
./UBEM_stable_relaxed/CONTCAR/CONTCAR_a14c1e1_62_P14Pb1Zn1_icsd_601342_Ge_P_Sn,-5.246108313,,"Ge, P, Sn",3,a14c1e1
./UBEM_stable_relaxed/CONTCAR/CONTCAR_a14c1e1_62_P14Pb1Zn1_icsd_601342_Ge_P_Zn,-5.056586298,Zn,"Ge, P",3,a14c1e1
./UBEM_stable_relaxed/CONTCAR/CONTCAR_a14c1e1_62_P14Pb1Zn1_icsd_601342_Si_P_Hg,-5.026525978,Si,"P, Hg",3,a14c1e1
./UBEM_stable_relaxed/CONTCAR/CONTCAR_a18c21c4_12_As18Eu21Zn4_icsd_429154_Ba_Ca_As,-4.175709705,"Ba, Ca",As,3,a18c21c4
./UBEM_stable_relaxed/CONTCAR/CONTCAR_a18c21c4_12_As18Eu21Zn4_icsd_429154_Ba_Ca_Sb,-3.902436821,"Ba, Ca",Sb,3,a18c21c4
./UBEM_stable_relaxed/CONTCAR/CONTCAR_a18c21c4_12_As18Eu21Zn4_icsd_429154_Ba_Cd_As,-3.988606072,Ba,"Cd, As",3,a18c21c4
./UBEM_stable_relaxed/CONTCAR/CONTCAR_a18c21c4_12_As18Eu21Zn4_icsd_429154_Ba_Cd_Sb,-3.728493497,Ba,"Cd, Sb",3,a18c21c4
./UBEM_stable_relaxed/CONTCAR/CONTCAR_a18c21c4_12_As18Eu21Zn4_icsd_429154_Ba_Hg_As,-3.902491451,Ba,"Hg, As",3,a18c21c4
./UBEM_stable_relaxed/CONTCAR/CONTCAR_a18c21c4_12_As18Eu21Zn4_icsd_429154_Ba_Hg_Sb,-3.639757743,Ba,"Hg, Sb",3,a18c21c4
./UBEM_stable_relaxed/CONTCAR/CONTCAR_a18c21c4_12_As18Eu21Zn4_icsd_429154_Ba_Mg_As,-4.096271626,"Ba, Mg",As,3,a18c21c4
./UBEM_stable_relaxed/CONTCAR/CONTCAR_a18c21c4_12_As18Eu21Zn4_icsd_429154_Ba_Mg_Sb,-3.815564009,"Ba, Mg",Sb,3,a18c21c4
./UBEM_stable_relaxed/CONTCAR/CONTCAR_a18c21c4_12_As18Eu21Zn4_icsd_429154_Ba_Zn_As,-4.021529155,Ba,"Zn, As",3,a18c21c4
./UBEM_stable_relaxed/CONTCAR/CONTCAR_a18c21c4_12_As18Eu21Zn4_icsd_429154_Sr_Mg_As,-4.02052809,"Sr, Mg",As,3,a18c21c4
./UBEM_stable_relaxed/CONTCAR/CONTCAR_a18c21c4_12_As18Eu21Zn4_icsd_429154_Sr_Mg_Sb,-3.695783376,"Sr, Mg",Sb,3,a18c21c4
./UBEM_stable_relaxed/CONTCAR/CONTCAR_a18c21c4_12_As18Eu21Zn4_icsd_429154_Sr_Zn_As,-3.951996645,Sr,"As, Zn",3,a18c21c4
./UBEM_stable_relaxed/CONTCAR/CONTCAR_a18c21c4_12_As18Eu21Zn4_icsd_429154_Sr_Zn_Sb,-3.624071881,Sr,"Zn, Sb",3,a18c21c4
./UBEM_stable_relaxed/CONTCAR/CONTCAR_a18c21c4_15_Ca21Mn4Sb18_icsd_416972_Bi_Ba_Cd,-3.581427642,Ba,"Bi, Cd",3,a18c21c4
./UBEM_stable_relaxed/CONTCAR/CONTCAR_a1b15e1e8_63_Ge8Na15P1Sn1_icsd_417884_K_Pb_Pb_Bi,-2.368670281,K,"Bi, Pb",3,a1b15e1e8
./UBEM_stable_relaxed/CONTCAR/CONTCAR_a1b15e1e8_63_Ge8Na15P1Sn1_icsd_417884_K_Pb_Pb_Sb,-2.379019031,K,"Pb, Sb",3,a1b15e1e8
./UBEM_stable_relaxed/CONTCAR/CONTCAR_a1b15e1e8_63_Ge8Na15P1Sn1_icsd_417884_K_Sn_Sn_As,-2.546644045,K,"Sn, As",3,a1b15e1e8
./UBEM_stable_relaxed/CONTCAR/CONTCAR_a1b15e1e8_63_Ge8Na15P1Sn1_icsd_417884_K_Sn_Sn_Bi,-2.521654493,K,"Sn, Bi",3,a1b15e1e8
./UBEM_stable_relaxed/CONTCAR/CONTCAR_a1b15e1e8_63_Ge8Na15P1Sn1_icsd_417884_K_Sn_Sn_P,-2.56017358,K,"Sn, P",3,a1b15e1e8
./UBEM_stable_relaxed/CONTCAR/CONTCAR_a1b15e1e8_63_Ge8Na15P1Sn1_icsd_417884_K_Sn_Sn_Sb,-2.532393218,K,"Sb, Sn",3,a1b15e1e8
./UBEM_stable_relaxed/CONTCAR/CONTCAR_a1b15e1e8_63_Ge8Na15P1Sn1_icsd_417884_Na_Ge_Ge_As,-2.815319934,Na,"Ge, As",3,a1b15e1e8
./UBEM_stable_relaxed/CONTCAR/CONTCAR_a1b15e1e8_63_Ge8Na15P1Sn1_icsd_417884_Na_Ge_Ge_Bi,-2.77368514,Na,"Ge, Bi",3,a1b15e1e8
./UBEM_stable_relaxed/CONTCAR/CONTCAR_a1b15e1e8_63_Ge8Na15P1Sn1_icsd_417884_Na_Ge_Ge_P,-2.83496316,Na,"Ge, P",3,a1b15e1e8
./UBEM_stable_relaxed/CONTCAR/CONTCAR_a1b15e1e8_63_Ge8Na15P1Sn1_icsd_417884_Na_Ge_Ge_Sb,-2.788100807,Na,"Ge, Sb",3,a1b15e1e8
./UBEM_stable_relaxed/CONTCAR/CONTCAR_a1b15e1e8_63_Ge8Na15P1Sn1_icsd_417884_Na_Si_Si_As,-2.981498448,Na,"As, Si",3,a1b15e1e8
./UBEM_stable_relaxed/CONTCAR/CONTCAR_a1b15e1e8_63_Ge8Na15P1Sn1_icsd_417884_Na_Si_Si_P,-3.002282227,Na,"Si, P",3,a1b15e1e8
./UBEM_stable_relaxed/CONTCAR/CONTCAR_a1b15e1e8_63_Ge8Na15P1Sn1_icsd_417884_Na_Si_Si_Sb,-2.95180188,Na,"Sb, Si",3,a1b15e1e8
./UBEM_stable_relaxed/CONTCAR/CONTCAR_a1b15e1e8_63_Ge8Na15P1Sn1_icsd_417884_Rb_Sn_Sn_As,-2.431860071,Rb,"As, Sn",3,a1b15e1e8
./UBEM_stable_relaxed/CONTCAR/CONTCAR_a1b15e1e8_63_Ge8Na15P1Sn1_icsd_417884_Rb_Sn_Sn_P,-2.444595173,Rb,"Sn, P",3,a1b15e1e8
./UBEM_stable_relaxed/CONTCAR/CONTCAR_a1b1c1_129_Mn1Na1Sb1_icsd_060735_Na_Mg_P,-3.376989133,"Na, Mg",P,3,a1b1c1
./UBEM_stable_relaxed/CONTCAR/CONTCAR_a1b1c1_186_Li1Sb1Zn1_icsd_042064_As_Cd_Li,-2.912189842,"Cd, Li",As,3,a1b1c1
./UBEM_stable_relaxed/CONTCAR/CONTCAR_a1b1c1_194_Hg1K1Sb1_icsd_056201_As_Cs_Cd,-2.53164769,Cs,"As, Cd",3,a1b1c1
./UBEM_stable_relaxed/CONTCAR/CONTCAR_a1b1c1_194_Hg1K1Sb1_icsd_056201_As_Cs_Hg,-2.283327947,Cs,"As, Hg",3,a1b1c1
./UBEM_stable_relaxed/CONTCAR/CONTCAR_a1b1c1_194_Hg1K1Sb1_icsd_056201_As_Rb_Cd,-2.568612668,Rb,"As, Cd",3,a1b1c1
./UBEM_stable_relaxed/CONTCAR/CONTCAR_a1b1c1_194_Hg1K1Sb1_icsd_056201_As_Rb_Hg,-2.315950682,Rb,"As, Hg",3,a1b1c1
./UBEM_stable_relaxed/CONTCAR/CONTCAR_a1b1c1_194_Hg1K1Sb1_icsd_056201_As_Rb_Zn,-2.731747527,Rb,"As, Zn",3,a1b1c1
./UBEM_stable_relaxed/CONTCAR/CONTCAR_a1b1c1_194_Hg1K1Sb1_icsd_056201_Bi_Cs_Cd,-2.27678169,Cs,"Bi, Cd",3,a1b1c1
./UBEM_stable_relaxed/CONTCAR/CONTCAR_a1b1c1_194_Hg1K1Sb1_icsd_056201_Bi_Cs_Hg,-2.063721042,Cs,"Bi, Hg",3,a1b1c1
./UBEM_stable_relaxed/CONTCAR/CONTCAR_a1b1c1_194_Hg1K1Sb1_icsd_056201_Bi_Cs_Mg,-2.569394902,"Cs, Mg",Bi,3,a1b1c1
./UBEM_stable_relaxed/CONTCAR/CONTCAR_a1b1c1_194_Hg1K1Sb1_icsd_056201_Bi_Cs_Zn,-2.3423109,Cs,"Bi, Zn",3,a1b1c1
./UBEM_stable_relaxed/CONTCAR/CONTCAR_a1b1c1_194_Hg1K1Sb1_icsd_056201_Bi_K_Zn,-2.43230647,K,"Bi, Zn",3,a1b1c1
./UBEM_stable_relaxed/CONTCAR/CONTCAR_a1b1c1_194_Hg1K1Sb1_icsd_056201_Bi_Rb_Cd,-2.303892088,Rb,"Bi, Cd",3,a1b1c1
./UBEM_stable_relaxed/CONTCAR/CONTCAR_a1b1c1_194_Hg1K1Sb1_icsd_056201_Bi_Rb_Hg,-2.074032458,Rb,"Bi, Hg",3,a1b1c1
./UBEM_stable_relaxed/CONTCAR/CONTCAR_a1b1c1_194_Hg1K1Sb1_icsd_056201_Bi_Rb_Mg,-2.593166855,"Rb, Mg",Bi,3,a1b1c1
./UBEM_stable_relaxed/CONTCAR/CONTCAR_a1b1c1_194_Hg1K1Sb1_icsd_056201_Bi_Rb_Zn,-2.370417587,Rb,"Bi, Zn",3,a1b1c1
./UBEM_stable_relaxed/CONTCAR/CONTCAR_a1b1c1_194_Hg1K1Sb1_icsd_056201_P_Cs_Cd,-2.705584318,Cs,"P, Cd",3,a1b1c1
./UBEM_stable_relaxed/CONTCAR/CONTCAR_a1b1c1_194_Hg1K1Sb1_icsd_056201_P_K_Cd,-2.81768806,K,"Cd, P",3,a1b1c1
./UBEM_stable_relaxed/CONTCAR/CONTCAR_a1b1c1_194_Hg1K1Sb1_icsd_056201_P_Rb_Cd,-2.750071455,Rb,"P, Cd",3,a1b1c1
./UBEM_stable_relaxed/CONTCAR/CONTCAR_a1b1c1_194_Hg1K1Sb1_icsd_056201_Sb_Cs_Cd,-2.365690355,Cs,"Sb, Cd",3,a1b1c1
./UBEM_stable_relaxed/CONTCAR/CONTCAR_a1b1c1_194_Hg1K1Sb1_icsd_056201_Sb_Cs_Hg,-2.14186653,Cs,"Sb, Hg",3,a1b1c1
./UBEM_stable_relaxed/CONTCAR/CONTCAR_a1b1c1_194_Hg1K1Sb1_icsd_056201_Sb_Cs_Mg,-2.659625935,"Cs, Mg",Sb,3,a1b1c1
./UBEM_stable_relaxed/CONTCAR/CONTCAR_a1b1c1_194_Hg1K1Sb1_icsd_056201_Sb_Cs_Zn,-2.463171027,Cs,"Sb, Zn",3,a1b1c1
./UBEM_stable_relaxed/CONTCAR/CONTCAR_a1b1c1_194_Hg1K1Sb1_icsd_056201_Sb_Rb_Cd,-2.386069478,Rb,"Sb, Cd",3,a1b1c1
./UBEM_stable_relaxed/CONTCAR/CONTCAR_a1b1c1_194_Hg1K1Sb1_icsd_056201_Sb_Rb_Hg,-2.1604741,Rb,"Hg, Sb",3,a1b1c1
./UBEM_stable_relaxed/CONTCAR/CONTCAR_a1b1c1_194_Hg1K1Sb1_icsd_056201_Sb_Rb_Mg,-2.672293058,"Mg, Rb",Sb,3,a1b1c1
./UBEM_stable_relaxed/CONTCAR/CONTCAR_a1b1c1_194_Hg1K1Sb1_icsd_056201_Sb_Rb_Zn,-2.499210588,Rb,"Sb, Zn",3,a1b1c1
./UBEM_stable_relaxed/CONTCAR/CONTCAR_a1b1c1_33_As1Cd1Na1_icsd_009571_Cs_Bi_Sr,-2.862367445,"Cs, Sr",Bi,3,a1b1c1
./UBEM_stable_relaxed/CONTCAR/CONTCAR_a1b1c1_33_As1Cd1Na1_icsd_009571_K_Bi_Ca,-3.075496888,"K, Ca",Bi,3,a1b1c1
./UBEM_stable_relaxed/CONTCAR/CONTCAR_a1b1c1_33_As1Cd1Na1_icsd_009571_K_Bi_Sr,-2.972875354,"K, Sr",Bi,3,a1b1c1
./UBEM_stable_relaxed/CONTCAR/CONTCAR_a1b1c1_33_As1Cd1Na1_icsd_009571_Na_Bi_Mg,-2.7058461,"Mg, Na",Bi,3,a1b1c1
./UBEM_stable_relaxed/CONTCAR/CONTCAR_a1b1c1_33_As1Cd1Na1_icsd_009571_Na_P_Cd,-2.869223321,Na,"P, Cd",3,a1b1c1
./UBEM_stable_relaxed/CONTCAR/CONTCAR_a1b1c1_33_As1Cd1Na1_icsd_009571_Rb_Bi_Ba,-2.978193737,"Ba, Rb",Bi,3,a1b1c1
./UBEM_stable_relaxed/CONTCAR/CONTCAR_a1b1c1_33_As1Cd1Na1_icsd_009571_Rb_Bi_Ca,-3.003477053,"Rb, Ca",Bi,3,a1b1c1
./UBEM_stable_relaxed/CONTCAR/CONTCAR_a1b1c1_33_As1Cd1Na1_icsd_009571_Rb_Bi_Sr,-2.909434772,"Rb, Sr",Bi,3,a1b1c1
./UBEM_stable_relaxed/CONTCAR/CONTCAR_a1b1c1_33_As1Cd1Na1_icsd_009571_Rb_Sb_Ba,-3.111410226,"Rb, Ba",Sb,3,a1b1c1
./UBEM_stable_relaxed/CONTCAR/CONTCAR_a1b1c1_33_As1Cd1Na1_icsd_009571_Rb_Sb_Sr,-3.034777917,"Rb, Sr",Sb,3,a1b1c1
./UBEM_stable_relaxed/CONTCAR/CONTCAR_a1c1d1_62_Cd1Sb1Tl1_icsd_009572_As_Tl_Zn,-2.825301069,Zn,"As, Tl",3,a1c1d1
./UBEM_stable_relaxed/CONTCAR/CONTCAR_a1c1d1_62_Cd1Sb1Tl1_icsd_009572_P_Tl_Cd,-2.877649798,Cd,"P, Tl",3,a1c1d1
./UBEM_stable_relaxed/CONTCAR/CONTCAR_a2b1d1_64_Ga1K1Sb2_icsd_300202_Bi_Rb_Ga,-3.246571722,Rb,"Bi, Ga",3,a2b1d1
./UBEM_stable_relaxed/CONTCAR/CONTCAR_a2b1d1_64_Ga1K1Sb2_icsd_300202_Sb_Cs_In,-3.298628103,Cs,"Sb, In",3,a2b1d1
./UBEM_stable_relaxed/CONTCAR/CONTCAR_a2b1d1_64_Ga1K1Sb2_icsd_300202_Sb_Rb_Al,-3.560942831,Rb,"Sb, Al",3,a2b1d1
./UBEM_stable_relaxed/CONTCAR/CONTCAR_a2b1d1_64_Ga1K1Sb2_icsd_300202_Sb_Rb_Ga,-3.388748604,Rb,"Sb, Ga",3,a2b1d1
./UBEM_stable_relaxed/CONTCAR/CONTCAR_a2b1d1_64_Ga1K1Sb2_icsd_300202_Sb_Rb_In,-3.301503474,Rb,"Sb, In",3,a2b1d1
./UBEM_stable_relaxed/CONTCAR/CONTCAR_a2b2d1_14_As2Ga1K2_icsd_300142_Cs_As_Ga,-3.313916944,Cs,"As, Ga",3,a2b2d1
./UBEM_stable_relaxed/CONTCAR/CONTCAR_a2b2d1_14_As2Ga1K2_icsd_300142_Cs_As_In,-3.196878699,Cs,"As, In",3,a2b2d1
./UBEM_stable_relaxed/CONTCAR/CONTCAR_a2b2d1_14_As2Ga1K2_icsd_300142_Cs_As_Tl,-3.023113986,Cs,"As, Tl",3,a2b2d1
./UBEM_stable_relaxed/CONTCAR/CONTCAR_a2b2d1_14_As2Ga1K2_icsd_300142_Cs_Bi_Al,-3.026522768,Cs,"Al, Bi",3,a2b2d1
./UBEM_stable_relaxed/CONTCAR/CONTCAR_a2b2d1_14_As2Ga1K2_icsd_300142_Cs_Bi_Ga,-2.92671292,Cs,"Bi, Ga",3,a2b2d1
./UBEM_stable_relaxed/CONTCAR/CONTCAR_a2b2d1_14_As2Ga1K2_icsd_300142_Cs_Bi_In,-2.861134501,Cs,"Bi, In",3,a2b2d1
./UBEM_stable_relaxed/CONTCAR/CONTCAR_a2b2d1_14_As2Ga1K2_icsd_300142_Cs_Bi_Tl,-2.728839819,Cs,"Bi, Tl",3,a2b2d1
./UBEM_stable_relaxed/CONTCAR/CONTCAR_a2b2d1_14_As2Ga1K2_icsd_300142_Cs_P_Ga,-3.57529712,Cs,"P, Ga",3,a2b2d1
./UBEM_stable_relaxed/CONTCAR/CONTCAR_a2b2d1_14_As2Ga1K2_icsd_300142_Cs_Sb_Al,-3.151989282,Cs,"Sb, Al",3,a2b2d1
./UBEM_stable_relaxed/CONTCAR/CONTCAR_a2b2d1_14_As2Ga1K2_icsd_300142_Cs_Sb_In,-2.958748227,Cs,"Sb, In",3,a2b2d1
./UBEM_stable_relaxed/CONTCAR/CONTCAR_a2b2d1_14_As2Ga1K2_icsd_300142_Rb_Bi_Ga,-2.943191844,Rb,"Bi, Ga",3,a2b2d1
./UBEM_stable_relaxed/CONTCAR/CONTCAR_a2b2d1_14_As2Ga1K2_icsd_300142_Rb_Sb_Al,-3.168255656,Rb,"Al, Sb",3,a2b2d1
./UBEM_stable_relaxed/CONTCAR/CONTCAR_a2b2e1_142_As2Na2Sn1_icsd_073307_Li_As_Si,-4.167700223,Li,"As, Si",3,a2b2e1
./UBEM_stable_relaxed/CONTCAR/CONTCAR_a2b2e1_142_As2Na2Sn1_icsd_073307_Li_P_Ge,-4.273705873,Li,"P, Ge",3,a2b2e1
./UBEM_stable_relaxed/CONTCAR/CONTCAR_a2b2e1_142_As2Na2Sn1_icsd_073307_Li_P_Si,-4.561248035,Li,"P, Si",3,a2b2e1
./UBEM_stable_relaxed/CONTCAR/CONTCAR_a2b2e1_142_As2Na2Sn1_icsd_073307_Na_As_Ge,-3.633310495,Na,"As, Ge",3,a2b2e1
./UBEM_stable_relaxed/CONTCAR/CONTCAR_a2b2e1_72_As2Rb2Sn1_icsd_071223_As_Ge_Cs,-3.552161365,Cs,"As, Ge",3,a2b2e1
./UBEM_stable_relaxed/CONTCAR/CONTCAR_a2b2e1_72_As2Rb2Sn1_icsd_071223_As_Ge_Rb,-3.56906947,Rb,"As, Ge",3,a2b2e1
./UBEM_stable_relaxed/CONTCAR/CONTCAR_a2b2e1_72_As2Rb2Sn1_icsd_071223_As_Si_Cs,-3.75750366,"Si, Cs",As,3,a2b2e1
./UBEM_stable_relaxed/CONTCAR/CONTCAR_a2b2e1_72_As2Rb2Sn1_icsd_071223_As_Si_Na,-3.834755755,"Si, Na",As,3,a2b2e1
./UBEM_stable_relaxed/CONTCAR/CONTCAR_a2b2e1_72_As2Rb2Sn1_icsd_071223_P_Ge_K,-3.905601804,K,"Ge, P",3,a2b2e1
./UBEM_stable_relaxed/CONTCAR/CONTCAR_a2b2e1_72_As2Rb2Sn1_icsd_071223_P_Si_Na,-4.186183014,"Si, Na",P,3,a2b2e1
./UBEM_stable_relaxed/CONTCAR/CONTCAR_a2b2e1_72_As2Rb2Sn1_icsd_071223_P_Si_Rb,-4.103053042,"Si, Rb",P,3,a2b2e1
./UBEM_stable_relaxed/CONTCAR/CONTCAR_a2b2e1_72_As2Rb2Sn1_icsd_071223_Sb_Ge_Rb,-3.266903743,Rb,"Ge, Sb",3,a2b2e1
./UBEM_stable_relaxed/CONTCAR/CONTCAR_a2b2e1_72_As2Rb2Sn1_icsd_071223_Sb_Sn_Cs,-3.188096504,Cs,"Sb, Sn",3,a2b2e1
./UBEM_stable_relaxed/CONTCAR/CONTCAR_a2b2e1_72_As2Rb2Sn1_icsd_071223_Sb_Sn_Rb,-3.190929418,Rb,"Sb, Sn",3,a2b2e1
./UBEM_stable_relaxed/CONTCAR/CONTCAR_a2b4c1_12_Cd1K4P2_icsd_061084_As_Cs_Cd,-2.367886211,Cs,"As, Cd",3,a2b4c1
./UBEM_stable_relaxed/CONTCAR/CONTCAR_a2b4c1_12_Cd1K4P2_icsd_061084_As_Cs_Hg,-2.298244294,Cs,"As, Hg",3,a2b4c1
./UBEM_stable_relaxed/CONTCAR/CONTCAR_a2b4c1_12_Cd1K4P2_icsd_061084_As_Na_Hg,-2.528042844,Na,"As, Hg",3,a2b4c1
./UBEM_stable_relaxed/CONTCAR/CONTCAR_a2b4c1_12_Cd1K4P2_icsd_061084_As_Rb_Mg,-2.524838924,"Mg, Rb",As,3,a2b4c1
./UBEM_stable_relaxed/CONTCAR/CONTCAR_a2b4c1_12_Cd1K4P2_icsd_061084_As_Rb_Zn,-2.494098866,Rb,"As, Zn",3,a2b4c1
./UBEM_stable_relaxed/CONTCAR/CONTCAR_a2b4c1_12_Cd1K4P2_icsd_061084_Bi_Cs_Cd,-2.167425681,Cs,"Bi, Cd",3,a2b4c1
./UBEM_stable_relaxed/CONTCAR/CONTCAR_a2b4c1_12_Cd1K4P2_icsd_061084_Bi_K_Hg,-2.218294493,K,"Bi, Hg",3,a2b4c1
./UBEM_stable_relaxed/CONTCAR/CONTCAR_a2b4c1_12_Cd1K4P2_icsd_061084_Bi_Rb_Hg,-2.136005017,Rb,"Bi, Hg",3,a2b4c1
./UBEM_stable_relaxed/CONTCAR/CONTCAR_a2b4c1_12_Cd1K4P2_icsd_061084_P_Cs_Hg,-2.425432359,Cs,"P, Hg",3,a2b4c1
./UBEM_stable_relaxed/CONTCAR/CONTCAR_a2b4c1_12_Cd1K4P2_icsd_061084_P_Cs_Zn,-2.5883637,Cs,"P, Zn",3,a2b4c1
./UBEM_stable_relaxed/CONTCAR/CONTCAR_a2b4c1_12_Cd1K4P2_icsd_061084_P_Rb_Be,-2.969331649,"Rb, Be",P,3,a2b4c1
./UBEM_stable_relaxed/CONTCAR/CONTCAR_a2b4c1_12_Cd1K4P2_icsd_061084_P_Rb_Zn,-2.641048977,Rb,"P, Zn",3,a2b4c1
./UBEM_stable_relaxed/CONTCAR/CONTCAR_a2b4c1_12_Cd1K4P2_icsd_061084_Sb_Cs_Cd,-2.24273646,Cs,"Sb, Cd",3,a2b4c1
./UBEM_stable_relaxed/CONTCAR/CONTCAR_a2b4c1_12_Cd1K4P2_icsd_061084_Sb_Cs_Hg,-2.178609834,Cs,"Sb, Hg",3,a2b4c1
./UBEM_stable_relaxed/CONTCAR/CONTCAR_a2b4c1_12_Cd1K4P2_icsd_061084_Sb_K_Hg,-2.301660623,K,"Hg, Sb",3,a2b4c1
./UBEM_stable_relaxed/CONTCAR/CONTCAR_a2b4c1_12_Cd1K4P2_icsd_061084_Sb_Rb_Hg,-2.213000627,Rb,"Sb, Hg",3,a2b4c1
./UBEM_stable_relaxed/CONTCAR/CONTCAR_a2b4c1_12_Cd1K4P2_icsd_061084_Sb_Rb_Mg,-2.405124013,"Rb, Mg",Sb,3,a2b4c1
./UBEM_stable_relaxed/CONTCAR/CONTCAR_a2b4c1_166_As2Cd1K4_icsd_300190_Cs_As_Zn,-2.447360704,Cs,"As, Zn",3,a2b4c1
./UBEM_stable_relaxed/CONTCAR/CONTCAR_a2b4c1_166_As2Cd1K4_icsd_300190_Cs_Bi_Hg,-2.10665354,Cs,"Bi, Hg",3,a2b4c1
./UBEM_stable_relaxed/CONTCAR/CONTCAR_a2b4c1_166_As2Cd1K4_icsd_300190_Cs_P_Cd,-2.491060923,Cs,"P, Cd",3,a2b4c1
./UBEM_stable_relaxed/CONTCAR/CONTCAR_a2b4c1_166_As2Cd1K4_icsd_300190_K_Bi_Hg,-2.217834466,K,"Bi, Hg",3,a2b4c1
./UBEM_stable_relaxed/CONTCAR/CONTCAR_a2b4c1_166_As2Cd1K4_icsd_300190_K_Sb_Cd,-2.373192993,K,"Cd, Sb",3,a2b4c1
./UBEM_stable_relaxed/CONTCAR/CONTCAR_a2b4c1_166_As2Cd1K4_icsd_300190_K_Sb_Zn,-2.429382897,K,"Sb, Zn",3,a2b4c1
./UBEM_stable_relaxed/CONTCAR/CONTCAR_a2b4c1_166_As2Cd1K4_icsd_300190_Na_P_Be,-3.209281183,"Be, Na",P,3,a2b4c1
./UBEM_stable_relaxed/CONTCAR/CONTCAR_a2b4c1_166_As2Cd1K4_icsd_300190_Na_P_Zn,-2.892171707,Na,"P, Zn",3,a2b4c1
./UBEM_stable_relaxed/CONTCAR/CONTCAR_a2b4c1_166_As2Cd1K4_icsd_300190_Rb_As_Cd,-2.439070071,Rb,"As, Cd",3,a2b4c1
./UBEM_stable_relaxed/CONTCAR/CONTCAR_a2b4c1_166_As2Cd1K4_icsd_300190_Rb_As_Hg,-2.343633987,Rb,"As, Hg",3,a2b4c1
./UBEM_stable_relaxed/CONTCAR/CONTCAR_a2b4c1_166_As2Cd1K4_icsd_300190_Rb_Bi_Cd,-2.206445804,Rb,"Bi, Cd",3,a2b4c1
./UBEM_stable_relaxed/CONTCAR/CONTCAR_a2b4c1_166_As2Cd1K4_icsd_300190_Rb_Bi_Mg,-2.307724839,"Rb, Mg",Bi,3,a2b4c1
./UBEM_stable_relaxed/CONTCAR/CONTCAR_a2b4c1_166_As2Cd1K4_icsd_300190_Rb_Bi_Zn,-2.251976741,Rb,"Bi, Zn",3,a2b4c1
./UBEM_stable_relaxed/CONTCAR/CONTCAR_a2b4c1_166_As2Cd1K4_icsd_300190_Rb_P_Cd,-2.579619519,Rb,"P, Cd",3,a2b4c1
./UBEM_stable_relaxed/CONTCAR/CONTCAR_a2b4c1_166_As2Cd1K4_icsd_300190_Rb_P_Hg,-2.480149433,Rb,"P, Hg",3,a2b4c1
./UBEM_stable_relaxed/CONTCAR/CONTCAR_a2b4c1_166_As2Cd1K4_icsd_300190_Rb_P_Mg,-2.662179329,"Mg, Rb",P,3,a2b4c1
./UBEM_stable_relaxed/CONTCAR/CONTCAR_a2b4c1_166_As2Cd1K4_icsd_300190_Rb_Sb_Cd,-2.291838957,Rb,"Sb, Cd",3,a2b4c1
./UBEM_stable_relaxed/CONTCAR/CONTCAR_a2b4c1_166_As2Cd1K4_icsd_300190_Rb_Sb_Zn,-2.338265563,Rb,"Sb, Zn",3,a2b4c1
./UBEM_stable_relaxed/CONTCAR/CONTCAR_a2b4c1_20_Bi2K4Zn1_icsd_192439_Cs_Mg_Bi,-2.241152529,"Cs, Mg",Bi,3,a2b4c1
./UBEM_stable_relaxed/CONTCAR/CONTCAR_a2b4c1_20_Bi2K4Zn1_icsd_192439_Cs_Mg_Sb,-2.319461954,"Cs, Mg",Sb,3,a2b4c1
./UBEM_stable_relaxed/CONTCAR/CONTCAR_a2b4c1_20_Bi2K4Zn1_icsd_192439_Cs_Zn_Bi,-2.206057004,Cs,"Zn, Bi",3,a2b4c1
./UBEM_stable_relaxed/CONTCAR/CONTCAR_a2b4c1_20_Bi2K4Zn1_icsd_192439_Cs_Zn_Sb,-2.285020301,Cs,"Zn, Sb",3,a2b4c1
./UBEM_stable_relaxed/CONTCAR/CONTCAR_a2c1c1c1_36_Ba1Cd1Sb2Yb1_icsd_422280_As_Ca_Ba_Ca,-4.186558509,"Ca, Ba",As,3,a2c1c1c1
./UBEM_stable_relaxed/CONTCAR/CONTCAR_a2c1c1c1_36_Ba1Cd1Sb2Yb1_icsd_422280_P_Ca_Ba_Ca,-4.43193879,"Ba, Ca",P,3,a2c1c1c1
./UBEM_stable_relaxed/CONTCAR/CONTCAR_a2c1c1c1_36_Ba1Cd1Sb2Yb1_icsd_422280_Sb_Ca_Ba_Ca,-3.869063385,"Ca, Ba",Sb,3,a2c1c1c1
./UBEM_stable_relaxed/CONTCAR/CONTCAR_a2c1c2_139_Ba1Mn2P2_icsd_077668_As_Be_Sr,-4.282841472,"Be, Sr",As,3,a2c1c2
./UBEM_stable_relaxed/CONTCAR/CONTCAR_a2c1c2_139_Ba1Mn2P2_icsd_077668_P_Be_Ba,-4.745313682,"Be, Ba",P,3,a2c1c2
./UBEM_stable_relaxed/CONTCAR/CONTCAR_a2c1c2_139_Ba1Mn2P2_icsd_077668_P_Be_Sr,-4.704186322,"Be, Sr",P,3,a2c1c2
./UBEM_stable_relaxed/CONTCAR/CONTCAR_a2c1c2_164_Ca1P2Zn2_icsd_619477_As_Sr_Mg,-3.781105732,"Sr, Mg",As,3,a2c1c2
./UBEM_stable_relaxed/CONTCAR/CONTCAR_a2c1c2_164_Ca1P2Zn2_icsd_619477_P_Ca_Mg,-4.148794528,"Ca, Mg",P,3,a2c1c2
./UBEM_stable_relaxed/CONTCAR/CONTCAR_a2c1c2_164_Ca1P2Zn2_icsd_619477_P_Mg_Zn,-3.343646862,Mg,"P, Zn",3,a2c1c2
./UBEM_stable_relaxed/CONTCAR/CONTCAR_a2c1c2_36_Eu2P2Zn1_icsd_426081_Ba_As_Ca,-4.161458972,"Ba, Ca",As,3,a2c1c2
./UBEM_stable_relaxed/CONTCAR/CONTCAR_a2c1c2_36_Eu2P2Zn1_icsd_426081_Ba_As_Hg,-3.565907689,Ba,"As, Hg",3,a2c1c2
./UBEM_stable_relaxed/CONTCAR/CONTCAR_a2c1c2_36_Eu2P2Zn1_icsd_426081_Ba_Bi_Mg,-3.508649607,"Ba, Mg",Bi,3,a2c1c2
./UBEM_stable_relaxed/CONTCAR/CONTCAR_a2c1c2_36_Eu2P2Zn1_icsd_426081_Ba_P_Ca,-4.391244118,"Ba, Ca",P,3,a2c1c2
./UBEM_stable_relaxed/CONTCAR/CONTCAR_a2c1c2_36_Eu2P2Zn1_icsd_426081_Ba_Sb_Cd,-3.464690229,Ba,"Sb, Cd",3,a2c1c2
./UBEM_stable_relaxed/CONTCAR/CONTCAR_a2c1c2_36_Eu2P2Zn1_icsd_426081_Ba_Sb_Hg,-3.296997394,Ba,"Sb, Hg",3,a2c1c2
./UBEM_stable_relaxed/CONTCAR/CONTCAR_a2c1c2_36_Eu2P2Zn1_icsd_426081_Ba_Sb_Mg,-3.665041691,"Ba, Mg",Sb,3,a2c1c2
./UBEM_stable_relaxed/CONTCAR/CONTCAR_a2c1c2_36_Eu2P2Zn1_icsd_426081_Ca_As_Zn,-3.895675039,Ca,"As, Zn",3,a2c1c2
./UBEM_stable_relaxed/CONTCAR/CONTCAR_a2c1c2_36_Eu2P2Zn1_icsd_426081_Ca_P_Zn,-4.200484055,Ca,"P, Zn",3,a2c1c2
./UBEM_stable_relaxed/CONTCAR/CONTCAR_a2c1c2_36_Eu2P2Zn1_icsd_426081_Ca_Sb_Zn,-3.494865705,Ca,"Sb, Zn",3,a2c1c2
./UBEM_stable_relaxed/CONTCAR/CONTCAR_a2c1c2_36_Eu2P2Zn1_icsd_426081_Sr_As_Ca,-4.060774113,"Sr, Ca",As,3,a2c1c2
./UBEM_stable_relaxed/CONTCAR/CONTCAR_a2c1c2_36_Eu2P2Zn1_icsd_426081_Sr_As_Hg,-3.478390188,Sr,"As, Hg",3,a2c1c2
./UBEM_stable_relaxed/CONTCAR/CONTCAR_a2c1c2_36_Eu2P2Zn1_icsd_426081_Sr_As_Mg,-3.915787278,"Mg, Sr",As,3,a2c1c2
./UBEM_stable_relaxed/CONTCAR/CONTCAR_a2c1c2_36_Eu2P2Zn1_icsd_426081_Sr_As_Zn,-3.766576107,Sr,"As, Zn",3,a2c1c2
./UBEM_stable_relaxed/CONTCAR/CONTCAR_a2c1c2_36_Eu2P2Zn1_icsd_426081_Sr_Bi_Mg,-3.380930991,"Mg, Sr",Bi,3,a2c1c2
./UBEM_stable_relaxed/CONTCAR/CONTCAR_a2c1c2_36_Eu2P2Zn1_icsd_426081_Sr_P_Ca,-4.313687337,"Ca, Sr",P,3,a2c1c2
./UBEM_stable_relaxed/CONTCAR/CONTCAR_a2c1c2_36_Eu2P2Zn1_icsd_426081_Sr_P_Cd,-3.925715853,Sr,"P, Cd",3,a2c1c2
./UBEM_stable_relaxed/CONTCAR/CONTCAR_a2c1c2_36_Eu2P2Zn1_icsd_426081_Sr_P_Hg,-3.721948074,Sr,"P, Hg",3,a2c1c2
./UBEM_stable_relaxed/CONTCAR/CONTCAR_a2c1c2_36_Eu2P2Zn1_icsd_426081_Sr_P_Mg,-4.185317596,"Sr, Mg",P,3,a2c1c2
./UBEM_stable_relaxed/CONTCAR/CONTCAR_a2c1c2_36_Eu2P2Zn1_icsd_426081_Sr_Sb_Cd,-3.346585517,Sr,"Sb, Cd",3,a2c1c2
./UBEM_stable_relaxed/CONTCAR/CONTCAR_a2c1c2_36_Eu2P2Zn1_icsd_426081_Sr_Sb_Mg,-3.561778525,"Mg, Sr",Sb,3,a2c1c2
./UBEM_stable_relaxed/CONTCAR/CONTCAR_a2c1c2_72_As2Ba2Zn1_icsd_421423_Be_As_Ba,-4.259025554,"Be, Ba",As,3,a2c1c2
./UBEM_stable_relaxed/CONTCAR/CONTCAR_a2c1c2_72_As2Ba2Zn1_icsd_421423_Be_As_Ca,-4.360290597,"Be, Ca",As,3,a2c1c2
./UBEM_stable_relaxed/CONTCAR/CONTCAR_a2c1c2_72_As2Ba2Zn1_icsd_421423_Be_As_Sr,-4.212110826,"Be, Sr",As,3,a2c1c2
./UBEM_stable_relaxed/CONTCAR/CONTCAR_a2c1c2_72_As2Ba2Zn1_icsd_421423_Be_P_Ca,-4.698277753,"Be, Ca",P,3,a2c1c2
./UBEM_stable_relaxed/CONTCAR/CONTCAR_a2c1c2_72_As2Ba2Zn1_icsd_421423_Be_P_Sr,-4.518518133,"Be, Sr",P,3,a2c1c2
./UBEM_stable_relaxed/CONTCAR/CONTCAR_a2c1c2_72_As2Ba2Zn1_icsd_421423_Cd_P_Ba,-3.936372519,"Cd, Ba",P,3,a2c1c2
./UBEM_stable_relaxed/CONTCAR/CONTCAR_a2c1c2_72_As2Ba2Zn1_icsd_421423_Mg_As_Ba,-3.974634835,"Ba, Mg",As,3,a2c1c2
./UBEM_stable_relaxed/CONTCAR/CONTCAR_a2c1c2_72_As2Ba2Zn1_icsd_421423_Mg_P_Ba,-4.218054402,"Mg, Ba",P,3,a2c1c2
./UBEM_stable_relaxed/CONTCAR/CONTCAR_a2c1c2_72_As2Ba2Zn1_icsd_421423_Zn_P_Ba,-4.071679414,"Zn, Ba",P,3,a2c1c2
./UBEM_stable_relaxed/CONTCAR/CONTCAR_a2c1c2_72_As2Ba2Zn1_icsd_421423_Zn_P_Sr,-4.0183503,"Zn, Sr",P,3,a2c1c2
./UBEM_stable_relaxed/CONTCAR/CONTCAR_a2c1c2_8_As2Ca2Cd1_icsd_422578_Ba_As_Sr,-4.066065269,"Ba, Sr",As,3,a2c1c2
./UBEM_stable_relaxed/CONTCAR/CONTCAR_a2c1c2_8_As2Ca2Cd1_icsd_422578_Ba_Bi_Ca,-3.711569785,"Ba, Ca",Bi,3,a2c1c2
./UBEM_stable_relaxed/CONTCAR/CONTCAR_a2c1c2_8_As2Ca2Cd1_icsd_422578_Ba_Bi_Sr,-3.64659468,"Ba, Sr",Bi,3,a2c1c2
./UBEM_stable_relaxed/CONTCAR/CONTCAR_a2c1c2_8_As2Ca2Cd1_icsd_422578_Ba_P_Sr,-4.266990238,"Ba, Sr",P,3,a2c1c2
./UBEM_stable_relaxed/CONTCAR/CONTCAR_a2c1c2_8_As2Ca2Cd1_icsd_422578_Ba_Sb_Ca,-3.86294645,"Ba, Ca",Sb,3,a2c1c2
./UBEM_stable_relaxed/CONTCAR/CONTCAR_a2c1c2_8_As2Ca2Cd1_icsd_422578_Ba_Sb_Sr,-3.790259941,"Ba, Sr",Sb,3,a2c1c2
./UBEM_stable_relaxed/CONTCAR/CONTCAR_a2c1c2_8_As2Ca2Cd1_icsd_422578_Ca_As_Mg,-4.033004532,"Ca, Mg",As,3,a2c1c2
./UBEM_stable_relaxed/CONTCAR/CONTCAR_a2c1c2_8_As2Ca2Cd1_icsd_422578_Ca_P_Mg,-4.326137658,"Ca, Mg",P,3,a2c1c2
./UBEM_stable_relaxed/CONTCAR/CONTCAR_a2c1c2_8_As2Ca2Cd1_icsd_422578_Ca_Sb_Hg,-3.238136,Ca,"Sb, Hg",3,a2c1c2
./UBEM_stable_relaxed/CONTCAR/CONTCAR_a2c1c2_8_As2Ca2Cd1_icsd_422578_Ca_Sb_Mg,-3.63370145,"Ca, Mg",Sb,3,a2c1c2
./UBEM_stable_relaxed/CONTCAR/CONTCAR_a2c1c2_8_As2Ca2Cd1_icsd_422578_Sr_Bi_Ca,-3.586621536,"Ca, Sr",Bi,3,a2c1c2
./UBEM_stable_relaxed/CONTCAR/CONTCAR_a2c1c2_8_As2Ca2Cd1_icsd_422578_Sr_Sb_Ca,-3.752770906,"Sr, Ca",Sb,3,a2c1c2
./UBEM_stable_relaxed/CONTCAR/CONTCAR_a2c1c2_8_As2Ca2Cd1_icsd_422578_Sr_Sb_Hg,-3.168316851,Sr,"Sb, Hg",3,a2c1c2
./UBEM_stable_relaxed/CONTCAR/CONTCAR_a2c1d2_10_As2Ga2Sr1_icsd_422527_Ba_As_In,-3.977217429,Ba,"As, In",3,a2c1d2
./UBEM_stable_relaxed/CONTCAR/CONTCAR_a2c1d2_10_As2Ga2Sr1_icsd_422527_Ba_Sb_In,-3.64898715,Ba,"Sb, In",3,a2c1d2
./UBEM_stable_relaxed/CONTCAR/CONTCAR_a2c1d2_10_As2Ga2Sr1_icsd_422527_Sr_Sb_Ga,-3.699076032,Sr,"Sb, Ga",3,a2c1d2
./UBEM_stable_relaxed/CONTCAR/CONTCAR_a2c1d2_14_As2Ba1Ga2_icsd_380478_As_Ba_Al,-4.444814531,Ba,"As, Al",3,a2c1d2
./UBEM_stable_relaxed/CONTCAR/CONTCAR_a2c1d2_14_As2Ba1Ga2_icsd_380478_P_Ba_Al,-4.790552378,Ba,"P, Al",3,a2c1d2
./UBEM_stable_relaxed/CONTCAR/CONTCAR_a2c1d2_14_As2Ba1Ga2_icsd_380478_Sb_Ba_Al,-4.00298048,Ba,"Sb, Al",3,a2c1d2
./UBEM_stable_relaxed/CONTCAR/CONTCAR_a2c1d2_166_As2Ca1Ga2_icsd_422526_Ba_P_Tl,-3.829653436,Ba,"P, Tl",3,a2c1d2
./UBEM_stable_relaxed/CONTCAR/CONTCAR_a2c1d2_166_As2Ca1Ga2_icsd_422526_Ca_As_Al,-4.430471552,Ca,"As, Al",3,a2c1d2
./UBEM_stable_relaxed/CONTCAR/CONTCAR_a2c1d2_166_As2Ca1Ga2_icsd_422526_Ca_P_Al,-4.804047568,Ca,"Al, P",3,a2c1d2
./UBEM_stable_relaxed/CONTCAR/CONTCAR_a2c1d2_166_As2Ca1Ga2_icsd_422526_Sr_As_Al,-4.36247576,Sr,"As, Al",3,a2c1d2
./UBEM_stable_relaxed/CONTCAR/CONTCAR_a2c1d2_166_As2Ca1Ga2_icsd_422526_Sr_As_In,-3.904279854,Sr,"As, In",3,a2c1d2
./UBEM_stable_relaxed/CONTCAR/CONTCAR_a2c1d2_166_As2Ca1Ga2_icsd_422526_Sr_P_Al,-4.741464022,Sr,"Al, P",3,a2c1d2
./UBEM_stable_relaxed/CONTCAR/CONTCAR_a2c1d2_166_As2Ca1Ga2_icsd_422526_Sr_P_Ga,-4.361196976,Sr,"P, Ga",3,a2c1d2
./UBEM_stable_relaxed/CONTCAR/CONTCAR_a2c1d2_194_Ca1In2P2_icsd_260562_As_Ca_In,-3.941555914,Ca,"As, In",3,a2c1d2
./UBEM_stable_relaxed/CONTCAR/CONTCAR_a2c1d2_62_Eu1Ga2Sb2_icsd_182776_Ba_Bi_Al,-3.856644859,Ba,"Bi, Al",3,a2c1d2
./UBEM_stable_relaxed/CONTCAR/CONTCAR_a2c1e1_122_As2Mg1Si1_icsd_182367_As_Be_Ge,-4.594208986,Be,"As, Ge",3,a2c1e1
./UBEM_stable_relaxed/CONTCAR/CONTCAR_a2c1e1_122_As2Mg1Si1_icsd_182367_As_Be_Sn,-4.44176354,Be,"As, Sn",3,a2c1e1
./UBEM_stable_relaxed/CONTCAR/CONTCAR_a2c1e1_122_As2Mg1Si1_icsd_182367_P_Be_Ge,-5.066563213,Be,"Ge, P",3,a2c1e1
./UBEM_stable_relaxed/CONTCAR/CONTCAR_a2c1e1_122_As2Mg1Si1_icsd_182367_P_Be_Sn,-4.862970915,Be,"P, Sn",3,a2c1e1
./UBEM_stable_relaxed/CONTCAR/CONTCAR_a2c1e2_105_As2Ba1Ge2_icsd_026417_P_Ge_Sr,-4.814338861,Sr,"Ge, P",3,a2c1e2
./UBEM_stable_relaxed/CONTCAR/CONTCAR_a2c1e2_160_As2Sn2Sr1_icsd_611428_Ba_As_Sn,-4.39380232,Ba,"As, Sn",3,a2c1e2
./UBEM_stable_relaxed/CONTCAR/CONTCAR_a2c1e2_160_As2Sn2Sr1_icsd_611428_Ba_P_Sn,-4.64398194,Ba,"P, Sn",3,a2c1e2
./UBEM_stable_relaxed/CONTCAR/CONTCAR_a2c1e2_160_As2Sn2Sr1_icsd_611428_Ba_Sb_Sn,-4.080759476,Ba,"Sb, Sn",3,a2c1e2
./UBEM_stable_relaxed/CONTCAR/CONTCAR_a2c1e2_166_As2Sn2Sr1_icsd_082371_Sr_P_Sn,-4.624217792,Sr,"P, Sn",3,a2c1e2
./UBEM_stable_relaxed/CONTCAR/CONTCAR_a2c2e1_14_As2Ba2Ge1_icsd_035151_As_Si_Ba,-4.619532551,Ba,"As, Si",3,a2c2e1
./UBEM_stable_relaxed/CONTCAR/CONTCAR_a2c2e1_14_As2Ba2Ge1_icsd_035151_As_Si_Sr,-4.506105352,"Si, Sr",As,3,a2c2e1
./UBEM_stable_relaxed/CONTCAR/CONTCAR_a2c2e1_14_As2Ba2Ge1_icsd_035151_P_Si_Ba,-4.91312076,"Si, Ba",P,3,a2c2e1
./UBEM_stable_relaxed/CONTCAR/CONTCAR_a2c2e1_14_As2Ba2Ge1_icsd_035151_P_Si_Ca,-4.934347273,"Si, Ca",P,3,a2c2e1
./UBEM_stable_relaxed/CONTCAR/CONTCAR_a2c2e1_14_As2Ba2Ge1_icsd_035151_P_Si_Sr,-4.821221473,"Si, Sr",P,3,a2c2e1
./UBEM_stable_relaxed/CONTCAR/CONTCAR_a2c2e1_14_As2Ba2Ge1_icsd_035151_Sb_Ge_Ba,-4.12738411,Ba,"Ge, Sb",3,a2c2e1
./UBEM_stable_relaxed/CONTCAR/CONTCAR_a3b1b4e1_14_K1Na4Sb3Sn1_icsd_054261_Li_Li_Si_P,-4.096262618,Li,"P, Si",3,a3b1b4e1
./UBEM_stable_relaxed/CONTCAR/CONTCAR_a3b1c4_123_As3Rb1Zn4_icsd_262038_Cd_As_Cs,-2.545848795,"Cd, Cs",As,3,a3b1c4
./UBEM_stable_relaxed/CONTCAR/CONTCAR_a3b1c4_123_As3Rb1Zn4_icsd_262038_Mg_As_Cs,-3.289683751,"Mg, Cs",As,3,a3b1c4
./UBEM_stable_relaxed/CONTCAR/CONTCAR_a3b1c4_123_As3Rb1Zn4_icsd_262038_Mg_Bi_Cs,-2.757218211,"Cs, Mg",Bi,3,a3b1c4
./UBEM_stable_relaxed/CONTCAR/CONTCAR_a3b1c4_123_As3Rb1Zn4_icsd_262038_Mg_Bi_K,-2.75485626,"Mg, K",Bi,3,a3b1c4
./UBEM_stable_relaxed/CONTCAR/CONTCAR_a3b1c4_123_As3Rb1Zn4_icsd_262038_Mg_Bi_Rb,-2.751042653,"Mg, Rb",Bi,3,a3b1c4
./UBEM_stable_relaxed/CONTCAR/CONTCAR_a3b1c4_123_As3Rb1Zn4_icsd_262038_Mg_Sb_Cs,-2.913682359,"Mg, Cs",Sb,3,a3b1c4
./UBEM_stable_relaxed/CONTCAR/CONTCAR_a3b1c4_123_As3Rb1Zn4_icsd_262038_Mg_Sb_Rb,-2.906958448,"Mg, Rb",Sb,3,a3b1c4
./UBEM_stable_relaxed/CONTCAR/CONTCAR_a3b1c4_123_As3Rb1Zn4_icsd_262038_Zn_P_Cs,-3.069392666,"Zn, Cs",P,3,a3b1c4
./UBEM_stable_relaxed/CONTCAR/CONTCAR_a3b1c4_166_As3Cd4Rb1_icsd_262037_As_K_Zn,-2.794235396,K,"As, Zn",3,a3b1c4
./UBEM_stable_relaxed/CONTCAR/CONTCAR_a3b1c4_166_As3Cd4Rb1_icsd_262037_P_Na_Be,-4.399765841,"Na, Be",P,3,a3b1c4
./UBEM_stable_relaxed/CONTCAR/CONTCAR_a3b1c4_166_As3Cd4Rb1_icsd_262037_P_Na_Zn,-3.109124209,Na,"P, Zn",3,a3b1c4
./UBEM_stable_relaxed/CONTCAR/CONTCAR_a3b1c4_166_As3Cd4Rb1_icsd_262037_Sb_K_Mg,-2.915052223,"K, Mg",Sb,3,a3b1c4
./UBEM_stable_relaxed/CONTCAR/CONTCAR_a3b2b3e1_62_K2Na3P3Si1_icsd_300203_Cs_Cs_Sn_Bi,-2.632904269,Cs,"Sn, Bi",3,a3b2b3e1
./UBEM_stable_relaxed/CONTCAR/CONTCAR_a3b2b3e1_62_K2Na3P3Si1_icsd_300203_Cs_Cs_Sn_Sb,-2.713686448,Cs,"Sb, Sn",3,a3b2b3e1
./UBEM_stable_relaxed/CONTCAR/CONTCAR_a3b2b3e1_62_K2Na3P3Si1_icsd_300203_K_K_Ge_As,-3.096903529,K,"As, Ge",3,a3b2b3e1
./UBEM_stable_relaxed/CONTCAR/CONTCAR_a3b2b3e1_62_K2Na3P3Si1_icsd_300203_K_K_Ge_P,-3.289387932,K,"Ge, P",3,a3b2b3e1
./UBEM_stable_relaxed/CONTCAR/CONTCAR_a3b2b3e1_62_K2Na3P3Si1_icsd_300203_K_K_Si_As,-3.205224714,K,"Si, As",3,a3b2b3e1
./UBEM_stable_relaxed/CONTCAR/CONTCAR_a3b2b3e1_62_K2Na3P3Si1_icsd_300203_Rb_Rb_Sn_As,-2.923902443,Rb,"Sn, As",3,a3b2b3e1
./UBEM_stable_relaxed/CONTCAR/CONTCAR_a3b3d2_11_Al2As3K3_icsd_060950_As_Cs_Al,-3.565494664,Cs,"As, Al",3,a3b3d2
./UBEM_stable_relaxed/CONTCAR/CONTCAR_a3b3d2_11_Al2As3K3_icsd_060950_As_Cs_Ga,-3.285731394,Cs,"As, Ga",3,a3b3d2
./UBEM_stable_relaxed/CONTCAR/CONTCAR_a3b3d2_11_Al2As3K3_icsd_060950_As_Cs_In,-3.193300451,Cs,"As, In",3,a3b3d2
./UBEM_stable_relaxed/CONTCAR/CONTCAR_a3b3d2_11_Al2As3K3_icsd_060950_As_Rb_Al,-3.598235777,Rb,"Al, As",3,a3b3d2
./UBEM_stable_relaxed/CONTCAR/CONTCAR_a3b3d2_11_Al2As3K3_icsd_060950_Bi_Cs_Al,-3.076616236,Cs,"Bi, Al",3,a3b3d2
./UBEM_stable_relaxed/CONTCAR/CONTCAR_a3b3d2_11_Al2As3K3_icsd_060950_P_Cs_Al,-3.846308468,Cs,"P, Al",3,a3b3d2
./UBEM_stable_relaxed/CONTCAR/CONTCAR_a3b3d2_11_Al2As3K3_icsd_060950_P_Cs_Ga,-3.524766934,Cs,"P, Ga",3,a3b3d2
./UBEM_stable_relaxed/CONTCAR/CONTCAR_a3b3d2_11_Al2As3K3_icsd_060950_P_Cs_In,-3.395304881,Cs,"P, In",3,a3b3d2
./UBEM_stable_relaxed/CONTCAR/CONTCAR_a3b3d2_11_Al2As3K3_icsd_060950_P_K_Al,-3.963956851,K,"P, Al",3,a3b3d2
./UBEM_stable_relaxed/CONTCAR/CONTCAR_a3b3d2_11_Al2As3K3_icsd_060950_P_Rb_Al,-3.886073881,Rb,"P, Al",3,a3b3d2
./UBEM_stable_relaxed/CONTCAR/CONTCAR_a3b3d2_11_Al2As3K3_icsd_060950_Sb_Cs_Al,-3.217567206,Cs,"Sb, Al",3,a3b3d2
./UBEM_stable_relaxed/CONTCAR/CONTCAR_a3b3d2_11_Al2As3K3_icsd_060950_Sb_Rb_Al,-3.240987924,Rb,"Sb, Al",3,a3b3d2
./UBEM_stable_relaxed/CONTCAR/CONTCAR_a3b3d2_64_As3In2K3_icsd_300199_Cs_Bi_In,-2.872110515,Cs,"Bi, In",3,a3b3d2
./UBEM_stable_relaxed/CONTCAR/CONTCAR_a3b3d2_64_As3In2K3_icsd_300199_Cs_Sb_In,-2.967085422,Cs,"Sb, In",3,a3b3d2
./UBEM_stable_relaxed/CONTCAR/CONTCAR_a3b3d2_64_As3In2K3_icsd_300199_K_As_Tl,-3.015545913,K,"As, Tl",3,a3b3d2
./UBEM_stable_relaxed/CONTCAR/CONTCAR_a3b3d2_64_As3In2K3_icsd_300199_K_Bi_Al,-3.162330611,K,"Al, Bi",3,a3b3d2
./UBEM_stable_relaxed/CONTCAR/CONTCAR_a3b3d2_64_As3In2K3_icsd_300199_K_P_In,-3.494256147,K,"P, In",3,a3b3d2
./UBEM_stable_relaxed/CONTCAR/CONTCAR_a3b3d2_64_As3In2K3_icsd_300199_K_Sb_Al,-3.308196013,K,"Al, Sb",3,a3b3d2
./UBEM_stable_relaxed/CONTCAR/CONTCAR_a3b3d2_64_As3In2K3_icsd_300199_K_Sb_Ga,-3.106294114,K,"Ga, Sb",3,a3b3d2
./UBEM_stable_relaxed/CONTCAR/CONTCAR_a3b3d2_64_As3In2K3_icsd_300199_K_Sb_In,-3.032587281,K,"Sb, In",3,a3b3d2
./UBEM_stable_relaxed/CONTCAR/CONTCAR_a3b3d2_64_As3In2K3_icsd_300199_Na_Sb_Al,-3.306331696,Na,"Sb, Al",3,a3b3d2
./UBEM_stable_relaxed/CONTCAR/CONTCAR_a3b3d2_64_As3In2K3_icsd_300199_Rb_As_In,-3.221161541,Rb,"As, In",3,a3b3d2
./UBEM_stable_relaxed/CONTCAR/CONTCAR_a3b3d2_64_As3In2K3_icsd_300199_Rb_As_Tl,-2.961390623,Rb,"As, Tl",3,a3b3d2
./UBEM_stable_relaxed/CONTCAR/CONTCAR_a3b3d2_64_As3In2K3_icsd_300199_Rb_Bi_Al,-3.102125925,Rb,"Bi, Al",3,a3b3d2
./UBEM_stable_relaxed/CONTCAR/CONTCAR_a3b3d2_64_As3In2K3_icsd_300199_Rb_Bi_In,-2.883403987,Rb,"Bi, In",3,a3b3d2
./UBEM_stable_relaxed/CONTCAR/CONTCAR_a3b3d2_64_As3In2K3_icsd_300199_Rb_Sb_In,-2.982629362,Rb,"Sb, In",3,a3b3d2
./UBEM_stable_relaxed/CONTCAR/CONTCAR_a3b5e1_14_Na5Sb3Sn1_icsd_076495_Li_Ge_As,-3.676394671,Li,"Ge, As",3,a3b5e1
./UBEM_stable_relaxed/CONTCAR/CONTCAR_a3b5e1_14_Na5Sb3Sn1_icsd_076495_Li_Ge_P,-3.93284505,Li,"Ge, P",3,a3b5e1
./UBEM_stable_relaxed/CONTCAR/CONTCAR_a3b5e1_14_Na5Sb3Sn1_icsd_076495_Li_Si_As,-3.802718671,Li,"Si, As",3,a3b5e1
./UBEM_stable_relaxed/CONTCAR/CONTCAR_a3b5e1_14_Na5Sb3Sn1_icsd_076495_Na_Ge_Sb,-2.942344496,Na,"Ge, Sb",3,a3b5e1
./UBEM_stable_relaxed/CONTCAR/CONTCAR_a3b5e1_62_Ge1P3Rb5_icsd_300186_As_Ge_Cs,-2.938989131,Cs,"As, Ge",3,a3b5e1
./UBEM_stable_relaxed/CONTCAR/CONTCAR_a3b5e1_62_Ge1P3Rb5_icsd_300186_As_Ge_Rb,-2.979491152,Rb,"As, Ge",3,a3b5e1
./UBEM_stable_relaxed/CONTCAR/CONTCAR_a3b5e1_62_Ge1P3Rb5_icsd_300186_As_Si_Cs,-3.044452773,"Si, Cs",As,3,a3b5e1
./UBEM_stable_relaxed/CONTCAR/CONTCAR_a3b5e1_62_Ge1P3Rb5_icsd_300186_Bi_Ge_Cs,-2.66869047,Cs,"Bi, Ge",3,a3b5e1
./UBEM_stable_relaxed/CONTCAR/CONTCAR_a3b5e1_62_Ge1P3Rb5_icsd_300186_Bi_Si_Cs,-2.731489237,"Si, Cs",Bi,3,a3b5e1
./UBEM_stable_relaxed/CONTCAR/CONTCAR_a3b5e1_62_Ge1P3Rb5_icsd_300186_P_Ge_Cs,-3.11567547,Cs,"P, Ge",3,a3b5e1
./UBEM_stable_relaxed/CONTCAR/CONTCAR_a3b5e1_62_Ge1P3Rb5_icsd_300186_P_Si_Cs,-3.247300631,"Si, Cs",P,3,a3b5e1
./UBEM_stable_relaxed/CONTCAR/CONTCAR_a3b5e1_62_Ge1P3Rb5_icsd_300186_P_Si_K,-3.41194642,"Si, K",P,3,a3b5e1
./UBEM_stable_relaxed/CONTCAR/CONTCAR_a3b5e1_62_Ge1P3Rb5_icsd_300186_P_Si_Rb,-3.295441739,"Si, Rb",P,3,a3b5e1
./UBEM_stable_relaxed/CONTCAR/CONTCAR_a3b5e1_62_Ge1P3Rb5_icsd_300186_Sb_Ge_Cs,-2.753760343,Cs,"Sb, Ge",3,a3b5e1
./UBEM_stable_relaxed/CONTCAR/CONTCAR_a3b5e1_62_Ge1P3Rb5_icsd_300186_Sb_Si_Cs,-2.829638263,"Si, Cs",Sb,3,a3b5e1
./UBEM_stable_relaxed/CONTCAR/CONTCAR_a3b6d1_11_Al1Rb6Sb3_icsd_300217_As_Al_Cs,-2.690252428,Cs,"As, Al",3,a3b6d1
./UBEM_stable_relaxed/CONTCAR/CONTCAR_a3b6d1_11_Al1Rb6Sb3_icsd_300217_As_Al_K,-2.874587783,K,"As, Al",3,a3b6d1
./UBEM_stable_relaxed/CONTCAR/CONTCAR_a3b6d1_11_Al1Rb6Sb3_icsd_300217_As_Al_Rb,-2.747304409,Rb,"As, Al",3,a3b6d1
./UBEM_stable_relaxed/CONTCAR/CONTCAR_a3b6d1_11_Al1Rb6Sb3_icsd_300217_As_Ga_Cs,-2.603982991,Cs,"As, Ga",3,a3b6d1
./UBEM_stable_relaxed/CONTCAR/CONTCAR_a3b6d1_11_Al1Rb6Sb3_icsd_300217_As_Ga_K,-2.784122092,K,"As, Ga",3,a3b6d1
./UBEM_stable_relaxed/CONTCAR/CONTCAR_a3b6d1_11_Al1Rb6Sb3_icsd_300217_As_Ga_Rb,-2.658992374,Rb,"As, Ga",3,a3b6d1
./UBEM_stable_relaxed/CONTCAR/CONTCAR_a3b6d1_11_Al1Rb6Sb3_icsd_300217_As_In_Cs,-2.567369882,Cs,"As, In",3,a3b6d1
./UBEM_stable_relaxed/CONTCAR/CONTCAR_a3b6d1_11_Al1Rb6Sb3_icsd_300217_As_In_Rb,-2.617549409,Rb,"As, In",3,a3b6d1
./UBEM_stable_relaxed/CONTCAR/CONTCAR_a3b6d1_11_Al1Rb6Sb3_icsd_300217_As_Tl_Cs,-2.475722391,Cs,"As, Tl",3,a3b6d1
./UBEM_stable_relaxed/CONTCAR/CONTCAR_a3b6d1_11_Al1Rb6Sb3_icsd_300217_Bi_Al_K,-2.6043167,K,"Bi, Al",3,a3b6d1
./UBEM_stable_relaxed/CONTCAR/CONTCAR_a3b6d1_11_Al1Rb6Sb3_icsd_300217_Bi_Ga_K,-2.538037014,K,"Bi, Ga",3,a3b6d1
./UBEM_stable_relaxed/CONTCAR/CONTCAR_a3b6d1_11_Al1Rb6Sb3_icsd_300217_Bi_Ga_Rb,-2.439466312,Rb,"Bi, Ga",3,a3b6d1
./UBEM_stable_relaxed/CONTCAR/CONTCAR_a3b6d1_11_Al1Rb6Sb3_icsd_300217_Bi_In_Rb,-2.417289011,Rb,"Bi, In",3,a3b6d1
./UBEM_stable_relaxed/CONTCAR/CONTCAR_a3b6d1_11_Al1Rb6Sb3_icsd_300217_P_Al_K,-3.035586702,K,"P, Al",3,a3b6d1
./UBEM_stable_relaxed/CONTCAR/CONTCAR_a3b6d1_11_Al1Rb6Sb3_icsd_300217_P_Al_Rb,-2.89666653,Rb,"P, Al",3,a3b6d1
./UBEM_stable_relaxed/CONTCAR/CONTCAR_a3b6d1_11_Al1Rb6Sb3_icsd_300217_P_Ga_K,-2.935084681,K,"P, Ga",3,a3b6d1
./UBEM_stable_relaxed/CONTCAR/CONTCAR_a3b6d1_11_Al1Rb6Sb3_icsd_300217_P_In_Rb,-2.743983089,Rb,"P, In",3,a3b6d1
./UBEM_stable_relaxed/CONTCAR/CONTCAR_a3b6d1_11_Al1Rb6Sb3_icsd_300217_Sb_Al_K,-2.696173424,K,"Al, Sb",3,a3b6d1
./UBEM_stable_relaxed/CONTCAR/CONTCAR_a3b6d1_11_Al1Rb6Sb3_icsd_300217_Sb_Ga_K,-2.623147713,K,"Sb, Ga",3,a3b6d1
./UBEM_stable_relaxed/CONTCAR/CONTCAR_a3b6d1_11_Al1Rb6Sb3_icsd_300217_Sb_Ga_Rb,-2.517502626,Rb,"Sb, Ga",3,a3b6d1
./UBEM_stable_relaxed/CONTCAR/CONTCAR_a3b6d1_11_Al1Rb6Sb3_icsd_300217_Sb_In_Cs,-2.453359784,Cs,"In, Sb",3,a3b6d1
./UBEM_stable_relaxed/CONTCAR/CONTCAR_a3b6d1_11_Al1Rb6Sb3_icsd_300217_Sb_In_Rb,-2.48930388,Rb,"In, Sb",3,a3b6d1
./UBEM_stable_relaxed/CONTCAR/CONTCAR_a3b6d1_11_Al1Rb6Sb3_icsd_300217_Sb_Tl_Cs,-2.373429382,Cs,"Sb, Tl",3,a3b6d1
./UBEM_stable_relaxed/CONTCAR/CONTCAR_a3b6d1_2_As3Ga1Na6_icsd_300276_K_Bi_In,-2.524393591,K,"Bi, In",3,a3b6d1
./UBEM_stable_relaxed/CONTCAR/CONTCAR_a3b6d1_2_As3Ga1Na6_icsd_300276_K_Sb_In,-2.608446232,K,"Sb, In",3,a3b6d1
./UBEM_stable_relaxed/CONTCAR/CONTCAR_a3b6d1_2_As3Ga1Na6_icsd_300276_Na_Bi_Al,-2.693140015,Na,"Bi, Al",3,a3b6d1
./UBEM_stable_relaxed/CONTCAR/CONTCAR_a3b6d1_2_As3Ga1Na6_icsd_300276_Na_Bi_Ga,-2.627922685,Na,"Bi, Ga",3,a3b6d1
./UBEM_stable_relaxed/CONTCAR/CONTCAR_a3b6d1_2_As3Ga1Na6_icsd_300276_Na_P_Ga,-3.117753143,Na,"P, Ga",3,a3b6d1
./UBEM_stable_relaxed/CONTCAR/CONTCAR_a3b6d1_2_As3Ga1Na6_icsd_300276_Na_Sb_Al,-2.800413312,Na,"Al, Sb",3,a3b6d1
./UBEM_stable_relaxed/CONTCAR/CONTCAR_a3b6d1_2_As3Ga1Na6_icsd_300276_Na_Sb_Ga,-2.727671258,Na,"Sb, Ga",3,a3b6d1
./UBEM_stable_relaxed/CONTCAR/CONTCAR_a3b6d1_2_As3Ga1Na6_icsd_300276_Rb_As_Tl,-2.536464191,Rb,"As, Tl",3,a3b6d1
./UBEM_stable_relaxed/CONTCAR/CONTCAR_a3b6d1_2_As3Ga1Na6_icsd_300276_Rb_Sb_Tl,-2.41922331,Rb,"Sb, Tl",3,a3b6d1
./UBEM_stable_relaxed/CONTCAR/CONTCAR_a3b6d2_15_K6Sb3Tl2_icsd_093048_As_Ga_K,-2.784240877,K,"As, Ga",3,a3b6d2
./UBEM_stable_relaxed/CONTCAR/CONTCAR_a3b6d2_15_K6Sb3Tl2_icsd_093048_As_Ga_Na,-2.931838333,Na,"As, Ga",3,a3b6d2
./UBEM_stable_relaxed/CONTCAR/CONTCAR_a3b6d2_15_K6Sb3Tl2_icsd_093048_As_In_K,-2.755083341,K,"As, In",3,a3b6d2
./UBEM_stable_relaxed/CONTCAR/CONTCAR_a3b6d2_15_K6Sb3Tl2_icsd_093048_As_In_Na,-2.863895384,Na,"As, In",3,a3b6d2
./UBEM_stable_relaxed/CONTCAR/CONTCAR_a3b6d2_15_K6Sb3Tl2_icsd_093048_As_In_Rb,-2.629682405,Rb,"As, In",3,a3b6d2
./UBEM_stable_relaxed/CONTCAR/CONTCAR_a3b6d2_15_K6Sb3Tl2_icsd_093048_As_Tl_K,-2.652487113,K,"As, Tl",3,a3b6d2
./UBEM_stable_relaxed/CONTCAR/CONTCAR_a3b6d2_15_K6Sb3Tl2_icsd_093048_As_Tl_Na,-2.753843363,Na,"As, Tl",3,a3b6d2
./UBEM_stable_relaxed/CONTCAR/CONTCAR_a3b6d2_15_K6Sb3Tl2_icsd_093048_As_Tl_Rb,-2.532740213,Rb,"As, Tl",3,a3b6d2
./UBEM_stable_relaxed/CONTCAR/CONTCAR_a3b6d2_15_K6Sb3Tl2_icsd_093048_Bi_Al_Na,-2.741497088,Na,"Bi, Al",3,a3b6d2
./UBEM_stable_relaxed/CONTCAR/CONTCAR_a3b6d2_15_K6Sb3Tl2_icsd_093048_Bi_Ga_Na,-2.668398052,Na,"Bi, Ga",3,a3b6d2
./UBEM_stable_relaxed/CONTCAR/CONTCAR_a3b6d2_15_K6Sb3Tl2_icsd_093048_Bi_In_K,-2.564339822,K,"Bi, In",3,a3b6d2
./UBEM_stable_relaxed/CONTCAR/CONTCAR_a3b6d2_15_K6Sb3Tl2_icsd_093048_Bi_In_Na,-2.634205946,Na,"Bi, In",3,a3b6d2
./UBEM_stable_relaxed/CONTCAR/CONTCAR_a3b6d2_15_K6Sb3Tl2_icsd_093048_Bi_In_Rb,-2.458675968,Rb,"Bi, In",3,a3b6d2
./UBEM_stable_relaxed/CONTCAR/CONTCAR_a3b6d2_15_K6Sb3Tl2_icsd_093048_Bi_Tl_Cs,-2.340032382,Cs,"Bi, Tl",3,a3b6d2
./UBEM_stable_relaxed/CONTCAR/CONTCAR_a3b6d2_15_K6Sb3Tl2_icsd_093048_Bi_Tl_K,-2.486984435,K,"Bi, Tl",3,a3b6d2
./UBEM_stable_relaxed/CONTCAR/CONTCAR_a3b6d2_15_K6Sb3Tl2_icsd_093048_Bi_Tl_Na,-2.54843264,Na,"Bi, Tl",3,a3b6d2
./UBEM_stable_relaxed/CONTCAR/CONTCAR_a3b6d2_15_K6Sb3Tl2_icsd_093048_Bi_Tl_Rb,-2.38615856,Rb,"Bi, Tl",3,a3b6d2
./UBEM_stable_relaxed/CONTCAR/CONTCAR_a3b6d2_15_K6Sb3Tl2_icsd_093048_P_Ga_Na,-3.083450093,Na,"P, Ga",3,a3b6d2
./UBEM_stable_relaxed/CONTCAR/CONTCAR_a3b6d2_15_K6Sb3Tl2_icsd_093048_P_In_K,-2.870872271,K,"P, In",3,a3b6d2
./UBEM_stable_relaxed/CONTCAR/CONTCAR_a3b6d2_15_K6Sb3Tl2_icsd_093048_P_In_Na,-2.996256919,Na,"P, In",3,a3b6d2
./UBEM_stable_relaxed/CONTCAR/CONTCAR_a3b6d2_15_K6Sb3Tl2_icsd_093048_P_In_Rb,-2.738503174,Rb,"P, In",3,a3b6d2
./UBEM_stable_relaxed/CONTCAR/CONTCAR_a3b6d2_15_K6Sb3Tl2_icsd_093048_P_Tl_K,-2.755552165,K,"P, Tl",3,a3b6d2
./UBEM_stable_relaxed/CONTCAR/CONTCAR_a3b6d2_15_K6Sb3Tl2_icsd_093048_P_Tl_Rb,-2.627732417,Rb,"P, Tl",3,a3b6d2
./UBEM_stable_relaxed/CONTCAR/CONTCAR_a3b6d2_15_K6Sb3Tl2_icsd_093048_Sb_Al_Na,-2.836886423,Na,"Sb, Al",3,a3b6d2
./UBEM_stable_relaxed/CONTCAR/CONTCAR_a3b6d2_15_K6Sb3Tl2_icsd_093048_Sb_Ga_Na,-2.754173717,Na,"Sb, Ga",3,a3b6d2
./UBEM_stable_relaxed/CONTCAR/CONTCAR_a3b6d2_15_K6Sb3Tl2_icsd_093048_Sb_In_K,-2.632458816,K,"Sb, In",3,a3b6d2
./UBEM_stable_relaxed/CONTCAR/CONTCAR_a3b6d2_15_K6Sb3Tl2_icsd_093048_Sb_In_Na,-2.709222953,Na,"Sb, In",3,a3b6d2
./UBEM_stable_relaxed/CONTCAR/CONTCAR_a3b6d2_15_K6Sb3Tl2_icsd_093048_Sb_In_Rb,-2.519967366,Rb,"Sb, In",3,a3b6d2
./UBEM_stable_relaxed/CONTCAR/CONTCAR_a3b6d2_15_K6Sb3Tl2_icsd_093048_Sb_Tl_Rb,-2.439995123,Rb,"Sb, Tl",3,a3b6d2
./UBEM_stable_relaxed/CONTCAR/CONTCAR_a3c3d1_14_Ga1Sb3Sr3_icsd_065055_Ba_Ga_Bi,-3.767857239,Ba,"Ga, Bi",3,a3c3d1
./UBEM_stable_relaxed/CONTCAR/CONTCAR_a3c3d1_14_Ga1Sb3Sr3_icsd_065055_Sr_Al_Bi,-3.713597047,Sr,"Al, Bi",3,a3c3d1
./UBEM_stable_relaxed/CONTCAR/CONTCAR_a3c3d1_62_Ca3In1P3_icsd_060125_As_Ba_Tl,-4.041030406,Ba,"As, Tl",3,a3c3d1
./UBEM_stable_relaxed/CONTCAR/CONTCAR_a3c3d1_62_Ca3In1P3_icsd_060125_As_Ca_In,-4.219243101,Ca,"As, In",3,a3c3d1
./UBEM_stable_relaxed/CONTCAR/CONTCAR_a3c3d1_62_Ca3In1P3_icsd_060125_As_Sr_In,-4.095598578,Sr,"As, In",3,a3c3d1
./UBEM_stable_relaxed/CONTCAR/CONTCAR_a3c3d1_62_Ca3In1P3_icsd_060125_P_Ca_Al,-4.795939136,Ca,"P, Al",3,a3c3d1
./UBEM_stable_relaxed/CONTCAR/CONTCAR_a3c3d1_62_Ca3In1P3_icsd_060125_P_Ca_Ga,-4.617220895,Ca,"P, Ga",3,a3c3d1
./UBEM_stable_relaxed/CONTCAR/CONTCAR_a3c3d1_64_Al1Ba3Sb3_icsd_032728_As_Sr_Ga,-4.16407993,Sr,"As, Ga",3,a3c3d1
./UBEM_stable_relaxed/CONTCAR/CONTCAR_a3c3d1_64_Al1Ba3Sb3_icsd_032728_Bi_Ba_Al,-3.861822227,Ba,"Bi, Al",3,a3c3d1
./UBEM_stable_relaxed/CONTCAR/CONTCAR_a3c3d1_64_Al1Ba3Sb3_icsd_032728_P_Sr_Ga,-4.459442901,Sr,"P, Ga",3,a3c3d1
./UBEM_stable_relaxed/CONTCAR/CONTCAR_a3c3d2_12_Cd3Sb3Tl2_icsd_076500_P_Tl_Cd,-2.960547984,Cd,"P, Tl",3,a3c3d2
./UBEM_stable_relaxed/CONTCAR/CONTCAR_a4b1d1_62_Ga1K1Sb4_icsd_300158_Sb_Cs_Al,-3.753748415,Cs,"Sb, Al",3,a4b1d1
./UBEM_stable_relaxed/CONTCAR/CONTCAR_a4b1d1_62_Ga1K1Sb4_icsd_300158_Sb_Cs_Ga,-3.640515644,Cs,"Ga, Sb",3,a4b1d1
./UBEM_stable_relaxed/CONTCAR/CONTCAR_a4b1d1_62_Ga1K1Sb4_icsd_300158_Sb_Rb_Al,-3.75842893,Rb,"Al, Sb",3,a4b1d1
./UBEM_stable_relaxed/CONTCAR/CONTCAR_a4b1d1_62_Ga1K1Sb4_icsd_300158_Sb_Rb_Ga,-3.644466431,Rb,"Sb, Ga",3,a4b1d1
./UBEM_stable_relaxed/CONTCAR/CONTCAR_a4b2c5_63_As4Rb2Zn5_icsd_250688_Be_As_Na,-3.88500363,"Be, Na",As,3,a4b2c5
./UBEM_stable_relaxed/CONTCAR/CONTCAR_a4b2c5_63_As4Rb2Zn5_icsd_250688_Be_P_Na,-4.278035185,"Be, Na",P,3,a4b2c5
./UBEM_stable_relaxed/CONTCAR/CONTCAR_a4b2c5_63_As4Rb2Zn5_icsd_250688_Ca_Bi_Cs,-3.264630769,"Ca, Cs",Bi,3,a4b2c5
./UBEM_stable_relaxed/CONTCAR/CONTCAR_a4b2c5_63_As4Rb2Zn5_icsd_250688_Ca_Sb_Cs,-3.423197666,"Ca, Cs",Sb,3,a4b2c5
./UBEM_stable_relaxed/CONTCAR/CONTCAR_a4b2c5_63_As4Rb2Zn5_icsd_250688_Cd_As_Cs,-2.566940454,"Cd, Cs",As,3,a4b2c5
./UBEM_stable_relaxed/CONTCAR/CONTCAR_a4b2c5_63_As4Rb2Zn5_icsd_250688_Cd_As_Rb,-2.574558878,"Cd, Rb",As,3,a4b2c5
./UBEM_stable_relaxed/CONTCAR/CONTCAR_a4b2c5_63_As4Rb2Zn5_icsd_250688_Cd_P_Cs,-2.766803994,"Cd, Cs",P,3,a4b2c5
./UBEM_stable_relaxed/CONTCAR/CONTCAR_a4b2c5_63_As4Rb2Zn5_icsd_250688_Cd_P_Rb,-2.782786526,"Cd, Rb",P,3,a4b2c5
./UBEM_stable_relaxed/CONTCAR/CONTCAR_a4b2c5_63_As4Rb2Zn5_icsd_250688_Mg_As_Cs,-3.208444924,"Mg, Cs",As,3,a4b2c5
./UBEM_stable_relaxed/CONTCAR/CONTCAR_a4b2c5_63_As4Rb2Zn5_icsd_250688_Mg_As_Rb,-3.232918977,"Mg, Rb",As,3,a4b2c5
./UBEM_stable_relaxed/CONTCAR/CONTCAR_a4b2c5_63_As4Rb2Zn5_icsd_250688_Mg_Bi_Cs,-2.705813845,"Mg, Cs",Bi,3,a4b2c5
./UBEM_stable_relaxed/CONTCAR/CONTCAR_a4b2c5_63_As4Rb2Zn5_icsd_250688_Mg_Bi_Rb,-2.707236106,"Mg, Rb",Bi,3,a4b2c5
./UBEM_stable_relaxed/CONTCAR/CONTCAR_a4b2c5_63_As4Rb2Zn5_icsd_250688_Mg_P_Cs,-3.462130042,"Mg, Cs",P,3,a4b2c5
./UBEM_stable_relaxed/CONTCAR/CONTCAR_a4b2c5_63_As4Rb2Zn5_icsd_250688_Mg_P_Rb,-3.496648669,"Mg, Rb",P,3,a4b2c5
./UBEM_stable_relaxed/CONTCAR/CONTCAR_a4b2c5_63_As4Rb2Zn5_icsd_250688_Mg_Sb_Cs,-2.863128573,"Mg, Cs",Sb,3,a4b2c5
./UBEM_stable_relaxed/CONTCAR/CONTCAR_a4b2c5_63_As4Rb2Zn5_icsd_250688_Mg_Sb_Rb,-2.887973322,"Mg, Rb",Sb,3,a4b2c5
./UBEM_stable_relaxed/CONTCAR/CONTCAR_a4b2c5_63_As4Rb2Zn5_icsd_250688_Zn_As_Cs,-2.737690781,"Zn, Cs",As,3,a4b2c5
./UBEM_stable_relaxed/CONTCAR/CONTCAR_a4b2c5_63_As4Rb2Zn5_icsd_250688_Zn_As_K,-2.805182414,"Zn, K",As,3,a4b2c5
./UBEM_stable_relaxed/CONTCAR/CONTCAR_a4b2c5_63_As4Rb2Zn5_icsd_250688_Zn_P_Rb,-3.036185911,Rb,"P, Zn",3,a4b2c5
./UBEM_stable_relaxed/CONTCAR/CONTCAR_a4b3b6d1_194_Cs6Ga1K3Sb4_icsd_300150_Cs_As_Cs_Tl,-2.354532454,Cs,"As, Tl",3,a4b3b6d1
./UBEM_stable_relaxed/CONTCAR/CONTCAR_a4b3b6d1_194_Cs6Ga1K3Sb4_icsd_300150_Cs_Sb_Cs_In,-2.33060444,Cs,"Sb, In",3,a4b3b6d1
./UBEM_stable_relaxed/CONTCAR/CONTCAR_a4b3b6d1_194_Cs6Ga1K3Sb4_icsd_300150_Cs_Sb_Cs_Tl,-2.277204591,Cs,"Sb, Tl",3,a4b3b6d1
./UBEM_stable_relaxed/CONTCAR/CONTCAR_a4b3b6d1_194_Cs6Ga1K3Sb4_icsd_300150_K_As_K_Ga,-2.641514912,K,"As, Ga",3,a4b3b6d1
./UBEM_stable_relaxed/CONTCAR/CONTCAR_a4b3b6d1_194_Cs6Ga1K3Sb4_icsd_300150_K_P_K_Ga,-2.771021009,K,"Ga, P",3,a4b3b6d1
./UBEM_stable_relaxed/CONTCAR/CONTCAR_a4b3b6d1_194_Cs6Ga1K3Sb4_icsd_300150_K_Sb_K_Ga,-2.52115866,K,"Sb, Ga",3,a4b3b6d1
./UBEM_stable_relaxed/CONTCAR/CONTCAR_a4b3b6d1_194_Cs6Ga1K3Sb4_icsd_300150_Rb_As_Rb_Ga,-2.505082856,Rb,"As, Ga",3,a4b3b6d1
./UBEM_stable_relaxed/CONTCAR/CONTCAR_a4b3b6d1_194_Cs6Ga1K3Sb4_icsd_300150_Rb_As_Rb_In,-2.4778479,Rb,"As, In",3,a4b3b6d1
./UBEM_stable_relaxed/CONTCAR/CONTCAR_a4b3b6d1_194_Cs6Ga1K3Sb4_icsd_300150_Rb_P_Rb_Al,-2.680606278,Rb,"P, Al",3,a4b3b6d1
./UBEM_stable_relaxed/CONTCAR/CONTCAR_a4b3b6d1_194_Cs6Ga1K3Sb4_icsd_300150_Rb_P_Rb_Ga,-2.611427598,Rb,"P, Ga",3,a4b3b6d1
./UBEM_stable_relaxed/CONTCAR/CONTCAR_a4b3b6d1_194_Cs6Ga1K3Sb4_icsd_300150_Rb_P_Rb_In,-2.58385204,Rb,"P, In",3,a4b3b6d1
./UBEM_stable_relaxed/CONTCAR/CONTCAR_a4b3b6d1_194_Cs6Ga1K3Sb4_icsd_300150_Rb_P_Rb_Tl,-2.513479306,Rb,"P, Tl",3,a4b3b6d1
./UBEM_stable_relaxed/CONTCAR/CONTCAR_a4b3b6d1_194_Cs6Ga1K3Sb4_icsd_300150_Rb_Sb_Rb_Ga,-2.396715253,Rb,"Ga, Sb",3,a4b3b6d1
./UBEM_stable_relaxed/CONTCAR/CONTCAR_a4b3b6d1_194_Cs6Ga1K3Sb4_icsd_300150_Rb_Sb_Rb_In,-2.384312487,Rb,"Sb, In",3,a4b3b6d1
./UBEM_stable_relaxed/CONTCAR/CONTCAR_a4b3d3_52_As4Ga3K3_icsd_040206_Cs_As_Al,-3.790415206,Cs,"As, Al",3,a4b3d3
./UBEM_stable_relaxed/CONTCAR/CONTCAR_a4b3d3_52_As4Ga3K3_icsd_040206_Cs_As_Ga,-3.482917805,Cs,"As, Ga",3,a4b3d3
./UBEM_stable_relaxed/CONTCAR/CONTCAR_a4b3d3_52_As4Ga3K3_icsd_040206_Cs_As_In,-3.368108236,Cs,"As, In",3,a4b3d3
./UBEM_stable_relaxed/CONTCAR/CONTCAR_a4b3d3_52_As4Ga3K3_icsd_040206_Cs_As_Tl,-3.056053905,Cs,"As, Tl",3,a4b3d3
./UBEM_stable_relaxed/CONTCAR/CONTCAR_a4b3d3_52_As4Ga3K3_icsd_040206_Cs_Bi_Al,-3.255600468,Cs,"Al, Bi",3,a4b3d3
./UBEM_stable_relaxed/CONTCAR/CONTCAR_a4b3d3_52_As4Ga3K3_icsd_040206_Cs_Bi_Ga,-3.045597736,Cs,"Bi, Ga",3,a4b3d3
./UBEM_stable_relaxed/CONTCAR/CONTCAR_a4b3d3_52_As4Ga3K3_icsd_040206_Cs_Bi_In,-2.994328334,Cs,"Bi, In",3,a4b3d3
./UBEM_stable_relaxed/CONTCAR/CONTCAR_a4b3d3_52_As4Ga3K3_icsd_040206_Cs_P_In,-3.594578943,Cs,"In, P",3,a4b3d3
./UBEM_stable_relaxed/CONTCAR/CONTCAR_a4b3d3_52_As4Ga3K3_icsd_040206_Cs_Sb_Al,-3.415742298,Cs,"Al, Sb",3,a4b3d3
./UBEM_stable_relaxed/CONTCAR/CONTCAR_a4b3d3_52_As4Ga3K3_icsd_040206_Cs_Sb_Ga,-3.177835235,Cs,"Sb, Ga",3,a4b3d3
./UBEM_stable_relaxed/CONTCAR/CONTCAR_a4b3d3_52_As4Ga3K3_icsd_040206_Cs_Sb_In,-3.10324526,Cs,"Sb, In",3,a4b3d3
./UBEM_stable_relaxed/CONTCAR/CONTCAR_a4b3d3_52_As4Ga3K3_icsd_040206_K_As_Al,-3.884025745,K,"As, Al",3,a4b3d3
./UBEM_stable_relaxed/CONTCAR/CONTCAR_a4b3d3_52_As4Ga3K3_icsd_040206_K_As_In,-3.431703032,K,"As, In",3,a4b3d3
./UBEM_stable_relaxed/CONTCAR/CONTCAR_a4b3d3_52_As4Ga3K3_icsd_040206_K_Bi_Al,-3.314392094,K,"Bi, Al",3,a4b3d3
./UBEM_stable_relaxed/CONTCAR/CONTCAR_a4b3d3_52_As4Ga3K3_icsd_040206_K_Bi_Ga,-3.102553116,K,"Bi, Ga",3,a4b3d3
./UBEM_stable_relaxed/CONTCAR/CONTCAR_a4b3d3_52_As4Ga3K3_icsd_040206_K_P_Al,-4.213117137,K,"P, Al",3,a4b3d3
./UBEM_stable_relaxed/CONTCAR/CONTCAR_a4b3d3_52_As4Ga3K3_icsd_040206_K_P_Ga,-3.851556338,K,"Ga, P",3,a4b3d3
./UBEM_stable_relaxed/CONTCAR/CONTCAR_a4b3d3_52_As4Ga3K3_icsd_040206_K_P_In,-3.67021767,K,"P, In",3,a4b3d3
./UBEM_stable_relaxed/CONTCAR/CONTCAR_a4b3d3_52_As4Ga3K3_icsd_040206_K_Sb_Al,-3.482148303,K,"Sb, Al",3,a4b3d3
./UBEM_stable_relaxed/CONTCAR/CONTCAR_a4b3d3_52_As4Ga3K3_icsd_040206_K_Sb_Ga,-3.239320903,K,"Ga, Sb",3,a4b3d3
./UBEM_stable_relaxed/CONTCAR/CONTCAR_a4b3d3_52_As4Ga3K3_icsd_040206_Rb_As_Al,-3.822173619,Rb,"Al, As",3,a4b3d3
./UBEM_stable_relaxed/CONTCAR/CONTCAR_a4b3d3_52_As4Ga3K3_icsd_040206_Rb_As_Ga,-3.509755805,Rb,"As, Ga",3,a4b3d3
./UBEM_stable_relaxed/CONTCAR/CONTCAR_a4b3d3_52_As4Ga3K3_icsd_040206_Rb_As_In,-3.385290782,Rb,"As, In",3,a4b3d3
./UBEM_stable_relaxed/CONTCAR/CONTCAR_a4b3d3_52_As4Ga3K3_icsd_040206_Rb_As_Tl,-3.067565499,Rb,"As, Tl",3,a4b3d3
./UBEM_stable_relaxed/CONTCAR/CONTCAR_a4b3d3_52_As4Ga3K3_icsd_040206_Rb_Bi_Al,-3.270078682,Rb,"Bi, Al",3,a4b3d3
./UBEM_stable_relaxed/CONTCAR/CONTCAR_a4b3d3_52_As4Ga3K3_icsd_040206_Rb_Bi_Ga,-3.060058949,Rb,"Bi, Ga",3,a4b3d3
./UBEM_stable_relaxed/CONTCAR/CONTCAR_a4b3d3_52_As4Ga3K3_icsd_040206_Rb_Bi_In,-2.999434756,Rb,"Bi, In",3,a4b3d3
./UBEM_stable_relaxed/CONTCAR/CONTCAR_a4b3d3_52_As4Ga3K3_icsd_040206_Rb_P_In,-3.617870619,Rb,"P, In",3,a4b3d3
./UBEM_stable_relaxed/CONTCAR/CONTCAR_a4b3d3_52_As4Ga3K3_icsd_040206_Rb_Sb_Al,-3.434234441,Rb,"Sb, Al",3,a4b3d3
./UBEM_stable_relaxed/CONTCAR/CONTCAR_a4b3d3_52_As4Ga3K3_icsd_040206_Rb_Sb_Ga,-3.194066913,Rb,"Sb, Ga",3,a4b3d3
./UBEM_stable_relaxed/CONTCAR/CONTCAR_a4b3d3_52_As4Ga3K3_icsd_040206_Rb_Sb_In,-3.111093882,Rb,"Sb, In",3,a4b3d3
./UBEM_stable_relaxed/CONTCAR/CONTCAR_a4b4c3_71_Eu3Li4Sb4_icsd_428113_Sr_P_Li,-4.056770367,"Sr, Li",P,3,a4b4c3
./UBEM_stable_relaxed/CONTCAR/CONTCAR_a4b5d3_14_As4Cs5In3_icsd_280723_Cs_As_Al,-3.321797847,Cs,"Al, As",3,a4b5d3
./UBEM_stable_relaxed/CONTCAR/CONTCAR_a4b5d3_14_As4Cs5In3_icsd_280723_Cs_As_Ga,-3.097206591,Cs,"As, Ga",3,a4b5d3
./UBEM_stable_relaxed/CONTCAR/CONTCAR_a4b5d3_14_As4Cs5In3_icsd_280723_Cs_As_Tl,-2.815670837,Cs,"As, Tl",3,a4b5d3
./UBEM_stable_relaxed/CONTCAR/CONTCAR_a4b5d3_14_As4Cs5In3_icsd_280723_Cs_Bi_Al,-2.928798531,Cs,"Bi, Al",3,a4b5d3
./UBEM_stable_relaxed/CONTCAR/CONTCAR_a4b5d3_14_As4Cs5In3_icsd_280723_Cs_Bi_Tl,-2.580469488,Cs,"Bi, Tl",3,a4b5d3
./UBEM_stable_relaxed/CONTCAR/CONTCAR_a4b5d3_14_As4Cs5In3_icsd_280723_Cs_P_Ga,-3.294197974,Cs,"Ga, P",3,a4b5d3
./UBEM_stable_relaxed/CONTCAR/CONTCAR_a4b5d3_14_As4Cs5In3_icsd_280723_Cs_P_In,-3.200627709,Cs,"In, P",3,a4b5d3
./UBEM_stable_relaxed/CONTCAR/CONTCAR_a4b5d3_14_As4Cs5In3_icsd_280723_Cs_P_Tl,-2.957861346,Cs,"P, Tl",3,a4b5d3
./UBEM_stable_relaxed/CONTCAR/CONTCAR_a4b5d3_14_As4Cs5In3_icsd_280723_Cs_Sb_Al,-3.04889363,Cs,"Sb, Al",3,a4b5d3
./UBEM_stable_relaxed/CONTCAR/CONTCAR_a4b5d3_14_As4Cs5In3_icsd_280723_Cs_Sb_Ga,-2.875271906,Cs,"Sb, Ga",3,a4b5d3
./UBEM_stable_relaxed/CONTCAR/CONTCAR_a4b5d3_14_As4Cs5In3_icsd_280723_Cs_Sb_In,-2.838560243,Cs,"Sb, In",3,a4b5d3
./UBEM_stable_relaxed/CONTCAR/CONTCAR_a4b5d3_14_As4Cs5In3_icsd_280723_Cs_Sb_Tl,-2.647836903,Cs,"Sb, Tl",3,a4b5d3
./UBEM_stable_relaxed/CONTCAR/CONTCAR_a4b5d3_14_As4Cs5In3_icsd_280723_K_As_Al,-3.453884457,K,"As, Al",3,a4b5d3
./UBEM_stable_relaxed/CONTCAR/CONTCAR_a4b5d3_14_As4Cs5In3_icsd_280723_K_As_Ga,-3.222880424,K,"As, Ga",3,a4b5d3
./UBEM_stable_relaxed/CONTCAR/CONTCAR_a4b5d3_14_As4Cs5In3_icsd_280723_K_As_In,-3.132691425,K,"As, In",3,a4b5d3
./UBEM_stable_relaxed/CONTCAR/CONTCAR_a4b5d3_14_As4Cs5In3_icsd_280723_K_Bi_Al,-3.029089795,K,"Bi, Al",3,a4b5d3
./UBEM_stable_relaxed/CONTCAR/CONTCAR_a4b5d3_14_As4Cs5In3_icsd_280723_K_Bi_Ga,-2.874307427,K,"Bi, Ga",3,a4b5d3
./UBEM_stable_relaxed/CONTCAR/CONTCAR_a4b5d3_14_As4Cs5In3_icsd_280723_K_P_Al,-3.699757828,K,"Al, P",3,a4b5d3
./UBEM_stable_relaxed/CONTCAR/CONTCAR_a4b5d3_14_As4Cs5In3_icsd_280723_K_P_Ga,-3.434327333,K,"P, Ga",3,a4b5d3
./UBEM_stable_relaxed/CONTCAR/CONTCAR_a4b5d3_14_As4Cs5In3_icsd_280723_K_P_In,-3.311652117,K,"P, In",3,a4b5d3
./UBEM_stable_relaxed/CONTCAR/CONTCAR_a4b5d3_14_As4Cs5In3_icsd_280723_K_Sb_Al,-3.155773493,K,"Sb, Al",3,a4b5d3
./UBEM_stable_relaxed/CONTCAR/CONTCAR_a4b5d3_14_As4Cs5In3_icsd_280723_K_Sb_Ga,-2.979319308,K,"Sb, Ga",3,a4b5d3
./UBEM_stable_relaxed/CONTCAR/CONTCAR_a4b5d3_14_As4Cs5In3_icsd_280723_K_Sb_In,-2.922741909,K,"In, Sb",3,a4b5d3
./UBEM_stable_relaxed/CONTCAR/CONTCAR_a4b5d3_14_As4Cs5In3_icsd_280723_Rb_As_Al,-3.365263154,Rb,"Al, As",3,a4b5d3
./UBEM_stable_relaxed/CONTCAR/CONTCAR_a4b5d3_14_As4Cs5In3_icsd_280723_Rb_As_Ga,-3.136959074,Rb,"As, Ga",3,a4b5d3
./UBEM_stable_relaxed/CONTCAR/CONTCAR_a4b5d3_14_As4Cs5In3_icsd_280723_Rb_As_In,-3.060533464,Rb,"As, In",3,a4b5d3
./UBEM_stable_relaxed/CONTCAR/CONTCAR_a4b5d3_14_As4Cs5In3_icsd_280723_Rb_As_Tl,-2.839912439,Rb,"As, Tl",3,a4b5d3
./UBEM_stable_relaxed/CONTCAR/CONTCAR_a4b5d3_14_As4Cs5In3_icsd_280723_Rb_Bi_Al,-2.957021608,Rb,"Bi, Al",3,a4b5d3
./UBEM_stable_relaxed/CONTCAR/CONTCAR_a4b5d3_14_As4Cs5In3_icsd_280723_Rb_Bi_In,-2.771957295,Rb,"Bi, In",3,a4b5d3
./UBEM_stable_relaxed/CONTCAR/CONTCAR_a4b5d3_14_As4Cs5In3_icsd_280723_Rb_P_Al,-3.603555504,Rb,"P, Al",3,a4b5d3
./UBEM_stable_relaxed/CONTCAR/CONTCAR_a4b5d3_14_As4Cs5In3_icsd_280723_Rb_P_Ga,-3.340961748,Rb,"P, Ga",3,a4b5d3
./UBEM_stable_relaxed/CONTCAR/CONTCAR_a4b5d3_14_As4Cs5In3_icsd_280723_Rb_P_In,-3.234458438,Rb,"P, In",3,a4b5d3
./UBEM_stable_relaxed/CONTCAR/CONTCAR_a4b5d3_14_As4Cs5In3_icsd_280723_Rb_Sb_Al,-3.080426148,Rb,"Sb, Al",3,a4b5d3
./UBEM_stable_relaxed/CONTCAR/CONTCAR_a4b5d3_14_As4Cs5In3_icsd_280723_Rb_Sb_Ga,-2.904926069,Rb,"Sb, Ga",3,a4b5d3
./UBEM_stable_relaxed/CONTCAR/CONTCAR_a4b5d3_14_As4Cs5In3_icsd_280723_Rb_Sb_In,-2.859395209,Rb,"Sb, In",3,a4b5d3
./UBEM_stable_relaxed/CONTCAR/CONTCAR_a4b6d2_14_Al2Cs6P4_icsd_300131_Cs_As_Al,-3.111030385,Cs,"As, Al",3,a4b6d2
./UBEM_stable_relaxed/CONTCAR/CONTCAR_a4b6d2_14_Al2Cs6P4_icsd_300131_Cs_As_Ga,-2.966665563,Cs,"As, Ga",3,a4b6d2
./UBEM_stable_relaxed/CONTCAR/CONTCAR_a4b8e1_227_Na8Sb4Sn1_icsd_655768_K_Pb_Sb,-2.643114897,K,"Pb, Sb",3,a4b8e1
./UBEM_stable_relaxed/CONTCAR/CONTCAR_a4b8e1_227_Na8Sb4Sn1_icsd_655768_Li_Si_As,-3.659174829,Li,"Si, As",3,a4b8e1
./UBEM_stable_relaxed/CONTCAR/CONTCAR_a4b8e1_227_Na8Sb4Sn1_icsd_655768_Na_Ge_As,-3.004968617,Na,"Ge, As",3,a4b8e1
./UBEM_stable_relaxed/CONTCAR/CONTCAR_a4b8e1_227_Na8Sb4Sn1_icsd_655768_Na_Sn_P,-3.14374543,Na,"P, Sn",3,a4b8e1
./UBEM_stable_relaxed/CONTCAR/CONTCAR_a4c3d2_15_Al2As4Sr3_icsd_423787_Ba_As_Ga,-4.244118327,Ba,"As, Ga",3,a4c3d2
./UBEM_stable_relaxed/CONTCAR/CONTCAR_a4c3d2_15_Al2As4Sr3_icsd_423787_Ba_As_In,-4.160189548,Ba,"As, In",3,a4c3d2
./UBEM_stable_relaxed/CONTCAR/CONTCAR_a4c3d2_15_Al2As4Sr3_icsd_423787_Ba_As_Tl,-3.911329868,Ba,"As, Tl",3,a4c3d2
./UBEM_stable_relaxed/CONTCAR/CONTCAR_a4c3d2_15_Al2As4Sr3_icsd_423787_Ba_Sb_In,-3.799461046,Ba,"Sb, In",3,a4c3d2
./UBEM_stable_relaxed/CONTCAR/CONTCAR_a4c3d2_58_Eu3In2P4_icsd_170634_Sr_As_In,-4.082795737,Sr,"As, In",3,a4c3d2
./UBEM_stable_relaxed/CONTCAR/CONTCAR_a4c3d2_62_Al2Ba3P4_icsd_423778_P_Ba_Ga,-4.550496458,Ba,"Ga, P",3,a4c3d2
./UBEM_stable_relaxed/CONTCAR/CONTCAR_a4c3d2_62_Al2Ba3P4_icsd_423778_Sb_Ba_Al,-4.050685371,Ba,"Sb, Al",3,a4c3d2
./UBEM_stable_relaxed/CONTCAR/CONTCAR_a4c3e2_14_As4Ge2Sr3_icsd_016454_Ca_Ge_As,-4.540131789,Ca,"Ge, As",3,a4c3e2
./UBEM_stable_relaxed/CONTCAR/CONTCAR_a4c3e2_14_As4Ge2Sr3_icsd_016454_Ca_Si_P,-5.162688889,Ca,"Si, P",3,a4c3e2
./UBEM_stable_relaxed/CONTCAR/CONTCAR_a4c3e2_14_As4Ge2Sr3_icsd_016454_Sr_Ge_Sb,-4.049859739,Sr,"Ge, Sb",3,a4c3e2
./UBEM_stable_relaxed/CONTCAR/CONTCAR_a4c3e2_15_As4Si2Sr3_icsd_016453_Ba_Ge_As,-4.538359491,Ba,"Ge, As",3,a4c3e2
./UBEM_stable_relaxed/CONTCAR/CONTCAR_a4c3e2_15_As4Si2Sr3_icsd_016453_Ba_Ge_P,-4.828579933,Ba,"Ge, P",3,a4c3e2
./UBEM_stable_relaxed/CONTCAR/CONTCAR_a4c3e2_15_As4Si2Sr3_icsd_016453_Ba_Si_P,-5.076350619,Ba,"Si, P",3,a4c3e2
./UBEM_stable_relaxed/CONTCAR/CONTCAR_a4c3e2_15_As4Si2Sr3_icsd_016453_Sr_Si_P,-5.054446851,Sr,"P, Si",3,a4c3e2
./UBEM_stable_relaxed/CONTCAR/CONTCAR_a5b11c2_2_Cd2K11Sb5_icsd_425646_As_Na_Cd,-2.619124378,Na,"As, Cd",3,a5b11c2
./UBEM_stable_relaxed/CONTCAR/CONTCAR_a5b11c2_2_Cd2K11Sb5_icsd_425646_As_Na_Zn,-2.676820695,Na,"As, Zn",3,a5b11c2
./UBEM_stable_relaxed/CONTCAR/CONTCAR_a5b11c2_2_Cd2K11Sb5_icsd_425646_Bi_Na_Zn,-2.405487505,Na,"Bi, Zn",3,a5b11c2
./UBEM_stable_relaxed/CONTCAR/CONTCAR_a5b11c2_2_Cd2K11Sb5_icsd_425646_Bi_Rb_Mg,-2.258256944,"Rb, Mg",Bi,3,a5b11c2
./UBEM_stable_relaxed/CONTCAR/CONTCAR_a5b11c2_2_Cd2K11Sb5_icsd_425646_P_K_Ca,-2.76972978,"K, Ca",P,3,a5b11c2
./UBEM_stable_relaxed/CONTCAR/CONTCAR_a5b11c2_2_Cd2K11Sb5_icsd_425646_P_Na_Be,-3.07704639,"Be, Na",P,3,a5b11c2
./UBEM_stable_relaxed/CONTCAR/CONTCAR_a5b11c2_2_Cd2K11Sb5_icsd_425646_P_Na_Cd,-2.757938673,Na,"P, Cd",3,a5b11c2
./UBEM_stable_relaxed/CONTCAR/CONTCAR_a5b11c2_2_Cd2K11Sb5_icsd_425646_P_Na_Mg,-2.892689656,"Na, Mg",P,3,a5b11c2
./UBEM_stable_relaxed/CONTCAR/CONTCAR_a5b11c2_2_Cd2K11Sb5_icsd_425646_P_Na_Zn,-2.866840328,Na,"P, Zn",3,a5b11c2
./UBEM_stable_relaxed/CONTCAR/CONTCAR_a5b11c2_2_Cd2K11Sb5_icsd_425646_P_Rb_Ba,-2.595917479,"Ba, Rb",P,3,a5b11c2
./UBEM_stable_relaxed/CONTCAR/CONTCAR_a5b11c2_2_Cd2K11Sb5_icsd_425646_P_Rb_Ca,-2.626333853,"Rb, Ca",P,3,a5b11c2
./UBEM_stable_relaxed/CONTCAR/CONTCAR_a5b11c2_2_Cd2K11Sb5_icsd_425646_P_Rb_Sr,-2.572857712,"Rb, Sr",P,3,a5b11c2
./UBEM_stable_relaxed/CONTCAR/CONTCAR_a5b11c2_2_Cd2K11Sb5_icsd_425646_Sb_Cs_Ca,-2.37093114,"Cs, Ca",Sb,3,a5b11c2
./UBEM_stable_relaxed/CONTCAR/CONTCAR_a5b11c2_2_Cd2K11Sb5_icsd_425646_Sb_Cs_Sr,-2.332031319,"Cs, Sr",Sb,3,a5b11c2
./UBEM_stable_relaxed/CONTCAR/CONTCAR_a5b11c2_2_Cd2K11Sb5_icsd_425646_Sb_Na_Zn,-2.498919895,Na,"Sb, Zn",3,a5b11c2
./UBEM_stable_relaxed/CONTCAR/CONTCAR_a6b2b8e2_14_K2Na8Sb6Sn2_icsd_057400_P_Li_Si_Li,-4.095419389,Li,"P, Si",3,a6b2b8e2
./UBEM_stable_relaxed/CONTCAR/CONTCAR_a6b4d4_14_As6In4K4_icsd_071244_As_K_Tl,-3.214565116,K,"As, Tl",3,a6b4d4
./UBEM_stable_relaxed/CONTCAR/CONTCAR_a6b4d4_14_As6In4K4_icsd_071244_As_Rb_Tl,-3.170164964,Rb,"As, Tl",3,a6b4d4
./UBEM_stable_relaxed/CONTCAR/CONTCAR_a6b4d4_14_As6In4K4_icsd_071244_P_K_In,-3.77711608,K,"In, P",3,a6b4d4
./UBEM_stable_relaxed/CONTCAR/CONTCAR_a6b4d4_14_As6In4K4_icsd_071244_P_Na_Ga,-3.971757701,Na,"P, Ga",3,a6b4d4
./UBEM_stable_relaxed/CONTCAR/CONTCAR_a6b4e1_147_Rb4Sb6Sn1_icsd_300212_Sb_Sn_Cs,-3.283286475,Cs,"Sb, Sn",3,a6b4e1
./UBEM_stable_relaxed/CONTCAR/CONTCAR_a6b9d3_14_Bi6In3Na9_icsd_413312_Li_As_Al,-3.798455997,Li,"As, Al",3,a6b9d3
./UBEM_stable_relaxed/CONTCAR/CONTCAR_a6b9d3_14_Bi6In3Na9_icsd_413312_Li_As_Ga,-3.605158637,Li,"As, Ga",3,a6b9d3
./UBEM_stable_relaxed/CONTCAR/CONTCAR_a6b9d3_14_Bi6In3Na9_icsd_413312_Li_P_Al,-4.086126694,Li,"Al, P",3,a6b9d3
./UBEM_stable_relaxed/CONTCAR/CONTCAR_a6b9d3_14_Bi6In3Na9_icsd_413312_Li_P_Ga,-3.868046442,Li,"Ga, P",3,a6b9d3
./UBEM_stable_relaxed/CONTCAR/CONTCAR_a6b9d3_14_Bi6In3Na9_icsd_413312_Na_Bi_Al,-2.914239451,Na,"Al, Bi",3,a6b9d3
./UBEM_stable_relaxed/CONTCAR/CONTCAR_a6b9d3_14_Bi6In3Na9_icsd_413312_Na_P_Tl,-3.099166883,Na,"P, Tl",3,a6b9d3
./UBEM_stable_relaxed/CONTCAR/CONTCAR_a6c5d2_55_Ca5Ga2Sb6_icsd_036466_As_Sr_In,-4.145185222,Sr,"As, In",3,a6c5d2
./UBEM_stable_relaxed/CONTCAR/CONTCAR_a6c5d2_62_Al2Sb6Sr5_icsd_062304_Ba_Al_Sb,-4.062183697,Ba,"Al, Sb",3,a6c5d2
./UBEM_stable_relaxed/CONTCAR/CONTCAR_a6c6d2_64_Ba6Ga2P6_icsd_402177_As_Ba_Al,-4.431797841,Ba,"As, Al",3,a6c6d2
./UBEM_stable_relaxed/CONTCAR/CONTCAR_a6c6d2_64_Ba6Ga2P6_icsd_402177_As_Ba_Ga,-4.28435814,Ba,"As, Ga",3,a6c6d2
./UBEM_stable_relaxed/CONTCAR/CONTCAR_a6c6d2_64_Ba6Ga2P6_icsd_402177_As_Sr_Al,-4.314586111,Sr,"Al, As",3,a6c6d2
./UBEM_stable_relaxed/CONTCAR/CONTCAR_a6c6d2_64_Ba6Ga2P6_icsd_402177_P_Ba_Al,-4.737780465,Ba,"P, Al",3,a6c6d2
./UBEM_stable_relaxed/CONTCAR/CONTCAR_a6c6d2_64_Ba6Ga2P6_icsd_402177_P_Ba_In,-4.415229931,Ba,"P, In",3,a6c6d2
./UBEM_stable_relaxed/CONTCAR/CONTCAR_a6c6d2_64_Ba6Ga2P6_icsd_402177_P_Sr_Al,-4.630795027,Sr,"P, Al",3,a6c6d2
./UBEM_stable_relaxed/CONTCAR/CONTCAR_a6c6e2_14_Ba6P6Sn2_icsd_035342_As_Ba_Sn,-4.329591685,Ba,"As, Sn",3,a6c6e2
./UBEM_stable_relaxed/CONTCAR/CONTCAR_a6c6e2_14_Ba6P6Sn2_icsd_035342_P_Ca_Si,-4.930508588,Ca,"P, Si",3,a6c6e2
./UBEM_stable_relaxed/CONTCAR/CONTCAR_a9c11d1_45_Ca11In1Sb9_icsd_042371_Bi_Ba_Ga,-3.785604483,Ba,"Bi, Ga",3,a9c11d1
./UBEM_stable_relaxed/CONTCAR/CONTCAR_a9c11d1_45_Ca11In1Sb9_icsd_042371_Bi_Ba_In,-3.786119249,Ba,"Bi, In",3,a9c11d1
./UBEM_stable_relaxed/CONTCAR/CONTCAR_a9c11d1_45_Ca11In1Sb9_icsd_042371_Bi_Ba_Tl,-3.75592402,Ba,"Bi, Tl",3,a9c11d1
./UBEM_stable_relaxed/CONTCAR/CONTCAR_a9c11d1_45_Ca11In1Sb9_icsd_042371_Bi_Sr_Al,-3.670357269,Sr,"Bi, Al",3,a9c11d1
./UBEM_stable_relaxed/CONTCAR/CONTCAR_a9c11d1_45_Ca11In1Sb9_icsd_042371_Bi_Sr_Ga,-3.638960807,Sr,"Bi, Ga",3,a9c11d1
./UBEM_stable_relaxed/CONTCAR/CONTCAR_a9c11d1_45_Ca11In1Sb9_icsd_042371_Bi_Sr_In,-3.634098327,Sr,"Bi, In",3,a9c11d1
./UBEM_stable_relaxed/CONTCAR/CONTCAR_a9c11d1_45_Ca11In1Sb9_icsd_042371_Bi_Sr_Tl,-3.601730173,Sr,"Bi, Tl",3,a9c11d1
./UBEM_stable_relaxed/CONTCAR/CONTCAR_a9c11d1_45_Ca11In1Sb9_icsd_042371_Sb_Ba_In,-3.919148335,Ba,"In, Sb",3,a9c11d1
./UBEM_stable_relaxed/CONTCAR/CONTCAR_a9c11d1_45_Ca11In1Sb9_icsd_042371_Sb_Sr_Al,-3.833241494,Sr,"Sb, Al",3,a9c11d1
./UBEM_stable_relaxed/CONTCAR/CONTCAR_a9c11d1_45_Ca11In1Sb9_icsd_042371_Sb_Sr_Ga,-3.796469639,Sr,"Sb, Ga",3,a9c11d1
./UBEM_stable_relaxed/CONTCAR/CONTCAR_a9c11d1_45_Ca11In1Sb9_icsd_042371_Sb_Sr_Tl,-3.751262489,Sr,"Sb, Tl",3,a9c11d1
./Ternary/a14b4c1/14/As14Cd1Cs4/CONTCAR,-3.974820884,"As, Cd",Cs,3,a14b4c1
./Ternary/a1b2c1/216/Li2Sb1Zn1/CONTCAR,-2.561556585,"Sb, Zn",Li,3,a1b2c1
./Ternary/a1b2c1/225/Cd1Li2Sb1/CONTCAR,-2.600863938,"Cd, Sb",Li,3,a1b2c1
./Ternary/a1b2e1/57/Bi1K2Sn1/CONTCAR,-2.933134713,"Bi, Sn",Sr,3,a1b2e1
./Ternary/a2b3d1/14/Al1As2Cs3/CONTCAR,-3.111039623,"Al, As",Cs,3,a2b3d1
./Ternary/a2b3d1/14/As2Cs3Ga1/CONTCAR,-2.966698555,"As, Ga",K,3,a2b3d1
./Ternary/a2b3d1/14/As2In1Na3/CONTCAR,-3.105460578,"As, In",Na,3,a2b3d1
./Ternary/a2b3d1/14/In1Na3P2/CONTCAR,-3.29777206,"In, P",Na,3,a2b3d1
./Ternary/a2b3d1/14/In1Na3Sb2/CONTCAR,-2.868046374,"In, Sb",Na,3,a2b3d1
./Ternary/a2b3d1/61/Ga1P2Rb3/CONTCAR,-3.198263728,"Ga, P",Rb,3,a2b3d1
./Ternary/a2b3d1/72/Al1As2Na3/CONTCAR,-3.350325483,"Al, As",Na,3,a2b3d1
./Ternary/a2b3d1/72/Al1Na3P2/CONTCAR,-3.599932967,"Al, P",Na,3,a2b3d1
./Ternary/a2b3d1/72/In1K3P2/CONTCAR,-3.187659063,"In, P",Ba,3,a2b3d1
./Ternary/a3b1e3/26/Ge3Na1P3/CONTCAR,-4.655031604,"Ge, P",K,3,a3b1e3
./Ternary/a3b2d2/14/Al2As3Na2/CONTCAR,-3.937553015,"Al, As",Na,3,a3b2d2
./Ternary/a3b2d2/14/Al2K2Sb3/CONTCAR,-3.519645787,"Al, Sb",K,3,a3b2d2
./Ternary/a3b2d2/14/Al2Na2Sb3/CONTCAR,-3.49653125,"Al, Sb",Na,3,a3b2d2
./Ternary/a3b2d2/14/As3Ga2K2/CONTCAR,-3.639515126,"As, Ga",K,3,a3b2d2
./Ternary/a3b2d2/14/As3Ga2Na2/CONTCAR,-3.640926885,"As, Ga",Na,3,a3b2d2
./Ternary/a3b2d2/14/As3In2K2/CONTCAR,-3.510729247,"As, In",Na,3,a3b2d2
./Ternary/a3b2d2/14/Cs2In2Sb3/CONTCAR,-3.164417559,"In, Sb",Cs,3,a3b2d2
./Ternary/a3b2d2/14/Ga2K2Sb3/CONTCAR,-3.304791316,"Ga, Sb",K,3,a3b2d2
./Ternary/a3b2d2/14/In2K2Sb3/CONTCAR,-3.215185253,"In, Sb",K,3,a3b2d2
./Ternary/a3b2d2/14/In2Na2Sb3/CONTCAR,-3.176223392,"In, Sb",Na,3,a3b2d2
./Ternary/a3b2d2/14/In2Rb2Sb3/CONTCAR,-3.176372994,"In, Sb",Rb,3,a3b2d2
./Ternary/a3b2d3/62/Ga3Na2Sb3/CONTCAR,-3.277904297,"Ga, Sb",Na,3,a3b2d3
./Ternary/a3b5e3/62/As3K5Pb3/CONTCAR,-3.148065732,"As, Pb",K,3,a3b5e3
./Ternary/a5b1c2/36/As5Ba2K1/CONTCAR,-4.245025889,As,"Ba,K",3,a5b1c2
./Ternary/a5b6e3/59/As5K6Sn3/CONTCAR,-3.431519749,"As, Sn",K,3,a5b6e3
./Ternary/a5b7d2/11/Al2Na7Sb5/CONTCAR,-3.027600658,"Al, Sb",Na,3,a5b7d2
./Ternary/a5c3d3/167/Al3As5Ba3/CONTCAR,-4.549559603,"Al, As",Ba,3,a5c3d3
./Ternary/a5c3d3/167/Al3Ba3P5/CONTCAR,-4.929331874,"Al, P",Ba,3,a5c3d3
./Ternary/a5c3d3/167/Ba3Ga3P5/CONTCAR,-4.579062863,"Ga, P",Ba,3,a5c3d3
./Ternary/a6b10e2/14/As6Ge2Na10/CONTCAR,-3.184881585,"As, Ge",Na,3,a6b10e2
./Ternary/a6b10e2/14/As6K10Sn2/CONTCAR,-3.047776027,"As, Sn",K,3,a6b10e2
./Ternary/a6b10e2/14/As6Na10Si2/CONTCAR,-3.301347301,"As, Si",Na,3,a6b10e2
./Ternary/a6b10e2/14/As6Na10Sn2/CONTCAR,-3.139163261,"As, Sn",Na,3,a6b10e2
./Ternary/a6b10e2/14/Bi6K10Sn2/CONTCAR,-2.765124388,"Bi, Sn",K,3,a6b10e2
./Ternary/a6b10e2/14/Ge2Na10P6/CONTCAR,-3.409556552,"Ge, P",Na,3,a6b10e2
./Ternary/a6b10e2/14/K10Sb6Sn2/CONTCAR,-2.853871438,"Sb, Sn",K,3,a6b10e2
./Ternary/a6b10e2/14/Na10P6Si2/CONTCAR,-3.554107084,"P, Si",Na,3,a6b10e2
./Ternary/a6b10e2/14/Na10P6Sn2/CONTCAR,-3.337781259,"P, Sn",Na,3,a6b10e2
./Ternary/a6b7d3/2/As6Cs7In3/CONTCAR,-2.97067633,"As, In",Cs,3,a6b7d3
./Ternary/a6c5d4/59/Ba5In4Sb6/CONTCAR,-3.749572583,"In, Sb",Ba,3,a6c5d4
./Ternary/a7b1b2/14/As7Cs2Na1/CONTCAR,-3.929780427,As,"Cs,Na",3,a7b1b2
./Ternary/a9b10d5/14/In5K10Sb9/CONTCAR,-2.957485443,"In, Sb",K,3,a9b10d5
./UBEM_stable_relaxed/CONTCAR/CONTCAR_a2b3d1_14_As2In1Na3_icsd_300139_Na_As_Tl,-2.927592675,Na,"As, Tl",3,a2b3d1
./UBEM_stable_relaxed/CONTCAR/CONTCAR_a2b3d1_14_As2In1Na3_icsd_300139_Na_Bi_Al,-2.9134165,Na,"Bi, Al",3,a2b3d1
./UBEM_stable_relaxed/CONTCAR/CONTCAR_a2b3d1_14_As2In1Na3_icsd_300139_Na_Sb_Ga,-2.89980924,Na,"Ga, Sb",3,a2b3d1
./UBEM_stable_relaxed/CONTCAR/CONTCAR_a2b3d1_72_In1K3P2_icsd_300141_As_K_Ga,-3.069318778,K,"As, Ga",3,a2b3d1
./UBEM_stable_relaxed/CONTCAR/CONTCAR_a2b3d1_72_In1K3P2_icsd_300141_As_K_In,-3.014038638,K,"As, In",3,a2b3d1
./UBEM_stable_relaxed/CONTCAR/CONTCAR_a2b3d1_72_In1K3P2_icsd_300141_As_K_Tl,-2.834417141,K,"As, Tl",3,a2b3d1
./UBEM_stable_relaxed/CONTCAR/CONTCAR_a2b3d1_72_In1K3P2_icsd_300141_As_Na_Ga,-3.150372083,Na,"As, Ga",3,a2b3d1
./UBEM_stable_relaxed/CONTCAR/CONTCAR_a2b3d1_72_In1K3P2_icsd_300141_As_Rb_In,-2.913559717,Rb,"As, In",3,a2b3d1
./UBEM_stable_relaxed/CONTCAR/CONTCAR_a2b3d1_72_In1K3P2_icsd_300141_As_Rb_Tl,-2.740170782,Rb,"As, Tl",3,a2b3d1
./UBEM_stable_relaxed/CONTCAR/CONTCAR_a2b3d1_72_In1K3P2_icsd_300141_Bi_Cs_In,-2.608470397,Cs,"Bi, In",3,a2b3d1
./UBEM_stable_relaxed/CONTCAR/CONTCAR_a2b3d1_72_In1K3P2_icsd_300141_Bi_K_Al,-2.866538629,K,"Bi, Al",3,a2b3d1
./UBEM_stable_relaxed/CONTCAR/CONTCAR_a2b3d1_72_In1K3P2_icsd_300141_Bi_K_Ga,-2.741135804,K,"Bi, Ga",3,a2b3d1
./UBEM_stable_relaxed/CONTCAR/CONTCAR_a2b3d1_72_In1K3P2_icsd_300141_Bi_K_In,-2.717110078,K,"Bi, In",3,a2b3d1
./UBEM_stable_relaxed/CONTCAR/CONTCAR_a2b3d1_72_In1K3P2_icsd_300141_Bi_Rb_In,-2.638312343,Rb,"Bi, In",3,a2b3d1
./UBEM_stable_relaxed/CONTCAR/CONTCAR_a2b3d1_72_In1K3P2_icsd_300141_Bi_Rb_Tl,-2.506072893,Rb,"Bi, Tl",3,a2b3d1
./UBEM_stable_relaxed/CONTCAR/CONTCAR_a2b3d1_72_In1K3P2_icsd_300141_P_Na_Ga,-3.37519765,Na,"Ga, P",3,a2b3d1
./UBEM_stable_relaxed/CONTCAR/CONTCAR_a2b3d1_72_In1K3P2_icsd_300141_P_Rb_Tl,-2.884200142,Rb,"P, Tl",3,a2b3d1
./UBEM_stable_relaxed/CONTCAR/CONTCAR_a2b3d1_72_In1K3P2_icsd_300141_Sb_Cs_Tl,-2.551354662,Cs,"Sb, Tl",3,a2b3d1
./UBEM_stable_relaxed/CONTCAR/CONTCAR_a2b3d1_72_In1K3P2_icsd_300141_Sb_K_Al,-2.986453543,K,"Al, Sb",3,a2b3d1
./UBEM_stable_relaxed/CONTCAR/CONTCAR_a2b3d1_72_In1K3P2_icsd_300141_Sb_K_Ga,-2.84478419,K,"Sb, Ga",3,a2b3d1
./UBEM_stable_relaxed/CONTCAR/CONTCAR_a2b3d1_72_In1K3P2_icsd_300141_Sb_K_In,-2.810601471,K,"Sb, In",3,a2b3d1
./UBEM_stable_relaxed/CONTCAR/CONTCAR_a2b3d1_72_In1K3P2_icsd_300141_Sb_Na_Al,-3.049162252,Na,"Sb, Al",3,a2b3d1
./UBEM_stable_relaxed/CONTCAR/CONTCAR_a2b3d1_72_In1K3P2_icsd_300141_Sb_Rb_In,-2.727061947,Rb,"In, Sb",3,a2b3d1
./UBEM_stable_relaxed/CONTCAR/CONTCAR_a2b3d1_72_In1K3P2_icsd_300141_Sb_Rb_Tl,-2.580014588,Rb,"Sb, Tl",3,a2b3d1
./UBEM_stable_relaxed/CONTCAR/CONTCAR_a3b1e3_26_Ge3Na1P3_icsd_184000_Cs_Sn_Sb,-3.781923761,Cs,"Sn, Sb",3,a3b1e3
./UBEM_stable_relaxed/CONTCAR/CONTCAR_a3b1e3_26_Ge3Na1P3_icsd_184000_Li_Ge_P,-4.740432979,Li,"Ge, P",3,a3b1e3
./UBEM_stable_relaxed/CONTCAR/CONTCAR_a3b1e3_26_Ge3Na1P3_icsd_184000_Na_Ge_As,-4.329278896,Na,"Ge, As",3,a3b1e3
./UBEM_stable_relaxed/CONTCAR/CONTCAR_a3b1e3_26_Ge3Na1P3_icsd_184000_Na_Ge_Sb,-3.980114628,Na,"Ge, Sb",3,a3b1e3
./UBEM_stable_relaxed/CONTCAR/CONTCAR_a3b1e3_26_Ge3Na1P3_icsd_184000_Rb_Sn_As,-4.090886285,Rb,"Sn, As",3,a3b1e3
./UBEM_stable_relaxed/CONTCAR/CONTCAR_a3b1e3_26_Ge3Na1P3_icsd_184000_Rb_Sn_Sb,-3.781348342,Rb,"Sn, Sb",3,a3b1e3
./UBEM_stable_relaxed/CONTCAR/CONTCAR_a3b2d2_14_Al2Na2Sb3_icsd_052628_Na_Ga_Sb,-3.282277573,Na,"Ga, Sb",3,a3b2d2
./UBEM_stable_relaxed/CONTCAR/CONTCAR_a3b2d3_62_Ga3Na2Sb3_icsd_063617_As_Ga_Na,-3.589188068,Na,"As, Ga",3,a3b2d3
./UBEM_stable_relaxed/CONTCAR/CONTCAR_a3b2d3_62_Ga3Na2Sb3_icsd_063617_As_In_K,-3.401994009,K,"As, In",3,a3b2d3
./UBEM_stable_relaxed/CONTCAR/CONTCAR_a3b2d3_62_Ga3Na2Sb3_icsd_063617_Bi_Al_K,-3.34401266,K,"Bi, Al",3,a3b2d3
./UBEM_stable_relaxed/CONTCAR/CONTCAR_a3b2d3_62_Ga3Na2Sb3_icsd_063617_Bi_Ga_K,-3.145023209,K,"Bi, Ga",3,a3b2d3
./UBEM_stable_relaxed/CONTCAR/CONTCAR_a3b2d3_62_Ga3Na2Sb3_icsd_063617_Bi_Ga_Rb,-3.090948713,Rb,"Bi, Ga",3,a3b2d3
./UBEM_stable_relaxed/CONTCAR/CONTCAR_a3b2d3_62_Ga3Na2Sb3_icsd_063617_P_Ga_Na,-3.867574383,Na,"P, Ga",3,a3b2d3
./UBEM_stable_relaxed/CONTCAR/CONTCAR_a3b2d3_62_Ga3Na2Sb3_icsd_063617_Sb_Al_Na,-3.514413801,Na,"Sb, Al",3,a3b2d3
./UBEM_stable_relaxed/CONTCAR/CONTCAR_a3b2d3_62_Ga3Na2Sb3_icsd_063617_Sb_Ga_K,-3.267452292,K,"Sb, Ga",3,a3b2d3
./UBEM_stable_relaxed/CONTCAR/CONTCAR_a3b2d3_62_Ga3Na2Sb3_icsd_063617_Sb_In_K,-3.154293509,K,"Sb, In",3,a3b2d3
./UBEM_stable_relaxed/CONTCAR/CONTCAR_a3b2d3_62_Ga3Na2Sb3_icsd_063617_Sb_In_Na,-3.124530502,Na,"In, Sb",3,a3b2d3
./UBEM_stable_relaxed/CONTCAR/CONTCAR_a3b2d3_62_Ga3Na2Sb3_icsd_063617_Sb_In_Rb,-3.107535047,Rb,"Sb, In",3,a3b2d3
./UBEM_stable_relaxed/CONTCAR/CONTCAR_a3b5e3_62_As3K5Pb3_icsd_055419_Pb_Sb_K,-3.001647816,K,"Pb, Sb",3,a3b5e3
./UBEM_stable_relaxed/CONTCAR/CONTCAR_a3c2c2_12_Eu2P3Zn2_icsd_426082_Sr_P_Mg,-4.205416753,"Sr, Mg",P,3,a3c2c2
./UBEM_stable_relaxed/CONTCAR/CONTCAR_a5b6e3_59_As5K6Sn3_icsd_071009_As_Na_Ge,-3.542536028,Na,"As, Ge",3,a5b6e3
./UBEM_stable_relaxed/CONTCAR/CONTCAR_a5b6e3_59_As5K6Sn3_icsd_071009_As_Rb_Sn,-3.351154984,Rb,"As, Sn",3,a5b6e3
./UBEM_stable_relaxed/CONTCAR/CONTCAR_a5b6e3_59_As5K6Sn3_icsd_071009_Bi_Rb_Sn,-3.024395759,Rb,"Bi, Sn",3,a5b6e3
./UBEM_stable_relaxed/CONTCAR/CONTCAR_a5b6e3_59_As5K6Sn3_icsd_071009_P_Na_Ge,-3.796121575,Na,"P, Ge",3,a5b6e3
./UBEM_stable_relaxed/CONTCAR/CONTCAR_a5b6e3_59_As5K6Sn3_icsd_071009_Sb_Cs_Sn,-3.086879116,Cs,"Sb, Sn",3,a5b6e3
./UBEM_stable_relaxed/CONTCAR/CONTCAR_a5b6e3_59_As5K6Sn3_icsd_071009_Sb_K_Sn,-3.183575811,K,"Sb, Sn",3,a5b6e3
./UBEM_stable_relaxed/CONTCAR/CONTCAR_a5b6e3_59_As5K6Sn3_icsd_071009_Sb_Rb_Sn,-3.114205687,Rb,"Sb, Sn",3,a5b6e3
./UBEM_stable_relaxed/CONTCAR/CONTCAR_a5b7d2_11_Al2Na7Sb5_icsd_048168_Na_Ga_As,-3.192076256,Na,"As, Ga",3,a5b7d2
./UBEM_stable_relaxed/CONTCAR/CONTCAR_a6b10e2_14_As6Na10Si2_icsd_300188_Rb_Sn_Sb,-2.752434717,Rb,"Sn, Sb",3,a6b10e2
./UBEM_stable_relaxed/CONTCAR/CONTCAR_a6c5d4_59_Ba5In4Sb6_icsd_195087_As_Ba_In,-4.039574582,Ba,"As, In",3,a6c5d4
./UBEM_stable_relaxed/CONTCAR/CONTCAR_a6c5d4_59_Ba5In4Sb6_icsd_195087_As_Ba_Tl,-3.812707732,Ba,"As, Tl",3,a6c5d4
./UBEM_stable_relaxed/CONTCAR/CONTCAR_a6c5d4_59_Ba5In4Sb6_icsd_195087_As_Sr_Al,-4.296134142,Sr,"As, Al",3,a6c5d4
./UBEM_stable_relaxed/CONTCAR/CONTCAR_a6c5d4_59_Ba5In4Sb6_icsd_195087_As_Sr_Ga,-4.086663196,Sr,"As, Ga",3,a6c5d4
./UBEM_stable_relaxed/CONTCAR/CONTCAR_a6c5d4_59_Ba5In4Sb6_icsd_195087_As_Sr_In,-3.93272663,Sr,"As, In",3,a6c5d4
./UBEM_stable_relaxed/CONTCAR/CONTCAR_a6c5d4_59_Ba5In4Sb6_icsd_195087_Bi_Ba_In,-3.615964261,Ba,"Bi, In",3,a6c5d4
./UBEM_stable_relaxed/CONTCAR/CONTCAR_a6c5d4_59_Ba5In4Sb6_icsd_195087_Bi_Ca_Al,-3.752258993,Ca,"Bi, Al",3,a6c5d4
./UBEM_stable_relaxed/CONTCAR/CONTCAR_a6c5d4_59_Ba5In4Sb6_icsd_195087_Bi_Sr_Al,-3.736306877,Sr,"Al, Bi",3,a6c5d4
./UBEM_stable_relaxed/CONTCAR/CONTCAR_a6c5d4_59_Ba5In4Sb6_icsd_195087_Bi_Sr_Ga,-3.547911278,Sr,"Bi, Ga",3,a6c5d4
./UBEM_stable_relaxed/CONTCAR/CONTCAR_a6c5d4_59_Ba5In4Sb6_icsd_195087_Bi_Sr_In,-3.462652213,Sr,"Bi, In",3,a6c5d4
./UBEM_stable_relaxed/CONTCAR/CONTCAR_a6c5d4_59_Ba5In4Sb6_icsd_195087_P_Sr_Ga,-4.368803876,Sr,"P, Ga",3,a6c5d4
./UBEM_stable_relaxed/CONTCAR/CONTCAR_a6c5d4_59_Ba5In4Sb6_icsd_195087_Sb_Ba_Al,-4.004954319,Ba,"Sb, Al",3,a6c5d4
./UBEM_stable_relaxed/CONTCAR/CONTCAR_a6c5d4_59_Ba5In4Sb6_icsd_195087_Sb_Ba_Ga,-3.824081804,Ba,"Ga, Sb",3,a6c5d4
./UBEM_stable_relaxed/CONTCAR/CONTCAR_a6c5d4_59_Ba5In4Sb6_icsd_195087_Sb_Ca_Ga,-3.759579633,Ca,"Sb, Ga",3,a6c5d4
./UBEM_stable_relaxed/CONTCAR/CONTCAR_a6c5d4_59_Ba5In4Sb6_icsd_195087_Sb_Sr_Al,-3.945119243,Sr,"Sb, Al",3,a6c5d4
./UBEM_stable_relaxed/CONTCAR/CONTCAR_a6c5d4_59_Ba5In4Sb6_icsd_195087_Sb_Sr_Ga,-3.715899413,Sr,"Sb, Ga",3,a6c5d4
./UBEM_stable_relaxed/CONTCAR/CONTCAR_a6c5d4_59_Ba5In4Sb6_icsd_195087_Sb_Sr_In,-3.609167706,Sr,"Sb, In",3,a6c5d4
./UBEM_stable_relaxed/CONTCAR/CONTCAR_a7b1b2_14_As7Cs2Na1_icsd_423080_Cs_Li_P,-4.566894079,"Cs, Li",P,3,a7b1b2
./UBEM_stable_relaxed/CONTCAR/CONTCAR_a7b1b2_14_As7Cs2Na1_icsd_423080_Cs_Na_P,-4.507397488,"Cs, Na",P,3,a7b1b2
./UBEM_stable_relaxed/CONTCAR/CONTCAR_a7b1b2_14_As7Cs2Na1_icsd_423080_K_Li_P,-4.592337721,"K, Li",P,3,a7b1b2
./UBEM_stable_relaxed/CONTCAR/CONTCAR_a7b1b2_14_As7Cs2Na1_icsd_423080_K_Na_P,-4.525043953,"K, Na",P,3,a7b1b2
./UBEM_stable_relaxed/CONTCAR/CONTCAR_a7b1b2_14_As7Cs2Na1_icsd_423080_Rb_Li_P,-4.570437206,"Rb, Li",P,3,a7b1b2
./UBEM_stable_relaxed/CONTCAR/CONTCAR_a7b1b2_14_As7Cs2Na1_icsd_423080_Rb_Na_P,-4.505586052,"Rb, Na",P,3,a7b1b2
./UBEM_stable_relaxed/CONTCAR/CONTCAR_a9b1c1c10_136_Ca10Li1Mg1Sb9_icsd_171161_Bi_Ba_Ba_K,-3.683698823,"Ba, K",Bi,3,a9b1c1c10
./UBEM_stable_relaxed/CONTCAR/CONTCAR_a9b1c1c10_136_Ca10Li1Mg1Sb9_icsd_171161_Bi_Ca_Ca_Na,-3.689547796,"Ca, Na",Bi,3,a9b1c1c10
./UBEM_stable_relaxed/CONTCAR/CONTCAR_a9b1c1c10_136_Ca10Li1Mg1Sb9_icsd_171161_Sb_Ca_Ca_Na,-3.861039508,"Ca, Na",Sb,3,a9b1c1c10
./Ternary/a8b12d4/2/Al4As8K12/CONTCAR,-3.242536439,"Al, As",K,3,a8b12d4
./Ternary/a8b12d4/2/Al4K12P8/CONTCAR,-3.463333079,"Al, P",K,3,a8b12d4
./Ternary/a8b12d4/2/Cs12In4P8/CONTCAR,-3.031114769,"In, P",Cs,3,a8b12d4
./Ternary/a8b12d4/2/In4P8Rb12/CONTCAR,-3.073249106,"In, P",Rb,3,a8b12d4
./UBEM_stable_relaxed/CONTCAR/CONTCAR_a8b12d4_2_Cs12In4P8_icsd_300148_Cs_As_In,-2.87136096,Cs,"As, In",3,a8b12d4
./UBEM_stable_relaxed/CONTCAR/CONTCAR_a8b12d4_2_Cs12In4P8_icsd_300148_Cs_As_Tl,-2.708015706,Cs,"As, Tl",3,a8b12d4
./UBEM_stable_relaxed/CONTCAR/CONTCAR_a8b12d4_2_Cs12In4P8_icsd_300148_Cs_Bi_Al,-2.749235133,Cs,"Bi, Al",3,a8b12d4
./UBEM_stable_relaxed/CONTCAR/CONTCAR_a8b12d4_2_Cs12In4P8_icsd_300148_Cs_Bi_Ga,-2.6340109,Cs,"Bi, Ga",3,a8b12d4
./UBEM_stable_relaxed/CONTCAR/CONTCAR_a8b12d4_2_Cs12In4P8_icsd_300148_Cs_P_Ga,-3.120646984,Cs,"P, Ga",3,a8b12d4
./UBEM_stable_relaxed/CONTCAR/CONTCAR_a8b12d4_2_Cs12In4P8_icsd_300148_Cs_Sb_Al,-2.858394118,Cs,"Sb, Al",3,a8b12d4
./UBEM_stable_relaxed/CONTCAR/CONTCAR_a8b12d4_2_Cs12In4P8_icsd_300148_Cs_Sb_Ga,-2.732642585,Cs,"Sb, Ga",3,a8b12d4
./UBEM_stable_relaxed/CONTCAR/CONTCAR_a8b12d4_2_Cs12In4P8_icsd_300148_Cs_Sb_In,-2.690612664,Cs,"Sb, In",3,a8b12d4
./UBEM_stable_relaxed/CONTCAR/CONTCAR_a8b12d4_2_Cs12In4P8_icsd_300148_K_P_Ga,-3.273529142,K,"Ga, P",3,a8b12d4
./UBEM_stable_relaxed/CONTCAR/CONTCAR_a8b12d4_2_Cs12In4P8_icsd_300148_Rb_As_Al,-3.140791723,Rb,"As, Al",3,a8b12d4
./UBEM_stable_relaxed/CONTCAR/CONTCAR_a8b12d4_2_Cs12In4P8_icsd_300148_Rb_As_Ga,-2.977304176,Rb,"As, Ga",3,a8b12d4
./UBEM_stable_relaxed/CONTCAR/CONTCAR_a8b12d4_2_Cs12In4P8_icsd_300148_Rb_Bi_Al,-2.776165643,Rb,"Bi, Al",3,a8b12d4
./UBEM_stable_relaxed/CONTCAR/CONTCAR_a8b12d4_2_Cs12In4P8_icsd_300148_Rb_Bi_Ga,-2.661598334,Rb,"Bi, Ga",3,a8b12d4
./UBEM_stable_relaxed/CONTCAR/CONTCAR_a8b12d4_2_Cs12In4P8_icsd_300148_Rb_P_Al,-3.352566015,Rb,"P, Al",3,a8b12d4
./UBEM_stable_relaxed/CONTCAR/CONTCAR_a8b12d4_2_Cs12In4P8_icsd_300148_Rb_Sb_Al,-2.889427729,Rb,"Al, Sb",3,a8b12d4
./UBEM_stable_relaxed/CONTCAR/CONTCAR_a8b12d4_2_Cs12In4P8_icsd_300148_Rb_Sb_Ga,-2.76115059,Rb,"Sb, Ga",3,a8b12d4
./UBEM_stable_relaxed/CONTCAR/CONTCAR_a14c3e8_14_Ca3P14Si8_icsd_428982_P_Sr_Ge,-5.016421467,Sr,"P, Ge",3,a14c3e8
./UBEM_stable_relaxed/CONTCAR/CONTCAR_a14c3e8_14_Ca3P14Si8_icsd_428982_P_Sr_Si,-5.388676723,Sr,"P, Si",3,a14c3e8
./Ternary/a14c3e8/14/Ca3P14Si8/CONTCAR,-5.405697833,"P, Si",Ca,3,a14c3e8
./Ternary/a3d4e1/140/Bi3In4Pb1/CONTCAR,-3.312421515,"Bi, Pb", In,3,a3d4e1
./UBEM_stable_relaxed/CONTCAR/CONTCAR_a2b2c1c1_26_Ba1Cd1K2Sb2_icsd_422272_As_K_Ca_Ca,-3.382647829,"K, Ca",As,3,a2b2c1c1
./UBEM_stable_relaxed/CONTCAR/CONTCAR_a2b2c1c1_26_Ba1Cd1K2Sb2_icsd_422272_As_K_Sr_Sr,-3.26281525,"K, Sr",As,3,a2b2c1c1
./UBEM_stable_relaxed/CONTCAR/CONTCAR_a2b2c1c1_26_Ba1Cd1K2Sb2_icsd_422272_As_Rb_Ba_Ba,-3.248835798,"Rb, Ba",As,3,a2b2c1c1
./UBEM_stable_relaxed/CONTCAR/CONTCAR_a2b2c1c1_26_Ba1Cd1K2Sb2_icsd_422272_As_Rb_Sr_Sr,-3.180250387,"Rb, Sr",As,3,a2b2c1c1
./UBEM_stable_relaxed/CONTCAR/CONTCAR_a2b2c1c1_26_Ba1Cd1K2Sb2_icsd_422272_Bi_Cs_Ba_Ba,-2.956652862,"Cs, Ba",Bi,3,a2b2c1c1
./UBEM_stable_relaxed/CONTCAR/CONTCAR_a2b2c1c1_26_Ba1Cd1K2Sb2_icsd_422272_P_K_Ca_Ca,-3.564206389,"Ca, K",P,3,a2b2c1c1
./UBEM_stable_relaxed/CONTCAR/CONTCAR_a2b2c1c1_26_Ba1Cd1K2Sb2_icsd_422272_P_K_Sr_Sr,-3.428258074,"K, Sr",P,3,a2b2c1c1
./UBEM_stable_relaxed/CONTCAR/CONTCAR_a2b2c1c1_26_Ba1Cd1K2Sb2_icsd_422272_P_Na_Ca_Ca,-3.680337088,"Na, Ca",P,3,a2b2c1c1
./UBEM_stable_relaxed/CONTCAR/CONTCAR_a2b2c1c1_26_Ba1Cd1K2Sb2_icsd_422272_P_Rb_Sr_Sr,-3.339460367,"Rb, Sr",P,3,a2b2c1c1
./UBEM_stable_relaxed/CONTCAR/CONTCAR_a2b1b2d1_64_As2In1K2Li1_icsd_402147_Cs_Li_Bi_In,-2.841916318,"Cs, Li","In, Bi",4,a2b1b2d1
./UBEM_stable_relaxed/CONTCAR/CONTCAR_a2b1b2d1_64_As2In1K2Li1_icsd_402147_Cs_Li_Bi_Tl,-2.706824415,"Cs, Li","Tl, Bi",4,a2b1b2d1
./UBEM_stable_relaxed/CONTCAR/CONTCAR_a2b1b2d1_64_As2In1K2Li1_icsd_402147_Cs_Li_Sb_Tl,-2.789039034,"Cs, Li","Tl, Sb",4,a2b1b2d1
./UBEM_stable_relaxed/CONTCAR/CONTCAR_a2b1b2d1_64_As2In1K2Li1_icsd_402147_Cs_Na_Bi_Tl,-2.598749769,"Cs, Na","Tl, Bi",4,a2b1b2d1
./UBEM_stable_relaxed/CONTCAR/CONTCAR_a2b1b2d1_64_As2In1K2Li1_icsd_402147_K_Li_Bi_Ga,-2.949186313,"K, Li","Ga, Bi",4,a2b1b2d1
./UBEM_stable_relaxed/CONTCAR/CONTCAR_a2b1b2d1_64_As2In1K2Li1_icsd_402147_K_Li_Bi_Tl,-2.782985259,"K, Li","Bi, Tl",4,a2b1b2d1
./UBEM_stable_relaxed/CONTCAR/CONTCAR_a2b1b2d1_64_As2In1K2Li1_icsd_402147_K_Na_Bi_Tl,-2.661297658,"K, Na","Tl, Bi",4,a2b1b2d1
./UBEM_stable_relaxed/CONTCAR/CONTCAR_a2b1b2d1_64_As2In1K2Li1_icsd_402147_Rb_Li_Bi_Ga,-2.888217803,"Rb, Li","Ga, Bi",4,a2b1b2d1
./UBEM_stable_relaxed/CONTCAR/CONTCAR_a2b1b2d1_64_As2In1K2Li1_icsd_402147_Rb_Li_Bi_In,-2.866830798,"Rb, Li","In, Bi",4,a2b1b2d1
./UBEM_stable_relaxed/CONTCAR/CONTCAR_a2b1b2d1_64_As2In1K2Li1_icsd_402147_Rb_Li_Bi_Tl,-2.730025964,"Rb, Li","Tl, Bi",4,a2b1b2d1
./UBEM_stable_relaxed/CONTCAR/CONTCAR_a2b1b2d1_64_As2In1K2Li1_icsd_402147_Rb_Li_Sb_Tl,-2.814514154,"Rb, Li","Tl, Sb",4,a2b1b2d1
./UBEM_stable_relaxed/CONTCAR/CONTCAR_a2b1b2d1_64_As2In1K2Li1_icsd_402147_Rb_Na_Bi_Tl,-2.615882566,"Rb, Na","Tl, Bi",4,a2b1b2d1
./UBEM_stable_relaxed/CONTCAR/CONTCAR_a2b1b2d1_72_Al1As2K2Na1_icsd_073280_K_Cs_Bi_In,-2.671029238,"K, Cs","Bi, In",4,a2b1b2d1
./UBEM_stable_relaxed/CONTCAR/CONTCAR_a2b1b2d1_72_Al1As2K2Na1_icsd_073280_K_Cs_Bi_Tl,-2.538843188,"K, Cs","Bi, Tl",4,a2b1b2d1
./UBEM_stable_relaxed/CONTCAR/CONTCAR_a2b1b2d1_72_Al1As2K2Na1_icsd_073280_Na_Cs_Bi_Ga,-2.732750301,"Cs, Na","Bi, Ga",4,a2b1b2d1
./UBEM_stable_relaxed/CONTCAR/CONTCAR_a2b1b2d1_72_Al1As2K2Na1_icsd_073280_Na_Cs_Bi_In,-2.720421153,"Na, Cs","Bi, In",4,a2b1b2d1
./UBEM_stable_relaxed/CONTCAR/CONTCAR_a2b1b2d1_72_Al1As2K2Na1_icsd_073280_Na_K_Bi_Ga,-2.792250179,"K, Na","Bi, Ga",4,a2b1b2d1
./UBEM_stable_relaxed/CONTCAR/CONTCAR_a2b1b2d1_72_Al1As2K2Na1_icsd_073280_Na_Rb_Bi_In,-2.732140206,"Na, Rb","Bi, In",4,a2b1b2d1
./UBEM_stable_relaxed/CONTCAR/CONTCAR_a2b1b2d1_72_Al1As2K2Na1_icsd_073280_Rb_Cs_Bi_In,-2.622128541,"Rb, Cs","Bi, In",4,a2b1b2d1
./UBEM_stable_relaxed/CONTCAR/CONTCAR_a2b1b2d1_72_Al1As2K2Na1_icsd_073280_Rb_Cs_Bi_Tl,-2.490413583,"Cs, Rb","Bi, Tl",4,a2b1b2d1
./UBEM_stable_relaxed/CONTCAR/CONTCAR_a2b2c1c1_26_Ba1Cd1K2Sb2_icsd_422272_As_Na_Ca_Hg,-2.979465045,"Na, Ca","As, Hg",4,a2b2c1c1
./UBEM_stable_relaxed/CONTCAR/CONTCAR_a2b2c1c1_26_Ba1Cd1K2Sb2_icsd_422272_Bi_K_Ba_Hg,-2.614674266,"K, Ba","Bi, Hg",4,a2b2c1c1
./UBEM_stable_relaxed/CONTCAR/CONTCAR_a2b2c1c1_26_Ba1Cd1K2Sb2_icsd_422272_Bi_K_Sr_Hg,-2.5508816,"K, Sr","Bi, Hg",4,a2b2c1c1
./UBEM_stable_relaxed/CONTCAR/CONTCAR_a2b2c1c1_26_Ba1Cd1K2Sb2_icsd_422272_Bi_Na_Ca_Zn,-2.799673968,"Na, Ca","Bi, Zn",4,a2b2c1c1
./UBEM_stable_relaxed/CONTCAR/CONTCAR_a2b2c1c1_26_Ba1Cd1K2Sb2_icsd_422272_Bi_Na_Sr_Hg,-2.604502576,"Na, Sr","Bi, Hg",4,a2b2c1c1
./UBEM_stable_relaxed/CONTCAR/CONTCAR_a2b2c1c1_26_Ba1Cd1K2Sb2_icsd_422272_Bi_Na_Sr_Zn,-2.763955678,"Na, Sr","Bi, Zn",4,a2b2c1c1
./UBEM_stable_relaxed/CONTCAR/CONTCAR_a2c1c1c1_36_Ba1Cd1Sb2Yb1_icsd_422280_Bi_Ca_Ba_Cd,-3.327356556,"Ba, Ca","Bi, Cd",4,a2c1c1c1
./UBEM_stable_relaxed/CONTCAR/CONTCAR_a2c1c1c1_36_Ba1Cd1Sb2Yb1_icsd_422280_Bi_Ca_Ba_Hg,-3.158712998,"Ca, Ba","Bi, Hg",4,a2c1c1c1
./UBEM_stable_relaxed/CONTCAR/CONTCAR_a2c1c1c1_36_Ba1Cd1Sb2Yb1_icsd_422280_Bi_Ca_Ba_Mg,-3.52334092,"Ca, Ba, Mg",Bi,4,a2c1c1c1
./UBEM_stable_relaxed/CONTCAR/CONTCAR_a2c1c1c1_36_Ba1Cd1Sb2Yb1_icsd_422280_Bi_Ca_Ba_Zn,-3.371646816,"Ca, Ba","Bi, Zn",4,a2c1c1c1
./UBEM_stable_relaxed/CONTCAR/CONTCAR_a2c1c1c1_36_Ba1Cd1Sb2Yb1_icsd_422280_Bi_Ca_Sr_Cd,-3.241314642,"Ca, Sr","Bi, Cd",4,a2c1c1c1
./UBEM_stable_relaxed/CONTCAR/CONTCAR_a2c1c1c1_36_Ba1Cd1Sb2Yb1_icsd_422280_Bi_Ca_Sr_Hg,-3.069984894,"Ca, Sr","Bi, Hg",4,a2c1c1c1
./UBEM_stable_relaxed/CONTCAR/CONTCAR_a2c1c1c1_36_Ba1Cd1Sb2Yb1_icsd_422280_Bi_Ca_Sr_Mg,-3.441942957,"Ca, Mg, Sr",Bi,4,a2c1c1c1
./UBEM_stable_relaxed/CONTCAR/CONTCAR_a2c1c1c1_36_Ba1Cd1Sb2Yb1_icsd_422280_Bi_Ca_Sr_Zn,-3.291329684,"Ca, Sr","Bi, Zn",4,a2c1c1c1
./UBEM_stable_relaxed/CONTCAR/CONTCAR_a2c1c1c1_36_Ba1Cd1Sb2Yb1_icsd_422280_Bi_Sr_Ba_Cd,-3.282198862,"Sr, Ba","Bi, Cd",4,a2c1c1c1
./UBEM_stable_relaxed/CONTCAR/CONTCAR_a2c1c1c1_36_Ba1Cd1Sb2Yb1_icsd_422280_Bi_Sr_Ba_Hg,-3.116187615,"Sr, Ba","Bi, Hg",4,a2c1c1c1
./UBEM_stable_relaxed/CONTCAR/CONTCAR_a2c1c1c1_36_Ba1Cd1Sb2Yb1_icsd_422280_Sb_Ca_Ba_Zn,-3.53927607,"Ca, Ba","Sb, Zn",4,a2c1c1c1
./UBEM_stable_relaxed/CONTCAR/CONTCAR_a3b4c1d1_7_Ca1Ga1Na4Sb3_icsd_291241_Bi_Sr_Ga_Na,-2.902589584,"Sr, Na","Bi, Ga",4,a3b4c1d1
./UBEM_stable_relaxed/CONTCAR/CONTCAR_a4b3c3d1_186_Al1Ca3Na3Sb4_icsd_291242_Na_Ba_Ga_Bi,-3.263640689,"Na, Ba","Ga, Bi",4,a4b3c3d1
./UBEM_stable_relaxed/CONTCAR/CONTCAR_a4b3c3d1_186_Al1Ca3Na3Sb4_icsd_291242_Na_Ba_Tl_Bi,-3.167764945,"Na, Ba","Tl, Bi",4,a4b3c3d1
./UBEM_stable_relaxed/CONTCAR/CONTCAR_a4b3c3d1_186_Al1Ca3Na3Sb4_icsd_291242_Na_Sr_Ga_Bi,-3.178518011,"Na, Sr","Ga, Bi",4,a4b3c3d1
./UBEM_stable_relaxed/CONTCAR/CONTCAR_a9b1c1c10_136_Ca10Li1Mg1Sb9_icsd_171161_Bi_Ba_Hg_K,-3.571065867,"Ba, K","Bi, Hg",4,a9b1c1c10
./UBEM_stable_relaxed/CONTCAR/CONTCAR_a9b1c1c10_136_Ca10Li1Mg1Sb9_icsd_171161_Bi_Ba_Hg_Na,-3.584260026,"Ba, Na","Bi, Hg",4,a9b1c1c10
./UBEM_stable_relaxed/CONTCAR/CONTCAR_a9b1c1c10_136_Ca10Li1Mg1Sb9_icsd_171161_Bi_Ba_Hg_Rb,-3.553046535,"Ba, Rb","Bi, Hg",4,a9b1c1c10
./UBEM_stable_relaxed/CONTCAR/CONTCAR_a9b1c1c10_136_Ca10Li1Mg1Sb9_icsd_171161_Bi_Ca_Hg_K,-3.529119236,"Ca, K","Bi, Hg",4,a9b1c1c10
./UBEM_stable_relaxed/CONTCAR/CONTCAR_a9b1c1c10_136_Ca10Li1Mg1Sb9_icsd_171161_Bi_Ca_Hg_Li,-3.585815459,"Ca, Li","Bi, Hg",4,a9b1c1c10
./UBEM_stable_relaxed/CONTCAR/CONTCAR_a9b1c1c10_136_Ca10Li1Mg1Sb9_icsd_171161_Bi_Ca_Hg_Na,-3.55053591,"Ca, Na","Bi, Hg",4,a9b1c1c10
./UBEM_stable_relaxed/CONTCAR/CONTCAR_a9b1c1c10_136_Ca10Li1Mg1Sb9_icsd_171161_Bi_Ca_Sn_Na,-3.70620647,"Ca, Na","Bi, Sn",4,a9b1c1c10
./UBEM_stable_relaxed/CONTCAR/CONTCAR_a9b1c1c10_136_Ca10Li1Mg1Sb9_icsd_171161_Bi_Sr_Hg_K,-3.434733354,"Sr, K","Bi, Hg",4,a9b1c1c10
./UBEM_stable_relaxed/CONTCAR/CONTCAR_a9b1c1c10_136_Ca10Li1Mg1Sb9_icsd_171161_Bi_Sr_Hg_Li,-3.478674257,"Sr, Li","Bi, Hg",4,a9b1c1c10
./UBEM_stable_relaxed/CONTCAR/CONTCAR_a9b1c1c10_136_Ca10Li1Mg1Sb9_icsd_171161_Bi_Sr_Hg_Na,-3.448519197,"Sr, Na","Bi, Hg",4,a9b1c1c10
./UBEM_stable_relaxed/CONTCAR/CONTCAR_a9b1c1c10_136_Ca10Li1Mg1Sb9_icsd_171161_Bi_Sr_Pb_K,-3.587952604,"Sr, K","Bi, Pb",4,a9b1c1c10
./UBEM_stable_relaxed/CONTCAR/CONTCAR_a9b1c1c10_136_Ca10Li1Mg1Sb9_icsd_171161_Bi_Sr_Pb_Na,-3.600659088,"Na, Sr","Bi, Pb",4,a9b1c1c10
./UBEM_stable_relaxed/CONTCAR/CONTCAR_a9b1c1c10_136_Ca10Li1Mg1Sb9_icsd_171161_Bi_Sr_Sn_Na,-3.608662144,"Sr, Na","Bi, Sn",4,a9b1c1c10
./UBEM_stable_relaxed/CONTCAR/CONTCAR_a1b15e1e8_63_Ge8Na15P1Sn1_icsd_417884_Cs_Ge_Pb_Bi,-2.445836444,Cs,"Bi, Ge, Pb",4,a1b15e1e8
./UBEM_stable_relaxed/CONTCAR/CONTCAR_a1b15e1e8_63_Ge8Na15P1Sn1_icsd_417884_Cs_Ge_Pb_Sb,-2.458258098,Cs,"Ge, Pb, Sb",4,a1b15e1e8
./UBEM_stable_relaxed/CONTCAR/CONTCAR_a4b3b6d1_194_Cs6Ga1K3Sb4_icsd_300150_Cs_Bi_Rb_Tl,-2.258951024,"Cs, Rb","Bi, Tl",4,a4b3b6d1
./UBEM_stable_relaxed/CONTCAR/CONTCAR_a4b3b6d1_194_Cs6Ga1K3Sb4_icsd_300150_Rb_Bi_K_Al,-2.436044657,"K, Rb","Al, Bi",4,a4b3b6d1
./UBEM_stable_relaxed/CONTCAR/CONTCAR_a4b3b6d1_194_Cs6Ga1K3Sb4_icsd_300150_Rb_Bi_K_Ga,-2.389506251,"Rb, K","Bi, Ga",4,a4b3b6d1
./UBEM_stable_relaxed/CONTCAR/CONTCAR_a4b3b6d1_194_Cs6Ga1K3Sb4_icsd_300150_Rb_Bi_K_In,-2.3781457,"Rb, K","Bi, In",4,a4b3b6d1
./UBEM_stable_relaxed/CONTCAR/CONTCAR_a2b2c1c1_26_Ba1Cd1K2Sb2_icsd_422272_As_Na_Ca_Hg,-2.979465045,"Na, Ca","As, Hg",4,a2b2c1c1
./UBEM_stable_relaxed/CONTCAR/CONTCAR_a2b2c1c1_26_Ba1Cd1K2Sb2_icsd_422272_Bi_K_Ba_Hg,-2.614674266,"K, Ba","Bi, Hg",4,a2b2c1c1
./UBEM_stable_relaxed/CONTCAR/CONTCAR_a2b2c1c1_26_Ba1Cd1K2Sb2_icsd_422272_Bi_K_Sr_Hg,-2.5508816,"K, Sr","Bi, Hg",4,a2b2c1c1
./UBEM_stable_relaxed/CONTCAR/CONTCAR_a2b2c1c1_26_Ba1Cd1K2Sb2_icsd_422272_Bi_Na_Ca_Zn,-2.799673968,"Na, Ca","Bi, Zn",4,a2b2c1c1
./UBEM_stable_relaxed/CONTCAR/CONTCAR_a2b2c1c1_26_Ba1Cd1K2Sb2_icsd_422272_Bi_Na_Sr_Hg,-2.604502576,"Na, Sr","Bi, Hg",4,a2b2c1c1
./UBEM_stable_relaxed/CONTCAR/CONTCAR_a2b2c1c1_26_Ba1Cd1K2Sb2_icsd_422272_Bi_Na_Sr_Zn,-2.763955678,"Na, Sr","Bi, Zn",4,a2b2c1c1
./UBEM_stable_relaxed/CONTCAR/CONTCAR_a3b1c2c2_62_Ba2Cd2K1Sb3_icsd_420620_Bi_Cs_Ba_Cd,-2.938266843,"Cs, Ba","Bi, Cd",4,a3b1c2c2
./UBEM_stable_relaxed/CONTCAR/CONTCAR_a3b1c2c2_62_Ba2Cd2K1Sb3_icsd_420620_Bi_Cs_Ba_Mg,-3.165569271,"Cs, Ba, Mg",Bi,4,a3b1c2c2
./UBEM_stable_relaxed/CONTCAR/CONTCAR_a3b1c2c2_62_Ba2Cd2K1Sb3_icsd_420620_Bi_K_Ba_Cd,-2.977074765,"K, Ba","Bi, Cd",4,a3b1c2c2
./UBEM_stable_relaxed/CONTCAR/CONTCAR_a3b1c2c2_62_Ba2Cd2K1Sb3_icsd_420620_Bi_K_Ba_Hg,-2.796674111,"Ba, K","Bi, Hg",4,a3b1c2c2
./UBEM_stable_relaxed/CONTCAR/CONTCAR_a3b1c2c2_62_Ba2Cd2K1Sb3_icsd_420620_Bi_K_Sr_Cd,-2.894980798,"K, Sr","Bi, Cd",4,a3b1c2c2
./UBEM_stable_relaxed/CONTCAR/CONTCAR_a3b1c2c2_62_Ba2Cd2K1Sb3_icsd_420620_Bi_K_Sr_Hg,-2.706669066,"K, Sr","Bi, Hg",4,a3b1c2c2
./UBEM_stable_relaxed/CONTCAR/CONTCAR_a3b1c2c2_62_Ba2Cd2K1Sb3_icsd_420620_Bi_K_Sr_Mg,-3.124766974,"K, Sr, Mg",Bi,4,a3b1c2c2
./UBEM_stable_relaxed/CONTCAR/CONTCAR_a3b1c2c2_62_Ba2Cd2K1Sb3_icsd_420620_Bi_K_Sr_Zn,-2.940949366,"K, Sr","Bi, Zn",4,a3b1c2c2
./UBEM_stable_relaxed/CONTCAR/CONTCAR_a3b1c2c2_62_Ba2Cd2K1Sb3_icsd_420620_Bi_Na_Ba_Cd,-2.962564107,"Ba, Na","Bi, Cd",4,a3b1c2c2
./UBEM_stable_relaxed/CONTCAR/CONTCAR_a3b1c2c2_62_Ba2Cd2K1Sb3_icsd_420620_Bi_Na_Ca_Zn,-2.993774161,"Ca, Na","Bi, Zn",4,a3b1c2c2
./UBEM_stable_relaxed/CONTCAR/CONTCAR_a3b1c2c2_62_Ba2Cd2K1Sb3_icsd_420620_Bi_Na_Sr_Cd,-2.883763138,"Na, Sr","Bi, Cd",4,a3b1c2c2
./UBEM_stable_relaxed/CONTCAR/CONTCAR_a3b1c2c2_62_Ba2Cd2K1Sb3_icsd_420620_Bi_Na_Sr_Hg,-2.697133494,"Na, Sr","Bi, Hg",4,a3b1c2c2
./UBEM_stable_relaxed/CONTCAR/CONTCAR_a3b1c2c2_62_Ba2Cd2K1Sb3_icsd_420620_Bi_Na_Sr_Zn,-2.940695313,"Na, Sr","Bi, Zn",4,a3b1c2c2
./UBEM_stable_relaxed/CONTCAR/CONTCAR_a3b1c2c2_62_Ba2Cd2K1Sb3_icsd_420620_Bi_Rb_Ba_Cd,-2.954770373,"Ba, Rb","Bi, Cd",4,a3b1c2c2
./UBEM_stable_relaxed/CONTCAR/CONTCAR_a3b1c2c2_62_Ba2Cd2K1Sb3_icsd_420620_Bi_Rb_Ba_Hg,-2.775162076,"Rb, Ba","Bi, Hg",4,a3b1c2c2
./UBEM_stable_relaxed/CONTCAR/CONTCAR_a3b1c2c2_62_Ba2Cd2K1Sb3_icsd_420620_Bi_Rb_Ba_Mg,-3.164981233,"Rb, Ba, Mg",Bi,4,a3b1c2c2
./UBEM_stable_relaxed/CONTCAR/CONTCAR_a3b1c2c2_62_Ba2Cd2K1Sb3_icsd_420620_Bi_Rb_Sr_Cd,-2.869834051,"Rb, Sr","Bi, Cd",4,a3b1c2c2
./UBEM_stable_relaxed/CONTCAR/CONTCAR_a3b1c2c2_62_Ba2Cd2K1Sb3_icsd_420620_Bi_Rb_Sr_Hg,-2.682035106,"Rb, Sr","Bi, Hg",4,a3b1c2c2
./UBEM_stable_relaxed/CONTCAR/CONTCAR_a3b1c2c2_62_Ba2Cd2K1Sb3_icsd_420620_Bi_Rb_Sr_Mg,-3.101047678,"Mg, Rb, Sr",Bi,4,a3b1c2c2
./UBEM_stable_relaxed/CONTCAR/CONTCAR_a3b1c2c2_62_Ba2Cd2K1Sb3_icsd_420620_Bi_Rb_Sr_Zn,-2.911137366,"Rb, Sr","Bi, Zn",4,a3b1c2c2
./UBEM_stable_relaxed/CONTCAR/CONTCAR_a3b1c2c2_62_Ba2Cd2K1Sb3_icsd_420620_Sb_Na_Ba_Hg,-2.879079667,"Ba, Na","Hg, Sb",4,a3b1c2c2
./UBEM_stable_relaxed/CONTCAR/CONTCAR_a3b1c2c2_62_Ba2Cd2K1Sb3_icsd_420620_Sb_Na_Sr_Hg,-2.806176891,"Na, Sr","Hg, Sb",4,a3b1c2c2